# Blender 5.1.1
# www.blender.org
mtllib wranglerman.mtl
o tmpnb_qtv19.001
v -0.176587 1.202719 0.918108
v -0.181280 1.207876 0.942478
v -0.070801 1.620582 0.645119
v -0.111870 1.449188 0.804705
v -0.148732 1.318878 0.860743
v -0.150018 1.340830 0.880847
v -0.069662 1.634163 0.675424
v -0.121708 1.478961 0.752801
v -0.101098 1.507992 0.753056
v -0.067774 1.656521 0.615090
v -0.097924 1.646009 0.606866
v -0.078482 1.710834 0.624647
v -0.097098 1.617887 0.628923
v -0.056087 1.682145 0.592631
v -0.058189 1.752105 0.579792
v 0.197470 0.594232 0.501925
v 0.187395 0.648995 0.507033
v 0.200078 0.674237 0.506710
v -0.061950 1.657746 0.599114
v -0.065479 1.703097 0.566864
v -0.084911 1.701860 0.567439
v -0.042505 1.623063 0.562390
v 0.185958 0.547370 0.481664
v 0.177851 0.588142 0.484222
v 0.171969 0.693726 0.492904
v 0.179302 0.762702 0.482772
v 0.192796 0.758877 0.481721
v 0.202888 0.563861 0.482767
v 0.225263 0.650475 0.490037
v 0.215066 0.693529 0.488253
v 0.217366 0.586732 0.486519
v -0.068453 1.623789 0.576954
v -0.091124 1.676751 0.574817
v -0.083565 1.684121 0.558945
v -0.048725 1.609314 0.577252
v -0.058515 1.719494 0.577288
v 0.172755 0.536911 0.472062
v 0.140652 0.664250 0.460819
v 0.177782 0.798136 0.468113
v -0.081996 1.627749 0.540112
v -0.072993 1.560372 0.554867
v -0.059103 1.504256 0.515853
v -0.055947 1.602095 0.527368
v 0.139283 0.527462 0.440088
v 0.134031 0.741302 0.436442
v 0.156682 0.786500 0.455269
v 0.162954 0.498037 0.451475
v 0.156041 0.580098 0.448476
v 0.154706 0.828948 0.448508
v 0.174327 0.827332 0.451601
v 0.193939 0.529499 0.454457
v 0.221340 0.576933 0.446564
v 0.205485 0.786938 0.450010
v 0.234610 0.653296 0.453650
v 0.216859 0.732758 0.450404
v -0.042944 0.034905 0.435060
v -0.031430 0.018548 0.429279
v 0.001124 0.072868 0.468626
v -0.088968 1.580395 0.522957
v -0.104282 1.439926 0.498938
v -0.086147 1.427839 0.493521
v 0.128998 0.470774 0.433513
v 0.137408 0.888678 0.434381
v 0.149477 0.467608 0.432327
v 0.147234 0.501690 0.445570
v 0.165807 0.482311 0.424773
v 0.187965 0.845921 0.428940
v 0.242711 0.748925 0.423403
v -0.061940 0.009145 0.410792
v -0.028889 0.064420 0.435972
v 0.265492 0.641392 0.432489
v 0.001884 0.085909 0.463074
v 0.004452 0.142919 0.463510
v -0.134570 1.453140 0.446342
v -0.084572 1.473122 0.456798
v -0.077492 1.417629 0.440705
v -0.079367 1.347847 0.401535
v -0.012990 0.234796 0.417396
v -0.016844 0.256460 0.415646
v -0.013491 0.277022 0.418228
v -0.007770 0.292402 0.411093
v 0.014036 0.261862 0.429940
v -0.003789 0.277263 0.422570
v 0.019764 0.237063 0.414607
v 0.036576 0.251264 0.420327
v 0.050038 0.283558 0.420119
v 0.050809 0.309289 0.417967
v 0.105127 0.904543 0.421005
v 0.122853 0.435634 0.419734
v 0.130627 0.857844 0.429298
v 0.120988 0.634633 0.393223
v 0.154092 0.922042 0.415938
v 0.121113 0.697006 0.414687
v 0.127912 0.789102 0.414634
v 0.191229 0.520153 0.420127
v 0.190216 0.879231 0.415295
v 0.224235 0.556903 0.420397
v 0.225276 0.798744 0.418407
v -0.086102 0.002940 0.376568
v -0.081863 0.026157 0.384886
v 0.267044 0.611959 0.419398
v 0.261482 0.694692 0.419061
v -0.043823 -0.002385 0.384800
v -0.002746 0.107252 0.441517
v 0.006498 0.194719 0.448744
v 0.017648 0.076230 0.436349
v 0.021386 0.135989 0.454029
v -0.120173 1.396405 0.449212
v -0.119625 1.469793 0.437894
v -0.095552 1.327584 0.395218
v -0.076425 1.362404 0.384824
v -0.015838 0.278098 0.408491
v 0.035544 0.256947 0.406763
v 0.027681 0.332797 0.407932
v 0.037265 1.017506 0.403123
v 0.058909 0.327652 0.377645
v 0.064061 0.425027 0.402719
v 0.050900 0.953451 0.406272
v 0.067392 0.334137 0.402326
v 0.075554 0.362110 0.408686
v 0.084995 0.988374 0.405656
v 0.068314 1.036624 0.399750
v 0.102259 0.428917 0.413755
v 0.086865 0.473023 0.399907
v 0.109350 0.929435 0.418104
v 0.096269 0.389598 0.401673
v 0.113879 0.486385 0.420732
v 0.086434 0.839020 0.393615
v 0.141955 0.457290 0.408942
v 0.141487 0.962168 0.403149
v 0.206222 0.840034 0.394676
v -0.070460 0.012412 0.370609
v 0.246627 0.768741 0.389713
v -0.030116 0.047327 0.406365
v 0.001538 0.086290 0.424281
v 0.006683 0.218727 0.431765
v 0.280576 0.643474 0.388691
v 0.263861 0.713301 0.393142
v 0.024258 0.139506 0.432187
v -0.146510 1.333614 0.389632
v -0.146256 1.398779 0.404105
v -0.099231 1.425837 0.410881
v -0.006906 0.257626 0.395215
v -0.018482 0.279644 0.392104
v 0.019368 1.040954 0.393618
v 0.008875 1.110414 0.384125
v 0.060450 1.073611 0.388639
v 0.113969 0.524785 0.383229
v 0.088434 0.800778 0.395604
v 0.119325 0.430540 0.390280
v 0.105072 0.775019 0.399078
v 0.135156 0.993892 0.388662
v 0.143279 0.478330 0.385015
v 0.134152 0.565414 0.386212
v 0.135996 0.590996 0.387880
v 0.165685 0.522656 0.386656
v 0.206211 0.888849 0.393754
v 0.206261 0.961513 0.377006
v 0.211229 0.547938 0.381942
v 0.230847 0.810005 0.391458
v 0.237432 0.568106 0.389096
v -0.007771 0.219735 0.418909
v -0.011071 0.267598 0.424617
v 0.260384 0.596535 0.391957
v 0.003814 0.138188 0.420924
v 0.004924 0.268687 0.420886
v 0.016012 0.133783 0.422965
v 0.027039 0.166850 0.414809
v -0.188396 1.376866 0.359113
v -0.177433 1.403211 0.357563
v -0.134125 1.295261 0.369241
v -0.151127 1.402384 0.355639
v -0.099800 1.286811 0.354002
v -0.079941 1.325420 0.373894
v -0.070269 1.059394 0.365487
v -0.032222 0.285273 0.367494
v -0.030642 0.305441 0.364653
v -0.010736 0.993407 0.376650
v -0.026020 1.075232 0.376600
v -0.023024 1.175852 0.368106
v -0.020164 0.280154 0.376018
v -0.005795 0.343782 0.374902
v -0.002892 0.280565 0.372863
v 0.030683 0.294254 0.378920
v 0.004009 0.367446 0.365913
v 0.005800 1.161295 0.368775
v 0.011776 0.270688 0.383554
v 0.011666 0.281254 0.377608
v 0.023815 0.406927 0.378182
v 0.053395 0.882570 0.391678
v 0.054056 0.451811 0.368306
v 0.075073 0.476688 0.368870
v 0.073251 1.116457 0.360018
v 0.092416 0.389831 0.370115
v 0.070142 0.810150 0.375607
v 0.103811 0.501885 0.368757
v 0.111951 1.097647 0.359691
v 0.118690 0.615596 0.373846
v 0.131264 0.513537 0.369135
v 0.171752 1.030151 0.363523
v 0.157973 0.575759 0.370101
v 0.135808 0.596707 0.366322
v 0.184010 0.542618 0.382017
v 0.180961 0.566750 0.368933
v 0.237990 0.925963 0.362610
v 0.258729 0.845439 0.362896
v 0.254622 0.871765 0.363805
v -0.009625 0.198029 0.396646
v 0.269937 0.794487 0.368027
v 0.009169 0.151241 0.401179
v 0.279302 0.589886 0.366418
v 0.008240 0.280820 0.402651
v 0.293819 0.638057 0.371008
v -0.191198 1.336471 0.361747
v -0.144197 1.275327 0.352504
v -0.102120 1.044882 0.360659
v -0.119665 1.371477 0.348894
v -0.089465 1.346213 0.358264
v -0.065452 1.246342 0.352592
v -0.063039 1.296368 0.340399
v -0.063502 1.322303 0.351380
v -0.050261 1.227317 0.353512
v -0.020071 0.283528 0.362103
v -0.027998 0.297485 0.349230
v -0.005721 0.344184 0.353912
v -0.010183 1.242426 0.347186
v -0.007546 0.285274 0.365411
v 0.013649 0.945312 0.383988
v 0.005890 0.305281 0.351935
v 0.020961 0.412549 0.359890
v 0.026389 1.185528 0.348519
v 0.037086 0.832062 0.353313
v 0.056089 0.358337 0.351784
v 0.087409 0.641989 0.352734
v 0.082570 0.722667 0.390304
v 0.086117 0.755401 0.393546
v 0.092934 0.412388 0.352461
v 0.112932 0.461944 0.355509
v 0.187837 1.058921 0.345675
v 0.199601 0.547534 0.350907
v 0.219391 0.997526 0.353602
v 0.230104 0.547849 0.350399
v 0.259202 0.550393 0.330797
v 0.003231 0.192322 0.386466
v 0.024608 0.183048 0.396988
v 0.015153 0.228150 0.381656
v 0.025378 0.211819 0.401662
v 0.297994 0.728537 0.356851
v 0.298582 0.601833 0.343847
v -0.189187 1.306700 0.345929
v -0.188407 1.388139 0.337551
v -0.136860 1.049662 0.355553
v -0.067298 1.117826 0.354055
v -0.076318 1.154037 0.348840
v -0.095110 1.256107 0.342452
v -0.104515 1.337248 0.334743
v -0.096972 0.995136 0.348830
v -0.082745 1.211977 0.326797
v -0.053927 1.293674 0.325852
v -0.063163 1.319025 0.326741
v -0.038648 0.963784 0.351277
v -0.033404 1.257401 0.339965
v -0.018429 0.893355 0.358869
v 0.029549 0.351503 0.345228
v 0.025656 0.413288 0.350295
v 0.044504 1.217489 0.321092
v 0.064171 0.408290 0.343239
v 0.053157 0.738621 0.357952
v 0.077860 0.452406 0.348561
v 0.110769 1.151919 0.325404
v 0.117418 0.599247 0.352232
v 0.126074 1.119022 0.333525
v 0.138500 0.568834 0.341280
v 0.178990 1.099403 0.321606
v 0.183630 0.569239 0.351832
v 0.216315 1.062653 0.325500
v 0.262021 0.996536 0.308239
v -0.011268 0.252456 0.373542
v 0.003918 0.245214 0.369334
v 0.299662 0.825312 0.309810
v 0.309580 0.626017 0.337381
v -0.213953 1.329096 0.317478
v -0.180103 1.076230 0.330173
v -0.156256 1.118278 0.318121
v -0.166405 1.384128 0.314024
v -0.142440 1.161867 0.319795
v -0.136111 1.006129 0.344521
v -0.125046 1.249871 0.329550
v -0.122238 1.359413 0.316299
v -0.107536 1.223912 0.316425
v -0.014748 0.840878 0.339953
v 0.005204 0.847786 0.346916
v 0.017424 0.748692 0.333199
v 0.021678 0.779915 0.339220
v 0.046441 0.715675 0.329115
v 0.066340 0.653704 0.326237
v 0.083010 0.584169 0.328129
v 0.114990 0.528655 0.312827
v 0.247055 1.052696 0.299287
v 0.282604 0.934531 0.304530
v -0.227312 1.351497 0.298266
v -0.225144 1.379854 0.299562
v -0.202145 1.399806 0.305436
v -0.209513 1.081762 0.321971
v -0.213226 1.138058 0.317304
v -0.194653 1.189420 0.306677
v -0.178261 1.016141 0.329597
v -0.188598 1.055091 0.320661
v -0.143574 1.232035 0.306982
v -0.163722 1.263007 0.300128
v -0.100412 0.957832 0.337345
v -0.072366 1.333124 0.299008
v -0.068000 0.842481 0.324737
v -0.040237 0.770459 0.303535
v -0.043284 0.929840 0.349140
v -0.021583 0.722155 0.310526
v -0.005164 1.280733 0.300006
v -0.008270 0.703430 0.304849
v 0.023061 0.633395 0.293369
v 0.026780 0.682188 0.294300
v 0.033962 0.685176 0.312089
v 0.030283 1.267577 0.281675
v 0.059821 0.577614 0.310115
v 0.074914 0.528099 0.304742
v 0.112116 1.195906 0.290763
v 0.147583 0.532445 0.314728
v 0.184361 0.509406 0.293735
v 0.211070 1.093392 0.295652
v 0.298835 0.556838 0.274587
v 0.290988 0.885115 0.309013
v 0.326107 0.622184 0.310639
v 0.328491 0.700958 0.294046
v -0.238232 1.101487 0.303257
v -0.273213 1.146006 0.290097
v -0.225623 1.405767 0.281011
v -0.233334 1.194391 0.284023
v -0.226759 1.069239 0.299017
v -0.209631 1.280864 0.276320
v -0.187992 1.255826 0.292836
v -0.198115 1.289871 0.293374
v -0.178216 0.958337 0.323310
v -0.160059 1.382829 0.288801
v -0.110130 0.845152 0.308202
v -0.149532 0.910089 0.317347
v -0.128711 0.773927 0.275073
v -0.079617 0.777564 0.281606
v -0.104292 0.906061 0.327583
v -0.032643 0.724969 0.279365
v -0.037524 1.313936 0.279944
v 0.033455 0.676073 0.252625
v 0.035468 0.650291 0.254051
v 0.029221 0.552921 0.299937
v 0.024612 0.533315 0.286032
v 0.076522 1.250695 0.262756
v 0.130340 0.505816 0.287388
v 0.147777 1.155787 0.292647
v 0.178179 1.152685 0.273424
v 0.248884 0.519277 0.273740
v 0.276839 1.019622 0.266475
v 0.308999 0.776839 0.299684
v -0.239273 1.037108 0.300821
v -0.236699 0.958025 0.293754
v -0.238382 1.413537 0.248061
v -0.210209 1.332832 0.267179
v -0.209660 1.417347 0.271812
v -0.184289 0.760262 0.261063
v -0.191690 0.841430 0.275166
v -0.228625 1.076053 0.268396
v -0.172942 0.746383 0.252750
v -0.138265 0.873481 0.308985
v -0.142854 0.751434 0.257112
v -0.090264 0.731489 0.224503
v -0.091312 0.740131 0.268656
v -0.006928 0.716008 0.225571
v -0.072521 0.710984 0.242366
v -0.049057 0.698039 0.266644
v -0.063568 1.359591 0.256295
v 0.007623 0.676088 0.229178
v 0.001301 0.692904 0.244366
v -0.029405 0.618368 0.260671
v 0.003879 0.650130 0.232593
v -0.006793 0.560669 0.270335
v 0.002723 0.615017 0.273859
v 0.051475 0.514121 0.268876
v 0.091842 0.501833 0.289733
v 0.110095 0.467533 0.271269
v 0.127545 1.223670 0.257785
v 0.151082 0.490558 0.274643
v 0.256058 1.087583 0.247069
v 0.293700 0.945898 0.272644
v 0.308106 0.852870 0.277634
v 0.335999 0.620657 0.274553
v -0.270137 0.988441 0.282324
v -0.244748 1.175350 0.295885
v -0.250611 1.058756 0.290910
v -0.243145 1.096770 0.293729
v -0.216060 0.784525 0.243214
v -0.205101 1.229089 0.297188
v -0.190026 0.750122 0.219489
v -0.204498 0.882781 0.294179
v -0.220260 1.090065 0.294355
v -0.230971 1.434342 0.250303
v -0.119642 0.758608 0.190861
v -0.207108 0.947285 0.304151
v -0.190095 1.416965 0.251411
v -0.116358 0.741558 0.210312
v -0.049739 0.746935 0.170732
v 0.029683 0.730646 0.153297
v -0.121381 1.390491 0.250986
v -0.059195 0.740160 0.205031
v -0.068572 0.608423 0.225503
v -0.016540 0.609300 0.214236
v 0.018359 0.696764 0.220544
v 0.026130 0.627347 0.211449
v -0.002284 0.629169 0.219959
v -0.008579 1.350061 0.230962
v 0.025941 0.516388 0.261024
v 0.057676 0.468717 0.244511
v 0.145183 0.461371 0.247280
v 0.181220 0.469281 0.250359
v 0.182864 1.195725 0.239842
v 0.214879 1.164431 0.228956
v 0.322645 0.910612 0.244487
v 0.331388 0.752160 0.277868
v -0.315516 1.014714 0.260625
v -0.286820 1.053086 0.268568
v -0.296198 0.957342 0.274602
v -0.296331 1.116377 0.266711
v -0.217116 0.767974 0.220794
v -0.258655 0.791296 0.229769
v -0.260318 1.209287 0.266832
v -0.264173 1.262849 0.241248
v -0.126738 0.766311 0.166825
v -0.260987 0.843360 0.253101
v -0.282259 0.923816 0.277277
v -0.243466 1.460433 0.228808
v -0.226527 1.348383 0.245964
v -0.224877 1.449610 0.235491
v 0.034901 0.722374 0.114807
v -0.097554 0.742874 0.151397
v -0.039787 0.742860 0.146067
v -0.095674 0.738600 0.174230
v -0.131201 1.417275 0.221137
v -0.062755 0.586454 0.192522
v 0.016798 0.579719 0.159248
v -0.121323 0.598703 0.209390
v 0.006632 0.579881 0.179699
v -0.117007 0.604622 0.216784
v -0.095052 0.607933 0.219885
v -0.016786 0.587803 0.196486
v -0.087356 0.568844 0.233007
v -0.058100 0.612305 0.240837
v -0.067194 1.424792 0.184215
v -0.057533 0.560223 0.245468
v -0.025590 0.498003 0.222001
v 0.001216 0.528721 0.251461
v 0.028187 0.471027 0.235944
v 0.059062 1.295165 0.240715
v 0.106058 1.262272 0.235137
v 0.217351 0.482835 0.241130
v 0.243300 1.139348 0.223825
v 0.265634 0.507823 0.246485
v 0.312796 1.005635 0.220763
v 0.301465 0.524102 0.236635
v 0.314655 0.972767 0.238799
v 0.326645 0.552930 0.230033
v 0.328238 0.839518 0.251500
v 0.317690 0.790878 0.282398
v 0.350308 0.626169 0.252827
v 0.345128 0.679753 0.265476
v 0.335258 0.716462 0.271599
v 0.326018 0.816317 0.268859
v -0.342944 1.047351 0.232560
v -0.338241 1.060465 0.227262
v -0.342117 1.079489 0.227346
v -0.338447 1.090977 0.224877
v -0.207997 0.761019 0.179336
v -0.326996 1.164021 0.244206
v -0.323713 1.183252 0.247488
v -0.294910 1.221080 0.240536
v -0.134794 0.767295 0.156341
v -0.175171 0.756187 0.171765
v -0.250577 1.287188 0.250963
v -0.031593 0.736769 0.126002
v -0.238049 1.385678 0.225044
v -0.006341 0.565104 0.159755
v -0.174140 1.443797 0.203530
v -0.128877 0.575053 0.212432
v -0.039721 1.396419 0.195279
v 0.047337 1.323543 0.217954
v 0.078534 0.443516 0.225347
v 0.122429 0.437271 0.225567
v 0.144997 1.248441 0.203485
v 0.291778 1.048882 0.224784
v -0.267164 0.781890 0.165792
v -0.299227 0.792606 0.179595
v -0.295179 0.805046 0.211573
v -0.337590 1.095435 0.219204
v -0.323093 1.126099 0.229744
v -0.360410 0.872471 0.225812
v -0.331625 1.146953 0.223331
v -0.283489 1.256166 0.211535
v -0.109317 0.748491 0.147247
v -0.309346 0.894219 0.257912
v -0.255761 1.477371 0.206780
v 0.034996 0.715141 0.110759
v -0.253743 1.404119 0.202025
v -0.259161 1.444711 0.200323
v -0.248806 1.492429 0.198174
v -0.033644 0.559188 0.146130
v -0.222588 1.471960 0.198965
v -0.123912 0.571323 0.153102
v -0.111941 0.584206 0.179830
v -0.142410 0.578486 0.188997
v -0.132758 0.561494 0.203342
v -0.032041 0.464184 0.203059
v 0.002793 0.467109 0.213555
v 0.023762 1.369241 0.173858
v 0.096214 1.293450 0.204245
v 0.153862 0.436681 0.203716
v 0.183350 1.218469 0.203954
v 0.208178 0.470170 0.206518
v 0.286630 0.495112 0.204600
v 0.285024 1.097014 0.186158
v 0.363821 0.627533 0.208437
v 0.345385 0.694490 0.242365
v 0.320984 0.776885 0.267686
v -0.361778 0.950210 0.230276
v -0.356039 1.018978 0.228759
v -0.352216 1.035645 0.225977
v -0.345784 0.979322 0.246357
v -0.339492 1.035406 0.227308
v -0.339823 1.101913 0.219979
v -0.202425 0.756455 0.152669
v -0.235879 0.769102 0.144430
v -0.320692 0.822154 0.209090
v -0.291939 1.332253 0.195906
v 0.027017 0.713145 0.108827
v -0.280046 1.446822 0.175626
v -0.039257 0.550449 0.130748
v -0.180865 0.555808 0.182075
v -0.140476 1.467998 0.170325
v -0.088424 0.523033 0.200604
v -0.094491 1.443281 0.170775
v -0.007225 1.402235 0.168885
v 0.060771 1.352966 0.176181
v 0.069911 0.416316 0.185193
v 0.116564 0.416702 0.179675
v 0.121439 1.317265 0.172929
v 0.150654 1.277009 0.175143
v 0.196858 0.444078 0.173880
v 0.319204 1.044470 0.176864
v 0.356386 0.961316 0.174683
v -0.433023 0.961182 0.201471
v -0.401888 0.994727 0.215915
v -0.396114 0.865731 0.188051
v -0.416302 0.935296 0.196659
v -0.373510 1.006657 0.222977
v -0.362550 1.018455 0.227154
v -0.356135 1.157857 0.226556
v -0.367542 1.192157 0.212896
v -0.329328 1.247968 0.188647
v -0.327385 1.281520 0.169157
v -0.035164 0.740089 0.121314
v -0.281232 1.390764 0.186051
v -0.075192 0.546846 0.120532
v -0.258658 1.517401 0.174018
v -0.157438 0.564331 0.147777
v -0.230915 1.512634 0.145513
v -0.209830 0.548005 0.156188
v -0.203148 0.538199 0.166226
v -0.134260 0.498617 0.172220
v -0.060436 0.464251 0.183732
v -0.023586 0.433537 0.168902
v 0.063375 0.402629 0.173823
v 0.185023 1.255872 0.169864
v 0.248981 0.465416 0.179265
v 0.215981 1.214357 0.168742
v 0.257758 1.173959 0.159178
v 0.305372 0.483685 0.176031
v 0.323910 0.503171 0.176982
v 0.360665 0.584689 0.187644
v 0.351322 0.907122 0.190191
v 0.339759 0.840584 0.226255
v 0.321340 0.770908 0.263002
v -0.437907 0.988272 0.185086
v -0.410255 1.005619 0.203670
v -0.374382 1.127228 0.198726
v -0.395148 1.183565 0.173066
v -0.379015 1.232218 0.145137
v -0.134150 0.762945 0.144834
v -0.342111 0.785829 0.114352
v -0.330066 1.345767 0.161862
v -0.114175 0.530373 0.104086
v -0.279109 1.512773 0.158376
v -0.188863 0.544949 0.130354
v -0.111803 0.471143 0.148537
v -0.054572 0.428024 0.141226
v -0.057242 1.451236 0.131415
v 0.069043 1.364150 0.134656
v 0.086195 0.407296 0.149992
v 0.117659 1.339485 0.134906
v 0.144570 0.420606 0.140749
v 0.260960 0.455231 0.144728
v 0.350382 0.533203 0.148655
v 0.373978 0.635125 0.165330
v 0.354103 0.697545 0.207534
v -0.441043 0.997414 0.177795
v -0.434246 0.924764 0.169069
v -0.387311 1.126529 0.182833
v -0.256463 0.777177 0.127348
v -0.340350 0.798937 0.146443
v -0.336366 1.396343 0.138659
v 0.039189 0.712655 0.095908
v -0.277061 1.542096 0.117046
v -0.241792 0.539703 0.134285
v -0.258200 1.537437 0.139205
v -0.244533 0.533693 0.148139
v -0.246883 0.510454 0.136415
v -0.198870 0.498207 0.124689
v -0.130439 1.497811 0.119177
v -0.083796 0.433700 0.131479
v 0.008240 0.403605 0.142980
v 0.020419 1.409264 0.117461
v 0.028350 1.383139 0.144110
v 0.058872 0.392465 0.131141
v 0.158687 1.291393 0.139907
v 0.198168 1.260422 0.128977
v 0.288621 1.131403 0.118149
v 0.301755 1.084306 0.144800
v 0.367448 0.589673 0.154996
v 0.372485 0.959091 0.122153
v 0.331415 0.817457 0.217507
v 0.373667 0.909035 0.115727
v -0.484706 0.966545 0.142328
v -0.472212 0.990176 0.147007
v -0.447457 0.991290 0.174755
v -0.452362 0.946850 0.173567
v -0.437141 0.868527 0.120544
v -0.425393 0.903589 0.160411
v -0.406182 1.129900 0.156873
v -0.399830 1.203420 0.137842
v -0.366998 1.301378 0.133441
v -0.090778 0.751457 0.088150
v -0.154375 0.770602 0.118857
v 0.050335 0.712914 0.083605
v -0.026662 0.725754 0.097904
v -0.413269 0.860783 0.160526
v -0.130202 0.518339 0.089709
v -0.301547 1.485773 0.132486
v -0.280769 0.532057 0.113499
v -0.071779 1.495394 0.068016
v -0.004058 1.432015 0.113309
v 0.054744 1.400882 0.108951
v 0.114783 0.404476 0.123633
v 0.182932 0.409335 0.094523
v 0.280690 0.434606 0.092977
v 0.229626 1.236554 0.108263
v 0.260147 1.197726 0.104145
v 0.332010 0.489215 0.118402
v 0.327303 1.052081 0.116893
v 0.349877 1.005583 0.124584
v 0.343643 0.807109 0.193281
v -0.484207 0.925513 0.088871
v -0.455894 1.005871 0.134389
v -0.479694 0.886669 0.072039
v -0.428558 1.136339 0.111059
v -0.409754 1.201050 0.113468
v -0.375011 1.315745 0.111100
v -0.218173 0.756679 0.072563
v -0.317453 0.773068 0.087921
v 0.018339 0.725310 0.008001
v -0.420108 0.835046 0.107306
v -0.342368 1.416254 0.108852
v -0.245234 0.519677 0.083929
v -0.320360 1.466775 0.109498
v -0.297681 1.509146 0.103881
v -0.277537 0.519657 0.119363
v -0.169178 0.454124 0.092343
v 0.030392 0.396701 0.104618
v 0.085226 1.374636 0.106056
v 0.135075 1.347584 0.105501
v 0.182688 1.299925 0.107389
v 0.240008 0.414743 0.048990
v 0.282032 1.164312 0.072056
v 0.298520 0.450662 0.103182
v 0.375041 0.549470 0.120717
v 0.385781 0.583145 0.109176
v 0.400715 0.616731 0.074563
v 0.379365 0.692138 0.141331
v -0.461425 1.015735 0.096602
v -0.402159 1.239612 0.112035
v -0.376535 1.306541 0.073837
v -0.158667 0.761377 0.026684
v -0.016183 0.718167 -0.016404
v -0.241538 1.540477 0.080773
v -0.213830 0.479151 0.086399
v -0.032048 1.462595 0.077091
v 0.064139 0.398680 0.089024
v 0.097554 1.380739 0.074072
v 0.117008 0.402601 0.103280
v 0.370232 0.845772 0.131848
v -0.463264 1.028259 0.087652
v -0.440031 1.082315 0.074387
v -0.426241 1.140012 0.106012
v -0.398782 1.265350 0.068513
v -0.010723 0.721376 -0.039374
v -0.352882 0.790192 0.073153
v -0.357833 1.361372 0.081088
v -0.343595 1.399580 0.067648
v -0.308039 1.475425 0.058966
v -0.305230 0.520938 0.077235
v -0.310487 0.515541 0.079047
v -0.253544 1.532864 0.056562
v -0.261447 0.482274 0.066348
v -0.188598 1.534640 0.051058
v -0.116356 1.511514 0.072671
v -0.131542 0.429353 0.078949
v 0.025334 1.422922 0.075214
v 0.045228 1.431370 0.053232
v 0.174795 1.332814 0.046822
v 0.208122 1.281120 0.041629
v 0.306839 1.122416 0.041416
v 0.327074 0.465919 0.066923
v 0.371876 0.977294 0.055648
v 0.400102 0.684523 0.084385
v 0.373321 0.729092 0.128171
v -0.495075 0.935164 0.065296
v -0.492613 0.988969 0.031185
v -0.454371 1.031778 0.079706
v -0.443462 1.049259 0.075370
v -0.421912 0.829332 0.070929
v -0.432031 1.124702 0.086932
v -0.443080 0.816436 -0.167762
v -0.435723 1.127725 0.093079
v -0.015711 0.730303 -0.093140
v -0.160695 0.758219 -0.033079
v -0.250315 0.761840 0.026552
v 0.022890 0.737508 -0.072503
v -0.325264 1.382864 0.018268
v -0.278691 0.504658 0.045318
v -0.206050 0.422339 0.045691
v -0.068882 0.408004 0.026700
v -0.018174 0.399674 0.078330
v -0.003112 1.468425 0.044036
v 0.049522 0.382501 0.053344
v 0.076808 0.401804 0.070470
v 0.097862 0.382563 0.051704
v 0.079097 1.406907 0.056520
v 0.114518 1.397826 0.045514
v 0.138978 0.383688 0.048236
v 0.147511 1.352379 0.057571
v 0.147665 0.401593 0.071972
v 0.210208 0.401993 0.030291
v 0.331638 1.067842 0.046906
v 0.361036 0.516291 0.031096
v 0.390363 0.559795 -0.000707
v 0.390161 0.821162 0.071255
v -0.451210 1.063001 0.073831
v -0.486211 1.096319 0.027915
v -0.446013 1.084581 0.070625
v -0.446969 1.096498 0.074152
v -0.438481 1.108433 0.076079
v -0.440446 1.115232 0.083105
v -0.434698 1.202499 0.076656
v -0.414007 0.848138 -0.222940
v -0.361945 1.304169 0.020790
v -0.263682 0.500387 -0.002645
v -0.269300 0.764638 0.003597
v -0.376232 0.785203 -0.004729
v -0.270341 0.506015 0.021793
v -0.315782 0.498866 0.038492
v -0.292759 1.455772 0.019904
v -0.212262 1.538479 0.027714
v -0.102322 0.414948 0.047834
v 0.180731 0.383291 0.042859
v 0.241155 1.245857 0.028542
v 0.392823 0.880938 0.041118
v -0.509380 1.061405 0.020786
v -0.484178 0.958935 0.008243
v -0.470381 0.871931 -0.023459
v -0.452691 1.141248 0.032864
v -0.431249 1.217448 0.041775
v -0.462135 0.863625 0.033441
v 0.059928 0.702268 0.122062
v -0.039062 0.735087 -0.112847
v -0.184612 0.761069 -0.053732
v -0.352786 0.772221 -0.010073
v -0.384456 0.802082 0.027703
v -0.192499 0.485136 -0.026538
v -0.246897 0.774116 -0.031345
v -0.250387 1.504622 0.014931
v -0.298447 0.458452 0.021443
v -0.177759 1.546995 -0.011442
v -0.131896 1.534189 0.017367
v -0.168142 0.395768 0.021399
v -0.063984 1.509395 0.013285
v 0.018904 0.380242 0.000211
v 0.030592 1.454131 0.017571
v 0.082477 1.421268 0.007169
v 0.149995 1.379680 -0.028803
v 0.176368 1.346606 -0.015273
v 0.280124 0.426949 -0.006868
v 0.274562 1.183016 -0.004110
v 0.349055 0.494141 -0.014236
v 0.415515 0.686549 0.028220
v 0.409910 0.743585 0.011946
v -0.408457 1.233646 -0.000472
v -0.290342 0.762487 -0.047582
v -0.288235 0.489859 0.000287
v -0.395236 0.812389 0.006116
v -0.339632 0.494259 0.019918
v -0.242179 0.409295 -0.005256
v 0.081125 0.368341 0.019234
v 0.065782 1.464723 -0.019084
v 0.114591 0.368449 0.000612
v 0.121110 1.414933 -0.002644
v 0.331161 0.464030 -0.016883
v 0.304404 1.124005 -0.008425
v 0.419389 0.624238 0.002571
v -0.499142 1.005383 -0.005339
v -0.502667 1.055457 -0.012753
v -0.438491 1.163963 0.019189
v -0.428820 1.193900 -0.039996
v -0.381556 1.292464 -0.018765
v -0.272227 0.491084 -0.038841
v -0.150228 0.485990 -0.100215
v -0.339590 0.762553 -0.037308
v -0.421658 0.829536 0.034373
v -0.361349 0.495614 0.001620
v -0.322840 1.403306 -0.005059
v -0.284642 1.461804 -0.002211
v -0.305780 0.431672 -0.008374
v -0.124743 0.402105 0.011094
v -0.062058 1.525337 -0.015422
v -0.087965 0.406925 -0.017803
v -0.033934 0.405697 -0.022718
v -0.005478 1.500232 -0.019718
v 0.028220 0.365534 -0.016120
v 0.063798 0.352319 -0.013076
v 0.092804 1.439919 -0.030864
v 0.170605 0.371099 -0.004307
v 0.211322 1.279805 -0.020317
v 0.242107 1.236521 -0.058180
v 0.319877 1.084964 -0.059245
v 0.344548 1.040850 -0.022734
v 0.376425 0.526645 -0.009876
v 0.376928 0.965656 -0.038549
v 0.358710 0.996405 -0.039983
v 0.387449 0.887004 -0.042621
v -0.500711 1.099422 -0.011916
v -0.494522 1.116097 -0.010827
v -0.304662 0.473333 -0.053406
v -0.275910 0.494395 -0.077785
v -0.111590 0.722752 -0.125026
v -0.256232 0.758866 -0.092248
v -0.368613 0.478288 -0.000889
v -0.344036 0.445434 -0.004250
v -0.261439 1.483367 -0.040292
v -0.204873 1.521735 -0.037423
v -0.145557 1.551808 -0.035222
v -0.163148 0.368461 -0.032299
v 0.047294 1.485801 -0.046295
v 0.118055 1.435525 -0.027811
v 0.177157 0.368910 -0.025478
v 0.210332 0.405365 -0.049803
v 0.279991 0.432815 -0.033054
v 0.407166 0.797286 -0.039956
v 0.430241 0.659522 -0.036383
v -0.500238 1.024561 -0.036409
v -0.494767 1.070075 -0.029344
v -0.468828 0.964007 -0.046998
v -0.450580 1.165031 -0.034989
v -0.397762 1.265615 -0.061780
v -0.236320 0.500704 -0.094837
v -0.158108 0.489109 -0.107055
v -0.289420 0.769661 -0.082764
v -0.459958 0.845255 -0.028981
v -0.191784 0.753142 -0.113526
v -0.362876 1.360767 -0.047608
v -0.320452 1.422276 -0.050546
v -0.126034 1.551445 -0.059614
v -0.056700 1.529747 -0.042489
v -0.007608 0.380028 -0.046743
v 0.017234 0.365835 -0.049055
v 0.058189 0.349616 -0.043983
v 0.184418 0.385721 -0.057972
v 0.283210 1.145491 -0.045402
v 0.264146 1.183651 -0.076009
v 0.396984 0.561760 -0.071738
v 0.425423 0.611472 -0.072783
v -0.486142 0.936458 -0.041563
v -0.467103 1.131207 -0.046409
v -0.376382 0.767740 -0.085329
v -0.394393 0.784637 -0.052548
v -0.288923 0.488240 -0.088031
v -0.332296 0.760388 -0.110501
v -0.374090 0.486848 -0.034056
v -0.384659 0.473445 -0.032433
v -0.348235 0.423595 -0.039196
v -0.294869 1.449105 -0.066029
v -0.194771 0.368793 -0.036042
v -0.036812 0.381348 -0.071028
v 0.025161 1.499820 -0.070986
v 0.061147 0.373058 -0.074353
v 0.075225 1.480149 -0.067535
v 0.115529 0.367540 -0.048356
v 0.112884 1.462880 -0.075863
v 0.118362 1.444018 -0.066646
v 0.173280 1.341194 -0.069059
v 0.302432 0.467893 -0.074389
v 0.336307 0.501685 -0.064221
v 0.390779 0.553401 -0.099043
v 0.374671 0.914839 -0.075198
v 0.423689 0.729081 -0.068779
v -0.489422 1.043787 -0.058973
v -0.512384 0.984439 -0.063858
v -0.463206 1.081739 -0.051718
v -0.487868 0.890017 -0.074842
v -0.424943 1.177432 -0.075677
v -0.237022 0.507646 -0.104832
v -0.471486 0.860225 -0.101011
v -0.417280 1.212669 -0.077009
v -0.222456 0.766338 -0.139622
v -0.421623 0.786519 -0.091163
v -0.460219 0.819596 -0.082681
v -0.401156 0.484622 -0.044429
v -0.366018 1.347607 -0.083802
v -0.336855 1.394049 -0.083644
v -0.306595 1.417648 -0.097686
v -0.251019 1.481096 -0.074746
v -0.151223 1.531012 -0.084920
v -0.143546 0.360024 -0.073733
v -0.077348 0.386337 -0.067418
v -0.027370 1.510108 -0.084367
v 0.030378 0.372951 -0.085164
v 0.137618 0.400160 -0.097755
v 0.225834 0.426631 -0.068374
v 0.274901 0.455432 -0.084228
v 0.346966 1.737405 -0.073584
v 0.340102 1.757025 -0.080356
v 0.362374 1.778603 -0.073838
v 0.386172 1.753078 -0.074097
v 0.372234 1.769824 -0.066051
v 0.383416 0.841068 -0.108468
v -0.483617 1.043226 -0.067973
v -0.475668 1.055992 -0.058656
v -0.502113 1.010355 -0.085393
v -0.465093 1.069886 -0.058300
v -0.455727 1.089087 -0.055976
v -0.450910 1.115788 -0.060185
v -0.440379 1.133601 -0.065590
v -0.328557 0.465161 -0.087691
v -0.296354 0.755214 -0.126881
v -0.377057 0.768843 -0.116567
v -0.416403 0.768241 -0.114337
v -0.476419 0.852256 -0.087769
v -0.329692 0.462854 -0.104295
v -0.413984 0.483117 -0.068450
v -0.369301 0.475943 -0.070824
v -0.391387 0.417913 -0.065561
v -0.391329 0.433867 -0.056708
v -0.389679 1.272207 -0.087836
v -0.352921 0.391733 -0.073540
v -0.360417 0.402974 -0.119275
v -0.343314 0.392750 -0.093305
v -0.261344 0.399044 -0.061566
v -0.202855 1.482614 -0.104255
v -0.242243 0.376745 -0.082735
v -0.222364 0.363654 -0.102633
v -0.162134 1.508165 -0.103134
v -0.100144 1.534876 -0.090434
v -0.073772 1.528141 -0.085379
v 0.058851 1.476567 -0.097627
v 0.090314 0.395432 -0.106006
v 0.131936 0.415772 -0.110719
v 0.138267 1.381466 -0.087941
v 0.189928 0.440009 -0.101938
v 0.209726 1.256723 -0.107686
v 0.247396 0.459255 -0.093865
v 0.315463 1.695548 -0.091900
v 0.320422 1.722256 -0.090799
v 0.363653 1.717050 -0.097737
v 0.382224 1.780561 -0.077132
v 0.380999 1.740237 -0.110295
v -0.481706 1.033053 -0.082038
v -0.473427 1.039435 -0.079084
v -0.472766 1.041936 -0.068048
v -0.504348 0.922903 -0.098134
v -0.308084 0.480194 -0.102332
v -0.311690 0.751122 -0.131986
v -0.432054 1.128821 -0.070892
v -0.349056 0.458764 -0.107326
v -0.426224 0.778557 -0.115823
v -0.413953 0.479260 -0.100830
v -0.390049 0.473717 -0.106068
v -0.430811 0.805275 -0.099039
v -0.404138 1.151395 -0.096154
v -0.414697 0.465412 -0.099011
v -0.458146 0.826979 -0.133333
v -0.406904 0.427642 -0.105271
v -0.375722 1.273534 -0.109932
v -0.384846 0.397799 -0.108887
v -0.340426 1.346343 -0.117509
v -0.309170 0.380008 -0.118862
v -0.274515 1.415383 -0.122030
v -0.281039 0.390318 -0.102679
v -0.256453 0.376737 -0.139876
v -0.225383 0.379528 -0.169582
v -0.182002 0.359377 -0.121881
v -0.177713 1.441864 -0.144245
v -0.104369 0.371583 -0.134910
v -0.028617 0.349222 -0.156006
v 0.046523 0.374917 -0.109276
v 0.047071 1.459109 -0.118214
v 0.071169 0.397942 -0.122729
v 0.095471 0.436048 -0.122714
v 0.123694 0.455884 -0.125483
v 0.121892 1.383392 -0.126850
v 0.163100 0.473417 -0.116396
v 0.184950 0.508913 -0.110327
v 0.220214 0.507439 -0.107827
v 0.242304 1.193189 -0.118400
v 0.295858 0.485755 -0.105831
v 0.270065 1.144961 -0.111256
v 0.283124 1.666247 -0.107976
v 0.294505 1.095188 -0.116164
v 0.301396 1.054885 -0.135649
v 0.320279 1.666382 -0.106943
v 0.359445 0.532829 -0.107980
v 0.346907 0.966389 -0.100767
v 0.358315 1.753985 -0.121038
v 0.377813 1.755808 -0.111026
v 0.398619 0.798653 -0.109363
v 0.429667 0.630007 -0.167171
v 0.425336 0.711903 -0.125922
v -0.476697 1.022672 -0.098803
v -0.469128 1.029592 -0.095809
v -0.502309 0.969819 -0.144982
v -0.479925 1.016057 -0.107495
v -0.485887 0.902141 -0.138337
v -0.463323 0.849043 -0.159115
v -0.422825 0.803413 -0.135173
v -0.384460 0.474293 -0.153048
v -0.392233 1.158436 -0.121790
v -0.382491 0.427118 -0.170626
v -0.390864 0.481718 -0.186394
v -0.382268 1.199771 -0.132353
v -0.381674 0.495157 -0.216026
v -0.353413 0.406296 -0.196552
v -0.323650 0.375620 -0.145280
v -0.312466 0.394052 -0.202365
v -0.303096 0.381876 -0.170017
v -0.267737 0.383262 -0.185917
v -0.171436 0.394357 -0.193915
v -0.125012 0.374487 -0.159724
v -0.114333 1.495746 -0.123121
v 0.042352 0.367798 -0.145719
v 0.105835 0.411551 -0.144681
v 0.101028 1.466485 -0.131409
v 0.160681 0.465207 -0.129688
v 0.115565 1.451436 -0.132908
v 0.181339 1.291526 -0.124823
v 0.206444 0.449822 -0.124316
v 0.250291 0.493673 -0.108847
v 0.268142 1.641822 -0.121713
v 0.288143 1.641122 -0.123222
v 0.298140 1.695527 -0.122369
v 0.294142 0.485328 -0.127365
v 0.333736 1.729306 -0.143818
v 0.348560 1.666216 -0.119737
v 0.410474 0.738628 -0.148149
v -0.366769 0.774057 -0.128772
v -0.407476 0.774738 -0.136558
v -0.246402 0.495496 -0.106351
v -0.393101 1.152389 -0.114868
v -0.340944 0.459048 -0.152078
v -0.383047 0.500312 -0.210565
v -0.337477 0.465544 -0.178712
v -0.318407 1.273612 -0.155822
v -0.338684 0.466913 -0.235710
v -0.288669 0.416832 -0.228213
v -0.261781 1.355146 -0.146364
v -0.245177 0.401213 -0.214230
v -0.210561 1.411776 -0.144206
v -0.141252 0.384557 -0.186659
v -0.065511 1.474835 -0.130755
v -0.053143 0.352098 -0.172567
v 0.024742 1.429323 -0.141931
v 0.050378 0.368873 -0.170818
v 0.074580 1.432937 -0.138440
v 0.178613 0.433882 -0.140507
v 0.158260 1.311566 -0.135715
v 0.220629 0.449923 -0.137985
v 0.249769 0.473850 -0.135711
v 0.251871 1.599768 -0.142123
v 0.248505 1.614676 -0.142934
v 0.267929 1.659935 -0.143498
v 0.302841 1.031477 -0.156062
v 0.342609 0.516955 -0.137085
v 0.301695 0.990652 -0.169925
v 0.343752 1.637091 -0.137263
v 0.358315 0.892750 -0.133898
v 0.363041 1.596849 -0.142843
v 0.365597 1.660804 -0.136196
v 0.360638 1.696540 -0.139411
v 0.391780 0.546366 -0.141254
v 0.426595 0.609347 -0.137712
v -0.457046 1.033016 -0.161080
v -0.475373 1.012664 -0.127195
v -0.139980 0.489318 -0.129992
v -0.220710 0.494477 -0.132644
v -0.387563 1.149789 -0.126300
v -0.283346 0.485195 -0.115637
v -0.387193 1.147826 -0.135518
v -0.353388 0.496058 -0.208494
v -0.313838 0.488605 -0.178216
v -0.369724 0.510546 -0.239273
v -0.374835 0.524898 -0.227260
v -0.353155 1.199318 -0.159867
v -0.230070 1.362977 -0.152712
v -0.131535 1.443350 -0.152935
v -0.064837 1.433470 -0.159379
v -0.070974 0.365332 -0.200338
v -0.012347 1.438192 -0.148307
v -0.010850 0.355725 -0.191948
v 0.063040 0.381514 -0.156407
v 0.095091 1.412132 -0.148894
v 0.137721 0.403045 -0.155662
v 0.114225 1.369921 -0.152884
v 0.172077 1.271532 -0.156830
v 0.198090 1.232043 -0.145818
v 0.218859 1.579901 -0.158338
v 0.212729 1.197405 -0.150050
v 0.281728 1.598300 -0.159433
v 0.305167 1.624097 -0.172235
v 0.308612 1.707267 -0.143460
v 0.304435 0.496333 -0.171833
v 0.318546 1.632789 -0.158115
v 0.314454 1.681682 -0.174646
v 0.331154 0.912403 -0.163116
v 0.345354 1.698312 -0.157612
v 0.362091 1.544166 -0.155491
v 0.360012 1.734679 -0.138545
v 0.393168 0.776314 -0.150370
v -0.481621 0.927726 -0.192758
v -0.388223 0.771615 -0.157453
v -0.399460 0.809550 -0.202551
v -0.273597 0.498919 -0.158378
v -0.351499 1.159796 -0.156818
v -0.387025 1.141999 -0.139994
v -0.320532 1.238674 -0.173136
v -0.259797 1.287695 -0.186353
v -0.220211 1.320033 -0.177885
v -0.101519 1.397365 -0.173221
v -0.037612 1.395660 -0.174428
v 0.009282 1.394485 -0.173094
v 0.051039 1.395495 -0.167798
v 0.093283 0.384492 -0.170231
v 0.087911 1.366811 -0.178212
v 0.141835 1.328872 -0.161197
v 0.094125 1.370536 -0.196559
v 0.144806 1.319101 -0.165578
v 0.131863 1.338183 -0.153744
v 0.200680 0.443794 -0.165723
v 0.207937 1.551578 -0.175242
v 0.252242 0.477476 -0.170811
v 0.239986 1.128130 -0.174489
v 0.251883 1.564299 -0.169036
v 0.257651 1.634313 -0.190495
v 0.265740 1.070439 -0.171579
v 0.297057 1.677079 -0.175988
v 0.332950 1.585996 -0.172579
v 0.361747 0.534582 -0.172573
v 0.352653 0.848210 -0.182163
v 0.362769 1.493401 -0.176583
v 0.349020 1.659995 -0.175253
v 0.374839 1.582444 -0.174327
v 0.364517 1.649357 -0.172785
v 0.396250 0.554656 -0.181933
v 0.384241 0.786926 -0.207567
v 0.427213 0.688168 -0.189029
v -0.477775 0.986180 -0.189067
v -0.426870 0.880114 -0.212369
v -0.319044 0.776881 -0.165234
v -0.376824 1.134052 -0.163792
v -0.310499 0.529465 -0.209581
v -0.206705 0.417145 -0.222548
v -0.134528 1.381826 -0.182961
v -0.049693 0.374183 -0.218713
v 0.007712 1.371789 -0.201671
v 0.011281 0.373585 -0.200868
v 0.056969 1.379637 -0.192826
v 0.073064 0.390214 -0.178077
v 0.127839 1.326077 -0.208881
v 0.131081 1.323931 -0.169532
v 0.100622 1.369685 -0.176439
v 0.099498 1.371211 -0.179090
v 0.114550 1.386043 -0.177167
v 0.125606 1.465329 -0.186619
v 0.134274 1.494992 -0.188509
v 0.144520 1.330453 -0.190716
v 0.132506 1.434298 -0.190776
v 0.180488 1.546582 -0.191701
v 0.141492 1.344987 -0.172095
v 0.167160 1.435644 -0.189015
v 0.193609 1.435343 -0.194369
v 0.211758 1.589737 -0.192974
v 0.223353 1.489877 -0.191750
v 0.210842 1.133508 -0.207397
v 0.249276 1.522457 -0.195218
v 0.264265 1.564430 -0.190354
v 0.283213 1.595001 -0.189351
v 0.315178 1.639390 -0.177473
v 0.327104 0.516145 -0.203247
v 0.344631 1.428668 -0.197692
v 0.339182 1.500263 -0.188474
v 0.357246 1.624306 -0.195553
v 0.352293 1.394226 -0.207995
v 0.348541 1.495561 -0.176746
v 0.369879 0.536614 -0.208037
v 0.345221 0.832780 -0.216183
v 0.371043 1.423472 -0.202885
v 0.380625 1.521034 -0.196768
v 0.410203 0.732552 -0.207755
v -0.436941 1.044406 -0.173199
v -0.228136 0.768496 -0.148720
v -0.286120 0.755064 -0.148079
v -0.373753 0.776572 -0.192895
v -0.196192 0.504769 -0.166136
v -0.382148 1.118392 -0.174787
v -0.382591 1.120731 -0.177414
v -0.365109 1.170419 -0.204696
v -0.276649 1.231176 -0.221361
v -0.215288 1.269688 -0.210690
v -0.193102 1.302595 -0.206607
v -0.164284 1.337680 -0.194474
v -0.084471 0.381652 -0.218934
v -0.064795 1.376473 -0.199053
v 0.006517 0.380847 -0.219527
v 0.042657 1.366256 -0.207756
v 0.076618 0.395122 -0.199393
v 0.074203 1.345144 -0.207035
v 0.096568 1.360671 -0.207557
v 0.124947 1.292242 -0.208506
v 0.097338 1.368634 -0.182918
v 0.094975 1.372330 -0.189450
v 0.112241 1.425365 -0.219686
v 0.123831 1.453530 -0.213365
v 0.147658 1.288244 -0.194533
v 0.095799 1.364005 -0.208288
v 0.150705 1.527588 -0.206572
v 0.207252 0.468697 -0.209023
v 0.179945 1.237846 -0.189194
v 0.185369 1.186852 -0.216944
v 0.165522 1.364238 -0.203830
v 0.214839 1.456396 -0.205963
v 0.230459 1.600785 -0.207538
v 0.246277 1.084015 -0.205866
v 0.269175 0.510769 -0.217937
v 0.286280 1.643351 -0.192617
v 0.279199 1.027923 -0.206840
v 0.305721 0.965164 -0.204752
v 0.333410 1.505050 -0.210558
v 0.328897 1.598116 -0.194807
v 0.346115 1.597207 -0.210101
v 0.368011 1.397744 -0.211767
v 0.365210 1.595875 -0.207355
v 0.425446 0.601072 -0.206284
v 0.429204 0.638182 -0.243054
v -0.445857 0.934031 -0.224759
v -0.443280 0.984882 -0.215582
v -0.405688 0.901146 -0.232205
v -0.259105 0.771489 -0.166399
v -0.324582 0.777852 -0.212190
v -0.156557 0.504632 -0.206602
v -0.384533 0.821865 -0.251489
v -0.384437 0.856363 -0.258325
v -0.285979 0.552820 -0.264234
v -0.355319 0.536636 -0.257473
v -0.334866 0.915284 -0.281651
v -0.356468 0.937139 -0.261597
v -0.381566 1.116890 -0.178199
v -0.337827 0.493875 -0.258830
v -0.377187 1.101724 -0.178825
v -0.251935 0.435106 -0.239684
v -0.380022 1.138496 -0.226303
v -0.289490 1.153847 -0.252872
v -0.255553 1.191400 -0.245723
v -0.224264 1.217282 -0.235295
v -0.185369 1.243349 -0.233229
v -0.129847 1.275232 -0.233132
v -0.115856 1.326144 -0.218100
v -0.031325 1.345094 -0.216118
v 0.079851 1.309978 -0.229001
v 0.103718 1.314597 -0.224440
v 0.129415 0.430083 -0.228988
v 0.114865 1.330881 -0.217822
v 0.114602 1.345527 -0.221466
v 0.130065 1.252497 -0.234469
v 0.156691 1.252205 -0.203616
v 0.120252 1.365125 -0.239140
v 0.176993 1.532696 -0.221789
v 0.198998 1.440029 -0.224123
v 0.197164 1.563836 -0.211494
v 0.214802 1.476052 -0.222645
v 0.238848 1.543784 -0.220096
v 0.247806 1.528496 -0.211608
v 0.253301 1.611340 -0.208377
v 0.327129 0.527690 -0.242416
v 0.330716 0.886236 -0.208214
v 0.333298 1.402904 -0.237181
v 0.340674 1.531065 -0.223088
v 0.359091 1.532043 -0.225189
v -0.424129 1.048954 -0.178442
v -0.404562 1.034109 -0.212516
v -0.397849 0.965712 -0.246950
v -0.411336 1.050298 -0.190902
v -0.296831 0.770431 -0.185436
v -0.358152 0.787884 -0.236169
v -0.109661 0.729612 -0.178808
v -0.205534 0.741609 -0.212062
v -0.240981 0.543481 -0.258993
v -0.133653 0.547787 -0.256427
v -0.377506 1.088463 -0.187001
v -0.377980 1.090758 -0.183073
v -0.380890 1.106117 -0.176876
v -0.379488 1.084917 -0.191189
v -0.376902 1.096594 -0.178602
v -0.379970 1.106068 -0.175578
v -0.304517 0.503532 -0.283310
v -0.364128 1.097808 -0.250594
v -0.308627 1.111743 -0.265900
v -0.247233 1.115086 -0.281619
v -0.230353 1.163825 -0.265051
v -0.210393 0.454600 -0.255704
v -0.136542 1.237067 -0.256818
v -0.063643 1.287295 -0.244951
v -0.054020 0.386650 -0.233230
v -0.003480 1.309921 -0.240601
v 0.018671 1.341770 -0.229843
v 0.030822 0.419019 -0.245282
v 0.055801 1.303327 -0.245142
v 0.094239 0.427627 -0.238189
v 0.135482 1.433177 -0.234345
v 0.161066 1.199546 -0.238940
v 0.196872 0.486829 -0.240939
v 0.205920 1.530685 -0.229766
v 0.211192 1.089556 -0.237871
v 0.247781 1.047313 -0.236683
v 0.274804 0.990393 -0.239718
v 0.301213 0.887482 -0.241155
v 0.344163 1.483449 -0.231703
v 0.358552 1.491888 -0.228318
v 0.362618 0.785647 -0.253770
v 0.370863 1.409824 -0.233975
v 0.421236 0.607991 -0.280474
v 0.419444 0.687430 -0.279854
v -0.408373 1.052242 -0.190637
v -0.402813 1.053455 -0.193482
v -0.394144 1.063617 -0.199486
v -0.398467 1.058611 -0.195770
v -0.290080 0.751596 -0.244068
v -0.354891 0.792546 -0.268804
v -0.394793 1.064250 -0.197135
v -0.362713 0.824850 -0.279978
v -0.385231 1.083257 -0.191350
v -0.318645 0.554581 -0.297027
v -0.323746 0.931112 -0.278251
v -0.382811 1.085117 -0.191518
v -0.379285 1.086675 -0.190783
v -0.359312 1.063064 -0.231548
v -0.248706 1.093514 -0.289770
v -0.221410 1.105452 -0.293807
v -0.174671 1.155091 -0.274946
v -0.159951 0.432627 -0.244985
v -0.147290 1.214437 -0.272353
v -0.096024 1.219521 -0.261839
v -0.098832 1.250411 -0.258376
v -0.063972 0.453523 -0.269957
v -0.033560 1.282196 -0.245124
v 0.081941 1.286940 -0.251526
v 0.108058 1.262408 -0.256536
v 0.139161 0.462494 -0.246916
v 0.182974 1.110689 -0.283319
v 0.276863 0.532790 -0.245246
v 0.276315 0.956245 -0.261928
v 0.341855 1.391330 -0.249250
v 0.351349 1.437680 -0.250070
v 0.393462 0.734902 -0.271205
v 0.392853 0.567049 -0.293672
v -0.378355 1.058347 -0.217465
v -0.364372 1.005140 -0.247810
v -0.388969 1.067618 -0.202985
v -0.159908 0.554987 -0.283924
v -0.080002 0.551884 -0.288784
v -0.386521 1.070545 -0.204423
v -0.386559 1.076741 -0.198436
v -0.309419 0.961005 -0.268678
v -0.386409 1.080226 -0.194684
v -0.293833 0.564659 -0.285637
v -0.327735 0.881089 -0.290811
v -0.320916 1.020545 -0.273777
v -0.294699 0.569050 -0.311068
v -0.289606 0.923207 -0.295840
v -0.283790 0.983242 -0.282547
v -0.265400 1.036723 -0.299953
v -0.297058 1.084457 -0.282251
v -0.166002 1.100447 -0.288309
v -0.132846 0.527216 -0.289560
v -0.128547 1.168896 -0.289167
v -0.092670 1.176667 -0.293320
v -0.067081 1.254292 -0.269619
v -0.076545 1.220985 -0.266642
v -0.038538 1.208466 -0.276929
v -0.030173 1.241884 -0.277152
v -0.016378 0.462507 -0.271923
v 0.070512 0.465614 -0.270433
v 0.167186 0.515447 -0.268653
v 0.163537 1.154966 -0.265951
v 0.219830 0.522778 -0.257910
v 0.299274 0.869628 -0.262381
v 0.322898 0.810942 -0.267358
v 0.349799 0.546201 -0.297256
v -0.214089 0.556327 -0.274313
v -0.148244 0.578832 -0.314663
v -0.284529 0.756007 -0.281094
v -0.151434 0.621403 -0.344894
v -0.134783 0.637459 -0.333962
v -0.325302 0.843598 -0.295741
v -0.292329 0.849695 -0.308647
v -0.266470 0.888076 -0.300195
v -0.269380 0.582583 -0.325387
v -0.239393 0.548304 -0.300246
v -0.249197 0.926756 -0.319161
v -0.244098 0.989513 -0.299410
v -0.183591 0.543446 -0.284698
v -0.199665 1.060495 -0.307146
v -0.141378 1.096915 -0.308204
v -0.072043 0.512727 -0.292429
v -0.074347 1.151688 -0.315996
v -0.037508 1.126530 -0.311367
v -0.033681 1.164428 -0.307194
v 0.025507 0.512998 -0.293350
v -0.031605 1.099002 -0.311712
v -0.006866 1.220847 -0.292924
v 0.073325 1.249632 -0.278449
v 0.134069 0.527006 -0.286815
v 0.132181 1.225322 -0.272714
v 0.187845 1.084230 -0.307377
v 0.244628 1.036511 -0.270239
v 0.267788 0.934914 -0.279673
v 0.287048 0.812927 -0.299938
v -0.220941 0.747160 -0.272496
v -0.214819 0.565934 -0.291654
v -0.298466 0.794777 -0.312696
v -0.286308 0.581134 -0.306697
v -0.258485 0.853586 -0.331128
v -0.218463 0.574426 -0.331757
v -0.207457 1.000642 -0.340566
v -0.221331 1.026521 -0.311537
v -0.163663 1.064150 -0.305510
v -0.096059 1.095815 -0.317545
v -0.057773 1.092056 -0.321134
v -0.022432 1.125226 -0.323198
v -0.003350 1.088375 -0.319631
v 0.007756 1.189544 -0.310528
v 0.089778 1.203758 -0.308607
v 0.118081 1.181396 -0.304659
v 0.136311 0.557104 -0.319564
v 0.125925 1.149228 -0.306920
v 0.214947 1.043537 -0.323145
v 0.262651 0.878173 -0.294255
v 0.317869 0.780830 -0.294847
v -0.182175 0.731441 -0.290946
v -0.161677 0.595558 -0.330141
v -0.256053 0.746683 -0.303737
v -0.265136 0.758704 -0.325316
v -0.230914 0.597500 -0.314726
v -0.274659 0.806702 -0.328830
v -0.252020 0.595824 -0.334838
v -0.227859 0.860433 -0.340136
v -0.202429 0.595997 -0.342822
v -0.214592 0.896083 -0.351151
v -0.211138 0.953228 -0.338693
v -0.138590 0.580628 -0.334038
v -0.149293 1.025350 -0.345438
v -0.067874 0.550161 -0.322742
v -0.071523 1.075410 -0.334453
v -0.031386 1.071182 -0.312685
v 0.053701 0.563084 -0.331424
v 0.026000 1.093519 -0.324808
v 0.054875 1.180407 -0.322675
v 0.233124 0.563164 -0.311923
v 0.245114 0.906364 -0.325498
v 0.295326 0.573501 -0.354148
v 0.281363 0.782685 -0.320552
v 0.323090 0.745963 -0.325734
v 0.348835 0.558335 -0.343287
v 0.360735 0.747072 -0.302241
v 0.387842 0.719037 -0.319588
v 0.412533 0.599238 -0.350432
v 0.421497 0.628959 -0.334367
v 0.413544 0.679403 -0.333381
v -0.161402 0.655076 -0.351728
v -0.163999 0.681163 -0.335895
v -0.202771 0.659588 -0.358091
v -0.260918 0.790067 -0.342864
v -0.220817 0.637199 -0.342936
v -0.226568 0.819204 -0.343422
v -0.161418 0.630773 -0.363421
v -0.181192 0.895318 -0.354189
v -0.163726 0.896069 -0.349753
v -0.171487 0.969809 -0.362786
v -0.151604 0.987167 -0.362984
v -0.129452 1.056234 -0.340815
v -0.088743 1.009166 -0.359174
v -0.082293 0.601586 -0.349905
v -0.044169 1.042587 -0.344318
v -0.015569 0.549722 -0.326478
v 0.015958 0.582696 -0.356406
v 0.005477 1.058095 -0.340321
v 0.071512 1.087467 -0.345474
v 0.052802 1.152827 -0.322486
v 0.071230 1.111144 -0.339566
v 0.096389 1.149044 -0.323373
v 0.099455 1.121505 -0.339159
v 0.152752 1.109131 -0.344623
v 0.245092 0.831776 -0.336049
v 0.244883 0.960784 -0.328025
v 0.255556 0.856740 -0.327389
v 0.389294 0.572117 -0.358309
v -0.187345 0.691521 -0.350466
v -0.233648 0.731686 -0.339049
v -0.236044 0.745654 -0.352219
v -0.190604 0.670930 -0.371658
v -0.205229 0.857584 -0.360742
v -0.197012 0.822047 -0.361957
v -0.186622 0.915057 -0.365341
v -0.153220 0.856354 -0.373939
v -0.159208 0.895946 -0.361444
v -0.138809 0.611286 -0.355966
v -0.024053 0.590136 -0.356679
v -0.036004 1.022627 -0.358989
v -0.028708 0.959473 -0.353733
v 0.015055 1.036295 -0.387577
v 0.029215 1.054147 -0.352387
v 0.119110 0.778811 -0.359938
v 0.119919 1.117421 -0.354013
v 0.169226 0.840813 -0.352560
v 0.165241 1.076608 -0.372937
v 0.224882 0.574179 -0.359869
v 0.192451 0.834060 -0.343846
v 0.210108 0.864814 -0.345357
v 0.195165 1.058225 -0.339070
v 0.218571 0.965161 -0.355091
v 0.247174 0.773415 -0.345793
v 0.283649 0.742224 -0.343996
v 0.321526 0.565970 -0.356456
v 0.396100 0.688569 -0.361878
v 0.408249 0.659122 -0.372466
v -0.202139 0.699818 -0.360146
v -0.205904 0.773190 -0.369661
v -0.169626 0.941437 -0.378501
v -0.164572 0.818326 -0.369212
v -0.138538 0.898837 -0.379217
v -0.145223 0.911332 -0.386834
v -0.094223 0.633476 -0.384274
v -0.044441 0.617813 -0.391288
v -0.017133 0.964902 -0.376495
v 0.031789 0.592611 -0.383410
v 0.134957 0.583480 -0.389322
v 0.113459 0.776947 -0.369091
v 0.117949 1.106966 -0.400892
v 0.134773 0.759836 -0.377122
v 0.130415 0.805136 -0.380739
v 0.147055 0.791928 -0.368323
v 0.148116 1.105681 -0.383238
v 0.154384 0.851075 -0.372658
v 0.193030 0.769225 -0.369527
v 0.171818 0.880256 -0.383440
v 0.213575 0.907317 -0.351072
v 0.289441 0.587340 -0.391182
v 0.327192 0.689460 -0.397219
v 0.363023 0.719533 -0.347444
v -0.163488 0.673382 -0.378289
v -0.131516 0.750992 -0.396279
v -0.127170 0.811617 -0.388560
v -0.131813 0.650964 -0.389455
v -0.132944 0.940966 -0.397337
v -0.107466 0.974988 -0.394824
v -0.079913 0.843933 -0.391838
v -0.072428 0.923190 -0.405794
v -0.059120 0.882992 -0.404513
v -0.040946 0.921420 -0.402050
v -0.032631 0.953231 -0.381428
v -0.026430 1.012996 -0.393398
v -0.008291 0.596841 -0.391818
v -0.009743 0.961046 -0.402704
v 0.000279 0.967401 -0.391151
v 0.018203 0.841012 -0.398085
v 0.074749 0.873321 -0.379027
v 0.058924 1.061188 -0.391271
v 0.095472 0.596492 -0.408075
v 0.083056 0.809220 -0.391831
v 0.083392 0.892224 -0.386543
v 0.085498 0.742894 -0.384693
v 0.119914 0.844332 -0.387710
v 0.168251 1.032986 -0.387324
v 0.209949 0.594106 -0.398599
v 0.186894 0.933622 -0.390258
v 0.185135 0.986701 -0.388105
v 0.243363 0.735937 -0.374696
v 0.320360 0.562724 -0.397755
v 0.358178 0.540977 -0.394269
v 0.368841 0.682193 -0.402507
v 0.390711 0.556105 -0.398446
v 0.412000 0.596340 -0.394806
v -0.083878 0.683447 -0.407132
v -0.076241 0.963518 -0.409310
v -0.072815 0.989202 -0.402120
v -0.013395 0.827219 -0.399779
v -0.039798 0.977696 -0.399871
v -0.008321 0.653702 -0.408216
v -0.002514 0.794332 -0.399398
v -0.009912 1.001144 -0.403209
v -0.009267 0.892512 -0.416131
v -0.002142 0.617004 -0.407054
v 0.014248 0.978292 -0.398170
v 0.025243 0.705922 -0.403512
v 0.044578 0.924737 -0.399397
v 0.013463 0.952624 -0.408081
v 0.046182 0.618345 -0.404435
v 0.057172 1.044441 -0.398205
v 0.086294 1.035627 -0.400284
v 0.068166 0.719426 -0.394556
v 0.082405 0.975096 -0.407006
v 0.121451 0.923686 -0.406436
v 0.151579 0.691215 -0.405476
v 0.144972 1.057621 -0.401127
v 0.156611 1.089435 -0.403495
v 0.184197 0.705086 -0.400411
v 0.275710 0.689103 -0.398976
v 0.334922 0.546245 -0.390112
v -0.062731 0.727695 -0.404589
v -0.006259 0.686430 -0.414054
v -0.012996 0.744640 -0.410716
v 0.053068 0.751579 -0.401926
v 0.072449 0.653308 -0.416688
v 0.102368 1.087950 -0.416372
v 0.118061 0.679796 -0.419777
v 0.105252 1.072421 -0.428376
v 0.170088 0.624584 -0.424660
v 0.139356 0.647075 -0.419293
v 0.121970 0.712996 -0.406452
v 0.123542 0.967279 -0.412123
v 0.127971 1.026850 -0.407918
v 0.117123 1.055408 -0.417346
v 0.171699 0.602769 -0.413929
v 0.232377 0.641752 -0.426688
v 0.262094 0.659244 -0.419076
v 0.275639 0.607241 -0.424421
v 0.299970 0.591626 -0.421833
v 0.342803 0.500701 -0.415904
v 0.372576 0.517260 -0.424244
v 0.385355 0.664533 -0.414595
v 0.413382 0.625243 -0.408940
v 0.128631 1.076117 -0.437581
v 0.157726 1.107086 -0.455720
v 0.294832 0.462316 -0.437648
v 0.297188 0.501765 -0.442251
v 0.292833 0.608139 -0.440373
v 0.292393 0.640895 -0.429912
v 0.312262 0.409578 -0.439358
v 0.320307 0.488088 -0.424296
v 0.344534 0.437252 -0.433328
v 0.342221 0.643766 -0.451140
v 0.365339 0.409109 -0.441132
v 0.362690 0.473148 -0.438683
v 0.373810 0.339386 -0.439991
v 0.397494 0.337344 -0.440839
v 0.397885 0.562458 -0.447080
v 0.135307 1.110780 -0.470983
v 0.153516 1.093391 -0.453163
v 0.297274 0.401886 -0.458437
v 0.294969 0.565072 -0.451704
v 0.311759 0.381563 -0.467747
v 0.329643 0.375027 -0.441892
v 0.345135 0.350221 -0.453857
v 0.364572 0.319582 -0.457394
v 0.380383 0.297563 -0.459130
v 0.365763 0.436468 -0.457506
v 0.378337 0.506414 -0.451418
v 0.393108 0.268842 -0.462392
v 0.407396 0.235096 -0.461871
v 0.412930 0.282261 -0.444535
v 0.401702 0.364360 -0.451656
v 0.399702 0.619596 -0.446362
v 0.331513 -0.000236 -0.506625
v 0.423532 0.185709 -0.464302
v 0.429806 0.321312 -0.458302
v 0.399552 0.044590 -0.503232
v 0.430804 0.141711 -0.475910
v 0.434360 0.224935 -0.449646
v 0.441840 0.274929 -0.458450
v 0.397940 0.003388 -0.505886
v 0.426444 0.086746 -0.491700
v 0.441227 0.131630 -0.470381
v 0.454131 0.222247 -0.461716
v 0.451428 0.089610 -0.487389
v 0.468633 0.141444 -0.472710
v 0.118969 1.106581 -0.472013
v 0.224171 0.617352 -0.420058
v 0.292101 0.457688 -0.469644
v 0.298220 0.497920 -0.469607
v 0.299731 0.609683 -0.454359
v 0.315836 0.523332 -0.486235
v 0.324972 0.594702 -0.473350
v 0.333097 0.362412 -0.468857
v 0.362363 0.425635 -0.471054
v 0.368244 0.502752 -0.464012
v 0.361911 0.644663 -0.454962
v 0.380859 0.562945 -0.471345
v 0.369361 0.623410 -0.473167
v 0.404373 0.363224 -0.468986
v 0.397905 0.035869 -0.524806
v 0.399319 0.000342 -0.524112
v 0.436406 0.048153 -0.512429
v 0.467085 0.172333 -0.481896
v 0.312684 0.411566 -0.482097
v 0.330192 0.427799 -0.487216
v 0.315466 0.481024 -0.486302
v 0.336331 0.481743 -0.483305
v 0.345515 0.552950 -0.487546
v 0.384973 0.346976 -0.487020
v 0.381800 0.394525 -0.472763
v 0.390272 0.313166 -0.487452
v 0.412009 0.262655 -0.491407
v 0.347347 0.002937 -0.521156
v 0.425757 0.201209 -0.497118
v 0.419142 0.316516 -0.487042
v 0.435048 0.163112 -0.501725
v 0.438982 0.265533 -0.489536
v 0.436559 0.119191 -0.510235
v 0.449690 0.195907 -0.496382
v 0.454699 0.222855 -0.479264
v 0.418800 0.045923 -0.530230
v 0.462062 0.126306 -0.506788
v -0.110268 1.483686 0.786040
v -0.076966 1.737649 0.588082
v -0.157851 1.440041 0.805653
v -0.113914 1.587775 0.706788
v -0.103413 1.536398 0.793621
v -0.164243 1.464108 0.803571
v -0.151662 1.451522 0.783812
v -0.110947 1.519284 0.764258
v -0.110731 1.630746 0.653793
v -0.145455 1.496652 0.800765
v -0.120528 1.478196 0.794321
v -0.141573 1.333871 0.868899
v -0.140370 1.392678 0.857610
v -0.137342 1.361791 0.839073
v -0.157103 1.430576 0.841031
v -0.109841 1.576617 0.707294
v -0.187143 1.204838 0.923898
v -0.129244 1.477887 0.750799
v -0.157811 1.434719 0.790914
v -0.145551 1.404087 0.855546
v -0.138699 1.342252 0.856594
v -0.103031 1.581905 0.675135
v -0.133344 1.563570 0.706660
v -0.104607 1.579674 0.661028
v -0.123323 1.520144 0.773336
v -0.103733 1.683423 0.599227
v -0.086992 1.651300 0.675079
v -0.102560 1.635911 0.691393
v -0.172153 1.331367 0.865972
v -0.150857 1.415323 0.850218
v -0.157450 1.492914 0.766372
v -0.130980 1.574524 0.742076
v -0.176426 1.357616 0.865055
v -0.122175 1.587826 0.722759
v -0.158202 1.267334 0.889491
v -0.177156 1.347923 0.866292
v -0.130326 1.577585 0.691458
v -0.121581 1.573168 0.707594
v -0.099719 1.582631 0.726748
v -0.080240 1.677848 0.643749
v -0.105701 1.575595 0.674031
v -0.094882 1.533642 0.738441
v -0.080325 1.632439 0.696724
v -0.120307 1.565300 0.696125
v -0.094670 1.544674 0.742666
v -0.095253 1.670891 0.663805
v -0.132588 1.458371 0.830474
v -0.110668 1.633025 0.678445
v -0.134631 1.571238 0.738160
v -0.155682 1.518277 0.753016
v -0.081532 1.612867 0.711560
v -0.102820 1.582859 0.728041
v -0.160974 1.377377 0.837184
v -0.145940 1.308197 0.883029
v -0.156348 1.456316 0.784801
v -0.153803 1.464619 0.831412
v -0.143816 1.413645 0.840345
v -0.123143 1.440693 0.818199
v -0.131736 1.466345 0.758577
v -0.112884 1.589692 0.651506
v -0.111732 1.618145 0.636394
v -0.106502 1.596576 0.715357
v -0.154578 1.291207 0.875021
v -0.099399 1.603808 0.665480
v -0.125473 1.429347 0.823581
v -0.115988 1.600704 0.701257
v -0.130030 1.525432 0.740890
v -0.131413 1.519022 0.727229
v -0.160198 1.391602 0.863276
v -0.162513 1.441507 0.828977
v -0.117774 1.578778 0.702614
v -0.130803 1.492574 0.804580
v -0.170915 1.370680 0.855527
v -0.149663 1.398211 0.848838
v -0.181615 1.229185 0.915583
v -0.147310 1.503704 0.790204
v -0.110453 1.527650 0.712060
v -0.148604 1.268317 0.895483
v -0.134656 1.515389 0.720739
v -0.108884 1.653762 0.614442
v -0.111779 1.554337 0.718045
v -0.131613 1.580175 0.712679
v -0.136979 1.365791 0.856156
v -0.130826 1.571339 0.707967
v -0.101383 1.667539 0.600881
v -0.156394 1.490434 0.776978
v -0.147736 1.317329 0.883683
v -0.128044 1.552430 0.737348
v -0.166156 1.434975 0.810456
v -0.137898 1.466010 0.818550
v -0.164013 1.482300 0.789032
v -0.115433 1.581572 0.704109
v -0.183330 1.203446 0.923790
v -0.141574 1.343024 0.864850
v -0.135467 1.341893 0.870302
v -0.151433 1.380480 0.867639
v -0.127331 1.401717 0.818034
v -0.170800 1.420588 0.831673
v -0.115272 1.590833 0.721085
v -0.127120 1.427257 0.825674
v -0.129336 1.406715 0.834482
v -0.087315 1.541252 0.753791
v -0.119365 1.597695 0.702956
v -0.088255 1.576380 0.743488
v -0.160731 1.459486 0.820171
v -0.165877 1.390233 0.859880
v -0.169871 1.403192 0.847214
v -0.170002 1.294498 0.894632
v -0.170300 1.373024 0.830604
v -0.155361 1.336171 0.877107
v -0.132718 1.388312 0.846346
v -0.125706 1.570832 0.706842
v -0.143966 1.348420 0.868700
v -0.133959 1.371814 0.844691
v -0.161480 1.237642 0.899934
v -0.098095 1.567617 0.716935
v -0.088823 1.537570 0.748356
v -0.172598 1.277620 0.898873
v -0.174647 1.232932 0.921771
v -0.109145 1.574305 0.666683
v -0.136975 1.375435 0.859624
v -0.147315 1.325568 0.879748
v -0.121353 1.467146 0.799087
v -0.142135 1.345770 0.844768
v -0.127764 1.424146 0.801562
v -0.097802 1.565982 0.741281
v -0.096108 1.577389 0.672461
v -0.070440 1.626866 0.667727
v -0.157179 1.353621 0.834215
v -0.137796 1.421101 0.830436
v -0.130409 1.581944 0.710197
v -0.161745 1.376154 0.821849
v -0.167758 1.401296 0.816468
v -0.180228 1.227853 0.921338
v -0.150632 1.459140 0.770971
v -0.159441 1.225730 0.923285
v -0.097153 1.509397 0.790523
v -0.097772 1.617057 0.635592
v -0.162776 1.428567 0.824991
v -0.100434 1.560851 0.743830
v -0.104705 1.519802 0.748965
v -0.124024 1.598497 0.697301
v -0.120708 1.570155 0.752275
v -0.170181 1.410000 0.842261
v -0.127314 1.435582 0.809312
v -0.109444 1.593823 0.713281
v -0.109222 1.518457 0.751489
v -0.110652 1.474873 0.775303
v -0.128568 1.393970 0.831347
v -0.182111 1.224061 0.922020
v -0.156186 1.255518 0.900578
v -0.107167 1.502625 0.791246
v -0.119775 1.519943 0.713647
v -0.126272 1.417238 0.808919
v -0.082099 1.635148 0.647900
v -0.173166 1.332173 0.879673
v -0.126547 1.416481 0.804748
v -0.111197 1.583633 0.713933
v -0.112580 1.552911 0.686335
v -0.140196 1.351590 0.873045
v -0.159205 1.280401 0.903576
v -0.138159 1.533821 0.789658
v -0.165144 1.332955 0.850616
v -0.166163 1.316619 0.888186
v -0.113192 1.544297 0.790336
v -0.161797 1.350305 0.845669
v -0.104919 1.471888 0.795417
v -0.180382 1.239562 0.916400
v -0.135965 1.541599 0.723608
v -0.111800 1.557823 0.755751
v -0.102529 1.521706 0.793425
v -0.119876 1.541466 0.740927
v -0.152566 1.318296 0.889671
v -0.125205 1.541962 0.798688
v -0.117336 1.495191 0.754069
v -0.127893 1.539652 0.779165
v -0.148483 1.300823 0.890921
v -0.168834 1.448265 0.819477
v -0.114890 1.484841 0.789860
v -0.123335 1.516976 0.714725
v -0.129628 1.394420 0.839280
v -0.142472 1.323964 0.866442
v -0.161508 1.370953 0.871854
v -0.128731 1.409862 0.828373
v -0.132232 1.576253 0.727496
v -0.098405 1.571407 0.748267
v -0.131148 1.546933 0.702633
v -0.110897 1.526707 0.734787
v -0.137090 1.411287 0.809340
v -0.118181 1.591725 0.753202
v -0.127319 1.594564 0.710081
v -0.131066 1.437433 0.838464
v -0.129870 1.467817 0.828192
v -0.111864 1.471925 0.778809
v -0.142373 1.366879 0.837879
v -0.098218 1.549213 0.730993
v -0.146121 1.307464 0.880302
v -0.124246 1.401752 0.823267
v -0.119915 1.588424 0.723806
v -0.113283 1.504652 0.793855
v -0.111063 1.505194 0.734997
v -0.117390 1.482590 0.752835
v -0.170864 1.444908 0.807704
v -0.105388 1.551948 0.777080
v -0.130330 1.583439 0.708978
v -0.162386 1.229254 0.914219
v -0.155656 1.371531 0.856009
v -0.093275 1.536464 0.779011
v -0.118368 1.574605 0.718579
v -0.137585 1.454910 0.816775
v -0.120849 1.583250 0.745845
v -0.147928 1.541116 0.734229
v -0.128189 1.584590 0.718017
v -0.141854 1.395300 0.817122
v -0.129043 1.420838 0.810181
v -0.137246 1.548440 0.741409
v -0.115742 1.513133 0.765232
v -0.092518 1.553252 0.742598
v -0.152273 1.291189 0.885302
v -0.164470 1.243492 0.904077
v -0.147203 1.525817 0.735174
v -0.159272 1.489226 0.765232
v -0.085610 1.600722 0.680973
v -0.164536 1.235690 0.923465
v -0.160603 1.302193 0.889824
v -0.141715 1.431079 0.846596
v -0.141089 1.369448 0.870016
v -0.146472 1.307061 0.882702
v -0.130132 1.514634 0.721972
v -0.150159 1.346106 0.883722
v -0.168824 1.308109 0.882475
v -0.106463 1.527994 0.735168
v -0.143771 1.528562 0.733086
v -0.129927 1.461533 0.825093
v -0.130645 1.515208 0.769560
v -0.134877 1.553076 0.759510
v -0.101532 1.571441 0.756504
v -0.123109 1.543415 0.780230
v -0.083545 1.722867 0.614883
v -0.111055 1.610454 0.678415
v -0.097732 1.577079 0.730094
v -0.084067 1.602992 0.711961
v -0.077149 1.590843 0.678072
v -0.132210 1.421631 0.832736
v -0.160439 1.477702 0.800104
v -0.159895 1.358766 0.827929
v -0.117840 1.577297 0.714639
v -0.175413 1.369891 0.860703
v -0.129957 1.409197 0.843533
v -0.141228 1.551161 0.753417
v -0.125452 1.439454 0.782754
v -0.168261 1.420120 0.815592
v -0.145417 1.528379 0.799161
v -0.092962 1.527533 0.772354
v -0.123784 1.534366 0.707700
v -0.119629 1.540864 0.793464
v -0.152135 1.334843 0.846695
v -0.125833 1.591304 0.722313
v -0.152714 1.484119 0.756452
v -0.117857 1.609206 0.676091
v -0.162654 1.472421 0.793458
v -0.155065 1.357103 0.832257
v -0.165862 1.380955 0.824993
v -0.161936 1.238225 0.918235
v -0.131510 1.520184 0.741811
v -0.178708 1.195574 0.940159
v -0.134188 1.483795 0.761432
v -0.150578 1.504859 0.747509
v -0.155547 1.280409 0.895187
v -0.131194 1.523761 0.714304
v -0.115375 1.558667 0.700957
v -0.165305 1.316149 0.861204
v -0.105168 1.658929 0.630943
v -0.165245 1.249639 0.910047
v -0.094559 1.534581 0.767053
v -0.108619 1.545624 0.724397
v -0.065224 1.752849 0.578342
v -0.108639 1.483013 0.803415
v -0.148863 1.533953 0.789434
v -0.153703 1.507685 0.761224
v -0.111633 1.525447 0.721036
v -0.133643 1.392134 0.830255
v -0.172071 1.235336 0.904182
v -0.116868 1.511212 0.800809
v -0.134033 1.519924 0.724499
v -0.112760 1.458392 0.810506
v -0.077251 1.624143 0.630619
v -0.168124 1.360801 0.874122
v -0.158297 1.408378 0.836916
v -0.169974 1.396815 0.824208
v -0.133429 1.565471 0.721369
v -0.138126 1.474104 0.751499
v -0.117420 1.560382 0.689656
v -0.144757 1.436710 0.789162
v -0.167936 1.327964 0.856879
v -0.123336 1.541636 0.694444
v -0.124175 1.574149 0.672359
v -0.129529 1.367480 0.850301
v -0.136141 1.494886 0.815820
v -0.169032 1.367697 0.837668
v -0.126084 1.541727 0.702987
v -0.140732 1.527871 0.751105
v -0.124659 1.415048 0.805716
v -0.128956 1.379837 0.845251
v -0.150252 1.280273 0.889314
v -0.135121 1.554392 0.759646
v -0.095459 1.569784 0.754365
v -0.148383 1.525363 0.776369
v -0.120266 1.522277 0.745194
v -0.140467 1.399370 0.804934
v -0.094066 1.542873 0.746927
v -0.119147 1.535395 0.736477
v -0.143509 1.323799 0.864829
v -0.130930 1.511061 0.775852
v -0.129812 1.552191 0.748375
v -0.111892 1.541667 0.697754
v -0.158453 1.307292 0.889838
v -0.123580 1.542093 0.696563
v -0.110726 1.523208 0.743082
v -0.128432 1.560400 0.688929
v -0.136454 1.493552 0.743938
v -0.150340 1.298990 0.875033
v -0.094798 1.572641 0.731884
v -0.114625 1.621731 0.706434
v -0.082477 1.575445 0.724565
v -0.105064 1.599718 0.668751
v -0.098454 1.622778 0.618100
v -0.116094 1.572446 0.743005
v -0.157479 1.499812 0.794636
v -0.114946 1.544927 0.722437
v -0.089068 1.583426 0.670906
v -0.101827 1.563264 0.685296
v -0.122838 1.429659 0.832036
v -0.165002 1.220151 0.922620
v -0.117051 1.563578 0.687865
v -0.126355 1.571317 0.751430
v -0.078884 1.652615 0.590981
v -0.100280 1.678278 0.603993
v -0.080809 1.594892 0.687537
v -0.112317 1.612663 0.727499
v -0.127222 1.590429 0.700654
v -0.144109 1.398860 0.821711
v -0.104450 1.563884 0.766407
v -0.118979 1.447073 0.800801
v -0.148395 1.292714 0.892256
v -0.124218 1.394756 0.833037
v -0.147094 1.545085 0.771067
v -0.144983 1.420474 0.792490
v -0.114500 1.523687 0.713974
v -0.131186 1.464302 0.759129
v -0.133687 1.338741 0.852810
v -0.138698 1.386466 0.815934
v -0.175289 1.230897 0.926948
v -0.115648 1.516915 0.750158
v -0.153138 1.261472 0.907025
v -0.104935 1.516931 0.746854
v -0.152456 1.524473 0.760830
v -0.112577 1.516558 0.731681
v -0.118240 1.541296 0.798188
v -0.145777 1.319678 0.861799
v -0.110883 1.525293 0.719804
v -0.136815 1.541635 0.739595
v -0.147329 1.515653 0.742327
v -0.139605 1.538121 0.752031
v -0.121104 1.493958 0.737807
v -0.129542 1.552565 0.766047
v -0.155641 1.297087 0.870499
v -0.130895 1.551004 0.707943
v -0.111172 1.584706 0.733262
v -0.061335 1.667976 0.624784
v -0.111813 1.560559 0.771117
v -0.155365 1.460678 0.780813
v -0.150683 1.424935 0.800671
v -0.146987 1.497127 0.758455
v -0.140246 1.440070 0.812881
v -0.159005 1.322285 0.852164
v -0.165773 1.306810 0.867128
v -0.171646 1.348267 0.876700
v -0.150079 1.405209 0.804555
v -0.170262 1.434331 0.810299
v -0.121548 1.565079 0.710594
v -0.119922 1.534829 0.719943
v -0.170328 1.288284 0.898006
v -0.096283 1.556597 0.725326
v -0.130502 1.519147 0.721205
v -0.163417 1.267885 0.904863
v -0.165829 1.304250 0.868779
v -0.150076 1.339727 0.844401
v -0.144384 1.364555 0.874342
v -0.120671 1.569520 0.761867
v -0.123135 1.552450 0.776691
v -0.132916 1.536447 0.718250
v -0.158241 1.254029 0.895717
v -0.128661 1.379688 0.834772
v -0.149281 1.361494 0.867422
v -0.155656 1.257367 0.898091
v -0.100046 1.530728 0.793806
v -0.129081 1.525737 0.743809
v -0.108612 1.548051 0.696041
v -0.110264 1.485436 0.775663
v -0.123608 1.542925 0.725524
v -0.119010 1.571141 0.757893
v -0.139285 1.537467 0.746636
v -0.153652 1.508810 0.791574
v -0.159446 1.318340 0.857627
v -0.153171 1.265604 0.898130
v -0.118548 1.499713 0.763445
v -0.112957 1.534410 0.707173
v -0.163063 1.267317 0.905445
v -0.119258 1.588846 0.687410
v -0.070762 1.632121 0.623827
v -0.137184 1.536086 0.714295
v -0.091629 1.528489 0.764860
v -0.173558 1.334554 0.877137
v -0.144411 1.532808 0.751278
v -0.157136 1.271538 0.887540
v -0.146047 1.266814 0.888822
v -0.147820 1.440221 0.791099
v -0.176454 1.212859 0.937467
v -0.143577 1.523630 0.798985
v -0.120761 1.562418 0.708661
v -0.126149 1.517375 0.741189
v -0.133997 1.503110 0.751417
v -0.084694 1.631533 0.667193
v -0.113905 1.548511 0.721844
v -0.106713 1.516917 0.745813
v -0.102396 1.577344 0.737302
v -0.069176 1.664068 0.637525
v -0.159252 1.459088 0.816435
v -0.163164 1.429669 0.826562
v -0.166122 1.420276 0.807324
v -0.120056 1.463368 0.797525
v -0.089936 1.675633 0.641438
v -0.145396 1.449646 0.834327
v -0.141042 1.440266 0.778719
v -0.134682 1.469717 0.765806
v -0.101556 1.678489 0.623961
v -0.101232 1.668828 0.647114
v -0.172240 1.375848 0.854290
v -0.148429 1.497237 0.745776
v -0.144589 1.455691 0.829349
v -0.173449 1.407215 0.827070
v -0.171896 1.414055 0.821468
v -0.166520 1.441417 0.823441
v -0.103086 1.576523 0.770109
v -0.150387 1.535248 0.766306
v -0.159184 1.438783 0.800133
v -0.150116 1.396929 0.849655
v -0.115989 1.444149 0.788977
v -0.114742 1.479001 0.794092
v -0.161877 1.445268 0.817788
v -0.161732 1.416199 0.806687
v -0.146625 1.478763 0.770517
v -0.224787 1.087319 0.988351
v -0.216794 1.098307 1.000580
v -0.213433 1.118756 0.943718
v -0.196547 1.136149 0.965320
v -0.246588 1.018731 0.983816
v -0.240009 1.020941 0.990238
v -0.245881 1.025331 1.015133
v -0.251523 1.020819 1.006727
v -0.237560 1.033638 1.029249
v -0.243706 1.038792 1.031536
v -0.225576 1.068788 0.939591
v -0.206543 1.125992 0.998549
v -0.207658 1.093731 0.952109
v -0.199865 1.134539 0.935244
v -0.195458 1.168330 0.929280
v -0.196308 1.189995 0.952286
v -0.193563 1.191271 0.926234
v -0.211229 1.140912 0.967275
v -0.201546 1.144329 0.979600
v -0.215129 1.094608 0.971294
v -0.224192 1.087037 0.971339
v -0.185296 1.153180 0.949577
v -0.220970 1.107677 0.951565
v -0.222006 1.070095 0.964556
v -0.218865 1.093189 0.951548
v -0.238461 1.071100 0.992498
v -0.233440 1.069185 0.983687
v -0.228540 1.100050 0.994466
v -0.237747 1.071087 0.999489
v -0.221305 1.084689 1.023302
v -0.231386 1.083830 1.025500
v -0.223156 1.120096 1.002767
v -0.240075 1.047378 1.057735
v -0.239514 1.047659 1.047340
v -0.222232 1.078114 0.932427
v -0.232062 1.067780 0.971464
v 0.315121 1.242519 -0.318255
v 0.309606 1.164694 -0.381537
v 0.305753 1.161476 -0.367841
v 0.329890 1.370669 -0.249640
v 0.326596 1.209340 -0.380199
v 0.335454 1.219173 -0.364831
v 0.328807 1.192045 -0.391504
v 0.320312 1.124112 -0.430100
v 0.300142 1.110060 -0.418260
v 0.301701 1.113796 -0.426465
v 0.299735 1.147452 -0.394316
v 0.297406 1.105987 -0.401267
v 0.291067 1.108006 -0.402888
v 0.292878 1.163100 -0.359916
v 0.336510 1.181967 -0.414067
v 0.333529 1.243749 -0.349866
v 0.317323 1.317027 -0.268553
v 0.328626 1.275949 -0.323049
v 0.347866 1.369172 -0.256519
v 0.331976 1.239500 -0.330872
v 0.300570 1.167943 -0.373060
v 0.310537 1.229347 -0.338913
v 0.328767 1.357175 -0.242604
v 0.311437 1.178326 -0.352505
v 0.323077 1.177305 -0.382942
v 0.310473 1.193848 -0.339648
v 0.308761 1.199616 -0.362001
v 0.330929 1.179428 -0.393086
v 0.311763 1.124753 -0.431247
v 0.319292 1.139132 -0.429497
v 0.302620 1.152569 -0.397483
v 0.310590 1.155930 -0.400069
v 0.293456 1.144002 -0.371884
v 0.291747 1.125741 -0.371337
v 0.278943 1.097279 -0.382995
v 0.283931 1.103824 -0.387164
v 0.337083 1.199461 -0.392263
v 0.339296 1.189490 -0.416845
v 0.318266 1.174497 -0.392116
v -0.404873 1.168729 0.098214
v -0.446763 1.103123 0.047466
v -0.451149 1.080408 0.042142
v -0.451112 1.033077 0.042148
v -0.404831 0.943924 0.098237
v -0.375233 1.177954 0.134141
v -0.360124 1.175606 0.152463
v -0.345598 1.168675 0.170083
v -0.332211 1.157424 0.186324
v -0.320479 1.142285 0.200561
v -0.310852 1.123839 0.212246
v -0.303699 1.102794 0.220930
v -0.299294 1.079959 0.226280
v -0.297808 1.056213 0.228088
v -0.299297 1.032467 0.226286
v -0.303702 1.009634 0.220943
v -0.310856 0.988592 0.212263
v -0.320482 0.970152 0.200581
v -0.332212 0.955021 0.186346
v -0.345584 0.943743 0.170123
v -0.360104 0.936800 0.152501
v -0.366524 1.175606 0.156230
v -0.358152 1.168675 0.177472
v -0.350438 1.157423 0.197051
v -0.343678 1.142284 0.214214
v -0.338132 1.123837 0.228301
v -0.334011 1.102792 0.238770
v -0.331474 1.079957 0.245217
v -0.330618 1.056210 0.247396
v -0.331475 1.032463 0.245223
v -0.334014 1.009630 0.238780
v -0.338135 0.988589 0.228316
v -0.343682 0.970149 0.214232
v -0.350435 0.955002 0.197082
v -0.358093 0.943426 0.177632
v -0.366481 0.936479 0.156331
v -0.375215 0.934530 0.134165
v -0.373776 1.175607 0.157834
v -0.372378 1.168676 0.180620
v -0.371092 1.157424 0.201621
v -0.369966 1.142284 0.220030
v -0.369043 1.123837 0.235140
v -0.368358 1.102792 0.246368
v -0.367936 1.079956 0.253283
v -0.367794 1.056209 0.255620
v -0.367937 1.032463 0.253287
v -0.368360 1.009630 0.246376
v -0.369046 0.988589 0.235152
v -0.369968 0.970149 0.220046
v -0.371092 0.955014 0.201643
v -0.372366 0.943401 0.180801
v -0.373758 0.936132 0.158018
v -0.381171 1.175609 0.157119
v -0.386884 1.168678 0.179217
v -0.392151 1.157427 0.199585
v -0.396769 1.142287 0.217438
v -0.400560 1.123840 0.232092
v -0.403377 1.102794 0.242981
v -0.405112 1.079959 0.249687
v -0.405698 1.056212 0.251953
v -0.405113 1.032466 0.249691
v -0.403378 1.009633 0.242988
v -0.400560 0.988592 0.232102
v -0.396769 0.970152 0.217452
v -0.392149 0.955023 0.199601
v -0.386889 0.943690 0.179276
v -0.381216 0.936020 0.157322
v -0.387984 1.175611 0.154155
v -0.400248 1.168682 0.173402
v -0.411552 1.157432 0.191142
v -0.421462 1.142292 0.206693
v -0.429595 1.123846 0.219455
v -0.435639 1.102801 0.228940
v -0.439361 1.079966 0.234781
v -0.440618 1.056219 0.236754
v -0.439361 1.032473 0.234784
v -0.435639 1.009641 0.228946
v -0.429594 0.988601 0.219464
v -0.421460 0.970161 0.206705
v -0.411548 0.955032 0.191157
v -0.400243 0.943780 0.173425
v -0.388071 0.936122 0.154312
v -0.393549 1.175614 0.149232
v -0.411162 1.168687 0.163744
v -0.427397 1.157439 0.177120
v -0.441628 1.142302 0.188845
v -0.453307 1.123857 0.198469
v -0.461986 1.102813 0.205620
v -0.467331 1.079979 0.210024
v -0.469135 1.056233 0.211512
v -0.467330 1.032488 0.210027
v -0.461984 1.009657 0.205625
v -0.453304 0.988617 0.198477
v -0.441623 0.970178 0.188856
v -0.427390 0.955047 0.177135
v -0.411158 0.943788 0.163767
v -0.393639 0.936304 0.149328
v -0.397320 1.175618 0.142832
v -0.418560 1.168695 0.151189
v -0.438135 1.157450 0.158892
v -0.455294 1.142317 0.165645
v -0.469375 1.123875 0.171187
v -0.479839 1.102834 0.175305
v -0.486282 1.080004 0.177842
v -0.488457 1.056261 0.178700
v -0.486280 1.032518 0.177845
v -0.479835 1.009688 0.175311
v -0.469369 0.988647 0.171195
v -0.455284 0.970206 0.165656
v -0.438123 0.955071 0.158907
v -0.418552 0.943808 0.151209
v -0.397387 0.936504 0.142878
v -0.398930 1.175622 0.135581
v -0.421717 1.168704 0.136966
v -0.442717 1.157466 0.138243
v -0.461123 1.142339 0.139363
v -0.476228 1.123905 0.140283
v -0.487451 1.102873 0.140967
v -0.494361 1.080050 0.141389
v -0.496693 1.056314 0.141532
v -0.494357 1.032575 0.141392
v -0.487442 1.009745 0.140973
v -0.476215 0.988701 0.140292
v -0.461107 0.970252 0.139376
v -0.442698 0.955106 0.138259
v -0.421699 0.943845 0.136985
v -0.398955 0.936711 0.135602
v -0.398221 1.175626 0.128190
v -0.420325 1.168714 0.122469
v -0.440694 1.157485 0.117197
v -0.458546 1.142370 0.112577
v -0.473195 1.123952 0.108787
v -0.484078 1.102938 0.105972
v -0.490778 1.080135 0.104238
v -0.493036 1.056415 0.103654
v -0.490768 1.032685 0.104241
v -0.484060 1.009852 0.105978
v -0.473171 0.988794 0.108797
v -0.458519 0.970323 0.112591
v -0.440666 0.955154 0.117214
v -0.420298 0.943876 0.122488
v -0.398209 0.936867 0.128208
v -0.395262 1.175629 0.121382
v -0.414520 1.168723 0.109116
v -0.432267 1.157504 0.097814
v -0.447820 1.142406 0.087911
v -0.460579 1.124012 0.079786
v -0.470055 1.103031 0.073752
v -0.475884 1.080267 0.070038
v -0.477845 1.056582 0.068785
v -0.475864 1.032869 0.070041
v -0.470020 1.010024 0.073760
v -0.460536 0.988930 0.079799
v -0.447776 0.970415 0.087928
v -0.432227 0.955209 0.097833
v -0.414487 0.943904 0.109137
v -0.395236 0.936931 0.121404
v -0.390343 1.175631 0.115823
v -0.418263 1.157518 0.081990
v -0.429997 1.142434 0.067777
v -0.439621 1.124065 0.056121
v -0.452615 1.056770 0.040346
v -0.446702 1.010210 0.047479
v -0.439553 0.989066 0.056140
v -0.429933 0.970499 0.067800
v -0.418210 0.955254 0.082014
v -0.390313 0.936940 0.115846
v -0.385280 0.954976 -0.133333
v -0.359053 0.972737 -0.168759
v -0.347665 0.987739 -0.183495
v -0.338028 1.006098 -0.195464
v -0.330510 1.027078 -0.204213
v -0.322897 1.073463 -0.210860
v -0.331413 1.140910 -0.192840
v -0.339236 1.159434 -0.180130
v -0.349134 1.174718 -0.164779
v -0.373570 1.193333 -0.128604
v -0.391924 0.955361 -0.136624
v -0.384785 0.962423 -0.158276
v -0.377968 0.973807 -0.178132
v -0.371734 0.989075 -0.195429
v -0.366324 1.007631 -0.209503
v -0.361945 1.028746 -0.219816
v -0.358767 1.051590 -0.225974
v -0.356912 1.075281 -0.227741
v -0.356447 1.098922 -0.225048
v -0.357390 1.121623 -0.217995
v -0.359704 1.142524 -0.206851
v -0.363302 1.160825 -0.192043
v -0.368047 1.175819 -0.174138
v -0.373758 1.186928 -0.153827
v -0.380214 1.193722 -0.131891
v -0.399261 0.955732 -0.137696
v -0.399175 0.963144 -0.160380
v -0.398858 0.974838 -0.181189
v -0.398322 0.990364 -0.199323
v -0.397586 1.009120 -0.214086
v -0.396681 1.030380 -0.224910
v -0.395640 1.053323 -0.231381
v -0.394504 1.077068 -0.233250
v -0.393315 1.100706 -0.230444
v -0.392119 1.123335 -0.223072
v -0.390961 1.144089 -0.211414
v -0.389886 1.162171 -0.195919
v -0.388936 1.176885 -0.177182
v -0.388147 1.187667 -0.155923
v -0.387551 1.194100 -0.132960
v -0.406572 0.956054 -0.136444
v -0.413517 0.963771 -0.157926
v -0.419679 0.975741 -0.177628
v -0.424822 0.991503 -0.194792
v -0.428748 1.010450 -0.208759
v -0.431306 1.031854 -0.218992
v -0.432397 1.054891 -0.225097
v -0.431980 1.078677 -0.226841
v -0.430069 1.102300 -0.224155
v -0.426740 1.124851 -0.217144
v -0.422118 1.145465 -0.206076
v -0.416383 1.163349 -0.191376
v -0.409754 1.177817 -0.173611
v -0.402487 1.188311 -0.153462
v -0.394861 1.194430 -0.131704
v -0.413142 0.956296 -0.132991
v -0.426405 0.964244 -0.151154
v -0.438391 0.976427 -0.167797
v -0.448639 0.992375 -0.182280
v -0.456754 1.011476 -0.194046
v -0.462425 1.032996 -0.202643
v -0.465433 1.056108 -0.207741
v -0.465662 1.079923 -0.209143
v -0.463104 1.103527 -0.206796
v -0.457857 1.126012 -0.200790
v -0.450122 1.146514 -0.191356
v -0.440198 1.164245 -0.178857
v -0.428465 1.178523 -0.163773
v -0.415375 1.188799 -0.146685
v -0.401431 1.194679 -0.128249
v -0.418328 0.956435 -0.127676
v -0.436579 0.964517 -0.140727
v -0.453161 0.976825 -0.152659
v -0.467438 0.992884 -0.163012
v -0.478860 1.012078 -0.171389
v -0.486988 1.033667 -0.177468
v -0.491509 1.056823 -0.181014
v -0.492249 1.080655 -0.181892
v -0.489180 1.104247 -0.180068
v -0.482419 1.126692 -0.175612
v -0.472227 1.147127 -0.168695
v -0.458995 1.164767 -0.159585
v -0.443233 1.178934 -0.148630
v -0.425546 1.189082 -0.136253
v -0.406616 1.194824 -0.122930
v -0.421622 0.956455 -0.121017
v -0.443040 0.964561 -0.127666
v -0.462543 0.976891 -0.133696
v -0.479379 0.992971 -0.138877
v -0.492901 1.012183 -0.143008
v -0.502589 1.033786 -0.145932
v -0.508071 1.056951 -0.147535
v -0.509135 1.080787 -0.147757
v -0.505741 1.104377 -0.146588
v -0.498019 1.126815 -0.144074
v -0.486266 1.147238 -0.140312
v -0.470934 1.164861 -0.135446
v -0.452612 1.179007 -0.129664
v -0.432006 1.189132 -0.123189
v -0.409909 1.194849 -0.116270
v -0.422701 0.956356 -0.113668
v -0.445157 0.964369 -0.113249
v -0.465616 0.976615 -0.112765
v -0.483290 0.992622 -0.112236
v -0.497501 1.011774 -0.111682
v -0.507700 1.033333 -0.111124
v -0.513496 1.056471 -0.110583
v -0.514666 1.080298 -0.110080
v -0.511166 1.103898 -0.109635
v -0.503129 1.126364 -0.109265
v -0.490864 1.146832 -0.108984
v -0.474844 1.164515 -0.108804
v -0.455684 1.178734 -0.108732
v -0.434122 1.188944 -0.108770
v -0.410987 1.194752 -0.108919
v -0.421460 0.956146 -0.106347
v -0.442722 0.963958 -0.098888
v -0.462081 0.976021 -0.091916
v -0.478791 0.991867 -0.085700
v -0.492209 1.010887 -0.080478
v -0.501820 1.032349 -0.076451
v -0.507254 1.055427 -0.073774
v -0.508301 1.079233 -0.072550
v -0.504922 1.102853 -0.072826
v -0.497247 1.125380 -0.074592
v -0.485570 1.145946 -0.077779
v -0.470342 1.163761 -0.082267
v -0.452147 1.178141 -0.087881
v -0.431685 1.188535 -0.094409
v -0.409744 1.194544 -0.101598
v -0.399112 0.952887 -0.114007
v -0.418020 0.955845 -0.099772
v -0.435974 0.963369 -0.085989
v -0.452283 0.975165 -0.073190
v -0.466320 0.990779 -0.061865
v -0.477545 1.009608 -0.052451
v -0.485525 1.030927 -0.045309
v -0.489955 1.053918 -0.040714
v -0.490663 1.077695 -0.038842
v -0.487622 1.101344 -0.039765
v -0.480950 1.123958 -0.043449
v -0.470904 1.144665 -0.049752
v -0.457869 1.162672 -0.058431
v -0.442347 1.177286 -0.069155
v -0.424935 1.187945 -0.081510
v -0.406303 1.194243 -0.095022
v -0.412717 0.955483 -0.094585
v -0.425572 0.962657 -0.075815
v -0.437182 0.974132 -0.058420
v -0.447100 0.989463 -0.043066
v -0.454944 1.008060 -0.030346
v -0.460412 1.029208 -0.020747
v -0.463294 1.052092 -0.014638
v -0.463479 1.075832 -0.012255
v -0.460960 1.099518 -0.013690
v -0.455835 1.122237 -0.018887
v -0.448300 1.143116 -0.027646
v -0.438646 1.161355 -0.039633
v -0.427244 1.176250 -0.054385
v -0.414532 1.187232 -0.071337
v -0.401001 1.193879 -0.089837
v -0.387169 1.195938 -0.109174
v -0.371754 0.961676 -0.151821
v -0.325402 1.049830 -0.209410
v -0.323087 1.097095 -0.208502
v -0.325961 1.119862 -0.202420
v -0.360727 1.186166 -0.147380
v 0.021183 0.600553 0.173143
v 0.050435 0.673867 0.178430
v 0.056950 0.615680 0.170807
v 0.064302 0.695334 0.089798
v 0.049127 0.575756 0.127051
v 0.040606 0.575892 0.144193
v 0.020976 0.582533 0.158264
v 0.029731 0.563506 0.127475
v 0.064381 0.689271 0.086405
v 0.006845 0.558547 0.116054
v 0.057693 0.687598 0.084785
v 0.002140 0.551222 0.103161
v -0.027981 0.548201 0.094597
v -0.060658 0.534393 0.080812
v 0.067896 0.687187 0.073957
v 0.077239 0.687405 0.063644
v -0.074093 0.524306 0.068760
v 0.050419 0.697796 0.000271
v -0.170516 0.525428 0.063916
v 0.021482 0.691808 -0.020186
v 0.026059 0.694498 -0.039440
v 0.021877 0.701981 -0.084508
v 0.054234 0.708020 -0.067210
v -0.198561 0.512838 0.031551
v -0.185979 0.509258 -0.008653
v -0.191561 0.513976 0.011831
v 0.002303 0.705991 -0.101028
v -0.126311 0.496474 -0.028681
v -0.090879 0.497190 -0.090439
v -0.058492 0.695651 -0.111237
v -0.097484 0.499805 -0.096173
v -0.082289 0.499980 -0.115399
v -0.129407 0.512932 -0.145696
v -0.096184 0.512816 -0.179616
v -0.056874 0.701402 -0.156318
v -0.137238 0.711458 -0.184192
v -0.076986 0.548991 -0.221381
v -0.208107 0.719829 -0.211021
v -0.032013 0.552425 -0.248503
v -0.089216 0.575013 -0.270196
v -0.077933 0.624156 -0.286373
v -0.150153 0.716111 -0.234850
v -0.117657 0.702935 -0.250315
v -0.100246 0.638923 -0.301265
v -0.102422 0.660790 -0.287993
v -0.121991 0.669473 -0.300207
v 0.100015 0.689551 0.105320
v 0.065278 0.598357 0.151117
v 0.091505 0.664088 0.155857
v 0.097345 0.611920 0.149022
v 0.103937 0.683334 0.076393
v 0.090332 0.576126 0.109792
v 0.082692 0.576248 0.125161
v 0.065093 0.582202 0.137777
v 0.072942 0.565143 0.110173
v 0.104008 0.677898 0.073351
v 0.052424 0.560697 0.099934
v 0.098012 0.676398 0.071899
v 0.048206 0.554129 0.088374
v 0.021200 0.551421 0.080696
v -0.008097 0.539042 0.068337
v 0.107159 0.676030 0.062191
v 0.115536 0.676225 0.052945
v -0.020142 0.529998 0.057532
v 0.091490 0.685541 -0.003873
v -0.106590 0.531004 0.053188
v 0.065546 0.680173 -0.022214
v 0.069650 0.682585 -0.039476
v 0.065900 0.689293 -0.079882
v 0.094910 0.694708 -0.064373
v -0.131734 0.519717 0.024171
v -0.120454 0.516507 -0.011874
v -0.125458 0.520737 0.006492
v 0.048352 0.692888 -0.094692
v -0.066958 0.505045 -0.029830
v -0.035191 0.505687 -0.085200
v -0.006154 0.683618 -0.103845
v -0.041113 0.508032 -0.090340
v -0.027490 0.508188 -0.107578
v -0.069734 0.519800 -0.134740
v -0.039948 0.519697 -0.165151
v -0.004704 0.688774 -0.144263
v -0.076755 0.697790 -0.169254
v -0.022735 0.552129 -0.202595
v -0.140293 0.705295 -0.193307
v 0.017585 0.555208 -0.226912
v -0.033700 0.575460 -0.246361
v -0.023584 0.619519 -0.260865
v -0.088334 0.701962 -0.214672
v -0.059200 0.690148 -0.228537
v -0.043589 0.632759 -0.274216
v -0.045540 0.652364 -0.262317
v -0.063085 0.660148 -0.273268
v 0.122841 0.671306 0.077149
v 0.094848 0.597816 0.114055
v 0.115983 0.650786 0.117875
v 0.120690 0.608746 0.112367
v 0.126001 0.666296 0.053838
v 0.131381 0.575786 0.056513
v 0.108881 0.579999 0.093138
v 0.094699 0.584797 0.103305
v 0.101024 0.571050 0.081060
v 0.126059 0.661915 0.051387
v 0.084489 0.567467 0.072808
v 0.121227 0.660706 0.050217
v 0.081090 0.562175 0.063493
v 0.059327 0.559992 0.057306
v 0.035718 0.550016 0.047346
v 0.128599 0.660409 0.042393
v 0.135349 0.660567 0.034942
v 0.026012 0.542728 0.038639
v 0.115971 0.668074 -0.010845
v -0.043654 0.543539 0.035138
v 0.095064 0.663748 -0.025625
v 0.098371 0.665691 -0.039536
v 0.095350 0.671098 -0.072098
v 0.118727 0.675461 -0.059600
v -0.063916 0.534443 0.011755
v -0.054826 0.531856 -0.017292
v -0.058858 0.535265 -0.002492
v 0.081208 0.673995 -0.084033
v -0.011716 0.522620 -0.031763
v 0.013884 0.523137 -0.076383
v 0.037284 0.666524 -0.091409
v 0.009112 0.525026 -0.080525
v 0.020090 0.525153 -0.094416
v -0.013953 0.534510 -0.116306
v 0.010051 0.534427 -0.140813
v 0.038452 0.670679 -0.123980
v -0.019610 0.677945 -0.144119
v 0.023922 0.560563 -0.170987
v -0.070813 0.683993 -0.163503
v 0.056414 0.563044 -0.190584
v 0.015086 0.579364 -0.206256
v 0.023238 0.614870 -0.217944
v -0.028941 0.681307 -0.180719
v -0.005463 0.671787 -0.191893
v 0.007117 0.625539 -0.228704
v 0.005544 0.641338 -0.219115
v -0.008595 0.647611 -0.227939
v 0.146391 0.640998 0.044929
v 0.122204 0.589416 0.071666
v 0.140330 0.626544 0.074434
v 0.141463 0.595918 0.070444
v 0.148404 0.637208 0.028042
v 0.135824 0.575384 0.047540
v 0.121394 0.580018 0.063878
v 0.125222 0.569745 0.047763
v 0.148209 0.634040 0.026266
v 0.113083 0.568048 0.041785
v 0.144653 0.633428 0.025418
v 0.110342 0.564408 0.035036
v 0.094502 0.564005 0.030554
v 0.076907 0.558071 0.023338
v 0.149963 0.632816 0.019750
v 0.154848 0.632565 0.014352
v 0.069502 0.553330 0.017030
v 0.141254 0.639034 -0.018819
v 0.019215 0.557673 0.014494
v 0.125916 0.637036 -0.029527
v 0.128410 0.638262 -0.039605
v 0.126519 0.642331 -0.063194
v 0.143643 0.644222 -0.054140
v 0.004086 0.552194 -0.002446
v 0.010514 0.549835 -0.023490
v 0.007784 0.552516 -0.012768
v 0.116458 0.645187 -0.071841
v 0.041160 0.540837 -0.033973
v 0.059683 0.539830 -0.066299
v 0.084322 0.642159 -0.077185
v 0.056337 0.541453 -0.069300
v 0.064276 0.540952 -0.079364
v 0.040186 0.549548 -0.095222
v 0.057523 0.548193 -0.112976
v 0.085390 0.645098 -0.100781
v 0.043835 0.653478 -0.115371
v 0.068954 0.566327 -0.134837
v 0.007169 0.660609 -0.129414
v 0.092561 0.566367 -0.149033
v 0.063584 0.580387 -0.160388
v 0.071388 0.605598 -0.168855
v 0.037275 0.656410 -0.141887
v 0.053723 0.648266 -0.149982
v 0.060317 0.614176 -0.176650
v 0.060033 0.625674 -0.169703
v 0.050157 0.630969 -0.176096
v 0.183826 0.602963 0.024159
v 0.179251 0.602045 0.046429
v 0.185346 0.602722 0.011412
v 0.185198 0.602521 0.010071
v 0.182514 0.602482 0.009431
v 0.186522 0.602444 0.005153
v 0.190210 0.602428 0.001078
v 0.179948 0.602838 -0.023960
v 0.168371 0.602712 -0.032042
v 0.143320 0.597202 -0.046143
v 0.118377 0.596539 -0.059798
v 0.115852 0.596642 -0.062063
v 0.121844 0.596611 -0.069660
v 0.103660 0.597156 -0.081629
v 0.106415 0.603756 -0.096839
v 0.125375 0.598222 -0.111532
v 0.113879 0.603425 -0.122963
v 0.127213 0.600715 -0.137209
v 0.118856 0.601260 -0.143093
v -0.145663 0.772343 0.258796
v -0.147268 0.773226 0.258373
v -0.144307 0.771057 0.258598
v -0.143434 0.769589 0.257811
v -0.143194 0.768195 0.256574
v -0.143630 0.767114 0.255098
v -0.144666 0.766535 0.253641
v -0.146123 0.766556 0.252452
v -0.147748 0.767175 0.251739
v -0.149262 0.768284 0.251624
v -0.150401 0.769692 0.252128
v -0.150970 0.771155 0.253162
v -0.150869 0.772420 0.254549
v -0.150117 0.773269 0.256049
v -0.148843 0.773554 0.257401
v -0.183846 0.708269 0.290879
v -0.185762 0.709121 0.290483
v -0.182038 0.707235 0.290412
v -0.180652 0.706198 0.289165
v -0.179926 0.705337 0.287352
v -0.179987 0.704801 0.285287
v -0.180824 0.704683 0.283328
v -0.182292 0.705003 0.281812
v -0.184137 0.705705 0.281002
v -0.186041 0.706669 0.281039
v -0.187673 0.707728 0.281915
v -0.188753 0.708698 0.283479
v -0.189093 0.709412 0.285461
v -0.188634 0.709746 0.287519
v -0.187456 0.709643 0.289295
v -0.212780 0.650618 0.304293
v -0.213824 0.651082 0.304078
v -0.211796 0.650055 0.304039
v -0.211041 0.649491 0.303360
v -0.210646 0.649022 0.302373
v -0.210679 0.648730 0.301249
v -0.211135 0.648665 0.300182
v -0.211934 0.648840 0.299356
v -0.212939 0.649222 0.298915
v -0.213976 0.649747 0.298935
v -0.214865 0.650323 0.299412
v -0.215453 0.650852 0.300264
v -0.215638 0.651241 0.301344
v -0.215388 0.651423 0.302464
v -0.214746 0.651367 0.303431
v -0.224963 0.626417 0.308062
v -0.198577 0.779970 0.236014
v -0.199950 0.780332 0.234782
v -0.197123 0.779021 0.236735
v -0.195841 0.777649 0.236822
v -0.194952 0.776091 0.236259
v -0.194609 0.774617 0.235144
v -0.194872 0.773482 0.233669
v -0.195696 0.772882 0.232089
v -0.196938 0.772920 0.230678
v -0.198382 0.773590 0.229680
v -0.199781 0.774776 0.229267
v -0.200891 0.776274 0.229510
v -0.201521 0.777824 0.230368
v -0.201561 0.779157 0.231692
v -0.201006 0.780045 0.233254
v -0.255210 0.723662 0.274750
v -0.256873 0.723929 0.273440
v -0.253267 0.722990 0.275322
v -0.251379 0.722032 0.275057
v -0.249873 0.720951 0.274000
v -0.249009 0.719935 0.272334
v -0.248937 0.719160 0.270347
v -0.249669 0.718759 0.268383
v -0.251079 0.718802 0.266781
v -0.252922 0.719282 0.265819
v -0.254880 0.720115 0.265662
v -0.256615 0.721158 0.266338
v -0.257826 0.722230 0.267730
v -0.258305 0.723145 0.269597
v -0.257967 0.723746 0.271617
v -0.280306 0.665866 0.294003
v -0.281211 0.666012 0.293289
v -0.279247 0.665501 0.294315
v -0.278219 0.664979 0.294170
v -0.277399 0.664390 0.293594
v -0.276929 0.663837 0.292687
v -0.276890 0.663415 0.291605
v -0.277288 0.663196 0.290536
v -0.278056 0.663220 0.289663
v -0.279060 0.663481 0.289139
v -0.280126 0.663935 0.289054
v -0.281071 0.664503 0.289422
v -0.281730 0.665087 0.290180
v -0.281991 0.665585 0.291197
v -0.281807 0.665912 0.292297
v -0.290099 0.641148 0.300438
v -0.291947 0.800146 0.150404
v -0.290447 0.800051 0.151647
v -0.288906 0.799236 0.152521
v -0.287591 0.797840 0.152876
v -0.286728 0.796106 0.152649
v -0.286467 0.794333 0.151879
v -0.286854 0.792827 0.150701
v -0.287820 0.791850 0.149318
v -0.289200 0.791569 0.147968
v -0.290754 0.792034 0.146886
v -0.292214 0.793165 0.146258
v -0.293328 0.794764 0.146193
v -0.293902 0.796557 0.146702
v -0.293838 0.798233 0.147698
v -0.293146 0.799503 0.149007
v -0.320776 0.765456 0.189745
v -0.322283 0.765488 0.188622
v -0.319117 0.764836 0.190375
v -0.317593 0.763735 0.190404
v -0.316468 0.762345 0.189827
v -0.315935 0.760905 0.188742
v -0.316088 0.759664 0.187339
v -0.316900 0.758836 0.185858
v -0.318230 0.758566 0.184558
v -0.319848 0.758899 0.183661
v -0.321475 0.759779 0.183324
v -0.322829 0.761052 0.183604
v -0.323677 0.762499 0.184454
v -0.323871 0.763870 0.185726
v -0.323378 0.764927 0.187200
v -0.345984 0.699365 0.229611
v -0.347763 0.699246 0.228437
v -0.343911 0.699102 0.230041
v -0.341900 0.698502 0.229652
v -0.340300 0.697668 0.228511
v -0.339388 0.696746 0.226817
v -0.339321 0.695894 0.224862
v -0.340110 0.695260 0.222983
v -0.341620 0.694953 0.221507
v -0.343589 0.695026 0.220687
v -0.345677 0.695468 0.220667
v -0.347522 0.696201 0.221448
v -0.348806 0.697098 0.222897
v -0.349307 0.698005 0.224763
v -0.348938 0.698765 0.226722
v -0.358012 0.638989 0.253080
v -0.358980 0.638924 0.252440
v -0.356882 0.638845 0.253314
v -0.355787 0.638518 0.253102
v -0.354916 0.638065 0.252481
v -0.354419 0.637562 0.251558
v -0.354383 0.637098 0.250493
v -0.354813 0.636753 0.249471
v -0.355635 0.636586 0.248666
v -0.356707 0.636626 0.248220
v -0.357844 0.636866 0.248209
v -0.358849 0.637265 0.248635
v -0.359548 0.637754 0.249423
v -0.359821 0.638248 0.250439
v -0.359620 0.638662 0.251507
v -0.362373 0.613247 0.261246
v -0.335983 0.848879 0.074952
v -0.362599 0.825803 0.101668
v -0.334341 0.849042 0.076621
v -0.361235 0.825938 0.103055
v -0.332378 0.848450 0.077763
v -0.359604 0.825446 0.104004
v -0.330432 0.847205 0.078179
v -0.357987 0.824412 0.104350
v -0.328841 0.845522 0.077799
v -0.356665 0.823013 0.104034
v -0.327879 0.843693 0.076687
v -0.355865 0.821493 0.103110
v -0.327713 0.842033 0.075036
v -0.355727 0.820114 0.101738
v -0.328371 0.840830 0.073132
v -0.356274 0.819114 0.100156
v -0.329740 0.840291 0.071303
v -0.357412 0.818666 0.098636
v -0.331582 0.840510 0.069866
v -0.358943 0.818848 0.097442
v -0.333580 0.841449 0.069069
v -0.360603 0.819629 0.096780
v -0.335388 0.842946 0.069051
v -0.362105 0.820872 0.096765
v -0.336693 0.844741 0.069814
v -0.363190 0.822364 0.097398
v -0.337270 0.846525 0.071226
v -0.363669 0.823847 0.098572
v -0.337019 0.847988 0.073043
v -0.363460 0.825063 0.100082
v -0.383787 0.779728 0.133455
v -0.385151 0.779515 0.132178
v -0.382077 0.779487 0.134198
v -0.380316 0.778833 0.134279
v -0.378809 0.777880 0.133684
v -0.377816 0.776792 0.132515
v -0.377509 0.775758 0.130976
v -0.377941 0.774956 0.129332
v -0.379038 0.774524 0.127867
v -0.380609 0.774538 0.126835
v -0.382383 0.774995 0.126414
v -0.384053 0.775817 0.126677
v -0.385331 0.776860 0.127578
v -0.385996 0.777945 0.128962
v -0.385932 0.778884 0.130589
v -0.392898 0.704546 0.162735
v -0.394475 0.704123 0.161362
v -0.390873 0.704782 0.163366
v -0.388751 0.704791 0.163144
v -0.386898 0.704571 0.162108
v -0.385635 0.704161 0.160438
v -0.385180 0.703631 0.158421
v -0.385613 0.703073 0.156407
v -0.386857 0.702583 0.154744
v -0.388699 0.702247 0.153720
v -0.390819 0.702121 0.153511
v -0.392851 0.702229 0.154154
v -0.394443 0.702551 0.155537
v -0.395321 0.703031 0.157422
v -0.395333 0.703588 0.159482
v -0.389652 0.640522 0.177942
v -0.390511 0.640292 0.177194
v -0.388549 0.640651 0.178286
v -0.387394 0.640656 0.178165
v -0.386385 0.640536 0.177601
v -0.385697 0.640313 0.176691
v -0.385449 0.640024 0.175593
v -0.385685 0.639720 0.174496
v -0.386363 0.639454 0.173591
v -0.387365 0.639270 0.173033
v -0.388520 0.639202 0.172919
v -0.389626 0.639261 0.173269
v -0.390494 0.639436 0.174023
v -0.390972 0.639698 0.175049
v -0.390978 0.640001 0.176171
v -0.387388 0.613678 0.182696
v -0.375610 0.803767 0.026417
v -0.384389 0.806793 0.039425
v -0.375382 0.803762 0.028070
v -0.384122 0.806787 0.041357
v -0.374800 0.803193 0.029527
v -0.383442 0.806122 0.043060
v -0.373965 0.802159 0.030536
v -0.382466 0.804914 0.044239
v -0.373020 0.800839 0.030923
v -0.381362 0.803371 0.044691
v -0.372130 0.799460 0.030620
v -0.380321 0.801760 0.044337
v -0.371448 0.798262 0.029680
v -0.379524 0.800359 0.043238
v -0.371092 0.797451 0.028265
v -0.379108 0.799411 0.041585
v -0.371123 0.797168 0.026621
v -0.379145 0.799080 0.039663
v -0.371537 0.797461 0.025031
v -0.379629 0.799423 0.037805
v -0.372262 0.798280 0.023770
v -0.380476 0.800380 0.036332
v -0.373172 0.799484 0.023057
v -0.381539 0.801787 0.035499
v -0.374110 0.800863 0.023015
v -0.382635 0.803399 0.035449
v -0.374914 0.802181 0.023650
v -0.383575 0.804939 0.036192
v -0.375444 0.803208 0.024854
v -0.384195 0.806139 0.037598
v -0.424763 0.763770 0.049484
v -0.425103 0.763700 0.047637
v -0.423872 0.763344 0.051084
v -0.422585 0.762495 0.052160
v -0.421124 0.761370 0.052525
v -0.419741 0.760164 0.052116
v -0.418676 0.759085 0.051005
v -0.418112 0.758319 0.049383
v -0.418148 0.758000 0.047531
v -0.418777 0.758182 0.045768
v -0.419890 0.758834 0.044401
v -0.421295 0.759843 0.043665
v -0.422749 0.761035 0.043687
v -0.424000 0.762203 0.044464
v -0.424833 0.763146 0.045861
v -0.456876 0.690429 0.062994
v -0.457348 0.690174 0.060929
v -0.455621 0.690439 0.064720
v -0.453801 0.690204 0.065809
v -0.451729 0.689764 0.066071
v -0.449765 0.689195 0.065462
v -0.448247 0.688596 0.064087
v -0.447439 0.688069 0.062183
v -0.447479 0.687707 0.060081
v -0.448362 0.687571 0.058142
v -0.449934 0.687686 0.056704
v -0.451923 0.688031 0.056013
v -0.453986 0.688547 0.056191
v -0.455766 0.689144 0.057205
v -0.456955 0.689720 0.058881
v -0.469649 0.626617 0.073272
v -0.469906 0.626478 0.072147
v -0.468966 0.626623 0.074212
v -0.467975 0.626495 0.074805
v -0.466847 0.626255 0.074947
v -0.465777 0.625945 0.074616
v -0.464951 0.625618 0.073867
v -0.464510 0.625332 0.072830
v -0.464532 0.625134 0.071685
v -0.465013 0.625061 0.070630
v -0.465869 0.625123 0.069847
v -0.466952 0.625311 0.069471
v -0.468076 0.625592 0.069567
v -0.469045 0.625917 0.070119
v -0.469693 0.626231 0.071032
v -0.473316 0.599741 0.076820
v -0.372638 0.798852 -0.007995
v -0.413387 0.781700 -0.008237
v -0.372299 0.798182 -0.005771
v -0.413106 0.781144 -0.006389
v -0.371526 0.796794 -0.004044
v -0.412463 0.779990 -0.004953
v -0.370453 0.794926 -0.003112
v -0.411572 0.778438 -0.004179
v -0.369265 0.792902 -0.003137
v -0.410585 0.776756 -0.004200
v -0.368168 0.791072 -0.004114
v -0.409673 0.775235 -0.005011
v -0.367351 0.789752 -0.005874
v -0.408994 0.774139 -0.006474
v -0.366955 0.789170 -0.008113
v -0.408665 0.773655 -0.008335
v -0.367050 0.789428 -0.010444
v -0.408744 0.773869 -0.010272
v -0.367618 0.790479 -0.012463
v -0.409216 0.774743 -0.011950
v -0.368562 0.792144 -0.013823
v -0.410000 0.776126 -0.013079
v -0.369717 0.794133 -0.014286
v -0.410960 0.777780 -0.013465
v -0.370886 0.796103 -0.013774
v -0.411931 0.779417 -0.013039
v -0.371864 0.797714 -0.012375
v -0.412744 0.780755 -0.011877
v -0.372484 0.798686 -0.010331
v -0.413259 0.781563 -0.010178
v -0.456829 0.740541 -0.009169
v -0.457189 0.741006 -0.010954
v -0.455960 0.739629 -0.007773
v -0.454732 0.738428 -0.007009
v -0.453358 0.737146 -0.007009
v -0.452074 0.736004 -0.007772
v -0.451104 0.735199 -0.009167
v -0.450614 0.734872 -0.010952
v -0.450690 0.735078 -0.012819
v -0.451318 0.735782 -0.014445
v -0.452390 0.736862 -0.015549
v -0.453720 0.738132 -0.015940
v -0.455079 0.739371 -0.015550
v -0.456231 0.740366 -0.014447
v -0.456977 0.740944 -0.012821
v -0.494311 0.668778 -0.015323
v -0.494819 0.669136 -0.017365
v -0.493045 0.668224 -0.013697
v -0.491238 0.667571 -0.012768
v -0.489204 0.666930 -0.012697
v -0.487294 0.666413 -0.013496
v -0.485838 0.666109 -0.015026
v -0.485088 0.666071 -0.017024
v -0.485174 0.666305 -0.019143
v -0.486081 0.666770 -0.021018
v -0.487652 0.667388 -0.022324
v -0.489615 0.668049 -0.022835
v -0.491631 0.668641 -0.022463
v -0.493352 0.669061 -0.021273
v -0.494480 0.669236 -0.019469
v -0.511814 0.605672 -0.022539
v -0.512090 0.605867 -0.023651
v -0.511124 0.605370 -0.021654
v -0.510140 0.605014 -0.021148
v -0.509032 0.604665 -0.021109
v -0.507992 0.604384 -0.021544
v -0.507199 0.604218 -0.022377
v -0.506791 0.604198 -0.023465
v -0.506838 0.604325 -0.024619
v -0.507332 0.604579 -0.025640
v -0.508187 0.604915 -0.026351
v -0.509256 0.605275 -0.026630
v -0.510354 0.605597 -0.026427
v -0.511291 0.605826 -0.025779
v -0.511905 0.605921 -0.024797
v -0.517483 0.579187 -0.026378
v -0.381372 0.792206 -0.089105
v -0.420479 0.771998 -0.093233
v -0.381407 0.791939 -0.086773
v -0.420508 0.771776 -0.091296
v -0.380889 0.790919 -0.084724
v -0.420078 0.770928 -0.089593
v -0.379909 0.789322 -0.083311
v -0.419262 0.769601 -0.088418
v -0.378634 0.787424 -0.082779
v -0.418203 0.768024 -0.087976
v -0.377286 0.785554 -0.083220
v -0.417084 0.766470 -0.088343
v -0.376099 0.784034 -0.084557
v -0.416096 0.765208 -0.089454
v -0.375276 0.783128 -0.086560
v -0.415413 0.764455 -0.091118
v -0.374961 0.782993 -0.088881
v -0.415151 0.764342 -0.093047
v -0.375207 0.783650 -0.091121
v -0.415356 0.764888 -0.094908
v -0.375973 0.784988 -0.092891
v -0.415992 0.766000 -0.096379
v -0.377126 0.786774 -0.093885
v -0.416950 0.767484 -0.097205
v -0.378466 0.788700 -0.093932
v -0.418064 0.769085 -0.097244
v -0.379763 0.790433 -0.093023
v -0.419141 0.770525 -0.096489
v -0.380790 0.791673 -0.091315
v -0.419995 0.771555 -0.095070
v -0.460882 0.727854 -0.094278
v -0.460936 0.727990 -0.096152
v -0.460234 0.727256 -0.092618
v -0.459105 0.726300 -0.091458
v -0.457689 0.725150 -0.091000
v -0.456232 0.724007 -0.091323
v -0.454986 0.723067 -0.092370
v -0.454166 0.722493 -0.093961
v -0.453913 0.722384 -0.095821
v -0.454272 0.722759 -0.097627
v -0.455181 0.723554 -0.099069
v -0.456481 0.724630 -0.099896
v -0.457949 0.725802 -0.099965
v -0.459331 0.726867 -0.099265
v -0.460388 0.727641 -0.097916
v -0.492927 0.653250 -0.094013
v -0.493075 0.653226 -0.096142
v -0.491949 0.653074 -0.092125
v -0.490309 0.652730 -0.090804
v -0.488291 0.652277 -0.090278
v -0.486244 0.651793 -0.090638
v -0.484522 0.651361 -0.091822
v -0.483423 0.651058 -0.093626
v -0.483136 0.650934 -0.095737
v -0.483712 0.651012 -0.097790
v -0.485050 0.651278 -0.099431
v -0.486920 0.651686 -0.100375
v -0.488998 0.652165 -0.100460
v -0.490924 0.652633 -0.099671
v -0.492366 0.653008 -0.098143
v -0.505597 0.588604 -0.092913
v -0.505678 0.588592 -0.094072
v -0.505064 0.588509 -0.091884
v -0.504171 0.588321 -0.091165
v -0.503073 0.588074 -0.090878
v -0.501958 0.587811 -0.091074
v -0.501020 0.587576 -0.091719
v -0.500422 0.587411 -0.092702
v -0.500265 0.587344 -0.093851
v -0.500579 0.587386 -0.094969
v -0.501308 0.587531 -0.095863
v -0.502326 0.587753 -0.096377
v -0.503457 0.588014 -0.096423
v -0.504506 0.588268 -0.095993
v -0.505292 0.588473 -0.095161
v -0.509122 0.561477 -0.092953
v -0.346091 0.791325 -0.104518
v -0.388907 0.786162 -0.114256
v -0.346476 0.790817 -0.102260
v -0.389228 0.785740 -0.112379
v -0.346557 0.789451 -0.100352
v -0.389294 0.784606 -0.110794
v -0.346317 0.787464 -0.099127
v -0.389096 0.782954 -0.109775
v -0.345800 0.785199 -0.098794
v -0.388666 0.781072 -0.109499
v -0.345094 0.783048 -0.099413
v -0.388079 0.779284 -0.110013
v -0.344322 0.781382 -0.100875
v -0.387438 0.777900 -0.111228
v -0.343617 0.780491 -0.102928
v -0.386852 0.777159 -0.112934
v -0.343101 0.780527 -0.105217
v -0.386423 0.777189 -0.114837
v -0.342863 0.781484 -0.107347
v -0.386225 0.777985 -0.116606
v -0.342944 0.783198 -0.108948
v -0.386292 0.779409 -0.117937
v -0.343331 0.785372 -0.109745
v -0.386614 0.781215 -0.118599
v -0.343956 0.787629 -0.109598
v -0.387133 0.783091 -0.118477
v -0.344711 0.789580 -0.108535
v -0.387761 0.784713 -0.117594
v -0.345466 0.790888 -0.106738
v -0.388389 0.785799 -0.116100
v -0.441091 0.758728 -0.124572
v -0.440884 0.759091 -0.126404
v -0.440867 0.757758 -0.122977
v -0.440251 0.756348 -0.121897
v -0.439349 0.754743 -0.121517
v -0.438318 0.753219 -0.121904
v -0.437335 0.752042 -0.122991
v -0.436571 0.751413 -0.124589
v -0.436157 0.751442 -0.126423
v -0.436166 0.752123 -0.128174
v -0.436595 0.753340 -0.129542
v -0.437371 0.754881 -0.130288
v -0.438359 0.756480 -0.130284
v -0.439389 0.757861 -0.129531
v -0.440282 0.758784 -0.128159
v -0.495504 0.699869 -0.137516
v -0.495408 0.700144 -0.139630
v -0.494858 0.699155 -0.135612
v -0.493582 0.698125 -0.134246
v -0.491896 0.696958 -0.133656
v -0.490091 0.695855 -0.133942
v -0.488481 0.695008 -0.135056
v -0.487342 0.694562 -0.136805
v -0.486873 0.694595 -0.138886
v -0.487154 0.695100 -0.140941
v -0.488136 0.695992 -0.142612
v -0.489650 0.697115 -0.143612
v -0.491435 0.698275 -0.143767
v -0.493180 0.699272 -0.143051
v -0.494586 0.699933 -0.141588
v -0.528583 0.643658 -0.146837
v -0.528531 0.643808 -0.147988
v -0.528232 0.643269 -0.145800
v -0.527537 0.642708 -0.145056
v -0.526618 0.642073 -0.144735
v -0.525636 0.641472 -0.144891
v -0.524759 0.641011 -0.145497
v -0.524139 0.640768 -0.146450
v -0.523883 0.640786 -0.147583
v -0.524036 0.641061 -0.148702
v -0.524571 0.641547 -0.149612
v -0.525396 0.642158 -0.150156
v -0.526367 0.642790 -0.150241
v -0.527318 0.643333 -0.149851
v -0.528083 0.643693 -0.149054
v -0.540725 0.619522 -0.151121
v -0.360815 0.810301 -0.142078
v -0.400632 0.800705 -0.158729
v -0.361616 0.810110 -0.139880
v -0.401297 0.800547 -0.156902
v -0.362014 0.809043 -0.137828
v -0.401628 0.799659 -0.155197
v -0.361939 0.807283 -0.136277
v -0.401566 0.798197 -0.153908
v -0.361405 0.805136 -0.135494
v -0.401122 0.796413 -0.153258
v -0.360504 0.802972 -0.135616
v -0.400373 0.794615 -0.153359
v -0.359392 0.801166 -0.136620
v -0.399449 0.793114 -0.154193
v -0.358260 0.800030 -0.138334
v -0.398509 0.792170 -0.155618
v -0.357306 0.799760 -0.140461
v -0.397716 0.791946 -0.157385
v -0.356693 0.800403 -0.142634
v -0.397207 0.792480 -0.159191
v -0.356528 0.801848 -0.144476
v -0.397069 0.793681 -0.160721
v -0.356839 0.803846 -0.145669
v -0.397328 0.795341 -0.161713
v -0.357573 0.806049 -0.146007
v -0.397938 0.797172 -0.161993
v -0.358602 0.808078 -0.145431
v -0.398793 0.798858 -0.161515
v -0.359749 0.809582 -0.144041
v -0.399746 0.800108 -0.160360
v -0.448599 0.768391 -0.174127
v -0.448051 0.768490 -0.175923
v -0.448654 0.767688 -0.172385
v -0.448205 0.766503 -0.170996
v -0.447330 0.765041 -0.170201
v -0.446182 0.763555 -0.170138
v -0.444957 0.762301 -0.170817
v -0.443868 0.761496 -0.172122
v -0.443103 0.761280 -0.173825
v -0.442795 0.761690 -0.175634
v -0.442997 0.762655 -0.177235
v -0.443673 0.764008 -0.178351
v -0.444708 0.765515 -0.178789
v -0.445921 0.766916 -0.178474
v -0.447103 0.767968 -0.177460
v -0.496947 0.704534 -0.187451
v -0.496448 0.704497 -0.189526
v -0.496660 0.704161 -0.185370
v -0.495636 0.703440 -0.183642
v -0.494052 0.702497 -0.182566
v -0.492183 0.701496 -0.182328
v -0.490352 0.700608 -0.182969
v -0.488874 0.699988 -0.184378
v -0.488006 0.699743 -0.186312
v -0.487898 0.699915 -0.188436
v -0.488568 0.700474 -0.190383
v -0.489901 0.701324 -0.191817
v -0.491666 0.702318 -0.192489
v -0.493558 0.703284 -0.192283
v -0.495249 0.704055 -0.191235
v -0.525217 0.645350 -0.193681
v -0.524945 0.645330 -0.194811
v -0.525061 0.645147 -0.192548
v -0.524503 0.644754 -0.191607
v -0.523641 0.644241 -0.191021
v -0.522623 0.643696 -0.190891
v -0.521626 0.643212 -0.191240
v -0.520821 0.642875 -0.192008
v -0.520348 0.642741 -0.193061
v -0.520290 0.642835 -0.194218
v -0.520654 0.643139 -0.195278
v -0.521380 0.643602 -0.196059
v -0.522341 0.644143 -0.196425
v -0.523371 0.644669 -0.196312
v -0.524293 0.645089 -0.195742
v -0.535281 0.620042 -0.196242
v -0.311490 0.802651 -0.197770
v -0.343466 0.784570 -0.221218
v -0.312777 0.802890 -0.195823
v -0.344536 0.784769 -0.219600
v -0.313837 0.802181 -0.193852
v -0.345417 0.784179 -0.217963
v -0.314485 0.800645 -0.192200
v -0.345956 0.782903 -0.216589
v -0.314611 0.798549 -0.191151
v -0.346060 0.781162 -0.215718
v -0.314191 0.796255 -0.190888
v -0.345711 0.779255 -0.215499
v -0.313299 0.794160 -0.191455
v -0.344969 0.777514 -0.215970
v -0.312088 0.792625 -0.192754
v -0.343964 0.776239 -0.217050
v -0.310769 0.791917 -0.194562
v -0.342868 0.775650 -0.218552
v -0.309569 0.792157 -0.196564
v -0.341871 0.775850 -0.220216
v -0.308696 0.793305 -0.198416
v -0.341145 0.776803 -0.221755
v -0.308301 0.795161 -0.199797
v -0.340816 0.778346 -0.222902
v -0.308451 0.797405 -0.200468
v -0.340941 0.780211 -0.223460
v -0.309122 0.799649 -0.200313
v -0.341499 0.782075 -0.223331
v -0.310197 0.801504 -0.199358
v -0.342392 0.783617 -0.222538
v -0.392649 0.760356 -0.245237
v -0.391711 0.760126 -0.246850
v -0.393236 0.759898 -0.243511
v -0.393369 0.758831 -0.241969
v -0.393026 0.757338 -0.240879
v -0.392266 0.755679 -0.240428
v -0.391220 0.754140 -0.240695
v -0.390069 0.752987 -0.241633
v -0.389013 0.752420 -0.243081
v -0.388233 0.752536 -0.244788
v -0.387865 0.753316 -0.246458
v -0.387972 0.754624 -0.247804
v -0.388536 0.756235 -0.248591
v -0.389460 0.757870 -0.248685
v -0.390582 0.759246 -0.248069
v -0.449421 0.705757 -0.264951
v -0.448497 0.705368 -0.266835
v -0.449686 0.705596 -0.262840
v -0.449248 0.704913 -0.260867
v -0.448180 0.703826 -0.259372
v -0.446669 0.702523 -0.258615
v -0.444976 0.701230 -0.258726
v -0.443392 0.700169 -0.259687
v -0.442193 0.699525 -0.261330
v -0.441585 0.699409 -0.263372
v -0.441673 0.699840 -0.265460
v -0.442443 0.700745 -0.267233
v -0.443761 0.701967 -0.268384
v -0.445399 0.703294 -0.268714
v -0.447075 0.704497 -0.268166
v -0.487649 0.652753 -0.273314
v -0.487146 0.652541 -0.274340
v -0.487793 0.652665 -0.272164
v -0.487554 0.652293 -0.271090
v -0.486973 0.651701 -0.270276
v -0.486150 0.650991 -0.269864
v -0.485228 0.650287 -0.269924
v -0.484366 0.649710 -0.270447
v -0.483713 0.649359 -0.271342
v -0.483382 0.649296 -0.272454
v -0.483430 0.649531 -0.273591
v -0.483849 0.650023 -0.274556
v -0.484567 0.650689 -0.275183
v -0.485459 0.651411 -0.275363
v -0.486371 0.652067 -0.275065
v -0.502091 0.629713 -0.276302
v -0.268814 0.787558 -0.250481
v -0.305371 0.779553 -0.274023
v -0.269996 0.787373 -0.248461
v -0.306353 0.779399 -0.272345
v -0.270784 0.786299 -0.246529
v -0.307007 0.778507 -0.270740
v -0.271042 0.784522 -0.245018
v -0.307222 0.777030 -0.269484
v -0.270725 0.782349 -0.244189
v -0.306959 0.775224 -0.268795
v -0.269889 0.780156 -0.244186
v -0.306264 0.773402 -0.268793
v -0.268677 0.778322 -0.245010
v -0.305257 0.771878 -0.269477
v -0.267300 0.777165 -0.246517
v -0.304112 0.770916 -0.270729
v -0.265995 0.776883 -0.248447
v -0.303028 0.770683 -0.272334
v -0.264988 0.777527 -0.250467
v -0.302191 0.771218 -0.274012
v -0.264454 0.778985 -0.252228
v -0.301747 0.772429 -0.275475
v -0.264484 0.781004 -0.253424
v -0.301772 0.774107 -0.276469
v -0.265073 0.783236 -0.253849
v -0.302262 0.775961 -0.276822
v -0.266120 0.785294 -0.253429
v -0.303132 0.777672 -0.276474
v -0.267443 0.786823 -0.252238
v -0.304231 0.778942 -0.275484
v -0.350917 0.749121 -0.298140
v -0.350058 0.749219 -0.299809
v -0.351301 0.748402 -0.296446
v -0.351143 0.747188 -0.295020
v -0.350471 0.745688 -0.294108
v -0.349401 0.744161 -0.293869
v -0.348118 0.742871 -0.294343
v -0.346843 0.742042 -0.295449
v -0.345798 0.741817 -0.296995
v -0.345163 0.742235 -0.298714
v -0.345048 0.743223 -0.300309
v -0.345472 0.744610 -0.301504
v -0.346362 0.746158 -0.302093
v -0.347565 0.747597 -0.301973
v -0.348872 0.748680 -0.301165
v -0.398245 0.687159 -0.320802
v -0.397390 0.687126 -0.322757
v -0.398341 0.686754 -0.318709
v -0.397662 0.685980 -0.316841
v -0.396325 0.684970 -0.315519
v -0.394561 0.683901 -0.314972
v -0.392675 0.682955 -0.315296
v -0.390994 0.682298 -0.316434
v -0.389808 0.682043 -0.318189
v -0.389321 0.682233 -0.320259
v -0.389619 0.682836 -0.322284
v -0.390650 0.683747 -0.323915
v -0.392235 0.684810 -0.324870
v -0.394100 0.685840 -0.324983
v -0.395924 0.686659 -0.324236
v -0.426915 0.629082 -0.332878
v -0.426449 0.629064 -0.333942
v -0.426967 0.628861 -0.331738
v -0.426598 0.628440 -0.330720
v -0.425869 0.627890 -0.330000
v -0.424909 0.627308 -0.329703
v -0.423882 0.626793 -0.329879
v -0.422967 0.626435 -0.330499
v -0.422320 0.626296 -0.331455
v -0.422056 0.626399 -0.332582
v -0.422218 0.626728 -0.333684
v -0.422779 0.627224 -0.334573
v -0.423642 0.627803 -0.335093
v -0.424658 0.628364 -0.335155
v -0.425651 0.628810 -0.334748
v -0.437201 0.604175 -0.337584
v -0.196980 0.792076 -0.284181
v -0.237612 0.787251 -0.300928
v -0.197715 0.791443 -0.282044
v -0.238223 0.786725 -0.299153
v -0.198081 0.789974 -0.280250
v -0.238527 0.785504 -0.297662
v -0.198014 0.787924 -0.279110
v -0.238472 0.783800 -0.296715
v -0.197526 0.785646 -0.278821
v -0.238066 0.781908 -0.296474
v -0.196702 0.783536 -0.279432
v -0.237381 0.780154 -0.296982
v -0.195683 0.781957 -0.280838
v -0.236534 0.778842 -0.298150
v -0.194646 0.781183 -0.282796
v -0.235673 0.778198 -0.299777
v -0.193770 0.781347 -0.284968
v -0.234945 0.778335 -0.301582
v -0.193208 0.782421 -0.286977
v -0.234477 0.779228 -0.303252
v -0.193055 0.784220 -0.288477
v -0.234351 0.780723 -0.304498
v -0.193339 0.786433 -0.289207
v -0.234586 0.782561 -0.305105
v -0.194010 0.788675 -0.289043
v -0.235144 0.784425 -0.304968
v -0.194952 0.790561 -0.288012
v -0.235927 0.785992 -0.304112
v -0.196003 0.791764 -0.286292
v -0.236800 0.786992 -0.302682
v -0.287095 0.760174 -0.320941
v -0.286603 0.760638 -0.322695
v -0.287116 0.759119 -0.319385
v -0.286662 0.757655 -0.318297
v -0.285811 0.756035 -0.317864
v -0.284710 0.754541 -0.318161
v -0.283550 0.753429 -0.319137
v -0.282532 0.752893 -0.320624
v -0.281830 0.753024 -0.322363
v -0.281568 0.753801 -0.324054
v -0.281789 0.755089 -0.325406
v -0.282457 0.756665 -0.326183
v -0.283454 0.758257 -0.326253
v -0.284610 0.759589 -0.325602
v -0.285724 0.760432 -0.324343
v -0.337932 0.701855 -0.345583
v -0.337502 0.702246 -0.347636
v -0.337589 0.701040 -0.343640
v -0.336534 0.699943 -0.342145
v -0.334949 0.698753 -0.341354
v -0.333107 0.697677 -0.341406
v -0.331327 0.696899 -0.342291
v -0.329917 0.696556 -0.343856
v -0.329121 0.696705 -0.345830
v -0.329077 0.697322 -0.347872
v -0.329791 0.698299 -0.349630
v -0.331141 0.699468 -0.350798
v -0.332893 0.700626 -0.351176
v -0.334744 0.701574 -0.350697
v -0.336374 0.702147 -0.349445
v -0.368327 0.646083 -0.363087
v -0.368093 0.646296 -0.364205
v -0.368141 0.645639 -0.362029
v -0.367566 0.645042 -0.361214
v -0.366703 0.644394 -0.360784
v -0.365700 0.643808 -0.360812
v -0.364731 0.643384 -0.361294
v -0.363963 0.643197 -0.362146
v -0.363529 0.643279 -0.363221
v -0.363505 0.643614 -0.364333
v -0.363894 0.644147 -0.365290
v -0.364629 0.644783 -0.365927
v -0.365583 0.645414 -0.366132
v -0.366591 0.645930 -0.365872
v -0.367479 0.646242 -0.365190
v -0.379298 0.622160 -0.370549
v -0.206646 0.596078 -0.343103
v -0.207894 0.594733 -0.342694
v -0.205728 0.597700 -0.342860
v -0.205297 0.599318 -0.342006
v -0.205428 0.600653 -0.340689
v -0.206100 0.601474 -0.339136
v -0.207195 0.601638 -0.337617
v -0.208524 0.601118 -0.336394
v -0.209858 0.600003 -0.335678
v -0.210965 0.598487 -0.335593
v -0.211655 0.596830 -0.336154
v -0.211808 0.595321 -0.337264
v -0.211397 0.594219 -0.338731
v -0.210494 0.593715 -0.340301
v -0.209255 0.593897 -0.341703
v -0.263582 0.647339 -0.369998
v -0.265138 0.645932 -0.369606
v -0.262145 0.648842 -0.369515
v -0.261076 0.650180 -0.368242
v -0.260560 0.651122 -0.366398
v -0.260685 0.651506 -0.364303
v -0.261430 0.651264 -0.362318
v -0.262666 0.650439 -0.360787
v -0.264180 0.649174 -0.359974
v -0.265710 0.647687 -0.360020
v -0.266991 0.646235 -0.360918
v -0.267801 0.645069 -0.362511
v -0.268002 0.644391 -0.364524
v -0.267557 0.644319 -0.366610
v -0.266544 0.644864 -0.368408
v -0.308948 0.694275 -0.378928
v -0.309796 0.693508 -0.378715
v -0.308166 0.695093 -0.378665
v -0.307584 0.695821 -0.377972
v -0.307303 0.696335 -0.376968
v -0.307371 0.696543 -0.375827
v -0.307776 0.696412 -0.374746
v -0.308450 0.695963 -0.373912
v -0.309274 0.695274 -0.373470
v -0.310107 0.694464 -0.373495
v -0.310805 0.693673 -0.373983
v -0.311246 0.693038 -0.374851
v -0.311355 0.692669 -0.375948
v -0.311113 0.692630 -0.377083
v -0.310561 0.692927 -0.378062
v -0.327943 0.713869 -0.380818
v -0.237605 0.581512 -0.329572
v -0.238751 0.580690 -0.328329
v -0.236534 0.582890 -0.330271
v -0.235724 0.584586 -0.330305
v -0.235315 0.586307 -0.329668
v -0.235377 0.587755 -0.328471
v -0.235900 0.588679 -0.326920
v -0.236794 0.588921 -0.325284
v -0.237903 0.588438 -0.323845
v -0.239036 0.587313 -0.322853
v -0.239998 0.585742 -0.322478
v -0.240621 0.583995 -0.322786
v -0.240798 0.582376 -0.323724
v -0.240499 0.581163 -0.325128
v -0.239775 0.580567 -0.326758
v -0.310119 0.620191 -0.363100
v -0.311566 0.619368 -0.361765
v -0.308491 0.621443 -0.363681
v -0.306965 0.622909 -0.363406
v -0.305804 0.624335 -0.362323
v -0.305208 0.625474 -0.360620
v -0.305281 0.626129 -0.358590
v -0.306010 0.626188 -0.356585
v -0.307269 0.625639 -0.354952
v -0.308841 0.624579 -0.353973
v -0.310453 0.623189 -0.353817
v -0.311827 0.621711 -0.354511
v -0.312725 0.620400 -0.355935
v -0.312992 0.619483 -0.357843
v -0.312582 0.619118 -0.359905
v -0.352129 0.668723 -0.377949
v -0.352917 0.668275 -0.377222
v -0.351243 0.669405 -0.378265
v -0.350412 0.670203 -0.378116
v -0.349780 0.670980 -0.377526
v -0.349455 0.671600 -0.376598
v -0.349495 0.671957 -0.375493
v -0.349892 0.671989 -0.374402
v -0.350578 0.671690 -0.373512
v -0.351434 0.671113 -0.372979
v -0.352312 0.670356 -0.372894
v -0.353060 0.669551 -0.373272
v -0.353549 0.668837 -0.374047
v -0.353694 0.668338 -0.375086
v -0.353471 0.668139 -0.376209
v -0.369121 0.689667 -0.382530
v -0.220240 0.512594 -0.255862
v -0.254379 0.527231 -0.279841
v -0.218707 0.513310 -0.257488
v -0.253105 0.527826 -0.281193
v -0.217152 0.514764 -0.258476
v -0.251813 0.529034 -0.282014
v -0.215844 0.516705 -0.258656
v -0.250726 0.530647 -0.282163
v -0.215010 0.518797 -0.257996
v -0.250033 0.532385 -0.281615
v -0.214794 0.520679 -0.256609
v -0.249853 0.533949 -0.280463
v -0.215233 0.522024 -0.254737
v -0.250218 0.535067 -0.278907
v -0.216250 0.522601 -0.252703
v -0.251063 0.535547 -0.277216
v -0.217671 0.522310 -0.250857
v -0.252244 0.535304 -0.275683
v -0.219250 0.521201 -0.249521
v -0.253556 0.534383 -0.274572
v -0.220713 0.519465 -0.248924
v -0.254772 0.532941 -0.274076
v -0.221807 0.517404 -0.249170
v -0.255681 0.531228 -0.274280
v -0.222344 0.515373 -0.250216
v -0.256127 0.529540 -0.275150
v -0.222231 0.513723 -0.251881
v -0.256033 0.528169 -0.276534
v -0.221486 0.512740 -0.253878
v -0.255415 0.527352 -0.278193
v -0.292461 0.565657 -0.305442
v -0.293767 0.565149 -0.304189
v -0.290995 0.566637 -0.306092
v -0.289622 0.567920 -0.306028
v -0.288580 0.569284 -0.305261
v -0.288049 0.570492 -0.303922
v -0.288121 0.571337 -0.302244
v -0.288783 0.571671 -0.300517
v -0.289921 0.571438 -0.299039
v -0.291339 0.570677 -0.298066
v -0.292790 0.569520 -0.297766
v -0.294024 0.568168 -0.298191
v -0.294828 0.566853 -0.299268
v -0.295063 0.565803 -0.300810
v -0.294687 0.565201 -0.302550
v -0.330488 0.634926 -0.324108
v -0.332069 0.634513 -0.322736
v -0.328545 0.635576 -0.324705
v -0.326576 0.636350 -0.324424
v -0.324922 0.637114 -0.323314
v -0.323868 0.637736 -0.321565
v -0.323597 0.638109 -0.319482
v -0.324156 0.638169 -0.317423
v -0.325448 0.637904 -0.315745
v -0.327250 0.637361 -0.314739
v -0.329250 0.636633 -0.314577
v -0.331102 0.635847 -0.315289
v -0.332486 0.635138 -0.316750
v -0.333162 0.634629 -0.318709
v -0.333015 0.634408 -0.320826
v -0.352450 0.696758 -0.330052
v -0.353311 0.696533 -0.329305
v -0.351391 0.697111 -0.330377
v -0.350319 0.697533 -0.330224
v -0.349419 0.697949 -0.329619
v -0.348845 0.698288 -0.328667
v -0.348698 0.698491 -0.327533
v -0.349002 0.698523 -0.326412
v -0.349705 0.698379 -0.325498
v -0.350687 0.698083 -0.324950
v -0.351775 0.697687 -0.324862
v -0.352784 0.697259 -0.325249
v -0.353538 0.696873 -0.326045
v -0.353906 0.696596 -0.327112
v -0.353826 0.696476 -0.328265
v -0.360781 0.722800 -0.330912
v -0.272730 0.499815 -0.246490
v -0.271384 0.500420 -0.247764
v -0.270196 0.501706 -0.248626
v -0.269374 0.503448 -0.248926
v -0.269057 0.505347 -0.248613
v -0.269303 0.507074 -0.247740
v -0.270067 0.508330 -0.246458
v -0.271218 0.508898 -0.244990
v -0.272556 0.508680 -0.243588
v -0.273851 0.507713 -0.242496
v -0.274879 0.506166 -0.241902
v -0.275461 0.504304 -0.241909
v -0.275497 0.502451 -0.242516
v -0.274981 0.500926 -0.243617
v -0.274002 0.499994 -0.245023
v -0.312318 0.526278 -0.282749
v -0.313695 0.525736 -0.281590
v -0.310949 0.527399 -0.283383
v -0.309825 0.528906 -0.283383
v -0.309140 0.530537 -0.282749
v -0.309013 0.532012 -0.281590
v -0.309466 0.533074 -0.280106
v -0.310420 0.533541 -0.278555
v -0.311710 0.533331 -0.277204
v -0.313114 0.532480 -0.276287
v -0.314388 0.531137 -0.275963
v -0.315313 0.529532 -0.276287
v -0.315728 0.527945 -0.277204
v -0.315561 0.526648 -0.278555
v -0.314842 0.525867 -0.280106
v -0.357832 0.583762 -0.317630
v -0.359510 0.583280 -0.316404
v -0.355952 0.584658 -0.318098
v -0.354197 0.585812 -0.317726
v -0.352868 0.587026 -0.316579
v -0.352197 0.588089 -0.314855
v -0.352299 0.588818 -0.312852
v -0.353156 0.589086 -0.310916
v -0.354621 0.588848 -0.309383
v -0.356440 0.588144 -0.308517
v -0.358298 0.587096 -0.308468
v -0.359875 0.585885 -0.309244
v -0.360897 0.584721 -0.310712
v -0.361188 0.583805 -0.312617
v -0.360698 0.583295 -0.314631
v -0.388339 0.638896 -0.336874
v -0.389253 0.638634 -0.336206
v -0.387316 0.639384 -0.337129
v -0.386360 0.640012 -0.336926
v -0.385636 0.640673 -0.336302
v -0.385271 0.641252 -0.335363
v -0.385326 0.641649 -0.334272
v -0.385793 0.641795 -0.333218
v -0.386591 0.641665 -0.332383
v -0.387581 0.641282 -0.331911
v -0.388593 0.640711 -0.331884
v -0.389452 0.640052 -0.332307
v -0.390008 0.639418 -0.333107
v -0.390167 0.638919 -0.334144
v -0.389900 0.638642 -0.335241
v -0.400533 0.662535 -0.343264
v -0.306521 0.509320 -0.214477
v -0.309664 0.501916 -0.228288
v -0.305834 0.509228 -0.215995
v -0.308862 0.501809 -0.230062
v -0.305066 0.509808 -0.217358
v -0.307964 0.502486 -0.231655
v -0.304349 0.510958 -0.218331
v -0.307126 0.503832 -0.232792
v -0.303807 0.512482 -0.218745
v -0.306493 0.505612 -0.233276
v -0.303534 0.514114 -0.218529
v -0.306175 0.507519 -0.233023
v -0.303578 0.515573 -0.217720
v -0.306225 0.509224 -0.232077
v -0.303930 0.516606 -0.216457
v -0.306636 0.510431 -0.230602
v -0.304529 0.517035 -0.214960
v -0.307337 0.510933 -0.228852
v -0.305273 0.516786 -0.213487
v -0.308206 0.510641 -0.227131
v -0.306032 0.515901 -0.212293
v -0.309093 0.509608 -0.225735
v -0.306675 0.514534 -0.211584
v -0.309845 0.508010 -0.224907
v -0.307092 0.512921 -0.211483
v -0.310332 0.506125 -0.224789
v -0.307209 0.511341 -0.212007
v -0.310469 0.504279 -0.225401
v -0.307007 0.510067 -0.213066
v -0.310233 0.502790 -0.226639
v -0.356881 0.525946 -0.256133
v -0.357750 0.526088 -0.254471
v -0.355748 0.526490 -0.257530
v -0.354545 0.527627 -0.258422
v -0.353482 0.529160 -0.258654
v -0.352741 0.530823 -0.258187
v -0.352451 0.532329 -0.257100
v -0.352661 0.533418 -0.255582
v -0.353337 0.533901 -0.253896
v -0.354360 0.533696 -0.252332
v -0.355554 0.532836 -0.251162
v -0.356712 0.531471 -0.250587
v -0.357635 0.529838 -0.250708
v -0.358162 0.528218 -0.251502
v -0.358203 0.526891 -0.252833
v -0.405347 0.580656 -0.291497
v -0.406457 0.580943 -0.289697
v -0.403709 0.580915 -0.292840
v -0.401825 0.581676 -0.293493
v -0.400022 0.582808 -0.293344
v -0.398612 0.584115 -0.292419
v -0.397838 0.585371 -0.290877
v -0.397834 0.586359 -0.288985
v -0.398600 0.586907 -0.287071
v -0.400005 0.586922 -0.285465
v -0.401806 0.586400 -0.284444
v -0.403690 0.585432 -0.284187
v -0.405332 0.584186 -0.284736
v -0.406449 0.582876 -0.285997
v -0.406847 0.581729 -0.287752
v -0.434278 0.633933 -0.317291
v -0.434882 0.634090 -0.316311
v -0.433385 0.634074 -0.318022
v -0.432360 0.634489 -0.318378
v -0.431378 0.635105 -0.318297
v -0.430610 0.635817 -0.317793
v -0.430188 0.636501 -0.316953
v -0.430186 0.637039 -0.315923
v -0.430604 0.637337 -0.314881
v -0.431369 0.637345 -0.314006
v -0.432349 0.637061 -0.313450
v -0.433375 0.636534 -0.313310
v -0.434270 0.635855 -0.313609
v -0.434878 0.635142 -0.314296
v -0.435094 0.634517 -0.315251
v -0.445146 0.657080 -0.327009
v -0.296818 0.436213 -0.173130
v -0.330271 0.451612 -0.197594
v -0.295279 0.436638 -0.174850
v -0.328992 0.451965 -0.199024
v -0.293635 0.437851 -0.176005
v -0.327625 0.452973 -0.199983
v -0.292169 0.439642 -0.176394
v -0.326408 0.454462 -0.200306
v -0.291136 0.441702 -0.175950
v -0.325549 0.456174 -0.199937
v -0.290714 0.443675 -0.174750
v -0.325198 0.457813 -0.198941
v -0.290976 0.445219 -0.173002
v -0.325416 0.459096 -0.197488
v -0.291876 0.446067 -0.171008
v -0.326164 0.459801 -0.195831
v -0.293260 0.446073 -0.169112
v -0.327314 0.459806 -0.194255
v -0.294887 0.445236 -0.167643
v -0.328666 0.459111 -0.193034
v -0.296477 0.443700 -0.166854
v -0.329987 0.457834 -0.192379
v -0.297754 0.441731 -0.166882
v -0.331049 0.456198 -0.192402
v -0.298498 0.439670 -0.167722
v -0.331667 0.454485 -0.193100
v -0.298580 0.437872 -0.169229
v -0.331735 0.452991 -0.194352
v -0.297986 0.436649 -0.171142
v -0.331241 0.451975 -0.195942
v -0.365626 0.490814 -0.225799
v -0.366932 0.490540 -0.224475
v -0.364100 0.491595 -0.226571
v -0.362620 0.492750 -0.226658
v -0.361440 0.494079 -0.226044
v -0.360765 0.495352 -0.224836
v -0.360711 0.496348 -0.223243
v -0.361288 0.496896 -0.221540
v -0.362397 0.496901 -0.220022
v -0.363844 0.496362 -0.218950
v -0.365381 0.495372 -0.218511
v -0.366741 0.494102 -0.218781
v -0.367689 0.492772 -0.219712
v -0.368061 0.491613 -0.221143
v -0.367794 0.490823 -0.222828
v -0.398024 0.561230 -0.249977
v -0.399592 0.561087 -0.248537
v -0.396051 0.561646 -0.250675
v -0.394014 0.562263 -0.250512
v -0.392266 0.562973 -0.249515
v -0.391109 0.563655 -0.247856
v -0.390743 0.564190 -0.245823
v -0.391232 0.564486 -0.243767
v -0.392490 0.564491 -0.242043
v -0.394300 0.564206 -0.240950
v -0.396349 0.563678 -0.240676
v -0.398284 0.563000 -0.241270
v -0.399769 0.562288 -0.242627
v -0.400547 0.561666 -0.244514
v -0.400485 0.561241 -0.246605
v -0.414683 0.623985 -0.261159
v -0.415537 0.623907 -0.260375
v -0.413609 0.624212 -0.261540
v -0.412500 0.624547 -0.261451
v -0.411548 0.624934 -0.260908
v -0.410918 0.625306 -0.260005
v -0.410719 0.625597 -0.258897
v -0.410985 0.625758 -0.257778
v -0.411670 0.625761 -0.256839
v -0.412656 0.625605 -0.256244
v -0.413772 0.625318 -0.256095
v -0.414825 0.624949 -0.256418
v -0.415634 0.624561 -0.257157
v -0.416057 0.624222 -0.258185
v -0.416023 0.623991 -0.259323
v -0.420735 0.650483 -0.264253
v -0.350950 0.452105 -0.166255
v -0.349629 0.452827 -0.167494
v -0.348481 0.454195 -0.168276
v -0.347705 0.455975 -0.168466
v -0.347435 0.457857 -0.168031
v -0.347719 0.459516 -0.167046
v -0.348506 0.460666 -0.165681
v -0.349661 0.461107 -0.164173
v -0.350984 0.460763 -0.162782
v -0.352247 0.459695 -0.161749
v -0.353230 0.458085 -0.161252
v -0.353765 0.456214 -0.161377
v -0.353758 0.454404 -0.162103
v -0.353210 0.452968 -0.163304
v -0.352217 0.452155 -0.164773
v -0.391446 0.479833 -0.200510
v -0.392801 0.479181 -0.199382
v -0.390111 0.481029 -0.201077
v -0.389026 0.482561 -0.200984
v -0.388379 0.484165 -0.200248
v -0.388282 0.485564 -0.198996
v -0.388751 0.486515 -0.197444
v -0.389706 0.486855 -0.195861
v -0.390982 0.486524 -0.194520
v -0.392357 0.485580 -0.193653
v -0.393594 0.484185 -0.193411
v -0.394480 0.482582 -0.193835
v -0.394860 0.481047 -0.194851
v -0.394670 0.479846 -0.196284
v -0.393941 0.479186 -0.197887
v -0.438651 0.538264 -0.231337
v -0.440309 0.537660 -0.230136
v -0.436798 0.539237 -0.231754
v -0.435070 0.540410 -0.231317
v -0.433766 0.541580 -0.230100
v -0.433110 0.542546 -0.228313
v -0.433217 0.543140 -0.226266
v -0.434069 0.543260 -0.224313
v -0.435516 0.542884 -0.222791
v -0.437311 0.542078 -0.221963
v -0.439141 0.540981 -0.221974
v -0.440691 0.539783 -0.222819
v -0.441693 0.538691 -0.224355
v -0.441973 0.537893 -0.226314
v -0.441484 0.537529 -0.228359
v -0.470689 0.593722 -0.246788
v -0.471592 0.593393 -0.246134
v -0.469680 0.594252 -0.247015
v -0.468739 0.594890 -0.246777
v -0.468029 0.595528 -0.246114
v -0.467672 0.596054 -0.245141
v -0.467730 0.596377 -0.244027
v -0.468194 0.596442 -0.242963
v -0.468982 0.596238 -0.242134
v -0.469959 0.595799 -0.241684
v -0.470956 0.595201 -0.241689
v -0.471800 0.594549 -0.242150
v -0.472346 0.593954 -0.242986
v -0.472499 0.593520 -0.244053
v -0.472232 0.593322 -0.245166
v -0.483527 0.617402 -0.251560
v -0.365681 0.456520 -0.124369
v -0.368727 0.449952 -0.138617
v -0.365002 0.456545 -0.125894
v -0.367934 0.449981 -0.140399
v -0.364258 0.457232 -0.127220
v -0.367064 0.450784 -0.141949
v -0.363578 0.458462 -0.128119
v -0.366269 0.452222 -0.143000
v -0.363078 0.460022 -0.128436
v -0.365685 0.454045 -0.143370
v -0.362846 0.461643 -0.128115
v -0.365414 0.455940 -0.142995
v -0.362921 0.463045 -0.127212
v -0.365501 0.457578 -0.141940
v -0.363291 0.463984 -0.125883
v -0.365933 0.458675 -0.140387
v -0.363891 0.464299 -0.124358
v -0.366635 0.459043 -0.138604
v -0.364618 0.463935 -0.122901
v -0.367485 0.458618 -0.136901
v -0.365346 0.462955 -0.121763
v -0.368336 0.457473 -0.135572
v -0.365949 0.461529 -0.121141
v -0.369041 0.455806 -0.134845
v -0.366324 0.459902 -0.121144
v -0.369478 0.453905 -0.134848
v -0.366404 0.458357 -0.121769
v -0.369572 0.452100 -0.135579
v -0.366177 0.457161 -0.122910
v -0.369306 0.450701 -0.136913
v -0.416730 0.474507 -0.164597
v -0.417590 0.474518 -0.162925
v -0.415620 0.475171 -0.165961
v -0.414453 0.476394 -0.166783
v -0.413431 0.477966 -0.166920
v -0.412729 0.479614 -0.166349
v -0.412471 0.481053 -0.165168
v -0.412699 0.482035 -0.163581
v -0.413375 0.482390 -0.161863
v -0.414382 0.482056 -0.160311
v -0.415546 0.481092 -0.159194
v -0.416665 0.479663 -0.158704
v -0.417546 0.478017 -0.158926
v -0.418037 0.476439 -0.159821
v -0.418053 0.475201 -0.161236
v -0.466818 0.530125 -0.196071
v -0.467923 0.530266 -0.194251
v -0.465195 0.530513 -0.197402
v -0.463337 0.531364 -0.198014
v -0.461562 0.532531 -0.197801
v -0.460180 0.533811 -0.196799
v -0.459428 0.534984 -0.195183
v -0.459436 0.535846 -0.193231
v -0.460204 0.536249 -0.191281
v -0.461598 0.536122 -0.189670
v -0.463377 0.535488 -0.188677
v -0.465234 0.534457 -0.188473
v -0.466848 0.533206 -0.189094
v -0.467939 0.531953 -0.190432
v -0.468319 0.530913 -0.192257
v -0.497276 0.584198 -0.218188
v -0.497878 0.584275 -0.217197
v -0.496393 0.584410 -0.218913
v -0.495380 0.584873 -0.219246
v -0.494414 0.585508 -0.219130
v -0.493661 0.586205 -0.218584
v -0.493252 0.586844 -0.217704
v -0.493256 0.587313 -0.216641
v -0.493674 0.587533 -0.215579
v -0.494433 0.587464 -0.214702
v -0.495402 0.587119 -0.214161
v -0.496414 0.586557 -0.214050
v -0.497292 0.585876 -0.214388
v -0.497887 0.585193 -0.215117
v -0.498094 0.584627 -0.216110
v -0.508798 0.607638 -0.226320
v -0.372266 0.454893 -0.130603
v -0.415527 0.463225 -0.126883
v -0.372379 0.455012 -0.132944
v -0.415620 0.463323 -0.128829
v -0.372178 0.456024 -0.135052
v -0.415453 0.464165 -0.130580
v -0.371699 0.457756 -0.136562
v -0.415055 0.465604 -0.131835
v -0.371024 0.459907 -0.137213
v -0.414494 0.467392 -0.132376
v -0.370270 0.462107 -0.136892
v -0.413868 0.469219 -0.132109
v -0.369568 0.463974 -0.135656
v -0.413284 0.470771 -0.131082
v -0.369038 0.465185 -0.133717
v -0.412844 0.471778 -0.129470
v -0.368773 0.465532 -0.131411
v -0.412624 0.472066 -0.127554
v -0.368818 0.464954 -0.129136
v -0.412661 0.471586 -0.125664
v -0.369166 0.463551 -0.127287
v -0.412950 0.470420 -0.124127
v -0.369756 0.461566 -0.126182
v -0.413440 0.468770 -0.123210
v -0.370486 0.459342 -0.126014
v -0.414047 0.466922 -0.123069
v -0.371230 0.457264 -0.126810
v -0.414666 0.465195 -0.123731
v -0.371860 0.455690 -0.128433
v -0.415189 0.463887 -0.125080
v -0.466911 0.493910 -0.127463
v -0.466922 0.493866 -0.125583
v -0.466464 0.494577 -0.129162
v -0.465658 0.495752 -0.130389
v -0.464633 0.497233 -0.130929
v -0.463566 0.498762 -0.130690
v -0.462641 0.500076 -0.129714
v -0.462019 0.500947 -0.128169
v -0.461807 0.501225 -0.126322
v -0.462041 0.500861 -0.124492
v -0.462681 0.499919 -0.122997
v -0.463617 0.498562 -0.122094
v -0.464687 0.497023 -0.121939
v -0.465705 0.495570 -0.122560
v -0.466495 0.494453 -0.123849
v -0.519045 0.556053 -0.131070
v -0.519191 0.556149 -0.128943
v -0.518160 0.556399 -0.132981
v -0.516689 0.557126 -0.134345
v -0.514887 0.558110 -0.134927
v -0.513065 0.559180 -0.134626
v -0.511539 0.560151 -0.133495
v -0.510571 0.560855 -0.131728
v -0.510330 0.561170 -0.129631
v -0.510857 0.561043 -0.127567
v -0.512061 0.560494 -0.125893
v -0.513734 0.559619 -0.124898
v -0.515587 0.558569 -0.124754
v -0.517298 0.557526 -0.125486
v -0.518573 0.556670 -0.126968
v -0.549759 0.614185 -0.135315
v -0.549839 0.614237 -0.134157
v -0.549278 0.614373 -0.136356
v -0.548477 0.614770 -0.137099
v -0.547495 0.615305 -0.137416
v -0.546503 0.615888 -0.137252
v -0.545672 0.616417 -0.136636
v -0.545145 0.616800 -0.135674
v -0.545014 0.616972 -0.134532
v -0.545301 0.616902 -0.133408
v -0.545957 0.616603 -0.132496
v -0.546868 0.616127 -0.131954
v -0.547876 0.615555 -0.131876
v -0.548808 0.614987 -0.132275
v -0.549503 0.614521 -0.133082
v -0.560931 0.639121 -0.136625
v -0.347913 0.445358 -0.081089
v -0.391705 0.450667 -0.078128
v -0.347939 0.445878 -0.083378
v -0.391727 0.451099 -0.080030
v -0.347715 0.447253 -0.085267
v -0.391541 0.452242 -0.081599
v -0.347280 0.449245 -0.086429
v -0.391180 0.453897 -0.082565
v -0.346709 0.451509 -0.086665
v -0.390705 0.455779 -0.082761
v -0.346101 0.453655 -0.085932
v -0.390199 0.457561 -0.082152
v -0.345560 0.455310 -0.084358
v -0.389750 0.458936 -0.080844
v -0.345181 0.456188 -0.082215
v -0.389435 0.459667 -0.079064
v -0.345028 0.456139 -0.079874
v -0.389308 0.459626 -0.077118
v -0.345129 0.455170 -0.077738
v -0.389392 0.458821 -0.075344
v -0.345466 0.453449 -0.076179
v -0.389672 0.457390 -0.074047
v -0.345980 0.451273 -0.075464
v -0.390099 0.455582 -0.073454
v -0.346583 0.449020 -0.075718
v -0.390600 0.453709 -0.073665
v -0.347171 0.447077 -0.076897
v -0.391089 0.452095 -0.074644
v -0.347641 0.445782 -0.078797
v -0.391479 0.451019 -0.076223
v -0.444757 0.478286 -0.075937
v -0.444841 0.477914 -0.074097
v -0.444284 0.479263 -0.077472
v -0.443501 0.480675 -0.078435
v -0.442545 0.482278 -0.078661
v -0.441581 0.483795 -0.078109
v -0.440776 0.484963 -0.076876
v -0.440268 0.485581 -0.075175
v -0.440146 0.485541 -0.073299
v -0.440431 0.484852 -0.071574
v -0.441073 0.483630 -0.070297
v -0.441962 0.482089 -0.069689
v -0.442943 0.480495 -0.069856
v -0.443848 0.479122 -0.070768
v -0.444519 0.478209 -0.072268
v -0.500306 0.537328 -0.071328
v -0.500542 0.537042 -0.069226
v -0.499368 0.538048 -0.073104
v -0.497890 0.539079 -0.074248
v -0.496128 0.540241 -0.074562
v -0.494387 0.541334 -0.073991
v -0.492966 0.542169 -0.072635
v -0.492113 0.542601 -0.070727
v -0.491975 0.542556 -0.068598
v -0.492575 0.542042 -0.066616
v -0.493810 0.541147 -0.065123
v -0.495466 0.540026 -0.064378
v -0.497256 0.538873 -0.064509
v -0.498873 0.537888 -0.065494
v -0.500035 0.537240 -0.067163
v -0.534226 0.593642 -0.066981
v -0.534355 0.593486 -0.065837
v -0.533715 0.594034 -0.067948
v -0.532911 0.594595 -0.068571
v -0.531951 0.595228 -0.068742
v -0.531003 0.595823 -0.068431
v -0.530230 0.596278 -0.067693
v -0.529765 0.596514 -0.066654
v -0.529689 0.596489 -0.065495
v -0.530016 0.596209 -0.064415
v -0.530689 0.595722 -0.063602
v -0.531590 0.595111 -0.063197
v -0.532566 0.594483 -0.063268
v -0.533446 0.593947 -0.063804
v -0.534079 0.593594 -0.064713
v -0.546799 0.617812 -0.064514
v -0.355292 0.469010 -0.039492
v -0.397493 0.463607 -0.027466
v -0.355881 0.469088 -0.041762
v -0.397982 0.463672 -0.029352
v -0.356404 0.470113 -0.043808
v -0.398416 0.464524 -0.031052
v -0.356769 0.471908 -0.045275
v -0.398720 0.466015 -0.032271
v -0.356914 0.474163 -0.045910
v -0.398841 0.467889 -0.032799
v -0.356814 0.476487 -0.045603
v -0.398758 0.469821 -0.032544
v -0.356486 0.478480 -0.044407
v -0.398485 0.471477 -0.031550
v -0.355987 0.479796 -0.042528
v -0.398070 0.472570 -0.029989
v -0.355402 0.480207 -0.040293
v -0.397584 0.472912 -0.028131
v -0.354834 0.479644 -0.038087
v -0.397112 0.472444 -0.026298
v -0.354380 0.478202 -0.036291
v -0.396735 0.471246 -0.024806
v -0.354119 0.476132 -0.035217
v -0.396518 0.469525 -0.023913
v -0.354096 0.473791 -0.035049
v -0.396499 0.467580 -0.023774
v -0.354315 0.471584 -0.035818
v -0.396681 0.465746 -0.024412
v -0.354738 0.469893 -0.037389
v -0.397032 0.464341 -0.025718
v -0.454862 0.476967 -0.016860
v -0.454499 0.476922 -0.015016
v -0.454972 0.477739 -0.018570
v -0.454810 0.479106 -0.019851
v -0.454404 0.480830 -0.020481
v -0.453824 0.482613 -0.020351
v -0.453171 0.484148 -0.019483
v -0.452558 0.485169 -0.018029
v -0.452090 0.485498 -0.016238
v -0.451848 0.485080 -0.014421
v -0.451875 0.483987 -0.012892
v -0.452165 0.482407 -0.011916
v -0.452669 0.480614 -0.011660
v -0.453299 0.478918 -0.012170
v -0.453946 0.477612 -0.013357
v -0.523025 0.520023 -0.007232
v -0.522783 0.520070 -0.005112
v -0.522669 0.520625 -0.009248
v -0.521777 0.521771 -0.010812
v -0.520504 0.523262 -0.011654
v -0.519069 0.524841 -0.011628
v -0.517720 0.526235 -0.010738
v -0.516691 0.527203 -0.009138
v -0.516160 0.527577 -0.007106
v -0.516218 0.527293 -0.004991
v -0.516856 0.526400 -0.003161
v -0.517962 0.525052 -0.001931
v -0.519347 0.523483 -0.001515
v -0.520770 0.521963 -0.001983
v -0.521985 0.520756 -0.003255
v -0.570097 0.565864 -0.002371
v -0.569965 0.565889 -0.001216
v -0.569903 0.566191 -0.003469
v -0.569418 0.566815 -0.004320
v -0.568724 0.567627 -0.004779
v -0.567943 0.568487 -0.004764
v -0.567208 0.569246 -0.004280
v -0.566648 0.569773 -0.003409
v -0.566359 0.569977 -0.002302
v -0.566390 0.569822 -0.001151
v -0.566738 0.569336 -0.000154
v -0.567340 0.568602 0.000516
v -0.568094 0.567748 0.000743
v -0.568869 0.566920 0.000488
v -0.569531 0.566263 -0.000205
v -0.588320 0.586144 -0.000148
v -0.315554 0.478548 0.009847
v -0.357482 0.470106 0.021047
v -0.316174 0.479035 0.007637
v -0.357998 0.470511 0.019210
v -0.316743 0.480413 0.005823
v -0.358470 0.471655 0.017703
v -0.317162 0.482442 0.004720
v -0.358818 0.473341 0.016787
v -0.317358 0.484772 0.004519
v -0.358982 0.475277 0.016620
v -0.317298 0.487000 0.005254
v -0.358932 0.477129 0.017230
v -0.316992 0.488741 0.006798
v -0.358678 0.478576 0.018513
v -0.316494 0.489694 0.008884
v -0.358263 0.479368 0.020247
v -0.315888 0.489694 0.011151
v -0.357760 0.479368 0.022131
v -0.315280 0.488741 0.013208
v -0.357255 0.478576 0.023840
v -0.314775 0.487000 0.014699
v -0.356835 0.477129 0.025079
v -0.314461 0.484772 0.015365
v -0.356574 0.475277 0.025633
v -0.314391 0.482442 0.015093
v -0.356516 0.473341 0.025406
v -0.314578 0.480413 0.013928
v -0.356671 0.471655 0.024438
v -0.314989 0.479035 0.012072
v -0.357013 0.470511 0.022897
v -0.414952 0.480036 0.034496
v -0.414564 0.479656 0.036295
v -0.415099 0.481111 0.032961
v -0.414980 0.482696 0.031956
v -0.414615 0.484515 0.031655
v -0.414068 0.486255 0.032110
v -0.413433 0.487615 0.033243
v -0.412820 0.488359 0.034856
v -0.412335 0.488359 0.036673
v -0.412061 0.487615 0.038377
v -0.412047 0.486255 0.039675
v -0.412294 0.484515 0.040343
v -0.412760 0.482696 0.040264
v -0.413365 0.481111 0.039452
v -0.414003 0.480036 0.038049
v -0.483791 0.519089 0.052627
v -0.483522 0.518745 0.054716
v -0.483473 0.520064 0.050755
v -0.482624 0.521499 0.049424
v -0.481390 0.523148 0.048863
v -0.479985 0.524725 0.049171
v -0.478652 0.525957 0.050292
v -0.477621 0.526631 0.052035
v -0.477070 0.526631 0.054097
v -0.477095 0.525957 0.056121
v -0.477691 0.524725 0.057758
v -0.478756 0.523148 0.058725
v -0.480105 0.521499 0.058855
v -0.481504 0.520064 0.058124
v -0.482713 0.519089 0.056660
v -0.531660 0.562213 0.066398
v -0.531514 0.562025 0.067536
v -0.531487 0.562743 0.065379
v -0.531025 0.563525 0.064654
v -0.530353 0.564423 0.064349
v -0.529588 0.565281 0.064516
v -0.528862 0.565952 0.065127
v -0.528301 0.566319 0.066076
v -0.528001 0.566319 0.067198
v -0.528014 0.565952 0.068301
v -0.528339 0.565281 0.069192
v -0.528919 0.564423 0.069719
v -0.529653 0.563525 0.069789
v -0.530416 0.562743 0.069392
v -0.531074 0.562213 0.068594
v -0.550236 0.581333 0.072537
v -0.267229 0.489587 0.044782
v -0.308137 0.485775 0.061114
v -0.268046 0.489679 0.042584
v -0.308816 0.485851 0.059287
v -0.268738 0.490716 0.040595
v -0.309391 0.486713 0.057635
v -0.269187 0.492518 0.039161
v -0.309764 0.488211 0.056443
v -0.269315 0.494775 0.038529
v -0.309871 0.490086 0.055918
v -0.269100 0.497095 0.038808
v -0.309692 0.492015 0.056150
v -0.268579 0.499078 0.039950
v -0.309259 0.493662 0.057099
v -0.267842 0.500381 0.041758
v -0.308646 0.494745 0.058601
v -0.267016 0.500778 0.043919
v -0.307960 0.495075 0.060397
v -0.266245 0.500201 0.046059
v -0.307319 0.494595 0.062175
v -0.265661 0.498749 0.047809
v -0.306834 0.493389 0.063629
v -0.265366 0.496674 0.048865
v -0.306589 0.491664 0.064507
v -0.265411 0.494334 0.049045
v -0.306626 0.489720 0.064657
v -0.265787 0.492135 0.048319
v -0.306939 0.487892 0.064053
v -0.266430 0.490455 0.046811
v -0.307473 0.486497 0.062800
v -0.363590 0.501265 0.077461
v -0.363042 0.501212 0.079258
v -0.363847 0.502036 0.075765
v -0.363769 0.503391 0.074465
v -0.363368 0.505097 0.073785
v -0.362714 0.506859 0.073842
v -0.361920 0.508371 0.074627
v -0.361123 0.509373 0.076004
v -0.360462 0.509691 0.077735
v -0.360050 0.509270 0.079520
v -0.359959 0.508183 0.081052
v -0.360204 0.506618 0.082064
v -0.360743 0.504846 0.082382
v -0.361484 0.503172 0.081952
v -0.362297 0.501887 0.080846
v -0.428798 0.546825 0.093737
v -0.428338 0.546869 0.095820
v -0.428630 0.547407 0.091690
v -0.427863 0.548514 0.090035
v -0.426630 0.549955 0.089057
v -0.425144 0.551480 0.088925
v -0.423661 0.552827 0.089662
v -0.422439 0.553761 0.091141
v -0.421688 0.554122 0.093105
v -0.421539 0.553847 0.095216
v -0.422016 0.552984 0.097108
v -0.423039 0.551681 0.098455
v -0.424429 0.550165 0.099022
v -0.425947 0.548697 0.098713
v -0.427330 0.547531 0.097580
v -0.473431 0.594378 0.103087
v -0.473180 0.594402 0.104222
v -0.473340 0.594695 0.101973
v -0.472922 0.595298 0.101071
v -0.472250 0.596082 0.100539
v -0.471441 0.596913 0.100467
v -0.470633 0.597646 0.100868
v -0.469968 0.598155 0.101673
v -0.469559 0.598351 0.102743
v -0.469478 0.598202 0.103893
v -0.469738 0.597732 0.104923
v -0.470295 0.597022 0.105656
v -0.471052 0.596197 0.105965
v -0.471878 0.595397 0.105797
v -0.472631 0.594762 0.105180
v -0.490583 0.615321 0.107028
v -0.194947 0.500053 0.069546
v -0.233369 0.505697 0.089323
v -0.195868 0.499656 0.067424
v -0.234135 0.505367 0.087560
v -0.196853 0.500230 0.065373
v -0.234953 0.505844 0.085855
v -0.197732 0.501676 0.063747
v -0.235683 0.507046 0.084504
v -0.198352 0.503744 0.062826
v -0.236199 0.508764 0.083739
v -0.198607 0.506076 0.062772
v -0.236411 0.510702 0.083694
v -0.198453 0.508270 0.063592
v -0.236282 0.512525 0.084375
v -0.197915 0.509945 0.065145
v -0.235835 0.513917 0.085666
v -0.197088 0.510813 0.067162
v -0.235148 0.514638 0.087342
v -0.196113 0.510723 0.069296
v -0.234338 0.514563 0.089115
v -0.195161 0.509690 0.071176
v -0.233546 0.513705 0.090677
v -0.194394 0.507894 0.072477
v -0.232910 0.512213 0.091759
v -0.193947 0.505645 0.072976
v -0.232538 0.510344 0.092173
v -0.193896 0.503331 0.072585
v -0.232495 0.508421 0.091848
v -0.194250 0.501353 0.071372
v -0.232789 0.506777 0.090840
v -0.289987 0.512189 0.107614
v -0.289354 0.512512 0.109354
v -0.290477 0.512634 0.105854
v -0.290741 0.513770 0.104380
v -0.290733 0.515402 0.103447
v -0.290455 0.517247 0.103215
v -0.289953 0.518985 0.103725
v -0.289316 0.520317 0.104889
v -0.288653 0.521012 0.106505
v -0.288080 0.520950 0.108294
v -0.287694 0.520141 0.109947
v -0.287563 0.518726 0.111177
v -0.287709 0.516949 0.111773
v -0.288108 0.515118 0.111631
v -0.288690 0.513548 0.110775
v -0.362342 0.545886 0.122509
v -0.361803 0.546328 0.124526
v -0.362395 0.546180 0.120396
v -0.361952 0.547159 0.118552
v -0.361090 0.548654 0.117297
v -0.359958 0.550406 0.116846
v -0.358752 0.552112 0.117279
v -0.357680 0.553478 0.118520
v -0.356927 0.554267 0.120354
v -0.356625 0.554342 0.122465
v -0.356824 0.553692 0.124488
v -0.357491 0.552427 0.126072
v -0.358510 0.550768 0.126944
v -0.359706 0.549000 0.126953
v -0.360870 0.547429 0.126098
v -0.415327 0.584548 0.128721
v -0.415034 0.584789 0.129819
v -0.415356 0.584708 0.127570
v -0.415115 0.585241 0.126566
v -0.414646 0.586055 0.125882
v -0.414029 0.587009 0.125637
v -0.413372 0.587938 0.125872
v -0.412788 0.588682 0.126548
v -0.412379 0.589112 0.127547
v -0.412214 0.589153 0.128697
v -0.412322 0.588799 0.129798
v -0.412686 0.588110 0.130661
v -0.413241 0.587206 0.131136
v -0.413892 0.586244 0.131141
v -0.414526 0.585389 0.130675
v -0.436223 0.602043 0.131090
v -0.175439 0.518239 0.119025
v -0.216012 0.512837 0.135738
v -0.176281 0.518317 0.116835
v -0.216712 0.512901 0.133919
v -0.177031 0.519342 0.114862
v -0.217335 0.513753 0.132279
v -0.177559 0.521137 0.113445
v -0.217774 0.515245 0.131102
v -0.177775 0.523392 0.112831
v -0.217954 0.517119 0.130591
v -0.177641 0.525717 0.113125
v -0.217842 0.519050 0.130836
v -0.177180 0.527709 0.114276
v -0.217459 0.520706 0.131792
v -0.176472 0.529025 0.116086
v -0.216871 0.521800 0.133296
v -0.175639 0.529437 0.118241
v -0.216178 0.522142 0.135087
v -0.174825 0.528873 0.120369
v -0.215502 0.521673 0.136856
v -0.174172 0.527431 0.122102
v -0.214959 0.520475 0.138296
v -0.173791 0.525361 0.123140
v -0.214643 0.518755 0.139158
v -0.173749 0.523020 0.123304
v -0.214608 0.516810 0.139294
v -0.174053 0.520814 0.122565
v -0.214861 0.514976 0.138680
v -0.174651 0.519122 0.121052
v -0.215358 0.513571 0.137423
v -0.271818 0.526196 0.152753
v -0.271249 0.526151 0.154544
v -0.272120 0.526969 0.151066
v -0.272103 0.528335 0.149775
v -0.271771 0.530059 0.149103
v -0.271181 0.531843 0.149167
v -0.270434 0.533378 0.149955
v -0.269660 0.534398 0.151331
v -0.268993 0.534728 0.153057
v -0.268548 0.534310 0.154835
v -0.268402 0.533216 0.156358
v -0.268580 0.531637 0.157361
v -0.269051 0.529844 0.157672
v -0.269735 0.528147 0.157236
v -0.270512 0.526841 0.156130
v -0.338458 0.569253 0.170014
v -0.337978 0.569299 0.172093
v -0.338332 0.569855 0.167971
v -0.337622 0.571000 0.166316
v -0.336452 0.572491 0.165336
v -0.335023 0.574070 0.165200
v -0.333583 0.575464 0.165932
v -0.332380 0.576432 0.167405
v -0.331622 0.576806 0.169365
v -0.331442 0.576522 0.171472
v -0.331868 0.575629 0.173362
v -0.332829 0.574282 0.174709
v -0.334158 0.572712 0.175280
v -0.335625 0.571192 0.174975
v -0.336976 0.569985 0.173848
v -0.384680 0.615093 0.180158
v -0.384419 0.615118 0.181290
v -0.384612 0.615421 0.179045
v -0.384225 0.616045 0.178144
v -0.383588 0.616857 0.177611
v -0.382810 0.617717 0.177537
v -0.382026 0.618476 0.177935
v -0.381370 0.619003 0.178737
v -0.380958 0.619207 0.179805
v -0.380860 0.619052 0.180952
v -0.381092 0.618566 0.181982
v -0.381615 0.617832 0.182715
v -0.382339 0.616977 0.183026
v -0.383137 0.616149 0.182860
v -0.383873 0.615492 0.182246
v -0.402536 0.635374 0.184424
v -0.119816 0.536920 0.130847
v -0.159035 0.528477 0.149430
v -0.120825 0.537407 0.128785
v -0.159873 0.528882 0.147716
v -0.121712 0.538784 0.127104
v -0.160610 0.530027 0.146320
v -0.122323 0.540813 0.126095
v -0.161118 0.531713 0.145481
v -0.122552 0.543143 0.125932
v -0.161309 0.533649 0.145346
v -0.122361 0.545371 0.126644
v -0.161150 0.535501 0.145937
v -0.121782 0.547113 0.128107
v -0.160668 0.536947 0.147153
v -0.120915 0.548065 0.130069
v -0.159948 0.537739 0.148784
v -0.119910 0.548065 0.132190
v -0.159113 0.537739 0.150546
v -0.118941 0.547113 0.134103
v -0.158307 0.536947 0.152136
v -0.118175 0.545371 0.135478
v -0.157671 0.535501 0.153279
v -0.117745 0.543143 0.136077
v -0.157314 0.533649 0.153777
v -0.117726 0.540813 0.135797
v -0.157298 0.531713 0.153543
v -0.118120 0.538784 0.134685
v -0.157625 0.530027 0.152619
v -0.118859 0.537407 0.132934
v -0.158240 0.528882 0.151164
v -0.213134 0.538408 0.173029
v -0.212428 0.538027 0.174729
v -0.213555 0.539483 0.171546
v -0.213620 0.541067 0.170536
v -0.213315 0.542887 0.170175
v -0.212695 0.544627 0.170524
v -0.211866 0.545986 0.171523
v -0.210972 0.546730 0.172999
v -0.210167 0.546730 0.174698
v -0.209590 0.545986 0.176325
v -0.209342 0.544627 0.177600
v -0.209465 0.542887 0.178301
v -0.209937 0.541067 0.178307
v -0.210678 0.539483 0.177618
v -0.211559 0.538408 0.176353
v -0.277570 0.577461 0.203286
v -0.276929 0.577116 0.205292
v -0.277596 0.578435 0.201388
v -0.277001 0.579871 0.199925
v -0.275888 0.581520 0.199151
v -0.274451 0.583096 0.199200
v -0.272937 0.584328 0.200063
v -0.271608 0.585002 0.201591
v -0.270695 0.585002 0.203519
v -0.270354 0.584328 0.205515
v -0.270645 0.583096 0.207233
v -0.271518 0.581520 0.208376
v -0.272821 0.579871 0.208747
v -0.274329 0.578435 0.208281
v -0.275782 0.577461 0.207059
v -0.322169 0.620584 0.225471
v -0.321819 0.620396 0.226563
v -0.322182 0.621115 0.224437
v -0.321859 0.621896 0.223640
v -0.321253 0.622794 0.223219
v -0.320470 0.623653 0.223245
v -0.319646 0.624324 0.223715
v -0.318922 0.624691 0.224547
v -0.318425 0.624691 0.225597
v -0.318239 0.624324 0.226684
v -0.318397 0.623653 0.227620
v -0.318873 0.622794 0.228242
v -0.319582 0.621896 0.228444
v -0.320404 0.621115 0.228190
v -0.321195 0.620584 0.227525
v -0.339332 0.639704 0.234861
v -0.087592 0.540575 0.155523
v -0.126367 0.535108 0.176050
v -0.088649 0.540755 0.153435
v -0.127245 0.535257 0.174315
v -0.089574 0.541872 0.151590
v -0.128014 0.536185 0.172782
v -0.090209 0.543732 0.150306
v -0.128541 0.537731 0.171715
v -0.090442 0.546013 0.149806
v -0.128735 0.539626 0.171299
v -0.090234 0.548321 0.150176
v -0.128562 0.541544 0.171607
v -0.089621 0.550257 0.151352
v -0.128053 0.543154 0.172584
v -0.088708 0.551487 0.153131
v -0.127294 0.544175 0.174062
v -0.087654 0.551797 0.155205
v -0.126418 0.544433 0.175786
v -0.086641 0.551134 0.157215
v -0.125576 0.543882 0.177456
v -0.085843 0.549613 0.158815
v -0.124913 0.542618 0.178785
v -0.085400 0.547496 0.159727
v -0.124545 0.540859 0.179543
v -0.085387 0.545150 0.159793
v -0.124534 0.538909 0.179598
v -0.085806 0.542980 0.159003
v -0.124883 0.537106 0.178942
v -0.086587 0.541362 0.157492
v -0.125531 0.535762 0.177686
v -0.179900 0.548603 0.199163
v -0.179155 0.548476 0.200884
v -0.180356 0.549449 0.197547
v -0.180444 0.550867 0.196316
v -0.180148 0.552612 0.195682
v -0.179520 0.554382 0.195756
v -0.178668 0.555872 0.196523
v -0.177740 0.556823 0.197853
v -0.176895 0.557071 0.199514
v -0.176281 0.556574 0.201219
v -0.176003 0.555417 0.202675
v -0.176109 0.553800 0.203628
v -0.176582 0.552003 0.203914
v -0.177338 0.550337 0.203484
v -0.178249 0.549089 0.202412
v -0.243614 0.591923 0.224791
v -0.242926 0.591876 0.226810
v -0.243683 0.592606 0.222770
v -0.243123 0.593807 0.221098
v -0.242029 0.595320 0.220063
v -0.240591 0.596881 0.219845
v -0.239057 0.598222 0.220481
v -0.237693 0.599110 0.221861
v -0.236735 0.599392 0.223747
v -0.236347 0.599019 0.225812
v -0.236598 0.598055 0.227700
v -0.237444 0.596668 0.229083
v -0.238738 0.595097 0.229724
v -0.240257 0.593613 0.229510
v -0.241739 0.592474 0.228479
v -0.287683 0.638005 0.241377
v -0.287308 0.637980 0.242477
v -0.287721 0.638377 0.240277
v -0.287415 0.639031 0.239367
v -0.286820 0.639855 0.238803
v -0.286037 0.640705 0.238684
v -0.285201 0.641435 0.239031
v -0.284459 0.641919 0.239782
v -0.283937 0.642072 0.240809
v -0.283726 0.641869 0.241934
v -0.283862 0.641344 0.242962
v -0.284323 0.640589 0.243715
v -0.285028 0.639733 0.244064
v -0.285855 0.638926 0.243947
v -0.286662 0.638305 0.243386
v -0.304622 0.658362 0.248231
v -0.027798 0.566017 0.182481
v -0.064898 0.560997 0.205998
v -0.029013 0.566211 0.180483
v -0.065908 0.561158 0.204338
v -0.030068 0.567339 0.178715
v -0.066785 0.562095 0.202869
v -0.030780 0.569207 0.177485
v -0.067376 0.563647 0.201847
v -0.031025 0.571491 0.177004
v -0.067580 0.565545 0.201447
v -0.030761 0.573796 0.177355
v -0.067361 0.567461 0.201739
v -0.030035 0.575725 0.178478
v -0.066757 0.569064 0.202672
v -0.028970 0.576942 0.180179
v -0.065873 0.570076 0.204086
v -0.027753 0.577239 0.182163
v -0.064861 0.570322 0.205735
v -0.026592 0.576563 0.184088
v -0.063896 0.569761 0.207334
v -0.025689 0.575032 0.185620
v -0.063146 0.568488 0.208607
v -0.025200 0.572910 0.186495
v -0.062740 0.566725 0.209334
v -0.025210 0.570564 0.186562
v -0.062747 0.564775 0.209390
v -0.025716 0.568399 0.185808
v -0.063168 0.562977 0.208763
v -0.026631 0.566791 0.184365
v -0.063929 0.561640 0.207564
v -0.116284 0.575111 0.233247
v -0.115407 0.574974 0.234904
v -0.116856 0.575963 0.231671
v -0.117024 0.577382 0.230450
v -0.116758 0.579124 0.229795
v -0.116105 0.580887 0.229818
v -0.115178 0.582366 0.230515
v -0.114137 0.583305 0.231767
v -0.113161 0.583543 0.233356
v -0.112421 0.583037 0.235009
v -0.112043 0.581876 0.236438
v -0.112093 0.580261 0.237397
v -0.112562 0.578469 0.237721
v -0.113370 0.576812 0.237353
v -0.114376 0.575576 0.236356
v -0.177268 0.619165 0.263790
v -0.176424 0.619110 0.265749
v -0.177489 0.619850 0.261781
v -0.177047 0.621046 0.260069
v -0.176021 0.622545 0.258951
v -0.174586 0.624090 0.258620
v -0.172991 0.625412 0.259132
v -0.171513 0.626283 0.260400
v -0.170405 0.626553 0.262205
v -0.169861 0.626175 0.264233
v -0.169974 0.625213 0.266135
v -0.170725 0.623836 0.267581
v -0.171983 0.622279 0.268322
v -0.173531 0.620814 0.268230
v -0.175102 0.619693 0.267320
v -0.219350 0.665755 0.283772
v -0.218890 0.665725 0.284839
v -0.219470 0.666128 0.282678
v -0.219230 0.666779 0.281746
v -0.218670 0.667596 0.281138
v -0.217889 0.668437 0.280957
v -0.217021 0.669157 0.281236
v -0.216215 0.669631 0.281927
v -0.215613 0.669778 0.282909
v -0.215316 0.669572 0.284014
v -0.215378 0.669049 0.285049
v -0.215786 0.668298 0.285837
v -0.216472 0.667451 0.286241
v -0.217315 0.666653 0.286190
v -0.218170 0.666042 0.285695
v -0.235457 0.686307 0.291928
v -0.432753 1.225222 -0.000948
v -0.432273 1.230985 -0.000948
v -0.432753 1.225222 -0.006836
v -0.432273 1.230985 -0.006836
v -0.411623 1.214336 -0.000948
v -0.411623 1.220224 -0.000948
v -0.411623 1.214336 -0.006836
v -0.411623 1.220224 -0.006836
v -0.501266 1.272438 -0.015164
v -0.501325 1.273044 -0.009487
v -0.498967 1.278156 -0.010009
v -0.498908 1.277550 -0.015686
v -0.567599 1.283805 -0.049583
v -0.568800 1.286270 -0.045346
v -0.566741 1.289976 -0.048399
v -0.565541 1.287511 -0.052636
v -0.597544 1.230576 -0.061777
v -0.603811 1.231459 -0.059878
v -0.604495 1.232327 -0.066613
v -0.598228 1.231444 -0.068512
v -0.598285 1.215191 -0.060126
v -0.612236 1.215813 -0.057589
v -0.614759 1.216176 -0.071552
v -0.600808 1.215554 -0.074089
v -0.598241 1.211914 -0.060044
v -0.612531 1.212551 -0.057445
v -0.615115 1.212924 -0.071747
v -0.600825 1.212286 -0.074346
v -0.432842 1.224141 -0.003892
v -0.432512 1.228103 0.000156
v -0.432183 1.232065 -0.003892
v -0.432512 1.228103 -0.007940
v -0.417577 1.215697 -0.006836
v -0.417517 1.221570 -0.006836
v -0.411623 1.217280 -0.007940
v -0.411623 1.213232 -0.003892
v -0.411623 1.221328 -0.003892
v -0.411623 1.217280 0.000156
v -0.417577 1.215697 -0.000948
v -0.417517 1.221570 -0.000948
v -0.501738 1.271783 -0.012227
v -0.500157 1.275713 -0.008683
v -0.498495 1.278811 -0.012945
v -0.500076 1.274880 -0.016489
v -0.463074 1.247452 -0.007877
v -0.461639 1.252946 -0.007942
v -0.461647 1.253022 -0.002080
v -0.463081 1.247528 -0.002015
v -0.568586 1.284343 -0.046892
v -0.567996 1.288586 -0.046079
v -0.565755 1.289438 -0.051090
v -0.566345 1.285195 -0.051904
v -0.535216 1.292151 -0.033579
v -0.535506 1.293897 -0.028399
v -0.538124 1.289280 -0.026778
v -0.537834 1.287534 -0.031958
v -0.600549 1.230855 -0.059565
v -0.605328 1.232058 -0.062890
v -0.601490 1.232048 -0.068826
v -0.596711 1.230845 -0.065501
v -0.586600 1.260804 -0.063586
v -0.589837 1.262682 -0.060692
v -0.590602 1.260464 -0.056122
v -0.587365 1.258586 -0.059016
v -0.604787 1.215434 -0.056239
v -0.616114 1.216111 -0.064095
v -0.608257 1.215933 -0.075438
v -0.596930 1.215256 -0.067583
v -0.599934 1.217920 -0.061551
v -0.601683 1.218268 -0.071602
v -0.611668 1.218789 -0.069691
v -0.609918 1.218440 -0.059641
v -0.605083 1.211880 -0.056992
v -0.615594 1.212509 -0.064282
v -0.608302 1.212344 -0.074810
v -0.597791 1.211715 -0.067520
v -0.599797 1.213724 -0.075704
v -0.616426 1.214466 -0.072680
v -0.613419 1.214033 -0.056037
v -0.596790 1.213291 -0.059061
v -0.462355 1.250185 -0.009009
v -0.417547 1.218633 -0.007940
v -0.534870 1.293890 -0.031293
v -0.417547 1.218633 0.000156
v -0.417588 1.214596 -0.003892
v -0.417505 1.222671 -0.003892
v -0.462365 1.250289 -0.000949
v -0.461374 1.254014 -0.005023
v -0.463347 1.246460 -0.004934
v -0.588075 1.262158 -0.062996
v -0.538470 1.287541 -0.029064
v -0.536470 1.289515 -0.033740
v -0.536869 1.291916 -0.026617
v -0.598937 1.217996 -0.066935
v -0.589127 1.259110 -0.056712
v -0.586376 1.259343 -0.061843
v -0.590826 1.261925 -0.057864
v -0.608686 1.214147 -0.077363
v -0.612665 1.218712 -0.064308
v -0.607003 1.218593 -0.072531
v -0.604598 1.218115 -0.058712
v -0.606723 1.211469 -0.065912
v -0.604533 1.213549 -0.054378
v -0.595127 1.213336 -0.067959
v -0.618092 1.214360 -0.063783
v -0.619673 1.171512 -0.053158
v -0.620554 1.201787 -0.052057
v -0.619673 1.171512 -0.077086
v -0.620554 1.201787 -0.078188
v -0.595745 1.171512 -0.053158
v -0.594423 1.201787 -0.052057
v -0.595745 1.171512 -0.077086
v -0.594423 1.201787 -0.078188
v -0.610023 1.218022 -0.061817
v -0.610023 1.218022 -0.068427
v -0.603413 1.218022 -0.068427
v -0.603413 1.218022 -0.061817
v -0.622295 1.168890 -0.065122
v -0.622589 1.184288 -0.050214
v -0.625454 1.201787 -0.065122
v -0.622589 1.184288 -0.080030
v -0.607709 1.168890 -0.079708
v -0.607489 1.201787 -0.083087
v -0.592774 1.184288 -0.080030
v -0.593124 1.168890 -0.065122
v -0.589524 1.201787 -0.065122
v -0.592774 1.184288 -0.050214
v -0.607709 1.168890 -0.050537
v -0.607489 1.201787 -0.047157
v -0.609786 1.218798 -0.065122
v -0.606646 1.218798 -0.068263
v -0.603505 1.218798 -0.065122
v -0.606646 1.218798 -0.061982
v -0.599501 1.213333 -0.072684
v -0.599501 1.213333 -0.057560
v -0.614624 1.213333 -0.057560
v -0.614624 1.213333 -0.072684
v -0.628196 1.184029 -0.065122
v -0.607682 1.184029 -0.085637
v -0.587167 1.184029 -0.065122
v -0.607682 1.184029 -0.044608
v -0.607709 1.163388 -0.065122
v -0.596844 1.213409 -0.065122
v -0.606494 1.220426 -0.065122
v -0.617267 1.213409 -0.065122
v -0.607055 1.213409 -0.054910
v -0.607055 1.213409 -0.075334
v -0.261077 0.486117 -0.075325
v -0.261077 0.506961 -0.075325
v -0.261077 0.486117 -0.123869
v -0.261077 0.506961 -0.123869
v 0.030502 0.512406 -0.051556
v 0.030502 0.527791 -0.051556
v 0.030502 0.512406 -0.139475
v 0.030502 0.527791 -0.139475
v -0.442767 0.455097 -0.120388
v -0.442767 0.455097 -0.087849
v -0.445553 0.474950 -0.087849
v -0.445553 0.474950 -0.120388
v -0.493936 0.370229 -0.120037
v -0.493936 0.370229 -0.090007
v -0.507448 0.380934 -0.090007
v -0.507448 0.380934 -0.120037
v -0.543512 0.271787 -0.115080
v -0.543512 0.271787 -0.094964
v -0.554797 0.277595 -0.094964
v -0.554797 0.277595 -0.115080
v -0.261077 0.482209 -0.099597
v -0.261077 0.496539 -0.066223
v -0.261077 0.510870 -0.099597
v -0.261077 0.496539 -0.132971
v -0.091606 0.500519 -0.139610
v -0.091606 0.520195 -0.139610
v 0.055479 0.522081 -0.152444
v 0.055479 0.512703 -0.095217
v 0.055479 0.531459 -0.095217
v 0.055479 0.522081 -0.037990
v -0.091606 0.500519 -0.054489
v -0.091606 0.520195 -0.054489
v -0.442245 0.451374 -0.104118
v -0.444160 0.465023 -0.081748
v -0.446075 0.478673 -0.104118
v -0.444160 0.465023 -0.126489
v -0.379217 0.473784 -0.118225
v -0.379565 0.495001 -0.118225
v -0.379565 0.495001 -0.086171
v -0.379217 0.473784 -0.086171
v -0.491403 0.368222 -0.105022
v -0.500692 0.375581 -0.084376
v -0.509982 0.382941 -0.105022
v -0.500692 0.375581 -0.125667
v -0.481488 0.436255 -0.121093
v -0.481488 0.436255 -0.088725
v -0.473183 0.420771 -0.088725
v -0.473183 0.420771 -0.121093
v -0.546460 0.263179 -0.105022
v -0.553275 0.266687 -0.092875
v -0.560089 0.270194 -0.105022
v -0.553275 0.266687 -0.117169
v -0.521699 0.310779 -0.118350
v -0.536236 0.318730 -0.118350
v -0.536236 0.318730 -0.091694
v -0.521699 0.310779 -0.091694
v -0.379391 0.484392 -0.124236
v -0.089144 0.510552 -0.156377
v 0.107895 0.526240 -0.094590
v -0.089144 0.510552 -0.037662
v -0.089144 0.497015 -0.097020
v -0.089144 0.524090 -0.097020
v -0.483046 0.439158 -0.104909
v -0.379391 0.484392 -0.080160
v -0.379630 0.498979 -0.102198
v -0.379152 0.469805 -0.102198
v -0.529373 0.313966 -0.123337
v -0.471626 0.417868 -0.104909
v -0.477336 0.428513 -0.127162
v -0.477336 0.428513 -0.082656
v -0.561921 0.249888 -0.105022
v -0.529373 0.313966 -0.086707
v -0.539361 0.319429 -0.105022
v -0.519385 0.308502 -0.105022
vn 0.2688 -0.6400 -0.7199
vn -0.0681 0.4940 0.8668
vn 0.8460 -0.4988 -0.1882
vn 0.8924 -0.0551 0.4479
vn 0.9548 -0.2863 -0.0804
vn -0.0612 0.3699 0.9270
vn 0.8660 0.3272 0.3782
vn 0.5436 -0.6139 -0.5724
vn 0.8907 -0.4159 -0.1834
vn 0.7230 -0.3525 -0.5942
vn -0.1847 -0.3475 -0.9193
vn 0.1972 0.8004 0.5662
vn -0.4165 -0.5509 -0.7232
vn 0.7901 0.1843 0.5846
vn 0.2831 0.9571 -0.0615
vn -0.0062 -0.2487 0.9686
vn -0.3345 -0.0568 0.9407
vn 0.2006 0.1665 0.9654
vn 0.9216 -0.3815 0.0717
vn 0.5430 0.2569 -0.7995
vn -0.6773 0.4325 -0.5951
vn 0.9952 0.0781 -0.0593
vn 0.0236 -0.5201 0.8538
vn -0.7195 -0.1592 0.6760
vn -0.5666 0.1586 0.8086
vn -0.2884 0.2507 0.9241
vn 0.4995 0.3001 0.8127
vn 0.6336 -0.5120 0.5800
vn 0.8232 0.0173 0.5675
vn 0.7925 0.2613 0.5511
vn 0.7873 -0.3286 0.5218
vn -0.5781 -0.3150 0.7527
vn -0.9344 -0.2076 -0.2894
vn -0.4775 0.1855 -0.8589
vn 0.5195 -0.2857 0.8053
vn 0.8820 0.3037 -0.3604
vn -0.3161 -0.3866 0.8664
vn -0.8433 -0.0592 0.5342
vn -0.0059 0.4740 0.8805
vn -0.8172 0.1925 -0.5433
vn -0.5125 -0.2669 0.8162
vn 0.9641 -0.2355 0.1224
vn 0.5461 0.2946 -0.7842
vn -0.7976 0.1617 0.5811
vn -0.7430 0.0987 0.6620
vn -0.6999 0.1663 0.6946
vn 0.1435 -0.5805 0.8015
vn -0.8838 -0.0565 0.4644
vn -0.3464 0.2075 0.9148
vn 0.1266 0.5409 0.8315
vn 0.6762 -0.6040 0.4218
vn 0.8225 -0.4021 0.4023
vn 0.6853 0.3976 0.6101
vn 0.8217 0.0475 0.5679
vn 0.7880 0.2192 0.5753
vn -0.6068 -0.0972 0.7889
vn 0.2666 -0.7700 0.5796
vn 0.1821 -0.1053 0.9776
vn -0.8873 0.4009 -0.2280
vn -0.5304 -0.3554 0.7697
vn 0.4207 -0.6100 0.6715
vn -0.3391 -0.1826 0.9229
vn -0.0434 0.2046 0.9779
vn 0.4384 -0.6451 0.6258
vn -0.4849 -0.1840 0.8550
vn 0.7815 -0.6237 0.0196
vn 0.6137 0.3946 0.6838
vn 0.8123 0.2626 0.5208
vn -0.4999 -0.5969 0.6275
vn -0.7884 0.5944 0.1585
vn 0.7817 -0.0187 0.6234
vn 0.0103 0.2291 0.9734
vn -0.3724 0.1663 0.9131
vn -0.9559 0.2313 0.1812
vn 0.6657 0.3360 -0.6663
vn 0.9905 0.0049 -0.1371
vn 0.7563 -0.3844 0.5294
vn -0.5726 -0.7940 0.2043
vn -0.9202 -0.1471 0.3627
vn -0.7792 0.1964 0.5952
vn -0.6739 0.4301 0.6007
vn -0.0194 -0.0937 0.9954
vn -0.2508 0.2352 0.9390
vn 0.3025 -0.9520 0.0472
vn 0.6958 -0.5741 0.4316
vn 0.7713 -0.1603 0.6160
vn 0.1792 0.0892 0.9798
vn -0.4546 0.0449 0.8896
vn 0.3856 -0.7397 0.5515
vn -0.5942 -0.0884 0.7994
vn -0.8518 -0.2738 0.4465
vn 0.3077 0.3497 0.8849
vn -0.8074 -0.1504 0.5706
vn -0.6701 0.0405 0.7412
vn 0.7720 -0.5987 -0.2135
vn 0.6283 0.2826 0.7249
vn 0.7396 -0.6543 0.1577
vn 0.7859 0.4125 0.4607
vn -0.7939 -0.5085 -0.3335
vn -0.7974 0.5832 -0.1551
vn 0.8487 -0.3737 0.3743
vn 0.8731 0.2228 0.4337
vn 0.4763 -0.7629 -0.4372
vn -0.9844 0.1759 -0.0096
vn -0.0688 0.3376 0.9388
vn 0.9301 -0.3204 -0.1794
vn 0.8393 0.0515 0.5412
vn -0.6330 -0.4458 0.6329
vn -0.2694 0.6904 -0.6714
vn 0.2673 -0.6531 0.7085
vn 0.9317 0.1949 -0.3066
vn -0.9661 0.1564 0.2055
vn 0.6787 -0.5341 -0.5040
vn -0.3488 0.3088 0.8849
vn -0.2555 0.0842 0.9631
vn 0.7515 -0.4735 -0.4595
vn -0.4794 0.2755 0.8332
vn -0.3157 -0.0619 0.9469
vn 0.9139 -0.3919 0.1063
vn 0.3509 -0.1466 0.9249
vn 0.0983 0.1897 0.9769
vn 0.1528 0.2655 0.9519
vn 0.0433 -0.3076 0.9505
vn -0.6934 0.4111 0.5918
vn -0.1151 0.1957 0.9739
vn 0.8388 -0.4342 0.3286
vn -0.7113 0.2135 0.6697
vn -0.5613 -0.1768 0.8085
vn 0.6729 -0.6715 -0.3104
vn 0.2549 0.3807 0.8889
vn 0.7227 0.2828 0.6307
vn 0.0133 0.0939 -0.9955
vn 0.7765 0.2574 0.5751
vn 0.1071 0.6006 -0.7923
vn -0.0074 0.1711 -0.9852
vn 0.2332 0.3976 0.8874
vn 0.8771 -0.0612 0.4764
vn 0.8310 0.2330 0.5052
vn 0.9869 -0.0788 -0.1411
vn -0.4198 -0.4398 0.7940
vn -0.7154 -0.2551 0.6505
vn 0.6027 0.5099 -0.6138
vn -0.4108 -0.6480 -0.6413
vn -0.9983 0.0032 0.0587
vn -0.2713 0.0795 0.9592
vn -0.0178 0.2148 0.9765
vn 0.1747 0.3383 0.9247
vn -0.8236 0.5189 -0.2292
vn -0.5767 -0.0172 0.8168
vn 0.8537 -0.5079 -0.1150
vn -0.4847 0.0790 0.8711
vn 0.3003 0.3582 0.8840
vn 0.7379 -0.3673 -0.5662
vn -0.9540 0.2019 -0.2216
vn -0.9662 -0.1923 0.1717
vn 0.5467 -0.3654 -0.7534
vn 0.6066 0.1722 0.7761
vn 0.4886 0.2912 0.8225
vn 0.3115 -0.9443 0.1062
vn 0.6866 0.3568 0.6334
vn 0.6442 -0.7233 0.2485
vn -0.8872 -0.0104 0.4612
vn -0.5172 0.0105 0.8558
vn 0.7754 -0.5102 0.3721
vn -0.7974 -0.2858 -0.5314
vn 0.5943 0.1096 0.7967
vn 0.5657 -0.3572 -0.7433
vn 0.9900 -0.1272 -0.0615
vn -0.8833 0.2158 0.4162
vn -0.5872 0.7943 -0.1559
vn -0.1430 -0.6021 0.7855
vn 0.2581 0.7960 -0.5475
vn 0.2754 -0.5065 0.8171
vn 0.8681 -0.2407 0.4342
vn -0.2422 0.0453 0.9692
vn -0.8491 -0.5280 -0.0135
vn -0.9466 0.3139 0.0739
vn -0.4012 -0.1433 0.9047
vn -0.3105 0.0579 0.9488
vn -0.1307 0.1858 0.9739
vn -0.5528 -0.7983 -0.2389
vn -0.8117 0.4405 0.3836
vn 0.1157 -0.5369 -0.8357
vn 0.4700 -0.5094 -0.7208
vn -0.9134 0.4061 0.0288
vn 0.2572 0.3186 0.9123
vn 0.7607 -0.4026 -0.5091
vn 0.4016 -0.3077 -0.8626
vn -0.7482 0.4176 0.5155
vn -0.4346 -0.2727 0.8584
vn -0.7515 0.6586 -0.0397
vn -0.6955 0.6899 -0.2009
vn 0.3208 0.4483 0.8343
vn 0.8104 -0.4635 -0.3583
vn -0.6564 -0.0286 0.7539
vn -0.5352 0.5692 -0.6241
vn 0.3329 0.5033 0.7975
vn -0.7155 -0.4937 0.4943
vn 0.1252 0.1250 -0.9842
vn 0.3667 0.3355 0.8677
vn -0.3911 -0.7727 -0.5000
vn -0.7519 -0.6317 0.1888
vn 0.1435 -0.7549 -0.6400
vn -0.5407 -0.6612 -0.5201
vn 0.6685 0.2175 0.7112
vn 0.6841 0.1593 0.7118
vn 0.6835 0.1368 0.7170
vn -0.9291 -0.2543 -0.2684
vn 0.7145 0.1936 0.6723
vn -0.0996 -0.5741 -0.8127
vn 0.7159 -0.4997 0.4876
vn 0.9705 0.1815 0.1589
vn 0.8306 -0.1162 0.5446
vn -0.7286 -0.1878 0.6587
vn -0.3241 -0.6613 0.6765
vn -0.1660 -0.0294 0.9857
vn 0.6536 0.6837 -0.3245
vn 0.7003 0.5288 -0.4795
vn -0.1492 0.0915 0.9846
vn 0.7709 -0.2682 0.5777
vn 0.8952 0.3806 0.2319
vn -0.2086 0.1367 0.9684
vn 0.0466 -0.8503 -0.5242
vn -0.5310 -0.2226 -0.8176
vn -0.7104 0.3909 -0.5852
vn 0.3009 0.5042 0.8095
vn 0.2354 -0.3864 -0.8918
vn -0.4859 -0.1193 0.8658
vn 0.2774 -0.5286 -0.8023
vn -0.8683 0.4907 -0.0724
vn 0.4338 0.3778 0.8179
vn -0.4599 -0.2524 0.8513
vn 0.4891 -0.3592 -0.7949
vn -0.7607 -0.2629 0.5935
vn -0.7216 -0.1819 0.6680
vn -0.6311 0.0484 0.7742
vn 0.6019 -0.2385 -0.7621
vn 0.4920 -0.0391 -0.8697
vn 0.4604 0.3680 0.8079
vn -0.2844 -0.9004 0.3292
vn 0.5794 0.3273 0.7465
vn 0.2584 -0.8979 0.3564
vn 0.5207 -0.7607 0.3877
vn -0.2198 -0.3389 -0.9148
vn 0.7730 -0.1912 -0.6049
vn 0.7889 -0.0407 -0.6132
vn 0.9902 0.1372 0.0261
vn 0.8201 0.1672 0.5472
vn 0.7891 -0.4339 0.4349
vn -0.6524 -0.5237 0.5478
vn -0.6559 0.7414 0.1417
vn -0.2221 0.2258 0.9485
vn -0.3524 0.1345 0.9261
vn -0.4058 0.1098 0.9074
vn -0.1104 -0.3254 0.9391
vn 0.6381 0.7585 -0.1323
vn -0.2027 -0.2540 0.9457
vn -0.5040 -0.0082 0.8637
vn 0.6475 0.4184 0.6369
vn 0.8228 0.5664 0.0467
vn -0.3712 -0.1965 0.9075
vn 0.2421 0.5265 0.8150
vn -0.5368 -0.2656 0.8008
vn 0.0421 -0.0999 -0.9941
vn -0.5702 0.3802 -0.7282
vn 0.4930 0.5284 0.6912
vn 0.0965 -0.0124 -0.9953
vn -0.7017 -0.3001 0.6462
vn -0.1569 0.3239 -0.9330
vn 0.4769 0.4539 0.7527
vn -0.3176 -0.6816 0.6592
vn 0.4092 0.5373 0.7375
vn -0.2978 -0.6212 0.7248
vn 0.4718 0.5698 0.6729
vn -0.5289 -0.7804 0.3334
vn 0.5788 0.4668 0.6686
vn 0.7877 0.2687 0.5545
vn -0.6970 -0.1639 -0.6981
vn 0.1775 -0.1505 -0.9726
vn 0.8734 0.1341 0.4682
vn 0.8635 -0.1065 0.4929
vn -0.8961 -0.2503 0.3665
vn -0.3231 0.0853 0.9425
vn -0.1802 0.2065 0.9617
vn 0.3647 0.9237 -0.1172
vn -0.2352 0.1452 0.9610
vn -0.2501 -0.2288 0.9408
vn -0.3591 -0.6328 0.6860
vn 0.5834 0.8078 0.0848
vn -0.3484 -0.1887 0.9182
vn -0.3105 -0.2692 0.9117
vn -0.3128 -0.3224 0.8934
vn -0.4817 -0.2338 0.8445
vn -0.5162 -0.1256 0.8472
vn -0.5868 -0.3861 0.7118
vn -0.6967 -0.2102 0.6859
vn -0.4966 -0.3139 0.8092
vn -0.0758 -0.5767 0.8134
vn 0.7312 0.4184 0.5388
vn 0.8442 0.2073 0.4943
vn -0.9446 -0.2030 0.2577
vn -0.8205 0.2273 0.5246
vn -0.1214 0.8701 0.4777
vn -0.4714 -0.1948 0.8601
vn -0.2563 0.1317 0.9576
vn -0.2461 0.2333 0.9408
vn -0.4387 -0.0718 0.8958
vn -0.5387 -0.0699 0.8396
vn -0.3455 -0.0525 0.9370
vn -0.5086 -0.3890 0.7681
vn -0.2018 -0.2057 0.9576
vn 0.5712 0.7141 0.4048
vn -0.3130 -0.2953 0.9027
vn -0.5100 -0.3454 0.7877
vn -0.3840 -0.1087 0.9169
vn -0.6434 -0.4057 0.6491
vn 0.4713 0.6518 0.5942
vn -0.5447 -0.7029 0.4575
vn -0.8306 0.1494 0.5365
vn -0.8376 -0.5221 0.1610
vn -0.5797 -0.3420 0.7396
vn 0.4947 0.6086 0.6204
vn -0.4503 -0.1222 0.8845
vn -0.3060 -0.5083 0.8050
vn 0.4922 0.5501 0.6746
vn -0.0852 -0.6756 0.7324
vn 0.1012 -0.7903 0.6044
vn 0.6029 0.5676 0.5607
vn 0.6747 -0.5880 0.4461
vn 0.8675 0.1748 0.4657
vn 0.8981 -0.2084 0.3874
vn 0.9024 0.0895 0.4215
vn -0.6474 -0.2862 0.7064
vn -0.5231 0.0562 0.8504
vn -0.6312 0.5412 0.5556
vn -0.3804 0.3909 0.8381
vn -0.6523 -0.0135 0.7578
vn -0.6275 0.1480 0.7644
vn -0.3100 0.1251 0.9425
vn -0.8079 -0.3602 0.4664
vn -0.3541 -0.2227 0.9083
vn 0.3731 0.8727 0.3149
vn -0.3235 -0.3354 0.8848
vn -0.2675 -0.2618 0.9273
vn -0.1922 -0.3829 0.9036
vn -0.2990 -0.4087 0.8623
vn -0.2536 -0.2151 0.9431
vn -0.5020 -0.5783 0.6431
vn 0.4560 0.6663 0.5900
vn -0.8513 -0.4161 0.3198
vn -0.8773 0.3346 0.3441
vn -0.4609 -0.2024 0.8640
vn -0.4828 -0.6018 0.6362
vn 0.4520 0.5872 0.6714
vn 0.0635 -0.6189 0.7829
vn 0.4940 0.5305 0.6888
vn 0.5408 0.5286 0.6544
vn 0.3960 -0.7807 0.4834
vn 0.8134 0.3114 0.4913
vn 0.8557 0.1662 0.4901
vn -0.4733 0.0625 0.8787
vn -0.3636 -0.1035 0.9258
vn -0.9395 0.0220 0.3418
vn -0.9167 -0.3025 0.2612
vn 0.1602 0.8254 0.5414
vn -0.4470 -0.5166 0.7303
vn -0.2482 -0.3805 0.8908
vn -0.8826 -0.4609 0.0930
vn -0.2334 -0.8913 0.3887
vn -0.2723 -0.3240 0.9060
vn -0.0827 -0.8236 0.5611
vn -0.3271 -0.9018 -0.2825
vn -0.3730 -0.6006 0.7072
vn -0.4106 -0.7456 -0.5248
vn -0.4773 -0.8507 -0.2200
vn -0.1958 -0.8884 0.4151
vn 0.4107 0.6916 0.5941
vn -0.9958 -0.0852 0.0321
vn -0.6284 -0.7691 0.1168
vn -0.4787 0.5515 0.6832
vn -0.8074 0.4346 0.3992
vn -0.5545 -0.2290 0.8001
vn -0.5738 0.3659 0.7327
vn -0.3677 -0.6438 0.6711
vn -0.2259 -0.5901 0.7751
vn -0.0189 -0.6756 0.7370
vn 0.4895 0.6090 0.6242
vn 0.0987 -0.6666 0.7388
vn 0.7473 0.4414 0.4967
vn 0.8352 0.1993 0.5126
vn 0.8642 0.1658 0.4751
vn 0.8868 -0.2654 0.3785
vn -0.3909 0.0058 0.9204
vn -0.3563 0.3957 0.8465
vn -0.4365 0.0654 0.8973
vn -0.3136 -0.3876 0.8668
vn -0.4930 -0.4936 0.7164
vn -0.3714 0.2121 0.9039
vn -0.2864 -0.9580 0.0139
vn -0.2997 -0.3109 0.9020
vn -0.1810 0.0675 0.9812
vn -0.4635 0.5266 0.7126
vn -0.4445 -0.8417 -0.3065
vn -0.3934 -0.2631 0.8809
vn 0.3848 0.7827 0.4892
vn -0.3527 -0.8968 -0.2671
vn -0.0393 -0.9992 -0.0040
vn -0.5380 -0.8295 -0.1499
vn 0.3511 0.7670 0.5371
vn -0.1429 -0.9024 -0.4064
vn -0.0566 0.9308 -0.3612
vn -0.2849 0.5558 -0.7810
vn -0.6528 -0.3132 -0.6897
vn -0.5377 0.3729 -0.7561
vn -0.4900 0.4911 -0.7202
vn 0.4340 0.6680 0.6045
vn -0.4122 -0.6179 0.6696
vn -0.3245 -0.6204 0.7140
vn 0.2249 -0.7675 0.6003
vn 0.2884 -0.7910 0.5395
vn 0.5979 0.5804 0.5529
vn 0.6228 0.5537 0.5527
vn 0.8308 0.1316 0.5409
vn 0.9749 0.2017 0.0947
vn -0.5088 0.1319 0.8507
vn -0.5538 0.1153 0.8246
vn -0.4339 -0.0428 0.8999
vn -0.6799 -0.0839 0.7285
vn -0.4914 -0.8279 0.2702
vn -0.4388 -0.6734 0.5949
vn -0.4591 0.3858 0.8002
vn -0.7254 0.3037 0.6177
vn -0.2907 -0.9563 -0.0328
vn -0.3688 -0.4073 0.8356
vn -0.3776 -0.1723 0.9098
vn -0.4548 0.4826 0.7485
vn -0.8419 -0.0134 0.5395
vn 0.2785 0.7309 0.6231
vn -0.2796 -0.8175 0.5035
vn -0.3908 -0.7902 -0.4721
vn -0.0226 -0.9324 0.3608
vn -0.2270 -0.9737 -0.0194
vn 0.2737 0.7607 0.5886
vn 0.0028 0.8334 -0.5527
vn -0.0951 0.9590 -0.2671
vn -0.6887 0.6694 -0.2788
vn -0.6067 0.4418 -0.6608
vn -0.5387 0.8034 0.2536
vn -0.1472 0.9725 0.1805
vn -0.1752 0.8324 -0.5257
vn -0.4323 -0.2102 0.8769
vn -0.4755 0.7021 0.5301
vn 0.3968 0.7473 0.5330
vn -0.4389 -0.2662 0.8582
vn -0.3663 -0.4687 0.8038
vn -0.4809 -0.5257 0.7017
vn -0.3860 -0.6124 0.6899
vn 0.4444 0.6333 0.6335
vn 0.5297 0.6281 0.5700
vn 0.3562 -0.8365 0.4164
vn 0.7023 0.4955 0.5112
vn 0.4195 -0.7478 0.5146
vn 0.8105 0.3380 0.4783
vn 0.5840 -0.6349 0.5058
vn 0.7990 0.2353 0.5534
vn 0.7889 -0.4381 0.4310
vn 0.8898 0.1013 0.4450
vn 0.9018 0.0938 0.4219
vn 0.8510 -0.4225 0.3119
vn 0.9479 0.0735 0.3099
vn 0.9588 0.1668 0.2299
vn 0.9272 0.0442 0.3720
vn -0.5899 0.3687 0.7183
vn -0.8538 -0.0458 0.5187
vn -0.5741 0.2261 0.7870
vn -0.6745 0.3776 0.6344
vn -0.3029 -0.9526 0.0274
vn -0.6540 -0.1401 0.7434
vn -0.5573 0.2539 0.7905
vn -0.5017 0.5115 0.6976
vn -0.0932 -0.9879 0.1241
vn 0.0819 -0.9884 -0.1281
vn -0.6398 0.1858 0.7457
vn -0.3167 -0.8699 -0.3781
vn -0.8597 0.0273 0.5100
vn -0.2196 0.7969 -0.5628
vn 0.2903 0.7166 0.6342
vn -0.7651 0.1037 0.6355
vn 0.4097 0.7094 0.5735
vn 0.4617 0.6576 0.5953
vn -0.1960 -0.8004 0.5666
vn 0.1048 -0.8658 0.4894
vn 0.5284 0.6217 0.5782
vn 0.7864 0.3958 0.4743
vn -0.2686 -0.9525 0.1434
vn -0.3799 -0.8701 0.3141
vn -0.5007 -0.6551 0.5658
vn -0.6851 0.2961 0.6656
vn -0.6504 -0.1137 0.7510
vn -0.5635 -0.3288 0.7579
vn -0.8314 -0.2727 0.4842
vn -0.6765 0.3909 0.6241
vn -0.1413 -0.9298 0.3397
vn -0.3984 -0.2654 0.8780
vn -0.6826 0.3383 0.6478
vn 0.1159 -0.5665 0.8159
vn -0.7256 0.1233 0.6770
vn -0.8319 -0.0475 0.5529
vn 0.0475 0.7444 0.6660
vn -0.0374 0.9017 -0.4308
vn 0.4203 0.7389 0.5267
vn -0.0627 0.8452 -0.5308
vn -0.1325 0.9190 -0.3712
vn -0.4362 0.8623 0.2570
vn -0.5282 -0.2468 0.8125
vn -0.3451 -0.5752 0.7417
vn -0.3247 -0.6104 0.7224
vn 0.4941 0.7252 0.4795
vn 0.5190 0.5980 0.6108
vn 0.3150 -0.8830 0.3481
vn 0.5874 0.6138 0.5274
vn 0.4144 -0.8241 0.3862
vn 0.4066 -0.7789 0.4775
vn 0.8310 0.4380 0.3428
vn 0.9516 -0.0873 0.2947
vn 0.9623 0.1830 0.2010
vn 0.9935 0.0987 0.0565
vn -0.5201 -0.1100 0.8470
vn -0.2999 0.2449 0.9220
vn -0.0988 0.1859 0.9776
vn -0.5737 0.0151 0.8190
vn -0.9806 0.1108 0.1619
vn -0.1141 -0.1487 0.9823
vn -0.1784 -0.9647 -0.1937
vn -0.2880 -0.9576 0.0092
vn -0.4831 -0.6597 0.5757
vn -0.6699 0.1608 0.7248
vn -0.3154 -0.9085 0.2741
vn -0.7423 0.1410 0.6550
vn -0.0890 0.9382 -0.3345
vn -0.5683 0.4066 0.7153
vn 0.3049 0.7450 0.5933
vn -0.3860 -0.4584 0.8006
vn 0.3402 0.7706 0.5389
vn 0.4860 0.7107 0.5086
vn 0.4112 0.7712 0.4860
vn 0.0006 -0.8118 0.5839
vn 0.1796 -0.9348 0.3066
vn 0.5626 0.6205 0.5464
vn 0.5620 0.5979 0.5716
vn 0.3232 -0.8739 0.3632
vn 0.8463 0.4354 0.3069
vn 0.9093 0.2041 0.3626
vn -0.7593 -0.1266 0.6383
vn -0.4576 0.1098 0.8823
vn -0.6524 -0.4711 0.5937
vn -0.5564 -0.3761 0.7409
vn -0.4221 0.1061 0.9003
vn -0.2275 -0.1303 0.9650
vn -0.6158 -0.0860 0.7832
vn -0.7003 0.3217 0.6373
vn -0.5478 0.5395 0.6394
vn -0.6307 0.2154 0.7455
vn -0.2393 -0.9700 0.0423
vn -0.6123 0.2259 0.7577
vn -0.0837 0.9069 -0.4130
vn -0.0548 0.7560 0.6523
vn -0.2168 0.8838 -0.4146
vn 0.4229 0.8028 0.4203
vn -0.4127 0.8635 0.2901
vn -0.4798 -0.2100 0.8519
vn -0.3738 -0.5982 0.7089
vn -0.4239 -0.6021 0.6766
vn -0.3137 -0.7499 0.5825
vn 0.1220 -0.8297 0.5447
vn 0.6204 0.6224 0.4772
vn 0.2931 -0.8394 0.4576
vn 0.6816 0.5808 0.4451
vn 0.7867 0.5101 0.3476
vn 0.5119 -0.7414 0.4339
vn 0.7298 -0.5742 0.3711
vn 0.9077 -0.2937 0.2999
vn 0.9292 0.0279 0.3686
vn 0.9461 -0.1115 0.3042
vn 0.9808 0.1926 -0.0312
vn -0.7896 0.1339 0.5988
vn -0.6520 0.2878 0.7015
vn -0.7263 -0.1720 0.6655
vn -0.8478 0.2595 0.4626
vn -0.7223 0.4034 0.5617
vn -0.1201 -0.9650 0.2331
vn -0.4207 -0.8831 0.2078
vn -0.6863 0.1744 0.7061
vn -0.1526 0.8331 -0.5317
vn -0.7239 0.4820 0.4935
vn -0.1720 0.8044 -0.5686
vn -0.4344 -0.7008 0.5659
vn -0.3190 -0.8486 0.4221
vn 0.4009 0.7940 0.4571
vn 0.4568 0.7531 0.4735
vn 0.2206 -0.9561 0.1929
vn 0.5163 0.7267 0.4532
vn 0.2757 -0.9251 0.2609
vn 0.3322 -0.8502 0.4084
vn 0.8255 -0.4485 0.3427
vn 0.9572 -0.0407 0.2865
vn 0.9424 0.1403 0.3037
vn -0.6988 0.0972 0.7087
vn -0.6886 -0.4448 0.5727
vn -0.8035 -0.0301 0.5945
vn -0.2140 -0.9727 0.0897
vn -0.4852 -0.7737 0.4074
vn -0.8103 0.2606 0.5249
vn -0.5538 -0.6796 -0.4811
vn -0.4928 0.8671 0.0730
vn -0.2090 0.9766 -0.0511
vn 0.1296 0.9092 0.3957
vn -0.5366 0.2962 0.7901
vn -0.3268 -0.6765 0.6600
vn -0.2946 -0.7648 0.5730
vn 0.3241 0.8399 0.4353
vn -0.3620 -0.8089 0.4634
vn -0.3073 -0.9181 0.2505
vn 0.4958 0.7568 0.4260
vn 0.5217 0.6957 0.4937
vn 0.1532 -0.9869 0.0505
vn 0.6318 0.6276 0.4549
vn 0.6939 0.5922 0.4098
vn 0.8858 0.4137 0.2103
vn 0.8616 0.4486 0.2377
vn 0.9249 -0.2329 0.3004
vn 0.9667 0.1946 0.1665
vn 0.9657 -0.1563 0.2073
vn 0.9741 0.0412 0.2224
vn -0.9178 -0.0175 0.3967
vn -0.7270 0.5445 0.4184
vn -0.5630 0.1744 0.8079
vn -0.5165 -0.3089 0.7986
vn -0.7717 -0.4872 0.4088
vn -0.7685 -0.4308 0.4732
vn -0.8620 0.0240 0.5064
vn -0.8383 0.3727 0.3980
vn -0.7670 0.2338 0.5975
vn -0.2665 -0.9637 -0.0143
vn -0.3001 -0.8559 -0.4212
vn -0.6181 -0.7138 -0.3293
vn -0.2318 -0.9714 -0.0510
vn -0.7044 -0.5215 0.4816
vn -0.0754 0.9805 -0.1815
vn -0.8324 0.3648 0.4172
vn -0.5462 0.7942 0.2663
vn 0.4182 0.8294 0.3704
vn 0.5252 0.7734 0.3550
vn 0.4706 0.7536 0.4590
vn 0.2035 -0.9695 0.1365
vn 0.2275 -0.9151 0.3328
vn 0.4246 -0.8705 0.2488
vn 0.7572 0.5971 0.2646
vn 0.8367 0.5158 0.1842
vn 0.7649 -0.6106 0.2053
vn 0.8733 0.4531 0.1791
vn 0.8891 0.4227 0.1757
vn 0.9136 0.0868 0.3973
vn -0.8849 -0.3191 0.3392
vn -0.5177 0.7941 0.3183
vn -0.8494 -0.4809 0.2173
vn -0.8916 0.4249 0.1567
vn -0.8768 0.1990 0.4378
vn -0.9046 0.3410 0.2558
vn -0.0818 -0.9942 0.0702
vn -0.2290 -0.9639 0.1357
vn -0.3983 -0.8600 0.3191
vn -0.6922 -0.6795 0.2430
vn -0.9341 0.3247 0.1486
vn -0.0209 0.9526 -0.3034
vn -0.8992 0.4194 0.1246
vn -0.8356 0.5466 -0.0544
vn -0.6677 -0.3537 0.6550
vn -0.3543 -0.7239 0.5919
vn -0.1271 -0.9851 0.1162
vn 0.5117 0.7449 0.4281
vn 0.5691 0.7275 0.3832
vn 0.6996 0.6026 0.3840
vn 0.3146 -0.9362 0.1568
vn 0.8798 0.4642 0.1021
vn 0.5615 -0.7817 0.2713
vn 0.8764 -0.3895 0.2833
vn 0.9439 -0.2114 0.2536
vn 0.9607 -0.1057 0.2568
vn 0.9398 0.1342 0.3143
vn 0.7502 0.5110 0.4196
vn -0.8429 0.3389 0.4179
vn -0.8923 0.4202 -0.1651
vn -0.0793 -0.9961 0.0388
vn -0.9507 0.0774 0.3003
vn 0.0597 0.9977 0.0329
vn -0.3634 -0.6989 0.6161
vn 0.4918 0.7499 0.4425
vn 0.2088 -0.9739 0.0890
vn 0.5053 0.7340 0.4538
vn 0.1062 -0.9666 0.2332
vn 0.9489 0.0105 0.3153
vn -0.7476 0.6642 0.0072
vn -0.9066 0.2818 0.3142
vn -0.8664 0.4991 -0.0167
vn -0.5251 -0.7087 -0.4712
vn -0.5056 -0.8532 0.1278
vn -0.9358 0.3342 -0.1123
vn -0.9080 0.3140 -0.2774
vn -0.7991 0.4902 -0.3480
vn -0.4021 0.8988 -0.1745
vn -0.9429 -0.0337 0.3315
vn -0.4804 0.8042 -0.3501
vn -0.3980 -0.7143 0.5757
vn 0.1598 0.9624 0.2195
vn 0.2874 0.9016 0.3232
vn -0.4443 -0.8873 0.1235
vn 0.3792 0.8093 0.4486
vn 0.4773 0.7835 0.3979
vn 0.7401 0.6363 0.2174
vn 0.8073 0.5783 0.1172
vn 0.8974 0.4377 0.0566
vn 0.7739 -0.6272 0.0873
vn 0.9523 0.3003 0.0547
vn 0.9528 0.0610 0.2973
vn 0.9380 0.1533 0.3109
vn -0.9931 -0.0796 0.0863
vn -0.9806 -0.0328 0.1930
vn -0.7406 0.6719 -0.0091
vn -0.6817 0.0198 0.7313
vn -0.6196 -0.7754 0.1216
vn 0.4627 -0.6533 0.5992
vn -0.6424 -0.6834 -0.3468
vn 0.7153 0.2505 -0.6524
vn -0.3428 -0.8075 0.4801
vn -0.1196 -0.9921 0.0374
vn -0.0853 -0.9958 -0.0320
vn -0.5489 -0.8197 0.1637
vn -0.9169 0.3941 -0.0623
vn -0.1116 0.9514 -0.2870
vn -0.3125 -0.7269 0.6115
vn -0.1260 -0.9907 0.0511
vn -0.2267 -0.9525 0.2035
vn 0.4853 0.7609 0.4307
vn -0.0414 -0.9524 0.3022
vn 0.0742 -0.9330 0.3520
vn -0.0114 -0.9071 0.4207
vn 0.4381 0.7710 0.4622
vn 0.5117 0.7294 0.4541
vn 0.0977 -0.9209 0.3775
vn 0.6466 0.7020 0.2984
vn 0.1648 -0.9024 0.3982
vn 0.4650 -0.8760 0.1283
vn 0.9033 0.4240 0.0654
vn 0.8176 -0.5676 0.0966
vn 0.8989 -0.4279 0.0943
vn 0.9719 0.0853 0.2195
vn -0.6338 0.0523 0.7717
vn -0.7620 0.3861 0.5200
vn -0.7247 0.0238 0.6886
vn -0.7543 0.1478 0.6396
vn -0.5779 -0.4445 0.6845
vn -0.8326 -0.0599 0.5506
vn -0.9323 0.2534 0.2582
vn -0.7575 -0.2401 -0.6071
vn -0.8889 0.4579 0.0123
vn -0.2198 0.9420 -0.2535
vn 0.0361 -0.9967 -0.0731
vn -0.5939 -0.7772 0.2080
vn -0.3087 0.9404 -0.1426
vn -0.7704 0.4968 0.3997
vn -0.7969 0.5136 -0.3180
vn -0.2668 0.9545 -0.1329
vn -0.1101 -0.9469 0.3020
vn 0.3133 -0.8907 0.3293
vn 0.8150 0.5757 0.0660
vn 0.9956 0.0750 0.0561
vn -0.9427 0.1027 0.3175
vn -0.9885 0.0009 -0.1510
vn -0.9083 -0.4042 0.1077
vn -0.6862 0.6143 0.3895
vn -0.9101 0.3969 -0.1190
vn -0.7103 -0.7034 0.0280
vn -0.5873 -0.7943 -0.1554
vn -0.2768 -0.6384 0.7182
vn -0.1531 -0.9772 0.1473
vn -0.3223 -0.9325 0.1628
vn -0.6324 -0.7670 0.1084
vn 0.0176 0.9395 -0.3420
vn 0.0189 -0.9998 0.0069
vn -0.6288 0.7017 -0.3349
vn -0.3856 -0.5955 0.7048
vn -0.2200 0.9734 -0.0644
vn 0.2219 0.9318 0.2873
vn -0.0358 -0.8562 0.5155
vn 0.3701 0.8468 0.3819
vn -0.3697 -0.9003 0.2298
vn 0.5183 0.7563 0.3993
vn 0.4271 0.7944 0.4318
vn 0.8161 0.5774 0.0214
vn 0.8250 0.5645 0.0251
vn 0.4728 -0.8795 -0.0542
vn 0.8900 0.4525 -0.0563
vn 0.8181 -0.5668 -0.0974
vn 0.9695 0.0695 0.2349
vn 0.9755 0.1445 0.1659
vn -0.8834 0.4664 -0.0457
vn 0.0266 -0.9991 -0.0341
vn -0.2187 0.9487 -0.2283
vn -0.6459 -0.7488 0.1485
vn -0.4023 0.5656 0.7199
vn -0.3986 -0.8083 0.4334
vn 0.0061 -0.9329 0.3601
vn 0.5090 0.7153 0.4788
vn 0.1363 -0.9732 0.1853
vn 0.6047 0.6988 0.3821
vn 0.7360 -0.6633 -0.1352
vn 0.8851 0.4563 -0.0914
vn 0.9572 -0.2304 0.1751
vn -0.9591 -0.2687 -0.0894
vn -0.9723 0.0975 -0.2123
vn -0.9001 0.4265 0.0888
vn -0.8928 0.4455 -0.0663
vn -0.8918 0.3989 0.2136
vn -0.2580 0.9628 -0.0798
vn -0.1142 0.9515 0.2857
vn -0.1656 -0.9795 0.1145
vn -0.5918 -0.8055 0.0310
vn -0.4869 0.8118 0.3224
vn -0.8524 0.4733 0.2221
vn -0.7733 0.6307 -0.0649
vn -0.2261 -0.8018 0.5531
vn 0.2181 -0.9373 0.2720
vn 0.3355 0.8817 0.3318
vn 0.1576 -0.9607 0.2286
vn -0.2638 -0.9496 0.1691
vn 0.4215 0.8384 0.3455
vn -0.4744 -0.8251 0.3069
vn -0.0676 -0.9575 0.2805
vn 0.4490 0.7778 0.4398
vn 0.1487 -0.9712 0.1863
vn 0.8285 0.5561 -0.0665
vn 0.8207 0.5412 -0.1830
vn 0.8792 0.4277 -0.2099
vn 0.9149 0.3871 -0.1147
vn 0.8307 -0.5557 0.0352
vn 0.9294 0.3254 -0.1739
vn 0.8737 0.4274 -0.2324
vn 0.9798 0.1718 -0.1020
vn -0.9510 0.2614 -0.1650
vn -0.8705 0.4919 -0.0151
vn -0.2364 0.9651 -0.1124
vn -0.2553 0.9667 0.0170
vn -0.2600 -0.9368 0.2340
vn -0.2134 -0.9688 -0.1260
vn -0.7516 -0.1504 0.6422
vn -0.4443 -0.6138 0.6526
vn -0.6353 0.7562 -0.1570
vn -0.4889 0.8214 -0.2939
vn -0.0942 0.9953 -0.0207
vn 0.1255 -0.9301 0.3452
vn 0.3786 0.8663 0.3258
vn 0.5641 0.7744 0.2864
vn 0.3806 -0.9194 -0.0986
vn 0.5695 -0.7875 -0.2354
vn 0.4731 -0.8298 -0.2960
vn 0.9746 0.2240 0.0042
vn 0.9942 -0.0071 0.1073
vn -0.9991 -0.0046 -0.0413
vn -0.8534 0.2062 -0.4788
vn -0.8949 0.0659 0.4413
vn -0.7959 0.5975 -0.0975
vn -0.9251 0.3759 -0.0541
vn 0.1022 0.7769 0.6213
vn 0.0330 0.9871 0.1564
vn -0.0718 -0.9973 -0.0181
vn -0.7988 -0.5421 0.2609
vn -0.2596 -0.9657 0.0095
vn -0.8811 0.4592 0.1129
vn -0.7920 0.6105 0.0073
vn 0.0062 0.9806 -0.1959
vn 0.3383 0.9398 0.0482
vn -0.3873 -0.9006 0.1972
vn -0.4540 -0.8879 -0.0740
vn -0.0237 -0.9812 -0.1913
vn 0.4254 -0.7719 -0.4724
vn 0.8784 0.4392 -0.1883
vn 0.8874 0.4005 -0.2283
vn 0.8171 -0.5752 0.0377
vn 0.9414 -0.3307 0.0663
vn -0.9667 0.0121 0.2556
vn -0.7363 0.2771 -0.6173
vn -0.2578 -0.9573 0.1307
vn -0.5030 -0.8203 0.2724
vn -0.4178 0.9072 0.0488
vn -0.0830 -0.9961 0.0284
vn -0.2651 0.9640 -0.0212
vn -0.7127 -0.0683 0.6981
vn -0.3456 -0.7803 0.5213
vn -0.6770 0.6991 -0.2298
vn -0.2334 -0.9178 0.3212
vn -0.1396 -0.9315 0.3360
vn 0.3373 0.9344 -0.1146
vn 0.2150 -0.8714 -0.4409
vn 0.4244 0.8951 0.1366
vn 0.1754 -0.9419 -0.2866
vn 0.7245 0.6577 0.2059
vn 0.8902 0.4199 0.1766
vn 0.8273 0.5192 -0.2147
vn 0.5990 -0.6771 -0.4275
vn 0.6784 -0.6770 -0.2854
vn 0.7545 -0.6563 0.0094
vn 0.9225 0.2284 -0.3110
vn 0.9802 0.1979 0.0090
vn -0.7761 0.4798 -0.4093
vn -0.9392 -0.0201 0.3429
vn -0.6070 0.3007 -0.7356
vn -0.9212 -0.3608 0.1459
vn -0.8252 0.1857 -0.5335
vn -0.0092 0.9028 -0.4300
vn -0.8837 -0.4128 0.2206
vn -0.8989 0.2612 -0.3518
vn -0.1429 -0.6612 0.7364
vn -0.6477 -0.7080 0.2814
vn -0.7981 -0.5965 0.0854
vn -0.6251 0.6285 0.4628
vn -0.8541 0.4041 -0.3274
vn -0.7599 0.5486 -0.3487
vn -0.5834 0.5758 -0.5728
vn -0.5083 0.7376 -0.4444
vn -0.2916 0.7845 -0.5473
vn 0.1772 -0.9734 0.1449
vn 0.1028 -0.9416 0.3206
vn 0.2604 0.8299 -0.4934
vn -0.0211 -0.9975 -0.0670
vn 0.2580 -0.7012 -0.6646
vn 0.3892 -0.7244 -0.5690
vn 0.3375 -0.7448 -0.5757
vn -0.1507 -0.2662 0.9521
vn -0.7495 0.5415 0.3809
vn -0.4342 0.8373 0.3323
vn 0.8193 -0.2514 0.5153
vn 0.0909 0.2155 0.9723
vn 0.9220 0.3030 -0.2412
vn -0.8131 -0.2866 -0.5066
vn -0.1091 0.1485 -0.9829
vn -0.8392 0.4830 -0.2500
vn -0.4806 0.4672 -0.7421
vn -0.5972 0.0425 -0.8009
vn -0.6231 0.0433 -0.7809
vn -0.5691 0.0276 -0.8218
vn -0.2218 0.9628 -0.1544
vn 0.1133 -0.9506 0.2889
vn -0.0788 -0.9748 -0.2086
vn -0.4432 -0.8964 -0.0025
vn -0.8343 -0.4855 0.2612
vn -0.4311 0.9018 -0.0310
vn -0.7545 0.6314 0.1792
vn 0.1569 0.9566 -0.2454
vn -0.1878 -0.6049 0.7739
vn -0.5816 -0.5021 0.6400
vn -0.8765 0.3121 -0.3665
vn 0.3521 -0.2345 0.9061
vn -0.0532 0.0353 0.9980
vn 0.3090 0.0962 0.9462
vn -0.3573 -0.8627 0.3578
vn -0.3752 0.6015 -0.7052
vn -0.4448 -0.8602 0.2496
vn -0.2650 -0.9638 0.0290
vn -0.2824 0.6330 -0.7208
vn 0.1472 0.7932 -0.5909
vn 0.3092 0.8243 -0.4742
vn 0.1196 0.8918 -0.4364
vn 0.3178 -0.7016 -0.6378
vn 0.2275 -0.4307 -0.8734
vn 0.8448 0.4690 -0.2576
vn 0.3161 -0.4094 -0.8558
vn 0.7981 0.4844 -0.3582
vn 0.1401 -0.5208 -0.8421
vn -0.3377 -0.1659 0.9265
vn -0.8212 0.3584 0.4440
vn 0.6407 -0.5809 0.5020
vn 0.5806 0.8051 0.1211
vn 0.9540 -0.1659 -0.2498
vn -0.5319 0.6461 -0.5473
vn -0.4618 0.7168 -0.5224
vn -0.9551 -0.2959 0.0124
vn -0.4465 0.8947 0.0151
vn -0.1814 -0.9809 0.0697
vn -0.5988 0.0088 -0.8008
vn 0.1016 0.9873 -0.1221
vn -0.8763 -0.4634 -0.1316
vn -0.5520 0.6035 -0.5753
vn 0.0677 0.9832 -0.1697
vn -0.7391 -0.6299 -0.2386
vn -0.7948 -0.1956 -0.5744
vn -0.9791 -0.0024 -0.2036
vn -0.9094 -0.3880 -0.1495
vn -0.9270 -0.3720 -0.0476
vn -0.7291 0.2702 -0.6288
vn -0.6147 -0.7885 -0.0208
vn -0.5861 0.3556 -0.7280
vn 0.1345 -0.9725 0.1901
vn -0.3907 0.4652 -0.7943
vn -0.0039 -0.9945 0.1042
vn -0.3106 -0.9487 -0.0590
vn -0.0108 -0.9401 -0.3408
vn -0.0319 -0.9839 -0.1757
vn -0.2979 0.4768 -0.8270
vn -0.0275 -0.9966 0.0781
vn 0.0096 -0.9950 0.0995
vn 0.3763 -0.9256 -0.0406
vn -0.0020 0.6621 -0.7494
vn 0.6386 -0.7633 -0.0982
vn 0.6446 -0.7483 -0.1567
vn 0.5361 -0.8437 -0.0266
vn 0.8304 0.3462 -0.4366
vn 0.6728 -0.5367 -0.5091
vn 0.2776 -0.9559 -0.0955
vn -0.0815 -0.9952 -0.0539
vn 0.7773 0.4411 -0.4485
vn 0.4478 -0.8430 -0.2979
vn 0.8432 0.4117 -0.3458
vn -0.5924 0.0307 0.8051
vn 0.8283 0.4026 -0.3896
vn 0.8211 0.3787 -0.4272
vn 0.2170 -0.5858 0.7809
vn 0.5627 -0.8257 -0.0412
vn 0.8637 0.3081 -0.3990
vn -0.1266 0.8127 -0.5688
vn 0.6867 0.4857 -0.5409
vn 0.9408 0.3029 -0.1522
vn 0.9912 -0.1320 -0.0031
vn 0.9671 0.2473 -0.0598
vn -0.5530 0.7532 -0.3563
vn -0.5466 0.6544 -0.5224
vn -0.9466 0.1482 -0.2863
vn -0.5016 0.8138 -0.2935
vn -0.9179 -0.3487 -0.1892
vn -0.8679 -0.3755 -0.3252
vn -0.6816 -0.6752 -0.2820
vn 0.1355 0.9777 0.1603
vn -0.8891 -0.0584 -0.4539
vn -0.8235 -0.4141 -0.3878
vn -0.8428 0.5372 0.0338
vn -0.7479 0.1919 -0.6355
vn -0.8486 -0.1549 -0.5059
vn -0.5237 -0.6409 -0.5612
vn -0.1071 -0.9899 -0.0925
vn -0.2001 -0.8006 -0.5647
vn 0.0139 -0.9864 -0.1636
vn -0.0218 -0.9508 -0.3089
vn -0.0806 -0.8570 -0.5090
vn -0.1462 -0.9702 -0.1933
vn -0.0167 0.5857 -0.8103
vn 0.4022 -0.9084 0.1141
vn 0.3342 -0.5350 0.7759
vn 0.2522 0.7272 -0.6384
vn 0.1696 -0.5800 0.7968
vn 0.7134 0.3680 -0.5964
vn 0.7550 0.4930 -0.4324
vn 0.1009 -0.6477 0.7552
vn -0.0842 -0.9867 -0.1391
vn -0.5734 -0.0720 0.8161
vn 0.2378 -0.6368 0.7334
vn -0.7916 0.5868 0.1703
vn 0.4103 -0.9107 -0.0479
vn -0.3500 0.7046 -0.6173
vn 0.5058 -0.4677 0.7248
vn 0.9203 0.3748 -0.1119
vn -0.1400 -0.9349 -0.3261
vn -0.4713 -0.7539 -0.4578
vn -0.1162 0.8455 0.5212
vn -0.7659 -0.4335 -0.4748
vn -0.1388 0.9786 0.1521
vn -0.7601 0.5931 0.2654
vn -0.2848 0.7985 0.5303
vn -0.5401 0.3475 -0.7665
vn -0.5106 -0.4785 -0.7144
vn -0.1328 -0.5714 -0.8098
vn -0.3292 0.3609 -0.8726
vn 0.0542 -0.7510 -0.6581
vn -0.3375 0.3921 -0.8558
vn -0.2613 -0.9306 -0.2564
vn 0.1469 0.6095 -0.7790
vn -0.1775 -0.9778 -0.1111
vn 0.1579 0.5710 -0.8056
vn 0.4098 -0.8817 -0.2337
vn -0.0391 0.4874 -0.8723
vn 0.2083 -0.7456 0.6330
vn 0.7718 0.5082 -0.3823
vn 0.5429 -0.8307 0.1237
vn 0.3879 -0.8981 0.2072
vn -0.0615 -0.4208 0.9051
vn -0.8071 0.2607 0.5297
vn -0.8419 0.5385 0.0350
vn 0.8422 0.3309 -0.4256
vn 0.5428 -0.8399 0.0038
vn 0.9016 0.2542 -0.3499
vn -0.2774 -0.3403 0.8985
vn 0.8549 0.3180 -0.4099
vn 0.2851 -0.2784 0.9172
vn 0.8807 -0.0342 0.4724
vn 0.9665 -0.0061 -0.2565
vn 0.6954 -0.7183 0.0211
vn 0.9462 -0.3230 -0.0179
vn -0.6986 0.5922 -0.4016
vn 0.7987 0.2905 0.5270
vn -0.1862 0.9184 0.3491
vn 0.0222 0.9988 0.0427
vn -0.8612 -0.5030 0.0726
vn -0.1776 0.9679 0.1777
vn -0.9785 0.0290 -0.2042
vn -0.3282 0.4602 0.8249
vn -0.1535 0.9103 0.3845
vn -0.7782 -0.1832 -0.6007
vn -0.7671 0.6162 0.1783
vn -0.7943 0.4097 -0.4487
vn -0.3210 0.3435 -0.8826
vn -0.0881 0.4839 -0.8707
vn 0.0482 0.4782 -0.8770
vn -0.2141 -0.8813 -0.4213
vn 0.1687 0.5724 -0.8024
vn 0.1745 -0.8873 -0.4268
vn 0.4643 -0.8430 0.2718
vn 0.3997 0.3417 -0.8506
vn 0.4053 -0.8494 0.3381
vn 0.5027 0.8562 -0.1191
vn 0.7947 0.4484 -0.4091
vn 0.7964 0.4084 -0.4461
vn -0.6396 -0.0502 0.7671
vn 0.7524 0.4077 -0.5173
vn 0.6417 -0.6350 0.4301
vn 0.7330 -0.6337 -0.2472
vn -0.6603 0.6915 -0.2929
vn 0.3971 -0.8879 -0.2322
vn -0.2419 -0.8348 0.4945
vn 0.0205 0.5303 -0.8475
vn 0.8714 0.3423 -0.3514
vn 0.4731 0.3697 -0.7997
vn 0.2005 -0.2263 0.9532
vn 0.4572 0.3953 -0.7967
vn 0.9489 0.2607 -0.1777
vn -0.8120 -0.1839 -0.5539
vn -0.3485 -0.9184 -0.1873
vn -0.6538 -0.6321 -0.4159
vn -0.1745 0.8973 0.4055
vn -0.8447 0.2435 -0.4766
vn -0.6256 0.4917 -0.6057
vn -0.3677 0.5044 -0.7813
vn -0.3295 0.4754 -0.8157
vn -0.0336 0.4964 -0.8675
vn 0.0475 0.5897 -0.8063
vn 0.0659 0.6992 -0.7119
vn 0.1438 0.7028 -0.6967
vn 0.2872 -0.9529 -0.0976
vn 0.1088 0.8575 -0.5028
vn 0.8273 -0.1755 0.5336
vn -0.8800 0.4315 -0.1986
vn 0.9376 0.3398 -0.0743
vn 0.7910 0.5788 0.1983
vn 0.4811 -0.8484 -0.2208
vn -0.3540 0.0106 0.9352
vn 0.4221 -0.8677 -0.2625
vn 0.7472 0.4261 -0.5100
vn 0.4315 -0.5398 0.7227
vn -0.5848 0.6873 -0.4309
vn 0.7940 0.4335 -0.4262
vn -0.3812 0.6506 -0.6568
vn -0.8661 -0.2281 0.4447
vn 0.5007 -0.8632 -0.0646
vn 0.8846 0.3225 -0.3368
vn 0.4307 -0.2986 0.8517
vn 0.3034 0.4313 -0.8497
vn 0.9942 0.0598 0.0894
vn 0.8154 0.3538 -0.4583
vn 0.7358 -0.6762 -0.0359
vn 0.8363 0.4886 -0.2487
vn 0.9807 0.1913 -0.0412
vn -0.7461 0.3534 -0.5644
vn -0.6528 -0.2260 -0.7230
vn -0.1463 -0.9602 -0.2379
vn -0.9307 0.3437 -0.1250
vn -0.1399 0.8362 0.5302
vn 0.0250 -0.6947 -0.7188
vn -0.1304 0.4557 -0.8805
vn -0.0307 -0.8014 -0.5973
vn -0.0669 0.6908 -0.7199
vn 0.2847 -0.8062 -0.5187
vn 0.3418 0.6753 -0.6536
vn 0.1510 -0.8385 -0.5236
vn 0.6982 0.0021 -0.7159
vn 0.0476 -0.4726 -0.8800
vn -0.2104 0.9722 0.1025
vn -0.8369 -0.0095 0.5473
vn -0.3349 0.5159 0.7885
vn -0.7049 0.1570 0.6917
vn -0.7866 0.3627 0.4998
vn 0.8703 -0.4327 -0.2353
vn 0.2117 0.0629 0.9753
vn -0.6808 0.6518 0.3343
vn 0.8204 0.1273 0.5574
vn 0.0914 0.0137 0.9957
vn 0.6519 -0.3448 0.6754
vn -0.7956 0.6057 0.0132
vn 0.6363 -0.4409 0.6330
vn 0.7610 0.4045 -0.5072
vn 0.8592 -0.4702 0.2017
vn 0.8900 -0.4532 0.0505
vn 0.8277 -0.4160 -0.3766
vn 0.0323 -0.4359 -0.8994
vn 0.4492 -0.8739 -0.1861
vn -0.5315 -0.2672 0.8038
vn -0.9029 -0.1323 0.4089
vn 0.3766 0.4302 -0.8204
vn -0.2260 -0.5169 0.8257
vn -0.4781 -0.2745 0.8343
vn 0.4976 -0.8637 -0.0798
vn 0.7765 0.4606 -0.4301
vn 0.7338 -0.2494 0.6320
vn 0.9983 -0.0231 -0.0527
vn 0.9117 0.3953 -0.1119
vn -0.5632 0.5748 -0.5936
vn -0.1004 -0.8852 -0.4543
vn -0.0879 -0.8067 -0.5844
vn -0.3515 -0.8932 -0.2803
vn 0.0008 0.9561 0.2929
vn -0.9523 0.1299 0.2761
vn -0.9706 0.1034 -0.2176
vn -0.7612 0.5319 -0.3710
vn -0.3541 0.5128 -0.7821
vn -0.2496 0.4632 -0.8504
vn 0.2092 0.0641 -0.9758
vn -0.3175 0.4095 -0.8553
vn -0.2419 -0.7652 -0.5966
vn -0.0170 0.6253 -0.7802
vn 0.1886 -0.7830 -0.5927
vn 0.1946 0.6143 -0.7647
vn 0.2311 -0.8659 -0.4437
vn 0.0811 0.5797 -0.8108
vn -0.8312 0.1220 -0.5425
vn 0.6408 0.2540 -0.7245
vn -0.5164 0.8129 0.2694
vn -0.9557 0.1875 0.2267
vn -0.8788 0.2915 -0.3777
vn -0.8156 0.3865 -0.4305
vn 0.7914 0.2996 -0.5328
vn -0.9309 -0.0762 -0.3573
vn -0.7347 0.6398 -0.2257
vn 0.4494 -0.7605 -0.4687
vn 0.7813 0.4410 -0.4417
vn 0.7955 0.3465 -0.4971
vn 0.8179 -0.5371 -0.2063
vn 0.8900 -0.4506 0.0691
vn -0.4274 0.5365 -0.7277
vn 0.7487 0.4606 -0.4767
vn 0.2543 -0.8171 -0.5174
vn 0.1719 0.2061 -0.9633
vn 0.8140 0.3968 -0.4242
vn 0.8821 0.3066 -0.3577
vn -0.9916 -0.0307 -0.1253
vn -0.8807 0.0985 -0.4633
vn -0.2764 0.3787 -0.8833
vn 0.7383 -0.4918 0.4616
vn 0.6669 0.3308 -0.6677
vn 0.9284 -0.3711 0.0180
vn 0.9949 -0.0160 -0.0997
vn -0.5357 -0.1059 -0.8378
vn -0.5294 0.3386 -0.7779
vn -0.5419 -0.0872 -0.8359
vn -0.0674 -0.9965 -0.0502
vn -0.2923 -0.9563 0.0107
vn -0.0952 0.9449 0.3131
vn -0.7688 -0.4008 -0.4983
vn -0.6721 0.0374 -0.7395
vn 0.0178 0.8956 0.4444
vn -0.7074 0.6385 -0.3033
vn -0.4320 0.2567 -0.8646
vn -0.4038 0.1659 -0.8997
vn -0.9548 -0.1171 -0.2731
vn -0.5007 -0.4600 -0.7333
vn -0.9206 -0.1434 -0.3632
vn -0.0255 -0.5744 -0.8182
vn -0.8364 0.2934 -0.4629
vn -0.3109 0.4008 -0.8618
vn -0.1899 0.4406 -0.8774
vn -0.2176 0.4839 -0.8476
vn -0.2828 0.4888 -0.8253
vn -0.2635 0.4480 -0.8543
vn -0.2298 0.4203 -0.8778
vn -0.0419 0.5228 -0.8514
vn 0.1567 0.6268 -0.7633
vn 0.3317 0.3824 -0.8624
vn 0.3702 -0.7042 -0.6059
vn 0.0799 -0.0569 -0.9952
vn -0.0792 -0.5726 -0.8160
vn 0.6928 0.4984 -0.5212
vn 0.7157 0.4296 -0.5507
vn -0.1798 -0.3414 -0.9226
vn -0.4390 0.4977 -0.7481
vn 0.6799 -0.3803 -0.6270
vn -0.6141 0.5514 -0.5646
vn 0.6768 -0.2422 -0.6952
vn 0.4513 0.0339 -0.8918
vn 0.7978 -0.2397 -0.5532
vn 0.0024 0.3653 -0.9309
vn 0.1660 -0.9313 -0.3242
vn 0.8421 0.3123 -0.4397
vn -0.9903 0.0585 -0.1258
vn -0.5600 0.1099 -0.8212
vn 0.3880 0.1233 -0.9134
vn -0.5023 0.6492 -0.5712
vn -0.5428 0.4480 -0.7104
vn -0.3877 0.1243 -0.9134
vn -0.6295 0.5750 -0.5226
vn -0.2237 -0.9524 0.2072
vn -0.4266 -0.8652 -0.2635
vn -0.4927 -0.6006 0.6297
vn -0.3502 -0.5219 0.7778
vn 0.0638 0.8404 0.5382
vn -0.0914 0.9281 0.3610
vn -0.2326 -0.7077 0.6671
vn -0.8383 0.4206 -0.3468
vn 0.8153 -0.0199 -0.5787
vn -0.4405 0.4206 -0.7931
vn -0.9721 0.0657 -0.2250
vn -0.5174 -0.2458 -0.8197
vn -0.2556 -0.4554 -0.8528
vn -0.6832 -0.0589 -0.7279
vn -0.2939 0.3902 -0.8726
vn -0.2581 0.4049 -0.8772
vn -0.2251 0.3980 -0.8893
vn -0.0154 -0.5190 -0.8546
vn -0.1697 0.5174 -0.8388
vn -0.0770 0.4957 -0.8651
vn -0.0462 -0.6436 -0.7640
vn -0.1569 0.4677 -0.8698
vn -0.0751 0.5392 -0.8388
vn 0.1474 -0.5987 -0.7873
vn 0.1529 0.5696 -0.8076
vn 0.2097 -0.6745 -0.7078
vn -0.3588 0.2163 -0.9080
vn 0.7578 0.4005 -0.5151
vn 0.3522 -0.6414 -0.6816
vn 0.0279 0.1685 -0.9853
vn 0.7572 0.4725 -0.4510
vn 0.7635 0.5024 -0.4059
vn 0.8419 0.3132 -0.4395
vn 0.8108 0.2984 -0.5036
vn -0.4652 0.2417 -0.8516
vn 0.4652 0.1881 -0.8650
vn 0.6450 0.5983 -0.4755
vn 0.8881 -0.1365 -0.4389
vn 0.9496 -0.3029 -0.0801
vn 0.9467 0.2914 -0.1371
vn -0.4309 0.7293 -0.5314
vn 0.1580 0.3329 0.9296
vn -0.7023 0.4809 -0.5249
vn -0.2200 0.6822 0.6972
vn -0.3589 -0.9329 0.0281
vn -0.6110 -0.6681 -0.4245
vn -0.8217 0.4510 -0.3485
vn -0.6167 -0.0939 -0.7816
vn -0.5678 0.6990 -0.4348
vn -0.6510 0.3350 -0.6811
vn -0.3405 0.4256 -0.8384
vn -0.0147 0.5126 -0.8585
vn 0.7395 0.0690 -0.6696
vn -0.7075 0.0063 -0.7067
vn -0.2283 0.2693 -0.9356
vn -0.1084 0.3122 -0.9438
vn -0.1861 0.0394 -0.9818
vn -0.1232 -0.5951 -0.7942
vn -0.1653 0.4895 -0.8562
vn -0.1014 0.3784 -0.9201
vn -0.2418 0.3431 -0.9076
vn -0.0497 -0.4223 -0.9051
vn -0.1381 0.5323 -0.8352
vn 0.3052 0.5663 -0.7656
vn 0.5153 0.6419 -0.5679
vn 0.3256 -0.5354 -0.7793
vn 0.7644 0.5001 -0.4068
vn 0.0627 -0.8511 -0.5213
vn 0.8919 0.2074 -0.4019
vn -0.2024 0.3254 -0.9237
vn 0.0153 0.1689 -0.9855
vn 0.7719 0.5623 -0.2968
vn 0.6496 -0.7503 -0.1228
vn -0.5480 0.4433 -0.7093
vn -0.4347 0.2190 -0.8735
vn 0.6343 -0.1586 0.7566
vn 0.0541 0.8729 0.4849
vn -0.4937 0.3917 0.7765
vn -0.3466 0.5717 -0.7437
vn 0.0421 0.7274 -0.6850
vn -0.4229 0.1625 -0.8915
vn -0.1344 0.6944 -0.7069
vn -0.2005 0.8586 0.4718
vn -0.3652 0.1094 -0.9245
vn -0.4802 0.0910 -0.8724
vn -0.4854 0.0881 -0.8698
vn -0.4003 0.1478 -0.9044
vn -0.4392 0.0167 -0.8982
vn -0.3363 0.0399 -0.9409
vn -0.3909 0.1570 -0.9070
vn -0.2312 0.3191 -0.9191
vn -0.1705 -0.4983 -0.8501
vn -0.2775 0.2766 -0.9200
vn -0.1725 0.5368 -0.8259
vn -0.1988 0.3629 -0.9104
vn -0.2315 0.2761 -0.9328
vn -0.2979 0.3411 -0.8916
vn -0.1765 0.3642 -0.9144
vn 0.0300 -0.4302 -0.9022
vn 0.1403 -0.4718 -0.8705
vn 0.2605 -0.5259 -0.8097
vn 0.7280 0.3921 -0.5623
vn 0.2672 -0.7052 -0.6567
vn 0.7828 0.3167 -0.5357
vn 0.6413 0.4693 -0.6070
vn 0.1877 -0.9438 -0.2719
vn 0.0789 0.7557 0.6502
vn -0.2017 0.6084 0.7676
vn -0.4167 -0.8753 -0.2454
vn -0.3620 0.3410 0.8676
vn -0.6534 0.0124 0.7570
vn -0.4017 0.1419 -0.9047
vn -0.4717 0.3096 -0.8256
vn -0.4628 0.1407 -0.8752
vn -0.4826 0.2371 -0.8431
vn 0.0238 -0.5758 -0.8172
vn -0.5760 0.1144 -0.8094
vn -0.5158 0.0931 -0.8517
vn -0.0206 -0.5580 -0.8296
vn -0.0310 0.2310 -0.9725
vn -0.4441 0.3692 -0.8164
vn -0.0874 -0.4963 -0.8637
vn -0.0730 0.3253 -0.9428
vn -0.1742 0.0811 -0.9814
vn -0.1725 0.3678 -0.9138
vn 0.0511 -0.5195 -0.8529
vn -0.0517 -0.0464 -0.9976
vn -0.2269 0.4422 -0.8677
vn 0.1243 0.5457 -0.8287
vn 0.1797 -0.6123 -0.7699
vn 0.6346 0.4893 -0.5982
vn 0.7627 0.5536 -0.3343
vn 0.8154 0.4754 -0.3303
vn 0.8621 0.0696 -0.5019
vn 0.6970 0.3372 -0.6328
vn -0.2410 -0.9697 -0.0392
vn 0.0428 0.7868 0.6157
vn -0.5985 -0.2599 -0.7578
vn -0.4297 0.8978 0.0966
vn -0.4163 0.3171 -0.8521
vn -0.0712 -0.6164 -0.7842
vn -0.5188 0.2856 -0.8058
vn -0.3761 0.2852 -0.8816
vn -0.3737 0.4487 -0.8118
vn -0.1297 0.3483 -0.9284
vn 0.2184 0.2960 -0.9299
vn -0.3164 0.0339 -0.9480
vn -0.2924 0.1325 -0.9471
vn -0.1562 0.3464 -0.9250
vn 0.2237 0.4626 -0.8579
vn 0.5367 0.2875 -0.7933
vn 0.0567 -0.8590 -0.5087
vn 0.5623 0.4912 -0.6653
vn 0.7644 0.4449 -0.4666
vn 0.8105 0.2047 -0.5488
vn 0.5066 0.5692 -0.6476
vn -0.4538 -0.8476 0.2749
vn 0.0063 0.5877 0.8091
vn -0.3856 -0.9221 0.0324
vn -0.6968 -0.5507 -0.4595
vn -0.1349 0.6767 0.7238
vn -0.5177 0.1789 -0.8367
vn -0.7024 0.3936 -0.5931
vn -0.5761 0.1162 -0.8091
vn -0.2049 -0.2894 -0.9350
vn -0.4953 0.0654 -0.8663
vn -0.5936 0.1805 -0.7843
vn -0.0587 -0.6254 -0.7781
vn -0.2774 0.4440 -0.8520
vn -0.0858 -0.5739 -0.8144
vn 0.0636 0.4898 -0.8695
vn 0.0702 0.4062 -0.9111
vn 0.0158 -0.7846 -0.6199
vn -0.2344 0.2969 -0.9257
vn -0.0628 0.2681 -0.9613
vn 0.0507 -0.9205 -0.3873
vn 0.7918 0.0583 -0.6080
vn -0.1315 -0.9445 -0.3011
vn 0.5334 0.3860 -0.7527
vn 0.3155 0.7068 -0.6332
vn 0.0450 -0.9987 0.0227
vn 0.4905 0.7173 -0.4949
vn 0.6345 0.6883 -0.3517
vn 0.8838 -0.4671 -0.0259
vn 0.9957 -0.0234 -0.0898
vn 0.8979 0.3756 -0.2297
vn -0.3807 -0.2188 0.8985
vn -0.5549 -0.5178 0.6511
vn -0.8612 0.3819 0.3355
vn -0.5283 0.0719 -0.8460
vn -0.7650 0.6420 -0.0508
vn -0.4332 0.1627 -0.8865
vn -0.2286 -0.4209 -0.8778
vn -0.0098 -0.3136 -0.9495
vn -0.3715 -0.5030 -0.7804
vn -0.5374 0.5143 -0.6684
vn -0.3181 0.4681 -0.8245
vn -0.2561 0.4297 -0.8659
vn -0.1870 0.6174 -0.7641
vn -0.1383 -0.6559 -0.7421
vn 0.1937 0.5382 -0.8203
vn -0.0436 -0.6489 -0.7596
vn -0.0788 -0.8423 -0.5331
vn -0.3131 0.6606 -0.6823
vn -0.5056 0.5806 -0.6382
vn -0.1433 0.1302 -0.9811
vn -0.2065 0.2809 -0.9372
vn 0.1701 0.4003 -0.9005
vn -0.1884 0.6628 -0.7247
vn 0.5940 0.7377 -0.3209
vn 0.3682 0.0768 -0.9266
vn 0.8187 0.1399 -0.5569
vn 0.7295 0.1878 -0.6577
vn 0.6250 -0.7735 0.1052
vn -0.5958 -0.3520 0.7219
vn -0.6458 -0.7608 -0.0643
vn -0.6096 -0.3097 -0.7297
vn -0.4281 -0.0378 -0.9029
vn -0.4072 0.0928 -0.9086
vn -0.3657 0.0674 -0.9283
vn -0.4711 -0.2072 -0.8574
vn -0.3408 0.1179 -0.9327
vn -0.6412 -0.4421 -0.6273
vn -0.0860 -0.5867 -0.8052
vn -0.2339 -0.7711 -0.5922
vn -0.2540 0.7890 -0.5594
vn 0.5779 -0.8099 0.1007
vn -0.3609 0.7202 -0.5925
vn -0.3399 0.7816 -0.5230
vn 0.3958 0.0592 -0.9164
vn 0.1647 0.9806 -0.1066
vn 0.4517 -0.1795 -0.8739
vn 0.8656 0.3127 -0.3911
vn 0.0241 -0.9388 -0.3437
vn 0.2986 0.0783 -0.9512
vn 0.3142 -0.2233 -0.9227
vn 0.7580 0.4603 -0.4622
vn 0.7377 0.1104 -0.6661
vn 0.4063 0.3873 -0.8276
vn 0.3251 0.6100 -0.7227
vn -0.4096 -0.9099 0.0649
vn 0.6777 0.6229 -0.3908
vn 0.8866 0.3709 -0.2762
vn -0.8221 -0.4097 -0.3952
vn -0.3879 0.0783 -0.9184
vn -0.5248 0.1563 -0.8368
vn -0.3306 0.1404 -0.9333
vn -0.3817 -0.3164 -0.8685
vn -0.3464 -0.4181 -0.8397
vn -0.1805 -0.5723 -0.8000
vn -0.2975 -0.5696 -0.7662
vn 0.1093 -0.4225 -0.8997
vn -0.0730 -0.8098 -0.5822
vn -0.0030 -0.8795 -0.4759
vn 0.5042 0.0770 -0.8602
vn -0.3332 0.9324 -0.1399
vn 0.0356 0.4518 -0.8914
vn 0.3903 -0.2617 -0.8827
vn 0.1472 0.0465 -0.9880
vn 0.5240 0.8455 -0.1029
vn 0.4450 -0.5848 -0.6782
vn 0.2023 0.3843 -0.9008
vn 0.4569 -0.3399 -0.8220
vn 0.6446 -0.1066 -0.7570
vn -0.3155 -0.8911 -0.3263
vn 0.0252 0.7389 -0.6733
vn 0.3506 0.7857 -0.5097
vn -0.3594 -0.1418 -0.9223
vn -0.2187 0.0552 -0.9742
vn -0.2420 0.1488 -0.9588
vn -0.2891 -0.3533 -0.8897
vn -0.3495 0.0644 -0.9347
vn -0.3510 0.5194 -0.7791
vn -0.1924 -0.0189 -0.9811
vn -0.0099 -0.0612 -0.9981
vn -0.2080 -0.1032 -0.9727
vn -0.1348 0.2969 -0.9454
vn 0.2469 -0.0041 -0.9690
vn -0.2793 0.6498 -0.7069
vn -0.1998 -0.7827 -0.5895
vn -0.2858 0.6630 -0.6919
vn -0.4577 0.6230 -0.6343
vn 0.1881 -0.0429 -0.9812
vn 0.0368 -0.0861 -0.9956
vn -0.5772 0.6280 -0.5220
vn -0.1323 -0.6205 -0.7729
vn 0.2186 0.0029 -0.9758
vn -0.1617 -0.2719 -0.9486
vn 0.2032 0.2252 -0.9529
vn 0.1811 -0.1337 -0.9743
vn 0.6307 0.1818 -0.7544
vn 0.0210 -0.8122 -0.5830
vn 0.5496 -0.1119 -0.8279
vn 0.5824 0.1636 -0.7963
vn 0.2865 0.5378 -0.7929
vn -0.8110 -0.5154 0.2766
vn 0.2517 -0.7462 0.6163
vn 0.2704 0.7795 -0.5650
vn 0.7344 -0.6207 0.2747
vn 0.9502 -0.3106 -0.0266
vn -0.1659 -0.1169 -0.9792
vn -0.0314 0.1049 -0.9940
vn -0.1923 0.5373 -0.8212
vn -0.0424 -0.1134 -0.9926
vn 0.2267 -0.1521 -0.9620
vn -0.0785 -0.1258 -0.9889
vn 0.0189 0.1071 -0.9941
vn -0.0958 0.1563 -0.9831
vn 0.0203 -0.0396 -0.9990
vn -0.1130 -0.3247 -0.9390
vn -0.0948 -0.0290 -0.9951
vn 0.2200 -0.0253 -0.9752
vn 0.1947 -0.1046 -0.9753
vn 0.1440 0.2997 -0.9431
vn -0.1195 -0.3747 -0.9194
vn -0.2797 0.1620 -0.9463
vn -0.1667 -0.2012 -0.9653
vn 0.1241 0.2917 -0.9484
vn -0.1221 -0.0171 -0.9924
vn -0.0083 -0.1972 -0.9803
vn 0.1403 0.3254 -0.9351
vn 0.6736 -0.1868 -0.7151
vn 0.9835 -0.0368 -0.1771
vn 0.0423 0.4010 -0.9151
vn 0.0823 0.5841 -0.8075
vn -0.4549 -0.6808 0.5742
vn -0.1201 0.0863 -0.9890
vn 0.1363 -0.0915 -0.9864
vn -0.0013 0.1113 -0.9938
vn 0.2627 0.0098 -0.9648
vn -0.1214 -0.0458 -0.9916
vn -0.7791 0.5350 -0.3267
vn 0.0647 0.2123 -0.9751
vn -0.5589 -0.3127 -0.7680
vn -0.0422 -0.1672 -0.9850
vn 0.0185 0.1949 -0.9806
vn 0.0683 0.4214 -0.9043
vn 0.1009 -0.0177 -0.9947
vn 0.2028 -0.0557 -0.9776
vn 0.0906 -0.5452 -0.8334
vn 0.0253 -0.6448 -0.7639
vn -0.0296 0.1286 -0.9913
vn -0.0635 0.5425 -0.8377
vn -0.3250 -0.5411 -0.7756
vn -0.8135 -0.5806 -0.0333
vn 0.1917 -0.4350 0.8798
vn 0.7218 -0.4658 0.5119
vn 0.5451 0.6574 -0.5203
vn 0.9442 0.1966 -0.2643
vn 0.2232 -0.7816 -0.5825
vn 0.7981 0.4392 -0.4125
vn -0.8111 -0.0356 0.5838
vn -0.9324 -0.0248 0.3605
vn -0.8913 -0.0749 -0.4471
vn -0.2731 0.4251 -0.8630
vn -0.4304 -0.2426 0.8694
vn -0.3894 -0.2077 0.8974
vn 0.3115 -0.1074 0.9442
vn -0.2113 0.6646 -0.7167
vn 0.7593 0.3340 0.5586
vn 0.8293 -0.2258 0.5111
vn -0.2510 -0.2593 0.9326
vn 0.3127 0.0847 0.9461
vn 0.9266 -0.2450 -0.2852
vn 0.1857 0.5068 -0.8419
vn 0.6221 -0.6195 -0.4787
vn -0.9263 -0.3731 0.0522
vn -0.9785 0.0298 -0.2041
vn -0.7184 -0.6125 -0.3297
vn -0.4946 -0.4472 0.7453
vn -0.6920 -0.6655 0.2796
vn -0.8190 -0.5579 0.1342
vn -0.8407 -0.5066 0.1911
vn 0.9802 0.1936 0.0416
vn 0.9144 -0.3705 -0.1634
vn -0.8983 -0.3924 0.1976
vn -0.8867 -0.3132 0.3402
vn -0.0291 -0.1276 0.9914
vn 0.7475 0.4510 0.4877
vn 0.7927 0.2841 -0.5393
vn -0.9348 -0.2552 0.2472
vn -0.7827 -0.3066 0.5417
vn 0.8901 0.3459 0.2969
vn -0.6958 0.4364 0.5705
vn -0.9218 -0.1419 0.3607
vn 0.0543 -0.1050 0.9930
vn 0.8659 0.2126 0.4528
vn 0.3131 -0.6769 0.6661
vn -0.7070 0.0733 0.7034
vn -0.2025 -0.2675 0.9420
vn 0.8705 0.1003 0.4819
vn 0.6501 -0.4440 0.6166
vn 0.8132 -0.1990 0.5470
vn -0.4881 0.2325 -0.8413
vn -0.0551 -0.4461 -0.8933
vn -0.9136 0.0047 -0.4065
vn -0.9033 0.0611 -0.4246
vn -0.6565 0.2626 -0.7072
vn -0.4197 0.0693 -0.9050
vn -0.3883 0.2807 -0.8777
vn -0.6721 -0.6247 -0.3975
vn 0.6279 0.3256 -0.7069
vn 0.7265 -0.2366 -0.6452
vn 0.1216 0.7687 -0.6280
vn 0.6389 -0.0809 -0.7650
vn 0.2585 0.4317 -0.8642
vn 0.7669 0.5172 -0.3799
vn -0.4889 0.3951 -0.7777
vn 0.3460 -0.7535 -0.5590
vn 0.8728 -0.4661 -0.1446
vn 0.9661 0.1969 -0.1673
vn -0.5093 -0.1937 -0.8385
vn 0.0716 0.0122 -0.9974
vn -0.2840 0.0299 -0.9584
vn 0.3624 -0.0204 -0.9318
vn 0.1337 0.0420 -0.9901
vn 0.0632 0.1316 -0.9893
vn 0.7524 0.4727 -0.4588
vn -0.4318 -0.1944 -0.8808
vn -0.4710 -0.1123 -0.8749
vn -0.5244 -0.1985 -0.8280
vn -0.5954 -0.0659 -0.8007
vn 0.5132 0.2853 -0.8094
vn -0.5716 0.0244 -0.8202
vn 0.6318 0.2369 -0.7380
vn -0.5556 0.2693 -0.7866
vn 0.5309 0.2198 -0.8184
vn 0.9764 0.0762 -0.2021
vn 0.2058 -0.0267 -0.9782
vn 0.7330 -0.0203 -0.6799
vn 0.8469 0.3488 0.4015
vn -0.0342 0.9994 -0.0049
vn -0.7203 -0.5266 -0.4515
vn 0.4422 0.7040 -0.5557
vn 0.7523 0.2964 0.5883
vn -0.7267 0.3622 0.5836
vn 0.0337 -0.7022 -0.7112
vn 0.5222 0.7353 0.4320
vn -0.9698 0.2439 -0.0034
vn 0.0027 0.6569 0.7539
vn 0.9768 0.2118 0.0332
vn 0.9259 -0.0489 0.3745
vn 0.7343 0.2604 0.6270
vn 0.9094 -0.3376 -0.2431
vn -0.1855 0.3171 0.9301
vn 0.6735 0.0004 -0.7392
vn -0.8959 0.0196 -0.4437
vn -0.1490 -0.6296 -0.7625
vn -0.8085 0.2210 -0.5454
vn 0.7738 0.3058 0.5548
vn 0.9602 -0.2699 -0.0717
vn 0.4250 0.8734 0.2379
vn -0.9561 0.0662 -0.2853
vn 0.2699 -0.6757 -0.6860
vn 0.6431 0.7549 -0.1289
vn -0.9647 0.1329 -0.2272
vn 0.4292 0.6856 0.5880
vn -0.3842 0.7141 0.5852
vn -0.9910 -0.0424 0.1273
vn -0.5556 0.4210 0.7170
vn -0.9572 0.2893 0.0044
vn -0.6280 0.6477 0.4314
vn -0.9979 0.0429 -0.0486
vn -0.1711 0.9760 0.1349
vn 0.7993 -0.4076 -0.4415
vn -0.9348 0.0037 -0.3552
vn -0.9685 0.1306 -0.2123
vn 0.8989 -0.3944 -0.1909
vn 0.3510 0.5722 0.7412
vn 0.2572 0.5408 0.8009
vn -0.1408 -0.5739 -0.8067
vn 0.9862 -0.1006 0.1318
vn 0.3786 0.6603 0.6485
vn -0.7183 -0.5669 -0.4034
vn 0.7756 -0.0463 0.6295
vn -0.2140 0.7957 0.5666
vn 0.5213 0.1160 0.8455
vn -0.9086 0.3366 0.2471
vn -0.9561 0.1982 -0.2159
vn -0.9344 0.1928 -0.2996
vn 0.6481 0.4665 0.6019
vn 0.2779 0.7255 0.6296
vn -0.7880 0.3591 0.5001
vn 0.8939 0.1454 0.4240
vn -0.8653 -0.4039 0.2969
vn -0.4669 0.4171 0.7798
vn -0.2364 0.1959 0.9517
vn 0.7139 0.2731 0.6448
vn -0.0890 -0.6934 -0.7151
vn -0.4163 -0.5451 -0.7277
vn -0.9650 -0.0346 -0.2600
vn 0.5142 0.8256 -0.2322
vn 0.6885 -0.4366 -0.5790
vn -0.6162 0.4116 0.6715
vn 0.4954 0.4064 0.7677
vn 0.1288 0.8321 -0.5395
vn -0.3948 -0.3418 -0.8528
vn -0.8083 0.5865 -0.0518
vn -0.3550 0.4130 0.8387
vn -0.6491 0.6726 0.3552
vn 0.2984 -0.3058 -0.9041
vn 0.1696 0.7919 0.5866
vn -0.9363 0.3091 0.1666
vn -0.9930 0.1167 0.0164
vn -0.5902 0.7118 0.3809
vn 0.8610 -0.3355 -0.3822
vn 0.9564 -0.0642 0.2848
vn -0.6954 -0.2748 -0.6639
vn -0.9500 -0.0468 -0.3088
vn 0.5859 -0.7359 -0.3394
vn -0.7223 0.6909 0.0303
vn 0.9787 -0.2043 0.0201
vn -0.6687 -0.3312 -0.6657
vn 0.4628 -0.0982 -0.8810
vn -0.3303 0.4624 -0.8228
vn 0.9195 -0.0419 0.3909
vn -0.3637 -0.8195 0.4428
vn -0.8229 0.4323 0.3687
vn -0.1827 0.6076 0.7730
vn -0.9749 0.0610 -0.2142
vn -0.0343 -0.0601 -0.9976
vn -0.4422 -0.4637 -0.7677
vn 0.9785 -0.2034 0.0328
vn 0.9875 -0.0986 0.1232
vn 0.2288 0.4307 0.8730
vn 0.9273 -0.3174 -0.1983
vn -0.9905 -0.1371 -0.0133
vn 0.1468 0.9623 0.2289
vn 0.9326 -0.0611 0.3556
vn 0.9706 0.0023 -0.2407
vn 0.3338 0.8942 -0.2983
vn 0.7392 -0.3707 0.5622
vn -0.7915 0.5219 0.3180
vn -0.6731 0.4122 0.6140
vn -0.2605 -0.7457 -0.6133
vn -0.4715 0.3033 0.8281
vn -0.8141 -0.1982 -0.5459
vn 0.7499 0.1322 0.6483
vn 0.7462 0.2736 0.6070
vn -0.3818 -0.3599 -0.8513
vn 0.9569 -0.2802 -0.0764
vn 0.9533 0.0641 0.2950
vn 0.8016 -0.1883 -0.5675
vn 0.9074 -0.3913 -0.1532
vn -0.6374 0.3530 0.6850
vn 0.6237 0.2067 0.7539
vn -0.7043 -0.1999 -0.6812
vn 0.6924 0.2167 0.6882
vn 0.9400 0.0722 0.3334
vn 0.3010 -0.4323 -0.8500
vn 0.5536 -0.4651 -0.6908
vn 0.7237 -0.4687 -0.5065
vn 0.7830 0.3517 0.5131
vn 0.1710 -0.5755 -0.7997
vn 0.7654 0.0746 0.6393
vn 0.3898 -0.4065 -0.8263
vn 0.3606 -0.8313 0.4231
vn -0.7989 -0.1450 -0.5837
vn 0.6727 0.7096 -0.2097
vn -0.7921 -0.0701 -0.6064
vn -0.8812 -0.2508 -0.4007
vn 0.9199 -0.2102 0.3312
vn 0.9528 -0.0672 0.2962
vn -0.7279 0.0330 -0.6849
vn -0.7488 0.6456 -0.1503
vn 0.9012 0.3761 -0.2154
vn 0.5891 -0.4512 -0.6704
vn -0.8714 0.4101 -0.2692
vn -0.0580 0.9256 0.3741
vn -0.8484 0.1305 0.5130
vn 0.9096 -0.4148 0.0251
vn 0.7352 0.6762 -0.0484
vn 0.8465 0.3544 0.3972
vn 0.9879 -0.0922 -0.1247
vn 0.5749 -0.4798 -0.6628
vn -0.6990 0.4902 0.5206
vn 0.8676 -0.4951 0.0472
vn 0.7186 -0.2567 0.6464
vn 0.2680 -0.5486 -0.7920
vn 0.5098 -0.4141 -0.7541
vn 0.2500 0.9337 0.2562
vn -0.7633 0.0762 0.6415
vn 0.7902 -0.4341 -0.4326
vn 0.6042 0.5842 -0.5420
vn 0.2450 -0.6575 -0.7125
vn 0.9062 0.0007 0.4229
vn 0.0347 0.3171 0.9477
vn -0.5288 0.5502 0.6463
vn -0.0535 -0.6080 -0.7921
vn -0.8634 0.1640 0.4772
vn 0.1407 0.7447 0.6524
vn 0.2890 -0.4797 -0.8285
vn 0.9470 -0.2769 -0.1627
vn -0.4242 0.5333 0.7319
vn -0.8145 0.4457 0.3715
vn 0.1012 0.9566 -0.2732
vn 0.7183 0.1204 0.6852
vn 0.2613 0.8444 0.4677
vn 0.5315 0.1728 0.8292
vn -0.0148 0.6874 0.7262
vn 0.5209 -0.0358 0.8529
vn -0.1388 0.6758 0.7239
vn 0.6156 0.2147 0.7582
vn -0.9616 0.1905 0.1976
vn 0.5012 0.3743 0.7802
vn -0.1593 -0.6293 -0.7607
vn 0.9745 -0.1544 0.1626
vn -0.8987 0.2618 -0.3519
vn -0.3282 0.3782 0.8656
vn 0.9739 -0.0947 0.2065
vn -0.9583 0.2356 0.1616
vn 0.5875 0.8065 0.0662
vn -0.8159 -0.2120 -0.5379
vn 0.0436 -0.5077 -0.8604
vn 0.2198 -0.5393 -0.8130
vn -0.2781 0.7950 0.5391
vn -0.8928 0.4206 -0.1612
vn 0.5837 0.2207 0.7814
vn 0.4105 0.2121 0.8869
vn 0.7627 -0.5446 -0.3487
vn -0.0117 -0.5896 -0.8076
vn 0.7492 -0.2385 -0.6179
vn 0.9777 -0.2000 0.0638
vn 0.9729 -0.2261 0.0485
vn -0.4506 0.7535 0.4789
vn 0.4471 0.4472 0.7746
vn 0.6409 -0.5855 -0.4965
vn 0.7924 -0.3231 -0.5174
vn -0.9661 0.1127 -0.2324
vn 0.2290 0.4652 0.8551
vn -0.8454 0.3465 -0.4066
vn 0.9222 -0.1899 0.3370
vn -0.5265 0.5686 0.6321
vn 0.8188 0.2151 0.5322
vn 0.2103 0.3857 -0.8984
vn 0.1807 -0.5292 0.8290
vn -0.3234 0.7557 0.5695
vn -0.9546 0.1517 -0.2565
vn -0.8003 -0.2335 -0.5522
vn -0.2728 -0.3870 -0.8808
vn 0.8295 0.0915 -0.5510
vn -0.8547 -0.5061 -0.1159
vn 0.4818 0.6265 0.6127
vn 0.9711 -0.2375 0.0216
vn 0.9397 -0.2859 0.1876
vn 0.8574 -0.3753 -0.3522
vn -0.7682 0.6334 -0.0932
vn -0.9374 -0.0889 -0.3367
vn 0.7205 0.5338 0.4426
vn 0.6415 0.2374 0.7295
vn -0.3039 0.1606 0.9391
vn 0.0625 0.3868 0.9201
vn 0.6261 0.2916 0.7231
vn -0.2824 -0.5445 -0.7898
vn 0.2418 0.2631 0.9340
vn -0.9677 0.1969 0.1576
vn 0.4345 -0.5813 -0.6880
vn -0.7823 0.4990 -0.3729
vn 0.2761 0.2689 0.9228
vn -0.2749 -0.8332 0.4798
vn -0.7145 0.3654 0.5966
vn 0.5509 0.4476 0.7044
vn -0.8638 -0.3166 0.3920
vn -0.3820 0.7850 0.4876
vn -0.9209 0.3526 0.1662
vn 0.7057 0.4653 0.5343
vn 0.4857 0.5331 0.6928
vn 0.9400 -0.2861 -0.1856
vn 0.8378 0.0654 0.5421
vn -0.5867 0.4007 0.7038
vn -0.0614 -0.5341 -0.8432
vn -0.4875 0.4736 0.7335
vn -0.9531 0.2048 0.2227
vn 0.8203 0.0815 0.5661
vn -0.7887 0.4709 0.3953
vn 0.6072 -0.5109 -0.6085
vn -0.6427 -0.6535 -0.3999
vn -0.7810 0.2916 0.5522
vn 0.9929 -0.1078 0.0498
vn -0.8751 0.1343 -0.4649
vn 0.0703 0.5415 0.8378
vn 0.3057 -0.5597 -0.7703
vn -0.5631 0.7555 0.3348
vn -0.8633 0.0894 -0.4967
vn -0.9516 0.2977 -0.0765
vn -0.9690 0.0445 -0.2428
vn 0.1236 -0.5090 -0.8519
vn -0.3670 -0.3392 -0.8662
vn 0.5135 0.5935 0.6198
vn -0.2657 -0.2668 -0.9264
vn 0.9362 -0.2079 0.2835
vn -0.1988 -0.3287 -0.9233
vn -0.6801 0.6771 0.2811
vn 0.6503 -0.7579 0.0512
vn -0.1029 -0.5134 -0.8520
vn 0.7363 0.6712 0.0862
vn 0.2528 -0.6275 -0.7365
vn -0.9653 0.2610 0.0004
vn 0.7441 0.2455 0.6214
vn 0.9174 -0.0038 0.3980
vn 0.2747 -0.5248 -0.8057
vn 0.2300 0.8128 -0.5353
vn 0.8496 -0.1650 0.5009
vn -0.7430 0.5671 0.3554
vn -0.9832 0.1747 -0.0534
vn 0.9657 0.2450 0.0860
vn 0.8763 -0.3835 -0.2917
vn 0.4183 0.5187 0.7456
vn -0.9620 0.2349 -0.1395
vn 0.5972 0.5382 0.5947
vn 0.9355 -0.3534 0.0044
vn -0.3864 0.3280 0.8620
vn -0.8854 -0.1375 -0.4441
vn -0.9652 -0.1007 -0.2415
vn -0.5119 -0.7940 0.3280
vn -0.1156 -0.5383 -0.8348
vn -0.8625 0.1553 0.4817
vn -0.0100 -0.5392 -0.8421
vn -0.5907 -0.4158 -0.6915
vn -0.2752 -0.5356 -0.7984
vn -0.8323 -0.2084 -0.5137
vn 0.6836 -0.4052 -0.6070
vn -0.1124 0.4446 0.8886
vn -0.6753 -0.3791 -0.6327
vn 0.4975 0.0741 -0.8643
vn -0.9407 -0.2102 -0.2663
vn 0.8463 -0.4306 -0.3137
vn 0.9432 -0.2985 -0.1455
vn -0.9112 0.2538 0.3246
vn 0.6643 0.5696 0.4841
vn -0.7009 0.6858 -0.1961
vn 0.7916 0.2068 0.5750
vn 0.3573 -0.5383 -0.7633
vn 0.8893 -0.4221 -0.1761
vn 0.1555 0.9633 0.2186
vn 0.6504 -0.4833 -0.5859
vn -0.1710 -0.6640 0.7280
vn -0.6806 0.4144 -0.6042
vn 0.2156 -0.7028 -0.6779
vn 0.6757 0.0835 0.7324
vn -0.0412 -0.4699 -0.8817
vn 0.1526 -0.1642 -0.9746
vn -0.8385 -0.0258 -0.5442
vn -0.7684 -0.1992 -0.6082
vn 0.8817 0.3692 -0.2937
vn -0.5721 0.7712 0.2791
vn 0.9865 -0.1176 0.1138
vn -0.7429 0.5150 -0.4276
vn -0.2226 -0.6000 -0.7684
vn 0.5712 0.2473 0.7826
vn -0.8626 0.4227 0.2779
vn 0.1691 -0.8998 -0.4022
vn 0.8974 -0.2935 0.3294
vn 0.7166 -0.5557 -0.4215
vn 0.8085 0.0601 0.5854
vn -0.7791 -0.3033 -0.5487
vn -0.4290 0.7614 0.4860
vn -0.6239 -0.7649 -0.1603
vn -0.8595 -0.0247 -0.5105
vn 0.8624 0.2121 0.4596
vn -0.1578 0.8236 0.5447
vn -0.9420 0.3241 -0.0875
vn 0.2409 -0.5803 -0.7780
vn 0.5361 0.7618 0.3637
vn 0.7920 -0.4832 -0.3732
vn 0.0938 -0.3440 -0.9343
vn 0.9198 -0.3261 -0.2185
vn -0.7593 0.5583 0.3344
vn -0.2176 -0.5973 -0.7720
vn 0.9261 0.0085 -0.3772
vn 0.0208 -0.6360 -0.7714
vn 0.2497 -0.5520 -0.7956
vn 0.0236 -0.4480 -0.8937
vn -0.3039 0.6153 0.7273
vn 0.5684 -0.7789 -0.2650
vn 0.9590 -0.1381 0.2475
vn 0.6428 -0.0212 -0.7657
vn -0.9182 0.1787 -0.3534
vn 0.9199 0.0891 -0.3818
vn 0.0245 0.4998 0.8658
vn 0.9485 -0.1871 -0.2555
vn -0.8463 -0.1322 -0.5161
vn -0.8458 0.3694 0.3849
vn -0.2967 0.8039 0.5155
vn 0.4556 -0.5279 -0.7168
vn -0.2389 0.9140 -0.3279
vn -0.7376 0.6650 0.1171
vn -0.3398 0.4580 0.8214
vn 0.9684 0.0856 0.2341
vn 0.4077 0.8160 0.4099
vn -0.8595 -0.2276 -0.4576
vn -0.3310 -0.6677 -0.6668
vn -0.5799 -0.3024 -0.7565
vn -0.4906 0.0679 -0.8687
vn -0.2787 -0.4955 -0.8227
vn -0.8008 -0.2395 -0.5489
vn -0.4682 0.2589 0.8448
vn -0.3906 -0.4495 -0.8034
vn -0.9577 0.0981 -0.2706
vn -0.1442 -0.5459 -0.8254
vn 0.8349 0.5225 0.1732
vn -0.6678 0.2663 0.6951
vn 0.7416 -0.2292 -0.6305
vn 0.4483 -0.4598 -0.7665
vn 0.6173 -0.0500 0.7851
vn -0.1826 -0.4539 -0.8722
vn 0.4289 -0.5383 -0.7255
vn -0.0982 0.2644 0.9594
vn -0.3551 0.6905 0.6302
vn -0.2713 0.2579 0.9273
vn -0.8057 0.3750 0.4585
vn 0.8686 -0.2517 -0.4269
vn 0.8541 -0.3275 -0.4041
vn 0.6564 0.1930 0.7293
vn 0.7292 0.2383 0.6414
vn -0.4603 0.2139 -0.8616
vn 0.8465 -0.0418 -0.5308
vn 0.8659 -0.4655 -0.1829
vn -0.2561 -0.6001 -0.7578
vn -0.1152 0.8500 0.5140
vn -0.8967 -0.3942 -0.2012
vn -0.9077 0.4099 0.0901
vn 0.9105 -0.1353 -0.3907
vn -0.0155 -0.9624 0.2711
vn 0.7448 -0.2893 -0.6014
vn 0.7525 -0.0812 0.6536
vn -0.9558 -0.0136 -0.2937
vn 0.7367 -0.5699 -0.3641
vn -0.7609 -0.1240 -0.6369
vn 0.9680 -0.0006 -0.2509
vn -0.7308 -0.5502 -0.4040
vn -0.9928 -0.0956 -0.0719
vn 0.9318 -0.3336 -0.1433
vn -0.1596 -0.5502 -0.8196
vn -0.4216 0.4869 0.7650
vn 0.1174 0.9045 0.4101
vn -0.0661 -0.3563 -0.9320
vn -0.4946 -0.2090 -0.8436
vn 0.0183 0.5761 0.8172
vn 0.6599 0.6142 0.4328
vn 0.4679 -0.4864 -0.7379
vn 0.7876 0.6144 0.0461
vn 0.8964 0.2965 0.3293
vn -0.2208 -0.4937 0.8412
vn -0.6336 0.3474 0.6912
vn -0.7462 -0.3585 -0.5609
vn 0.8500 -0.2266 0.4755
vn 0.0329 0.9382 0.3446
vn 0.3989 -0.0286 0.9165
vn -0.3921 -0.4029 -0.8270
vn 0.3768 -0.5390 -0.7533
vn -0.8471 0.4465 0.2882
vn -0.6999 0.6231 0.3491
vn -0.9894 0.0817 0.1204
vn -0.7298 -0.3766 -0.5706
vn -0.1147 0.4804 0.8695
vn -0.9369 0.2482 0.2464
vn -0.9661 -0.0489 -0.2536
vn -0.8921 0.3215 0.3176
vn 0.4450 0.5934 0.6707
vn -0.9692 0.1088 -0.2211
vn -0.9924 0.0081 0.1232
vn -0.1230 0.3740 0.9192
vn 0.9207 -0.3563 -0.1593
vn 0.9041 0.2229 0.3646
vn -0.8705 -0.2324 -0.4338
vn -0.4395 -0.4148 -0.7968
vn -0.4663 -0.7594 -0.4538
vn 0.1581 -0.8628 -0.4802
vn 0.8150 -0.5794 0.0061
vn -0.8412 0.3114 -0.4421
vn 0.9162 -0.2722 0.2941
vn -0.5757 -0.8145 -0.0720
vn 0.1946 -0.6385 0.7446
vn 0.1256 -0.4995 0.8572
vn -0.4553 -0.8859 -0.0884
vn 0.2266 -0.9357 0.2705
vn -0.6510 -0.3483 0.6744
vn -0.2455 -0.9642 -0.1004
vn 0.6581 0.3144 0.6841
vn 0.8866 -0.4624 0.0065
vn 0.3676 -0.3359 -0.8672
vn -0.1607 -0.2126 -0.9638
vn -0.6695 0.5765 0.4684
vn -0.7122 0.2062 -0.6710
vn -0.9133 0.3879 0.1242
vn 0.2174 0.5239 0.8235
vn 0.8715 -0.3606 0.3324
vn -0.9869 -0.0320 0.1580
vn 0.9716 -0.2342 -0.0328
vn -0.9555 0.2092 -0.2080
vn 0.8260 -0.5602 -0.0630
vn -0.8023 -0.5903 0.0881
vn -0.5639 0.5077 0.6514
vn 0.8579 -0.2007 0.4730
vn -0.9699 0.1479 -0.1935
vn -0.5489 -0.3298 -0.7681
vn 0.7463 -0.6444 -0.1668
vn -0.9890 0.0505 -0.1389
vn -0.6574 0.6517 0.3784
vn -0.2136 -0.5380 0.8154
vn -0.2821 -0.9105 -0.3023
vn -0.2378 -0.6773 -0.6962
vn -0.6468 0.3908 0.6549
vn -0.3591 -0.4991 0.7886
vn 0.5870 -0.3828 -0.7134
vn 0.8593 -0.5112 -0.0174
vn -0.9171 0.2857 -0.2781
vn -0.3878 0.6517 -0.6519
vn 0.9830 0.0677 -0.1707
vn -0.6172 0.1608 -0.7702
vn 0.5003 -0.8418 -0.2026
vn -0.1968 -0.9708 0.1370
vn 0.0025 -0.4625 -0.8866
vn 0.0471 0.4258 -0.9036
vn 0.3906 -0.9056 -0.1655
vn -0.6564 -0.6146 -0.4376
vn -0.8875 0.0231 0.4603
vn -0.0414 -0.8538 -0.5189
vn 0.7591 0.4626 -0.4579
vn -0.8620 -0.2173 0.4579
vn 0.0868 0.5631 -0.8218
vn 0.9277 -0.1558 -0.3394
vn 0.8566 -0.2718 0.4385
vn -0.7753 0.3192 -0.5450
vn -0.9835 0.1491 -0.1027
vn -0.4353 -0.4731 0.7660
vn 0.6721 -0.5270 0.5201
vn 0.6875 -0.6215 0.3756
vn -0.1070 -0.2245 0.9686
vn -0.8914 0.3496 -0.2883
vn 0.9306 -0.3660 0.0046
vn -0.6883 -0.6449 -0.3322
vn 0.1414 0.4607 -0.8762
vn -0.9345 -0.1220 0.3344
vn 0.6014 -0.5823 0.5471
vn -0.2288 0.1860 -0.9555
vn 0.6912 -0.4194 0.5885
vn -0.0844 -0.8347 -0.5442
vn 0.3223 -0.2275 -0.9189
vn 0.9565 0.2756 -0.0960
vn 0.3324 0.1218 -0.9352
vn -0.5774 -0.0415 -0.8154
vn -0.2954 0.9191 -0.2609
vn -0.6942 0.3759 -0.6138
vn -0.7349 0.1911 -0.6507
vn -0.7336 -0.1907 -0.6523
vn -0.2965 -0.9176 -0.2646
vn -0.0489 0.9980 0.0410
vn 0.1051 0.9783 0.1786
vn 0.2005 0.9186 0.3406
vn 0.2876 0.8237 0.4887
vn 0.3633 0.6978 0.6173
vn 0.4248 0.5464 0.7218
vn 0.4701 0.3753 0.7988
vn 0.4978 0.1911 0.8460
vn 0.5072 0.0001 0.8618
vn 0.4979 -0.1909 0.8460
vn 0.4701 -0.3752 0.7989
vn 0.4248 -0.5464 0.7218
vn 0.3635 -0.6978 0.6172
vn 0.2934 -0.8215 0.4890
vn 0.2192 -0.9166 0.3344
vn 0.1342 -0.9786 0.1561
vn 0.0750 0.9788 0.1905
vn 0.1432 0.9203 0.3640
vn 0.2059 0.8269 0.5233
vn 0.2606 0.7022 0.6625
vn 0.3055 0.5511 0.7765
vn 0.3387 0.3793 0.8610
vn 0.3592 0.1933 0.9130
vn 0.3661 0.0001 0.9306
vn 0.3592 -0.1932 0.9131
vn 0.3387 -0.3792 0.8611
vn 0.3055 -0.5511 0.7765
vn 0.2607 -0.7022 0.6625
vn 0.2095 -0.8240 0.5265
vn 0.1577 -0.9174 0.3653
vn 0.1038 -0.9795 0.1725
vn -0.0382 -0.9992 0.0138
vn 0.0125 0.9788 0.2044
vn 0.0238 0.9203 0.3905
vn 0.0342 0.8269 0.5613
vn 0.0432 0.7022 0.7107
vn 0.0506 0.5511 0.8329
vn 0.0561 0.3793 0.9236
vn 0.0595 0.1933 0.9793
vn 0.0606 0.0001 0.9982
vn 0.0594 -0.1932 0.9794
vn 0.0560 -0.3792 0.9236
vn 0.0505 -0.5511 0.8329
vn 0.0430 -0.7022 0.7107
vn 0.0324 -0.8237 0.5661
vn 0.0236 -0.9154 0.4018
vn 0.0278 -0.9802 0.1963
vn -0.0511 0.9788 0.1983
vn -0.0979 0.9203 0.3788
vn -0.1409 0.8268 0.5445
vn -0.1784 0.7021 0.6893
vn -0.2092 0.5510 0.8078
vn -0.2320 0.3792 0.8957
vn -0.2460 0.1933 0.9498
vn -0.2508 0.0001 0.9680
vn -0.2461 -0.1932 0.9498
vn -0.2321 -0.3792 0.8957
vn -0.2094 -0.5511 0.8078
vn -0.1787 -0.7023 0.6891
vn -0.1442 -0.8252 0.5461
vn -0.1087 -0.9140 0.3908
vn -0.0558 -0.9791 0.1954
vn -0.1097 0.9788 0.1728
vn -0.2100 0.9203 0.3301
vn -0.3021 0.8268 0.4744
vn -0.3826 0.7021 0.6005
vn -0.4484 0.5510 0.7038
vn -0.4973 0.3792 0.7803
vn -0.5274 0.1932 0.8274
vn -0.5376 -0.0000 0.8432
vn -0.5275 -0.1932 0.8273
vn -0.4975 -0.3792 0.7802
vn -0.4488 -0.5511 0.7035
vn -0.3830 -0.7023 0.6001
vn -0.3033 -0.8266 0.4741
vn -0.2212 -0.9147 0.3382
vn -0.1224 -0.9784 0.1667
vn -0.1576 0.9788 0.1305
vn -0.3015 0.9203 0.2491
vn -0.4337 0.8269 0.3580
vn -0.5493 0.7021 0.4531
vn -0.6438 0.5510 0.5309
vn -0.7140 0.3792 0.5886
vn -0.7571 0.1932 0.6240
vn -0.7717 -0.0000 0.6359
vn -0.7573 -0.1932 0.6239
vn -0.7143 -0.3792 0.5882
vn -0.6442 -0.5511 0.5303
vn -0.5498 -0.7023 0.4523
vn -0.4346 -0.8268 0.3571
vn -0.3124 -0.9160 0.2517
vn -0.1701 -0.9783 0.1185
vn -0.1900 0.9789 0.0755
vn -0.3635 0.9204 0.1439
vn -0.5229 0.8270 0.2066
vn -0.6622 0.7022 0.2614
vn -0.7762 0.5511 0.3062
vn -0.8608 0.3792 0.3394
vn -0.9129 0.1932 0.3597
vn -0.9305 -0.0001 0.3664
vn -0.9130 -0.1933 0.3593
vn -0.8611 -0.3793 0.3386
vn -0.7767 -0.5511 0.3050
vn -0.6628 -0.7022 0.2600
vn -0.5239 -0.8268 0.2050
vn -0.3723 -0.9173 0.1409
vn -0.1986 -0.9783 0.0587
vn -0.2038 0.9789 0.0131
vn -0.3899 0.9205 0.0246
vn -0.5610 0.8271 0.0351
vn -0.7104 0.7024 0.0442
vn -0.8328 0.5512 0.0516
vn -0.9235 0.3793 0.0570
vn -0.9793 0.1932 0.0601
vn -0.9981 -0.0001 0.0609
vn -0.9793 -0.1934 0.0593
vn -0.9236 -0.3793 0.0554
vn -0.8330 -0.5510 0.0495
vn -0.7109 -0.7020 0.0418
vn -0.5618 -0.8266 0.0325
vn -0.3949 -0.9185 0.0188
vn -0.2072 -0.9783 -0.0038
vn -0.1976 0.9790 -0.0505
vn -0.3782 0.9206 -0.0970
vn -0.5441 0.8273 -0.1398
vn -0.6891 0.7027 -0.1773
vn -0.8078 0.5515 -0.2081
vn -0.8959 0.3795 -0.2311
vn -0.9499 0.1932 -0.2455
vn -0.9680 -0.0003 -0.2509
vn -0.9495 -0.1935 -0.2469
vn -0.8954 -0.3792 -0.2336
vn -0.8076 -0.5506 -0.2113
vn -0.6893 -0.7015 -0.1808
vn -0.5448 -0.8263 -0.1433
vn -0.3801 -0.9193 -0.1024
vn -0.1978 -0.9783 -0.0618
vn -0.1721 0.9790 -0.1092
vn -0.3293 0.9208 -0.2092
vn -0.4738 0.8275 -0.3011
vn -0.6002 0.7030 -0.3815
vn -0.7037 0.5518 -0.4475
vn -0.7805 0.3797 -0.4967
vn -0.8274 0.1932 -0.5273
vn -0.8428 -0.0004 -0.5382
vn -0.8264 -0.1934 -0.5289
vn -0.7791 -0.3786 -0.4997
vn -0.7029 -0.5497 -0.4515
vn -0.6002 -0.7006 -0.3859
vn -0.4746 -0.8256 -0.3053
vn -0.3303 -0.9194 -0.2133
vn -0.1726 -0.9783 -0.1145
vn -0.1546 0.9785 -0.1364
vn -0.4242 0.8244 -0.3747
vn -0.5361 0.6988 -0.4736
vn -0.6272 0.5473 -0.5542
vn -0.7480 -0.0001 -0.6636
vn -0.6925 -0.3740 -0.6169
vn -0.6261 -0.5442 -0.5584
vn -0.5361 -0.6956 -0.4783
vn -0.4250 -0.8220 -0.3791
vn -0.1559 -0.9778 -0.1397
vn 0.0457 -0.9775 -0.2061
vn 0.2142 -0.8231 -0.5259
vn 0.2870 -0.6975 -0.6566
vn 0.3481 -0.5468 -0.7614
vn 0.3955 -0.3772 -0.8374
vn 0.4444 -0.0040 -0.8958
vn 0.3973 0.5434 -0.7396
vn 0.3508 0.6951 -0.6276
vn 0.2908 0.8211 -0.4911
vn 0.1390 0.9764 -0.1654
vn 0.0148 -0.9763 -0.2158
vn 0.0737 -0.9166 -0.3929
vn 0.1299 -0.8221 -0.5544
vn 0.1809 -0.6966 -0.6943
vn 0.2247 -0.5453 -0.8075
vn 0.2597 -0.3741 -0.8903
vn 0.2845 -0.1888 -0.9399
vn 0.2987 0.0041 -0.9544
vn 0.3017 0.1973 -0.9328
vn 0.2936 0.3833 -0.8757
vn 0.2746 0.5548 -0.7853
vn 0.2455 0.7052 -0.6652
vn 0.2070 0.8289 -0.5196
vn 0.1608 0.9212 -0.3542
vn 0.1082 0.9786 -0.1751
vn -0.0487 -0.9731 -0.2250
vn -0.0476 -0.9107 -0.4104
vn -0.0447 -0.8137 -0.5796
vn -0.0401 -0.6860 -0.7265
vn -0.0342 -0.5328 -0.8455
vn -0.0273 -0.3597 -0.9327
vn -0.0195 -0.1731 -0.9847
vn -0.0110 0.0203 -0.9997
vn -0.0020 0.2131 -0.9770
vn 0.0073 0.3980 -0.9174
vn 0.0166 0.5679 -0.8229
vn 0.0253 0.7163 -0.6973
vn 0.0332 0.8377 -0.5451
vn 0.0399 0.9274 -0.3719
vn 0.0450 0.9818 -0.1844
vn -0.1119 -0.9704 -0.2141
vn -0.1686 -0.9054 -0.3896
vn -0.2186 -0.8062 -0.5498
vn -0.2604 -0.6765 -0.6889
vn -0.2923 -0.5214 -0.8017
vn -0.3133 -0.3468 -0.8841
vn -0.3224 -0.1592 -0.9331
vn -0.3194 0.0345 -0.9470
vn -0.3043 0.2269 -0.9252
vn -0.2776 0.4108 -0.8684
vn -0.2403 0.5793 -0.7789
vn -0.1938 0.7261 -0.6597
vn -0.1398 0.8454 -0.5155
vn -0.0805 0.9328 -0.3514
vn -0.0179 0.9846 -0.1736
vn -0.1688 -0.9683 -0.1843
vn -0.2772 -0.9014 -0.3326
vn -0.3749 -0.8003 -0.4679
vn -0.4581 -0.6690 -0.5852
vn -0.5239 -0.5126 -0.6803
vn -0.5699 -0.3369 -0.7495
vn -0.5943 -0.1486 -0.7904
vn -0.5963 0.0452 -0.8015
vn -0.5757 0.2374 -0.7824
vn -0.5334 0.4206 -0.7339
vn -0.4710 0.5881 -0.6575
vn -0.3906 0.7335 -0.5563
vn -0.2953 0.8513 -0.4338
vn -0.1885 0.9368 -0.2946
vn -0.0744 0.9868 -0.1439
vn -0.2136 -0.9671 -0.1384
vn -0.3629 -0.8991 -0.2449
vn -0.4981 -0.7969 -0.3419
vn -0.6140 -0.6646 -0.4257
vn -0.7065 -0.5073 -0.4934
vn -0.7722 -0.3310 -0.5423
vn -0.8087 -0.1424 -0.5707
vn -0.8146 0.0515 -0.5777
vn -0.7899 0.2435 -0.5628
vn -0.7353 0.4263 -0.5268
vn -0.6530 0.5932 -0.4708
vn -0.5459 0.7378 -0.3970
vn -0.4179 0.8547 -0.3080
vn -0.2738 0.9392 -0.2072
vn -0.1190 0.9880 -0.0982
vn -0.2421 -0.9669 -0.0809
vn -0.4173 -0.8986 -0.1351
vn -0.5763 -0.7963 -0.1841
vn -0.7130 -0.6638 -0.2260
vn -0.8224 -0.5063 -0.2593
vn -0.9007 -0.3299 -0.2828
vn -0.9448 -0.1412 -0.2957
vn -0.9533 0.0528 -0.2973
vn -0.9259 0.2447 -0.2878
vn -0.8636 0.4275 -0.2674
vn -0.7686 0.5942 -0.2370
vn -0.6445 0.7387 -0.1975
vn -0.4958 0.8553 -0.1505
vn -0.3279 0.9396 -0.0976
vn -0.1473 0.9882 -0.0410
vn -0.2515 -0.9677 -0.0176
vn -0.4352 -0.9002 -0.0140
vn -0.6019 -0.7985 -0.0100
vn -0.7454 -0.6666 -0.0056
vn -0.8604 -0.5096 -0.0010
vn -0.9427 -0.3335 0.0035
vn -0.9894 -0.1451 0.0080
vn -0.9987 0.0488 0.0121
vn -0.9704 0.2408 0.0158
vn -0.9055 0.4238 0.0188
vn -0.8064 0.5909 0.0212
vn -0.6767 0.7359 0.0228
vn -0.5212 0.8531 0.0235
vn -0.3456 0.9381 0.0233
vn -0.1566 0.9874 0.0223
vn -0.2408 -0.9695 0.0455
vn -0.4148 -0.9037 0.1066
vn -0.5725 -0.8034 0.1635
vn -0.7082 -0.6728 0.2140
vn -0.8168 -0.5169 0.2563
vn -0.8943 -0.3416 0.2888
vn -0.9381 -0.1536 0.3105
vn -0.9464 0.0401 0.3204
vn -0.9191 0.2323 0.3182
vn -0.8571 0.4158 0.3040
vn -0.7627 0.5837 0.2784
vn -0.6394 0.7297 0.2422
vn -0.4917 0.8482 0.1968
vn -0.3251 0.9347 0.1438
vn -0.1458 0.9856 0.0853
vn -0.0996 -0.9934 -0.0574
vn -0.2112 -0.9721 0.1021
vn -0.3581 -0.9086 0.2149
vn -0.4910 -0.8106 0.3192
vn -0.6049 -0.6819 0.4112
vn -0.6958 -0.5275 0.4875
vn -0.7602 -0.3534 0.5452
vn -0.7959 -0.1660 0.5823
vn -0.8015 0.0275 0.5974
vn -0.7769 0.2199 0.5900
vn -0.7230 0.4041 0.5603
vn -0.6418 0.5732 0.5095
vn -0.5362 0.7208 0.4393
vn -0.4102 0.8412 0.3524
vn -0.2684 0.9298 0.2520
vn -0.1161 0.9830 0.1419
vn -0.1918 -0.9731 0.1280
vn -0.3205 -0.9097 0.2641
vn -0.4361 -0.8114 0.3891
vn -0.5343 -0.6827 0.4985
vn -0.6117 -0.5289 0.5883
vn -0.6657 -0.3562 0.6557
vn -0.6949 -0.1710 0.6985
vn -0.6984 0.0201 0.7155
vn -0.6761 0.2104 0.7061
vn -0.6289 0.3933 0.6706
vn -0.5581 0.5624 0.6101
vn -0.4660 0.7112 0.5264
vn -0.3557 0.8338 0.4221
vn -0.2310 0.9252 0.3011
vn -0.0968 0.9811 0.1678
vn -0.0034 0.9999 -0.0165
vn 0.1327 -0.9180 -0.3738
vn 0.4279 -0.1944 -0.8827
vn 0.4447 0.1871 -0.8759
vn 0.4289 0.3719 -0.8233
vn 0.2194 0.9163 -0.3351
vn -0.4309 0.6550 -0.6207
vn -0.7423 -0.2936 -0.6023
vn -0.4930 0.4206 -0.7616
vn -0.0189 -0.7756 0.6310
vn -0.2278 0.8590 -0.4584
vn -0.0942 0.9245 -0.3692
vn -0.6356 -0.0342 -0.7712
vn -0.2718 0.8778 -0.3945
vn 0.0850 -0.6228 0.7778
vn -0.1867 0.9314 -0.3124
vn -0.5613 -0.8274 0.0170
vn -0.1541 0.9609 -0.2300
vn -0.1429 0.9526 -0.2687
vn -0.2161 0.8754 -0.4325
vn -0.5787 -0.6278 -0.5206
vn -0.4733 -0.8618 -0.1823
vn -0.1306 0.9913 -0.0137
vn -0.3845 -0.8494 0.3616
vn -0.0721 0.9974 0.0032
vn -0.4318 -0.8735 0.2248
vn -0.3956 -0.7996 -0.4517
vn -0.4101 -0.7152 0.5659
vn -0.4325 -0.8976 0.0856
vn -0.1184 0.9864 -0.1143
vn -0.1318 0.8291 -0.5434
vn -0.1134 0.9863 -0.1195
vn -0.3834 -0.3760 0.8436
vn -0.1481 0.8813 -0.4488
vn -0.1839 0.9472 0.2627
vn -0.3781 -0.6666 0.6424
vn -0.2028 0.9390 0.2778
vn -0.1951 0.9373 0.2887
vn -0.2144 0.9078 0.3604
vn -0.2036 0.9534 0.2228
vn -0.3741 -0.8666 0.3302
vn -0.3540 -0.3164 0.8801
vn -0.1888 0.9272 0.3236
vn -0.4549 -0.7310 0.5087
vn -0.3516 0.6516 0.6722
vn -0.5411 -0.1402 0.8292
vn -0.4463 0.3103 0.8393
vn -0.2640 -0.9566 -0.1232
vn -0.3975 -0.8548 0.3337
vn -0.5920 -0.3452 0.7283
vn -0.4896 -0.0363 0.8712
vn -0.5538 -0.6481 0.5228
vn -0.5588 -0.8126 -0.1654
vn -0.4021 0.6493 -0.6455
vn -0.6498 -0.3528 -0.6733
vn -0.6234 0.4468 -0.6417
vn -0.1787 -0.8332 0.5232
vn -0.4140 0.8380 -0.3555
vn -0.6378 0.4337 -0.6365
vn -0.4904 0.5023 -0.7122
vn -0.3096 0.8431 -0.4398
vn 0.2288 -0.6073 0.7608
vn -0.2248 0.9425 -0.2473
vn -0.2058 -0.9459 0.2510
vn -0.2430 0.9557 -0.1659
vn -0.1866 0.9748 -0.1221
vn -0.2646 0.8861 -0.3806
vn -0.6032 -0.5649 -0.5630
vn -0.6439 -0.6741 -0.3618
vn -0.1611 0.9868 0.0191
vn -0.3665 -0.8761 0.3131
vn -0.1088 0.9851 0.1332
vn -0.3204 -0.9255 0.2021
vn -0.3369 -0.8311 -0.4424
vn -0.4124 -0.6764 0.6103
vn -0.5425 -0.8255 0.1556
vn -0.1526 0.9816 -0.1152
vn -0.1628 0.8230 -0.5442
vn -0.1724 0.9758 -0.1344
vn -0.3594 -0.5364 0.7636
vn -0.2063 0.8313 -0.5161
vn -0.3056 0.9044 0.2977
vn -0.3198 -0.7124 0.6246
vn -0.2189 0.9434 0.2492
vn -0.3435 0.8671 0.3609
vn -0.2001 0.9368 0.2870
vn -0.2694 0.9394 0.2123
vn -0.4673 -0.5547 0.6884
vn -0.3595 -0.2397 0.9018
vn -0.2200 0.9440 0.2459
vn -0.2668 -0.9400 0.2124
vn -0.5968 0.4444 0.6681
vn -0.4716 0.0895 0.8773
vn -0.5934 0.0754 0.8014
vn -0.2452 -0.9688 -0.0358
vn -0.4286 -0.8427 0.3257
vn -0.5112 -0.1334 0.8491
vn -0.5700 -0.4860 0.6625
vn -0.4847 -0.1862 0.8546
vn -0.7659 -0.6308 -0.1239
vn -0.5446 0.6998 -0.4623
vn -0.8672 -0.2328 -0.4402
vn -0.7321 0.4520 -0.5096
vn -0.2185 -0.7875 0.5764
vn -0.4991 0.7011 -0.5093
vn -0.8503 -0.0713 -0.5214
vn -0.7691 -0.0663 -0.6356
vn -0.3129 0.9283 -0.2009
vn 0.2029 -0.6008 0.7733
vn -0.2981 0.9372 -0.1810
vn -0.6443 -0.7644 -0.0241
vn -0.2686 0.9519 -0.1475
vn -0.2059 0.9778 -0.0390
vn -0.3350 0.9100 -0.2442
vn -0.7324 -0.0808 -0.6761
vn -0.8156 -0.4975 -0.2955
vn -0.2068 0.9721 0.1106
vn -0.5354 -0.7256 0.4322
vn -0.1419 0.9659 0.2165
vn -0.5164 -0.8186 0.2514
vn -0.5117 -0.7012 -0.4965
vn -0.5237 -0.4059 0.7490
vn -0.7272 -0.6735 0.1325
vn -0.2389 0.9669 -0.0898
vn -0.2413 0.7482 -0.6180
vn -0.2523 0.9540 -0.1623
vn -0.4484 -0.2866 0.8466
vn -0.2777 0.7640 -0.5824
vn -0.3854 0.8703 0.3066
vn -0.4660 -0.5639 0.6819
vn -0.3585 0.8935 0.2705
vn -0.4256 0.8204 0.3820
vn -0.3501 0.8632 0.3637
vn -0.3452 0.9279 0.1409
vn -0.5504 -0.5042 0.6655
vn -0.2804 0.3381 0.8984
vn -0.2913 0.9368 0.1937
vn -0.4604 -0.6522 0.6022
vn -0.7204 0.3522 0.5975
vn -0.6384 -0.1309 0.7585
vn -0.7049 -0.0039 0.7093
vn -0.2798 -0.9544 -0.1037
vn -0.5018 -0.8185 0.2797
vn -0.6596 -0.3750 0.6514
vn -0.6369 -0.5336 0.5564
vn -0.5914 -0.6084 0.5293
vn -0.7867 -0.6025 -0.1347
vn -0.5108 0.6754 -0.5318
vn -0.8506 -0.2228 -0.4763
vn -0.5609 0.6243 -0.5437
vn -0.2864 -0.7705 0.5695
vn -0.4812 0.8735 -0.0739
vn -0.7249 -0.1815 -0.6645
vn -0.3556 0.9313 -0.0794
vn -0.1093 -0.6218 0.7755
vn -0.3530 0.9169 -0.1860
vn -0.7491 -0.6624 0.0092
vn -0.3221 0.9400 0.1122
vn -0.2393 0.9642 0.1143
vn -0.3486 0.9125 -0.2142
vn -0.7153 -0.2723 -0.6436
vn -0.7538 -0.6222 -0.2113
vn -0.2577 0.8875 0.3820
vn -0.5778 -0.6648 0.4735
vn -0.1476 0.9486 0.2801
vn -0.5795 -0.6664 0.4691
vn -0.7322 -0.5892 -0.3417
vn -0.5339 -0.0369 0.8448
vn -0.9460 -0.3033 0.1146
vn -0.2642 0.9641 -0.0264
vn -0.2893 0.7557 -0.5876
vn -0.2858 0.9563 -0.0616
vn -0.5651 -0.1706 0.8072
vn -0.3777 0.7042 -0.6012
vn -0.5250 0.7762 0.3490
vn -0.5862 -0.2754 0.7619
vn -0.4890 0.8272 0.2768
vn -0.5918 0.7725 0.2303
vn -0.4888 0.7645 0.4203
vn -0.4965 0.8670 -0.0422
vn -0.7006 -0.5759 0.4213
vn -0.5332 -0.2227 0.8162
vn -0.4312 0.9021 0.0180
vn -0.5276 -0.6069 0.5945
vn -0.7101 0.5143 0.4809
vn -0.6592 -0.0927 0.7462
vn -0.5272 0.4535 0.7186
vn -0.3934 -0.8999 -0.1883
vn -0.5471 -0.8324 0.0888
vn -0.6448 -0.3749 0.6661
vn -0.4511 0.1378 0.8818
vn -0.6023 -0.6567 0.4538
vn -0.9874 0.1504 -0.0498
vn -0.8535 0.1713 -0.4922
vn -0.6598 0.1145 0.7427
vn -0.3529 0.1596 0.9219
vn -0.8801 0.4671 0.0856
vn -0.9954 0.0950 0.0101
vn -0.9598 0.0220 0.2797
vn -0.8647 0.2224 0.4504
vn -0.6682 0.2903 0.6850
vn -0.7390 0.5342 0.4106
vn -0.6304 0.5048 0.5897
vn -0.6887 0.4522 0.5667
vn -0.8060 0.2521 0.5356
vn -0.8249 0.2005 0.5285
vn -0.9579 0.0441 0.2839
vn -0.9489 0.2625 -0.1753
vn -0.9679 -0.2371 0.0832
vn -0.7696 -0.0075 0.6385
vn -0.5157 -0.0583 0.8548
vn 0.1772 0.3541 0.9183
vn -0.1690 0.5206 0.8369
vn 0.5023 0.1293 0.8550
vn 0.7534 -0.1228 0.6460
vn 0.8784 -0.3583 0.3164
vn 0.8449 -0.5296 -0.0755
vn 0.6578 -0.6019 -0.4528
vn 0.3551 -0.5643 -0.7453
vn -0.0082 -0.4259 -0.9047
vn -0.3715 -0.2100 -0.9044
vn -0.6705 0.0474 -0.7404
vn -0.8467 0.2985 -0.4404
vn -0.8669 0.4942 -0.0649
vn -0.7362 0.6008 0.3116
vn -0.4886 0.6076 0.6261
vn 0.1450 0.2633 0.9538
vn -0.2193 0.4320 0.8748
vn 0.4859 0.0476 0.8727
vn 0.7453 -0.1804 0.6419
vn 0.8752 -0.3810 0.2982
vn 0.8502 -0.5173 -0.0982
vn 0.6748 -0.5643 -0.4757
vn 0.3816 -0.5145 -0.7679
vn 0.0218 -0.3775 -0.9258
vn -0.3435 -0.1766 -0.9224
vn -0.6513 0.0543 -0.7569
vn -0.8461 0.2744 -0.4570
vn -0.8930 0.4434 -0.0769
vn -0.7862 0.5319 0.3146
vn -0.5476 0.5270 0.6499
vn 0.0923 0.1450 0.9851
vn -0.2802 0.3106 0.9083
vn 0.4437 -0.0559 0.8944
vn 0.7132 -0.2575 0.6519
vn 0.8543 -0.4249 0.2995
vn 0.8424 -0.5290 -0.1019
vn 0.6798 -0.5520 -0.4828
vn 0.3944 -0.4899 -0.7774
vn 0.0357 -0.3533 -0.9348
vn -0.3343 -0.1659 -0.9277
vn -0.6517 0.0398 -0.7574
vn -0.8616 0.2284 -0.4533
vn -0.9276 0.3672 -0.0680
vn -0.8384 0.4322 0.3319
vn -0.6094 0.4122 0.6772
vn -0.4349 -0.8684 0.2383
vn 0.3065 0.9346 0.1808
vn 0.0823 0.9960 -0.0336
vn 0.5575 0.7715 0.3066
vn 0.7859 0.5332 0.3132
vn 0.9428 0.2692 0.1969
vn 0.9993 0.0354 -0.0128
vn 0.9547 -0.1273 -0.2690
vn 0.8263 -0.2000 -0.5266
vn 0.6370 -0.1785 -0.7499
vn 0.4127 -0.0666 -0.9084
vn 0.1852 0.1224 -0.9751
vn -0.0069 0.3604 -0.9328
vn -0.1268 0.6059 -0.7854
vn -0.1518 0.8148 -0.5595
vn -0.0783 0.9524 -0.2947
vn -0.2735 0.5612 0.7812
vn -0.5768 0.6321 0.5175
vn 0.0755 0.3947 0.9157
vn 0.4119 0.1565 0.8977
vn 0.6776 -0.1155 0.7263
vn 0.8241 -0.3727 0.4266
vn 0.8229 -0.5660 0.0497
vn 0.6733 -0.6586 -0.3361
vn 0.4027 -0.6336 -0.6606
vn 0.0607 -0.4969 -0.8657
vn -0.2915 -0.2752 -0.9161
vn -0.5928 -0.0104 -0.8053
vn -0.7931 0.2503 -0.5553
vn -0.8603 0.4639 -0.2114
vn -0.7839 0.5979 0.1674
vn -0.3423 0.3949 0.8526
vn -0.6656 0.4469 0.5978
vn 0.0354 0.2644 0.9638
vn 0.4024 0.0780 0.9121
vn 0.6952 -0.1321 0.7066
vn 0.8631 -0.3296 0.3827
vn 0.8771 -0.4803 -0.0035
vn 0.7348 -0.5582 -0.3854
vn 0.4608 -0.5497 -0.6967
vn 0.1025 -0.4565 -0.8838
vn -0.2782 -0.2945 -0.9143
vn -0.6155 -0.0918 -0.7828
vn -0.8509 0.1166 -0.5122
vn -0.9439 0.2945 -0.1492
vn -0.8784 0.4114 0.2434
vn -0.3924 -0.8616 0.3220
vn -0.4925 0.8025 0.3368
vn -0.1762 0.7945 0.5812
vn 0.1720 0.6568 0.7341
vn 0.4975 0.4060 0.7666
vn 0.7417 0.0801 0.6659
vn 0.8558 -0.2633 0.4453
vn 0.8159 -0.5600 0.1442
vn 0.6295 -0.7555 -0.1815
vn 0.3308 -0.8162 -0.4737
vn -0.0281 -0.7315 -0.6813
vn -0.3833 -0.5152 -0.7666
vn -0.6691 -0.2066 -0.7139
vn -0.8337 0.1355 -0.5354
vn -0.8526 0.4486 -0.2680
vn -0.7305 0.6818 0.0391
vn -0.2431 0.6938 0.6779
vn -0.5704 0.6942 0.4390
vn 0.1260 0.5782 0.8061
vn 0.4775 0.3647 0.7993
vn 0.7516 0.0877 0.6538
vn 0.8971 -0.2059 0.3910
vn 0.8841 -0.4639 0.0564
vn 0.7125 -0.6394 -0.2891
vn 0.4124 -0.7004 -0.5826
vn 0.0382 -0.6358 -0.7709
vn -0.3418 -0.4577 -0.8207
vn -0.6587 -0.1989 -0.7256
vn -0.8573 0.0934 -0.5063
vn -0.9070 0.3683 -0.2042
vn -0.8046 0.5797 0.1287
vn -0.3252 0.4885 0.8097
vn -0.6639 0.4710 0.5809
vn 0.0699 0.4219 0.9040
vn 0.4557 0.2800 0.8450
vn 0.7642 0.0856 0.6393
vn 0.9384 -0.1266 0.3216
vn 0.9467 -0.3181 -0.0509
vn 0.7894 -0.4551 -0.4119
vn 0.4951 -0.5149 -0.6998
vn 0.1135 -0.4874 -0.8658
vn -0.2901 -0.3763 -0.8799
vn -0.6441 -0.2006 -0.7382
vn -0.8847 0.0075 -0.4661
vn -0.9710 0.2103 -0.1140
vn -0.8918 0.3733 0.2555
vn -0.3455 0.3682 0.8632
vn -0.6912 0.3450 0.6350
vn 0.0576 0.3170 0.9467
vn 0.4485 0.2003 0.8711
vn 0.7595 0.0383 0.6494
vn 0.9368 -0.1410 0.3201
vn 0.9499 -0.3066 -0.0600
vn 0.7965 -0.4299 -0.4252
vn 0.5030 -0.4896 -0.7123
vn 0.1202 -0.4753 -0.8716
vn -0.2857 -0.3895 -0.8756
vn -0.6444 -0.2470 -0.7237
vn -0.8941 -0.0725 -0.4420
vn -0.9914 0.1038 -0.0794
vn -0.9197 0.2515 0.3016
vn -0.1945 -0.9017 0.3862
vn -0.5454 0.8215 0.1662
vn -0.6420 0.7180 0.2690
vn -0.2582 0.8422 0.4734
vn -0.3564 0.7490 0.5585
vn 0.0734 0.7110 0.6994
vn -0.0123 0.6538 0.7566
vn 0.3901 0.4505 0.8031
vn 0.3340 0.4474 0.8296
vn 0.6338 0.1091 0.7658
vn 0.6253 0.1627 0.7632
vn 0.7620 -0.2494 0.5976
vn 0.8107 -0.1540 0.5649
vn 0.7571 -0.5620 0.3330
vn 0.8537 -0.4483 0.2651
vn 0.6256 -0.7799 0.0193
vn 0.7414 -0.6658 -0.0841
vn 0.3913 -0.8721 -0.2938
vn 0.4918 -0.7640 -0.4177
vn 0.0899 -0.8246 -0.5586
vn 0.1521 -0.7244 -0.6724
vn -0.2327 -0.6409 -0.7315
vn -0.2129 -0.5568 -0.8029
vn -0.5225 -0.3460 -0.7793
vn -0.5373 -0.2948 -0.7902
vn -0.7258 0.0114 -0.6879
vn -0.7670 0.0141 -0.6415
vn -0.8025 0.3663 -0.4710
vn -0.8666 0.3176 -0.3849
vn -0.7382 0.6533 -0.1680
vn -0.8221 0.5658 -0.0637
vn -0.4779 0.5064 0.7178
vn -0.7726 0.4531 0.4448
vn -0.1026 0.4757 0.8736
vn 0.2935 0.3654 0.8834
vn 0.6439 0.1927 0.7404
vn 0.8851 -0.0136 0.4653
vn 0.9703 -0.2179 0.1052
vn 0.8817 -0.3837 -0.2747
vn 0.6343 -0.4811 -0.6052
vn 0.2730 -0.4923 -0.8265
vn -0.1362 -0.4155 -0.8993
vn -0.5186 -0.2648 -0.8130
vn -0.8068 -0.0677 -0.5869
vn -0.9542 0.1406 -0.2642
vn -0.9407 0.3243 0.0993
vn -0.5104 0.2708 0.8162
vn -0.8119 0.1960 0.5499
vn -0.1211 0.2983 0.9468
vn 0.2923 0.2725 0.9167
vn 0.6578 0.1961 0.7273
vn 0.9083 0.0824 0.4101
vn 0.9986 -0.0475 0.0223
vn 0.9144 -0.1707 -0.3671
vn 0.6717 -0.2662 -0.6913
vn 0.3118 -0.3178 -0.8954
vn -0.1043 -0.3161 -0.9430
vn -0.5031 -0.2608 -0.8239
vn -0.8126 -0.1624 -0.5597
vn -0.9791 -0.0393 -0.1996
vn -0.9775 0.0869 0.1921
vn -0.5010 0.1432 0.8535
vn -0.8077 0.0611 0.5865
vn -0.1074 0.1892 0.9761
vn 0.3052 0.1909 0.9329
vn 0.6654 0.1483 0.7316
vn 0.9109 0.0685 0.4068
vn 0.9993 -0.0345 0.0148
vn 0.9152 -0.1430 -0.3767
vn 0.6733 -0.2382 -0.6999
vn 0.3153 -0.3037 -0.8991
vn -0.0968 -0.3281 -0.9397
vn -0.4918 -0.3072 -0.8147
vn -0.8014 -0.2446 -0.5458
vn -0.9721 -0.1511 -0.1794
vn -0.9743 -0.0430 0.2211
vn 0.0314 -0.9649 0.2607
vn -0.0982 0.9526 -0.2879
vn -0.3209 0.9406 -0.1109
vn 0.3508 0.9363 0.0176
vn -0.1618 0.9576 0.2383
vn 0.5550 0.8124 0.1786
vn 0.0249 0.8451 0.5340
vn 0.6784 0.6773 0.2847
vn 0.2412 0.6383 0.7310
vn 0.7772 0.5027 0.3785
vn 0.4606 0.3737 0.8051
vn 0.8559 0.1971 0.4781
vn 0.6458 0.0811 0.7592
vn 0.7402 -0.4394 0.5089
vn 0.7486 -0.2421 0.6173
vn 0.1446 -0.9627 0.2287
vn 0.6610 -0.6456 0.3824
vn -0.2796 -0.9596 -0.0312
vn 0.3468 -0.9379 0.0041
vn -0.4853 -0.8564 -0.1759
vn 0.0624 -0.9276 -0.3682
vn -0.6081 -0.7455 -0.2730
vn -0.1900 -0.7529 -0.6302
vn -0.6990 -0.6206 -0.3552
vn -0.4229 -0.4906 -0.7619
vn -0.7763 -0.4512 -0.4402
vn -0.6081 -0.1666 -0.7762
vn -0.8283 -0.1602 -0.5368
vn -0.6736 0.2595 -0.6920
vn -0.7015 0.4174 -0.5776
vn -0.5098 0.7284 -0.4578
vn -0.7604 0.5651 0.3201
vn -0.8363 0.5428 -0.0774
vn -0.5585 0.4935 0.6667
vn -0.2603 0.3389 0.9041
vn 0.0870 0.1259 0.9882
vn 0.4233 -0.1095 0.8993
vn 0.6868 -0.3259 0.6496
vn 0.8278 -0.4845 0.2827
vn 0.8197 -0.5566 -0.1351
vn 0.6641 -0.5289 -0.5284
vn 0.3900 -0.4068 -0.8261
vn 0.0491 -0.2125 -0.9759
vn -0.2962 0.0185 -0.9549
vn -0.5863 0.2456 -0.7720
vn -0.7755 0.4304 -0.4620
vn -0.8682 0.3357 0.3654
vn -0.9556 0.2930 -0.0321
vn -0.6344 0.3202 0.7036
vn -0.2903 0.2470 0.9245
vn 0.1062 0.1275 0.9861
vn 0.4842 -0.0173 0.8748
vn 0.7756 -0.1608 0.6103
vn 0.9300 -0.2776 0.2410
vn 0.9220 -0.3483 -0.1689
vn 0.7533 -0.3607 -0.5500
vn 0.4512 -0.3121 -0.8361
vn 0.0683 -0.2105 -0.9752
vn -0.3263 -0.0746 -0.9423
vn -0.6623 0.0704 -0.7459
vn -0.8834 0.1998 -0.4238
vn -0.8955 0.2084 0.3932
vn -0.9873 0.1589 -0.0083
vn -0.6516 0.2105 0.7288
vn -0.2977 0.1648 0.9403
vn 0.1050 0.0792 0.9913
vn 0.4869 -0.0314 0.8729
vn 0.7819 -0.1480 0.6056
vn 0.9391 -0.2503 0.2355
vn 0.9312 -0.3208 -0.1732
vn 0.7596 -0.3471 -0.5500
vn 0.4540 -0.3248 -0.8297
vn 0.0673 -0.2577 -0.9639
vn -0.3338 -0.1574 -0.9294
vn -0.6798 -0.0413 -0.7322
vn -0.9110 0.0706 -0.4064
vn -0.2253 -0.9594 0.1696
vn -0.3859 0.9151 0.1167
vn -0.5406 0.8335 0.1140
vn -0.3369 0.7882 0.5151
vn -0.4807 0.7197 0.5010
vn -0.2313 0.5191 0.8228
vn -0.3426 0.4846 0.8049
vn -0.0878 0.1553 0.9840
vn -0.1482 0.1664 0.9748
vn 0.0673 -0.2360 0.9694
vn 0.0714 -0.1829 0.9805
vn 0.2055 -0.5831 0.7860
vn 0.2797 -0.5050 0.8165
vn 0.3035 -0.8275 0.4723
vn 0.4394 -0.7423 0.5059
vn 0.3470 -0.9340 0.0851
vn 0.5191 -0.8488 0.1007
vn 0.3308 -0.8899 -0.3140
vn 0.5018 -0.8018 -0.3244
vn 0.2574 -0.7021 -0.6640
vn 0.3909 -0.6104 -0.6889
vn 0.1368 -0.3960 -0.9080
vn 0.2090 -0.3125 -0.9266
vn -0.0126 -0.0186 -0.9997
vn -0.0089 0.0357 -0.9993
vn -0.1649 0.3651 -0.9162
vn -0.2243 0.3735 -0.9001
vn -0.2918 0.6838 -0.6688
vn -0.4016 0.6452 -0.6499
vn -0.3700 0.8784 -0.3024
vn -0.5128 0.8073 -0.2921
vn -0.7124 0.5076 0.4845
vn -0.7932 0.6009 0.0985
vn -0.5137 0.3293 0.7923
vn -0.2261 0.0946 0.9695
vn 0.1047 -0.1573 0.9820
vn 0.4214 -0.3824 0.8223
vn 0.6656 -0.5399 0.5153
vn 0.7909 -0.6010 0.1151
vn 0.7739 -0.5545 -0.3061
vn 0.6174 -0.4088 -0.6721
vn 0.3509 -0.1903 -0.9169
vn 0.0244 0.0613 -0.9978
vn -0.3021 0.3015 -0.9044
vn -0.5725 0.4894 -0.6578
vn -0.7444 0.5946 -0.3038
vn -0.8370 0.2828 0.4684
vn -0.9307 0.3574 0.0772
vn -0.6021 0.1583 0.7825
vn -0.2628 0.0030 0.9649
vn 0.1239 -0.1566 0.9799
vn 0.4890 -0.2915 0.8222
vn 0.7663 -0.3770 0.5202
vn 0.9082 -0.3983 0.1287
vn 0.8914 -0.3527 -0.2846
vn 0.7189 -0.2478 -0.6494
vn 0.4190 -0.1011 -0.9023
vn 0.0438 0.0617 -0.9971
vn -0.3391 0.2108 -0.9168
vn -0.6614 0.3196 -0.6786
vn -0.8693 0.3707 -0.3271
vn -0.8737 0.1550 0.4611
vn -0.9723 0.2246 0.0642
vn -0.6275 0.0474 0.7772
vn -0.2763 -0.0797 0.9578
vn 0.1192 -0.2043 0.9716
vn 0.4905 -0.3048 0.8164
vn 0.7735 -0.3639 0.5189
vn 0.9193 -0.3713 0.1306
vn 0.9026 -0.3258 -0.2814
vn 0.7263 -0.2353 -0.6459
vn 0.4209 -0.1153 -0.8997
vn 0.0393 0.0134 -0.9991
vn -0.3527 0.1284 -0.9269
vn -0.6872 0.2100 -0.6955
vn -0.9064 0.2440 -0.3449
vn -0.2962 -0.9506 -0.0931
vn -0.4467 0.8875 -0.1126
vn -0.5941 0.7943 -0.1271
vn -0.4641 0.8318 0.3043
vn -0.5994 0.7506 0.2783
vn -0.4024 0.6262 0.6678
vn -0.5067 0.5803 0.6376
vn -0.2720 0.3065 0.9122
vn -0.3303 0.3110 0.8912
vn -0.0971 -0.0680 0.9930
vn -0.0978 -0.0137 0.9951
vn 0.0895 -0.4280 0.8993
vn 0.1529 -0.3403 0.9278
vn 0.2549 -0.7118 0.6545
vn 0.3780 -0.6114 0.6952
vn 0.3730 -0.8763 0.3050
vn 0.5349 -0.7759 0.3344
vn 0.4270 -0.8995 -0.0925
vn 0.5924 -0.8007 -0.0891
vn 0.4086 -0.7780 -0.4773
vn 0.5396 -0.6811 -0.4950
vn 0.3186 -0.5268 -0.7880
vn 0.3887 -0.4419 -0.8085
vn 0.1693 -0.1828 -0.9685
vn 0.1700 -0.1291 -0.9770
vn -0.0150 0.1958 -0.9805
vn -0.0767 0.2018 -0.9764
vn -0.2006 0.5392 -0.8179
vn -0.3099 0.4955 -0.8115
vn -0.3536 0.7842 -0.5099
vn -0.4921 0.7043 -0.5116
vn -0.8132 0.5205 0.2603
vn -0.8275 0.5426 -0.1441
vn -0.6645 0.4117 0.6237
vn -0.4021 0.2332 0.8854
vn -0.0666 0.0144 0.9977
vn 0.2848 -0.2073 0.9359
vn 0.5881 -0.3925 0.7071
vn 0.7867 -0.5079 0.3509
vn 0.8437 -0.5324 -0.0687
vn 0.7487 -0.4617 -0.4756
vn 0.5200 -0.3086 -0.7964
vn 0.2012 -0.1010 -0.9743
vn -0.1486 0.1240 -0.9811
vn -0.4684 0.3272 -0.8207
vn -0.7066 0.4746 -0.5249
vn -0.9212 0.2868 0.2630
vn -0.9464 0.2886 -0.1454
vn -0.7409 0.2347 0.6292
vn -0.4326 0.1395 0.8907
vn -0.0473 0.0164 0.9987
vn 0.3465 -0.1125 0.9313
vn 0.6779 -0.2234 0.7004
vn 0.8891 -0.2969 0.3484
vn 0.9450 -0.3210 -0.0632
vn 0.8361 -0.2916 -0.4646
vn 0.5798 -0.2130 -0.7864
vn 0.2201 -0.0989 -0.9705
vn -0.1781 0.0298 -0.9836
vn -0.5433 0.1496 -0.8261
vn -0.8136 0.2404 -0.5294
vn -0.9494 0.1570 0.2721
vn -0.9781 0.1524 -0.1417
vn -0.7592 0.1228 0.6392
vn -0.4404 0.0559 0.8961
vn -0.0481 -0.0322 0.9983
vn 0.3498 -0.1263 0.9283
vn 0.6845 -0.2101 0.6980
vn 0.8983 -0.2691 0.3474
vn 0.9540 -0.2932 -0.0630
vn 0.8421 -0.2780 -0.4622
vn 0.5819 -0.2264 -0.7811
vn 0.2184 -0.1471 -0.9647
vn -0.1855 -0.0539 -0.9812
vn -0.5600 0.0370 -0.8277
vn -0.8404 0.1100 -0.5308
vn -0.2257 -0.9738 0.0263
vn -0.1173 0.9930 -0.0108
vn -0.2843 0.9575 -0.0490
vn -0.1993 0.8985 0.3911
vn -0.3497 0.8713 0.3442
vn -0.2498 0.6433 0.7237
vn -0.3591 0.6393 0.6800
vn -0.2594 0.2723 0.9266
vn -0.3102 0.2987 0.9025
vn -0.2264 -0.1460 0.9630
vn -0.2097 -0.0953 0.9731
vn -0.1580 -0.5345 0.8303
vn -0.0731 -0.4772 0.8757
vn -0.0673 -0.8269 0.5583
vn 0.0763 -0.7796 0.6216
vn 0.0299 -0.9799 0.1972
vn 0.2111 -0.9444 0.2521
vn 0.1182 -0.9737 -0.1947
vn 0.3053 -0.9378 -0.1654
vn 0.1844 -0.8093 -0.5577
vn 0.3409 -0.7611 -0.5518
vn 0.2172 -0.5082 -0.8334
vn 0.3130 -0.4502 -0.8363
vn 0.2097 -0.1155 -0.9709
vn 0.2289 -0.0646 -0.9713
vn 0.1615 0.3017 -0.9396
vn 0.1051 0.3277 -0.9389
vn 0.0806 0.6664 -0.7412
vn -0.0369 0.6618 -0.7488
vn -0.0182 0.9111 -0.4117
vn -0.1740 0.8836 -0.4346
vn -0.6233 0.7310 0.2778
vn -0.5835 0.8034 -0.1189
vn -0.5606 0.5368 0.6305
vn -0.4023 0.2510 0.8804
vn -0.1715 -0.0799 0.9819
vn 0.0931 -0.3986 0.9124
vn 0.3435 -0.6476 0.6801
vn 0.5329 -0.7812 0.3253
vn 0.6262 -0.7747 -0.0884
vn 0.6065 -0.6292 -0.4861
vn 0.4783 -0.3716 -0.7957
vn 0.2670 -0.0492 -0.9624
vn 0.0127 0.2800 -0.9599
vn -0.2394 0.5593 -0.7937
vn -0.4487 0.7432 -0.4963
vn -0.8011 0.5489 0.2386
vn -0.7776 0.6065 -0.1658
vn -0.6906 0.3968 0.6046
vn -0.4621 0.1732 0.8697
vn -0.1529 -0.0847 0.9846
vn 0.1824 -0.3304 0.9260
vn 0.4836 -0.5193 0.7046
vn 0.6980 -0.6185 0.3609
vn 0.7895 -0.6121 -0.0449
vn 0.7427 -0.5012 -0.4441
vn 0.5644 -0.3037 -0.7676
vn 0.2849 -0.0541 -0.9570
vn -0.0453 0.2023 -0.9783
vn -0.3670 0.4194 -0.8303
vn -0.6249 0.5612 -0.5427
vn -0.8709 0.4361 0.2265
vn -0.8522 0.4897 -0.1845
vn -0.7454 0.2973 0.5967
vn -0.4972 0.0971 0.8622
vn -0.1695 -0.1298 0.9770
vn 0.1813 -0.3441 0.9213
vn 0.4944 -0.5089 0.7047
vn 0.7158 -0.5956 0.3647
vn 0.8070 -0.5892 -0.0400
vn 0.7524 -0.4908 -0.4392
vn 0.5614 -0.3175 -0.7642
vn 0.2670 -0.0992 -0.9586
vn -0.0798 0.1263 -0.9888
vn -0.4192 0.3201 -0.8496
vn -0.6924 0.4486 -0.5651
vn -0.5322 -0.8361 -0.1332
vn -0.1534 0.9694 -0.1918
vn -0.3081 0.9167 -0.2545
vn -0.3089 0.9304 0.1975
vn -0.4459 0.8859 0.1281
vn -0.4134 0.7248 0.5512
vn -0.5117 0.7065 0.4889
vn -0.4475 0.3886 0.8055
vn -0.4936 0.4074 0.7684
vn -0.4053 -0.0162 0.9141
vn -0.3929 0.0365 0.9189
vn -0.2962 -0.4143 0.8606
vn -0.2243 -0.3450 0.9114
vn -0.1419 -0.7369 0.6610
vn -0.0156 -0.6705 0.7417
vn 0.0306 -0.9348 0.3539
vn 0.1959 -0.8786 0.4355
vn 0.1940 -0.9810 -0.0102
vn 0.3700 -0.9278 0.0475
vn 0.3235 -0.8684 -0.3760
vn 0.4737 -0.8088 -0.3486
vn 0.3975 -0.6103 -0.6852
vn 0.4895 -0.5467 -0.6793
vn 0.4011 -0.2441 -0.8829
vn 0.4179 -0.1926 -0.8879
vn 0.3307 0.1687 -0.9286
vn 0.2742 0.1904 -0.9426
vn 0.1975 0.5522 -0.8100
vn 0.0840 0.5381 -0.8387
vn 0.0258 0.8358 -0.5485
vn -0.1212 0.7941 -0.5956
vn -0.6952 0.7180 0.0349
vn -0.5811 0.7330 -0.3537
vn -0.6952 0.5837 0.4196
vn -0.5775 0.3504 0.7373
vn -0.3579 0.0558 0.9321
vn -0.0719 -0.2501 0.9655
vn 0.2292 -0.5126 0.8275
vn 0.4900 -0.6838 0.5406
vn 0.6625 -0.7326 0.1562
vn 0.7155 -0.6500 -0.2561
vn 0.6403 -0.4514 -0.6216
vn 0.4529 -0.1733 -0.8746
vn 0.1898 0.1336 -0.9727
vn -0.1013 0.4159 -0.9038
vn -0.3724 0.6268 -0.6845
vn -0.8542 0.5199 -0.0074
vn -0.7540 0.5180 -0.4040
vn -0.8117 0.4325 0.3925
vn -0.6308 0.2678 0.7282
vn -0.3400 0.0527 0.9389
vn 0.0101 -0.1745 0.9846
vn 0.3565 -0.3724 0.8569
vn 0.6381 -0.5063 0.5801
vn 0.8073 -0.5542 0.2030
vn 0.8354 -0.5077 -0.2104
vn 0.7163 -0.3741 -0.5891
vn 0.4696 -0.1760 -0.8652
vn 0.1397 0.0501 -0.9889
vn -0.2134 0.2634 -0.9408
vn -0.5284 0.4279 -0.7333
vn -0.9156 0.4019 -0.0141
vn -0.8186 0.3947 -0.4174
vn -0.8597 0.3293 0.3905
vn -0.6607 0.1892 0.7265
vn -0.3529 0.0060 0.9357
vn 0.0105 -0.1888 0.9820
vn 0.3666 -0.3613 0.8574
vn 0.6538 -0.4819 0.5834
vn 0.8225 -0.5295 0.2074
vn 0.8436 -0.4961 -0.2055
vn 0.7133 -0.3874 -0.5841
vn 0.4542 -0.2221 -0.8628
vn 0.1111 -0.0289 -0.9934
vn -0.2567 0.1589 -0.9534
vn -0.5855 0.3087 -0.7496
vn -0.4607 -0.8825 -0.0948
vn -0.1690 0.8785 -0.4469
vn -0.1656 0.8660 -0.4718
vn -0.4143 0.9004 -0.1328
vn -0.3993 0.9063 -0.1387
vn -0.5947 0.7794 0.1971
vn -0.5680 0.7937 0.2176
vn -0.6852 0.5332 0.4962
vn -0.6426 0.5433 0.5402
vn -0.6681 0.1933 0.7185
vn -0.6060 0.1927 0.7718
vn -0.5387 -0.1896 0.8209
vn -0.4609 -0.1966 0.8654
vn -0.3134 -0.5470 0.7763
vn -0.2344 -0.5503 0.8014
vn -0.0329 -0.8080 0.5882
vn 0.0288 -0.8034 0.5947
vn 0.2490 -0.9232 0.2928
vn 0.2813 -0.9158 0.2867
vn 0.4816 -0.8747 -0.0547
vn 0.4822 -0.8734 -0.0690
vn 0.6259 -0.6729 -0.3944
vn 0.6004 -0.6840 -0.4143
vn 0.6562 -0.3509 -0.6680
vn 0.6161 -0.3769 -0.6916
vn 0.5648 0.0353 -0.8245
vn 0.5245 -0.0029 -0.8514
vn 0.3683 0.4127 -0.8331
vn 0.3399 0.3714 -0.8640
vn 0.1069 0.7098 -0.6962
vn 0.0954 0.6784 -0.7285
vn -0.5151 0.8362 -0.1883
vn -0.3176 0.7809 -0.5379
vn -0.6287 0.7531 0.1941
vn -0.6368 0.5428 0.5475
vn -0.5340 0.2381 0.8113
vn -0.3349 -0.1102 0.9358
vn -0.0743 -0.4404 0.8947
vn 0.2004 -0.6925 0.6930
vn 0.4387 -0.8205 0.3664
vn 0.5977 -0.8013 -0.0260
vn 0.6493 -0.6387 -0.4128
vn 0.5864 -0.3636 -0.7238
vn 0.4236 -0.0266 -0.9054
vn 0.1920 0.3124 -0.9303
vn -0.0690 0.5967 -0.7995
vn -0.6995 0.6685 -0.2525
vn -0.5172 0.5983 -0.6120
vn -0.7660 0.6247 0.1513
vn -0.7033 0.4714 0.5321
vn -0.5191 0.2325 0.8225
vn -0.2448 -0.0499 0.9683
vn 0.0704 -0.3246 0.9432
vn 0.3706 -0.5431 0.7535
vn 0.6045 -0.6686 0.4331
vn 0.7323 -0.6800 0.0363
vn 0.7311 -0.5739 -0.3689
vn 0.5997 -0.3682 -0.7105
vn 0.3616 -0.1004 -0.9269
vn 0.0608 0.1808 -0.9816
vn -0.2494 0.4268 -0.8693
vn -0.7818 0.5645 -0.2649
vn -0.6022 0.4889 -0.6311
vn -0.8334 0.5331 0.1455
vn -0.7481 0.4003 0.5292
vn -0.5407 0.1890 0.8197
vn -0.2469 -0.0642 0.9669
vn 0.0823 -0.3157 0.9453
vn 0.3902 -0.5218 0.7586
vn 0.6233 -0.6470 0.4391
vn 0.7415 -0.6696 0.0421
vn 0.7243 -0.5857 -0.3638
vn 0.5746 -0.4098 -0.7084
vn 0.3184 -0.1724 -0.9321
vn -0.0000 0.0856 -0.9963
vn -0.3257 0.3196 -0.8898
vn -0.6069 -0.7831 -0.1362
vn -0.0851 0.9761 -0.1997
vn -0.2280 0.9296 -0.2895
vn -0.3080 0.9386 0.1555
vn -0.4320 0.8997 0.0624
vn -0.4798 0.7332 0.4819
vn -0.5662 0.7190 0.4030
vn -0.5693 0.3957 0.7206
vn -0.6075 0.4166 0.6763
vn -0.5602 -0.0113 0.8283
vn -0.5472 0.0408 0.8360
vn -0.4566 -0.4125 0.7883
vn -0.3926 -0.3463 0.8520
vn -0.2803 -0.7382 0.6135
vn -0.1682 -0.6772 0.7163
vn -0.0631 -0.9389 0.3383
vn 0.0870 -0.8895 0.4485
vn 0.1602 -0.9870 0.0078
vn 0.3249 -0.9408 0.0965
vn 0.3558 -0.8753 -0.3275
vn 0.5007 -0.8214 -0.2733
vn 0.4916 -0.6168 -0.6147
vn 0.5832 -0.5566 -0.5917
vn 0.5421 -0.2489 -0.8026
vn 0.5611 -0.1980 -0.8037
vn 0.4944 0.1665 -0.8531
vn 0.4421 0.1904 -0.8765
vn 0.3552 0.5533 -0.7535
vn 0.2482 0.5435 -0.8019
vn 0.1496 0.8400 -0.5216
vn 0.0119 0.8041 -0.5944
vn -0.6663 0.7418 -0.0759
vn -0.4851 0.7568 -0.4381
vn -0.7385 0.6035 0.3005
vn -0.6865 0.3630 0.6301
vn -0.5144 0.0587 0.8555
vn -0.2491 -0.2575 0.9336
vn 0.0628 -0.5290 0.8463
vn 0.3643 -0.7064 0.6069
vn 0.6001 -0.7572 0.2580
vn 0.7275 -0.6722 -0.1372
vn 0.7245 -0.4673 -0.5068
vn 0.5938 -0.1801 -0.7842
vn 0.3625 0.1369 -0.9219
vn 0.0732 0.4286 -0.9005
vn -0.2251 0.6467 -0.7288
vn -0.8219 0.5499 -0.1487
vn -0.6535 0.5485 -0.5216
vn -0.8534 0.4569 0.2509
vn -0.7400 0.2824 0.6104
vn -0.4981 0.0549 0.8654
vn -0.1692 -0.1850 0.9681
vn 0.1875 -0.3937 0.8999
vn 0.5088 -0.5346 0.6747
vn 0.7402 -0.5845 0.3325
vn 0.8422 -0.5348 -0.0687
vn 0.7961 -0.3930 -0.4602
vn 0.6085 -0.1835 -0.7720
vn 0.3133 0.0554 -0.9480
vn -0.0355 0.2806 -0.9592
vn -0.3766 0.4540 -0.8075
vn -0.8850 0.4343 -0.1681
vn -0.7188 0.4277 -0.5481
vn -0.9037 0.3554 0.2388
vn -0.7717 0.2049 0.6021
vn -0.5117 0.0087 0.8591
vn -0.1689 -0.1993 0.9653
vn 0.1977 -0.3830 0.9023
vn 0.5246 -0.5108 0.6811
vn 0.7552 -0.5605 0.3399
vn 0.8497 -0.5235 -0.0623
vn 0.7918 -0.4063 -0.4560
vn 0.5915 -0.2290 -0.7731
vn 0.2833 -0.0224 -0.9588
vn -0.0793 0.1778 -0.9809
vn -0.4338 0.3370 -0.8356
vn -0.4658 -0.8645 -0.1888
vn -0.1275 0.9916 0.0236
vn -0.2858 0.9573 -0.0428
vn -0.2715 0.8747 0.4016
vn -0.4121 0.8494 0.3297
vn -0.3711 0.6014 0.7076
vn -0.4720 0.5992 0.6467
vn -0.4080 0.2197 0.8862
vn -0.4547 0.2471 0.8557
vn -0.3756 -0.1998 0.9050
vn -0.3614 -0.1496 0.9203
vn -0.2815 -0.5800 0.7644
vn -0.2058 -0.5250 0.8258
vn -0.1445 -0.8567 0.4952
vn -0.0136 -0.8122 0.5832
vn 0.0112 -0.9891 0.1468
vn 0.1808 -0.9558 0.2319
vn 0.1611 -0.9610 -0.2250
vn 0.3405 -0.9258 -0.1641
vn 0.2822 -0.7765 -0.5633
vn 0.4351 -0.7280 -0.5298
vn 0.3547 -0.4606 -0.8137
vn 0.4489 -0.4021 -0.7980
vn 0.3639 -0.0609 -0.9294
vn 0.3822 -0.0100 -0.9240
vn 0.3057 0.3537 -0.8840
vn 0.2495 0.3794 -0.8910
vn 0.1892 0.7065 -0.6819
vn 0.0744 0.7018 -0.7085
vn 0.0355 0.9323 -0.3599
vn -0.1142 0.9053 -0.4091
vn -0.6696 0.7116 0.2128
vn -0.5677 0.8059 -0.1679
vn -0.6615 0.4986 0.5601
vn -0.5414 0.2003 0.8166
vn -0.3254 -0.1346 0.9360
vn -0.0487 -0.4477 0.8929
vn 0.2389 -0.6824 0.6908
vn 0.4845 -0.7953 0.3644
vn 0.6427 -0.7656 -0.0280
vn 0.6849 -0.5986 -0.4153
vn 0.6045 -0.3250 -0.7273
vn 0.4182 0.0051 -0.9083
vn 0.1624 0.3324 -0.9291
vn -0.1169 0.6009 -0.7907
vn -0.3735 0.7672 -0.5215
vn -0.8363 0.5311 0.1359
vn -0.7492 0.6109 -0.2558
vn -0.7838 0.3596 0.5063
vn -0.5977 0.1229 0.7923
vn -0.3074 -0.1394 0.9413
vn 0.0364 -0.3800 0.9243
vn 0.3717 -0.5549 0.7443
vn 0.6395 -0.6341 0.4347
vn 0.7947 -0.6049 0.0498
vn 0.8109 -0.4724 -0.3453
vn 0.6840 -0.2584 -0.6822
vn 0.4351 -0.0000 -0.9004
vn 0.1091 0.2555 -0.9606
vn -0.2350 0.4627 -0.8548
vn -0.5376 0.5872 -0.6051
vn -0.9018 0.4188 0.1067
vn -0.8182 0.4950 -0.2924
vn -0.8352 0.2605 0.4843
vn -0.6301 0.0472 0.7751
vn -0.3219 -0.1841 0.9287
vn 0.0362 -0.3933 0.9187
vn 0.3821 -0.5444 0.7467
vn 0.6562 -0.6112 0.4425
vn 0.8109 -0.5822 0.0587
vn 0.8196 -0.4623 -0.3384
vn 0.6807 -0.2723 -0.6800
vn 0.4183 -0.0451 -0.9072
vn 0.0778 0.1801 -0.9806
vn -0.2821 0.3643 -0.8875
vn -0.5990 0.4757 -0.6441
vn -0.4925 -0.8301 -0.2614
vn 0.2333 -0.2358 -0.9434
vn -0.0435 -0.5025 -0.8635
vn 0.4791 0.0726 -0.8747
vn 0.6529 0.3770 -0.6570
vn 0.7166 0.6215 -0.3166
vn 0.6513 0.7539 0.0862
vn 0.4682 0.7468 0.4723
vn 0.2040 0.6048 0.7698
vn -0.0942 0.3556 0.9299
vn -0.3763 0.0410 0.9256
vn -0.5920 -0.2853 0.7537
vn -0.6987 -0.5616 0.4432
vn -0.6765 -0.7342 0.0567
vn -0.5370 -0.7767 -0.3292
vn -0.3130 -0.6924 -0.6501
vn 0.1739 -0.1571 -0.9722
vn -0.1197 -0.4312 -0.8943
vn 0.4384 0.1464 -0.8868
vn 0.6281 0.4292 -0.6490
vn 0.7076 0.6412 -0.2969
vn 0.6610 0.7426 0.1079
vn 0.4967 0.7149 0.4922
vn 0.2451 0.5641 0.7885
vn -0.0501 0.3173 0.9470
vn -0.3388 0.0165 0.9407
vn -0.5709 -0.2870 0.7692
vn -0.7046 -0.5393 0.4613
vn -0.7160 -0.6943 0.0726
vn -0.6053 -0.7260 -0.3265
vn -0.3943 -0.6320 -0.6671
vn 0.0871 -0.0586 -0.9945
vn -0.2154 -0.3321 -0.9183
vn 0.3663 0.2335 -0.9007
vn 0.5742 0.4936 -0.6532
vn 0.6746 0.6768 -0.2948
vn 0.6503 0.7513 0.1125
vn 0.5054 0.7044 0.4984
vn 0.2650 0.5440 0.7961
vn -0.0293 0.2980 0.9541
vn -0.3266 0.0089 0.9451
vn -0.5756 -0.2734 0.7707
vn -0.7332 -0.5000 0.4610
vn -0.7721 -0.6317 0.0695
vn -0.6856 -0.6458 -0.3360
vn -0.4887 -0.5398 -0.6854
vn -0.6843 0.7090 -0.1706
vn 0.5625 -0.7887 -0.2481
vn 0.3767 -0.9258 -0.0321
vn 0.7477 -0.5514 -0.3701
vn 0.8942 -0.2555 -0.3676
vn 0.9703 0.0369 -0.2390
vn 0.9640 0.2654 -0.0164
vn 0.8845 0.3935 0.2506
vn 0.7519 0.4107 0.5157
vn 0.5879 0.3217 0.7422
vn 0.4145 0.1394 0.8993
vn 0.2568 -0.1124 0.9599
vn 0.1426 -0.3945 0.9078
vn 0.0948 -0.6565 0.7484
vn 0.1231 -0.8511 0.5104
vn 0.2223 -0.9461 0.2355
vn -0.1286 -0.5755 -0.8076
vn -0.3849 -0.7479 -0.5409
vn 0.1485 -0.3051 -0.9407
vn 0.3991 0.0218 -0.9167
vn 0.5791 0.3516 -0.7355
vn 0.6556 0.6247 -0.4241
vn 0.6138 0.7886 -0.0358
vn 0.4609 0.8116 0.3590
vn 0.2249 0.6896 0.6884
vn -0.0514 0.4459 0.8936
vn -0.3189 0.1264 0.9393
vn -0.5322 -0.2104 0.8200
vn -0.6568 -0.5056 0.5595
vn -0.6726 -0.7111 0.2046
vn -0.5769 -0.7958 -0.1839
vn -0.2470 -0.4340 -0.8664
vn -0.5283 -0.5939 -0.6068
vn 0.0693 -0.1905 -0.9792
vn 0.3661 0.0945 -0.9258
vn 0.5918 0.3716 -0.7153
vn 0.7076 0.5930 -0.3841
vn 0.6934 0.7205 0.0104
vn 0.5517 0.7318 0.4001
vn 0.3069 0.6252 0.7176
vn 0.0014 0.4190 0.9080
vn -0.3120 0.1489 0.9383
vn -0.5791 -0.1384 0.8034
vn -0.7537 -0.3933 0.5265
vn -0.8056 -0.5716 0.1556
vn -0.7259 -0.6426 -0.2453
vn -0.6452 0.7199 -0.2558
vn -0.1930 -0.9354 -0.2962
vn -0.3246 -0.8634 -0.3863
vn 0.0718 -0.8008 -0.5946
vn -0.0568 -0.7414 -0.6686
vn 0.3215 -0.5221 -0.7900
vn 0.2189 -0.4946 -0.8411
vn 0.5112 -0.1483 -0.8466
vn 0.4576 -0.1632 -0.8741
vn 0.6063 0.2515 -0.7544
vn 0.6191 0.1990 -0.7597
vn 0.5918 0.6041 -0.5337
vn 0.6742 0.5311 -0.5133
vn 0.4745 0.8502 -0.2280
vn 0.6091 0.7738 -0.1740
vn 0.2780 0.9544 0.1092
vn 0.4314 0.8799 0.1989
vn 0.0347 0.9045 0.4251
vn 0.1723 0.8268 0.5354
vn -0.2182 0.7082 0.6714
vn -0.1193 0.6245 0.7718
vn -0.4409 0.3925 0.8072
vn -0.3885 0.3133 0.8666
vn -0.5941 0.0055 0.8044
vn -0.5878 -0.0484 0.8076
vn -0.6471 -0.3857 0.6576
vn -0.6854 -0.3974 0.6101
vn -0.5877 -0.7084 0.3908
vn -0.6679 -0.6764 0.3105
vn -0.4265 -0.9030 0.0525
vn -0.5403 -0.8405 -0.0409
vn -0.2663 -0.5440 -0.7957
vn -0.5515 -0.6468 -0.5268
vn 0.0642 -0.3502 -0.9345
vn 0.3873 -0.0962 -0.9169
vn 0.6484 0.1755 -0.7408
vn 0.7993 0.4174 -0.4323
vn 0.8093 0.5856 -0.0447
vn 0.6742 0.6493 0.3519
vn 0.4174 0.5967 0.6854
vn 0.0855 0.4373 0.8953
vn -0.2609 0.2001 0.9444
vn -0.5584 -0.0719 0.8264
vn -0.7550 -0.3304 0.5664
vn -0.8198 -0.5314 0.2134
vn -0.7468 -0.6425 -0.1717
vn -0.3893 -0.3275 -0.8609
vn -0.6892 -0.4124 -0.5958
vn -0.0229 -0.1850 -0.9825
vn 0.3497 -0.0072 -0.9368
vn 0.6628 0.1759 -0.7278
vn 0.8591 0.3308 -0.3905
vn 0.9031 0.4293 0.0142
vn 0.7886 0.4544 0.4144
vn 0.5367 0.4028 0.7415
vn 0.1901 0.2831 0.9401
vn -0.1921 0.1153 0.9746
vn -0.5423 -0.0712 0.8371
vn -0.7974 -0.2423 0.5527
vn -0.9136 -0.3675 0.1741
vn -0.8743 -0.4269 -0.2312
vn -0.4306 -0.2022 -0.8796
vn -0.7380 -0.2825 -0.6129
vn -0.0528 -0.0759 -0.9957
vn 0.3299 0.0745 -0.9411
vn 0.6515 0.2230 -0.7251
vn 0.8563 0.3441 -0.3853
vn 0.9089 0.4166 0.0198
vn 0.8002 0.4281 0.4200
vn 0.5491 0.3766 0.7461
vn 0.1988 0.2711 0.9418
vn -0.1899 0.1296 0.9732
vn -0.5499 -0.0232 0.8349
vn -0.8190 -0.1610 0.5508
vn -0.9505 -0.2599 0.1700
vn -0.9219 -0.3029 -0.2416
vn -0.3480 0.9296 -0.1213
vn -0.2457 -0.8944 -0.3738
vn 0.0426 -0.7790 -0.6256
vn 0.3268 -0.5353 -0.7789
vn 0.5609 -0.1971 -0.8040
vn 0.7012 0.1813 -0.6895
vn 0.7176 0.5311 -0.4506
vn 0.6047 0.7857 -0.1303
vn 0.3833 0.8989 0.2121
vn 0.0935 0.8517 0.5156
vn -0.2142 0.6524 0.7270
vn -0.4846 0.3353 0.8079
vn -0.6675 -0.0416 0.7434
vn -0.7306 -0.4074 0.5480
vn -0.6673 -0.6972 0.2619
vn -0.4952 -0.8665 -0.0627
vn -0.0555 -0.6981 -0.7139
vn -0.3568 -0.8092 -0.4667
vn 0.2562 -0.4705 -0.8444
vn 0.5282 -0.1620 -0.8335
vn 0.7135 0.1764 -0.6781
vn 0.7765 0.4859 -0.4012
vn 0.7023 0.7101 -0.0507
vn 0.5018 0.8076 0.3098
vn 0.2107 0.7602 0.6146
vn -0.1184 0.5765 0.8085
vn -0.4255 0.2902 0.8572
vn -0.6549 -0.0464 0.7543
vn -0.7669 -0.3729 0.5223
vn -0.7460 -0.6337 0.2048
vn -0.6003 -0.7868 -0.1435
vn -0.2009 -0.5202 -0.8301
vn -0.5187 -0.6173 -0.5915
vn 0.1517 -0.3332 -0.9305
vn 0.4800 -0.0854 -0.8731
vn 0.7255 0.1814 -0.6638
vn 0.8426 0.4191 -0.3381
vn 0.8102 0.5843 0.0454
vn 0.6357 0.6486 0.4186
vn 0.3501 0.6021 0.7175
vn 0.0019 0.4527 0.8917
vn -0.3492 0.2251 0.9096
vn -0.6408 -0.0411 0.7666
vn -0.8205 -0.2972 0.4884
vn -0.8581 -0.4977 0.1266
vn -0.7506 -0.6097 -0.2545
vn -0.2585 -0.4089 -0.8752
vn -0.5848 -0.5026 -0.6368
vn 0.1069 -0.2348 -0.9661
vn 0.4482 -0.0104 -0.8939
vn 0.7065 0.2256 -0.6708
vn 0.8370 0.4323 -0.3356
vn 0.8171 0.5739 0.0538
vn 0.6504 0.6261 0.4300
vn 0.3657 0.5797 0.7281
vn 0.0121 0.4429 0.8965
vn -0.3491 0.2391 0.9060
vn -0.6556 0.0038 0.7551
vn -0.8543 -0.2225 0.4698
vn -0.9109 -0.4005 0.0994
vn -0.8155 -0.4996 -0.2920
vn -0.4713 0.8209 -0.3225
vn 0.1323 -0.8858 0.4448
vn -0.0206 -0.9749 0.2217
vn 0.6209 -0.7406 0.2569
vn 0.2302 -0.9707 -0.0692
vn 0.8124 -0.5692 0.1268
vn 0.4489 -0.8308 -0.3291
vn 0.9113 -0.4107 0.0274
vn 0.6352 -0.5821 -0.5076
vn 0.9719 -0.2235 -0.0740
vn 0.7699 -0.2656 -0.5803
vn 0.9741 0.0770 -0.2125
vn 0.8298 0.0775 -0.5527
vn 0.6752 0.6205 -0.3989
vn 0.7775 0.4293 -0.4596
vn -0.1109 0.9184 -0.3797
vn 0.5008 0.7962 -0.3394
vn -0.5682 0.7895 -0.2319
vn 0.0136 0.9934 -0.1136
vn -0.7629 0.6349 -0.1219
vn -0.3482 0.9209 0.1753
vn -0.8663 0.4982 -0.0359
vn -0.5962 0.6958 0.4004
vn -0.9324 0.3585 0.0463
vn -0.7607 0.3828 0.5242
vn -0.9726 0.1829 0.1434
vn -0.8281 0.0172 0.5603
vn -0.9546 -0.0948 0.2823
vn -0.7262 -0.4100 0.5519
vn -0.6674 -0.5786 0.4688
vn -0.3601 -0.8096 0.4635
vn -0.4110 -0.8341 -0.3679
vn -0.6026 -0.7979 -0.0127
vn -0.1507 -0.7321 -0.6644
vn 0.1379 -0.5063 -0.8513
vn 0.4073 -0.1921 -0.8928
vn 0.6092 0.1576 -0.7772
vn 0.7045 0.4808 -0.5220
vn 0.6736 0.7187 -0.1726
vn 0.5212 0.8277 0.2079
vn 0.2749 0.7882 0.5506
vn -0.0200 0.6078 0.7938
vn -0.3089 0.3204 0.8955
vn -0.5400 -0.0212 0.8414
vn -0.6753 -0.3567 0.6455
vn -0.6961 -0.6301 0.3441
vn -0.5683 -0.6660 -0.4832
vn -0.7768 -0.6152 -0.1348
vn -0.2637 -0.6033 -0.7527
vn 0.0875 -0.4344 -0.8964
vn 0.4245 -0.1864 -0.8860
vn 0.6864 0.0972 -0.7207
vn 0.8259 0.3646 -0.4301
vn 0.8197 0.5689 -0.0666
vn 0.6702 0.6759 0.3066
vn 0.4028 0.6673 0.6264
vn 0.0626 0.5435 0.8370
vn -0.2907 0.3254 0.8998
vn -0.5932 0.0526 0.8033
vn -0.7923 -0.2250 0.5671
vn -0.8561 -0.4601 0.2354
vn -0.6256 -0.5611 -0.5420
vn -0.8413 -0.5052 -0.1922
vn -0.3071 -0.5108 -0.8030
vn 0.0591 -0.3627 -0.9300
vn 0.4095 -0.1427 -0.9011
vn 0.6837 0.1114 -0.7212
vn 0.8342 0.3556 -0.4214
vn 0.8350 0.5476 -0.0537
vn 0.6860 0.6542 0.3185
vn 0.4129 0.6571 0.6307
vn 0.0629 0.5557 0.8290
vn -0.3034 0.3675 0.8791
vn -0.6227 0.1251 0.7724
vn -0.8398 -0.1296 0.5272
vn -0.9171 -0.3525 0.1860
vn -0.4605 0.7873 -0.4100
vn -0.2828 -0.9374 -0.2034
vn -0.4103 -0.8623 -0.2967
vn -0.0166 -0.8547 -0.5188
vn -0.1418 -0.7910 -0.5952
vn 0.2504 -0.6184 -0.7449
vn 0.1491 -0.5866 -0.7961
vn 0.4701 -0.2698 -0.8404
vn 0.4146 -0.2822 -0.8652
vn 0.6025 0.1266 -0.7880
vn 0.6105 0.0728 -0.7887
vn 0.6255 0.4977 -0.6009
vn 0.7018 0.4197 -0.5756
vn 0.5396 0.7800 -0.3169
vn 0.6686 0.6971 -0.2590
vn 0.3634 0.9315 0.0135
vn 0.5124 0.8521 0.1063
vn 0.1265 0.9326 0.3381
vn 0.2601 0.8532 0.4520
vn -0.1349 0.7830 0.6073
vn -0.0407 0.7002 0.7128
vn -0.3800 0.5021 0.7769
vn -0.3329 0.4242 0.8421
vn -0.5664 0.1317 0.8136
vn -0.5647 0.0780 0.8216
vn -0.6578 -0.2648 0.7051
vn -0.6984 -0.2773 0.6598
vn -0.6350 -0.6145 0.4682
vn -0.7145 -0.5828 0.3872
vn -0.5018 -0.8526 0.1460
vn -0.6125 -0.7889 0.0498
vn -0.3370 -0.5879 -0.7354
vn -0.6217 -0.6399 -0.4517
vn 0.0047 -0.4379 -0.8990
vn 0.3491 -0.2134 -0.9125
vn 0.6382 0.0486 -0.7683
vn 0.8190 0.3030 -0.4872
vn 0.8556 0.5042 -0.1173
vn 0.7387 0.6156 0.2746
vn 0.4887 0.6167 0.6172
vn 0.1507 0.5073 0.8485
vn -0.2133 0.3076 0.9273
vn -0.5369 0.0538 0.8419
vn -0.7632 -0.2086 0.6116
vn -0.8561 -0.4341 0.2804
vn -0.8049 -0.5859 -0.0942
vn -0.4427 -0.3681 -0.8177
vn -0.7405 -0.4014 -0.5391
vn -0.0691 -0.2706 -0.9602
vn 0.3188 -0.1235 -0.9397
vn 0.6530 0.0489 -0.7558
vn 0.8723 0.2156 -0.4389
vn 0.9371 0.3461 -0.0462
vn 0.8375 0.4176 0.3524
vn 0.5922 0.4187 0.6884
vn 0.2428 0.3491 0.9051
vn -0.1513 0.2201 0.9637
vn -0.5205 0.0540 0.8521
vn -0.7981 -0.1186 0.5907
vn -0.9364 -0.2668 0.2281
vn -0.9148 -0.3660 -0.1707
vn -0.4733 -0.2418 -0.8470
vn -0.7782 -0.2697 -0.5671
vn -0.0898 -0.1610 -0.9829
vn 0.3061 -0.0412 -0.9511
vn 0.6459 0.0970 -0.7573
vn 0.8708 0.2295 -0.4348
vn 0.9419 0.3335 -0.0396
vn 0.8470 0.3910 0.3601
vn 0.6024 0.3921 0.6952
vn 0.2505 0.3365 0.9077
vn -0.1479 0.2340 0.9609
vn -0.5239 0.1021 0.8456
vn -0.8126 -0.0362 0.5817
vn -0.9639 -0.1572 0.2149
vn -0.9518 -0.2397 -0.1915
vn -0.2692 0.9422 -0.1995
vn -0.2252 -0.8742 -0.4301
vn 0.0583 -0.7352 -0.6753
vn 0.3351 -0.4748 -0.8138
vn 0.5604 -0.1297 -0.8180
vn 0.6917 0.2440 -0.6797
vn 0.7007 0.5777 -0.4186
vn 0.5835 0.8080 -0.0818
vn 0.3616 0.8929 0.2684
vn 0.0751 0.8185 0.5696
vn -0.2259 0.5979 0.7691
vn -0.4875 0.2693 0.8305
vn -0.6612 -0.1072 0.7425
vn -0.7162 -0.4611 0.5239
vn -0.6475 -0.7299 0.2192
vn -0.4732 -0.8732 -0.1166
vn -0.0424 -0.6514 -0.7576
vn -0.3391 -0.7862 -0.5167
vn 0.2625 -0.4077 -0.8746
vn 0.5265 -0.0936 -0.8450
vn 0.7041 0.2387 -0.6688
vn 0.7611 0.5310 -0.3726
vn 0.6835 0.7299 -0.0078
vn 0.4831 0.7985 0.3593
vn 0.1953 0.7238 0.6618
vn -0.1277 0.5194 0.8450
vn -0.4270 0.2226 0.8764
vn -0.6484 -0.1124 0.7530
vn -0.7536 -0.4259 0.5007
vn -0.7281 -0.6648 0.1668
vn -0.5809 -0.7911 -0.1915
vn -0.1931 -0.4701 -0.8612
vn -0.5067 -0.5907 -0.6279
vn 0.1540 -0.2679 -0.9511
vn 0.4762 -0.0159 -0.8792
vn 0.7162 0.2430 -0.6542
vn 0.8293 0.4620 -0.3143
vn 0.7953 0.6010 0.0794
vn 0.6216 0.6363 0.4568
vn 0.3394 0.5630 0.7535
vn -0.0037 0.3936 0.9193
vn -0.3487 0.1562 0.9241
vn -0.6344 -0.1075 0.7655
vn -0.8093 -0.3496 0.4721
vn -0.8442 -0.5270 0.0982
vn -0.7365 -0.6112 -0.2900
vn -0.2538 -0.3577 -0.8987
vn -0.5760 -0.4751 -0.6652
vn 0.1064 -0.1686 -0.9799
vn 0.4424 0.0595 -0.8949
vn 0.6959 0.2870 -0.6582
vn 0.8233 0.4748 -0.3109
vn 0.8025 0.5903 0.0870
vn 0.6371 0.6135 0.4667
vn 0.3556 0.5404 0.7626
vn 0.0068 0.3837 0.9234
vn -0.3490 0.1705 0.9215
vn -0.6504 -0.0624 0.7570
vn -0.8452 -0.2747 0.4585
vn -0.8996 -0.4297 0.0776
vn -0.8044 -0.5006 -0.3199
vn -0.4944 0.8275 -0.2661
vn 0.1579 -0.9092 0.3853
vn 0.0058 -0.9875 0.1578
vn 0.6414 -0.7393 0.2049
vn 0.2546 -0.9578 -0.1335
vn 0.8275 -0.5549 0.0853
vn 0.4678 -0.7956 -0.3849
vn 0.9217 -0.3878 -0.0041
vn 0.6465 -0.5311 -0.5477
vn 0.9768 -0.1928 -0.0933
vn 0.7725 -0.2072 -0.6003
vn 0.9704 0.1160 -0.2119
vn 0.8238 0.1348 -0.5507
vn 0.6563 0.6625 -0.3609
vn 0.7631 0.4783 -0.4346
vn -0.1369 0.9380 -0.3184
vn 0.4779 0.8294 -0.2893
vn -0.5898 0.7879 -0.1771
vn -0.0126 0.9987 -0.0486
vn -0.7797 0.6215 -0.0764
vn -0.3705 0.8982 0.2368
vn -0.8790 0.4768 0.0010
vn -0.6112 0.6525 0.4480
vn -0.9409 0.3304 0.0743
vn -0.7667 0.3280 0.5519
vn -0.9760 0.1478 0.1600
vn -0.8245 -0.0409 0.5644
vn -0.9500 -0.1378 0.2804
vn -0.7118 -0.4637 0.5276
vn -0.6492 -0.6250 0.4335
vn -0.3361 -0.8472 0.4115
vn -0.3919 -0.8188 -0.4195
vn -0.5821 -0.8108 -0.0617
vn -0.1364 -0.6909 -0.7099
vn 0.1451 -0.4460 -0.8832
vn 0.4061 -0.1229 -0.9055
vn 0.5997 0.2237 -0.7683
vn 0.6884 0.5319 -0.4931
vn 0.6538 0.7456 -0.1287
vn 0.5012 0.8257 0.2589
vn 0.2583 0.7576 0.5994
vn -0.0302 0.5541 0.8319
vn -0.3109 0.2533 0.9161
vn -0.5336 -0.0900 0.8409
vn -0.6616 -0.4154 0.6243
vn -0.6774 -0.6690 0.3058
vn -0.5543 -0.6477 -0.5227
vn -0.7617 -0.6251 -0.1707
vn -0.2532 -0.5596 -0.7891
vn 0.0925 -0.3728 -0.9233
vn 0.4232 -0.1172 -0.8984
vn 0.6788 0.1617 -0.7163
vn 0.8134 0.4132 -0.4095
vn 0.8044 0.5932 -0.0335
vn 0.6547 0.6717 0.3467
vn 0.3898 0.6354 0.6666
vn 0.0543 0.4894 0.8704
vn -0.2928 0.2584 0.9206
vn -0.5890 -0.0152 0.8080
vn -0.7824 -0.2820 0.5552
vn -0.8424 -0.4965 0.2092
vn -0.6146 -0.5407 -0.5743
vn -0.8294 -0.5133 -0.2205
vn -0.2993 -0.4652 -0.8331
vn 0.0621 -0.2998 -0.9520
vn 0.4070 -0.0730 -0.9105
vn 0.6758 0.1759 -0.7158
vn 0.8220 0.4038 -0.4016
vn 0.8204 0.5714 -0.0221
vn 0.6711 0.6497 0.3570
vn 0.4001 0.6251 0.6701
vn 0.0542 0.5020 0.8632
vn -0.3068 0.3015 0.9028
vn -0.6205 0.0584 0.7820
vn -0.8326 -0.1854 0.5219
vn -0.9065 -0.3876 0.1673
vn -0.4834 0.8000 -0.3555
vn -0.1727 -0.9709 0.1659
vn -0.3406 -0.9232 0.1780
vn -0.2058 -0.9453 -0.2530
vn -0.3586 -0.9050 -0.2290
vn -0.2061 -0.7507 -0.6277
vn -0.3191 -0.7351 -0.5982
vn -0.1733 -0.4209 -0.8904
vn -0.2278 -0.4408 -0.8682
vn -0.1134 -0.0169 -0.9934
vn -0.0985 -0.0692 -0.9927
vn -0.0381 0.3861 -0.9217
vn 0.0478 0.3188 -0.9466
vn 0.0390 0.7182 -0.6947
vn 0.1857 0.6554 -0.7321
vn 0.1052 0.9285 -0.3562
vn 0.2890 0.8774 -0.3830
vn 0.1506 0.9878 0.0386
vn 0.3374 0.9406 0.0376
vn 0.1682 0.8873 0.4294
vn 0.3216 0.8332 0.4499
vn 0.1545 0.6382 0.7542
vn 0.2460 0.5782 0.7779
vn 0.1105 0.2761 0.9547
vn 0.1266 0.2255 0.9660
vn 0.0428 -0.1381 0.9895
vn -0.0145 -0.1618 0.9867
vn -0.0364 -0.5287 0.8480
vn -0.1536 -0.5186 0.8411
vn -0.1128 -0.8237 0.5557
vn -0.2684 -0.7869 0.5556
vn -0.6296 -0.7453 -0.2194
vn -0.6366 -0.7485 0.1858
vn -0.5187 -0.6183 -0.5904
vn -0.3189 -0.3866 -0.8653
vn -0.0606 -0.0872 -0.9943
vn 0.2123 0.2290 -0.9500
vn 0.4498 0.5056 -0.7362
vn 0.6072 0.6924 -0.3898
vn 0.6551 0.7550 0.0269
vn 0.5849 0.6823 0.4386
vn 0.4102 0.4878 0.7706
vn 0.1646 0.2074 0.9643
vn -0.1058 -0.1078 0.9885
vn -0.3538 -0.4026 0.8443
vn -0.5399 -0.6280 0.5604
vn -0.8002 -0.5529 -0.2324
vn -0.8234 -0.5396 0.1758
vn -0.6428 -0.4714 -0.6039
vn -0.3751 -0.3060 -0.8750
vn -0.0416 -0.0836 -0.9956
vn 0.2987 0.1563 -0.9415
vn 0.5845 0.3700 -0.7221
vn 0.7659 0.5201 -0.3780
vn 0.8129 0.5816 0.0308
vn 0.7175 0.5441 0.4350
vn 0.4948 0.4129 0.7646
vn 0.1833 0.2106 0.9603
vn -0.1611 -0.0260 0.9866
vn -0.4766 -0.2539 0.8416
vn -0.7097 -0.4345 0.5545
vn -0.8645 -0.4373 -0.2478
vn -0.8929 -0.4187 0.1656
vn -0.6925 -0.3701 -0.6193
vn -0.4066 -0.2286 -0.8845
vn -0.0563 -0.0374 -0.9977
vn 0.2978 0.1706 -0.9392
vn 0.5946 0.3594 -0.7192
vn 0.7827 0.4962 -0.3757
vn 0.8296 0.5575 0.0319
vn 0.7271 0.5327 0.4331
vn 0.4930 0.4260 0.7586
vn 0.1678 0.2559 0.9520
vn -0.1922 0.0518 0.9800
vn -0.5250 -0.1510 0.8376
vn -0.7728 -0.3174 0.5496
vn -0.4961 0.8652 -0.0730
vn -0.1212 -0.9925 -0.0130
vn -0.2920 -0.9564 -0.0012
vn -0.1391 -0.8957 -0.4223
vn -0.2949 -0.8681 -0.3993
vn -0.1361 -0.6387 -0.7573
vn -0.2509 -0.6344 -0.7312
vn -0.1125 -0.2667 -0.9572
vn -0.1666 -0.2930 -0.9415
vn -0.0728 0.1516 -0.9858
vn -0.0548 0.1009 -0.9934
vn -0.0244 0.5391 -0.8419
vn 0.0663 0.4817 -0.8738
vn 0.0238 0.8299 -0.5575
vn 0.1753 0.7822 -0.5979
vn 0.0639 0.9807 -0.1848
vn 0.2514 0.9446 -0.2110
vn 0.0900 0.9722 0.2160
vn 0.2792 0.9356 0.2161
vn 0.0981 0.8058 0.5840
vn 0.2534 0.7569 0.6024
vn 0.0863 0.5033 0.8598
vn 0.1802 0.4448 0.8773
vn 0.0560 0.1099 0.9924
vn 0.0746 0.0590 0.9955
vn 0.0117 -0.3070 0.9517
vn -0.0440 -0.3327 0.9420
vn -0.0386 -0.6703 0.7411
vn -0.1558 -0.6652 0.7302
vn -0.0857 -0.9130 0.3988
vn -0.2430 -0.8849 0.3973
vn -0.5750 -0.7268 -0.3757
vn -0.5978 -0.8013 0.0220
vn -0.4573 -0.5313 -0.7132
vn -0.2608 -0.2450 -0.9338
vn -0.0158 0.0853 -0.9962
vn 0.2359 0.4025 -0.8845
vn 0.4479 0.6493 -0.6147
vn 0.5800 0.7803 -0.2338
vn 0.6075 0.7714 0.1893
vn 0.5255 0.6242 0.5782
vn 0.3496 0.3657 0.8626
vn 0.1136 0.0434 0.9926
vn -0.1383 -0.2846 0.9486
vn -0.3625 -0.5620 0.7435
vn -0.5235 -0.7435 0.4162
vn -0.7561 -0.5442 -0.3637
vn -0.7962 -0.6038 0.0391
vn -0.5892 -0.3908 -0.7072
vn -0.3213 -0.1669 -0.9322
vn 0.0030 0.0901 -0.9959
vn 0.3260 0.3340 -0.8844
vn 0.5896 0.5205 -0.6176
vn 0.7481 0.6171 -0.2442
vn 0.7751 0.6083 0.1709
vn 0.6661 0.4957 0.5573
vn 0.4387 0.2975 0.8479
vn 0.1322 0.0482 0.9900
vn -0.1983 -0.2068 0.9581
vn -0.4937 -0.4217 0.7605
vn -0.7041 -0.5610 0.4354
vn -0.8265 -0.4311 -0.3620
vn -0.8723 -0.4867 0.0465
vn -0.6441 -0.2911 -0.7074
vn -0.3569 -0.0908 -0.9297
vn -0.0144 0.1352 -0.9907
vn 0.3242 0.3477 -0.8798
vn 0.6003 0.5100 -0.6161
vn 0.7661 0.5941 -0.2452
vn 0.7931 0.5853 0.1686
vn 0.6764 0.4853 0.5540
vn 0.4364 0.3113 0.8442
vn 0.1145 0.0935 0.9890
vn -0.2337 -0.1307 0.9635
vn -0.5479 -0.3222 0.7720
vn -0.7738 -0.4482 0.4476
vn -0.5433 0.8378 0.0530
vn 0.1641 -0.9769 0.1370
vn -0.0048 -0.9832 0.1823
vn 0.0453 -0.9627 -0.2666
vn -0.1051 -0.9714 -0.2128
vn -0.0856 -0.7777 -0.6228
vn -0.1902 -0.7977 -0.5723
vn -0.2051 -0.4538 -0.8672
vn -0.2457 -0.4895 -0.8367
vn -0.2911 -0.0510 -0.9553
vn -0.2612 -0.0961 -0.9605
vn -0.3289 0.3556 -0.8749
vn -0.2331 0.3180 -0.9190
vn -0.3139 0.6953 -0.6466
vn -0.1651 0.6807 -0.7137
vn -0.2508 0.9157 -0.3140
vn -0.0688 0.9237 -0.3768
vn -0.1507 0.9862 0.0687
vn 0.0378 0.9988 0.0309
vn -0.0290 0.8960 0.4432
vn 0.1345 0.8917 0.4322
vn 0.0958 0.6548 0.7498
vn 0.2039 0.6259 0.7528
vn 0.2026 0.2967 0.9332
vn 0.2351 0.2535 0.9383
vn 0.2713 -0.1182 0.9552
vn 0.2244 -0.1584 0.9615
vn 0.2883 -0.5142 0.8077
vn 0.1745 -0.5407 0.8229
vn 0.2502 -0.8184 0.5174
vn 0.0938 -0.8314 0.5478
vn -0.4045 -0.9030 -0.1446
vn -0.3324 -0.9082 0.2541
vn -0.4105 -0.7481 -0.5214
vn -0.3466 -0.4661 -0.8140
vn -0.2206 -0.1017 -0.9700
vn -0.0529 0.2832 -0.9576
vn 0.1261 0.6196 -0.7747
vn 0.2829 0.8458 -0.4524
vn 0.3885 0.9202 -0.0484
vn 0.4238 0.8293 0.3641
vn 0.3831 0.5904 0.7104
vn 0.2757 0.2480 0.9287
vn 0.1231 -0.1351 0.9831
vn -0.0469 -0.4920 0.8693
vn -0.2069 -0.7638 0.6114
vn -0.6244 -0.7726 -0.1150
vn -0.5720 -0.7670 0.2908
vn -0.5733 -0.6465 -0.5034
vn -0.4253 -0.4067 -0.8085
vn -0.2042 -0.0924 -0.9746
vn 0.0513 0.2407 -0.9692
vn 0.2955 0.5321 -0.7934
vn 0.4855 0.7308 -0.4799
vn 0.5891 0.8038 -0.0836
vn 0.5887 0.7387 0.3283
vn 0.4837 0.5453 0.6846
vn 0.2914 0.2568 0.9215
vn 0.0464 -0.0744 0.9961
vn -0.2070 -0.3884 0.8979
vn -0.4250 -0.6321 0.6479
vn -0.7224 -0.6824 -0.1115
vn -0.6754 -0.6734 0.3005
vn -0.6533 -0.5655 -0.5035
vn -0.4800 -0.3428 -0.8076
vn -0.2324 -0.0529 -0.9712
vn 0.0466 0.2541 -0.9661
vn 0.3088 0.5251 -0.7931
vn 0.5088 0.7132 -0.4821
vn 0.6121 0.7860 -0.0870
vn 0.6008 0.7308 0.3240
vn 0.4768 0.5572 0.6798
vn 0.2617 0.2952 0.9189
vn -0.0075 -0.0099 0.9999
vn -0.2841 -0.3054 0.9089
vn -0.5204 -0.5401 0.6615
vn -0.7389 0.6702 0.0696
vn 0.1845 -0.9816 -0.0493
vn 0.0163 -0.9999 -0.0044
vn 0.0601 -0.8950 -0.4420
vn -0.0893 -0.9167 -0.3894
vn -0.0790 -0.6496 -0.7562
vn -0.1825 -0.6808 -0.7093
vn -0.2077 -0.2884 -0.9347
vn -0.2473 -0.3301 -0.9110
vn -0.3026 0.1218 -0.9453
vn -0.2719 0.0791 -0.9591
vn -0.3471 0.5054 -0.7900
vn -0.2512 0.4787 -0.8413
vn -0.3355 0.7968 -0.5025
vn -0.1874 0.7982 -0.5726
vn -0.2723 0.9527 -0.1352
vn -0.0914 0.9761 -0.1971
vn -0.1686 0.9527 0.2530
vn 0.0191 0.9761 0.2164
vn -0.0403 0.7968 0.6029
vn 0.1231 0.7982 0.5897
vn 0.0931 0.5054 0.8579
vn 0.2018 0.4787 0.8545
vn 0.2091 0.1218 0.9703
vn 0.2425 0.0791 0.9669
vn 0.2860 -0.2884 0.9138
vn 0.2400 -0.3301 0.9130
vn 0.3086 -0.6496 0.6948
vn 0.1955 -0.6808 0.7059
vn 0.2725 -0.8950 0.3532
vn 0.1168 -0.9167 0.3821
vn -0.3890 -0.8686 -0.3069
vn -0.3117 -0.9465 0.0833
vn -0.4029 -0.6463 -0.6480
vn -0.3483 -0.3134 -0.8834
vn -0.2314 0.0763 -0.9699
vn -0.0709 0.4556 -0.8874
vn 0.1041 0.7557 -0.6466
vn 0.2608 0.9211 -0.2892
vn 0.3703 0.9211 0.1206
vn 0.4126 0.7557 0.5085
vn 0.3811 0.4556 0.8045
vn 0.2831 0.0763 0.9561
vn 0.1386 -0.3134 0.9395
vn -0.0261 -0.6463 0.7626
vn -0.1842 -0.8686 0.4600
vn -0.6111 -0.7506 -0.2513
vn -0.5534 -0.8197 0.1478
vn -0.5674 -0.5533 -0.6098
vn -0.4281 -0.2578 -0.8662
vn -0.2152 0.0866 -0.9727
vn 0.0340 0.4182 -0.9077
vn 0.2749 0.6768 -0.6829
vn 0.4651 0.8175 -0.3396
vn 0.5725 0.8175 0.0624
vn 0.5788 0.6768 0.4549
vn 0.4821 0.4182 0.7698
vn 0.2985 0.0866 0.9505
vn 0.0609 -0.2578 0.9643
vn -0.1878 -0.5533 0.8115
vn -0.4044 -0.7506 0.5225
vn -0.7107 -0.6648 -0.2302
vn -0.6584 -0.7318 0.1759
vn -0.6489 -0.4754 -0.5940
vn -0.4839 -0.1963 -0.8528
vn -0.2441 0.1242 -0.9618
vn 0.0291 0.4307 -0.9020
vn 0.2883 0.6701 -0.6840
vn 0.4887 0.8012 -0.3452
vn 0.5958 0.8012 0.0556
vn 0.5910 0.6701 0.4491
vn 0.4750 0.4307 0.7674
vn 0.2680 0.1242 0.9554
vn 0.0059 -0.1963 0.9805
vn -0.2663 -0.4754 0.8385
vn -0.5012 -0.6648 0.5539
vn -0.7504 0.6298 0.2005
vn 0.1419 -0.9818 0.1262
vn -0.0216 -0.9818 0.1887
vn -0.0173 -0.9646 -0.2632
vn -0.1615 -0.9676 -0.1942
vn -0.1773 -0.7760 -0.6053
vn -0.2768 -0.7919 -0.5442
vn -0.3095 -0.4487 -0.8384
vn -0.3480 -0.4828 -0.8036
vn -0.3895 -0.0433 -0.9200
vn -0.3619 -0.0895 -0.9279
vn -0.4040 0.3646 -0.8389
vn -0.3147 0.3234 -0.8924
vn -0.3533 0.7043 -0.6157
vn -0.2129 0.6840 -0.6977
vn -0.2484 0.9233 -0.2929
vn -0.0737 0.9244 -0.3742
vn -0.1071 0.9913 0.0770
vn 0.0769 0.9968 0.0199
vn 0.0492 0.8978 0.4376
vn 0.2104 0.8875 0.4099
vn 0.1960 0.6532 0.7314
vn 0.3028 0.6203 0.7236
vn 0.3081 0.2921 0.9054
vn 0.3394 0.2477 0.9075
vn 0.3637 -0.1250 0.9231
vn 0.3162 -0.1635 0.9345
vn 0.3510 -0.5219 0.7774
vn 0.2385 -0.5441 0.8044
vn 0.2723 -0.8254 0.4946
vn 0.1194 -0.8325 0.5410
vn -0.4496 -0.8880 -0.0961
vn -0.3372 -0.8946 0.2932
vn -0.4887 -0.7342 -0.4713
vn -0.4451 -0.4556 -0.7709
vn -0.3228 -0.0966 -0.9415
vn -0.1408 0.2820 -0.9490
vn 0.0681 0.6121 -0.7878
vn 0.2653 0.8334 -0.4849
vn 0.4146 0.9051 -0.0944
vn 0.4887 0.8144 0.3129
vn 0.4752 0.5782 0.6632
vn 0.3785 0.2406 0.8938
vn 0.2186 -0.1365 0.9662
vn 0.0250 -0.4872 0.8729
vn -0.1704 -0.7538 0.6347
vn -0.6605 -0.7495 -0.0449
vn -0.5664 -0.7446 0.3532
vn -0.6451 -0.6266 -0.4374
vn -0.5207 -0.3934 -0.7577
vn -0.3066 -0.0879 -0.9478
vn -0.0399 0.2356 -0.9710
vn 0.2314 0.5184 -0.8232
vn 0.4597 0.7109 -0.5322
vn 0.6060 0.7813 -0.1492
vn 0.6457 0.7176 0.2610
vn 0.5709 0.5293 0.6276
vn 0.3937 0.2488 0.8849
vn 0.1459 -0.0729 0.9866
vn -0.1275 -0.3777 0.9171
vn -0.3787 -0.6140 0.6925
vn -0.7543 -0.6558 -0.0321
vn -0.6648 -0.6472 0.3730
vn -0.7216 -0.5427 -0.4298
vn -0.5726 -0.3275 -0.7516
vn -0.3328 -0.0474 -0.9418
vn -0.0438 0.2491 -0.9675
vn 0.2444 0.5109 -0.8242
vn 0.4820 0.6925 -0.5367
vn 0.6279 0.7627 -0.1548
vn 0.6570 0.7093 0.2556
vn 0.5641 0.5415 0.6234
vn 0.3653 0.2883 0.8851
vn 0.0951 -0.0065 0.9955
vn -0.2000 -0.2918 0.9353
vn -0.4688 -0.5185 0.7151
vn -0.7030 0.6971 0.1406
vn 0.0493 -0.9311 0.3615
vn 0.0459 -0.9208 0.3874
vn -0.1398 -0.9901 0.0151
vn -0.1245 -0.9920 0.0227
vn -0.3082 -0.8927 -0.3287
vn -0.2763 -0.8966 -0.3460
vn -0.4323 -0.6535 -0.6214
vn -0.3838 -0.6464 -0.6594
vn -0.4914 -0.3021 -0.8168
vn -0.4265 -0.2782 -0.8606
vn -0.4709 0.1103 -0.8753
vn -0.3941 0.1438 -0.9078
vn -0.3691 0.5107 -0.7765
vn -0.2924 0.5391 -0.7899
vn -0.2032 0.8205 -0.5343
vn -0.1425 0.8345 -0.5322
vn -0.0049 0.9807 -0.1952
vn 0.0272 0.9824 -0.1850
vn 0.1893 0.9656 0.1780
vn 0.1886 0.9631 0.1922
vn 0.3464 0.7799 0.5212
vn 0.3166 0.7812 0.5380
vn 0.4391 0.4540 0.7753
vn 0.3906 0.4648 0.7946
vn 0.4492 0.0438 0.8923
vn 0.3966 0.0659 0.9156
vn 0.3745 -0.3729 0.8489
vn 0.3317 -0.3449 0.8781
vn 0.2314 -0.7169 0.6577
vn 0.2073 -0.6935 0.6900
vn -0.2609 -0.9635 0.0597
vn -0.1312 -0.8901 0.4365
vn -0.3486 -0.8777 -0.3289
vn -0.3776 -0.6435 -0.6658
vn -0.3402 -0.2967 -0.8923
vn -0.2408 0.1049 -0.9649
vn -0.0970 0.4900 -0.8663
vn 0.0645 0.7882 -0.6121
vn 0.2141 0.9450 -0.2475
vn 0.3246 0.9320 0.1615
vn 0.3767 0.7523 0.5405
vn 0.3627 0.4402 0.8214
vn 0.2876 0.0540 0.9562
vn 0.1662 -0.3379 0.9264
vn 0.0190 -0.6701 0.7420
vn -0.4931 -0.8633 0.1076
vn -0.3833 -0.7810 0.4930
vn -0.5220 -0.7993 -0.2979
vn -0.4636 -0.5962 -0.6555
vn -0.3264 -0.2860 -0.9009
vn -0.1336 0.0767 -0.9881
vn 0.0803 0.4261 -0.9011
vn 0.2774 0.7008 -0.6572
vn 0.4241 0.8547 -0.2995
vn 0.4955 0.8615 0.1113
vn 0.4786 0.7185 0.5046
vn 0.3754 0.4499 0.8104
vn 0.2044 0.1042 0.9733
vn -0.0033 -0.2554 0.9668
vn -0.2107 -0.5672 0.7962
vn -0.6035 -0.7891 0.1148
vn -0.4986 -0.7032 0.5069
vn -0.6137 -0.7319 -0.2960
vn -0.5277 -0.5416 -0.6544
vn -0.3601 -0.2511 -0.8985
vn -0.1400 0.0895 -0.9861
vn 0.0944 0.4213 -0.9020
vn 0.3028 0.6867 -0.6608
vn 0.4491 0.8401 -0.3042
vn 0.5080 0.8548 0.1062
vn 0.4692 0.7283 0.4994
vn 0.3395 0.4825 0.8074
vn 0.1414 0.1599 0.9770
vn -0.0910 -0.1838 0.9787
vn -0.3174 -0.4891 0.8125
vn -0.8242 0.5577 0.0980
vn 0.1785 -0.9769 0.1176
vn 0.0158 -0.9832 0.1817
vn 0.0149 -0.9627 -0.2700
vn -0.1284 -0.9714 -0.1996
vn -0.1554 -0.7777 -0.6092
vn -0.2536 -0.7977 -0.5472
vn -0.3017 -0.4538 -0.8385
vn -0.3386 -0.4895 -0.8036
vn -0.3971 -0.0510 -0.9164
vn -0.3680 -0.0961 -0.9248
vn -0.4256 0.3556 -0.8321
vn -0.3354 0.3180 -0.8868
vn -0.3849 0.6953 -0.6070
vn -0.2446 0.6807 -0.6905
vn -0.2846 0.9157 -0.2837
vn -0.1109 0.9237 -0.3667
vn -0.1420 0.9862 0.0853
vn 0.0410 0.9988 0.0264
vn 0.0212 0.8960 0.4436
vn 0.1824 0.8917 0.4142
vn 0.1798 0.6547 0.7342
vn 0.2876 0.6259 0.7250
vn 0.3066 0.2967 0.9044
vn 0.3395 0.2535 0.9058
vn 0.3774 -0.1182 0.9185
vn 0.3315 -0.1584 0.9301
vn 0.3777 -0.5142 0.7700
vn 0.2663 -0.5407 0.7980
vn 0.3070 -0.8184 0.4858
vn 0.1550 -0.8314 0.5337
vn -0.4182 -0.9030 -0.0980
vn -0.3016 -0.9082 0.2900
vn -0.4667 -0.7481 -0.4717
vn -0.4363 -0.4661 -0.7697
vn -0.3287 -0.1017 -0.9389
vn -0.1607 0.2833 -0.9455
vn 0.0378 0.6196 -0.7840
vn 0.2301 0.8458 -0.4814
vn 0.3806 0.9202 -0.0919
vn 0.4622 0.8293 0.3140
vn 0.4608 0.5904 0.6626
vn 0.3788 0.2480 0.8916
vn 0.2333 -0.1351 0.9630
vn 0.0515 -0.4920 0.8691
vn -0.1365 -0.7638 0.6308
vn -0.6334 -0.7726 -0.0437
vn -0.5355 -0.7670 0.3535
vn -0.6265 -0.6465 -0.4354
vn -0.5139 -0.4067 -0.7553
vn -0.3130 -0.0924 -0.9453
vn -0.0584 0.2407 -0.9688
vn 0.2041 0.5321 -0.8217
vn 0.4282 0.7308 -0.5316
vn 0.5759 0.8038 -0.1495
vn 0.6220 0.7387 0.2597
vn 0.5579 0.5453 0.6257
vn 0.3936 0.2568 0.8827
vn 0.1586 -0.0744 0.9845
vn -0.1043 -0.3884 0.9156
vn -0.3492 -0.6321 0.6918
vn -0.7304 -0.6824 -0.0292
vn -0.6371 -0.6734 0.3749
vn -0.7059 -0.5654 -0.4265
vn -0.5680 -0.3428 -0.7482
vn -0.3405 -0.0529 -0.9387
vn -0.0627 0.2541 -0.9651
vn 0.2173 0.5251 -0.8229
vn 0.4511 0.7132 -0.5365
vn 0.5984 0.7860 -0.1555
vn 0.6335 0.7308 0.2541
vn 0.5505 0.5572 0.6216
vn 0.3637 0.2952 0.8835
vn 0.1055 -0.0099 0.9944
vn -0.1797 -0.3054 0.9351
vn -0.4424 -0.5401 0.7160
vn -0.7263 0.6702 0.1526
vn 0.1726 -0.9816 -0.0818
vn 0.0153 -0.9999 -0.0072
vn -0.0207 -0.8950 -0.4456
vn -0.1581 -0.9167 -0.3669
vn -0.2141 -0.6496 -0.7295
vn -0.3075 -0.6808 -0.6648
vn -0.3730 -0.2884 -0.8819
vn -0.4076 -0.3301 -0.8514
vn -0.4682 0.1218 -0.8752
vn -0.4406 0.0791 -0.8942
vn -0.4840 0.5054 -0.7144
vn -0.3989 0.4787 -0.7821
vn -0.4207 0.7968 -0.4337
vn -0.2876 0.7982 -0.5294
vn -0.2922 0.9527 -0.0838
vn -0.1254 0.9761 -0.1774
vn -0.1202 0.9527 0.2793
vn 0.0579 0.9761 0.2094
vn 0.0692 0.7968 0.6002
vn 0.2275 0.7982 0.5578
vn 0.2464 0.5054 0.8270
vn 0.3527 0.4787 0.8040
vn 0.3808 0.1218 0.9166
vn 0.4130 0.0791 0.9073
vn 0.4462 -0.2884 0.8472
vn 0.4008 -0.3301 0.8547
vn 0.4290 -0.6496 0.6277
vn 0.3197 -0.6808 0.6590
vn 0.3318 -0.8950 0.2982
vn 0.1838 -0.9167 0.3547
vn -0.4380 -0.8686 -0.2316
vn -0.2915 -0.9465 0.1381
vn -0.5133 -0.6463 -0.5647
vn -0.5021 -0.3134 -0.8061
vn -0.4026 0.0763 -0.9122
vn -0.2299 0.4556 -0.8600
vn -0.0143 0.7557 -0.6547
vn 0.2043 0.9211 -0.3315
vn 0.3860 0.9211 0.0518
vn 0.4977 0.7557 0.4257
vn 0.5200 0.4556 0.7225
vn 0.4510 0.0763 0.8893
vn 0.3059 -0.3134 0.8990
vn 0.1119 -0.6463 0.7548
vn -0.0982 -0.8686 0.4857
vn -0.6464 -0.7506 -0.1369
vn -0.5176 -0.8197 0.2453
vn -0.6682 -0.5533 -0.4974
vn -0.5774 -0.2578 -0.7747
vn -0.3872 0.0866 -0.9179
vn -0.1304 0.4182 -0.8989
vn 0.1471 0.6768 -0.7213
vn 0.3962 0.8175 -0.4179
vn 0.5743 0.8175 -0.0419
vn 0.6514 0.6768 0.3429
vn 0.6131 0.4182 0.6702
vn 0.4651 0.0866 0.8810
vn 0.2339 -0.2578 0.9375
vn -0.0382 -0.5533 0.8321
vn -0.3034 -0.7506 0.5869
vn -0.7405 -0.6648 -0.0981
vn -0.6159 -0.7318 0.2918
vn -0.7455 -0.4754 -0.4672
vn -0.6299 -0.1963 -0.7515
vn -0.4136 0.1242 -0.9019
vn -0.1342 0.4307 -0.8925
vn 0.1601 0.6701 -0.7248
vn 0.4184 0.8012 -0.4278
vn 0.5960 0.8012 -0.0529
vn 0.6623 0.6701 0.3351
vn 0.6057 0.4307 0.6691
vn 0.4361 0.1242 0.8913
vn 0.1827 -0.1963 0.9634
vn -0.1106 -0.4754 0.8728
vn -0.3930 -0.6648 0.6353
vn -0.7021 0.6297 0.3325
vn 0.1706 -0.9835 0.0603
vn 0.0151 -0.9900 0.1403
vn -0.0310 -0.9510 -0.3078
vn -0.1666 -0.9603 -0.2236
vn -0.2311 -0.7495 -0.6203
vn -0.3229 -0.7705 -0.5495
vn -0.3935 -0.4143 -0.8207
vn -0.4274 -0.4509 -0.7836
vn -0.4885 -0.0073 -0.8725
vn -0.4613 -0.0525 -0.8857
vn -0.5005 0.3959 -0.7699
vn -0.4170 0.3592 -0.8349
vn -0.4307 0.7254 -0.5369
vn -0.2999 0.7121 -0.6348
vn -0.2941 0.9308 -0.2170
vn -0.1295 0.9396 -0.3168
vn -0.1136 0.9839 0.1380
vn 0.0627 0.9961 0.0614
vn 0.0832 0.8765 0.4741
vn 0.2405 0.8711 0.4283
vn 0.2656 0.6212 0.7372
vn 0.3714 0.5911 0.7160
vn 0.4020 0.2546 0.8795
vn 0.4341 0.2109 0.8758
vn 0.4659 -0.1616 0.8700
vn 0.4206 -0.2015 0.8846
vn 0.4435 -0.5511 0.7068
vn 0.3350 -0.5770 0.7449
vn 0.3386 -0.8422 0.4195
vn 0.1920 -0.8549 0.4820
vn -0.4433 -0.8918 -0.0904
vn -0.2882 -0.9147 0.2833
vn -0.5263 -0.7209 -0.4509
vn -0.5207 -0.4274 -0.7391
vn -0.4238 -0.0580 -0.9039
vn -0.2499 0.3243 -0.9124
vn -0.0296 0.6507 -0.7588
vn 0.1966 0.8612 -0.4687
vn 0.3871 0.9173 -0.0939
vn 0.5074 0.8086 0.2977
vn 0.5367 0.5556 0.6350
vn 0.4716 0.2054 0.8576
vn 0.3268 -0.1781 0.9282
vn 0.1295 -0.5280 0.8393
vn -0.0868 -0.7869 0.6109
vn -0.6494 -0.7604 -0.0094
vn -0.5117 -0.7727 0.3756
vn -0.6796 -0.6185 -0.3946
vn -0.5953 -0.3675 -0.7146
vn -0.4085 -0.0487 -0.9114
vn -0.1513 0.2812 -0.9477
vn 0.1303 0.5623 -0.8166
vn 0.3863 0.7454 -0.5432
vn 0.5732 0.8004 -0.1756
vn 0.6592 0.7178 0.2240
vn 0.6286 0.5106 0.5867
vn 0.4856 0.2143 0.8475
vn 0.2557 -0.1172 0.9596
vn -0.0188 -0.4241 0.9054
vn -0.2896 -0.6546 0.6983
vn -0.7426 -0.6694 0.0183
vn -0.6089 -0.6785 0.4109
vn -0.7562 -0.5367 -0.3744
vn -0.6472 -0.3031 -0.6995
vn -0.4345 -0.0091 -0.9006
vn -0.1550 0.2945 -0.9430
vn 0.1432 0.5551 -0.8194
vn 0.4083 0.7277 -0.5511
vn 0.5946 0.7825 -0.1845
vn 0.6699 0.7100 0.2169
vn 0.6211 0.5227 0.5839
vn 0.4567 0.2531 0.8528
vn 0.2051 -0.0524 0.9773
vn -0.0902 -0.3408 0.9358
vn -0.3781 -0.5622 0.7355
vn -0.6940 0.6745 0.2520
vn 0.1632 -0.9855 0.0472
vn 0.0145 -0.9902 0.1392
vn -0.0664 -0.9504 -0.3040
vn -0.1950 -0.9582 -0.2093
vn -0.2880 -0.7465 -0.5999
vn -0.3742 -0.7664 -0.5220
vn -0.4617 -0.4093 -0.7870
vn -0.4930 -0.4455 -0.7473
vn -0.5557 -0.0012 -0.8314
vn -0.5302 -0.0466 -0.8466
vn -0.5548 0.4021 -0.7283
vn -0.4772 0.3645 -0.7997
vn -0.4631 0.7307 -0.5017
vn -0.3405 0.7159 -0.6095
vn -0.2993 0.9343 -0.1936
vn -0.1430 0.9412 -0.3061
vn -0.0908 0.9851 0.1461
vn 0.0791 0.9953 0.0558
vn 0.1306 0.8753 0.4656
vn 0.2837 0.8680 0.4076
vn 0.3301 0.6177 0.7138
vn 0.4335 0.5864 0.6843
vn 0.4730 0.2495 0.8450
vn 0.5041 0.2054 0.8389
vn 0.5310 -0.1674 0.8307
vn 0.4865 -0.2068 0.8488
vn 0.4912 -0.5566 0.6700
vn 0.3858 -0.5813 0.7164
vn 0.3607 -0.8463 0.3920
vn 0.2193 -0.8573 0.4658
vn -0.4595 -0.8865 -0.0549
vn -0.2758 -0.9114 0.3055
vn -0.5686 -0.7145 -0.4077
vn -0.5823 -0.4209 -0.6956
vn -0.4943 -0.0526 -0.8677
vn -0.3171 0.3276 -0.8900
vn -0.0815 0.6513 -0.7544
vn 0.1692 0.8591 -0.4831
vn 0.3892 0.9127 -0.1245
vn 0.5388 0.8025 0.2565
vn 0.5915 0.5490 0.5906
vn 0.5400 0.1994 0.8177
vn 0.3967 -0.1824 0.8997
vn 0.1890 -0.5299 0.8268
vn -0.0477 -0.7861 0.6162
vn -0.6570 -0.7527 0.0421
vn -0.4896 -0.7668 0.4151
vn -0.7158 -0.6102 -0.3395
vn -0.6539 -0.3601 -0.6653
vn -0.4796 -0.0435 -0.8764
vn -0.2221 0.2834 -0.9329
vn 0.0722 0.5611 -0.8246
vn 0.3511 0.7411 -0.5723
vn 0.5670 0.7937 -0.2205
vn 0.6832 0.7099 0.1711
vn 0.6788 0.5029 0.5351
vn 0.5533 0.2082 0.8066
vn 0.3291 -0.1206 0.9366
vn 0.0475 -0.4243 0.9043
vn -0.2415 -0.6515 0.7192
vn -0.7467 -0.6607 0.0770
vn -0.5826 -0.6715 0.4579
vn -0.7896 -0.5275 -0.3135
vn -0.7038 -0.2951 -0.6462
vn -0.5042 -0.0036 -0.8636
vn -0.2252 0.2967 -0.9280
vn 0.0847 0.5537 -0.8284
vn 0.3722 0.7231 -0.5819
vn 0.5874 0.7756 -0.2311
vn 0.6932 0.7020 0.1632
vn 0.6713 0.5151 0.5329
vn 0.5254 0.2473 0.8141
vn 0.2808 -0.0552 0.9582
vn -0.0203 -0.3401 0.9402
vn -0.3256 -0.5581 0.7632
vn -0.6641 0.6824 0.3055
vn -0.4235 -0.6099 0.6698
vn 0.4073 0.6099 0.6798
vn -0.4130 -0.6216 -0.6656
vn 0.4306 0.6006 -0.6737
vn -0.1655 -0.7242 0.6694
vn 0.1523 0.6673 0.7291
vn -0.1655 -0.7242 -0.6694
vn 0.1523 0.6673 -0.7291
vn -0.2189 -0.7763 -0.5911
vn -0.4985 -0.4161 0.7605
vn 0.2089 0.7672 0.6064
vn 0.5126 0.4696 -0.7188
vn 0.5373 -0.8401 0.0746
vn -0.5869 -0.0334 0.8090
vn -0.4438 0.8953 -0.0387
vn 0.3076 0.2255 -0.9244
vn 0.8182 -0.2563 0.5146
vn -0.5168 0.2089 0.8302
vn -0.7414 0.4712 -0.4777
vn 0.5403 0.0066 -0.8414
vn 0.6169 0.6648 0.4212
vn -0.3566 0.7442 0.5648
vn -0.5077 0.7823 -0.3609
vn 0.4245 0.7065 -0.5663
vn 0.3075 -0.9240 0.2274
vn -0.2863 -0.8975 0.3354
vn -0.3937 -0.8820 -0.2589
vn 0.2001 -0.9085 -0.3669
vn -0.5583 -0.8296 0.0043
vn -0.0219 0.0014 0.9998
vn 0.5731 0.8195 0.0011
vn 0.0055 -0.0107 -0.9999
vn -0.2855 -0.6854 -0.6698
vn 0.2742 0.6470 -0.7115
vn -0.0115 -0.0501 -0.9987
vn -0.2228 -0.9749 -0.0000
vn 0.2225 0.9749 -0.0000
vn -0.0115 -0.0501 0.9987
vn -0.2855 -0.6854 0.6698
vn 0.2742 0.6470 0.7115
vn -0.5200 -0.8435 0.1343
vn -0.1961 0.2354 0.9519
vn 0.4941 0.8656 -0.0811
vn 0.2246 -0.2169 -0.9500
vn -0.3779 -0.6440 -0.6652
vn 0.4832 0.5548 -0.6773
vn 0.3620 0.6398 0.6780
vn -0.4594 -0.5452 0.7012
vn 0.1451 -0.7734 0.6171
vn -0.6438 0.6313 0.4325
vn -0.1175 0.8174 -0.5640
vn 0.6780 -0.5745 -0.4585
vn 0.4795 0.3691 -0.7962
vn -0.0405 0.9320 0.3603
vn -0.5348 -0.2165 0.8168
vn 0.0818 -0.9352 -0.3444
vn 0.2789 -0.1158 0.9533
vn -0.8853 0.4384 0.1552
vn -0.2424 0.3234 -0.9147
vn 0.9593 -0.2419 -0.1461
vn 0.4352 -0.0034 -0.9003
vn -0.7262 0.5845 -0.3619
vn -0.4997 0.0628 0.8639
vn 0.7730 -0.5048 0.3842
vn 0.1528 0.6866 0.7108
vn -0.6242 0.7705 0.1294
vn -0.0941 0.7461 -0.6591
vn 0.7462 0.6547 -0.1207
vn 0.7912 0.2867 0.5402
vn 0.5211 0.4365 -0.7334
vn -0.5929 0.6915 -0.4127
vn -0.4434 0.5743 0.6881
vn 0.0242 -0.9320 0.3616
vn -0.4214 -0.9054 0.0526
vn -0.1123 -0.9124 -0.3937
vn 0.3333 -0.9390 -0.0847
vn 0.5655 -0.0728 -0.8216
vn -0.8221 -0.0109 -0.5692
vn -0.5712 -0.0471 0.8195
vn 0.8164 -0.1089 0.5671
vn 0.0872 -0.0527 -0.9948
vn -0.0319 -0.0357 -0.9989
vn 0.2828 0.9191 -0.2745
vn -0.0319 -0.0357 0.9989
vn -0.3700 -0.9291 -0.0000
vn 0.4001 0.9165 -0.0000
vn -0.0700 0.0650 0.9954
vn 0.5770 0.8167 -0.0084
vn -0.5773 -0.8158 0.0351
vn -0.3666 0.4850 -0.7940
vn -0.3234 -0.8881 0.3266
vn 0.4050 -0.4586 -0.7910
vn -0.3708 0.5012 0.7818
vn 0.9488 0.2734 -0.1582
vn 0.3606 -0.4068 0.8394
vn 0.8807 -0.4359 -0.1856
vn -0.8489 0.5017 0.1662
vn -0.1799 -0.0228 -0.9834
vn -0.7289 0.6691 0.1449
vn -0.1378 0.5932 -0.7931
vn 0.1915 0.3885 0.9013
vn -0.0477 -0.9987 -0.0174
vn 0.1752 -0.0740 0.9817
vn 0.9795 -0.0922 -0.1794
vn -0.9841 -0.0046 0.1777
vn -0.5749 -0.5826 0.5745
vn -0.6611 0.3564 0.6602
vn -0.5749 -0.5826 -0.5745
vn -0.6611 0.3564 -0.6602
vn 0.5739 -0.5838 0.5743
vn 0.6658 0.3345 0.6669
vn 0.5739 -0.5838 -0.5743
vn 0.6658 0.3345 -0.6669
vn -0.3866 0.8345 0.3926
vn -0.3866 0.8345 -0.3926
vn 0.4129 0.8151 -0.4064
vn 0.4129 0.8151 0.4064
vn -0.7033 -0.7109 -0.0000
vn -0.7048 -0.0914 0.7035
vn -0.9346 0.3557 -0.0000
vn -0.7048 -0.0914 -0.7035
vn -0.0002 -0.7115 -0.7027
vn -0.0009 0.3401 -0.9404
vn 0.7030 -0.0998 -0.7042
vn 0.7021 -0.7120 -0.0000
vn 0.9461 0.3238 -0.0000
vn 0.7029 -0.0998 0.7042
vn -0.0002 -0.7115 0.7027
vn -0.0009 0.3401 0.9404
vn -0.4576 0.8892 -0.0000
vn 0.0048 0.8798 -0.4754
vn 0.4938 0.8696 -0.0000
vn 0.0048 0.8798 0.4754
vn 0.5351 0.6557 -0.5326
vn 0.5351 0.6557 0.5326
vn -0.5157 0.6821 0.5184
vn -0.5157 0.6821 -0.5184
vn -0.9959 -0.0904 -0.0000
vn -0.0010 -0.0963 -0.9954
vn 0.9948 -0.1022 -0.0000
vn -0.0010 -0.0963 0.9954
vn -0.0000 -1.0000 -0.0000
vn 0.7687 0.6396 -0.0000
vn 0.0180 0.9998 -0.0000
vn -0.7338 0.6793 -0.0000
vn 0.0021 0.6602 0.7511
vn 0.0021 0.6602 -0.7511
vn 0.0318 -0.8852 0.4642
vn -0.1286 0.8824 0.4525
vn 0.0498 -0.8853 -0.4623
vn -0.1117 0.8849 -0.4522
vn 0.1304 -0.9519 0.2774
vn -0.0200 0.9605 0.2775
vn 0.1369 -0.9513 -0.2762
vn -0.0135 0.9608 -0.2768
vn 0.4586 -0.6615 -0.5934
vn 0.4330 -0.6746 0.5978
vn -0.4507 0.7102 0.5409
vn -0.4297 0.7173 -0.5485
vn 0.7602 -0.3481 -0.5485
vn 0.7599 -0.3490 0.5484
vn -0.7663 0.3418 0.5440
vn -0.7655 0.3426 -0.5446
vn 0.6445 -0.4915 -0.5857
vn 0.6445 -0.4915 0.5857
vn -0.7772 0.2303 0.5856
vn -0.7772 0.2303 -0.5856
vn 0.0883 -0.9961 0.0008
vn -0.1208 -0.0068 0.9927
vn -0.0949 0.9955 0.0007
vn -0.0836 -0.0052 -0.9965
vn 0.0638 -0.9356 -0.3472
vn -0.0858 0.9350 -0.3440
vn 0.5218 0.0384 -0.8522
vn 0.2086 -0.9780 -0.0002
vn 0.0554 0.9985 -0.0002
vn 0.5079 0.0375 0.8606
vn 0.0537 -0.9359 0.3482
vn -0.0956 0.9340 0.3443
vn 0.5516 -0.8341 -0.0007
vn -0.1110 0.0607 0.9920
vn -0.5172 0.8559 -0.0015
vn -0.0679 0.0725 -0.9951
vn 0.1561 -0.8055 -0.5717
vn -0.1671 0.8217 -0.5449
vn -0.1923 0.8172 0.5434
vn 0.1257 -0.8085 0.5748
vn 0.9154 -0.4025 -0.0001
vn -0.0053 -0.0225 0.9997
vn -0.9064 0.4224 -0.0001
vn -0.0039 -0.0210 -0.9998
vn -0.7055 0.4852 -0.5166
vn -0.7136 0.4796 0.5106
vn 0.7080 -0.4480 0.5460
vn 0.7130 -0.4406 -0.5454
vn 0.7039 -0.7103 -0.0000
vn -0.2055 -0.4007 0.8929
vn -0.9878 0.1557 -0.0000
vn -0.2055 -0.4007 -0.8929
vn 0.7083 -0.3974 -0.5835
vn -0.7504 0.3089 -0.5843
vn -0.7504 0.3089 0.5843
vn 0.7083 -0.3974 0.5835
vn -0.0247 0.0288 -0.9993
vn -0.0409 -0.0037 -0.9992
vn 0.9970 0.0768 0.0067
vn -0.0669 -0.0052 0.9977
vn 0.0912 -0.9958 0.0003
vn -0.0693 0.9976 0.0002
vn -0.8226 0.5686 -0.0009
vn -0.0757 0.0242 0.9968
vn -0.1969 0.9804 0.0005
vn 0.1924 -0.9813 0.0010
vn -0.0294 -0.0639 -0.9975
vn 0.8557 -0.5175 -0.0007
vn -0.0643 0.0064 -0.9979
vn -0.0804 -0.0030 0.9968
vn -0.4576 -0.8891 -0.0000
vn -0.0294 -0.0639 0.9975
vn -0.9146 0.4044 -0.0000
vn 0.8830 -0.4693 -0.0000
vt 0.390087 0.790473
vt 0.390077 0.775761
vt 0.392179 0.807338
vt 0.388138 0.767108
vt 0.385516 0.777687
vt 0.389459 0.801555
vt 0.398965 0.867804
vt 0.390453 0.858158
vt 0.397751 0.881662
vt 0.399225 0.881201
vt 0.395063 0.864836
vt 0.443737 0.473281
vt 0.441002 0.462642
vt 0.442769 0.443476
vt 0.386855 0.791959
vt 0.397565 0.862282
vt 0.390237 0.864205
vt 0.389211 0.835244
vt 0.396513 0.858271
vt 0.390783 0.847952
vt 0.401187 0.865386
vt 0.399703 0.859182
vt 0.397100 0.877299
vt 0.392924 0.876856
vt 0.440494 0.434624
vt 0.441890 0.422341
vt 0.439781 0.474932
vt 0.445846 0.502864
vt 0.443093 0.503741
vt 0.445348 0.429550
vt 0.448631 0.478073
vt 0.447994 0.439421
vt 0.449816 0.463086
vt 0.395722 0.861899
vt 0.398808 0.877182
vt 0.392886 0.876266
vt 0.444758 0.518090
vt 0.387799 0.843146
vt 0.393812 0.855741
vt 0.383661 0.843929
vt 0.395858 0.855107
vt 0.392286 0.871990
vt 0.397863 0.871135
vt 0.439956 0.415117
vt 0.435340 0.398981
vt 0.436347 0.394821
vt 0.439341 0.397499
vt 0.439197 0.419024
vt 0.446261 0.530289
vt 0.442317 0.529183
vt 0.441450 0.507311
vt 0.446169 0.410670
vt 0.453260 0.426451
vt 0.453858 0.486157
vt 0.452359 0.510931
vt 0.455834 0.456513
vt 0.382127 0.316574
vt 0.379575 0.319771
vt 0.372450 0.313519
vt 0.392700 0.329180
vt 0.432592 0.381564
vt 0.437730 0.382729
vt 0.440704 0.563013
vt 0.439161 0.541418
vt 0.442688 0.385945
vt 0.452262 0.537771
vt 0.462643 0.490954
vt 0.464089 0.451844
vt 0.372811 0.861973
vt 0.378654 0.848439
vt 0.387471 0.866269
vt 0.388130 0.858552
vt 0.384718 0.853505
vt 0.398106 0.339212
vt 0.388780 0.335188
vt 0.389666 0.332968
vt 0.393089 0.339390
vt 0.390139 0.338390
vt 0.391849 0.338028
vt 0.403240 0.342069
vt 0.399348 0.331668
vt 0.404505 0.335020
vt 0.408937 0.339279
vt 0.409621 0.342175
vt 0.430057 0.379493
vt 0.426574 0.363655
vt 0.431757 0.368877
vt 0.434197 0.571275
vt 0.436021 0.589381
vt 0.439086 0.495012
vt 0.447456 0.584012
vt 0.455104 0.556317
vt 0.449633 0.397863
vt 0.457066 0.413751
vt 0.460721 0.512668
vt 0.465916 0.438658
vt 0.375336 0.305638
vt 0.362175 0.307570
vt 0.465992 0.468824
vt 0.398525 0.331361
vt 0.395295 0.336515
vt 0.394316 0.334748
vt 0.396585 0.321374
vt 0.392942 0.329042
vt 0.376246 0.847416
vt 0.362093 0.846706
vt 0.385010 0.865010
vt 0.404475 0.331713
vt 0.415615 0.341444
vt 0.418172 0.348188
vt 0.416077 0.356545
vt 0.431532 0.635886
vt 0.417731 0.663268
vt 0.420688 0.608618
vt 0.427986 0.676807
vt 0.425210 0.351908
vt 0.423957 0.366784
vt 0.421289 0.547745
vt 0.430637 0.516818
vt 0.446718 0.612700
vt 0.438221 0.372184
vt 0.461109 0.529301
vt 0.464617 0.411150
vt 0.473478 0.445301
vt 0.470735 0.471328
vt 0.395853 0.844917
vt 0.397911 0.857931
vt 0.394637 0.855233
vt 0.396401 0.840643
vt 0.399276 0.326066
vt 0.362732 0.843131
vt 0.380052 0.870382
vt 0.382439 0.858028
vt 0.403556 0.343464
vt 0.392273 0.333245
vt 0.412823 0.685741
vt 0.409541 0.601277
vt 0.427249 0.709258
vt 0.410907 0.743929
vt 0.403921 0.327658
vt 0.414058 0.332231
vt 0.434513 0.375741
vt 0.447668 0.637692
vt 0.433675 0.357912
vt 0.441831 0.369271
vt 0.465845 0.609745
vt 0.448220 0.384084
vt 0.453751 0.391232
vt 0.460076 0.397949
vt 0.461943 0.560457
vt 0.468919 0.493867
vt 0.466189 0.514019
vt 0.395477 0.337569
vt 0.390902 0.338985
vt 0.391026 0.331493
vt 0.395432 0.334610
vt 0.468849 0.425558
vt 0.396788 0.323204
vt 0.391994 0.319575
vt 0.400463 0.324134
vt 0.364740 0.861082
vt 0.344881 0.849435
vt 0.345567 0.863346
vt 0.372644 0.851560
vt 0.401930 0.647628
vt 0.397871 0.721528
vt 0.380891 0.711936
vt 0.382145 0.763727
vt 0.400842 0.795866
vt 0.382590 0.326230
vt 0.411433 0.784981
vt 0.397167 0.326387
vt 0.391142 0.328895
vt 0.435556 0.748661
vt 0.426808 0.341165
vt 0.447540 0.727147
vt 0.438659 0.399546
vt 0.437238 0.414084
vt 0.431856 0.395360
vt 0.435860 0.447300
vt 0.427759 0.445729
vt 0.434417 0.479428
vt 0.430373 0.492141
vt 0.429099 0.464429
vt 0.461661 0.664344
vt 0.474255 0.583879
vt 0.476862 0.533296
vt 0.476313 0.549232
vt 0.477177 0.506801
vt 0.476501 0.421316
vt 0.394696 0.319178
vt 0.393293 0.323317
vt 0.400668 0.325104
vt 0.342098 0.845122
vt 0.356646 0.840593
vt 0.372577 0.845477
vt 0.368427 0.654706
vt 0.368831 0.699308
vt 0.386288 0.865137
vt 0.377983 0.870747
vt 0.387265 0.868416
vt 0.378842 0.790694
vt 0.390893 0.830607
vt 0.385769 0.322240
vt 0.386410 0.326215
vt 0.381919 0.324868
vt 0.390375 0.620215
vt 0.407685 0.840153
vt 0.392157 0.324549
vt 0.390368 0.322900
vt 0.421206 0.806885
vt 0.397140 0.549293
vt 0.417455 0.493775
vt 0.426797 0.489312
vt 0.415069 0.327619
vt 0.429235 0.338856
vt 0.421149 0.436602
vt 0.432233 0.365057
vt 0.436468 0.351382
vt 0.441185 0.370285
vt 0.469339 0.685864
vt 0.449576 0.392086
vt 0.444381 0.393231
vt 0.448696 0.375900
vt 0.459210 0.389203
vt 0.455506 0.393430
vt 0.462898 0.386207
vt 0.469739 0.393133
vt 0.473442 0.635391
vt 0.479396 0.395944
vt 0.482929 0.477185
vt 0.399975 0.320852
vt 0.396411 0.333540
vt 0.478630 0.442163
vt 0.484003 0.424760
vt 0.354508 0.665298
vt 0.339150 0.724924
vt 0.356644 0.702250
vt 0.359061 0.843993
vt 0.365969 0.878365
vt 0.369244 0.876876
vt 0.389407 0.872259
vt 0.385113 0.839072
vt 0.374978 0.834930
vt 0.398222 0.851310
vt 0.385785 0.879602
vt 0.395223 0.320403
vt 0.382345 0.320178
vt 0.405611 0.503173
vt 0.432600 0.834831
vt 0.411139 0.449096
vt 0.454701 0.777201
vt 0.440981 0.385363
vt 0.457030 0.747379
vt 0.473262 0.721908
vt 0.455874 0.358511
vt 0.479739 0.685914
vt 0.490758 0.632182
vt 0.493478 0.555006
vt 0.493802 0.519512
vt 0.393137 0.319129
vt 0.397568 0.321093
vt 0.487190 0.434444
vt 0.329269 0.855785
vt 0.341390 0.873709
vt 0.322204 0.873233
vt 0.339000 0.852690
vt 0.338976 0.674202
vt 0.349665 0.798480
vt 0.344130 0.766135
vt 0.365023 0.616905
vt 0.363224 0.842264
vt 0.359438 0.888487
vt 0.387793 0.584672
vt 0.397336 0.494829
vt 0.408957 0.426889
vt 0.420598 0.409306
vt 0.415946 0.385051
vt 0.427556 0.384102
vt 0.424997 0.351823
vt 0.445320 0.349987
vt 0.470887 0.355367
vt 0.491230 0.675526
vt 0.493886 0.587311
vt 0.397243 0.325770
vt 0.393825 0.319394
vt 0.329612 0.725735
vt 0.334490 0.708522
vt 0.328006 0.765596
vt 0.330586 0.805208
vt 0.326898 0.854730
vt 0.347354 0.842087
vt 0.337078 0.621035
vt 0.361282 0.562174
vt 0.374066 0.494908
vt 0.382695 0.424593
vt 0.413423 0.881262
vt 0.390921 0.400479
vt 0.396654 0.387515
vt 0.413803 0.372712
vt 0.410680 0.355298
vt 0.411240 0.338427
vt 0.430990 0.339737
vt 0.464476 0.817326
vt 0.473791 0.778861
vt 0.498576 0.396889
vt 0.496702 0.493060
vt 0.494833 0.432194
vt 0.499517 0.460736
vt 0.308729 0.760531
vt 0.318612 0.738037
vt 0.315712 0.784852
vt 0.314982 0.802250
vt 0.317457 0.689321
vt 0.319837 0.717471
vt 0.325598 0.825435
vt 0.329352 0.844733
vt 0.360833 0.423957
vt 0.354639 0.498960
vt 0.338730 0.435879
vt 0.345143 0.531932
vt 0.343757 0.571084
vt 0.351723 0.398405
vt 0.383189 0.382656
vt 0.379073 0.897339
vt 0.396690 0.904856
vt 0.421846 0.344386
vt 0.399783 0.338493
vt 0.392663 0.324765
vt 0.421997 0.337697
vt 0.409167 0.327391
vt 0.460924 0.870239
vt 0.440112 0.330773
vt 0.455781 0.338660
vt 0.486716 0.770551
vt 0.486374 0.713715
vt 0.490487 0.371308
vt 0.503251 0.648451
vt 0.306783 0.648314
vt 0.315799 0.622644
vt 0.310923 0.728498
vt 0.315114 0.735474
vt 0.318769 0.852877
vt 0.317536 0.429501
vt 0.317333 0.445525
vt 0.320214 0.509727
vt 0.322595 0.552394
vt 0.328056 0.420078
vt 0.337564 0.366638
vt 0.319244 0.377932
vt 0.353161 0.361753
vt 0.371755 0.365734
vt 0.395831 0.335133
vt 0.406032 0.325496
vt 0.401479 0.341767
vt 0.401931 0.321125
vt 0.380098 0.333979
vt 0.424670 0.317778
vt 0.451060 0.321095
vt 0.465823 0.336389
vt 0.480221 0.837992
vt 0.506621 0.703264
vt 0.502948 0.593950
vt 0.502445 0.533394
vt 0.503842 0.428334
vt 0.501798 0.499891
vt 0.312743 0.705983
vt 0.300686 0.697889
vt 0.294762 0.666403
vt 0.304788 0.804741
vt 0.320197 0.736069
vt 0.301872 0.846502
vt 0.296838 0.453657
vt 0.301554 0.429032
vt 0.304632 0.469170
vt 0.324949 0.611782
vt 0.307971 0.379058
vt 0.307163 0.344189
vt 0.335760 0.310883
vt 0.348419 0.341006
vt 0.464331 0.283137
vt 0.416601 0.325762
vt 0.395917 0.308114
vt 0.421654 0.303552
vt 0.382092 0.302050
vt 0.347535 0.321263
vt 0.358743 0.327103
vt 0.359134 0.319124
vt 0.395894 0.309068
vt 0.434210 0.881371
vt 0.422319 0.939994
vt 0.431064 0.300872
vt 0.410918 0.312231
vt 0.462163 0.902912
vt 0.471493 0.320763
vt 0.499145 0.802515
vt 0.481642 0.333726
vt 0.507571 0.771843
vt 0.500539 0.368177
vt 0.512504 0.569759
vt 0.503960 0.482534
vt 0.300768 0.623693
vt 0.303411 0.596972
vt 0.298919 0.739748
vt 0.296425 0.833418
vt 0.291857 0.802959
vt 0.282363 0.435645
vt 0.283742 0.410727
vt 0.293361 0.488243
vt 0.299969 0.528720
vt 0.305941 0.897321
vt 0.295802 0.902693
vt 0.303552 0.890380
vt 0.301932 0.905857
vt 0.291113 0.378734
vt 0.305104 0.877829
vt 0.319909 0.284166
vt 0.288485 0.337747
vt 0.544607 0.268268
vt 0.402230 0.275025
vt 0.422297 0.263120
vt 0.335663 0.299033
vt 0.320611 0.335871
vt 0.315629 0.333774
vt 0.331320 0.328429
vt 0.377187 0.288072
vt 0.339608 0.323534
vt 0.379181 0.927546
vt 0.353857 0.973518
vt 0.343294 0.924235
vt 0.372285 0.292799
vt 0.412913 0.294275
vt 0.448106 0.293656
vt 0.482959 0.873219
vt 0.493329 0.345664
vt 0.512513 0.745149
vt 0.516146 0.668801
vt 0.513797 0.612009
vt 0.518546 0.635181
vt 0.508178 0.382228
vt 0.512858 0.397361
vt 0.510631 0.526037
vt 0.507448 0.451964
vt 0.510303 0.431262
vt 0.505421 0.465894
vt 0.283715 0.697266
vt 0.284696 0.687396
vt 0.283377 0.709133
vt 0.283025 0.717475
vt 0.271583 0.477100
vt 0.290407 0.773213
vt 0.283677 0.507677
vt 0.282389 0.382747
vt 0.289275 0.264736
vt 0.295301 0.888164
vt 0.377499 0.262622
vt 0.314203 0.333203
vt 0.324268 0.303894
vt 0.394969 0.968871
vt 0.393082 0.283037
vt 0.495087 0.899396
vt 0.467090 0.925456
vt 0.470051 0.303968
vt 0.506877 0.856567
vt 0.512695 0.821625
vt 0.506098 0.514001
vt 0.282694 0.619942
vt 0.281827 0.568340
vt 0.294750 0.577026
vt 0.281631 0.349098
vt 0.273089 0.267228
vt 0.275285 0.877566
vt 0.284104 0.890267
vt 0.554435 0.267123
vt 0.283045 0.911389
vt 0.303400 0.316635
vt 0.321763 0.263919
vt 0.283265 0.314423
vt 0.299174 0.333316
vt 0.308748 0.329401
vt 0.360457 0.282199
vt 0.490799 0.307708
vt 0.514326 0.318769
vt 0.503337 0.332927
vt 0.515282 0.365577
vt 0.526964 0.705675
vt 0.521847 0.430746
vt 0.505416 0.491147
vt 0.512952 0.455161
vt 0.287963 0.639872
vt 0.279980 0.657384
vt 0.282675 0.666806
vt 0.283652 0.679909
vt 0.282255 0.678530
vt 0.270770 0.568170
vt 0.285701 0.742967
vt 0.281903 0.752399
vt 0.281574 0.720905
vt 0.289186 0.762309
vt 0.277516 0.767895
vt 0.273159 0.808470
vt 0.284181 0.827688
vt 0.277972 0.854841
vt 0.562771 0.259612
vt 0.282687 0.897752
vt 0.271332 0.892535
vt 0.292728 0.261396
vt 0.274679 0.330351
vt 0.287907 0.345546
vt 0.300223 0.930656
vt 0.289018 0.954708
vt 0.287306 0.917413
vt 0.292404 0.312299
vt 0.325920 0.937527
vt 0.329487 0.282205
vt 0.350498 0.264454
vt 0.458661 0.978755
vt 0.484483 0.961441
vt 0.502220 0.939673
vt 0.489400 0.286761
vt 0.521512 0.869366
vt 0.519121 0.898769
vt 0.519261 0.342687
vt 0.530886 0.661940
vt 0.532311 0.602671
vt 0.271671 0.612136
vt 0.271944 0.627902
vt 0.276575 0.648417
vt 0.281588 0.724444
vt 0.267247 0.824370
vt 0.271404 0.425388
vt 0.274870 0.377155
vt 0.265390 0.279879
vt 0.263413 0.341053
vt 0.273328 0.353856
vt 0.278169 0.349731
vt 0.312587 0.971273
vt 0.260741 0.997340
vt 0.458625 0.274211
vt 0.459394 0.267632
vt 0.527200 0.842293
vt 0.529475 0.806758
vt 0.534578 0.765545
vt 0.526437 0.377333
vt 0.525339 0.366255
vt 0.535674 0.392348
vt 0.526405 0.413477
vt 0.527867 0.567476
vt 0.517719 0.526549
vt 0.506494 0.487463
vt 0.273664 0.732524
vt 0.267881 0.365565
vt 0.283207 0.294944
vt 0.296851 0.266104
vt 0.523851 0.967825
vt 0.385388 0.247670
vt 0.496612 0.268302
vt 0.523145 0.290936
vt 0.532645 0.342014
vt 0.532908 0.433407
vt 0.522037 0.455229
vt 0.268167 0.643385
vt 0.266471 0.648491
vt 0.265427 0.619820
vt 0.265012 0.606448
vt 0.249382 0.299449
vt 0.262898 0.364968
vt 0.257076 0.919243
vt 0.247968 0.912972
vt 0.264474 0.906988
vt 0.271985 0.914421
vt 0.260871 0.925554
vt 0.263667 0.360647
vt 0.260788 0.336631
vt 0.241601 0.965550
vt 0.276273 0.277356
vt 0.564896 0.974138
vt 0.499802 0.253357
vt 0.541610 0.909728
vt 0.539560 0.872531
vt 0.553168 0.303290
vt 0.544840 0.838808
vt 0.547577 0.728046
vt 0.547757 0.353450
vt 0.539540 0.693199
vt 0.534947 0.415187
vt 0.546710 0.568967
vt 0.545422 0.600529
vt 0.519039 0.510427
vt 0.265662 0.644790
vt 0.259424 0.643312
vt 0.258442 0.630594
vt 0.244887 0.588058
vt 0.255772 0.818199
vt 0.259184 0.785936
vt 0.263868 0.567081
vt 0.263398 0.593347
vt 0.000642 0.273898
vt 0.198903 0.261599
vt 0.011072 0.287979
vt 0.254528 0.894105
vt 0.247015 0.882868
vt 0.256965 0.859926
vt 0.240525 0.306932
vt 0.244456 0.361684
vt 0.255037 0.379250
vt 0.257045 0.374975
vt 0.245685 0.316515
vt 0.540266 0.942826
vt 0.566254 0.953872
vt 0.531157 0.275615
vt 0.558339 0.900585
vt 0.554510 0.861148
vt 0.551287 0.344028
vt 0.552277 0.811401
vt 0.552721 0.777573
vt 0.543422 0.373818
vt 0.547302 0.665541
vt 0.545024 0.631541
vt 0.543502 0.404125
vt 0.525884 0.505418
vt 0.542420 0.530608
vt 0.248069 0.608544
vt 0.254618 0.574088
vt 0.257212 0.766541
vt 0.250591 0.781796
vt 0.251225 0.762453
vt 0.249588 0.820358
vt 0.226287 0.331101
vt 0.090170 0.333539
vt 0.209614 0.289163
vt 0.560527 0.238916
vt 0.578556 0.254653
vt 0.549691 0.275796
vt 0.569631 0.328211
vt 0.561679 0.748314
vt 0.546586 0.417658
vt 0.554818 0.433585
vt 0.539302 0.456293
vt 0.242590 0.511877
vt 0.251819 0.552841
vt 0.243728 0.550015
vt 0.244601 0.339967
vt 0.239427 0.361166
vt 0.235524 0.298137
vt 0.186124 0.250658
vt 0.611338 0.254564
vt 0.570124 0.289927
vt 0.245004 0.387245
vt 0.595446 0.263073
vt 0.580554 0.888385
vt 0.580601 0.867757
vt 0.577901 0.833568
vt 0.568699 0.713006
vt 0.558304 0.367311
vt 0.561387 0.611319
vt 0.552829 0.458574
vt 0.542674 0.470408
vt 0.243639 0.613737
vt 0.245168 0.665908
vt 0.243904 0.676384
vt 0.236799 0.640577
vt 0.095238 0.397590
vt 0.183549 0.430872
vt 0.113857 0.406428
vt 0.228263 0.330574
vt 0.181990 0.282101
vt 0.070752 0.960706
vt 0.150126 0.974140
vt 0.095247 0.979972
vt 0.540430 0.258385
vt 0.016438 0.272886
vt 0.011122 0.263073
vt 0.054669 0.258385
vt 0.598282 0.931179
vt 0.615365 0.947134
vt 0.582333 0.922729
vt 0.600762 0.272886
vt 0.587206 0.287834
vt 0.593179 0.910907
vt 0.580398 0.303228
vt 0.580906 0.317819
vt 0.578271 0.801919
vt 0.565642 0.673166
vt 0.566517 0.392668
vt 0.572365 0.416069
vt 0.556621 0.520467
vt 0.242732 0.695083
vt 0.235296 0.694244
vt 0.243675 0.683004
vt 0.243587 0.708979
vt 0.243446 0.701328
vt 0.245140 0.712397
vt 0.233948 0.387159
vt 0.244280 0.386652
vt 0.031041 0.947134
vt 0.028175 0.961882
vt 0.563575 0.554443
vt 0.232333 0.624927
vt 0.226309 0.580062
vt 0.236895 0.574396
vt 0.221322 0.378848
vt 0.233499 0.374240
vt 0.225597 0.373580
vt 0.228431 0.373293
vt 0.213075 0.316137
vt 0.104656 0.275844
vt 0.048157 0.275732
vt 0.601807 0.856748
vt 0.583822 0.350120
vt 0.583754 0.753105
vt 0.580868 0.374858
vt 0.578565 0.387170
vt 0.568791 0.488660
vt 0.564916 0.465180
vt 0.215336 0.347775
vt 0.197565 0.303745
vt 0.035861 0.916135
vt 0.050896 0.918402
vt 0.056502 0.940445
vt 0.038105 0.289472
vt 0.002882 0.287834
vt 0.610856 0.897980
vt 0.019593 0.306611
vt 0.611671 0.871818
vt 0.603917 0.306611
vt 0.609918 0.312806
vt 0.581695 0.710211
vt 0.570032 0.444513
vt 0.230226 0.647800
vt 0.217668 0.372864
vt 0.168577 0.355628
vt 0.208929 0.379188
vt 0.230611 0.395666
vt 0.171342 0.301002
vt 0.140650 0.291258
vt 0.098616 0.281230
vt 0.072873 0.281990
vt 0.044338 0.902690
vt 0.596918 0.818860
vt 0.601686 0.780725
vt 0.583717 0.622329
vt 0.581261 0.651066
vt 0.581843 0.603757
vt 0.575359 0.403311
vt 0.581785 0.559609
vt 0.234612 0.721097
vt 0.220738 0.727921
vt 0.228292 0.700684
vt 0.235703 0.550524
vt 0.220716 0.409460
vt 0.227625 0.404529
vt 0.227677 0.402724
vt 0.225453 0.387844
vt 0.221344 0.373238
vt 0.198549 0.331649
vt 0.192544 0.321485
vt 0.025595 0.312806
vt 0.054741 0.304085
vt 0.027347 0.871818
vt 0.035346 0.895193
vt 0.026532 0.897980
vt 0.608914 0.333055
vt 0.591259 0.355055
vt 0.591697 0.678943
vt 0.579683 0.515995
vt 0.577255 0.462491
vt 0.228748 0.671543
vt 0.225277 0.678397
vt 0.224648 0.656150
vt 0.223518 0.613172
vt 0.199949 0.387917
vt 0.189373 0.381199
vt 0.199650 0.392120
vt 0.169235 0.360358
vt 0.228248 0.537027
vt 0.224863 0.565799
vt 0.215990 0.525751
vt 0.121613 0.295128
vt 0.107124 0.293705
vt 0.082868 0.292042
vt 0.033600 0.324922
vt 0.024590 0.333055
vt 0.602454 0.744729
vt 0.592963 0.723745
vt 0.586753 0.425393
vt 0.584497 0.447908
vt 0.583893 0.490802
vt 0.221266 0.626491
vt 0.220981 0.636199
vt 0.171940 0.466062
vt 0.173709 0.487947
vt 0.147805 0.433658
vt 0.189970 0.482403
vt 0.197442 0.495835
vt 0.221985 0.409068
vt 0.153118 0.312382
vt 0.134317 0.306959
vt 0.058912 0.901047
vt 0.048805 0.886387
vt 0.045115 0.857155
vt 0.026111 0.345252
vt 0.006935 0.355055
vt 0.598285 0.375886
vt 0.591517 0.391803
vt 0.592582 0.424748
vt 0.589342 0.575198
vt 0.218229 0.590938
vt 0.212910 0.576046
vt 0.199405 0.398057
vt 0.205149 0.397815
vt 0.187215 0.385379
vt 0.212800 0.409431
vt 0.220679 0.417587
vt 0.217985 0.387951
vt 0.202810 0.360780
vt 0.194944 0.355331
vt 0.175328 0.325159
vt 0.100754 0.308177
vt 0.084984 0.305892
vt 0.057536 0.328267
vt 0.076131 0.323158
vt 0.045338 0.884258
vt 0.032645 0.840949
vt 0.033882 0.787575
vt 0.017483 0.856748
vt 0.012594 0.818860
vt 0.020548 0.367522
vt 0.024588 0.716616
vt 0.018130 0.744729
vt 0.008639 0.723745
vt 0.013961 0.375886
vt 0.597084 0.604318
vt 0.005337 0.874342
vt 0.008635 0.875673
vt 0.006751 0.872401
vt 0.003349 0.865894
vt 0.003098 0.871927
vt 0.004187 0.870034
vt 0.594718 0.538724
vt 0.207936 0.516334
vt 0.206641 0.526852
vt 0.202165 0.519961
vt 0.215534 0.572517
vt 0.201977 0.400099
vt 0.203720 0.404696
vt 0.216307 0.401500
vt 0.217903 0.404074
vt 0.217044 0.422946
vt 0.203311 0.396932
vt 0.211439 0.386766
vt 0.206445 0.386983
vt 0.197390 0.379622
vt 0.196553 0.371683
vt 0.186965 0.351950
vt 0.042620 0.347404
vt 0.027729 0.363296
vt 0.022065 0.683525
vt 0.012653 0.874099
vt 0.013456 0.871358
vt 0.009431 0.863094
vt 0.009864 0.861253
vt 0.189697 0.497252
vt 0.191117 0.499579
vt 0.211041 0.534445
vt 0.207228 0.533268
vt 0.208116 0.418630
vt 0.211197 0.425352
vt 0.203182 0.571945
vt 0.189059 0.569562
vt 0.200247 0.555737
vt 0.211696 0.421918
vt 0.210220 0.411894
vt 0.207771 0.400497
vt 0.185403 0.370059
vt 0.174363 0.346062
vt 0.150759 0.336443
vt 0.123849 0.331255
vt 0.094647 0.317721
vt 0.056643 0.848572
vt 0.030311 0.746932
vt 0.017362 0.780725
vt 0.021773 0.384197
vt 0.020459 0.871964
vt 0.015666 0.863860
vt 0.007193 0.391803
vt 0.012760 0.604318
vt 0.024766 0.657595
vt 0.007373 0.678943
vt 0.014728 0.855855
vt 0.013422 0.412653
vt 0.008258 0.424748
vt 0.010260 0.863973
vt 0.593402 0.520433
vt 0.000173 0.447908
vt 0.002429 0.425393
vt 0.600038 0.465335
vt 0.593773 0.489429
vt 0.207852 0.597050
vt 0.215339 0.607262
vt 0.206852 0.560530
vt 0.194483 0.386537
vt 0.187334 0.387308
vt 0.179272 0.383018
vt 0.174471 0.370008
vt 0.153008 0.347588
vt 0.098189 0.329204
vt 0.085390 0.327498
vt 0.075798 0.336462
vt 0.075340 0.340667
vt 0.066318 0.345100
vt 0.055768 0.354703
vt 0.052560 0.352867
vt 0.058603 0.864791
vt 0.045111 0.363968
vt 0.053138 0.354621
vt 0.049732 0.814453
vt 0.042787 0.804565
vt 0.043116 0.359040
vt 0.036184 0.371273
vt 0.030290 0.375481
vt 0.022583 0.864519
vt 0.025087 0.869285
vt 0.026371 0.387870
vt 0.028142 0.642728
vt 0.025787 0.575145
vt 0.017538 0.564641
vt 0.005018 0.575198
vt 0.598815 0.499855
vt 0.194867 0.431537
vt 0.199458 0.423591
vt 0.130706 0.338862
vt 0.067063 0.346581
vt 0.043364 0.769627
vt 0.042511 0.365578
vt 0.041399 0.748859
vt 0.035902 0.376764
vt 0.040721 0.702819
vt 0.031821 0.865269
vt 0.031221 0.862201
vt 0.024441 0.850991
vt 0.020990 0.409012
vt 0.030722 0.618898
vt 0.018170 0.849638
vt 0.017046 0.837550
vt 0.015619 0.849147
vt 0.016573 0.855393
vt 0.015680 0.428623
vt 0.010394 0.538724
vt 0.016433 0.861237
vt 0.011392 0.454533
vt 0.014491 0.499855
vt 0.016599 0.513373
vt 0.009078 0.520433
vt 0.015713 0.465335
vt 0.189777 0.414738
vt 0.194673 0.409591
vt 0.153359 0.359565
vt 0.116405 0.342955
vt 0.096393 0.338014
vt 0.091197 0.335844
vt 0.072616 0.832195
vt 0.066780 0.853872
vt 0.050348 0.789487
vt 0.035716 0.850431
vt 0.039442 0.862313
vt 0.029629 0.852371
vt 0.028332 0.849879
vt 0.032644 0.401789
vt 0.025016 0.837280
vt 0.021033 0.856201
vt 0.026194 0.544878
vt 0.183427 0.404467
vt 0.186387 0.415075
vt 0.193111 0.394933
vt 0.099359 0.872772
vt 0.086948 0.870520
vt 0.094137 0.850964
vt 0.082336 0.342953
vt 0.057409 0.810647
vt 0.058649 0.823651
vt 0.051846 0.367639
vt 0.060835 0.789834
vt 0.053640 0.764624
vt 0.041622 0.386377
vt 0.044150 0.855477
vt 0.036195 0.667398
vt 0.019209 0.825472
vt 0.024037 0.814307
vt 0.024476 0.423870
vt 0.022401 0.810892
vt 0.023337 0.846827
vt 0.021708 0.437749
vt 0.020561 0.827860
vt 0.021290 0.842371
vt 0.026260 0.522581
vt 0.019109 0.487548
vt 0.009449 0.489429
vt 0.159871 0.363350
vt 0.178568 0.384449
vt 0.180677 0.431082
vt 0.186758 0.445685
vt 0.178188 0.435606
vt 0.175971 0.402493
vt 0.181574 0.425020
vt 0.168319 0.402087
vt 0.170980 0.388046
vt 0.162538 0.386247
vt 0.061154 0.813789
vt 0.072854 0.826131
vt 0.057399 0.816034
vt 0.069108 0.831662
vt 0.062671 0.837374
vt 0.069675 0.831396
vt 0.065546 0.833866
vt 0.062510 0.839525
vt 0.063311 0.849415
vt 0.060702 0.806836
vt 0.054778 0.834196
vt 0.058852 0.818002
vt 0.061309 0.854025
vt 0.051671 0.855706
vt 0.050259 0.827679
vt 0.044169 0.835749
vt 0.045789 0.857785
vt 0.056496 0.733490
vt 0.040197 0.837082
vt 0.036989 0.843700
vt 0.033951 0.845982
vt 0.027776 0.849641
vt 0.034048 0.417518
vt 0.026837 0.815408
vt 0.027703 0.794977
vt 0.025378 0.787609
vt 0.028320 0.782262
vt 0.032183 0.539928
vt 0.023248 0.810620
vt 0.025383 0.836033
vt 0.023486 0.503749
vt 0.167353 0.389913
vt 0.180248 0.450048
vt 0.184649 0.442667
vt 0.135493 0.360962
vt 0.159323 0.368354
vt 0.110393 0.355507
vt 0.109214 0.348225
vt 0.126301 0.356561
vt 0.089334 0.353012
vt 0.089162 0.345058
vt 0.070668 0.829665
vt 0.056439 0.385913
vt 0.060273 0.771107
vt 0.057558 0.810208
vt 0.050743 0.704599
vt 0.047801 0.826102
vt 0.044482 0.673634
vt 0.045456 0.408830
vt 0.039530 0.639836
vt 0.035516 0.604626
vt 0.033799 0.853256
vt 0.032805 0.564108
vt 0.028844 0.431776
vt 0.026996 0.779716
vt 0.026176 0.827462
vt 0.021948 0.460203
vt 0.026410 0.477172
vt 0.191556 0.610010
vt 0.191646 0.584565
vt 0.199421 0.608516
vt 0.152729 0.393633
vt 0.169487 0.443659
vt 0.126495 0.363541
vt 0.076931 0.373062
vt 0.070676 0.807331
vt 0.073413 0.819131
vt 0.070401 0.803527
vt 0.066589 0.802646
vt 0.067513 0.790973
vt 0.053052 0.820429
vt 0.049842 0.826944
vt 0.042654 0.835184
vt 0.045119 0.838194
vt 0.039474 0.428032
vt 0.029402 0.812779
vt 0.029547 0.779217
vt 0.031878 0.496686
vt 0.140508 0.457223
vt 0.173249 0.492480
vt 0.188655 0.690805
vt 0.189417 0.695457
vt 0.188608 0.693257
vt 0.158760 0.403140
vt 0.150163 0.387815
vt 0.103309 0.370808
vt 0.086454 0.372566
vt 0.069344 0.766803
vt 0.066634 0.826134
vt 0.070899 0.807503
vt 0.070298 0.831656
vt 0.062316 0.397273
vt 0.075787 0.386468
vt 0.063748 0.738055
vt 0.054777 0.676557
vt 0.048490 0.650753
vt 0.044803 0.618703
vt 0.041469 0.565508
vt 0.029989 0.803279
vt 0.033744 0.787598
vt 0.031992 0.471402
vt 0.176160 0.608229
vt 0.180911 0.572403
vt 0.186410 0.593286
vt 0.162851 0.432135
vt 0.170465 0.455613
vt 0.075910 0.767564
vt 0.081077 0.781511
vt 0.072493 0.745224
vt 0.066270 0.710904
vt 0.064552 0.684355
vt 0.047631 0.422112
vt 0.047454 0.600900
vt 0.041952 0.533423
vt 0.032154 0.803346
vt 0.036952 0.457388
vt 0.033659 0.509734
vt 0.165398 0.458687
vt 0.126226 0.389140
vt 0.114621 0.389297
vt 0.053005 0.643216
vt 0.050912 0.590544
vt 0.044475 0.558318
vt 0.042902 0.446282
vt 0.077982 0.720276
vt 0.062100 0.439813
vt 0.059362 0.414087
vt 0.050805 0.535338
vt 0.041206 0.514671
vt 0.035093 0.524643
vt 0.140065 0.443128
vt 0.154516 0.442069
vt 0.156237 0.435080
vt 0.164495 0.460296
vt 0.168066 0.452571
vt 0.160053 0.461795
vt 0.158083 0.442289
vt 0.076878 0.704330
vt 0.063020 0.645349
vt 0.065997 0.668043
vt 0.059171 0.604473
vt 0.053592 0.563423
vt 0.045955 0.523389
vt 0.136938 0.447433
vt 0.149684 0.429389
vt 0.151419 0.453883
vt 0.123759 0.429680
vt 0.126305 0.410995
vt 0.139373 0.419745
vt 0.080660 0.431406
vt 0.079304 0.413878
vt 0.097950 0.433018
vt 0.058064 0.556053
vt 0.059228 0.578549
vt 0.056129 0.457682
vt 0.047826 0.457198
vt 0.040628 0.476970
vt 0.038498 0.499606
vt 0.039873 0.508967
vt 0.037883 0.484692
vt 0.113125 0.653349
vt 0.115698 0.681870
vt 0.110458 0.671493
vt 0.105762 0.445482
vt 0.112660 0.428179
vt 0.074762 0.678192
vt 0.067493 0.652373
vt 0.067400 0.452460
vt 0.053908 0.524606
vt 0.044200 0.467814
vt 0.135827 0.582117
vt 0.137292 0.581686
vt 0.140116 0.582430
vt 0.138778 0.472417
vt 0.135381 0.462328
vt 0.125118 0.453474
vt 0.084325 0.455794
vt 0.074671 0.659849
vt 0.066397 0.580080
vt 0.060616 0.545368
vt 0.065544 0.607180
vt 0.052700 0.458585
vt 0.045741 0.510236
vt 0.043306 0.504296
vt 0.043039 0.497259
vt 0.140160 0.592619
vt 0.131968 0.590112
vt 0.131274 0.583626
vt 0.125799 0.472658
vt 0.116714 0.466543
vt 0.113624 0.448714
vt 0.111459 0.606589
vt 0.108481 0.611913
vt 0.110832 0.609296
vt 0.102821 0.455081
vt 0.077737 0.663393
vt 0.071994 0.520849
vt 0.074383 0.548685
vt 0.069837 0.545255
vt 0.075593 0.569514
vt 0.066794 0.559955
vt 0.060021 0.467635
vt 0.110261 0.458850
vt 0.091799 0.462530
vt 0.082999 0.535557
vt 0.084838 0.553427
vt 0.079559 0.528511
vt 0.072337 0.465009
vt 0.077897 0.672704
vt 0.075349 0.639128
vt 0.073216 0.593827
vt 0.073009 0.617717
vt 0.056465 0.464373
vt 0.053995 0.459955
vt 0.051420 0.461417
vt 0.047807 0.469216
vt 0.044905 0.481816
vt 0.045894 0.491920
vt 0.129136 0.603786
vt 0.118573 0.593987
vt 0.113090 0.592146
vt 0.112390 0.618614
vt 0.102714 0.617620
vt 0.105276 0.612757
vt 0.097809 0.515775
vt 0.091740 0.538305
vt 0.091629 0.509511
vt 0.078093 0.555243
vt 0.079701 0.650247
vt 0.055330 0.452922
vt 0.049386 0.502022
vt 0.079232 0.468442
vt 0.064315 0.477935
vt 0.058930 0.449143
vt 0.052282 0.461069
vt 0.050523 0.493688
vt 0.087196 0.656297
vt 0.083835 0.656343
vt 0.084977 0.649298
vt 0.080619 0.661255
vt 0.080026 0.666263
vt 0.063401 0.443043
vt 0.061482 0.432782
vt 0.063201 0.453621
vt 0.056771 0.440742
vt 0.059587 0.427366
vt 0.054148 0.423909
vt 0.054798 0.451515
vt 0.051450 0.425891
vt 0.054949 0.437622
vt 0.051004 0.478074
vt 0.064800 0.433148
vt 0.063639 0.431524
vt 0.058630 0.425635
vt 0.056662 0.421955
vt 0.056015 0.446168
vt 0.055014 0.419532
vt 0.051716 0.433218
vt 0.053789 0.462769
vt 0.050214 0.417649
vt 0.053905 0.416015
vt 0.052380 0.411452
vt 0.049305 0.428413
vt 0.048481 0.410592
vt 0.050968 0.405286
vt 0.048201 0.421099
vt 0.057578 0.383504
vt 0.057043 0.388489
vt 0.065510 0.378247
vt 0.051230 0.400866
vt 0.049724 0.399587
vt 0.047357 0.413720
vt 0.053085 0.394792
vt 0.050095 0.396813
vt 0.047011 0.403918
vt 0.086402 0.666271
vt 0.071357 0.476918
vt 0.061120 0.429469
vt 0.055445 0.440718
vt 0.057446 0.445512
vt 0.055916 0.462828
vt 0.052747 0.435728
vt 0.054750 0.480023
vt 0.058650 0.385750
vt 0.053644 0.393226
vt 0.047774 0.409646
vt 0.083930 0.667354
vt 0.061138 0.458136
vt 0.055873 0.427485
vt 0.052649 0.430533
vt 0.064449 0.381877
vt 0.050915 0.423411
vt 0.048663 0.416217
vt 0.056738 0.393898
vt 0.050558 0.413669
vt 0.050298 0.405517
vt 0.389502 0.866091
vt 0.391485 0.871095
vt 0.394029 0.863338
vt 0.395236 0.877236
vt 0.435611 0.450951
vt 0.437515 0.476798
vt 0.389757 0.868089
vt 0.364611 0.310555
vt 0.383721 0.321682
vt 0.376487 0.869871
vt 0.391518 0.325853
vt 0.389129 0.335701
vt 0.440618 0.390714
vt 0.441337 0.399402
vt 0.366121 0.305419
vt 0.381588 0.313314
vt 0.387693 0.331032
vt 0.415180 0.348597
vt 0.389436 0.322972
vt 0.348706 0.873356
vt 0.356534 0.878791
vt 0.395907 0.333179
vt 0.422804 0.355159
vt 0.432668 0.363588
vt 0.391647 0.326149
vt 0.402862 0.337661
vt 0.425153 0.342952
vt 0.342930 0.886143
vt 0.405154 0.323602
vt 0.404778 0.334212
vt 0.419693 0.332358
vt 0.388855 0.321950
vt 0.321153 0.864642
vt 0.329940 0.883564
vt 0.316962 0.884959
vt 0.338616 0.896717
vt 0.316057 0.873570
vt 0.318208 0.895336
vt 0.316647 0.907406
vt 0.265617 0.451775
vt 0.273873 0.498044
vt 0.283121 0.753523
vt 0.285541 0.904945
vt 0.280699 0.526212
vt 0.281772 0.665916
vt 0.273336 0.654724
vt 0.266153 0.757827
vt 0.253588 0.505838
vt 0.264587 0.846627
vt 0.262114 0.727818
vt 0.269065 0.729702
vt 0.258347 0.466540
vt 0.262418 0.513736
vt 0.584966 0.273898
vt 0.245800 0.490067
vt 0.256164 0.395693
vt 0.588051 0.986774
vt 0.256898 0.652342
vt 0.251143 0.726212
vt 0.205619 0.409891
vt 0.235756 0.434576
vt 0.247706 0.862754
vt 0.243991 0.899408
vt 0.563210 0.933624
vt 0.248913 0.656997
vt 0.249943 0.728475
vt 0.113191 0.367458
vt 0.118083 0.349776
vt 0.240499 0.840263
vt 0.230397 0.923254
vt 0.191874 0.964307
vt 0.003727 0.986774
vt 0.247009 0.663512
vt 0.243043 0.755549
vt 0.239555 0.791753
vt 0.239724 0.814916
vt 0.221817 0.459944
vt 0.235615 0.855558
vt 0.229630 0.885754
vt 0.221993 0.915094
vt 0.206790 0.936900
vt 0.612499 0.961882
vt 0.220101 0.851747
vt 0.247197 0.719971
vt 0.245766 0.718943
vt 0.235038 0.761135
vt 0.221770 0.506262
vt 0.216872 0.472903
vt 0.224748 0.518813
vt 0.232606 0.528231
vt 0.206675 0.904707
vt 0.202533 0.924938
vt 0.169275 0.945105
vt 0.235057 0.675003
vt 0.230903 0.733791
vt 0.224226 0.770324
vt 0.225035 0.814080
vt 0.143814 0.349421
vt 0.153924 0.371809
vt 0.122668 0.421743
vt 0.184024 0.449703
vt 0.203272 0.475696
vt 0.215791 0.881691
vt 0.177735 0.926496
vt 0.125262 0.952728
vt 0.013958 0.931179
vt 0.008855 0.910907
vt 0.205853 0.486743
vt 0.214258 0.500053
vt 0.199013 0.348205
vt 0.213201 0.854758
vt 0.207858 0.881939
vt 0.120213 0.942297
vt 0.086306 0.936191
vt 0.228519 0.692275
vt 0.217877 0.744448
vt 0.217372 0.798906
vt 0.209703 0.387664
vt 0.192672 0.885615
vt 0.179075 0.908632
vt 0.158634 0.927041
vt 0.065156 0.915473
vt 0.210061 0.778587
vt 0.208254 0.823326
vt 0.201256 0.852433
vt 0.145542 0.921971
vt 0.115372 0.931921
vt 0.219944 0.665034
vt 0.220025 0.709039
vt 0.197937 0.505751
vt 0.193177 0.863023
vt 0.182068 0.879507
vt 0.078448 0.911641
vt 0.219154 0.685738
vt 0.210829 0.734096
vt 0.209540 0.750751
vt 0.215435 0.555315
vt 0.201201 0.812166
vt 0.204026 0.779187
vt 0.196750 0.833780
vt 0.188821 0.844982
vt 0.151029 0.906572
vt 0.164131 0.882295
vt 0.121169 0.914185
vt 0.101762 0.912272
vt 0.218981 0.671802
vt 0.218007 0.664720
vt 0.218190 0.679411
vt 0.216616 0.647830
vt 0.217774 0.689827
vt 0.216424 0.702977
vt 0.214433 0.712424
vt 0.210308 0.545168
vt 0.198211 0.779210
vt 0.191219 0.811482
vt 0.178274 0.846057
vt 0.131317 0.911514
vt 0.069937 0.892613
vt 0.061680 0.334012
vt 0.215555 0.659365
vt 0.215393 0.662977
vt 0.212778 0.710881
vt 0.205212 0.723271
vt 0.152037 0.894891
vt 0.151643 0.864916
vt 0.134030 0.891743
vt 0.076892 0.883396
vt 0.062138 0.871336
vt 0.013784 0.866485
vt 0.212460 0.653945
vt 0.211347 0.650370
vt 0.212302 0.657693
vt 0.207692 0.627959
vt 0.203468 0.545285
vt 0.196849 0.414483
vt 0.199230 0.725317
vt 0.195796 0.744133
vt 0.189393 0.437393
vt 0.189635 0.407589
vt 0.181957 0.782182
vt 0.183442 0.397538
vt 0.172314 0.824720
vt 0.160526 0.851833
vt 0.137498 0.868276
vt 0.116996 0.887907
vt 0.020979 0.870684
vt 0.020140 0.864989
vt 0.188777 0.385381
vt 0.201935 0.529976
vt 0.198752 0.521646
vt 0.200608 0.723214
vt 0.190279 0.438201
vt 0.164474 0.831598
vt 0.071036 0.866101
vt 0.081431 0.849231
vt 0.028798 0.868272
vt 0.023146 0.866950
vt 0.200839 0.656798
vt 0.207861 0.648181
vt 0.196446 0.527163
vt 0.190560 0.549552
vt 0.196371 0.719332
vt 0.197978 0.721375
vt 0.187014 0.430737
vt 0.187354 0.744404
vt 0.143881 0.820226
vt 0.116583 0.867928
vt 0.127763 0.851812
vt 0.133575 0.351202
vt 0.027316 0.857092
vt 0.195653 0.716039
vt 0.190576 0.710579
vt 0.179929 0.764167
vt 0.166677 0.790878
vt 0.159243 0.811597
vt 0.136592 0.841158
vt 0.108446 0.852695
vt 0.037696 0.857501
vt 0.029785 0.859500
vt 0.199131 0.634200
vt 0.186131 0.518289
vt 0.116371 0.837750
vt 0.096049 0.833801
vt 0.081994 0.834961
vt 0.028692 0.836759
vt 0.196919 0.662273
vt 0.184192 0.498388
vt 0.189190 0.530479
vt 0.189695 0.701240
vt 0.189328 0.702003
vt 0.182532 0.723023
vt 0.165790 0.757377
vt 0.154734 0.783904
vt 0.149907 0.800528
vt 0.129944 0.812636
vt 0.107377 0.821722
vt 0.086970 0.827177
vt 0.079036 0.817312
vt 0.071911 0.828926
vt 0.073633 0.820036
vt 0.066821 0.838988
vt 0.059682 0.853169
vt 0.044531 0.853248
vt 0.040956 0.850868
vt 0.028726 0.830854
vt 0.030609 0.813950
vt 0.192091 0.632905
vt 0.176194 0.504188
vt 0.179757 0.525670
vt 0.182085 0.556790
vt 0.171039 0.597119
vt 0.189115 0.700197
vt 0.181868 0.704598
vt 0.165023 0.715853
vt 0.159559 0.737380
vt 0.154473 0.754430
vt 0.146270 0.770183
vt 0.133138 0.787882
vt 0.116208 0.791248
vt 0.100838 0.800125
vt 0.094543 0.813596
vt 0.079734 0.797275
vt 0.073726 0.797371
vt 0.056231 0.846089
vt 0.051018 0.851364
vt 0.051927 0.839012
vt 0.034470 0.783447
vt 0.031304 0.816290
vt 0.187751 0.656353
vt 0.194731 0.664685
vt 0.183005 0.622978
vt 0.191455 0.665117
vt 0.159477 0.488783
vt 0.179580 0.513960
vt 0.181019 0.537556
vt 0.141887 0.416511
vt 0.187549 0.685934
vt 0.187219 0.683654
vt 0.188174 0.687407
vt 0.189336 0.695255
vt 0.170503 0.436733
vt 0.177025 0.684894
vt 0.155171 0.695971
vt 0.153200 0.723068
vt 0.133648 0.764592
vt 0.108771 0.789119
vt 0.086566 0.792183
vt 0.191132 0.666201
vt 0.190056 0.666852
vt 0.188054 0.671730
vt 0.189158 0.669380
vt 0.170516 0.512964
vt 0.176430 0.542306
vt 0.175838 0.557952
vt 0.169685 0.604136
vt 0.168360 0.618432
vt 0.187235 0.684562
vt 0.187592 0.683479
vt 0.179137 0.670626
vt 0.167020 0.693018
vt 0.163690 0.678845
vt 0.154874 0.684316
vt 0.149546 0.690681
vt 0.135287 0.749971
vt 0.130853 0.725820
vt 0.141542 0.720400
vt 0.124322 0.757190
vt 0.124732 0.771459
vt 0.119592 0.756846
vt 0.093440 0.389682
vt 0.071002 0.408692
vt 0.034955 0.776666
vt 0.183601 0.668601
vt 0.178283 0.641429
vt 0.188464 0.672180
vt 0.186879 0.673656
vt 0.186341 0.675080
vt 0.144990 0.429449
vt 0.127764 0.421555
vt 0.168900 0.648004
vt 0.187141 0.678561
vt 0.187631 0.680578
vt 0.168807 0.563971
vt 0.187940 0.682423
vt 0.169335 0.580969
vt 0.162732 0.599047
vt 0.158989 0.580686
vt 0.162602 0.628929
vt 0.157305 0.654908
vt 0.139444 0.690776
vt 0.122887 0.729312
vt 0.116899 0.770307
vt 0.110718 0.748253
vt 0.108394 0.762681
vt 0.084983 0.759897
vt 0.135605 0.465814
vt 0.138221 0.464350
vt 0.165220 0.519493
vt 0.163612 0.541566
vt 0.162569 0.564956
vt 0.153999 0.599505
vt 0.154287 0.631062
vt 0.148881 0.649253
vt 0.144970 0.667085
vt 0.138220 0.669544
vt 0.133282 0.686379
vt 0.118605 0.712608
vt 0.123671 0.684662
vt 0.109961 0.720116
vt 0.111172 0.700751
vt 0.104020 0.407732
vt 0.103436 0.748648
vt 0.155495 0.505988
vt 0.155170 0.565890
vt 0.144503 0.634690
vt 0.110208 0.686426
vt 0.104342 0.678912
vt 0.107962 0.697638
vt 0.100835 0.729828
vt 0.091483 0.720723
vt 0.083619 0.731703
vt 0.141340 0.453548
vt 0.158408 0.515364
vt 0.157677 0.524472
vt 0.154765 0.459136
vt 0.156363 0.465370
vt 0.158353 0.546123
vt 0.149395 0.567638
vt 0.147607 0.460973
vt 0.146004 0.584292
vt 0.145754 0.611419
vt 0.133566 0.646079
vt 0.129753 0.661817
vt 0.118421 0.671737
vt 0.098264 0.679810
vt 0.092154 0.708168
vt 0.083577 0.703573
vt 0.048656 0.513879
vt 0.139243 0.478383
vt 0.145888 0.485290
vt 0.155149 0.539323
vt 0.150251 0.476624
vt 0.149336 0.549093
vt 0.133477 0.626390
vt 0.137164 0.618377
vt 0.121831 0.636215
vt 0.103032 0.660437
vt 0.089521 0.684481
vt 0.089902 0.672186
vt 0.084028 0.687951
vt 0.061480 0.521955
vt 0.056004 0.511829
vt 0.146690 0.497881
vt 0.140458 0.484895
vt 0.143497 0.493934
vt 0.151721 0.512211
vt 0.150901 0.519991
vt 0.144482 0.530929
vt 0.142827 0.490626
vt 0.143050 0.550181
vt 0.144153 0.566553
vt 0.134510 0.564178
vt 0.111588 0.641900
vt 0.101940 0.645615
vt 0.098568 0.656545
vt 0.081069 0.682857
vt 0.145239 0.500220
vt 0.137842 0.490339
vt 0.137111 0.547197
vt 0.136259 0.604816
vt 0.083763 0.672959
vt 0.084230 0.520840
vt 0.082413 0.516103
vt 0.085695 0.521413
vt 0.064617 0.511182
vt 0.062007 0.500041
vt 0.054921 0.503480
vt 0.130740 0.520508
vt 0.132055 0.482173
vt 0.129733 0.544392
vt 0.124500 0.618998
vt 0.120958 0.556897
vt 0.116631 0.575040
vt 0.109705 0.635244
vt 0.107174 0.610023
vt 0.103215 0.553529
vt 0.097793 0.591692
vt 0.092298 0.565791
vt 0.093913 0.655725
vt 0.090825 0.575204
vt 0.075788 0.500740
vt 0.050227 0.504851
vt 0.122769 0.494122
vt 0.118794 0.612827
vt 0.118102 0.624772
vt 0.118709 0.509205
vt 0.109680 0.515287
vt 0.109035 0.548225
vt 0.109678 0.481152
vt 0.107373 0.533665
vt 0.106848 0.628904
vt 0.108909 0.468552
vt 0.107709 0.578839
vt 0.103172 0.605607
vt 0.100225 0.468026
vt 0.094542 0.647550
vt 0.103195 0.498487
vt 0.095225 0.501906
vt 0.089626 0.642463
vt 0.090990 0.614538
vt 0.087705 0.492830
vt 0.086285 0.502498
vt 0.084782 0.590455
vt 0.081457 0.495307
vt 0.083013 0.636834
vt 0.084356 0.610174
vt 0.109003 0.493790
vt 0.095552 0.482327
vt 0.087106 0.663988
vt 0.079877 0.477187
vt 0.084415 0.482249
vt 0.070411 0.486142
vt 0.065546 0.492304
vt 0.060908 0.474724
vt 0.062253 0.490108
vt 0.057446 0.497203
vt 0.063099 0.481869
vt 0.063813 0.471577
vt 0.063146 0.484852
vt 0.055382 0.499254
vt 0.065910 0.447132
vt 0.064910 0.457198
vt 0.063630 0.467307
vt 0.061327 0.484942
vt 0.055937 0.495858
vt 0.058704 0.390232
vt 0.064303 0.440295
vt 0.063884 0.456929
vt 0.062391 0.445935
vt 0.056300 0.433441
vt 0.060003 0.477072
vt 0.053947 0.420800
vt 0.053109 0.412516
vt 0.052595 0.407988
vt 0.053205 0.402746
vt 0.383329 0.800241
vt 0.382945 0.791364
vt 0.383083 0.778798
vt 0.396484 0.854356
vt 0.392822 0.855312
vt 0.386330 0.787183
vt 0.388441 0.797485
vt 0.383566 0.766924
vt 0.382221 0.763728
vt 0.388230 0.766930
vt 0.387790 0.773556
vt 0.386147 0.770753
vt 0.389835 0.785647
vt 0.390721 0.783945
vt 0.384600 0.716487
vt 0.386590 0.736903
vt 0.386377 0.734582
vt 0.391668 0.797519
vt 0.388765 0.797609
vt 0.388165 0.776146
vt 0.390810 0.852765
vt 0.388581 0.857505
vt 0.388927 0.844427
vt 0.386739 0.764498
vt 0.387996 0.767363
vt 0.389192 0.822454
vt 0.389690 0.822506
vt 0.388243 0.827451
vt 0.388917 0.784305
vt 0.384000 0.788630
vt 0.384020 0.775610
vt 0.390399 0.859595
vt 0.390363 0.851365
vt 0.383257 0.792046
vt 0.385093 0.774594
vt 0.386924 0.777202
vt 0.383454 0.773966
vt 0.382821 0.770687
vt 0.382273 0.740563
vt 0.382780 0.736342
vt 0.383161 0.718211
vt 0.382387 0.743230
vt 0.393560 0.815338
vt 0.394560 0.828980
vt 0.389926 0.825449
vt 0.388909 0.766553
vt 0.386934 0.740997
vt 0.389852 0.863159
vt 0.383659 0.789609
vt 0.392161 0.849514
vt 0.389458 0.839457
vt 0.384231 0.779370
vt 0.393575 0.843738
vt 0.390511 0.824865
vt 0.391696 0.811730
vt 0.391642 0.818815
vt 0.388659 0.821982
vt 0.387257 0.808070
vt 0.388153 0.837129
vt 0.389232 0.777176
vt 0.383640 0.780264
vt 0.386577 0.787741
vt 0.388716 0.771414
vt 0.387241 0.757416
vt 0.382410 0.752009
vt 0.383779 0.752324
vt 0.384538 0.801600
vt 0.386435 0.814796
vt 0.386860 0.804650
vt 0.390661 0.801951
vt 0.392589 0.802043
vt 0.390886 0.790527
vt 0.387635 0.811570
vt 0.391960 0.814838
vt 0.393242 0.806279
vt 0.389252 0.804747
vt 0.386071 0.809514
vt 0.388030 0.811005
vt 0.390105 0.789377
vt 0.389742 0.790680
vt 0.387974 0.771579
vt 0.386191 0.772968
vt 0.388529 0.757738
vt 0.387990 0.767126
vt 0.391049 0.782768
vt 0.386168 0.728340
vt 0.386016 0.730678
vt 0.385966 0.725446
vt 0.389954 0.835380
vt 0.393462 0.833108
vt 0.389409 0.815676
vt 0.386330 0.820929
vt 0.389115 0.824791
vt 0.386382 0.821744
vt 0.382736 0.695286
vt 0.381670 0.695910
vt 0.391064 0.837341
vt 0.389254 0.831413
vt 0.388252 0.846017
vt 0.382121 0.761154
vt 0.387275 0.811176
vt 0.389325 0.814396
vt 0.386522 0.823181
vt 0.382719 0.695820
vt 0.382087 0.695546
vt 0.384036 0.800228
vt 0.382862 0.785480
vt 0.385278 0.797185
vt 0.389719 0.833151
vt 0.390250 0.787117
vt 0.390062 0.799113
vt 0.382773 0.772394
vt 0.387105 0.825223
vt 0.388773 0.824083
vt 0.387071 0.821616
vt 0.385957 0.809374
vt 0.387111 0.821160
vt 0.388926 0.812751
vt 0.395783 0.851954
vt 0.390273 0.830505
vt 0.387990 0.822754
vt 0.388912 0.817176
vt 0.389461 0.818950
vt 0.386988 0.817665
vt 0.386172 0.822691
vt 0.389718 0.784585
vt 0.388670 0.792847
vt 0.389341 0.797519
vt 0.385210 0.774974
vt 0.387287 0.784275
vt 0.383915 0.775077
vt 0.385842 0.819545
vt 0.385228 0.812085
vt 0.384134 0.808973
vt 0.386058 0.825638
vt 0.386876 0.826352
vt 0.388007 0.835387
vt 0.386041 0.733328
vt 0.386092 0.728464
vt 0.394247 0.818950
vt 0.391259 0.798793
vt 0.393710 0.841921
vt 0.388037 0.823805
vt 0.388566 0.821016
vt 0.390504 0.824523
vt 0.392599 0.831890
vt 0.390905 0.836968
vt 0.391685 0.810169
vt 0.386576 0.829167
vt 0.382972 0.734846
vt 0.384640 0.806575
vt 0.386348 0.805965
vt 0.390073 0.808974
vt 0.386760 0.797299
vt 0.389143 0.811225
vt 0.385183 0.802892
vt 0.389442 0.798364
vt 0.388540 0.819660
vt 0.390748 0.802183
vt 0.387161 0.813330
vt 0.388676 0.809858
vt 0.392397 0.816845
vt 0.388958 0.810119
vt 0.387784 0.785719
vt 0.389972 0.786978
vt 0.385313 0.790460
vt 0.383615 0.742966
vt 0.384525 0.752248
vt 0.382477 0.746953
vt 0.385932 0.808285
vt 0.390328 0.806656
vt 0.384160 0.805490
vt 0.388497 0.808279
vt 0.385628 0.806289
vt 0.385779 0.805097
vt 0.389005 0.830739
vt 0.391367 0.830270
vt 0.389308 0.811180
vt 0.384036 0.735811
vt 0.385149 0.770387
vt 0.384114 0.783455
vt 0.387813 0.809012
vt 0.388786 0.812074
vt 0.385663 0.807574
vt 0.386306 0.807119
vt 0.384055 0.797031
vt 0.382923 0.759646
vt 0.382272 0.770477
vt 0.387578 0.822129
vt 0.388774 0.828447
vt 0.387377 0.828698
vt 0.386622 0.803289
vt 0.384580 0.794676
vt 0.386882 0.764581
vt 0.383777 0.769407
vt 0.396149 0.840995
vt 0.392947 0.801149
vt 0.388065 0.775184
vt 0.389033 0.775852
vt 0.386028 0.716464
vt 0.383465 0.721179
vt 0.383465 0.723208
vt 0.384507 0.791241
vt 0.382190 0.773435
vt 0.385556 0.730193
vt 0.386875 0.745956
vt 0.385822 0.737157
vt 0.390107 0.801359
vt 0.392734 0.810722
vt 0.387347 0.794916
vt 0.385888 0.738156
vt 0.383178 0.739394
vt 0.392924 0.800232
vt 0.391277 0.803800
vt 0.388751 0.801249
vt 0.392556 0.811843
vt 0.384262 0.707211
vt 0.384093 0.709538
vt 0.384572 0.705663
vt 0.383618 0.791926
vt 0.383096 0.782466
vt 0.382435 0.759036
vt 0.388869 0.813628
vt 0.387001 0.817314
vt 0.388544 0.820051
vt 0.385523 0.803032
vt 0.389637 0.806400
vt 0.390379 0.802132
vt 0.386744 0.815848
vt 0.385968 0.816930
vt 0.386711 0.807191
vt 0.392101 0.796289
vt 0.392321 0.792223
vt 0.386521 0.744116
vt 0.384425 0.745907
vt 0.385750 0.796778
vt 0.391349 0.808276
vt 0.384515 0.725865
vt 0.385098 0.719456
vt 0.383756 0.796411
vt 0.388031 0.800582
vt 0.388504 0.821358
vt 0.386303 0.805877
vt 0.388789 0.795534
vt 0.385854 0.716166
vt 0.383705 0.782011
vt 0.389748 0.829439
vt 0.383592 0.782613
vt 0.385093 0.741594
vt 0.387966 0.748228
vt 0.387772 0.777004
vt 0.384831 0.718542
vt 0.383443 0.729714
vt 0.383069 0.736637
vt 0.387807 0.819284
vt 0.386194 0.816954
vt 0.393553 0.806024
vt 0.388747 0.803798
vt 0.385989 0.811458
vt 0.389104 0.813647
vt 0.386167 0.816706
vt 0.386346 0.797593
vt 0.384646 0.712180
vt 0.384799 0.727232
vt 0.385351 0.715133
vt 0.383198 0.702844
vt 0.387635 0.805702
vt 0.387239 0.808960
vt 0.389779 0.804011
vt 0.386735 0.806945
vt 0.385022 0.803997
vt 0.386654 0.787160
vt 0.387912 0.798303
vt 0.389364 0.809079
vt 0.388741 0.815962
vt 0.385698 0.805988
vt 0.387292 0.796987
vt 0.386403 0.791293
vt 0.383198 0.766745
vt 0.386596 0.817961
vt 0.389948 0.812587
vt 0.386510 0.765454
vt 0.387664 0.767793
vt 0.386104 0.749725
vt 0.382712 0.749646
vt 0.385933 0.760132
vt 0.382582 0.766201
vt 0.391689 0.794389
vt 0.388479 0.807852
vt 0.389271 0.808855
vt 0.385846 0.806566
vt 0.389670 0.786671
vt 0.386526 0.822630
vt 0.384395 0.703561
vt 0.385498 0.713102
vt 0.387390 0.802877
vt 0.383903 0.729826
vt 0.383419 0.728221
vt 0.391684 0.812130
vt 0.388382 0.803278
vt 0.384255 0.801867
vt 0.387652 0.764411
vt 0.387862 0.828977
vt 0.391182 0.819614
vt 0.391954 0.818083
vt 0.391642 0.819857
vt 0.394294 0.830579
vt 0.394771 0.835746
vt 0.394081 0.826991
vt 0.387932 0.756685
vt 0.387119 0.746932
vt 0.394558 0.848900
vt 0.385893 0.763090
vt 0.386570 0.739828
vt 0.387090 0.814770
vt 0.386140 0.793378
vt 0.382751 0.749379
vt 0.393969 0.846898
vt 0.387800 0.821559
vt 0.392347 0.808881
vt 0.389993 0.818850
vt 0.387890 0.753603
vt 0.387871 0.819144
vt 0.384993 0.797672
vt 0.387066 0.804170
vt 0.382882 0.735773
vt 0.385685 0.811433
vt 0.382445 0.706125
vt 0.385014 0.712870
vt 0.384299 0.715017
vt 0.389692 0.854658
vt 0.389711 0.797631
vt 0.390775 0.846244
vt 0.388811 0.794801
vt 0.383318 0.754225
vt 0.384055 0.746605
vt 0.382556 0.761376
vt 0.383595 0.748817
vt 0.385544 0.790784
vt 0.389647 0.822533
vt 0.391342 0.816662
vt 0.387945 0.812391
vt 0.390330 0.806642
vt 0.384856 0.775459
vt 0.385776 0.744211
vt 0.388030 0.752120
vt 0.389990 0.824713
vt 0.394096 0.868855
vt 0.384588 0.770069
vt 0.385923 0.794343
vt 0.384798 0.788256
vt 0.387957 0.762206
vt 0.387911 0.761769
vt 0.388425 0.767783
vt 0.383519 0.773412
vt 0.383573 0.766906
vt 0.384671 0.765027
vt 0.383837 0.772840
vt 0.379209 0.662469
vt 0.379533 0.663009
vt 0.380171 0.675391
vt 0.377392 0.659407
vt 0.378414 0.663035
vt 0.379242 0.668000
vt 0.381047 0.675601
vt 0.381224 0.689669
vt 0.379741 0.675360
vt 0.379733 0.662289
vt 0.378785 0.657603
vt 0.379726 0.657862
vt 0.380939 0.691943
vt 0.380684 0.685307
vt 0.382172 0.679759
vt 0.382909 0.692112
vt 0.384885 0.701793
vt 0.381222 0.674153
vt 0.378234 0.660406
vt 0.378589 0.659833
vt 0.378171 0.666986
vt 0.378830 0.670476
vt 0.380854 0.669728
vt 0.378212 0.655942
vt 0.376797 0.641792
vt 0.375958 0.641352
vt 0.377335 0.655108
vt 0.378325 0.662912
vt 0.377512 0.655098
vt 0.376080 0.641550
vt 0.377236 0.655351
vt 0.376866 0.642560
vt 0.377535 0.645758
vt 0.377482 0.655119
vt 0.378051 0.644418
vt 0.378341 0.647671
vt 0.378521 0.647365
vt 0.377181 0.656464
vt 0.051899 0.688774
vt 0.050998 0.695437
vt 0.048706 0.705401
vt 0.051907 0.701194
vt 0.053993 0.689021
vt 0.049647 0.701458
vt 0.050795 0.694058
vt 0.052991 0.686554
vt 0.055046 0.680373
vt 0.054091 0.688901
vt 0.047455 0.715924
vt 0.045829 0.716983
vt 0.035898 0.769860
vt 0.045316 0.731040
vt 0.035184 0.768019
vt 0.053658 0.686138
vt 0.046714 0.721648
vt 0.052017 0.689597
vt 0.051203 0.701057
vt 0.049408 0.714664
vt 0.057513 0.667162
vt 0.056384 0.666534
vt 0.056395 0.672047
vt 0.051971 0.693584
vt 0.053404 0.688067
vt 0.055104 0.681111
vt 0.058462 0.664014
vt 0.055925 0.680653
vt 0.058062 0.663252
vt 0.056066 0.679219
vt 0.058063 0.664020
vt 0.055317 0.673360
vt 0.058157 0.661854
vt 0.057786 0.663899
vt 0.052796 0.689451
vt 0.052936 0.687311
vt 0.387698 0.822354
vt 0.394781 0.831850
vt 0.388010 0.791947
vt 0.382657 0.767579
vt 0.388938 0.780288
vt 0.385749 0.787084
vt 0.382653 0.763804
vt 0.383038 0.757254
vt 0.385559 0.760051
vt 0.386740 0.748272
vt 0.386773 0.740728
vt 0.385532 0.755610
vt 0.392011 0.813595
vt 0.386249 0.761182
vt 0.388346 0.823793
vt 0.384989 0.712111
vt 0.386377 0.740716
vt 0.385079 0.736373
vt 0.386261 0.756584
vt 0.386880 0.753511
vt 0.387620 0.754088
vt 0.387963 0.760486
vt 0.385625 0.748971
vt 0.387237 0.748919
vt 0.387334 0.750106
vt 0.389329 0.816264
vt 0.392052 0.813337
vt 0.383745 0.752307
vt 0.383707 0.744098
vt 0.386141 0.743221
vt 0.387701 0.770028
vt 0.388811 0.780900
vt 0.385468 0.733894
vt 0.382233 0.703352
vt 0.382292 0.701380
vt 0.387874 0.767607
vt 0.391611 0.812014
vt 0.388129 0.821413
vt 0.392832 0.799535
vt 0.386340 0.771942
vt 0.383300 0.738807
vt 0.383837 0.798391
vt 0.387931 0.757761
vt 0.386271 0.758081
vt 0.384633 0.764507
vt 0.382914 0.747915
vt 0.385581 0.756052
vt 0.384878 0.724638
vt 0.387410 0.738863
vt 0.383129 0.770180
vt 0.386862 0.774890
vt 0.390312 0.799712
vt 0.383173 0.703857
vt 0.384364 0.704490
vt 0.388408 0.760992
vt 0.389121 0.801200
vt 0.384820 0.748254
vt 0.388051 0.759739
vt 0.385356 0.723476
vt 0.383458 0.728825
vt 0.383623 0.772075
vt 0.384853 0.739963
vt 0.387313 0.740332
vt 0.385858 0.733997
vt 0.383422 0.732958
vt 0.385956 0.723126
vt 0.392478 0.807669
vt 0.384029 0.708427
vt 0.390101 0.776981
vt 0.384349 0.714806
vt 0.382890 0.754941
vt 0.384298 0.760213
vt 0.385752 0.760307
vt 0.384303 0.747825
vt 0.386219 0.734735
vt 0.384077 0.734051
vt 0.040691 0.754633
vt 0.036579 0.772590
vt 0.057121 0.662997
vt 0.723870 0.970852
vt 0.693760 0.952782
vt 0.712872 0.921798
vt 0.739300 0.933002
vt 0.974914 0.899632
vt 0.952383 0.931027
vt 0.926087 0.902224
vt 0.949516 0.880794
vt 0.755544 0.983963
vt 0.766293 0.939791
vt 0.990056 0.863713
vt 0.969820 0.854233
vt 0.789186 0.991174
vt 0.793389 0.942879
vt 0.997017 0.825865
vt 0.985870 0.823042
vt 0.823848 0.992275
vt 0.820518 0.942622
vt 0.633809 0.864073
vt 0.627618 0.830567
vt 0.643418 0.859591
vt 0.997017 0.788673
vt 0.858672 0.986989
vt 0.847616 0.938621
vt 0.646695 0.897615
vt 0.663557 0.885300
vt 0.892591 0.975061
vt 0.874486 0.930756
vt 0.667252 0.928032
vt 0.687243 0.906088
vt 0.924337 0.956368
vt 0.900812 0.918747
vt 0.817249 0.903144
vt 0.839848 0.899794
vt 0.650811 0.852953
vt 0.675225 0.870829
vt 0.862572 0.894290
vt 0.699959 0.884002
vt 0.885450 0.886202
vt 0.724333 0.893283
vt 0.908530 0.875146
vt 0.748136 0.899444
vt 0.931770 0.860560
vt 0.771460 0.903013
vt 0.954408 0.841507
vt 0.794454 0.904351
vt 0.976594 0.817494
vt 0.896664 0.849490
vt 0.919324 0.839702
vt 0.752322 0.869626
vt 0.773308 0.870794
vt 0.943589 0.826842
vt 0.793722 0.870662
vt 0.969556 0.810027
vt 0.813860 0.869286
vt 0.655825 0.844951
vt 0.834021 0.866688
vt 0.682464 0.855411
vt 0.854320 0.862539
vt 0.707255 0.862439
vt 0.875096 0.856925
vt 0.730428 0.866966
vt 0.829191 0.836174
vt 0.848277 0.833182
vt 0.685869 0.839719
vt 0.710251 0.841544
vt 0.868084 0.829420
vt 0.732483 0.842243
vt 0.889032 0.824704
vt 0.753155 0.842167
vt 0.911654 0.818747
vt 0.772774 0.841484
vt 0.936701 0.811111
vt 0.791754 0.840261
vt 0.964865 0.801284
vt 0.810451 0.838504
vt 0.658446 0.836213
vt 0.907639 0.797522
vt 0.933334 0.794696
vt 0.770247 0.813639
vt 0.788703 0.811399
vt 0.962806 0.791739
vt 0.806933 0.809222
vt 0.658713 0.827251
vt 0.825277 0.807056
vt 0.685827 0.824144
vt 0.844081 0.804851
vt 0.709521 0.821273
vt 0.863737 0.802559
vt 0.731141 0.818521
vt 0.884719 0.800131
vt 0.751202 0.815995
vt 0.682215 0.809046
vt 0.705318 0.801471
vt 0.841380 0.776241
vt 0.861718 0.775308
vt 0.726552 0.795253
vt 0.883435 0.775099
vt 0.746534 0.790187
vt 0.907100 0.775828
vt 0.765713 0.786042
vt 0.933433 0.777889
vt 0.784461 0.782657
vt 0.963234 0.781974
vt 0.803107 0.779927
vt 0.656476 0.818597
vt 0.821969 0.777793
vt 0.758779 0.757528
vt 0.778674 0.752643
vt 0.937181 0.760922
vt 0.966205 0.772459
vt 0.798691 0.749105
vt 0.652028 0.810725
vt 0.819081 0.746866
vt 0.675276 0.794761
vt 0.840115 0.745961
vt 0.697378 0.782121
vt 0.862094 0.746532
vt 0.718388 0.771976
vt 0.885357 0.748852
vt 0.738766 0.763896
vt 0.910273 0.753395
vt 0.840511 0.712283
vt 0.865398 0.714837
vt 0.685198 0.763448
vt 0.705821 0.748395
vt 0.891215 0.720511
vt 0.726963 0.736302
vt 0.917894 0.729977
vt 0.748558 0.726824
vt 0.945043 0.744155
vt 0.770627 0.719735
vt 0.971779 0.763732
vt 0.793238 0.714927
vt 0.645481 0.804123
vt 0.816494 0.712401
vt 0.664767 0.781761
vt 0.957776 0.728296
vt 0.979967 0.756472
vt 0.758978 0.681711
vt 0.785980 0.674763
vt 0.637025 0.799361
vt 0.814146 0.671663
vt 0.650637 0.770882
vt 0.843236 0.672704
vt 0.667551 0.745835
vt 0.872899 0.678313
vt 0.687261 0.724393
vt 0.902581 0.689036
vt 0.709336 0.706567
vt 0.931384 0.705510
vt 0.733349 0.692337
vt 0.643245 0.730791
vt 0.660244 0.700637
vt 0.887429 0.634131
vt 0.922582 0.653301
vt 0.682707 0.674001
vt 0.953257 0.680419
vt 0.709957 0.651841
vt 0.976921 0.714376
vt 0.741213 0.634974
vt 0.990570 0.751708
vt 0.775634 0.624120
vt 0.627087 0.797101
vt 0.812290 0.619949
vt 0.632160 0.763373
vt 0.850046 0.623108
vt 0.702181 0.748916
vt 0.681430 0.764103
vt 0.663635 0.746388
vt 0.683457 0.724766
vt 0.790203 0.715091
vt 0.767427 0.719965
vt 0.755639 0.681671
vt 0.782834 0.674630
vt 0.862929 0.714906
vt 0.837840 0.712364
vt 0.840530 0.672469
vt 0.870438 0.678075
vt 0.970283 0.764078
vt 0.943280 0.744364
vt 0.956107 0.728348
vt 0.978534 0.756748
vt 0.660878 0.782570
vt 0.646635 0.771634
vt 0.693719 0.782893
vt 0.671476 0.795649
vt 0.813635 0.712515
vt 0.811211 0.671463
vt 0.929451 0.705404
vt 0.951470 0.680059
vt 0.975407 0.714274
vt 0.837481 0.746311
vt 0.816284 0.747245
vt 0.641485 0.805111
vt 0.632966 0.800327
vt 0.915879 0.730101
vt 0.888964 0.720592
vt 0.900379 0.688837
vt 0.723462 0.736709
vt 0.705666 0.706781
vt 0.995730 0.789232
vt 0.623533 0.831757
vt 0.935364 0.761290
vt 0.908220 0.753729
vt 0.648086 0.811751
vt 0.755537 0.758054
vt 0.735384 0.764490
vt 0.745204 0.727134
vt 0.795739 0.749523
vt 0.883091 0.749176
vt 0.964676 0.772881
vt 0.714868 0.772653
vt 0.859636 0.746862
vt 0.775574 0.753110
vt 0.729835 0.692412
vt 0.678795 0.674018
vt 0.706209 0.651655
vt 0.931596 0.778414
vt 0.905040 0.776360
vt 0.654835 0.828383
vt 0.652573 0.819672
vt 0.800220 0.780576
vt 0.781436 0.783343
vt 0.804098 0.810090
vt 0.785734 0.812296
vt 0.961699 0.782472
vt 0.961290 0.792307
vt 0.931501 0.795377
vt 0.762552 0.786771
vt 0.920484 0.652771
vt 0.881178 0.775644
vt 0.841529 0.805664
vt 0.822581 0.807896
vt 0.819225 0.778410
vt 0.838786 0.776830
vt 0.678480 0.810026
vt 0.682133 0.825225
vt 0.705990 0.822310
vt 0.701737 0.802373
vt 0.905602 0.798244
vt 0.769709 0.842612
vt 0.749951 0.843314
vt 0.747962 0.816956
vt 0.767144 0.814567
vt 0.743237 0.790965
vt 0.909672 0.819662
vt 0.886853 0.825668
vt 0.882492 0.800887
vt 0.729132 0.843406
vt 0.727760 0.819518
vt 0.723116 0.796087
vt 0.865732 0.830421
vt 0.861340 0.803344
vt 0.859285 0.775872
vt 0.706744 0.842722
vt 0.656212 0.700880
vt 0.831413 0.867972
vt 0.811106 0.870593
vt 0.807660 0.839588
vt 0.826539 0.837234
vt 0.963395 0.801912
vt 0.967979 0.810806
vt 0.654577 0.837407
vt 0.885009 0.633512
vt 0.788827 0.841368
vt 0.845770 0.834215
vt 0.934892 0.811953
vt 0.682191 0.840908
vt 0.678779 0.856711
vt 0.651948 0.846207
vt 0.790824 0.871987
vt 0.727084 0.868303
vt 0.703746 0.863764
vt 0.941844 0.827904
vt 0.872798 0.858140
vt 0.851862 0.863791
vt 0.770265 0.872130
vt 0.917446 0.840844
vt 0.749132 0.870966
vt 0.744934 0.900993
vt 0.720965 0.894805
vt 0.894545 0.850665
vt 0.639137 0.731272
vt 0.671506 0.872240
vt 0.646907 0.854269
vt 0.768421 0.904572
vt 0.837285 0.901310
vt 0.814528 0.904687
vt 0.975141 0.818318
vt 0.906454 0.876464
vt 0.883213 0.887614
vt 0.696419 0.885481
vt 0.791575 0.905910
vt 0.860171 0.895763
vt 0.952941 0.842597
vt 0.929808 0.861719
vt 0.736060 0.934782
vt 0.709448 0.923520
vt 0.639472 0.860960
vt 0.924147 0.903774
vt 0.898678 0.920405
vt 0.817825 0.944435
vt 0.790514 0.944701
vt 0.683637 0.907726
vt 0.984496 0.823880
vt 0.968387 0.855422
vt 0.872163 0.932490
vt 0.763236 0.941602
vt 0.659773 0.886820
vt 0.947782 0.882189
vt 0.995730 0.826711
vt 0.988809 0.864981
vt 0.663531 0.929831
vt 0.642811 0.899233
vt 0.890369 0.977106
vt 0.856228 0.989097
vt 0.845107 0.940406
vt 0.629804 0.865482
vt 0.821179 0.994415
vt 0.950617 0.932840
vt 0.922339 0.958317
vt 0.690233 0.954721
vt 0.786295 0.993313
vt 0.752435 0.986068
vt 0.973403 0.901246
vt 0.720549 0.972889
vt 0.622957 0.798064
vt 0.628020 0.764096
vt 0.737669 0.634613
vt 0.772329 0.623620
vt 0.809256 0.619355
vt 0.847310 0.622470
vt 0.989230 0.751935
vt 0.140186 0.377774
vt 0.130879 0.399440
vt 0.152380 0.344986
vt 0.578795 0.292057
vt 0.533535 0.287129
vt 0.214054 0.254209
vt 0.216068 0.273714
vt 0.210644 0.282319
vt 0.230429 0.330321
vt 0.092771 0.342448
vt 0.068476 0.336055
vt 0.097244 0.387554
vt 0.080264 0.383493
vt 0.134728 0.468231
vt 0.136721 0.468233
vt 0.091869 0.356904
vt 0.145291 0.473950
vt 0.160422 0.478904
vt 0.430606 0.263456
vt 0.476002 0.262031
vt 0.513494 0.260856
vt 0.460910 0.298602
vt 0.203144 0.346663
vt 0.180078 0.328282
vt 0.220359 0.344916
vt 0.117867 0.406103
vt 0.130530 0.423897
vt 0.582960 0.291609
vt 0.147614 0.454905
vt 0.425348 0.274261
vt 0.130480 0.455159
vt 0.131403 0.459908
vt 0.468745 0.286318
vt 0.151099 0.340968
vt 0.211588 0.345607
vt 0.588822 0.286834
vt 0.489211 0.249527
vt 0.014923 0.308433
vt 0.594959 0.298010
vt 0.126530 0.443974
vt 0.010635 0.298010
vt 0.157887 0.236960
vt 0.106404 0.398396
vt 0.412104 0.235195
vt 0.126886 0.427665
vt 0.131295 0.404430
vt 0.118956 0.441153
vt 0.119525 0.444874
vt 0.068153 0.359918
vt 0.066085 0.347969
vt 0.114584 0.431293
vt 0.132071 0.453578
vt 0.147433 0.455508
vt 0.587550 0.324538
vt 0.583316 0.315946
vt 0.504971 0.309254
vt 0.510985 0.299028
vt 0.132292 0.433796
vt 0.109500 0.412721
vt 0.118048 0.412438
vt 0.210923 0.302307
vt 0.202814 0.318962
vt 0.154227 0.313149
vt 0.128595 0.331694
vt 0.086492 0.391218
vt 0.077238 0.384154
vt 0.007171 0.259692
vt 0.065364 0.251394
vt 0.580244 0.319990
vt 0.577881 0.320898
vt 0.123237 0.452321
vt 0.123744 0.450207
vt 0.140325 0.257347
vt 0.153073 0.265037
vt 0.183529 0.324456
vt 0.046231 0.348376
vt 0.006618 0.332567
vt 0.062123 0.384500
vt 0.492631 0.279395
vt 0.507336 0.273098
vt 0.110519 0.390329
vt 0.529304 0.280139
vt 0.003226 0.324538
vt 0.123285 0.341047
vt 0.136570 0.359409
vt 0.583100 0.240866
vt 0.567330 0.260290
vt 0.591495 0.259692
vt 0.547455 0.283809
vt 0.546959 0.272094
vt 0.130631 0.335035
vt 0.124022 0.367938
vt 0.104851 0.398192
vt 0.192665 0.321392
vt 0.116592 0.389570
vt 0.553660 0.315585
vt 0.063944 0.378609
vt 0.052073 0.380668
vt 0.106768 0.421701
vt 0.106953 0.424069
vt 0.055018 0.361454
vt 0.052433 0.352828
vt 0.102346 0.414008
vt 0.593092 0.338020
vt 0.590835 0.331647
vt 0.541856 0.315555
vt 0.545599 0.308023
vt 0.115065 0.408662
vt 0.093202 0.395946
vt 0.105029 0.398031
vt 0.162925 0.283682
vt 0.166181 0.299241
vt 0.120770 0.307908
vt 0.104983 0.328532
vt 0.117055 0.426537
vt 0.131155 0.424620
vt 0.071776 0.382648
vt 0.014043 0.284126
vt 0.035017 0.276340
vt 0.588647 0.334453
vt 0.587177 0.335169
vt 0.157283 0.304085
vt 0.150211 0.309204
vt 0.110749 0.429928
vt 0.109751 0.425961
vt 0.067745 0.272106
vt 0.083784 0.274064
vt 0.038231 0.355035
vt 0.010722 0.343972
vt 0.543479 0.290181
vt 0.554276 0.287971
vt 0.091500 0.377658
vt 0.562062 0.296070
vt 0.008768 0.338020
vt 0.102383 0.337243
vt 0.116668 0.349762
vt 0.587978 0.284062
vt 0.598367 0.284126
vt 0.584092 0.313121
vt 0.574314 0.291699
vt 0.107328 0.330840
vt 0.106956 0.359497
vt 0.092525 0.388156
vt 0.102063 0.378847
vt 0.572705 0.329406
vt 0.089323 0.400457
vt 0.092731 0.404363
vt 0.050593 0.371908
vt 0.042391 0.374092
vt 0.089836 0.399242
vt 0.043487 0.361305
vt 0.041265 0.355914
vt 0.085974 0.394055
vt 0.006511 0.331647
vt 0.013924 0.346705
vt 0.012814 0.342708
vt 0.570992 0.327046
vt 0.573148 0.320343
vt 0.090846 0.385397
vt 0.073235 0.380328
vt 0.088220 0.382073
vt 0.095439 0.288562
vt 0.109908 0.296734
vt 0.086365 0.313082
vt 0.081043 0.330367
vt 0.094884 0.398632
vt 0.105590 0.393782
vt 0.056222 0.373891
vt 0.020182 0.306646
vt 0.030274 0.301488
vt 0.002853 0.335169
vt 0.004323 0.334453
vt 0.011394 0.344362
vt 0.010484 0.344949
vt 0.106946 0.302327
vt 0.105227 0.307561
vt 0.089753 0.400057
vt 0.044632 0.296742
vt 0.052765 0.296328
vt 0.032176 0.358015
vt 0.014942 0.350472
vt 0.576378 0.308342
vt 0.582016 0.307432
vt 0.069860 0.367968
vt 0.080706 0.337069
vt 0.092911 0.343998
vt 0.003654 0.284062
vt 0.014990 0.306530
vt 0.588247 0.317197
vt 0.591311 0.310880
vt 0.083038 0.331689
vt 0.087153 0.352846
vt 0.077987 0.376187
vt 0.084552 0.367977
vt 0.586824 0.340633
vt 0.599314 0.306530
vt 0.594808 0.344949
vt 0.065211 0.387239
vt 0.053297 0.353526
vt 0.040710 0.355626
vt 0.068568 0.388251
vt 0.028635 0.360858
vt 0.010927 0.357292
vt 0.010167 0.354583
vt 0.579239 0.345112
vt 0.065458 0.368433
vt 0.063742 0.359413
vt 0.067197 0.380351
vt 0.011642 0.359798
vt 0.022888 0.362637
vt 0.061671 0.376342
vt 0.054810 0.353835
vt 0.008762 0.355379
vt 0.009321 0.355575
vt 0.054410 0.358454
vt 0.006987 0.310880
vt 0.003923 0.317197
vt 0.003907 0.351898
vt 0.588230 0.351898
vt 0.002500 0.340633
vt 0.966726 0.374991
vt 0.966881 0.374644
vt 0.957096 0.343116
vt 0.956840 0.343267
vt 0.950895 0.313099
vt 0.950771 0.313251
vt 0.967959 0.371838
vt 0.967851 0.372067
vt 0.958372 0.340718
vt 0.958564 0.340666
vt 0.966676 0.375069
vt 0.956729 0.343191
vt 0.967959 0.371887
vt 0.958604 0.340839
vt 0.966738 0.374868
vt 0.956781 0.342905
vt 0.967848 0.372209
vt 0.958481 0.341209
vt 0.966901 0.374426
vt 0.956985 0.342460
vt 0.967646 0.372750
vt 0.958214 0.341714
vt 0.967136 0.373820
vt 0.957304 0.341932
vt 0.967386 0.373415
vt 0.957851 0.342265
vt 0.967401 0.373151
vt 0.957683 0.341410
vt 0.967115 0.374087
vt 0.957454 0.342762
vt 0.967654 0.372532
vt 0.958060 0.340981
vt 0.951652 0.312064
vt 0.951494 0.312263
vt 0.948605 0.300315
vt 0.951739 0.311961
vt 0.950728 0.313295
vt 0.951740 0.311972
vt 0.950774 0.313222
vt 0.951654 0.312097
vt 0.950900 0.313047
vt 0.951496 0.312314
vt 0.951083 0.312800
vt 0.951292 0.312585
vt 0.951293 0.312523
vt 0.951079 0.312863
vt 0.959493 0.387340
vt 0.959536 0.387052
vt 0.959684 0.386484
vt 0.959910 0.385732
vt 0.960175 0.384923
vt 0.960435 0.384194
vt 0.960646 0.383666
vt 0.960773 0.383432
vt 0.960794 0.383536
vt 0.960702 0.383966
vt 0.960512 0.384649
vt 0.960257 0.385465
vt 0.959982 0.386268
vt 0.959736 0.386915
vt 0.959563 0.387293
vt 0.944560 0.354471
vt 0.944180 0.354872
vt 0.938022 0.321196
vt 0.937833 0.321466
vt 0.945481 0.352952
vt 0.945800 0.352632
vt 0.943933 0.355086
vt 0.945971 0.352512
vt 0.943861 0.355078
vt 0.945963 0.352617
vt 0.943972 0.354853
vt 0.945775 0.352933
vt 0.944246 0.354453
vt 0.945436 0.353405
vt 0.944634 0.353946
vt 0.945005 0.353951
vt 0.945069 0.353416
vt 0.938599 0.320835
vt 0.938388 0.321117
vt 0.935649 0.307758
vt 0.938754 0.320594
vt 0.937720 0.321668
vt 0.938824 0.320437
vt 0.937701 0.321768
vt 0.938797 0.320391
vt 0.937779 0.321750
vt 0.938677 0.320465
vt 0.937939 0.321618
vt 0.938484 0.320647
vt 0.938155 0.321394
vt 0.938252 0.320906
vt 0.945559 0.432261
vt 0.945128 0.433269
vt 0.932334 0.401168
vt 0.932825 0.400511
vt 0.931712 0.401345
vt 0.932042 0.400723
vt 0.923719 0.348837
vt 0.923320 0.349161
vt 0.946381 0.429363
vt 0.946533 0.429209
vt 0.933993 0.398279
vt 0.933831 0.398315
vt 0.944536 0.433905
vt 0.944815 0.433053
vt 0.946507 0.429511
vt 0.946310 0.430211
vt 0.933705 0.399083
vt 0.933947 0.398553
vt 0.945214 0.431982
vt 0.945660 0.430883
vt 0.933017 0.399247
vt 0.932505 0.399980
vt 0.944755 0.434037
vt 0.944506 0.434436
vt 0.931647 0.401840
vt 0.931917 0.401638
vt 0.945976 0.431182
vt 0.933309 0.399775
vt 0.946073 0.429955
vt 0.933487 0.398657
vt 0.944427 0.434392
vt 0.931573 0.401738
vt 0.920673 0.306596
vt 0.920481 0.306874
vt 0.925609 0.348552
vt 0.925911 0.348251
vt 0.923142 0.349416
vt 0.925985 0.348038
vt 0.923212 0.349560
vt 0.925812 0.347953
vt 0.923512 0.349568
vt 0.925419 0.348012
vt 0.923988 0.349442
vt 0.924872 0.348205
vt 0.924560 0.349202
vt 0.924269 0.348498
vt 0.925131 0.348888
vt 0.921668 0.307021
vt 0.921434 0.307277
vt 0.919846 0.290999
vt 0.921809 0.306740
vt 0.920401 0.307151
vt 0.921832 0.306480
vt 0.920445 0.307379
vt 0.921731 0.306288
vt 0.920606 0.307520
vt 0.921524 0.306197
vt 0.920853 0.307549
vt 0.921244 0.306224
vt 0.921146 0.307464
vt 0.920943 0.306366
vt 0.933475 0.503595
vt 0.918324 0.478047
vt 0.918997 0.477286
vt 0.934226 0.502419
vt 0.919798 0.476491
vt 0.935205 0.501243
vt 0.920596 0.475792
vt 0.936250 0.500255
vt 0.921261 0.475306
vt 0.937197 0.499619
vt 0.921684 0.475124
vt 0.937898 0.499452
vt 0.921793 0.475287
vt 0.938237 0.499801
vt 0.921560 0.475776
vt 0.938147 0.500624
vt 0.921018 0.476507
vt 0.937625 0.501782
vt 0.920253 0.477345
vt 0.936746 0.503064
vt 0.919401 0.478135
vt 0.935659 0.504226
vt 0.918619 0.478733
vt 0.934566 0.505052
vt 0.918051 0.479037
vt 0.933676 0.505401
vt 0.917797 0.479005
vt 0.933156 0.505230
vt 0.910046 0.433936
vt 0.910783 0.433522
vt 0.917897 0.478654
vt 0.933091 0.504588
vt 0.909146 0.435077
vt 0.909653 0.434989
vt 0.908104 0.368415
vt 0.907580 0.368156
vt 0.912595 0.433115
vt 0.912366 0.433439
vt 0.912125 0.432983
vt 0.912508 0.432955
vt 0.911143 0.434328
vt 0.910362 0.434725
vt 0.909028 0.434729
vt 0.909426 0.434361
vt 0.911516 0.433185
vt 0.911853 0.433870
vt 0.908927 0.434983
vt 0.910535 0.311427
vt 0.910261 0.311503
vt 0.910612 0.368178
vt 0.911014 0.368417
vt 0.907352 0.367917
vt 0.911114 0.368631
vt 0.907450 0.367740
vt 0.910886 0.368783
vt 0.907850 0.367654
vt 0.910364 0.368843
vt 0.908478 0.367667
vt 0.909635 0.368795
vt 0.909230 0.367772
vt 0.908832 0.368643
vt 0.909982 0.367952
vt 0.911779 0.312282
vt 0.911452 0.312317
vt 0.911782 0.289627
vt 0.911988 0.312176
vt 0.910132 0.311641
vt 0.912044 0.312017
vt 0.910169 0.311819
vt 0.911933 0.311831
vt 0.910363 0.312004
vt 0.911674 0.311651
vt 0.910679 0.312165
vt 0.911310 0.311509
vt 0.911064 0.312276
vt 0.910906 0.311430
vt 0.906468 0.522995
vt 0.901161 0.511732
vt 0.901683 0.510206
vt 0.906894 0.521563
vt 0.902469 0.508649
vt 0.907601 0.520117
vt 0.903384 0.507307
vt 0.908464 0.518890
vt 0.904285 0.506401
vt 0.909347 0.518084
vt 0.905034 0.506092
vt 0.910116 0.517843
vt 0.905513 0.506453
vt 0.910650 0.518223
vt 0.905637 0.507442
vt 0.910856 0.519176
vt 0.905367 0.508898
vt 0.910684 0.520547
vt 0.904730 0.510562
vt 0.910146 0.522091
vt 0.903828 0.512121
vt 0.909321 0.523522
vt 0.902823 0.513286
vt 0.908358 0.524575
vt 0.901910 0.513850
vt 0.907442 0.525065
vt 0.901267 0.513733
vt 0.906750 0.524919
vt 0.877434 0.467260
vt 0.878430 0.466195
vt 0.901007 0.512978
vt 0.906410 0.524182
vt 0.876729 0.470357
vt 0.877587 0.470157
vt 0.866381 0.382732
vt 0.865524 0.382547
vt 0.881405 0.465254
vt 0.881267 0.466114
vt 0.880422 0.464855
vt 0.881102 0.464815
vt 0.879776 0.468449
vt 0.878671 0.469483
vt 0.876233 0.469365
vt 0.876656 0.468374
vt 0.879481 0.465347
vt 0.880695 0.467249
vt 0.876253 0.470069
vt 0.864679 0.299916
vt 0.864271 0.300221
vt 0.869676 0.380477
vt 0.870358 0.380691
vt 0.865090 0.382195
vt 0.870622 0.381065
vt 0.865138 0.381750
vt 0.870406 0.381542
vt 0.865644 0.381290
vt 0.869729 0.382039
vt 0.866507 0.380884
vt 0.868701 0.382456
vt 0.867582 0.380589
vt 0.867510 0.382703
vt 0.868697 0.380445
vt 0.866364 0.300901
vt 0.865886 0.301152
vt 0.864553 0.269796
vt 0.866684 0.300576
vt 0.864066 0.300569
vt 0.866789 0.300231
vt 0.864097 0.300897
vt 0.866657 0.299926
vt 0.864354 0.301151
vt 0.866308 0.299715
vt 0.864790 0.301289
vt 0.865799 0.299637
vt 0.865331 0.301289
vt 0.865221 0.299709
vt 0.903206 0.554600
vt 0.856747 0.527898
vt 0.858367 0.526443
vt 0.904313 0.552203
vt 0.859936 0.525256
vt 0.905842 0.550150
vt 0.861223 0.524542
vt 0.907560 0.548764
vt 0.862035 0.524449
vt 0.909242 0.548289
vt 0.862238 0.525025
vt 0.910672 0.548839
vt 0.861768 0.526195
vt 0.911641 0.550367
vt 0.860663 0.527751
vt 0.911959 0.552635
vt 0.859081 0.529392
vt 0.911487 0.555244
vt 0.857300 0.530798
vt 0.910213 0.557698
vt 0.855670 0.531709
vt 0.908319 0.559524
vt 0.854520 0.531987
vt 0.906193 0.560386
vt 0.854069 0.531620
vt 0.904324 0.560161
vt 0.854371 0.530702
vt 0.903113 0.558938
vt 0.832146 0.466704
vt 0.833395 0.466023
vt 0.855332 0.529393
vt 0.902750 0.556970
vt 0.828356 0.470174
vt 0.828548 0.470551
vt 0.814438 0.365676
vt 0.814315 0.365438
vt 0.834330 0.467137
vt 0.833278 0.468199
vt 0.834902 0.465760
vt 0.834897 0.466271
vt 0.830505 0.470069
vt 0.829307 0.470524
vt 0.829614 0.468573
vt 0.830816 0.467601
vt 0.834367 0.465682
vt 0.831919 0.469245
vt 0.828741 0.469476
vt 0.808992 0.273676
vt 0.808974 0.274260
vt 0.820468 0.362609
vt 0.820415 0.362927
vt 0.814722 0.364992
vt 0.819829 0.363474
vt 0.815569 0.364416
vt 0.818794 0.364151
vt 0.816707 0.363796
vt 0.817494 0.364823
vt 0.817953 0.363223
vt 0.816176 0.365356
vt 0.819113 0.362787
vt 0.815092 0.365654
vt 0.820002 0.362565
vt 0.811987 0.272906
vt 0.811817 0.273522
vt 0.808019 0.241903
vt 0.811896 0.272372
vt 0.809212 0.274693
vt 0.811553 0.272017
vt 0.809662 0.274907
vt 0.811017 0.271908
vt 0.810246 0.274871
vt 0.810381 0.272069
vt 0.810866 0.274592
vt 0.809761 0.272472
vt 0.811420 0.274117
vt 0.809269 0.273043
vt 0.751744 0.575271
vt 0.789106 0.531497
vt 0.791214 0.532383
vt 0.755129 0.577316
vt 0.792836 0.533285
vt 0.757230 0.579303
vt 0.793671 0.534088
vt 0.757383 0.580956
vt 0.793526 0.534678
vt 0.755203 0.581986
vt 0.792374 0.534937
vt 0.750946 0.582126
vt 0.790399 0.534776
vt 0.745647 0.581232
vt 0.787981 0.534178
vt 0.740709 0.579416
vt 0.785601 0.533234
vt 0.737205 0.577058
vt 0.783713 0.532140
vt 0.735557 0.574678
vt 0.782632 0.531134
vt 0.735696 0.572758
vt 0.782496 0.530423
vt 0.737334 0.571624
vt 0.783274 0.530124
vt 0.740128 0.571409
vt 0.784810 0.530253
vt 0.743729 0.572068
vt 0.803117 0.459937
vt 0.804180 0.460501
vt 0.786857 0.530747
vt 0.747753 0.573434
vt 0.798050 0.458837
vt 0.797616 0.459118
vt 0.803780 0.344776
vt 0.804158 0.344724
vt 0.802882 0.461738
vt 0.801379 0.461458
vt 0.804726 0.461481
vt 0.804068 0.461736
vt 0.798576 0.460278
vt 0.797793 0.459627
vt 0.800304 0.459026
vt 0.801752 0.459422
vt 0.804756 0.461042
vt 0.799847 0.460936
vt 0.799001 0.458813
vt 0.807944 0.250567
vt 0.808101 0.251243
vt 0.810185 0.345902
vt 0.809620 0.345940
vt 0.805003 0.344780
vt 0.808573 0.345872
vt 0.806168 0.344924
vt 0.807229 0.345700
vt 0.807464 0.345128
vt 0.805843 0.345452
vt 0.808690 0.345358
vt 0.804682 0.345177
vt 0.809653 0.345584
vt 0.803957 0.344936
vt 0.810188 0.345775
vt 0.811125 0.250619
vt 0.811119 0.251297
vt 0.810469 0.219315
vt 0.810856 0.249954
vt 0.808502 0.251826
vt 0.810353 0.249423
vt 0.809077 0.252223
vt 0.809705 0.249125
vt 0.809730 0.252372
vt 0.809029 0.249116
vt 0.810353 0.252249
vt 0.808448 0.249398
vt 0.810844 0.251871
vt 0.808065 0.249913
vt 0.674222 0.561488
vt 0.740684 0.545431
vt 0.742236 0.546892
vt 0.673409 0.563762
vt 0.743323 0.547934
vt 0.672192 0.565320
vt 0.743703 0.548389
vt 0.670798 0.565874
vt 0.743262 0.548169
vt 0.669547 0.565293
vt 0.742074 0.547281
vt 0.668734 0.563648
vt 0.740386 0.545850
vt 0.668516 0.561217
vt 0.738551 0.544117
vt 0.668875 0.558445
vt 0.736916 0.542404
vt 0.669674 0.555850
vt 0.735750 0.541041
vt 0.670729 0.553906
vt 0.735205 0.540284
vt 0.671866 0.552945
vt 0.735326 0.540258
vt 0.672936 0.553103
vt 0.736076 0.540942
vt 0.673811 0.554314
vt 0.737345 0.542191
vt 0.674380 0.556353
vt 0.774927 0.487667
vt 0.775791 0.488109
vt 0.738959 0.543776
vt 0.674541 0.558879
vt 0.770018 0.484618
vt 0.769445 0.484183
vt 0.782648 0.392530
vt 0.783126 0.392869
vt 0.773798 0.486789
vt 0.772358 0.485911
vt 0.775876 0.488051
vt 0.775049 0.487543
vt 0.769961 0.484424
vt 0.769418 0.484110
vt 0.772333 0.486158
vt 0.773705 0.486983
vt 0.776133 0.488245
vt 0.770997 0.485067
vt 0.771036 0.485321
vt 0.788373 0.320883
vt 0.788561 0.321431
vt 0.787878 0.393965
vt 0.787220 0.393612
vt 0.783965 0.393284
vt 0.786214 0.393201
vt 0.785023 0.393696
vt 0.785043 0.392802
vt 0.786132 0.394036
vt 0.783926 0.392485
vt 0.787112 0.394250
vt 0.783070 0.392317
vt 0.787803 0.394310
vt 0.782623 0.392332
vt 0.788078 0.394210
vt 0.790730 0.320844
vt 0.790803 0.321398
vt 0.790910 0.296098
vt 0.790454 0.320313
vt 0.788921 0.321902
vt 0.790024 0.319899
vt 0.789391 0.322217
vt 0.789514 0.319677
vt 0.789894 0.322324
vt 0.789017 0.319687
vt 0.790344 0.322205
vt 0.788620 0.319926
vt 0.790666 0.321878
vt 0.788393 0.320350
vt 0.702223 0.534329
vt 0.733834 0.509204
vt 0.734842 0.510308
vt 0.703014 0.536203
vt 0.735579 0.511079
vt 0.703400 0.537631
vt 0.735902 0.511390
vt 0.703276 0.538370
vt 0.735736 0.511181
vt 0.702637 0.538269
vt 0.735103 0.510473
vt 0.701602 0.537310
vt 0.734120 0.509371
vt 0.700387 0.535636
vt 0.732977 0.508064
vt 0.699240 0.533542
vt 0.731888 0.506788
vt 0.698372 0.531424
vt 0.731043 0.505783
vt 0.697911 0.529682
vt 0.730575 0.505234
vt 0.697902 0.528629
vt 0.730547 0.505234
vt 0.698319 0.528431
vt 0.730951 0.505769
vt 0.699085 0.529089
vt 0.731720 0.506729
vt 0.700089 0.530463
vt 0.755795 0.460996
vt 0.756413 0.461459
vt 0.732733 0.507943
vt 0.701190 0.532310
vt 0.752412 0.458103
vt 0.752046 0.457737
vt 0.764850 0.382759
vt 0.765223 0.382946
vt 0.755154 0.460293
vt 0.754169 0.459463
vt 0.756532 0.461470
vt 0.755993 0.461002
vt 0.752476 0.458037
vt 0.752065 0.457711
vt 0.753986 0.459515
vt 0.754937 0.460312
vt 0.756677 0.461628
vt 0.753219 0.458660
vt 0.753096 0.458735
vt 0.771977 0.320612
vt 0.772124 0.321010
vt 0.769117 0.385110
vt 0.768595 0.384862
vt 0.765895 0.383304
vt 0.767788 0.384453
vt 0.766752 0.383767
vt 0.766842 0.383948
vt 0.767656 0.384257
vt 0.765933 0.383440
vt 0.768461 0.384694
vt 0.765228 0.383027
vt 0.769032 0.385012
vt 0.764848 0.382786
vt 0.769268 0.385160
vt 0.774055 0.321257
vt 0.774102 0.321626
vt 0.775093 0.297666
vt 0.773830 0.320845
vt 0.772425 0.321409
vt 0.773465 0.320463
vt 0.772830 0.321741
vt 0.773023 0.320178
vt 0.773270 0.321951
vt 0.772585 0.320043
vt 0.773671 0.322004
vt 0.772227 0.320080
vt 0.773965 0.321890
vt 0.772013 0.320282
vt 0.674585 0.481104
vt 0.693781 0.460588
vt 0.694225 0.461759
vt 0.674886 0.482729
vt 0.694573 0.462460
vt 0.675061 0.483827
vt 0.694760 0.462565
vt 0.675072 0.484201
vt 0.694746 0.462041
vt 0.674912 0.483765
vt 0.694533 0.460968
vt 0.674607 0.482575
vt 0.694158 0.459528
vt 0.674217 0.480827
vt 0.693693 0.457979
vt 0.673816 0.478836
vt 0.693224 0.456602
vt 0.673477 0.476972
vt 0.692832 0.455646
vt 0.673259 0.475574
vt 0.692583 0.455276
vt 0.673191 0.474886
vt 0.692513 0.455545
vt 0.673279 0.475009
vt 0.692629 0.456391
vt 0.673505 0.475898
vt 0.692913 0.457663
vt 0.673833 0.477387
vt 0.716241 0.429984
vt 0.716608 0.430480
vt 0.693318 0.459144
vt 0.674213 0.479222
vt 0.714236 0.425859
vt 0.714024 0.425167
vt 0.732478 0.370536
vt 0.732791 0.371039
vt 0.715862 0.428086
vt 0.715283 0.426898
vt 0.716677 0.430065
vt 0.716357 0.429209
vt 0.714286 0.425157
vt 0.714040 0.424915
vt 0.715165 0.428014
vt 0.715730 0.429114
vt 0.716764 0.430511
vt 0.714725 0.425858
vt 0.714638 0.426865
vt 0.743960 0.324179
vt 0.744074 0.324615
vt 0.735551 0.374379
vt 0.735123 0.373751
vt 0.733315 0.371791
vt 0.734504 0.372903
vt 0.733962 0.372665
vt 0.733805 0.371986
vt 0.734627 0.373515
vt 0.733155 0.371168
vt 0.735201 0.374204
vt 0.732670 0.370598
vt 0.735587 0.374617
vt 0.732433 0.370377
vt 0.735713 0.374682
vt 0.745568 0.325646
vt 0.745606 0.326015
vt 0.748557 0.307061
vt 0.745391 0.325164
vt 0.744308 0.325116
vt 0.745108 0.324653
vt 0.744622 0.325598
vt 0.744766 0.324203
vt 0.744963 0.325979
vt 0.744427 0.323895
vt 0.745274 0.326195
vt 0.744152 0.323782
vt 0.745502 0.326208
vt 0.743987 0.323884
vt 0.666180 0.436685
vt 0.682111 0.427610
vt 0.682299 0.428310
vt 0.666242 0.437637
vt 0.682375 0.428514
vt 0.666179 0.437968
vt 0.682323 0.428175
vt 0.665997 0.437606
vt 0.682148 0.427343
vt 0.665728 0.436597
vt 0.681884 0.426158
vt 0.665422 0.435112
vt 0.681578 0.424831
vt 0.665136 0.433415
vt 0.681285 0.423602
vt 0.664920 0.431820
vt 0.681058 0.422693
vt 0.664812 0.430614
vt 0.680935 0.422261
vt 0.664827 0.430007
vt 0.680932 0.422372
vt 0.664959 0.430090
vt 0.681050 0.422997
vt 0.665183 0.430833
vt 0.681266 0.424021
vt 0.665462 0.432096
vt 0.681546 0.425270
vt 0.665752 0.433665
vt 0.699154 0.401596
vt 0.699250 0.401725
vt 0.681844 0.426536
vt 0.666006 0.435283
vt 0.697682 0.398295
vt 0.697359 0.397478
vt 0.711260 0.349050
vt 0.711719 0.349588
vt 0.698073 0.398795
vt 0.697655 0.397848
vt 0.698901 0.400763
vt 0.698515 0.399828
vt 0.697167 0.396849
vt 0.697177 0.396965
vt 0.698519 0.400257
vt 0.698895 0.401076
vt 0.699161 0.401433
vt 0.697335 0.397160
vt 0.698091 0.399276
vt 0.719764 0.306563
vt 0.719980 0.306946
vt 0.713297 0.351183
vt 0.712759 0.350570
vt 0.712285 0.350229
vt 0.712151 0.349892
vt 0.712866 0.350868
vt 0.711584 0.349273
vt 0.713367 0.351400
vt 0.711159 0.348825
vt 0.713701 0.351735
vt 0.710950 0.348627
vt 0.713810 0.351816
vt 0.710988 0.348708
vt 0.713669 0.351623
vt 0.720917 0.307043
vt 0.721083 0.307409
vt 0.723393 0.290161
vt 0.720658 0.306649
vt 0.720265 0.307320
vt 0.720350 0.306298
vt 0.720571 0.307621
vt 0.720049 0.306051
vt 0.720845 0.307798
vt 0.719808 0.305953
vt 0.721042 0.307821
vt 0.719668 0.306018
vt 0.721126 0.307684
vt 0.719653 0.306234
vt 0.651690 0.414253
vt 0.664501 0.413860
vt 0.664415 0.414187
vt 0.651488 0.414611
vt 0.664284 0.414015
vt 0.651254 0.414376
vt 0.664129 0.413364
vt 0.651031 0.413578
vt 0.663979 0.412345
vt 0.650859 0.412351
vt 0.663861 0.411138
vt 0.650769 0.410913
vt 0.663796 0.409959
vt 0.650777 0.409525
vt 0.663794 0.409019
vt 0.650880 0.408435
vt 0.663856 0.408484
vt 0.651057 0.407833
vt 0.663968 0.408438
vt 0.651278 0.407815
vt 0.664112 0.408883
vt 0.651504 0.408372
vt 0.664263 0.409735
vt 0.651698 0.409402
vt 0.664396 0.410847
vt 0.651829 0.410728
vt 0.664490 0.412034
vt 0.651875 0.412129
vt 0.680379 0.398335
vt 0.680248 0.398171
vt 0.664527 0.413098
vt 0.651826 0.413374
vt 0.679783 0.395468
vt 0.679491 0.394497
vt 0.694157 0.355775
vt 0.694656 0.356455
vt 0.679175 0.394630
vt 0.679013 0.393823
vt 0.679726 0.396702
vt 0.679427 0.395650
vt 0.679045 0.393347
vt 0.679231 0.393747
vt 0.680273 0.397414
vt 0.680386 0.398065
vt 0.680017 0.397594
vt 0.678968 0.393371
vt 0.680059 0.396497
vt 0.703099 0.318544
vt 0.703354 0.318928
vt 0.694927 0.357011
vt 0.694399 0.356286
vt 0.695157 0.357148
vt 0.693919 0.355607
vt 0.695576 0.357742
vt 0.693573 0.355098
vt 0.695842 0.358136
vt 0.693419 0.354847
vt 0.695906 0.358262
vt 0.693480 0.354893
vt 0.695753 0.358092
vt 0.693742 0.355223
vt 0.695407 0.357651
vt 0.703647 0.318534
vt 0.703882 0.318924
vt 0.706771 0.303580
vt 0.703375 0.318161
vt 0.703623 0.319261
vt 0.703113 0.317872
vt 0.703860 0.319488
vt 0.702908 0.317716
vt 0.704024 0.319569
vt 0.702795 0.317721
vt 0.704087 0.319490
vt 0.702793 0.317884
vt 0.704037 0.319262
vt 0.702900 0.318175
vt 0.662459 0.288026
vt 0.662373 0.288645
vt 0.678144 0.319316
vt 0.678345 0.318796
vt 0.689810 0.347956
vt 0.689881 0.347591
vt 0.661369 0.292684
vt 0.661413 0.292236
vt 0.676748 0.322783
vt 0.676610 0.323144
vt 0.662450 0.287804
vt 0.678398 0.318649
vt 0.661419 0.292720
vt 0.676624 0.323123
vt 0.662349 0.288009
vt 0.678295 0.318893
vt 0.661557 0.292331
vt 0.676791 0.322716
vt 0.662175 0.288600
vt 0.678058 0.319479
vt 0.661758 0.291579
vt 0.677085 0.321990
vt 0.661959 0.289474
vt 0.677728 0.320305
vt 0.661988 0.290594
vt 0.677452 0.321070
vt 0.661736 0.290482
vt 0.677359 0.321232
vt 0.662206 0.289554
vt 0.677828 0.320122
vt 0.661543 0.291457
vt 0.677013 0.322107
vt 0.688938 0.349562
vt 0.689050 0.349127
vt 0.694291 0.359336
vt 0.688905 0.349844
vt 0.689869 0.347413
vt 0.688957 0.349924
vt 0.689774 0.347451
vt 0.689085 0.349785
vt 0.689616 0.347698
vt 0.689268 0.349449
vt 0.689420 0.348109
vt 0.689474 0.348975
vt 0.689220 0.348613
vt 0.689666 0.348446
vt 0.667596 0.277491
vt 0.667528 0.277736
vt 0.667395 0.278419
vt 0.667222 0.279420
vt 0.667036 0.280569
vt 0.666869 0.281675
vt 0.666749 0.282555
vt 0.666696 0.283057
vt 0.666720 0.283089
vt 0.666820 0.282637
vt 0.666977 0.281773
vt 0.667165 0.280647
vt 0.667351 0.279462
vt 0.667500 0.278429
vt 0.667586 0.277733
vt 0.688677 0.304304
vt 0.688976 0.303414
vt 0.700271 0.333853
vt 0.700400 0.333329
vt 0.687512 0.306018
vt 0.687277 0.306786
vt 0.689131 0.302798
vt 0.687193 0.307244
vt 0.689118 0.302560
vt 0.687277 0.307308
vt 0.688942 0.302734
vt 0.687519 0.306959
vt 0.688636 0.303282
vt 0.687876 0.306253
vt 0.688253 0.304108
vt 0.688287 0.305311
vt 0.687856 0.305073
vt 0.699488 0.334344
vt 0.699651 0.333805
vt 0.704495 0.344798
vt 0.699397 0.334819
vt 0.700444 0.332918
vt 0.699396 0.335150
vt 0.700397 0.332691
vt 0.699484 0.335277
vt 0.700266 0.332685
vt 0.699647 0.335178
vt 0.700076 0.332899
vt 0.699858 0.334867
vt 0.699859 0.333295
vt 0.700079 0.334398
vt 0.651584 0.221703
vt 0.665155 0.232308
vt 0.664991 0.233201
vt 0.651502 0.222852
vt 0.664748 0.234402
vt 0.651295 0.224349
vt 0.664469 0.235710
vt 0.651000 0.225947
vt 0.664199 0.236911
vt 0.650665 0.227384
vt 0.663982 0.237804
vt 0.650345 0.228424
vt 0.663856 0.238234
vt 0.650092 0.228884
vt 0.663843 0.238117
vt 0.649950 0.228673
vt 0.663948 0.237462
vt 0.649947 0.227811
vt 0.664155 0.236378
vt 0.650086 0.226436
vt 0.664428 0.235053
vt 0.650347 0.224793
vt 0.664719 0.233729
vt 0.650682 0.223182
vt 0.664975 0.232645
vt 0.651031 0.221896
vt 0.665149 0.231993
vt 0.651329 0.221164
vt 0.679606 0.261917
vt 0.679233 0.262824
vt 0.665212 0.231877
vt 0.651524 0.221101
vt 0.679765 0.261771
vt 0.679425 0.262666
vt 0.692472 0.315266
vt 0.692955 0.314637
vt 0.678037 0.265983
vt 0.678070 0.265972
vt 0.678452 0.264817
vt 0.678173 0.265572
vt 0.678603 0.264733
vt 0.679013 0.263717
vt 0.680013 0.261019
vt 0.679882 0.261279
vt 0.678826 0.263846
vt 0.678270 0.265531
vt 0.679973 0.261190
vt 0.699809 0.359091
vt 0.700046 0.358659
vt 0.690955 0.315873
vt 0.690561 0.316435
vt 0.693237 0.314151
vt 0.690381 0.316829
vt 0.693272 0.313890
vt 0.690450 0.316983
vt 0.693060 0.313896
vt 0.690762 0.316866
vt 0.692641 0.314159
vt 0.691266 0.316491
vt 0.692089 0.314634
vt 0.691873 0.315924
vt 0.691494 0.315238
vt 0.698865 0.358711
vt 0.699141 0.358305
vt 0.702440 0.374823
vt 0.698679 0.359133
vt 0.700169 0.358253
vt 0.698616 0.359499
vt 0.700158 0.357944
vt 0.698689 0.359746
vt 0.700016 0.357784
vt 0.698885 0.359830
vt 0.699770 0.357799
vt 0.699172 0.359733
vt 0.699461 0.357983
vt 0.699500 0.359471
vt 0.664999 0.202443
vt 0.665243 0.200987
vt 0.683701 0.226013
vt 0.683301 0.227151
vt 0.684416 0.225345
vt 0.684206 0.226326
vt 0.701072 0.275456
vt 0.701404 0.274680
vt 0.664746 0.206265
vt 0.664612 0.206566
vt 0.682550 0.230655
vt 0.682739 0.230500
vt 0.665751 0.199758
vt 0.665642 0.200913
vt 0.664574 0.206218
vt 0.664635 0.205296
vt 0.682659 0.229485
vt 0.682523 0.230293
vt 0.665447 0.202414
vt 0.665203 0.203991
vt 0.683460 0.228799
vt 0.683866 0.227551
vt 0.665476 0.199834
vt 0.665658 0.199181
vt 0.684337 0.224711
vt 0.684067 0.225151
vt 0.664785 0.203963
vt 0.682933 0.228375
vt 0.664955 0.205356
vt 0.683061 0.229844
vt 0.665757 0.199149
vt 0.684462 0.224776
vt 0.710355 0.316625
vt 0.710493 0.316113
vt 0.698959 0.277221
vt 0.698726 0.277889
vt 0.701505 0.274168
vt 0.698727 0.278263
vt 0.701362 0.274004
vt 0.698967 0.278273
vt 0.701004 0.274206
vt 0.699408 0.277909
vt 0.700497 0.274736
vt 0.699975 0.277232
vt 0.699925 0.275502
vt 0.700566 0.276361
vt 0.699383 0.276379
vt 0.709154 0.316946
vt 0.709346 0.316426
vt 0.713364 0.331352
vt 0.709071 0.317419
vt 0.710509 0.315698
vt 0.709113 0.317764
vt 0.710402 0.315451
vt 0.709272 0.317919
vt 0.710190 0.315413
vt 0.709524 0.317855
vt 0.709912 0.315589
vt 0.709823 0.317581
vt 0.709614 0.315946
vt 0.710118 0.317146
vt 0.673023 0.186554
vt 0.676525 0.186787
vt 0.676445 0.187694
vt 0.672983 0.187390
vt 0.676306 0.189129
vt 0.672887 0.188712
vt 0.676134 0.190849
vt 0.672751 0.190296
vt 0.675958 0.192575
vt 0.672599 0.191884
vt 0.675804 0.194023
vt 0.672456 0.193214
vt 0.675700 0.194950
vt 0.672344 0.194061
vt 0.675661 0.195187
vt 0.672283 0.194273
vt 0.675696 0.194674
vt 0.672283 0.193796
vt 0.675802 0.193486
vt 0.672347 0.192701
vt 0.675962 0.191823
vt 0.672465 0.191173
vt 0.676147 0.189986
vt 0.672617 0.189488
vt 0.676324 0.188313
vt 0.672774 0.187954
vt 0.676461 0.187107
vt 0.672910 0.186847
vt 0.698703 0.213727
vt 0.698286 0.214764
vt 0.676531 0.186573
vt 0.672997 0.186357
vt 0.698921 0.214838
vt 0.698549 0.216232
vt 0.716352 0.271612
vt 0.716880 0.270618
vt 0.697001 0.219627
vt 0.697047 0.219983
vt 0.697433 0.217499
vt 0.697138 0.218747
vt 0.697643 0.218927
vt 0.698095 0.217683
vt 0.699176 0.213163
vt 0.699019 0.213158
vt 0.697838 0.216095
vt 0.697273 0.219739
vt 0.699143 0.213753
vt 0.724339 0.313712
vt 0.724575 0.313158
vt 0.714602 0.270600
vt 0.714180 0.271568
vt 0.717180 0.269676
vt 0.713997 0.272426
vt 0.717203 0.268951
vt 0.714090 0.273023
vt 0.716950 0.268563
vt 0.714449 0.273250
vt 0.716472 0.268571
vt 0.715015 0.273059
vt 0.715851 0.268968
vt 0.715690 0.272479
vt 0.715192 0.269683
vt 0.723359 0.312503
vt 0.723635 0.312011
vt 0.726777 0.327389
vt 0.723176 0.313077
vt 0.724694 0.312573
vt 0.723119 0.313636
vt 0.724677 0.312062
vt 0.723198 0.314083
vt 0.724528 0.311710
vt 0.723402 0.314341
vt 0.724274 0.311578
vt 0.723696 0.314361
vt 0.723958 0.311684
vt 0.724027 0.314139
vt 0.658269 0.115535
vt 0.681288 0.130098
vt 0.680834 0.131497
vt 0.658045 0.117371
vt 0.680279 0.132992
vt 0.657611 0.119318
vt 0.679717 0.134342
vt 0.657043 0.121064
vt 0.679236 0.135322
vt 0.656433 0.122324
vt 0.678912 0.135759
vt 0.655875 0.122879
vt 0.678802 0.135563
vt 0.655456 0.122614
vt 0.678928 0.134751
vt 0.655249 0.121548
vt 0.679279 0.133457
vt 0.655299 0.119851
vt 0.679799 0.131910
vt 0.655609 0.117823
vt 0.680397 0.130398
vt 0.656134 0.115840
vt 0.680964 0.129196
vt 0.656779 0.114269
vt 0.681391 0.128514
vt 0.657422 0.113392
vt 0.681602 0.128460
vt 0.657939 0.113345
vt 0.701662 0.170654
vt 0.700955 0.171737
vt 0.681563 0.129024
vt 0.658237 0.114110
vt 0.702638 0.168495
vt 0.702178 0.168982
vt 0.716756 0.241953
vt 0.717282 0.241698
vt 0.699320 0.173601
vt 0.699566 0.173008
vt 0.699709 0.173428
vt 0.699373 0.173745
vt 0.700766 0.170942
vt 0.701513 0.169847
vt 0.702682 0.168868
vt 0.702272 0.169643
vt 0.700267 0.172716
vt 0.700076 0.172065
vt 0.702815 0.168459
vt 0.722874 0.306190
vt 0.723110 0.305772
vt 0.713712 0.244220
vt 0.713324 0.244394
vt 0.717465 0.241675
vt 0.713281 0.244329
vt 0.717282 0.241880
vt 0.713601 0.244031
vt 0.716776 0.242271
vt 0.714236 0.243547
vt 0.716038 0.242785
vt 0.715079 0.242968
vt 0.715191 0.243340
vt 0.715974 0.242402
vt 0.714371 0.243846
vt 0.721216 0.306193
vt 0.721527 0.305782
vt 0.724604 0.329716
vt 0.721056 0.306589
vt 0.723171 0.305412
vt 0.721077 0.306902
vt 0.723048 0.305172
vt 0.721277 0.307076
vt 0.722766 0.305091
vt 0.721625 0.307079
vt 0.722372 0.305181
vt 0.722059 0.306908
vt 0.721935 0.305425
vt 0.722501 0.306593
vt 0.688102 0.106610
vt 0.688779 0.105016
vt 0.715559 0.147018
vt 0.714801 0.148159
vt 0.717993 0.144266
vt 0.717905 0.144616
vt 0.736732 0.216428
vt 0.736852 0.216151
vt 0.688483 0.106961
vt 0.687858 0.108178
vt 0.714406 0.149568
vt 0.715074 0.148777
vt 0.691119 0.100743
vt 0.691069 0.101119
vt 0.687478 0.108782
vt 0.687396 0.108679
vt 0.713957 0.149749
vt 0.714014 0.149910
vt 0.690684 0.102139
vt 0.690037 0.103636
vt 0.716759 0.146481
vt 0.717468 0.145397
vt 0.689543 0.103389
vt 0.690270 0.101993
vt 0.717154 0.144968
vt 0.716389 0.145893
vt 0.687616 0.107906
vt 0.714236 0.149126
vt 0.689255 0.105348
vt 0.715908 0.147681
vt 0.690832 0.101057
vt 0.717724 0.144393
vt 0.745260 0.275771
vt 0.745276 0.275327
vt 0.732708 0.219982
vt 0.732729 0.220132
vt 0.736611 0.216210
vt 0.733104 0.219925
vt 0.736058 0.216587
vt 0.733778 0.219393
vt 0.735293 0.217218
vt 0.734633 0.218632
vt 0.734444 0.218001
vt 0.735515 0.217783
vt 0.733649 0.218810
vt 0.736260 0.217003
vt 0.733036 0.219512
vt 0.743287 0.276998
vt 0.743398 0.276497
vt 0.747479 0.297280
vt 0.743348 0.277376
vt 0.745122 0.275048
vt 0.743573 0.277565
vt 0.744826 0.274980
vt 0.743924 0.277528
vt 0.744440 0.275132
vt 0.744340 0.277270
vt 0.744028 0.275479
vt 0.744748 0.276837
vt 0.743660 0.275960
vt 0.745073 0.276306
vt 0.698291 0.064340
vt 0.701971 0.075658
vt 0.701249 0.077410
vt 0.697628 0.066007
vt 0.700494 0.079303
vt 0.696918 0.067762
vt 0.699826 0.081031
vt 0.696276 0.069320
vt 0.699343 0.082308
vt 0.695795 0.070421
vt 0.699114 0.082905
vt 0.695543 0.070866
vt 0.699177 0.082699
vt 0.695562 0.070561
vt 0.699533 0.081703
vt 0.695858 0.069537
vt 0.700139 0.080080
vt 0.696399 0.067967
vt 0.700903 0.078122
vt 0.697105 0.066135
vt 0.701693 0.076195
vt 0.697855 0.064379
vt 0.702356 0.074651
vt 0.698504 0.063020
vt 0.702757 0.073758
vt 0.698919 0.062292
vt 0.702816 0.073653
vt 0.699018 0.062304
vt 0.736394 0.121422
vt 0.735351 0.122588
vt 0.702531 0.074330
vt 0.698789 0.063032
vt 0.738594 0.119646
vt 0.738123 0.120308
vt 0.754727 0.202313
vt 0.755167 0.201819
vt 0.733674 0.125129
vt 0.734244 0.124629
vt 0.733787 0.124615
vt 0.733517 0.125120
vt 0.736220 0.122532
vt 0.737279 0.121327
vt 0.738181 0.119711
vt 0.737394 0.120409
vt 0.734434 0.123716
vt 0.735143 0.123706
vt 0.738610 0.119439
vt 0.759308 0.265974
vt 0.759484 0.265436
vt 0.750641 0.203450
vt 0.750368 0.203900
vt 0.755186 0.201486
vt 0.750510 0.204150
vt 0.754795 0.201367
vt 0.751054 0.204151
vt 0.754071 0.201481
vt 0.751915 0.203903
vt 0.753139 0.201811
vt 0.752939 0.203455
vt 0.752153 0.202305
vt 0.753938 0.202892
vt 0.751273 0.202884
vt 0.757417 0.265527
vt 0.757679 0.265015
vt 0.760169 0.287429
vt 0.757324 0.266057
vt 0.759473 0.264934
vt 0.757420 0.266516
vt 0.759280 0.264553
vt 0.757689 0.266821
vt 0.758939 0.264357
vt 0.758086 0.266918
vt 0.758510 0.264377
vt 0.758542 0.266787
vt 0.758065 0.264610
vt 0.758975 0.266453
vt 0.705737 0.069924
vt 0.749349 0.083036
vt 0.748447 0.084783
vt 0.705786 0.072357
vt 0.747488 0.086643
vt 0.705544 0.074949
vt 0.746623 0.088316
vt 0.705067 0.077291
vt 0.745981 0.089522
vt 0.704437 0.079004
vt 0.745655 0.090044
vt 0.703743 0.079792
vt 0.745703 0.089766
vt 0.703083 0.079487
vt 0.746130 0.088712
vt 0.702557 0.078100
vt 0.746885 0.087059
vt 0.702258 0.075849
vt 0.747854 0.085109
vt 0.702258 0.073132
vt 0.748866 0.083230
vt 0.702584 0.070459
vt 0.749726 0.081765
vt 0.703194 0.068332
vt 0.750259 0.080965
vt 0.703971 0.067133
vt 0.750364 0.080945
vt 0.704752 0.067046
vt 0.779374 0.136296
vt 0.778300 0.137403
vt 0.750034 0.081682
vt 0.705378 0.068045
vt 0.781624 0.134532
vt 0.781138 0.135137
vt 0.795359 0.224575
vt 0.795799 0.224066
vt 0.776542 0.139753
vt 0.777129 0.139252
vt 0.776674 0.139308
vt 0.776386 0.139768
vt 0.779172 0.137229
vt 0.780267 0.136088
vt 0.781205 0.134645
vt 0.780400 0.135325
vt 0.777349 0.138468
vt 0.778058 0.138355
vt 0.781643 0.134363
vt 0.799109 0.292074
vt 0.799291 0.291493
vt 0.791152 0.225374
vt 0.790877 0.225847
vt 0.795810 0.223695
vt 0.791029 0.226146
vt 0.795401 0.223519
vt 0.791594 0.226216
vt 0.794655 0.223567
vt 0.792482 0.226042
vt 0.793700 0.223832
vt 0.793535 0.225659
vt 0.792693 0.224272
vt 0.794557 0.225138
vt 0.791794 0.224817
vt 0.797128 0.291414
vt 0.797402 0.290872
vt 0.799722 0.314250
vt 0.797032 0.291993
vt 0.799278 0.290937
vt 0.797132 0.292509
vt 0.799075 0.290499
vt 0.797415 0.292872
vt 0.798718 0.290253
vt 0.797831 0.293014
vt 0.798270 0.290239
vt 0.798309 0.292910
vt 0.797805 0.290457
vt 0.798762 0.292576
vt 0.645978 0.022384
vt 0.764208 0.020097
vt 0.761091 0.021841
vt 0.649370 0.024446
vt 0.758395 0.023359
vt 0.651522 0.026566
vt 0.756429 0.024379
vt 0.652274 0.028353
vt 0.755393 0.024688
vt 0.651647 0.029479
vt 0.755420 0.024194
vt 0.649761 0.029745
vt 0.756581 0.022957
vt 0.646823 0.029112
vt 0.758841 0.021206
vt 0.643154 0.027719
vt 0.761979 0.019292
vt 0.639242 0.025837
vt 0.765496 0.017596
vt 0.635745 0.023803
vt 0.768648 0.016423
vt 0.633411 0.021941
vt 0.770655 0.015937
vt 0.632868 0.020528
vt 0.771031 0.016165
vt 0.634367 0.019781
vt 0.769773 0.017035
vt 0.637605 0.019847
vt 0.809170 0.083399
vt 0.807525 0.083978
vt 0.767296 0.018412
vt 0.641795 0.020757
vt 0.815072 0.081253
vt 0.815085 0.081133
vt 0.825701 0.183336
vt 0.825673 0.183285
vt 0.807221 0.083674
vt 0.808875 0.082967
vt 0.805878 0.084448
vt 0.806170 0.084206
vt 0.812769 0.081641
vt 0.814274 0.081260
vt 0.812838 0.082107
vt 0.811040 0.082738
vt 0.806363 0.084359
vt 0.810847 0.082241
vt 0.814268 0.081591
vt 0.827875 0.264527
vt 0.827851 0.263958
vt 0.819350 0.184955
vt 0.819571 0.184946
vt 0.825113 0.183355
vt 0.820323 0.184771
vt 0.824134 0.183543
vt 0.821487 0.184473
vt 0.822903 0.183828
vt 0.822853 0.184118
vt 0.821618 0.184172
vt 0.824164 0.183777
vt 0.820482 0.184518
vt 0.825172 0.183505
vt 0.819679 0.184800
vt 0.825168 0.264903
vt 0.825276 0.264316
vt 0.827704 0.292086
vt 0.825295 0.265437
vt 0.827600 0.263499
vt 0.825639 0.265825
vt 0.827168 0.263226
vt 0.826142 0.265995
vt 0.826630 0.263184
vt 0.826715 0.265916
vt 0.826076 0.263379
vt 0.827255 0.265602
vt 0.825598 0.263778
vt 0.827666 0.265109
vt 0.978580 0.011537
vt 0.855509 0.032124
vt 0.851956 0.030998
vt 0.983117 0.008877
vt 0.848613 0.030311
vt 0.987991 0.006703
vt 0.846142 0.030144
vt 0.992006 0.005342
vt 0.845067 0.030481
vt 0.993762 0.004978
vt 0.845622 0.031250
vt 0.992509 0.005676
vt 0.847678 0.032344
vt 0.988741 0.007391
vt 0.850792 0.033625
vt 0.983826 0.009913
vt 0.854332 0.034907
vt 0.979100 0.012820
vt 0.857656 0.035964
vt 0.975339 0.015544
vt 0.860240 0.036572
vt 0.972814 0.017535
vt 0.861735 0.036587
vt 0.971547 0.018414
vt 0.861962 0.035985
vt 0.971499 0.018053
vt 0.860893 0.034884
vt 0.972652 0.016566
vt 0.826037 0.097971
vt 0.824646 0.097917
vt 0.858646 0.033505
vt 0.975020 0.014254
vt 0.830921 0.100694
vt 0.830937 0.101376
vt 0.819849 0.186721
vt 0.819800 0.186058
vt 0.824579 0.100290
vt 0.825987 0.101024
vt 0.823319 0.098756
vt 0.823634 0.099493
vt 0.829132 0.101850
vt 0.830309 0.101784
vt 0.829106 0.099033
vt 0.827612 0.098363
vt 0.823681 0.098198
vt 0.827602 0.101577
vt 0.830273 0.099861
vt 0.814308 0.245143
vt 0.814308 0.244545
vt 0.814720 0.184821
vt 0.814950 0.185522
vt 0.819329 0.185319
vt 0.815600 0.186242
vt 0.818521 0.184636
vt 0.816559 0.186857
vt 0.817512 0.184125
vt 0.817652 0.187262
vt 0.816468 0.183874
vt 0.818680 0.187381
vt 0.815559 0.183921
vt 0.819456 0.187190
vt 0.814939 0.184256
vt 0.812171 0.244302
vt 0.812272 0.243744
vt 0.812086 0.264109
vt 0.812258 0.244910
vt 0.814126 0.243957
vt 0.812518 0.245464
vt 0.813796 0.243477
vt 0.812907 0.245866
vt 0.813373 0.243188
vt 0.813357 0.246043
vt 0.812930 0.243137
vt 0.813789 0.245965
vt 0.812541 0.243333
vt 0.814125 0.245646
vt 0.974680 0.091782
vt 0.931677 0.078405
vt 0.931432 0.076630
vt 0.975576 0.089896
vt 0.931145 0.075593
vt 0.976271 0.088897
vt 0.930871 0.075491
vt 0.976618 0.088978
vt 0.930665 0.076373
vt 0.976532 0.090167
vt 0.930570 0.078110
vt 0.976027 0.092289
vt 0.930601 0.080400
vt 0.975213 0.094981
vt 0.930748 0.082822
vt 0.974259 0.097743
vt 0.930976 0.084924
vt 0.973346 0.100053
vt 0.931241 0.086325
vt 0.972625 0.101488
vt 0.931501 0.086795
vt 0.972196 0.101813
vt 0.931716 0.086282
vt 0.972111 0.101011
vt 0.931857 0.084902
vt 0.972372 0.099258
vt 0.931902 0.082903
vt 0.972945 0.096869
vt 0.880963 0.106910
vt 0.880283 0.106442
vt 0.931840 0.080615
vt 0.973753 0.094237
vt 0.884445 0.112699
vt 0.884778 0.113906
vt 0.856925 0.184975
vt 0.856481 0.184032
vt 0.881533 0.110642
vt 0.882546 0.112320
vt 0.880111 0.107540
vt 0.880665 0.108947
vt 0.884284 0.114457
vt 0.884724 0.114534
vt 0.882876 0.109463
vt 0.881882 0.107976
vt 0.879977 0.106660
vt 0.883518 0.113675
vt 0.883777 0.111129
vt 0.845518 0.240339
vt 0.845361 0.239678
vt 0.852341 0.182133
vt 0.852963 0.183144
vt 0.855721 0.182984
vt 0.853876 0.184203
vt 0.854769 0.182007
vt 0.854912 0.185121
vt 0.853780 0.181264
vt 0.855880 0.185729
vt 0.852916 0.180874
vt 0.856607 0.185914
vt 0.852326 0.180901
vt 0.856973 0.185644
vt 0.852118 0.181343
vt 0.843479 0.239821
vt 0.843416 0.239180
vt 0.841560 0.258962
vt 0.843716 0.240482
vt 0.845053 0.239061
vt 0.844086 0.241047
vt 0.844647 0.238593
vt 0.844525 0.241415
vt 0.844210 0.238351
vt 0.844953 0.241523
vt 0.843818 0.238379
vt 0.845296 0.241350
vt 0.843537 0.238671
vt 0.845496 0.240931
vt 0.983009 0.150884
vt 0.957910 0.138761
vt 0.958063 0.137349
vt 0.983578 0.149479
vt 0.958212 0.136665
vt 0.984109 0.148955
vt 0.958330 0.136846
vt 0.984504 0.149427
vt 0.958393 0.137887
vt 0.984684 0.150841
vt 0.958389 0.139620
vt 0.984612 0.152966
vt 0.958319 0.141740
vt 0.984305 0.155422
vt 0.958198 0.143855
vt 0.983823 0.157753
vt 0.958049 0.145575
vt 0.983260 0.159529
vt 0.957898 0.146595
vt 0.982716 0.160441
vt 0.957771 0.146754
vt 0.982280 0.160350
vt 0.957688 0.146049
vt 0.982018 0.159303
vt 0.957660 0.144621
vt 0.981968 0.157500
vt 0.957692 0.142719
vt 0.982138 0.155250
vt 0.922104 0.150950
vt 0.921978 0.150337
vt 0.957780 0.140654
vt 0.982502 0.152919
vt 0.923599 0.157669
vt 0.923901 0.159009
vt 0.891165 0.215804
vt 0.890629 0.214651
vt 0.923105 0.155091
vt 0.923532 0.157048
vt 0.922280 0.151505
vt 0.922659 0.153123
vt 0.924050 0.159560
vt 0.924060 0.159685
vt 0.922778 0.153985
vt 0.922389 0.152241
vt 0.922038 0.150525
vt 0.923865 0.158632
vt 0.923205 0.155897
vt 0.873070 0.269761
vt 0.872875 0.268995
vt 0.887815 0.210562
vt 0.888491 0.211896
vt 0.889892 0.213231
vt 0.889333 0.213437
vt 0.889073 0.211776
vt 0.890182 0.214898
vt 0.888301 0.210520
vt 0.890883 0.216008
vt 0.887705 0.209665
vt 0.891314 0.216566
vt 0.887393 0.209359
vt 0.891410 0.216486
vt 0.887427 0.209669
vt 0.871202 0.268352
vt 0.871094 0.267643
vt 0.866557 0.288739
vt 0.871470 0.269157
vt 0.872550 0.268213
vt 0.871850 0.269916
vt 0.872149 0.267546
vt 0.872274 0.270493
vt 0.871739 0.267104
vt 0.872666 0.270785
vt 0.871390 0.266965
vt 0.872958 0.270744
vt 0.871161 0.267154
vt 0.873100 0.270380
vt 0.995427 0.197654
vt 0.979574 0.194352
vt 0.979842 0.193317
vt 0.995881 0.196591
vt 0.980073 0.192891
vt 0.996298 0.196212
vt 0.980225 0.193159
vt 0.996601 0.196596
vt 0.980267 0.194090
vt 0.996734 0.197694
vt 0.980192 0.195532
vt 0.996670 0.199324
vt 0.980013 0.197229
vt 0.996419 0.201197
vt 0.979763 0.198871
vt 0.996029 0.202972
vt 0.979488 0.200161
vt 0.995573 0.204326
vt 0.979238 0.200872
vt 0.995132 0.205022
vt 0.979053 0.200891
vt 0.994782 0.204950
vt 0.978964 0.200231
vt 0.994577 0.204141
vt 0.978983 0.199017
vt 0.994550 0.202747
vt 0.979107 0.197458
vt 0.994703 0.201009
vt 0.955117 0.190357
vt 0.955255 0.189858
vt 0.979315 0.195813
vt 0.995011 0.199213
vt 0.955166 0.196482
vt 0.955314 0.197750
vt 0.923391 0.225002
vt 0.922939 0.223677
vt 0.955808 0.194395
vt 0.955817 0.196163
vt 0.955591 0.191063
vt 0.955728 0.192585
vt 0.955636 0.198361
vt 0.955480 0.198419
vt 0.955011 0.193077
vt 0.955031 0.191497
vt 0.955423 0.190102
vt 0.955756 0.197567
vt 0.955059 0.194834
vt 0.899534 0.261685
vt 0.899363 0.260867
vt 0.921993 0.217918
vt 0.922509 0.219516
vt 0.922432 0.221955
vt 0.923041 0.221431
vt 0.921950 0.220114
vt 0.923490 0.223306
vt 0.921573 0.218451
vt 0.923775 0.224795
vt 0.921365 0.217239
vt 0.923852 0.225636
vt 0.921369 0.216691
vt 0.923715 0.225701
vt 0.921589 0.216923
vt 0.898254 0.258828
vt 0.898140 0.258134
vt 0.890246 0.276126
vt 0.898476 0.259747
vt 0.899107 0.259919
vt 0.898767 0.260726
vt 0.898809 0.258999
vt 0.899073 0.261591
vt 0.898520 0.258261
vt 0.899342 0.262188
vt 0.898287 0.257830
vt 0.899524 0.262413
vt 0.898152 0.257783
vt 0.899592 0.262232
vt 0.986333 0.224919
vt 0.973242 0.216079
vt 0.973436 0.215574
vt 0.986663 0.224442
vt 0.973608 0.215668
vt 0.986958 0.224657
vt 0.973726 0.216356
vt 0.987164 0.225540
vt 0.973768 0.217525
vt 0.987244 0.226947
vt 0.973727 0.218972
vt 0.987182 0.228629
vt 0.973610 0.220434
vt 0.986989 0.230282
vt 0.973438 0.221649
vt 0.986701 0.231606
vt 0.973243 0.222401
vt 0.986372 0.232369
vt 0.973060 0.222566
vt 0.986059 0.232447
vt 0.972918 0.222128
vt 0.985814 0.231841
vt 0.972841 0.221170
vt 0.985677 0.230666
vt 0.972841 0.219861
vt 0.985670 0.229127
vt 0.972918 0.218420
vt 0.985792 0.227479
vt 0.953854 0.219996
vt 0.954000 0.220082
vt 0.973059 0.217085
vt 0.986026 0.225994
vt 0.953973 0.224362
vt 0.954147 0.225683
vt 0.930774 0.257402
vt 0.930305 0.256144
vt 0.954643 0.224910
vt 0.954672 0.226145
vt 0.954376 0.221956
vt 0.954539 0.223424
vt 0.954501 0.227085
vt 0.954333 0.226647
vt 0.953768 0.221546
vt 0.953773 0.220518
vt 0.954185 0.220773
vt 0.954621 0.226912
vt 0.953839 0.222903
vt 0.913684 0.293177
vt 0.913455 0.292456
vt 0.929996 0.254204
vt 0.930498 0.255596
vt 0.929832 0.254786
vt 0.930959 0.256975
vt 0.929430 0.253548
vt 0.931296 0.258089
vt 0.929168 0.252636
vt 0.931450 0.258742
vt 0.929094 0.252209
vt 0.931400 0.258830
vt 0.929226 0.252352
vt 0.931160 0.258352
vt 0.929544 0.253055
vt 0.912906 0.292275
vt 0.912708 0.291582
vt 0.906698 0.307195
vt 0.913164 0.293019
vt 0.913190 0.291753
vt 0.913436 0.293681
vt 0.912934 0.291185
vt 0.913673 0.294142
vt 0.912729 0.290848
vt 0.913835 0.294325
vt 0.912612 0.290803
vt 0.913893 0.294200
vt 0.912604 0.291062
vt 0.913839 0.293793
vt 0.993651 0.247746
vt 0.983082 0.238753
vt 0.983255 0.238667
vt 0.993920 0.247728
vt 0.983380 0.239103
vt 0.994124 0.248304
vt 0.983435 0.239992
vt 0.994226 0.249382
vt 0.983409 0.241180
vt 0.994207 0.250776
vt 0.983307 0.242457
vt 0.994070 0.252236
vt 0.983147 0.243592
vt 0.993840 0.253498
vt 0.982959 0.244385
vt 0.993559 0.254339
vt 0.982775 0.244698
vt 0.993277 0.254616
vt 0.982627 0.244486
vt 0.993043 0.254290
vt 0.982540 0.243793
vt 0.992895 0.253429
vt 0.982527 0.242744
vt 0.992856 0.252184
vt 0.982590 0.241516
vt 0.992933 0.250767
vt 0.982719 0.240313
vt 0.993113 0.249411
vt 0.966891 0.240877
vt 0.967023 0.241319
vt 0.982893 0.239337
vt 0.993366 0.248343
vt 0.966782 0.243796
vt 0.966880 0.245049
vt 0.946789 0.269807
vt 0.946414 0.268624
vt 0.967381 0.245907
vt 0.967347 0.246716
vt 0.967279 0.243442
vt 0.967357 0.244747
vt 0.967142 0.246822
vt 0.967007 0.246118
vt 0.966731 0.241568
vt 0.966788 0.240968
vt 0.967161 0.242226
vt 0.967262 0.247037
vt 0.966729 0.242568
vt 0.932085 0.297941
vt 0.931887 0.297307
vt 0.946495 0.268798
vt 0.946879 0.270015
vt 0.946061 0.267505
vt 0.947203 0.271051
vt 0.945789 0.266636
vt 0.947410 0.271721
vt 0.945644 0.266166
vt 0.947465 0.271914
vt 0.945655 0.266183
vt 0.947363 0.271606
vt 0.945823 0.266695
vt 0.947124 0.270860
vt 0.946120 0.267620
vt 0.931651 0.297955
vt 0.931468 0.297308
vt 0.926114 0.309070
vt 0.931863 0.298572
vt 0.931677 0.296754
vt 0.932067 0.299051
vt 0.931492 0.296376
vt 0.932228 0.299307
vt 0.931362 0.296240
vt 0.932317 0.299299
vt 0.931311 0.296370
vt 0.932321 0.299030
vt 0.931348 0.296748
vt 0.932238 0.298550
vt 0.993562 0.255542
vt 0.983983 0.249736
vt 0.984138 0.249569
vt 0.993799 0.255398
vt 0.984271 0.249874
vt 0.994005 0.255797
vt 0.984360 0.250603
vt 0.994145 0.256677
vt 0.984388 0.251632
vt 0.994191 0.257888
vt 0.984349 0.252779
vt 0.994135 0.259215
vt 0.984251 0.253838
vt 0.993989 0.260419
vt 0.984112 0.254622
vt 0.993777 0.261286
vt 0.983956 0.254994
vt 0.993539 0.261666
vt 0.983811 0.254897
vt 0.993316 0.261502
vt 0.983701 0.254353
vt 0.993146 0.260830
vt 0.983644 0.253460
vt 0.993056 0.259771
vt 0.983650 0.252372
vt 0.993061 0.258505
vt 0.983717 0.251270
vt 0.993160 0.257244
vt 0.970111 0.254169
vt 0.970255 0.254478
vt 0.983835 0.250339
vt 0.993336 0.256197
vt 0.970051 0.256951
vt 0.970176 0.258036
vt 0.953134 0.282525
vt 0.952774 0.281505
vt 0.970711 0.258439
vt 0.970691 0.259214
vt 0.970560 0.256241
vt 0.970665 0.257386
vt 0.970481 0.259474
vt 0.970328 0.258928
vt 0.969958 0.254928
vt 0.970006 0.254330
vt 0.970414 0.255211
vt 0.970609 0.259578
vt 0.969974 0.255854
vt 0.940147 0.309716
vt 0.939953 0.309149
vt 0.953020 0.281150
vt 0.953380 0.282218
vt 0.952450 0.280500
vt 0.953670 0.283172
vt 0.952214 0.279675
vt 0.953837 0.283843
vt 0.952109 0.279172
vt 0.953856 0.284117
vt 0.952156 0.279082
vt 0.953725 0.283954
vt 0.952347 0.279430
vt 0.953470 0.283390
vt 0.952653 0.280161
vt 0.939854 0.309454
vt 0.939671 0.308889
vt 0.934645 0.320690
vt 0.940056 0.310016
vt 0.939760 0.308633
vt 0.940239 0.310478
vt 0.939599 0.308254
vt 0.940372 0.310757
vt 0.939499 0.308077
vt 0.940432 0.310808
vt 0.939476 0.308137
vt 0.940409 0.310623
vt 0.939537 0.308423
vt 0.940308 0.310236
vt 0.996262 0.274423
vt 0.988079 0.270457
vt 0.988198 0.270411
vt 0.996443 0.274396
vt 0.988302 0.270765
vt 0.996602 0.274832
vt 0.988372 0.271461
vt 0.996711 0.275662
vt 0.988395 0.272379
vt 0.996748 0.276741
vt 0.988368 0.273356
vt 0.996709 0.277877
vt 0.988295 0.274218
vt 0.996598 0.278868
vt 0.988190 0.274813
vt 0.996438 0.279538
vt 0.988071 0.275040
vt 0.996257 0.279773
vt 0.987958 0.274863
vt 0.996085 0.279539
vt 0.987872 0.274319
vt 0.995952 0.278883
vt 0.987826 0.273503
vt 0.995881 0.277920
vt 0.987828 0.272554
vt 0.995882 0.276813
vt 0.987877 0.271631
vt 0.995956 0.275748
vt 0.976511 0.275627
vt 0.976632 0.275983
vt 0.987965 0.270890
vt 0.996089 0.274903
vt 0.976468 0.277678
vt 0.976575 0.278602
vt 0.962579 0.300047
vt 0.962277 0.299202
vt 0.977022 0.279350
vt 0.977007 0.279918
vt 0.976890 0.277568
vt 0.976980 0.278518
vt 0.976833 0.279941
vt 0.976704 0.279402
vt 0.976385 0.276069
vt 0.976424 0.275659
vt 0.976767 0.276670
vt 0.976941 0.280125
vt 0.976401 0.276783
vt 0.951923 0.322973
vt 0.951758 0.322509
vt 0.962565 0.299406
vt 0.962862 0.300263
vt 0.962012 0.298410
vt 0.963093 0.300986
vt 0.961828 0.297803
vt 0.963218 0.301449
vt 0.961757 0.297486
vt 0.963217 0.301573
vt 0.961814 0.297518
vt 0.963093 0.301343
vt 0.961990 0.297900
vt 0.962867 0.300803
vt 0.962256 0.298568
vt 0.951758 0.322964
vt 0.951598 0.322494
vt 0.947383 0.332235
vt 0.951925 0.323415
vt 0.951600 0.322103
vt 0.952070 0.323766
vt 0.951477 0.321824
vt 0.952168 0.323957
vt 0.951408 0.321721
vt 0.952201 0.323955
vt 0.951406 0.321813
vt 0.952166 0.323764
vt 0.951473 0.322087
vt 0.952067 0.323416
vt 0.949903 0.539362
vt 0.953158 0.538336
vt 0.915207 0.533607
vt 0.909507 0.534780
vt 0.952308 0.537373
vt 0.914779 0.532505
vt 0.750247 0.525259
vt 0.740573 0.526447
vt 0.730901 0.527760
vt 0.962841 0.541193
vt 0.961985 0.540295
vt 0.960198 0.542156
vt 0.962737 0.544027
vt 0.965227 0.543074
vt 0.964363 0.542184
vt 0.733495 0.528090
vt 0.729076 0.528394
vt 0.532196 0.518436
vt 0.543375 0.518274
vt 0.523771 0.517691
vt 0.467374 0.503895
vt 0.472618 0.504460
vt 0.480716 0.504322
vt 0.955853 0.542354
vt 0.953296 0.543307
vt 0.950434 0.541427
vt 0.953140 0.540465
vt 0.953883 0.544197
vt 0.950988 0.542325
vt 0.939219 0.539532
vt 0.938772 0.538569
vt 0.942055 0.537542
vt 0.957874 0.540031
vt 0.947582 0.537084
vt 0.960394 0.541924
vt 0.955157 0.542589
vt 0.957915 0.544457
vt 0.943964 0.539820
vt 0.894973 0.533868
vt 0.900303 0.532695
vt 0.894569 0.534970
vt 0.741273 0.526901
vt 0.748750 0.525589
vt 0.900660 0.535302
vt 0.908278 0.532174
vt 0.752515 0.524955
vt 0.438115 0.486900
vt 0.446511 0.486445
vt 0.433769 0.487033
vt 0.393310 0.473182
vt 0.399095 0.472093
vt 0.411029 0.471075
vt 0.545096 0.515113
vt 0.533005 0.515275
vt 0.552798 0.515858
vt 0.489384 0.502450
vt 0.484402 0.501885
vt 0.475799 0.502023
vt 0.524300 0.516374
vt 0.468870 0.502879
vt 0.551411 0.517175
vt 0.487392 0.503466
vt 0.398976 0.473671
vt 0.367449 0.468744
vt 0.361172 0.467626
vt 0.413377 0.473371
vt 0.390099 0.468487
vt 0.383170 0.468316
vt 0.351111 0.468648
vt 0.345389 0.467046
vt 0.455000 0.485718
vt 0.445902 0.486173
vt 0.458869 0.485585
vt 0.431922 0.471264
vt 0.427477 0.472353
vt 0.437111 0.486713
vt 0.454817 0.485905
vt 0.424036 0.470775
vt 0.383977 0.461887
vt 0.360114 0.464228
vt 0.352288 0.463447
vt 0.380371 0.460671
vt 0.334126 0.466820
vt 0.335269 0.466009
vt 0.352697 0.463106
vt 0.377015 0.460726
vt 0.408686 0.463704
vt 0.421742 0.464822
vt 0.389052 0.463961
vt 0.410730 0.461555
vt 0.430423 0.463158
vt 0.371195 0.465632
vt 0.414710 0.466816
vt 0.421504 0.465975
vt 0.425508 0.462027
vt 0.401763 0.460625
vt 0.372104 0.463703
vt 0.408771 0.464727
vt 0.341376 0.467207
vt 0.371179 0.467310
vt 0.427177 0.465538
vt 0.376250 0.468334
vt 0.436990 0.462185
vt 0.337670 0.468738
vt 0.412139 0.460247
vt 0.103065 0.046961
vt 0.103171 0.072591
vt 0.080161 0.071600
vt 0.079962 0.041003
vt 0.103322 0.118896
vt 0.080298 0.119344
vt 0.057252 0.119332
vt 0.057215 0.073025
vt 0.057123 0.047395
vt 0.034154 0.071795
vt 0.034184 0.041035
vt 0.034074 0.120139
vt 0.010691 0.120019
vt 0.010844 0.072893
vt 0.010949 0.047026
vt 0.197001 0.047026
vt 0.196896 0.072893
vt 0.173390 0.071363
vt 0.173595 0.040442
vt 0.196743 0.120019
vt 0.173249 0.120325
vt 0.149780 0.119577
vt 0.149816 0.072451
vt 0.149910 0.046584
vt 0.126368 0.071175
vt 0.126332 0.040416
vt 0.126451 0.119519
vt 0.057361 0.013198
vt 0.220235 0.041035
vt 0.243413 0.013198
vt 0.173049 0.164782
vt 0.150176 0.163302
vt 0.196073 0.163736
vt 0.194078 0.184853
vt 0.172389 0.188699
vt 0.151540 0.184445
vt 0.214555 0.190340
vt 0.168135 0.197017
vt 0.241256 0.186691
vt 0.081534 0.191625
vt 0.106272 0.186220
vt 0.131667 0.189729
vt 0.080507 0.165442
vt 0.056855 0.164156
vt 0.103994 0.163713
vt 0.055205 0.186691
vt 0.127250 0.164797
vt 0.033266 0.165417
vt 0.010021 0.163736
vt 0.028503 0.190340
vt 0.219317 0.165417
vt 0.530540 0.140683
vt 0.546741 0.103950
vt 0.589141 0.182361
vt 0.592853 0.197319
vt 0.530491 0.074358
vt 0.598353 0.179995
vt 0.286761 0.182361
vt 0.295974 0.179995
vt 0.322482 0.107871
vt 0.318985 0.117042
vt 0.290474 0.197319
vt 0.321993 0.127514
vt 0.507302 0.022838
vt 0.501666 0.016440
vt 0.501773 0.031519
vt 0.497409 0.013770
vt 0.499735 0.007338
vt 0.497323 0.005390
vt 0.486642 0.005076
vt 0.486568 0.003764
vt 0.486745 0.013431
vt 0.476105 0.015634
vt 0.473628 0.009648
vt 0.475887 0.007295
vt 0.466313 0.026320
vt 0.471623 0.019035
vt 0.472071 0.034006
vt 0.440395 0.146782
vt 0.422784 0.112573
vt 0.437449 0.081032
vt 0.486556 0.014748
vt 0.483575 0.068016
vt 0.486945 0.035480
vt 0.485754 0.159991
vt 0.340470 0.129680
vt 0.331050 0.132848
vt 0.332146 0.086907
vt 0.338385 0.084941
vt 0.326025 0.083684
vt 0.328572 0.044408
vt 0.333055 0.046541
vt 0.337589 0.045172
vt 0.375412 0.189787
vt 0.365256 0.186217
vt 0.368193 0.204052
vt 0.344068 0.119901
vt 0.340878 0.109932
vt 0.619254 0.206989
vt 0.323711 0.212848
vt 0.624343 0.184384
vt 0.328800 0.190244
vt 0.331691 0.105513
vt 0.326726 0.039316
vt 0.329227 0.013951
vt 0.330510 0.017980
vt 0.328334 0.034046
vt 0.330389 0.010258
vt 0.331869 0.004694
vt 0.331535 0.005679
vt 0.331889 0.006759
vt 0.332409 0.067754
vt 0.325922 0.069862
vt 0.338868 0.071100
vt 0.338054 0.034826
vt 0.333212 0.032220
vt 0.323669 0.076645
vt 0.340970 0.078349
vt 0.339554 0.040376
vt 0.336411 0.005043
vt 0.336762 0.006085
vt 0.334251 0.002763
vt 0.334202 0.002750
vt 0.336223 0.007098
vt 0.334100 0.008801
vt 0.338370 0.014661
vt 0.337305 0.010786
vt 0.336971 0.018489
vt 0.333729 0.019288
vt 0.333876 0.008682
s 1
usemtl Body
f 1948/1/1941 4/2/4 1790/3/1787
f 2051/4/2042 2183/5/2165 1949/6/1942
f 14/7/14 11/8/11 2025/9/2017
f 15/10/15 11/8/11 14/7/14
f 15/10/15 12/11/12 11/8/11
f 18/12/18 17/13/17 16/14/16
f 1949/6/1942 2183/5/2165 1766/15/1763
f 19/16/19 14/7/14 2025/9/2017
f 2086/17/2074 1988/18/1980 12/11/12
f 10/19/10 13/20/13 2086/17/2074
f 22/21/22 14/7/14 35/22/35
f 20/23/20 15/10/15 14/7/14
f 22/21/22 20/23/20 14/7/14
f 21/24/21 15/10/15 20/23/20
f 16/14/16 24/25/24 23/26/23
f 16/14/16 17/13/17 24/25/24
f 18/12/18 25/27/25 17/13/17
f 18/12/18 27/28/27 25/27/25
f 27/28/27 26/29/26 25/27/25
f 28/30/28 16/14/16 23/26/23
f 30/31/30 27/28/27 18/12/18
f 31/32/31 16/14/16 28/30/28
f 31/32/31 29/33/29 16/14/16
f 29/33/29 18/12/18 16/14/16
f 30/31/30 18/12/18 29/33/29
f 32/34/32 35/22/35 14/7/14
f 36/35/36 10/19/10 2086/17/2074
f 34/36/34 36/35/36 2086/17/2074
f 27/28/27 39/37/39 26/29/26
f 61/38/61 41/39/41 60/40/60
f 35/22/35 41/39/41 61/38/61
f 42/41/42 35/22/35 61/38/61
f 34/36/34 21/24/21 20/23/20
f 40/42/40 34/36/34 20/23/20
f 42/41/42 22/21/22 35/22/35
f 43/43/43 22/21/22 42/41/42
f 37/44/37 44/45/44 65/46/65
f 47/47/47 37/44/37 65/46/65
f 37/44/37 48/48/48 44/45/44
f 50/49/50 49/50/49 46/51/46
f 39/37/39 50/49/50 46/51/46
f 51/52/51 23/26/23 37/44/37
f 51/52/51 37/44/37 47/47/47
f 51/52/51 28/30/28 23/26/23
f 52/53/52 31/32/31 28/30/28
f 55/54/55 27/28/27 30/31/30
f 55/54/55 53/55/53 27/28/27
f 54/56/54 29/33/29 31/32/31
f 52/53/52 54/56/54 31/32/31
f 55/54/55 30/31/30 29/33/29
f 54/56/54 55/54/55 29/33/29
f 57/57/57 56/58/56 69/59/69
f 58/60/58 56/58/56 57/57/57
f 65/46/65 62/61/62 64/62/64
f 65/46/65 44/45/44 62/61/62
f 47/47/47 65/46/65 64/62/64
f 49/50/49 63/63/63 90/64/90
f 66/65/66 47/47/47 64/62/64
f 50/49/50 67/66/67 49/50/49
f 67/66/67 63/63/63 49/50/49
f 66/65/66 51/52/51 47/47/47
f 67/66/67 50/49/50 39/37/39
f 52/53/52 28/30/28 51/52/51
f 68/67/68 53/55/53 55/54/55
f 68/67/68 55/54/55 54/56/54
f 71/68/71 54/56/54 52/53/52
f 71/68/71 68/67/68 54/56/54
f 74/69/74 60/40/60 41/39/41
f 110/70/110 61/38/61 60/40/60
f 75/71/75 43/43/43 42/41/42
f 110/70/110 76/72/76 61/38/61
f 77/73/77 76/72/76 110/70/110
f 76/72/76 42/41/42 61/38/61
f 76/72/76 75/71/75 42/41/42
f 82/74/82 79/75/79 78/76/78
f 83/77/83 80/78/80 79/75/79
f 82/74/82 83/77/83 79/75/79
f 83/77/83 81/79/81 80/78/80
f 114/80/114 81/79/81 83/77/83
f 82/74/82 114/80/114 83/77/83
f 84/81/84 82/74/82 78/76/78
f 85/82/85 82/74/82 84/81/84
f 86/83/86 82/74/82 85/82/85
f 86/83/86 114/80/114 82/74/82
f 87/84/87 114/80/114 86/83/86
f 62/61/62 127/85/127 123/86/123
f 89/87/89 62/61/62 123/86/123
f 63/63/63 88/88/88 90/64/90
f 125/89/125 88/88/88 63/63/63
f 64/62/64 62/61/62 89/87/89
f 49/50/49 90/64/90 94/90/94
f 63/63/63 92/91/92 125/89/125
f 96/92/96 63/63/63 67/66/67
f 96/92/96 92/91/92 63/63/63
f 95/93/95 51/52/51 66/65/66
f 95/93/95 97/94/97 51/52/51
f 97/94/97 52/53/52 51/52/51
f 98/95/98 67/66/67 39/37/39
f 98/95/98 53/55/53 68/67/68
f 101/96/101 52/53/52 97/94/97
f 103/97/103 69/59/69 99/98/99
f 101/96/101 71/68/71 52/53/52
f 102/99/102 68/67/68 71/68/71
f 103/97/103 57/57/57 69/59/69
f 107/100/107 105/101/105 73/102/73
f 106/103/106 58/60/58 57/57/57
f 103/97/103 106/103/106 57/57/57
f 106/103/106 72/104/72 58/60/58
f 106/103/106 107/100/107 72/104/72
f 107/100/107 73/102/73 72/104/72
f 108/105/108 110/70/110 60/40/60
f 110/70/110 108/105/108 140/106/140
f 111/107/111 76/72/76 77/73/77
f 113/108/113 85/82/85 84/81/84
f 113/108/113 86/83/86 85/82/85
f 119/109/119 120/110/120 87/84/87
f 120/110/120 114/80/114 87/84/87
f 120/110/120 117/111/117 114/80/114
f 121/112/121 115/113/115 118/114/118
f 121/112/121 122/115/122 115/113/115
f 123/86/123 117/111/117 120/110/120
f 121/112/121 118/114/118 125/89/125
f 120/110/120 126/116/126 123/86/123
f 123/86/123 124/117/124 117/111/117
f 127/85/127 124/117/124 123/86/123
f 125/89/125 118/114/118 190/118/190
f 88/88/88 125/89/125 190/118/190
f 90/64/90 88/88/88 128/119/128
f 90/64/90 128/119/128 94/90/94
f 130/120/130 121/112/121 125/89/125
f 92/91/92 130/120/130 125/89/125
f 129/121/129 64/62/64 89/87/89
f 129/121/129 66/65/66 64/62/64
f 131/122/131 96/92/96 67/66/67
f 161/123/161 101/96/101 97/94/97
f 137/124/137 71/68/71 101/96/101
f 137/124/137 102/99/102 71/68/71
f 138/125/138 102/99/102 137/124/137
f 3/126/3 2118/127/2104 1788/128/1785 7/129/7
f 139/130/139 105/101/105 107/100/107
f 139/130/139 107/100/107 106/103/106
f 110/70/110 140/106/140 171/131/171
f 142/132/142 75/71/75 76/72/76
f 174/133/174 77/73/77 110/70/110
f 189/134/189 182/135/182 114/80/114
f 115/113/115 145/136/145 228/137/228
f 117/111/117 189/134/189 114/80/114
f 118/114/118 115/113/115 228/137/228
f 147/138/147 145/136/145 115/113/115
f 147/138/147 146/139/146 145/136/145
f 184/140/184 116/141/116 113/108/113
f 190/118/190 118/114/118 228/137/228
f 122/115/122 147/138/147 115/113/115
f 119/109/119 87/84/87 86/83/86
f 116/141/116 119/109/119 86/83/86
f 126/116/126 120/110/120 119/109/119
f 128/119/128 88/88/88 190/118/190
f 127/85/127 148/142/148 124/117/124
f 152/143/152 122/115/122 121/112/121
f 152/143/152 147/138/147 122/115/122
f 150/144/150 123/86/123 126/116/126
f 150/144/150 89/87/89 123/86/123
f 153/145/153 129/121/129 89/87/89
f 150/144/150 153/145/153 89/87/89
f 152/143/152 121/112/121 130/120/130
f 153/145/153 66/65/66 129/121/129
f 158/146/158 152/143/152 130/120/130
f 153/145/153 95/93/95 66/65/66
f 156/147/156 95/93/95 153/145/153
f 158/146/158 130/120/130 92/91/92
f 203/148/203 97/94/97 95/93/95
f 156/147/156 203/148/203 95/93/95
f 159/149/159 97/94/97 203/148/203
f 157/150/157 92/91/92 96/92/96
f 157/150/157 158/146/158 92/91/92
f 131/122/131 67/66/67 98/95/98
f 157/150/157 96/92/96 131/122/131
f 161/123/161 97/94/97 159/149/159
f 133/151/133 98/95/98 68/67/68
f 160/152/160 98/95/98 133/151/133
f 166/153/166 163/154/163 162/155/162
f 136/156/136 166/153/166 162/155/162
f 83/77/83 163/154/163 166/153/166
f 83/77/83 80/78/80 163/154/163
f 164/157/164 101/96/101 161/123/161
f 138/125/138 68/67/68 102/99/102
f 133/151/133 68/67/68 138/125/138
f 164/157/164 137/124/137 101/96/101
f 167/158/167 139/130/139 135/159/135
f 168/160/168 105/101/105 139/130/139
f 168/160/168 136/156/136 105/101/105
f 140/106/140 141/161/141 214/162/214
f 141/161/141 169/163/169 214/162/214
f 173/164/173 110/70/110 171/131/171
f 173/164/173 174/133/174 110/70/110
f 111/107/111 77/73/77 174/133/174
f 178/165/178 179/166/179 175/167/175
f 179/166/179 253/168/253 175/167/175
f 179/166/179 178/165/178 145/136/145
f 179/166/179 180/169/180 253/168/253
f 81/79/81 182/135/182 177/170/177
f 146/139/146 180/169/180 179/166/179
f 186/171/186 180/169/180 146/139/146
f 187/172/187 84/81/84 143/173/143
f 228/137/228 145/136/145 178/165/178
f 187/172/187 113/108/113 84/81/84
f 184/140/184 113/108/113 187/172/187
f 193/174/193 146/139/146 147/138/147
f 193/174/193 186/171/186 146/139/146
f 116/141/116 126/116/126 119/109/119
f 194/175/194 126/116/126 116/141/116
f 197/176/197 193/174/193 147/138/147
f 198/177/198 91/178/91 234/179/234
f 93/180/93 235/181/235 234/179/234
f 91/178/91 93/180/93 234/179/234
f 151/182/151 94/90/94 149/183/149
f 151/182/151 149/183/149 236/184/236
f 194/175/194 150/144/150 126/116/126
f 200/185/200 147/138/147 152/143/152
f 200/185/200 197/176/197 147/138/147
f 200/185/200 152/143/152 158/146/158
f 205/186/205 158/146/158 157/150/157
f 206/187/206 131/122/131 160/152/160
f 207/188/207 157/150/157 131/122/131
f 206/187/206 207/188/207 131/122/131
f 207/188/207 205/186/205 157/150/157
f 209/189/209 160/152/160 133/151/133
f 209/189/209 206/187/206 160/152/160
f 211/190/211 164/157/164 161/123/161
f 210/191/210 167/158/167 165/192/165
f 211/190/211 137/124/137 164/157/164
f 210/191/210 139/130/139 167/158/167
f 210/191/210 168/160/168 139/130/139
f 247/193/247 136/156/136 168/160/168
f 247/193/247 166/153/166 136/156/136
f 214/162/214 250/194/250 215/195/215
f 214/162/214 171/131/171 140/106/140
f 171/131/171 214/162/214 215/195/215
f 255/196/255 173/164/173 215/195/215
f 173/164/173 171/131/171 215/195/215
f 257/197/257 175/167/175 216/198/216
f 220/199/220 174/133/174 173/164/173
f 218/200/218 111/107/111 174/133/174
f 253/168/253 216/198/216 175/167/175
f 221/201/221 174/133/174 220/199/220
f 178/165/178 175/167/175 257/197/257
f 180/169/180 254/202/254 253/168/253
f 180/169/180 222/203/222 254/202/254
f 223/204/223 181/205/181 176/206/176
f 261/207/261 178/165/178 257/197/257
f 226/208/226 222/203/222 180/169/180
f 223/204/223 183/209/183 181/205/181
f 227/210/227 183/209/183 223/204/223
f 226/208/226 180/169/180 186/171/186
f 227/210/227 184/140/184 183/209/183
f 231/211/231 226/208/226 186/171/186
f 190/118/190 228/137/228 263/212/263
f 193/174/193 231/211/231 186/171/186
f 128/119/128 232/213/232 195/214/195
f 233/215/233 194/175/194 116/141/116
f 233/215/233 237/216/237 194/175/194
f 235/181/235 236/184/236 268/217/268
f 198/177/198 234/179/234 297/218/297
f 237/216/237 150/144/150 194/175/194
f 238/219/238 150/144/150 237/216/237
f 238/219/238 153/145/153 150/144/150
f 238/219/238 199/220/199 153/145/153
f 239/221/239 197/176/197 200/185/200
f 201/222/201 202/223/202 273/224/273
f 275/225/275 204/226/204 201/222/201
f 240/227/240 159/149/159 203/148/203
f 240/227/240 242/228/242 159/149/159
f 241/229/241 200/185/200 158/146/158
f 242/228/242 161/123/161 159/149/159
f 241/229/241 158/146/158 205/186/205
f 243/230/243 161/123/161 242/228/242
f 211/190/211 161/123/161 243/230/243
f 248/231/248 133/151/133 138/125/138
f 209/189/209 133/151/133 248/231/248
f 245/232/245 168/160/168 210/191/210
f 212/233/212 166/153/166 247/193/247
f 213/234/213 137/124/137 211/190/211
f 249/235/249 213/234/213 211/190/211
f 248/231/248 137/124/137 213/234/213
f 248/231/248 138/125/138 137/124/137
f 245/232/245 247/193/247 168/160/168
f 257/197/257 216/198/216 287/236/287
f 216/198/216 283/237/283 252/238/252
f 216/198/216 253/168/253 283/237/283
f 288/239/288 255/196/255 215/195/215
f 220/199/220 173/164/173 255/196/255
f 217/240/217 218/200/218 256/241/256
f 259/242/259 220/199/220 255/196/255
f 219/243/219 259/242/259 255/196/255
f 222/203/222 258/244/258 254/202/254
f 222/203/222 219/243/219 258/244/258
f 262/245/262 219/243/219 222/203/222
f 262/245/262 259/242/259 219/243/219
f 260/246/260 221/201/221 220/199/220
f 229/247/229 184/140/184 224/248/224
f 292/249/292 190/118/190 263/212/263
f 266/250/266 226/208/226 231/211/231
f 233/215/233 184/140/184 229/247/229
f 195/214/195 232/213/232 294/251/294
f 270/252/270 231/211/231 193/174/193
f 271/253/271 297/218/297 273/224/273
f 271/253/271 198/177/198 297/218/297
f 272/254/272 270/252/270 193/174/193
f 271/253/271 202/223/202 198/177/198
f 273/224/273 202/223/202 271/253/271
f 274/255/274 272/254/272 197/176/197
f 275/225/275 273/224/273 326/256/326
f 239/221/239 274/255/274 197/176/197
f 273/224/273 275/225/275 201/222/201
f 276/257/276 239/221/239 200/185/200
f 277/258/277 241/229/241 205/186/205
f 330/259/330 205/186/205 207/188/207
f 280/260/280 206/187/206 209/189/209
f 244/261/244 246/262/246 245/232/245
f 246/262/246 212/233/212 247/193/247
f 246/262/246 187/172/187 212/233/212
f 281/263/281 213/234/213 249/235/249
f 248/231/248 213/234/213 281/263/281
f 282/264/282 251/265/251 302/266/302
f 310/267/310 215/195/215 250/194/250
f 252/238/252 283/237/283 307/268/307
f 307/268/307 287/236/287 252/238/252
f 287/236/287 216/198/216 252/238/252
f 253/168/253 286/269/286 284/270/284
f 254/202/254 286/269/286 253/168/253
f 257/197/257 287/236/287 311/271/311
f 254/202/254 258/244/258 286/269/286
f 290/272/290 286/269/286 258/244/258
f 255/196/255 288/239/288 290/272/290
f 289/273/289 217/240/217 256/241/256
f 258/244/258 255/196/255 290/272/290
f 261/207/261 257/197/257 311/271/311
f 258/244/258 219/243/219 255/196/255
f 315/274/315 261/207/261 311/271/311
f 259/242/259 260/246/260 220/199/220
f 263/212/263 315/274/315 291/275/291
f 291/275/291 292/249/292 263/212/263
f 232/213/232 291/275/291 294/251/294
f 232/213/232 292/249/292 291/275/291
f 268/217/268 293/276/293 295/277/295
f 295/277/295 321/278/321 296/279/296
f 297/218/297 296/279/296 323/280/323
f 270/252/270 266/250/266 231/211/231
f 273/224/273 297/218/297 298/281/298
f 326/256/326 273/224/273 298/281/298
f 240/227/240 275/225/275 326/256/326
f 327/282/327 240/227/240 326/256/326
f 276/257/276 274/255/274 239/221/239
f 277/258/277 276/257/276 241/229/241
f 299/283/299 276/257/276 277/258/277
f 330/259/330 300/284/300 205/186/205
f 300/284/300 277/258/277 205/186/205
f 249/235/249 211/190/211 243/230/243
f 206/187/206 330/259/330 207/188/207
f 188/285/188 187/172/187 246/262/246
f 279/286/279 188/285/188 246/262/246
f 283/237/283 304/287/304 308/288/308
f 283/237/283 305/289/305 304/287/304
f 286/269/286 306/290/306 305/289/305
f 340/291/340 310/267/310 250/194/250
f 284/270/284 305/289/305 283/237/283
f 284/270/284 286/269/286 305/289/305
f 286/269/286 309/292/309 306/290/306
f 287/236/287 307/268/307 341/293/341
f 310/267/310 288/239/288 215/195/215
f 309/292/309 288/239/288 310/267/310
f 311/271/311 287/236/287 341/293/341
f 290/272/290 309/292/309 286/269/286
f 347/294/347 311/271/311 341/293/341
f 313/295/313 315/274/315 347/294/347
f 315/274/315 311/271/311 347/294/347
f 314/296/314 291/275/291 313/295/313
f 291/275/291 315/274/315 313/295/313
f 317/297/317 259/242/259 262/245/262
f 293/276/293 314/296/314 316/298/316
f 294/251/294 291/275/291 314/296/314
f 293/276/293 316/298/316 318/299/318
f 293/276/293 294/251/294 314/296/314
f 321/278/321 320/300/320 319/301/319
f 321/278/321 318/299/318 320/300/320
f 295/277/295 318/299/318 321/278/321
f 295/277/295 293/276/293 318/299/318
f 323/280/323 319/301/319 352/302/352
f 296/279/296 321/278/321 319/301/319
f 323/280/323 352/302/352 324/303/324
f 323/280/323 296/279/296 319/301/319
f 297/218/297 323/280/323 324/303/324
f 298/281/298 297/218/297 324/303/324
f 325/304/325 266/250/266 270/252/270
f 356/305/356 270/252/270 272/254/272
f 274/255/274 356/305/356 272/254/272
f 327/282/327 242/228/242 240/227/240
f 227/210/227 183/209/183 181/205/181
f 223/204/223 227/210/227 181/205/181
f 329/306/329 249/235/249 243/230/243
f 330/259/330 206/187/206 280/260/280
f 360/307/360 209/189/209 248/231/248
f 280/260/280 209/189/209 360/307/360
f 331/308/331 281/263/281 249/235/249
f 331/308/331 332/309/332 281/263/281
f 332/309/332 248/231/248 281/263/281
f 305/289/305 334/310/334 333/311/333
f 305/289/305 394/312/394 334/310/334
f 306/290/306 336/313/336 394/312/394
f 307/268/307 361/314/361 341/293/341
f 307/268/307 308/288/308 361/314/361
f 308/288/308 337/315/337 361/314/361
f 337/315/337 308/288/308 304/287/304
f 309/292/309 398/316/398 306/290/306
f 309/292/309 339/317/339 398/316/398
f 310/267/310 339/317/339 309/292/309
f 310/267/310 340/291/340 339/317/339
f 346/318/346 343/319/343 345/320/345
f 347/294/347 370/321/370 343/319/343
f 347/294/347 344/322/344 370/321/370
f 347/294/347 341/293/341 344/322/344
f 373/323/373 346/318/346 345/320/345
f 313/295/313 347/294/347 343/319/343
f 314/296/314 346/318/346 348/324/348
f 314/296/314 343/319/343 346/318/346
f 314/296/314 313/295/313 343/319/343
f 312/325/312 260/246/260 259/242/259
f 349/326/349 312/325/312 259/242/259
f 316/298/316 348/324/348 318/299/318
f 316/298/316 314/296/314 348/324/348
f 318/299/318 348/324/348 350/327/350
f 352/302/352 383/328/383 382/329/382
f 319/301/319 383/328/383 352/302/352
f 319/301/319 351/330/351 383/328/383
f 320/300/320 350/327/350 351/330/351
f 319/301/319 320/300/320 351/330/351
f 320/300/320 318/299/318 350/327/350
f 324/303/324 352/302/352 353/331/353
f 325/304/325 354/332/354 266/250/266
f 385/333/385 298/281/298 324/303/324
f 385/333/385 355/334/355 298/281/298
f 326/256/326 298/281/298 355/334/355
f 356/305/356 325/304/325 270/252/270
f 357/335/357 356/305/356 274/255/274
f 328/336/328 357/335/357 274/255/274
f 358/337/358 242/228/242 327/282/327
f 358/337/358 243/230/243 242/228/242
f 299/283/299 328/336/328 276/257/276
f 329/306/329 243/230/243 358/337/358
f 359/338/359 299/283/299 277/258/277
f 329/306/329 331/308/331 249/235/249
f 360/307/360 248/231/248 332/309/332
f 361/314/361 393/339/393 362/340/362
f 362/340/362 341/293/341 361/314/361
f 368/341/368 333/311/333 396/342/396
f 306/290/306 398/316/398 336/313/336
f 339/317/339 340/291/340 338/343/338
f 369/344/369 345/320/345 366/345/366
f 367/346/367 366/345/366 345/320/345
f 370/321/370 400/347/400 367/346/367
f 370/321/370 344/322/344 400/347/400
f 371/348/371 345/320/345 369/344/369
f 343/319/343 367/346/367 345/320/345
f 370/321/370 367/346/367 343/319/343
f 372/349/372 371/348/371 406/350/406
f 373/323/373 371/348/371 372/349/372
f 345/320/345 371/348/371 373/323/373
f 375/351/375 373/323/373 372/349/372
f 376/352/376 375/351/375 374/353/374
f 376/352/376 373/323/373 375/351/375
f 346/318/346 373/323/373 376/352/376
f 378/354/378 379/355/379 374/353/374
f 379/355/379 376/352/376 374/353/374
f 348/324/348 346/318/346 376/352/376
f 348/324/348 376/352/376 379/355/379
f 383/328/383 381/356/381 380/357/380
f 351/330/351 378/354/378 381/356/381
f 351/330/351 381/356/381 383/328/383
f 350/327/350 378/354/378 351/330/351
f 352/302/352 382/329/382 353/331/353
f 384/358/384 324/303/324 353/331/353
f 386/359/386 355/334/355 385/333/385
f 388/360/388 355/334/355 386/359/386
f 387/361/387 325/304/325 356/305/356
f 388/360/388 326/256/326 355/334/355
f 388/360/388 327/282/327 326/256/326
f 389/362/389 328/336/328 299/283/299
f 390/363/390 277/258/277 300/284/300
f 391/364/391 330/259/330 280/260/280
f 391/364/391 300/284/300 330/259/330
f 392/365/392 331/308/331 329/306/329
f 468/366/468 280/260/280 360/307/360
f 391/364/391 280/260/280 468/366/468
f 332/309/332 331/308/331 392/365/392
f 395/367/395 426/368/426 425/369/425
f 393/339/393 395/367/395 425/369/425
f 336/313/336 431/370/431 394/312/394
f 401/371/401 396/342/396 395/367/395
f 337/315/337 401/371/401 395/367/395
f 338/343/338 483/372/483 398/316/398
f 366/345/366 429/373/429 399/374/399
f 366/345/366 397/375/397 429/373/429
f 367/346/367 397/375/397 366/345/366
f 367/346/367 400/347/400 397/375/397
f 404/376/404 341/293/341 362/340/362
f 339/317/339 338/343/338 398/316/398
f 403/377/403 369/344/369 399/374/399
f 369/344/369 366/345/366 399/374/399
f 404/376/404 362/340/362 400/347/400
f 406/350/406 369/344/369 403/377/403
f 406/350/406 403/377/403 442/378/442
f 407/379/407 406/350/406 442/378/442
f 406/350/406 371/348/371 369/344/369
f 410/380/410 407/379/407 408/381/408
f 410/380/410 406/350/406 407/379/407
f 372/349/372 406/350/406 410/380/410
f 374/353/374 410/380/410 408/381/408
f 413/382/413 374/353/374 408/381/408
f 375/351/375 410/380/410 374/353/374
f 375/351/375 372/349/372 410/380/410
f 415/383/415 414/384/414 412/385/412
f 415/383/415 413/382/413 414/384/414
f 415/383/415 411/386/411 452/387/452
f 415/383/415 412/385/412 411/386/411
f 413/382/413 378/354/378 374/353/374
f 378/354/378 413/382/413 415/383/415
f 380/357/380 452/387/452 454/388/454
f 380/357/380 415/383/415 452/387/452
f 380/357/380 381/356/381 415/383/415
f 381/356/381 378/354/378 415/383/415
f 382/329/382 383/328/383 454/388/454
f 383/328/383 380/357/380 454/388/454
f 456/389/456 382/329/382 454/388/454
f 456/389/456 353/331/353 382/329/382
f 322/390/322 416/391/416 317/297/317
f 418/392/418 384/358/384 417/393/417
f 417/393/417 384/358/384 353/331/353
f 458/394/458 322/390/322 354/332/354
f 386/359/386 385/333/385 418/392/418
f 419/395/419 388/360/388 386/359/386
f 421/396/421 387/361/387 356/305/356
f 420/397/420 388/360/388 419/395/419
f 421/396/421 356/305/356 357/335/357
f 420/397/420 327/282/327 388/360/388
f 328/336/328 422/398/422 357/335/357
f 462/399/462 329/306/329 358/337/358
f 359/338/359 277/258/277 390/363/390
f 390/363/390 300/284/300 391/364/391
f 423/400/423 390/363/390 391/364/391
f 424/401/424 360/307/360 332/309/332
f 393/339/393 425/369/425 427/402/427
f 435/403/435 362/340/362 427/402/427
f 362/340/362 393/339/393 427/402/427
f 395/367/395 428/404/428 426/368/426
f 395/367/395 334/310/334 428/404/428
f 431/370/431 432/405/432 480/406/480
f 399/374/399 477/407/477 482/408/482
f 399/374/399 429/373/429 477/407/477
f 397/375/397 430/409/430 429/373/429
f 397/375/397 434/410/434 430/409/430
f 397/375/397 400/347/400 434/410/434
f 400/347/400 435/403/435 434/410/434
f 398/316/398 432/405/432 431/370/431
f 398/316/398 483/372/483 432/405/432
f 402/411/402 436/412/436 363/413/363
f 438/414/438 436/412/436 402/411/402
f 433/415/433 399/374/399 482/408/482
f 362/340/362 435/403/435 400/347/400
f 338/343/338 437/416/437 483/372/483
f 441/417/441 440/418/440 439/419/439
f 403/377/403 399/374/399 433/415/433
f 442/378/442 440/418/440 441/417/441
f 442/378/442 433/415/433 440/418/440
f 403/377/403 433/415/433 442/378/442
f 408/381/408 441/417/441 439/419/439
f 407/379/407 442/378/442 441/417/441
f 447/420/447 445/421/445 444/422/444
f 408/381/408 407/379/407 441/417/441
f 448/423/448 444/422/444 446/424/446
f 449/425/449 444/422/444 448/423/448
f 449/425/449 447/420/447 444/422/444
f 450/426/450 447/420/447 449/425/449
f 411/386/411 450/426/450 449/425/449
f 452/387/452 448/423/448 451/427/451
f 411/386/411 449/425/449 448/423/448
f 452/387/452 411/386/411 448/423/448
f 454/388/454 452/387/452 451/427/451
f 377/428/377 453/429/453 409/430/409
f 456/389/456 454/388/454 455/431/455
f 418/392/418 417/393/417 457/432/457
f 491/433/491 386/359/386 418/392/418
f 459/434/459 458/394/458 354/332/354
f 422/398/422 421/396/421 357/335/357
f 460/435/460 327/282/327 420/397/420
f 460/435/460 358/337/358 327/282/327
f 461/436/461 422/398/422 328/336/328
f 462/399/462 358/337/358 460/435/460
f 389/362/389 461/436/461 328/336/328
f 389/362/389 299/283/299 359/338/359
f 494/437/494 389/362/389 359/338/359
f 465/438/465 463/439/463 359/338/359
f 464/440/464 329/306/329 462/399/462
f 465/438/465 359/338/359 390/363/390
f 466/441/466 392/365/392 329/306/329
f 467/442/467 423/400/423 391/364/391
f 468/366/468 360/307/360 424/401/424
f 470/443/470 392/365/392 469/444/469
f 470/443/470 332/309/332 392/365/392
f 470/443/470 471/445/471 332/309/332
f 424/401/424 332/309/332 471/445/471
f 425/369/425 474/446/474 473/447/473
f 475/448/475 474/446/474 425/369/425
f 426/368/426 476/449/476 475/448/475
f 429/373/429 495/450/495 477/407/477
f 429/373/429 430/409/430 495/450/495
f 431/370/431 480/406/480 479/451/479
f 430/409/430 434/410/434 497/452/497
f 440/418/440 481/453/481 484/454/484
f 440/418/440 433/415/433 481/453/481
f 437/416/437 485/455/485 483/372/483
f 444/422/444 445/421/445 486/456/486
f 448/423/448 446/424/446 488/457/488
f 451/427/451 448/423/448 488/457/488
f 454/388/454 451/427/451 543/458/543
f 455/431/455 454/388/454 543/458/543
f 489/459/489 453/429/453 377/428/377
f 416/391/416 489/459/489 377/428/377
f 456/389/456 455/431/455 517/460/517
f 456/389/456 517/460/517 457/432/457
f 491/433/491 418/392/418 457/432/457
f 519/461/519 490/462/490 458/394/458
f 492/463/492 386/359/386 491/433/491
f 492/463/492 419/395/419 386/359/386
f 493/464/493 459/434/459 387/361/387
f 421/396/421 521/465/521 387/361/387
f 521/465/521 421/396/421 422/398/422
f 494/437/494 359/338/359 463/439/463
f 466/441/466 329/306/329 464/440/464
f 465/438/465 390/363/390 423/400/423
f 472/466/472 391/364/391 468/366/468
f 467/442/467 391/364/391 472/466/472
f 528/467/528 435/403/435 427/402/427
f 435/403/435 500/468/500 504/469/504
f 484/454/484 503/470/503 564/471/564
f 483/372/483 485/455/485 565/472/565
f 485/455/485 507/473/507 565/472/565
f 439/419/439 484/454/484 506/474/506
f 509/475/509 436/412/436 438/414/438
f 513/476/513 510/477/510 512/478/512
f 486/456/486 510/477/510 513/476/513
f 513/476/513 444/422/444 486/456/486
f 488/457/488 514/479/514 515/480/515
f 513/476/513 446/424/446 444/422/444
f 488/457/488 513/476/513 514/479/514
f 446/424/446 513/476/513 488/457/488
f 515/480/515 451/427/451 488/457/488
f 517/460/517 455/431/455 516/481/516
f 491/433/491 457/432/457 517/460/517
f 519/461/519 459/434/459 493/464/493
f 520/482/520 419/395/419 492/463/492
f 520/482/520 420/397/420 419/395/419
f 551/483/551 522/484/522 420/397/420
f 522/484/522 460/435/460 420/397/420
f 523/485/523 460/435/460 522/484/522
f 523/485/523 462/399/462 460/435/460
f 524/486/524 461/436/461 389/362/389
f 523/485/523 464/440/464 462/399/462
f 466/441/466 525/487/525 392/365/392
f 525/487/525 469/444/469 392/365/392
f 527/488/527 472/466/472 468/366/468
f 467/442/467 472/466/472 527/488/527
f 526/489/526 470/443/470 469/444/469
f 526/489/526 471/445/471 470/443/470
f 527/488/527 424/401/424 471/445/471
f 531/490/531 558/491/558 528/467/528
f 531/490/531 529/492/529 558/491/558
f 532/493/532 529/492/529 531/490/531
f 532/493/532 530/494/530 529/492/529
f 500/468/500 528/467/528 556/495/556
f 499/496/499 560/497/560 498/498/498
f 499/496/499 478/499/478 560/497/560
f 478/499/478 561/500/561 560/497/560
f 479/451/479 561/500/561 478/499/478
f 479/451/479 480/406/480 561/500/561
f 480/406/480 562/501/562 561/500/561
f 502/502/502 562/501/562 480/406/480
f 483/372/483 537/503/537 502/502/502
f 483/372/483 565/472/565 537/503/537
f 484/454/484 564/471/564 538/504/538
f 506/474/506 484/454/484 538/504/538
f 508/505/508 539/506/539 507/473/507
f 512/478/512 540/507/540 568/508/568
f 512/478/512 510/477/510 540/507/540
f 514/479/514 568/508/568 541/509/541
f 514/479/514 512/478/512 568/508/568
f 487/510/487 542/511/542 511/512/511
f 514/479/514 513/476/513 512/478/512
f 515/480/515 514/479/514 541/509/541
f 572/513/572 515/480/515 541/509/541
f 443/514/443 542/511/542 487/510/487
f 543/458/543 515/480/515 572/513/572
f 455/431/455 543/458/543 573/515/573
f 516/481/516 455/431/455 573/515/573
f 574/516/574 517/460/517 516/481/516
f 545/517/545 416/391/416 518/518/518
f 574/516/574 491/433/491 517/460/517
f 519/461/519 546/519/546 490/462/490
f 548/520/548 492/463/492 491/433/491
f 550/521/550 549/522/549 519/461/519
f 520/482/520 492/463/492 548/520/548
f 550/521/550 519/461/519 493/464/493
f 551/483/551 420/397/420 520/482/520
f 577/523/577 523/485/523 522/484/522
f 552/524/552 524/486/524 494/437/494
f 552/524/552 494/437/494 463/439/463
f 553/525/553 465/438/465 423/400/423
f 553/525/553 463/439/463 465/438/465
f 525/487/525 526/489/526 469/444/469
f 526/489/526 527/488/527 471/445/471
f 528/467/528 557/526/557 556/495/556
f 528/467/528 554/527/554 557/526/557
f 528/467/528 555/528/555 554/527/554
f 558/491/558 555/528/555 528/467/528
f 498/498/498 560/497/560 533/529/533
f 502/502/502 563/530/563 562/501/562
f 481/453/481 534/531/534 591/532/591
f 502/502/502 537/503/537 563/530/563
f 568/508/568 566/533/566 596/534/596
f 568/508/568 540/507/540 566/533/566
f 541/509/541 570/535/570 571/536/571
f 568/508/568 596/534/596 570/535/570
f 541/509/541 568/508/568 570/535/570
f 572/513/572 541/509/541 571/536/571
f 544/537/544 542/511/542 443/514/443
f 543/458/543 572/513/572 573/515/573
f 574/516/574 516/481/516 573/515/573
f 489/459/489 599/538/599 453/429/453
f 547/539/547 491/433/491 574/516/574
f 575/540/575 547/539/547 574/516/574
f 548/520/548 491/433/491 547/539/547
f 549/522/549 546/519/546 519/461/519
f 521/465/521 550/521/550 493/464/493
f 576/541/576 550/521/550 521/465/521
f 577/523/577 522/484/522 551/483/551
f 578/542/578 576/541/576 521/465/521
f 578/542/578 422/398/422 461/436/461
f 579/543/579 578/542/578 461/436/461
f 579/543/579 461/436/461 524/486/524
f 581/544/581 464/440/464 523/485/523
f 580/545/580 581/544/581 523/485/523
f 581/544/581 466/441/466 464/440/464
f 581/544/581 605/546/605 466/441/466
f 552/524/552 463/439/463 553/525/553
f 582/547/582 525/487/525 466/441/466
f 583/548/583 423/400/423 467/442/467
f 584/549/584 583/548/583 467/442/467
f 583/548/583 553/525/553 423/400/423
f 584/549/584 467/442/467 527/488/527
f 585/550/585 584/549/584 527/488/527
f 585/550/585 527/488/527 526/489/526
f 533/529/533 560/497/560 588/551/588
f 571/536/571 570/535/570 618/552/618
f 597/553/597 573/515/573 572/513/572
f 598/554/598 574/516/574 573/515/573
f 518/518/518 625/555/625 545/517/545
f 623/556/623 575/540/575 574/516/574
f 601/557/601 547/539/547 575/540/575
f 601/557/601 548/520/548 547/539/547
f 603/558/603 551/483/551 520/482/520
f 604/559/604 577/523/577 551/483/551
f 577/523/577 580/545/580 523/485/523
f 605/546/605 582/547/582 466/441/466
f 606/560/606 525/487/525 582/547/582
f 607/561/607 526/489/526 525/487/525
f 606/560/606 607/561/607 525/487/525
f 586/562/586 608/563/608 638/564/638
f 609/565/609 586/562/586 638/564/638
f 609/565/609 557/526/557 554/527/554
f 596/534/596 594/566/594 616/567/616
f 617/568/617 615/569/615 595/570/595
f 617/568/617 567/571/567 569/572/569
f 571/536/571 618/552/618 619/573/619
f 572/513/572 571/536/571 620/574/620
f 542/511/542 621/575/621 569/572/569
f 544/537/544 621/575/621 542/511/542
f 573/515/573 597/553/597 622/576/622
f 622/576/622 598/554/598 573/515/573
f 598/554/598 623/556/623 574/516/574
f 624/577/624 545/517/545 625/555/625
f 626/578/626 575/540/575 623/556/623
f 602/579/602 549/522/549 627/580/627
f 603/558/603 520/482/520 548/520/548
f 627/580/627 549/522/549 550/521/550
f 656/581/656 551/483/551 603/558/603
f 627/580/627 550/521/550 576/541/576
f 628/582/628 627/580/627 576/541/576
f 628/582/628 576/541/576 578/542/578
f 629/583/629 579/543/579 524/486/524
f 604/559/604 580/545/580 577/523/577
f 686/584/686 580/545/580 604/559/604
f 630/585/630 629/583/629 524/486/524
f 631/586/631 582/547/582 605/546/605
f 634/587/634 583/548/583 584/549/584
f 634/587/634 553/525/553 583/548/583
f 632/588/632 553/525/553 634/587/634
f 631/586/631 606/560/606 582/547/582
f 607/561/607 585/550/585 526/489/526
f 607/561/607 633/589/633 585/550/585
f 633/589/633 584/549/584 585/550/585
f 637/590/637 636/591/636 635/592/635
f 638/564/638 637/590/637 635/592/635
f 609/565/609 638/564/638 666/593/666
f 563/530/563 643/594/643 590/595/590
f 648/596/648 556/495/556 640/597/640
f 614/598/614 647/599/647 646/600/646
f 650/601/650 676/602/676 613/603/613
f 616/567/616 649/604/649 675/605/675
f 618/552/618 616/567/616 651/606/651
f 619/573/619 618/552/618 678/607/678
f 571/536/571 619/573/619 620/574/620
f 597/553/597 572/513/572 620/574/620
f 622/576/622 597/553/597 679/608/679
f 600/609/600 654/610/654 625/555/625
f 626/578/626 601/557/601 575/540/575
f 655/611/655 548/520/548 601/557/601
f 655/611/655 603/558/603 548/520/548
f 627/580/627 682/612/682 602/579/602
f 628/582/628 683/613/683 627/580/627
f 657/614/657 604/559/604 551/483/551
f 658/615/658 578/542/578 579/543/579
f 659/616/659 658/615/658 579/543/579
f 629/583/629 659/616/659 579/543/579
f 660/617/660 580/545/580 686/584/686
f 660/617/660 581/544/581 580/545/580
f 661/618/661 630/585/630 552/524/552
f 661/618/661 552/524/552 662/619/662
f 662/619/662 552/524/552 553/525/553
f 687/620/687 631/586/631 605/546/605
f 663/621/663 633/589/633 607/561/607
f 633/589/633 702/622/702 584/549/584
f 702/622/702 634/587/634 584/549/584
f 664/623/664 638/564/638 635/592/635
f 638/564/638 664/623/664 666/593/666
f 639/624/639 609/565/609 666/593/666
f 642/625/642 692/626/692 668/627/668
f 643/594/643 669/628/669 590/595/590
f 646/600/646 644/629/644 672/630/672
f 678/607/678 618/552/618 651/606/651
f 679/608/679 597/553/597 620/574/620
f 775/631/774 598/554/598 622/576/622
f 680/632/680 623/556/623 598/554/598
f 680/632/680 626/578/626 623/556/623
f 699/633/699 601/557/601 626/578/626
f 701/634/701 601/557/601 699/633/699
f 701/634/701 655/611/655 601/557/601
f 701/634/701 603/558/603 655/611/655
f 701/634/701 656/581/656 603/558/603
f 684/635/684 551/483/551 656/581/656
f 684/635/684 657/614/657 551/483/551
f 657/614/657 686/584/686 604/559/604
f 685/636/685 659/616/659 629/583/629
f 629/583/629 630/585/630 661/618/661
f 660/617/660 605/546/605 581/544/581
f 687/620/687 605/546/605 660/617/660
f 632/588/632 662/619/662 553/525/553
f 688/637/688 631/586/631 687/620/687
f 688/637/688 606/560/606 631/586/631
f 702/622/702 633/589/633 663/621/663
f 688/637/688 689/638/689 606/560/606
f 690/639/690 607/561/607 606/560/606
f 663/621/663 607/561/607 690/639/690
f 708/640/707 673/641/673 732/642/731
f 648/596/648 640/597/640 639/624/639
f 697/643/697 620/574/620 715/644/714
f 697/643/697 679/608/679 620/574/620
f 718/645/717 622/576/622 679/608/679
f 718/645/717 775/631/774 622/576/622
f 775/631/774 744/646/743 598/554/598
f 744/647/743 680/632/680 598/554/598
f 699/633/699 626/578/626 680/632/680
f 753/648/752 656/581/656 701/634/701
f 658/615/658 683/613/683 628/582/628
f 713/649/712 678/607/678 651/606/651
f 715/644/714 678/607/678 713/649/712
f 747/650/746 701/634/701 699/633/699
f 752/651/751 682/612/682 683/613/683
f 721/652/720 752/651/751 683/613/683
f 721/652/720 683/613/683 722/653/721
f 722/653/721 683/613/683 658/615/658
f 722/653/721 658/615/658 659/616/659
f 723/654/722 685/636/685 629/583/629
f 723/654/722 629/583/629 661/618/661
f 724/655/723 660/617/660 686/584/686
f 725/656/724 662/619/662 632/588/632
f 726/657/725 606/560/606 689/638/689
f 726/657/725 690/639/690 606/560/606
f 727/658/726 663/621/663 690/639/690
f 727/658/726 702/622/702 663/621/663
f 728/659/727 664/623/664 635/592/635
f 730/660/729 731/661/730 729/662/728
f 639/624/639 673/641/673 648/596/648
f 739/663/738 737/664/736 736/665/735
f 742/666/741 679/608/679 697/643/697
f 743/667/742 744/646/743 775/631/774
f 745/668/744 652/669/652 698/670/698
f 746/671/745 680/632/680 744/647/743
f 746/671/745 699/633/699 680/632/680
f 746/671/745 747/650/746 699/633/699
f 748/672/747 747/673/746 746/674/745
f 749/675/748 720/676/719 700/677/700
f 748/678/747 701/634/701 747/650/746
f 751/679/750 701/634/701 748/678/747
f 753/648/752 701/634/701 751/679/750
f 752/651/751 750/680/749 700/677/700
f 776/681/775 656/581/656 753/648/752
f 754/682/753 684/635/684 656/581/656
f 777/683/776 722/653/721 659/616/659
f 755/684/754 723/654/722 661/618/661
f 755/684/754 661/618/661 662/619/662
f 756/685/755 687/620/687 660/617/660
f 756/685/755 757/686/756 687/620/687
f 757/686/756 688/637/688 687/620/687
f 758/687/757 702/622/702 727/658/726
f 761/688/760 760/689/759 759/690/758
f 728/659/727 666/593/666 664/623/664
f 763/691/762 760/689/759 762/692/761
f 764/693/763 760/689/759 763/691/762
f 732/642/731 639/624/639 666/593/666
f 732/642/731 673/641/673 639/624/639
f 772/694/771 713/649/712 712/695/711
f 742/666/741 697/643/697 715/644/714
f 775/631/774 718/645/717 679/608/679
f 720/696/719 745/668/744 719/697/718
f 750/680/749 749/675/748 700/677/700
f 751/679/750 776/681/775 753/648/752
f 754/682/753 656/581/656 776/681/775
f 725/656/724 632/588/632 634/587/634
f 778/698/777 702/622/702 758/687/757
f 778/698/777 634/587/634 702/622/702
f 726/657/725 727/658/726 690/639/690
f 726/657/725 758/687/757 727/658/726
f 780/699/779 728/659/727 729/662/728
f 781/700/780 666/593/666 728/659/727
f 784/701/783 732/642/731 666/593/666
f 781/700/780 784/701/783 666/593/666
f 810/702/809 741/703/740 771/704/770
f 793/705/792 742/666/741 715/644/714
f 742/666/741 796/706/795 679/608/679
f 796/706/795 775/631/774 679/608/679
f 798/707/797 744/646/743 743/667/742
f 798/707/797 746/674/745 744/646/743
f 814/708/813 748/672/747 746/674/745
f 802/709/801 721/652/720 722/653/721
f 803/710/802 657/614/657 684/635/684
f 804/711/803 777/683/776 659/616/659
f 804/711/803 659/616/659 685/636/685
f 804/711/803 685/636/685 723/654/722
f 818/712/817 724/655/723 686/584/686
f 818/712/817 660/617/660 724/655/723
f 805/713/804 660/617/660 818/712/817
f 805/713/804 756/685/755 660/617/660
f 725/656/724 755/684/754 662/619/662
f 807/714/806 726/657/725 806/715/805
f 793/705/792 715/644/714 772/694/771
f 813/716/812 742/666/741 793/705/792
f 834/717/833 775/631/774 796/706/795
f 834/717/833 743/667/742 775/631/774
f 814/708/813 746/674/745 798/707/797
f 800/718/799 815/719/814 799/720/798
f 816/721/815 748/672/747 814/708/813
f 816/721/815 751/722/750 748/672/747
f 817/723/816 750/680/749 752/651/751
f 842/724/841 751/722/750 816/721/815
f 817/723/816 752/651/751 801/725/800
f 842/726/841 776/681/775 751/679/750
f 865/727/864 776/681/775 842/726/841
f 865/727/864 754/682/753 776/681/775
f 818/712/817 657/614/657 803/710/802
f 818/712/817 686/584/686 657/614/657
f 819/728/818 723/654/722 755/684/754
f 820/729/819 688/637/688 757/686/756
f 820/729/819 689/638/689 688/637/688
f 820/729/819 726/657/725 689/638/689
f 820/729/819 806/715/805 726/657/725
f 807/714/806 758/687/757 726/657/725
f 821/730/820 780/699/779 729/662/728
f 768/731/767 827/732/826 826/733/825
f 793/705/792 772/694/771 812/734/811
f 836/735/835 743/667/742 834/717/833
f 836/735/835 837/736/836 743/667/742
f 798/707/797 743/667/742 837/736/836
f 839/737/838 814/708/813 798/707/797
f 840/738/839 814/708/813 839/737/838
f 816/721/815 814/708/813 840/738/839
f 841/739/840 815/719/814 800/718/799
f 802/709/801 801/725/800 721/652/720
f 843/740/842 802/709/801 722/653/721
f 843/740/842 722/653/721 777/683/776
f 803/710/802 684/635/684 754/682/753
f 844/741/843 777/683/776 804/711/803
f 819/728/818 804/711/803 723/654/722
f 849/742/848 846/743/845 725/656/724
f 846/743/845 755/684/754 725/656/724
f 848/744/847 849/742/848 725/656/724
f 847/745/846 757/686/756 756/685/755
f 850/746/849 725/656/724 778/698/777
f 848/744/847 725/656/724 850/746/849
f 782/747/781 873/748/872 852/749/851
f 781/700/780 829/750/828 784/701/783
f 898/751/897 830/752/829 810/702/809
f 857/753/856 812/734/811 830/752/829
f 857/753/856 793/705/792 812/734/811
f 858/754/857 793/705/792 857/753/856
f 858/754/857 833/755/832 793/705/792
f 833/755/832 813/716/812 793/705/792
f 813/716/812 902/756/901 742/666/741
f 902/756/901 796/706/795 742/666/741
f 862/757/861 834/717/833 796/706/795
f 865/758/864 842/724/841 816/721/815
f 907/759/906 865/758/864 816/721/815
f 801/760/800 864/761/863 817/762/816
f 866/763/865 754/682/753 865/727/864
f 866/763/865 803/710/802 754/682/753
f 867/764/866 818/712/817 803/710/802
f 845/765/844 755/684/754 846/743/845
f 805/713/804 847/745/846 756/685/755
f 850/746/849 778/698/777 758/687/757
f 868/766/867 758/687/757 807/714/806
f 869/767/868 806/715/805 820/729/819
f 869/767/868 807/714/806 806/715/805
f 822/768/821 871/769/870 870/770/869
f 892/771/891 728/659/727 780/699/779
f 728/659/727 892/771/891 781/700/780
f 854/772/853 875/773/874 896/774/895
f 854/772/853 876/775/875 875/773/874
f 811/776/810 878/777/877 895/778/894
f 862/757/861 796/706/795 902/756/901
f 884/779/883 798/707/797 837/736/836
f 885/780/884 839/737/838 798/707/797
f 884/779/883 885/780/884 798/707/797
f 885/780/884 840/738/839 839/737/838
f 886/781/885 840/738/839 885/780/884
f 907/759/906 816/721/815 840/738/839
f 886/781/885 907/759/906 840/738/839
f 887/782/886 866/783/865 865/758/864
f 866/763/865 867/764/866 803/710/802
f 844/741/843 804/711/803 889/784/888
f 889/784/888 804/711/803 888/785/887
f 888/785/887 804/711/803 819/728/818
f 890/786/889 820/729/819 757/686/756
f 850/746/849 758/687/757 868/766/867
f 890/786/889 891/787/890 820/729/819
f 915/788/914 807/714/806 869/767/868
f 872/789/871 870/770/869 917/790/916
f 879/791/878 924/792/923 855/793/854
f 924/792/923 856/794/855 877/795/876
f 899/796/898 830/752/829 898/751/897
f 899/796/898 857/753/856 830/752/829
f 858/754/857 857/753/856 899/796/898
f 836/735/835 834/717/833 862/757/861
f 934/797/933 837/736/836 836/735/835
f 884/779/883 837/736/836 903/798/902
f 906/799/905 815/719/814 841/739/840
f 908/800/907 906/799/905 841/739/840
f 887/782/886 865/758/864 907/759/906
f 977/801/976 864/761/863 801/760/800
f 938/802/937 867/803/866 866/783/865
f 911/804/910 818/712/817 867/764/866
f 888/785/887 819/728/818 845/765/844
f 912/805/911 805/713/804 818/712/817
f 912/805/911 847/745/846 805/713/804
f 912/805/911 913/806/912 847/745/846
f 913/806/912 757/686/756 847/745/846
f 890/786/889 757/686/756 913/806/912
f 914/807/913 848/744/847 850/746/849
f 915/788/914 868/766/867 807/714/806
f 919/808/918 781/700/780 892/771/891
f 922/809/921 781/700/780 919/808/918
f 896/774/895 990/810/988 953/811/952
f 896/774/895 921/812/920 990/810/988
f 922/809/921 878/777/877 781/700/780
f 960/813/959 898/751/897 953/811/952
f 899/796/898 898/751/897 927/814/926
f 900/815/899 858/754/857 899/796/898
f 900/815/899 833/755/832 858/754/857
f 967/816/966 813/716/812 833/755/832
f 969/817/968 813/716/812 967/816/966
f 969/817/968 902/756/901 813/716/812
f 933/818/932 862/757/861 902/756/901
f 933/818/932 836/735/835 862/757/861
f 933/818/932 934/797/933 836/735/835
f 936/819/935 885/780/884 884/779/883
f 936/819/935 886/781/885 885/780/884
f 936/819/935 905/820/904 886/781/885
f 937/821/936 907/759/906 975/822/974
f 977/801/976 909/823/908 864/761/863
f 937/821/936 887/782/886 907/759/906
f 977/801/976 801/760/800 910/824/909
f 979/825/978 802/826/801 843/827/842
f 910/824/909 802/826/801 979/825/978
f 887/782/886 938/802/937 866/783/865
f 939/828/938 867/803/866 938/802/937
f 1025/829/1023 889/830/888 888/831/887
f 939/828/938 911/832/910 867/803/866
f 911/804/910 912/805/911 818/712/817
f 845/765/844 846/743/845 1031/833/1029
f 942/834/941 941/835/940 940/836/939
f 1031/833/1029 846/743/845 849/742/848
f 943/837/942 944/838/943 940/836/939
f 944/838/943 942/834/941 940/836/939
f 984/839/983 942/834/941 944/838/943
f 943/837/942 984/839/983 944/838/943
f 945/840/944 850/746/849 868/766/867
f 869/767/868 820/729/819 891/787/890
f 894/841/893 956/842/955 955/843/954
f 957/844/956 922/809/921 919/808/918
f 953/811/952 958/845/957 993/846/991
f 960/813/959 953/811/952 993/846/991
f 961/847/960 962/848/961 959/849/958
f 962/848/961 927/814/926 959/849/958
f 927/814/926 960/813/959 959/849/958
f 899/796/898 927/814/926 962/848/961
f 965/850/964 961/847/960 964/851/963
f 965/850/964 962/848/961 961/847/960
f 966/852/965 962/848/961 965/850/964
f 962/848/961 900/815/899 899/796/898
f 900/815/899 962/848/961 966/852/965
f 1005/853/1003 900/815/899 966/852/965
f 967/816/966 900/815/899 1005/853/1003
f 833/755/832 900/815/899 967/816/966
f 969/817/968 967/816/966 1007/854/1005
f 902/756/901 969/817/968 970/855/969
f 933/818/932 902/756/901 970/855/969
f 903/798/902 837/736/836 934/797/933
f 978/856/977 938/802/937 937/821/936
f 980/857/979 938/802/937 978/856/977
f 980/857/979 939/828/938 938/802/937
f 1027/858/1025 1025/829/1023 888/831/887
f 940/836/939 982/859/981 981/860/980
f 983/861/982 940/836/939 981/860/980
f 1031/833/1029 849/742/848 848/744/847
f 983/861/982 943/837/942 940/836/939
f 1031/833/1029 848/744/847 914/807/913
f 985/862/984 943/837/942 983/861/982
f 954/863/953 991/864/989 924/792/923
f 954/863/953 955/843/954 991/864/989
f 925/865/924 994/866/992 956/842/955
f 959/849/958 996/867/994 995/868/993
f 960/813/959 993/846/991 996/867/994
f 959/849/958 960/813/959 996/867/994
f 1042/869/1040 766/870/765 734/871/733
f 959/849/958 995/868/993 999/872/997
f 999/872/997 961/847/960 959/849/958
f 961/847/960 999/872/997 1001/873/999
f 961/847/960 1001/873/999 1003/874/1001
f 964/851/963 961/847/960 1003/874/1001
f 1005/853/1003 966/852/965 964/851/963
f 1007/854/1005 967/816/966 1005/853/1003
f 1008/875/1006 969/817/968 1007/854/1005
f 969/817/968 1008/875/1006 970/855/969
f 1010/876/1008 933/818/932 970/855/969
f 1012/877/1010 933/818/932 1010/876/1008
f 1012/877/1010 934/797/933 933/818/932
f 1012/877/1010 903/798/902 934/797/933
f 1013/878/1011 903/798/902 1012/877/1010
f 1013/878/1011 936/819/935 903/798/902
f 1014/879/1012 905/820/904 936/819/935
f 1019/880/1017 909/823/908 977/801/976
f 1023/881/1021 889/830/888 1025/829/1023
f 1023/881/1021 844/882/843 889/830/888
f 939/828/938 1024/883/1022 911/832/910
f 981/860/980 1026/884/1024 1029/885/1027
f 1024/883/1022 912/886/911 911/832/910
f 1031/887/1029 1028/888/1026 845/889/844
f 1071/890/1069 981/860/980 1029/885/1027
f 1030/891/1028 913/892/912 912/886/911
f 1024/883/1022 1030/891/1028 912/886/911
f 1071/890/1069 983/861/982 981/860/980
f 914/807/913 850/746/849 945/840/944
f 1033/893/1031 984/839/983 943/837/942
f 985/862/984 1033/893/1031 943/837/942
f 1034/894/1032 945/840/944 868/766/867
f 913/892/912 891/895/890 890/896/889
f 1034/894/1032 868/766/867 915/788/914
f 1035/897/1033 869/767/868 891/787/890
f 1036/898/1034 869/767/868 1035/897/1033
f 1036/898/1034 915/788/914 869/767/868
f 1041/899/1039 919/808/918 989/900/987
f 1041/899/1039 957/844/956 919/808/918
f 1042/869/1040 1000/901/998 957/844/956
f 1051/902/1049 964/851/963 1003/874/1001
f 1051/902/1049 1005/853/1003 964/851/963
f 1053/903/1051 1007/854/1005 1005/853/1003
f 1054/904/1052 1007/854/1005 1053/903/1051
f 1054/904/1052 1008/875/1006 1007/854/1005
f 1054/904/1052 1009/905/1007 1008/875/1006
f 1056/906/1054 1012/877/1010 1010/876/1008
f 1013/878/1011 1014/879/1012 936/819/935
f 1058/907/1056 1014/879/1012 1013/878/1011
f 1058/907/1056 1016/908/1014 1014/879/1012
f 1017/909/1015 1016/908/1014 1059/910/1057
f 1018/911/1016 1017/909/1015 1059/910/1057
f 1061/912/1059 1020/913/1018 1018/911/1016
f 1062/914/1060 909/823/908 1019/880/1017
f 1062/914/1060 908/800/907 909/823/908
f 1021/915/1019 1020/913/1018 1061/912/1059
f 1092/916/1090 1021/915/1019 1061/912/1059
f 1019/880/1017 977/801/976 1093/917/1091
f 1093/917/1091 977/801/976 910/824/909
f 1063/918/1061 1093/917/1091 910/824/909
f 1064/919/1062 1021/915/1019 1092/916/1090
f 1022/920/1020 1021/915/1019 1064/919/1062
f 1063/918/1061 910/824/909 979/825/978
f 1065/921/1063 1022/920/1020 1064/919/1062
f 1067/922/1065 1026/884/1024 1066/923/1064
f 1067/922/1065 1029/885/1027 1026/884/1024
f 1027/858/1025 845/889/844 1028/888/1026
f 1069/924/1067 1030/891/1028 1024/883/1022
f 1099/925/1097 1028/888/1026 1031/887/1029
f 1141/926/1139 1031/887/1029 1103/927/1101
f 1103/927/1101 1031/887/1029 914/928/913
f 1072/929/1070 915/788/914 1036/898/1034
f 1072/929/1070 1034/894/1032 915/788/914
f 1047/930/1045 1044/931/1042 993/846/991
f 1088/932/1086 1012/877/1010 1056/906/1054
f 1088/932/1086 1013/878/1011 1012/877/1010
f 1058/907/1056 1059/910/1057 1016/908/1014
f 1092/916/1090 1061/912/1059 1129/933/1127
f 1063/918/1061 979/825/978 1132/934/1130
f 1094/935/1092 1065/921/1063 1064/919/1062
f 1134/936/1132 1132/934/1130 1023/881/1021
f 1094/935/1092 1095/937/1093 1065/921/1063
f 1095/937/1093 1024/883/1022 1065/921/1063
f 1069/924/1067 1024/883/1022 1095/937/1093
f 1168/938/1165 1023/881/1021 1025/829/1023
f 1066/923/1064 1097/939/1095 1096/940/1094
f 1067/922/1065 1066/923/1064 1096/940/1094
f 1139/941/1137 1029/885/1027 1067/922/1065
f 1100/942/1098 1030/891/1028 1069/924/1067
f 1101/943/1099 1099/925/1097 1031/887/1029
f 1071/890/1069 1029/885/1027 1139/941/1137
f 1071/890/1069 1139/941/1137 1102/944/1100
f 1101/943/1099 1031/887/1029 1141/926/1139
f 1104/945/1102 1105/946/1103 1102/944/1100
f 1105/946/1103 1071/890/1069 1102/944/1100
f 1106/947/1104 983/861/982 1071/890/1069
f 1105/946/1103 1106/947/1104 1071/890/1069
f 1107/948/1105 913/892/912 1030/891/1028
f 1100/942/1098 1107/948/1105 1030/891/1028
f 1103/927/1101 914/928/913 945/949/944
f 1106/947/1104 985/862/984 983/861/982
f 1144/950/1142 985/862/984 1106/947/1104
f 1144/950/1142 1033/893/1031 985/862/984
f 1107/948/1105 1108/951/1106 913/892/912
f 1072/952/1070 1145/953/1143 1034/954/1032
f 1108/951/1106 891/895/890 913/892/912
f 1108/951/1106 1035/955/1033 891/895/890
f 990/810/988 1079/956/1077 1077/957/1075
f 1086/958/1084 1088/932/1086 1056/906/1054
f 1126/959/1124 1013/878/1011 1088/932/1086
f 1126/959/1124 1058/907/1056 1013/878/1011
f 1090/960/1088 1058/907/1056 1126/959/1124
f 1127/961/1125 1058/907/1056 1090/960/1088
f 1127/961/1125 1059/910/1057 1058/907/1056
f 1129/933/1127 1059/910/1057 1127/961/1125
f 1129/933/1127 1061/912/1059 1018/911/1016
f 1059/910/1057 1129/933/1127 1018/911/1016
f 1160/962/1157 1128/963/1126 1019/880/1017
f 1094/935/1092 1064/919/1062 1092/916/1090
f 1093/917/1091 1063/918/1061 1131/964/1129
f 1131/964/1129 1063/918/1061 1132/934/1130
f 1169/965/1166 1096/940/1094 1133/966/1131
f 1096/940/1094 1097/939/1095 1133/966/1131
f 1135/967/1133 1067/922/1065 1096/940/1094
f 1135/967/1133 1136/968/1134 1067/922/1065
f 1136/968/1134 1139/941/1137 1067/922/1065
f 1138/969/1136 1100/942/1098 1069/924/1067
f 1104/945/1102 1102/944/1100 1173/970/1170
f 1142/971/1140 1144/950/1142 1106/947/1104
f 1175/972/1172 1103/927/1101 945/949/944
f 1149/973/1147 1117/974/1115 1114/975/1112
f 1125/976/1123 1089/977/1087 1157/978/1154
f 1159/979/1156 1127/961/1125 1090/960/1088
f 1159/979/1156 1129/933/1127 1127/961/1125
f 1163/980/1160 1164/981/1161 1093/917/1091
f 1129/933/1127 1165/982/1162 1092/916/1090
f 1250/983/1247 1093/917/1091 1131/964/1129
f 1250/983/1247 1163/980/1160 1093/917/1091
f 1165/982/1162 1094/935/1092 1092/916/1090
f 1254/984/1251 1131/964/1129 1132/934/1130
f 1165/982/1162 1095/937/1093 1094/935/1092
f 1167/985/1164 1095/937/1093 1165/982/1162
f 1169/965/1166 1133/966/1131 1166/986/1163
f 1167/985/1164 1069/924/1067 1095/937/1093
f 1168/938/1165 1025/829/1023 1027/858/1025
f 1171/987/1168 1168/938/1165 1027/858/1025
f 1169/965/1166 1135/967/1133 1096/940/1094
f 1167/985/1164 1138/969/1136 1069/924/1067
f 1102/944/1100 1139/941/1137 1173/970/1170
f 1143/988/1141 1173/970/1170 1220/989/1217
f 1174/990/1171 1107/948/1105 1100/942/1098
f 1175/972/1172 1141/926/1139 1103/927/1101
f 1176/991/1173 1143/988/1141 1220/989/1217
f 1177/992/1174 1142/971/1140 1106/947/1104
f 1180/993/1177 1107/948/1105 1174/990/1171
f 1178/994/1175 1104/945/1102 1143/988/1141
f 1178/994/1175 1105/946/1103 1104/945/1102
f 1179/995/1176 1105/946/1103 1178/994/1175
f 1179/995/1176 1106/947/1104 1105/946/1103
f 1181/996/1178 1034/954/1032 1145/953/1143
f 1180/993/1177 1108/951/1106 1107/948/1105
f 1035/955/1033 1108/951/1106 1180/993/1177
f 1182/997/1179 1072/952/1070 1036/998/1034
f 1182/997/1179 1036/998/1034 1035/955/1033
f 1111/999/1109 1149/973/1147 1112/1000/1110
f 1187/1001/1184 1119/1002/1117 1117/974/1115
f 1149/973/1147 1187/1001/1184 1117/974/1115
f 1284/1003/1281 1082/1004/1080 1081/1005/1079
f 1286/1006/1283 1084/1007/1082 1082/1004/1080
f 1188/1008/1185 1084/1007/1082 1286/1006/1283
f 1196/1009/1193 1162/1010/1159 1161/1011/1158
f 1197/1012/1194 1130/1013/1128 1162/1010/1159
f 1162/1010/1159 1198/1014/1195 1197/1012/1194
f 1130/1013/1128 1198/1014/1195 1162/1010/1159
f 1130/1013/1128 1199/1015/1196 1198/1014/1195
f 1203/1016/1200 1200/1017/1197 1199/1015/1196
f 1250/983/1247 1202/1018/1199 1163/980/1160
f 1202/1018/1199 1161/1011/1158 1163/980/1160
f 1206/1019/1203 1199/1015/1196 1205/1020/1202
f 1206/1019/1203 1203/1016/1200 1199/1015/1196
f 1206/1019/1203 1200/1017/1197 1203/1016/1200
f 1206/1019/1203 1166/986/1163 1200/1017/1197
f 1166/986/1163 1201/1021/1198 1200/1017/1197
f 1166/986/1163 1204/1022/1201 1201/1021/1198
f 1207/1023/1204 1206/1019/1203 1205/1020/1202
f 1209/1024/1206 1206/1019/1203 1207/1023/1204
f 1209/1024/1206 1166/986/1163 1206/1019/1203
f 1166/986/1163 1208/1025/1205 1204/1022/1201
f 1255/1026/1252 1132/934/1130 1134/936/1132
f 1169/965/1166 1166/986/1163 1209/1024/1206
f 1211/1027/1208 1169/965/1166 1209/1024/1206
f 1211/1027/1208 1212/1028/1209 1169/965/1166
f 1212/1028/1209 1213/1029/1210 1169/965/1166
f 1213/1029/1210 1135/967/1133 1169/965/1166
f 1171/987/1168 1028/888/1026 1099/925/1097
f 1136/968/1134 1135/967/1133 1213/1029/1210
f 1214/1030/1211 1139/941/1137 1136/968/1134
f 1215/1031/1212 1100/942/1098 1138/969/1136
f 1215/1031/1212 1174/990/1171 1100/942/1098
f 1220/989/1217 1217/1032/1214 1216/1033/1213
f 1223/1034/1220 1216/1033/1213 1219/1035/1216
f 1223/1034/1220 1220/989/1217 1216/1033/1213
f 1176/991/1173 1220/989/1217 1223/1034/1220
f 1222/1036/1219 1175/972/1172 945/949/944
f 1224/1037/1221 1143/988/1141 1176/991/1173
f 1224/1037/1221 1178/994/1175 1143/988/1141
f 1218/1038/1215 1179/995/1176 1178/994/1175
f 1181/996/1178 945/949/944 1034/954/1032
f 1225/1039/1222 1145/953/1143 1072/952/1070
f 1230/1040/1227 1149/973/1147 1111/999/1109
f 1187/1001/1184 1149/973/1147 1230/1040/1227
f 1280/1041/1277 1119/1002/1117 1187/1001/1184
f 1280/1041/1277 1118/1042/1116 1119/1002/1117
f 1284/1003/1281 1081/1005/1079 1118/1042/1116
f 1286/1006/1283 1082/1004/1080 1284/1003/1281
f 1238/1043/1235 1086/958/1084 1055/1044/1053
f 1240/1045/1237 1192/1046/1189 1190/1047/1187
f 1240/1045/1237 1242/1048/1239 1192/1046/1189
f 1242/1048/1239 1194/1049/1191 1192/1046/1189
f 1242/1048/1239 1159/979/1156 1194/1049/1191
f 1162/1010/1159 1196/1009/1193 1164/981/1161
f 1246/1050/1243 1162/1010/1159 1197/1012/1194
f 1164/981/1161 1199/1015/1196 1130/1013/1128
f 1162/1010/1159 1164/981/1161 1130/1013/1128
f 1161/1011/1158 1162/1010/1159 1164/981/1161
f 1253/1051/1250 1165/982/1162 1129/933/1127
f 1301/1052/1298 1250/983/1247 1131/964/1129
f 1164/981/1161 1205/1020/1202 1199/1015/1196
f 1205/1020/1202 1164/981/1161 1161/1011/1158
f 1256/1053/1253 1207/1023/1204 1205/1020/1202
f 1254/984/1251 1132/934/1130 1255/1026/1252
f 1255/1026/1252 1134/936/1132 1210/1054/1207
f 1257/1055/1254 1209/1024/1206 1207/1023/1204
f 1253/1051/1250 1167/985/1164 1165/982/1162
f 1210/1054/1207 1168/938/1165 1259/1056/1256
f 1260/1057/1257 1138/969/1136 1167/985/1164
f 1262/1058/1259 1259/1056/1256 1171/987/1168
f 1259/1056/1256 1168/938/1165 1171/987/1168
f 1262/1058/1259 1171/987/1168 1099/925/1097
f 1262/1058/1259 1099/925/1097 1101/943/1099
f 1263/1059/1260 1262/1058/1259 1101/943/1099
f 1261/1060/1258 1136/968/1134 1213/1029/1210
f 1263/1059/1260 1101/943/1099 1141/926/1139
f 1311/1061/1308 1263/1059/1260 1141/926/1139
f 1221/1062/1218 1174/990/1171 1215/1031/1212
f 1311/1061/1308 1141/926/1139 1175/972/1172
f 1221/1062/1218 1180/993/1177 1174/990/1171
f 1222/1036/1219 945/949/944 1181/996/1178
f 1267/1063/1264 1223/1034/1220 1219/1035/1216
f 1224/1037/1221 1176/991/1173 1223/1034/1220
f 1224/1037/1221 1268/1064/1265 1178/994/1175
f 1268/1064/1265 1218/1038/1215 1178/994/1175
f 1181/996/1178 1145/953/1143 1225/1039/1222
f 1269/1065/1266 1035/955/1033 1180/993/1177
f 1225/1039/1222 1072/952/1070 1182/997/1179
f 1270/1066/1267 1035/955/1033 1269/1065/1266
f 1270/1066/1267 1182/997/1179 1035/955/1033
f 1271/1067/1268 1184/1068/1181 1146/1069/1144
f 1276/1070/1273 1187/1001/1184 1230/1040/1227
f 1279/1071/1276 1280/1041/1277 1187/1001/1184
f 1339/1072/1336 1190/1047/1187 1238/1043/1235
f 1339/1072/1336 1240/1045/1237 1190/1047/1187
f 1297/1073/1294 1159/979/1156 1242/1048/1239
f 1299/1074/1296 1244/1075/1241 1298/1076/1295
f 1297/1073/1294 1129/933/1127 1159/979/1156
f 1299/1074/1296 1195/1077/1192 1245/1078/1242
f 1297/1073/1294 1253/1051/1250 1129/933/1127
f 1195/1077/1192 1161/1011/1158 1164/981/1161
f 1202/1018/1199 1205/1020/1202 1161/1011/1158
f 1195/1077/1192 1202/1018/1199 1161/1011/1158
f 1202/1018/1199 1256/1053/1253 1205/1020/1202
f 1304/1079/1301 1207/1023/1204 1256/1053/1253
f 1304/1079/1301 1257/1055/1254 1207/1023/1204
f 1306/1080/1303 1209/1024/1206 1257/1055/1254
f 1260/1057/1257 1167/985/1164 1253/1051/1250
f 1306/1080/1303 1211/1027/1208 1209/1024/1206
f 1306/1080/1303 1308/1081/1305 1211/1027/1208
f 1308/1081/1305 1212/1028/1209 1211/1027/1208
f 1307/1082/1304 1212/1028/1209 1308/1081/1305
f 1260/1057/1257 1310/1083/1307 1138/969/1136
f 1310/1083/1307 1215/1031/1212 1138/969/1136
f 1311/1061/1308 1175/972/1172 1222/1036/1219
f 1314/1084/1311 1268/1064/1265 1224/1037/1221
f 1356/1085/1353 1223/1034/1220 1267/1063/1264
f 1356/1085/1353 1224/1037/1221 1223/1034/1220
f 1358/1086/1355 1225/1039/1222 1182/997/1179
f 1321/1087/1318 855/793/854 1227/1088/1224
f 1329/1089/1326 1330/1090/1327 1285/1091/1282
f 1188/1008/1185 1286/1006/1283 1336/1092/1333
f 1376/1093/1373 1055/1044/1053 1188/1008/1185
f 1376/1093/1373 1238/1043/1235 1055/1044/1053
f 1342/1094/1339 1242/1048/1239 1240/1045/1237
f 1342/1094/1339 1344/1095/1341 1242/1048/1239
f 1344/1095/1341 1297/1073/1294 1242/1048/1239
f 1300/1096/1297 1245/1078/1242 1250/983/1247
f 1345/1097/1342 1302/1098/1299 1248/1099/1245
f 1347/1100/1344 1253/1051/1250 1384/1101/1381
f 1346/1102/1343 1300/1096/1297 1301/1052/1298
f 1347/1100/1344 1260/1057/1257 1253/1051/1250
f 1349/1103/1346 1210/1054/1207 1259/1056/1256
f 1350/1104/1347 1259/1056/1256 1262/1058/1259
f 1350/1104/1347 1262/1058/1259 1351/1105/1348
f 1352/1106/1349 1263/1059/1260 1311/1061/1308
f 1351/1105/1348 1263/1059/1260 1352/1106/1349
f 1310/1083/1307 1221/1062/1218 1215/1031/1212
f 1354/1107/1351 1224/1037/1221 1356/1085/1353
f 1389/1108/1386 1354/1107/1351 1356/1085/1353
f 1314/1084/1311 1224/1037/1221 1354/1107/1351
f 1180/993/1177 1357/1109/1354 1269/1065/1266
f 1357/1109/1354 1270/1066/1267 1269/1065/1266
f 1358/1086/1355 1182/997/1179 1270/1066/1267
f 1282/1110/1279 1278/1111/1275 1273/1112/1270
f 1323/1113/1320 1279/1071/1276 1187/1001/1184
f 1368/1114/1365 1284/1003/1281 1118/1042/1116
f 1376/1093/1373 1188/1008/1185 1336/1092/1333
f 1376/1093/1373 1339/1072/1336 1238/1043/1235
f 1339/1072/1336 1342/1094/1339 1240/1045/1237
f 1383/1115/1380 1382/1116/1379 1300/1096/1297
f 1449/1117/1446 1300/1096/1297 1346/1102/1343
f 1420/1118/1417 1255/1026/1252 1210/1054/1207
f 1420/1118/1417 1346/1102/1343 1255/1026/1252
f 1385/1119/1382 1210/1054/1207 1349/1103/1346
f 1386/1120/1383 1310/1083/1307 1260/1057/1257
f 1387/1121/1384 1351/1105/1348 1352/1106/1349
f 1352/1106/1349 1222/1036/1219 1423/1122/1420
f 1352/1106/1349 1311/1061/1308 1222/1036/1219
f 1389/1108/1386 1353/1123/1350 1354/1107/1351
f 1391/1124/1388 1180/993/1177 1221/1062/1218
f 1390/1125/1387 1181/996/1178 1225/1039/1222
f 1404/1126/1401 1284/1003/1281 1368/1114/1365
f 1380/1127/1377 1339/1072/1336 1376/1093/1373
f 1417/1128/1414 1342/1094/1339 1339/1072/1336
f 1449/1117/1446 1383/1115/1380 1300/1096/1297
f 1449/1117/1446 1346/1102/1343 1420/1118/1417
f 1451/1129/1448 1349/1103/1346 1350/1104/1347
f 1451/1129/1448 1350/1104/1347 1351/1105/1348
f 1452/1130/1449 1352/1106/1349 1422/1131/1419
f 1387/1121/1384 1352/1106/1349 1452/1130/1449
f 1424/1132/1421 1221/1062/1218 1310/1083/1307
f 1391/1124/1388 1357/1109/1354 1180/993/1177
f 1358/1086/1355 1390/1125/1387 1225/1039/1222
f 1469/1133/1466 1449/1117/1446 1420/1118/1417
f 1494/1134/1491 1386/1120/1383 1421/1135/1418
f 1387/1121/1384 1451/1129/1448 1351/1105/1348
f 1422/1131/1419 1423/1122/1420 1453/1136/1450
f 1424/1132/1421 1391/1124/1388 1221/1062/1218
f 1500/1137/1497 1355/1138/1352 1390/1125/1387
f 1426/1139/1423 1455/1140/1452 1425/1141/1422
f 1457/1142/1454 1368/1114/1365 1401/1143/1398
f 1433/1144/1430 1434/1145/1431 1404/1126/1401
f 1471/1146/1468 1469/1133/1466 1420/1118/1417
f 1471/1146/1468 1420/1118/1417 1385/1119/1382
f 1472/1147/1469 1450/1148/1447 1349/1103/1346
f 1530/1149/1527 1387/1121/1384 1452/1130/1449
f 1530/1149/1527 1451/1129/1448 1387/1121/1384
f 1473/1150/1470 1422/1131/1419 1453/1136/1450
f 1453/1136/1450 1423/1122/1420 1474/1151/1471
f 1474/1151/1471 1355/1138/1352 1500/1137/1497
f 1358/1086/1355 1270/1066/1267 1357/1109/1354
f 1457/1142/1454 1433/1144/1430 1404/1126/1401
f 1486/1152/1483 1437/1153/1434 1459/1154/1456
f 1488/1155/1485 1440/1156/1437 1410/1157/1407
f 1470/1158/1467 1448/1159/1445 1491/1160/1488
f 1470/1158/1467 1494/1134/1491 1421/1135/1418
f 1472/1147/1469 1451/1129/1448 1530/1149/1527
f 1531/1161/1528 1495/1162/1492 1473/1150/1470
f 1495/1162/1492 1452/1130/1449 1473/1150/1470
f 1530/1149/1527 1452/1130/1449 1495/1162/1492
f 1496/1163/1493 1310/1083/1307 1494/1134/1491
f 1496/1163/1493 1424/1132/1421 1310/1083/1307
f 1499/1164/1496 1391/1124/1388 1424/1132/1421
f 1502/1165/1499 1357/1109/1354 1391/1124/1388
f 1504/1166/1501 1501/1167/1498 1390/1125/1387
f 1502/1165/1499 1503/1168/1500 1357/1109/1354
f 1503/1168/1500 1358/1086/1355 1357/1109/1354
f 1503/1168/1500 1504/1166/1501 1358/1086/1355
f 1519/1169/1516 1464/1170/1461 1490/1171/1487
f 1521/1172/1518 1491/1160/1488 1520/1173/1517
f 1528/1174/1525 1385/1119/1382 1450/1148/1447
f 1555/1175/1552 1450/1148/1447 1472/1147/1469
f 1552/1176/1549 1496/1163/1493 1494/1134/1491
f 1531/1161/1528 1453/1136/1450 1497/1177/1494
f 1531/1161/1528 1473/1150/1470 1453/1136/1450
f 1499/1164/1496 1424/1132/1421 1496/1163/1493
f 1532/1178/1529 1391/1124/1388 1499/1164/1496
f 1541/1179/1538 1513/1180/1510 1512/1181/1509
f 1511/1182/1508 1542/1183/1539 1459/1154/1456
f 1542/1183/1539 1486/1152/1483 1459/1154/1456
f 1518/1184/1515 1488/1155/1485 1486/1152/1483
f 1572/1185/1569 1470/1158/1467 1491/1160/1488
f 1552/1176/1549 1470/1158/1467 1572/1185/1569
f 1552/1176/1549 1494/1134/1491 1470/1158/1467
f 1551/1186/1548 1528/1174/1525 1450/1148/1447
f 1551/1186/1548 1450/1148/1447 1555/1175/1552
f 1582/1187/1579 1531/1161/1528 1529/1188/1526
f 1582/1187/1579 1495/1162/1492 1531/1161/1528
f 1495/1162/1492 1556/1189/1553 1530/1149/1527
f 1559/1190/1556 1499/1164/1496 1496/1163/1493
f 1585/1191/1582 1501/1167/1498 1560/1192/1557
f 1532/1178/1529 1502/1165/1499 1391/1124/1388
f 1560/1192/1557 1501/1167/1498 1504/1166/1501
f 1561/1193/1558 1504/1166/1501 1503/1168/1500
f 1539/1194/1536 1567/1195/1564 1541/1179/1538
f 1567/1195/1564 1566/1196/1563 1541/1179/1538
f 1568/1197/1565 1518/1184/1515 1542/1183/1539
f 1569/1198/1566 1543/1199/1540 1518/1184/1515
f 1596/1200/1593 1570/1201/1567 1545/1202/1542
f 1521/1172/1518 1571/1203/1568 1491/1160/1488
f 1572/1185/1569 1491/1160/1488 1571/1203/1568
f 1641/1204/1638 1528/1174/1525 1551/1186/1548
f 1580/1205/1577 1550/1206/1547 1553/1207/1550
f 1581/1208/1578 1554/1209/1551 1550/1206/1547
f 1555/1175/1552 1472/1147/1469 1556/1189/1553
f 1583/1210/1580 1496/1163/1493 1552/1176/1549
f 1560/1192/1557 1504/1166/1501 1561/1193/1558
f 1569/1198/1566 1598/1211/1595 1543/1199/1540
f 1598/1211/1595 1521/1172/1518 1543/1199/1540
f 1598/1211/1595 1571/1203/1568 1521/1172/1518
f 1604/1212/1601 1572/1185/1569 1571/1203/1568
f 1576/1213/1573 1608/1214/1605 1577/1215/1574
f 1610/1216/1607 1552/1176/1549 1572/1185/1569
f 1578/1217/1575 1528/1174/1525 1641/1204/1638
f 1551/1186/1548 1555/1175/1552 1609/1218/1606
f 1611/1219/1608 1582/1187/1579 1581/1208/1578
f 1612/1220/1609 1555/1175/1552 1556/1189/1553
f 1612/1220/1609 1609/1218/1606 1555/1175/1552
f 1611/1219/1608 1556/1189/1553 1582/1187/1579
f 1611/1219/1608 1612/1220/1609 1556/1189/1553
f 1583/1210/1580 1559/1190/1556 1496/1163/1493
f 1559/1190/1556 1583/1210/1580 1614/1221/1611
f 1644/1222/1641 1499/1164/1496 1559/1190/1556
f 1615/1223/1612 1499/1164/1496 1644/1222/1641
f 1617/1224/1614 1532/1178/1529 1499/1164/1496
f 1615/1223/1612 1617/1224/1614 1499/1164/1496
f 1618/1225/1615 1502/1165/1499 1532/1178/1529
f 1618/1225/1615 1503/1168/1500 1502/1165/1499
f 1667/1226/1664 1503/1168/1500 1618/1225/1615
f 1667/1226/1664 1561/1193/1558 1503/1168/1500
f 1590/1227/1587 1593/1228/1590 1567/1195/1564
f 1593/1228/1590 1596/1200/1593 1595/1229/1592
f 1623/1230/1620 1596/1200/1593 1593/1228/1590
f 1623/1230/1620 1570/1201/1567 1596/1200/1593
f 1629/1231/1626 1600/1232/1597 1570/1201/1567
f 1623/1230/1620 1629/1231/1626 1570/1201/1567
f 1648/1233/1645 1605/1234/1602 1607/1235/1604
f 1581/1208/1578 1579/1236/1576 1608/1214/1605
f 1640/1237/1637 1551/1186/1548 1609/1218/1606
f 1641/1204/1638 1551/1186/1548 1640/1237/1637
f 1615/1223/1612 1644/1222/1641 1664/1238/1661
f 1617/1224/1614 1618/1225/1615 1532/1178/1529
f 1666/1239/1663 1560/1192/1557 1561/1193/1558
f 1659/1240/1656 1572/1185/1569 1604/1212/1601
f 1659/1240/1656 1610/1216/1607 1572/1185/1569
f 1610/1216/1607 1583/1210/1580 1552/1176/1549
f 1662/1241/1659 1583/1210/1580 1610/1216/1607
f 1675/1242/1672 1644/1222/1641 1614/1221/1611
f 1664/1238/1661 1644/1222/1641 1675/1242/1672
f 1615/1223/1612 1664/1238/1661 1665/1243/1662
f 1665/1243/1662 1617/1224/1614 1615/1223/1612
f 1698/1244/1695 1561/1193/1558 1667/1226/1664
f 1698/1244/1695 1666/1239/1663 1561/1193/1558
f 1652/1245/1649 1668/1246/1665 1658/1247/1655
f 1668/1246/1665 1640/1237/1637 1658/1247/1655
f 1668/1246/1665 1641/1204/1638 1640/1237/1637
f 1684/1248/1681 1641/1204/1638 1668/1246/1665
f 1669/1249/1666 1578/1217/1575 1641/1204/1638
f 1675/1242/1672 1670/1250/1667 1674/1251/1671
f 1675/1242/1672 1671/1252/1668 1670/1250/1667
f 1671/1252/1668 1675/1242/1672 1614/1221/1611
f 1676/1253/1673 1674/1251/1671 1688/1254/1685
f 1676/1253/1673 1675/1242/1672 1674/1251/1671
f 1664/1238/1661 1675/1242/1672 1676/1253/1673
f 1676/1253/1673 1688/1254/1685 1680/1255/1677
f 1679/1256/1676 1664/1238/1661 1676/1253/1673
f 1681/1257/1678 1676/1253/1673 1680/1255/1677
f 1681/1257/1678 1678/1258/1675 1676/1253/1673
f 1665/1243/1662 1664/1238/1661 1679/1256/1676
f 1682/1259/1679 1617/1224/1614 1665/1243/1662
f 1682/1259/1679 1618/1225/1615 1617/1224/1614
f 1682/1259/1679 1667/1226/1664 1618/1225/1615
f 1684/1248/1681 1669/1249/1666 1641/1204/1638
f 1674/1251/1671 1670/1250/1667 1685/1260/1682
f 1688/1254/1685 1685/1260/1682 1687/1261/1684
f 1674/1251/1671 1685/1260/1682 1688/1254/1685
f 1680/1255/1677 1689/1262/1686 1690/1263/1687
f 1692/1264/1689 1676/1253/1673 1678/1258/1675
f 1692/1264/1689 1679/1256/1676 1676/1253/1673
f 1680/1255/1677 1690/1263/1687 1691/1265/1688
f 1697/1266/1694 1678/1258/1675 1681/1257/1678
f 1693/1267/1690 1665/1243/1662 1679/1256/1676
f 1696/1268/1693 1691/1265/1688 1694/1269/1691
f 1696/1268/1693 1680/1255/1677 1691/1265/1688
f 1681/1257/1678 1680/1255/1677 1696/1268/1693
f 1693/1267/1690 1682/1259/1679 1665/1243/1662
f 1696/1268/1693 1694/1269/1691 1695/1270/1692
f 1701/1271/1698 1697/1266/1694 1681/1257/1678
f 1698/1244/1695 1667/1226/1664 1682/1259/1679
f 1704/1272/1701 1695/1270/1692 1700/1273/1697
f 1704/1272/1701 1696/1268/1693 1695/1270/1692
f 1705/1274/1702 1696/1268/1693 1704/1272/1701
f 1705/1274/1702 1681/1257/1678 1696/1268/1693
f 1701/1271/1698 1681/1257/1678 1705/1274/1702
f 1706/1275/1703 1702/1276/1699 1699/1277/1696
f 1704/1272/1701 1703/1278/1700 1708/1279/1705
f 1704/1272/1701 1700/1273/1697 1703/1278/1700
f 1709/1280/1706 1705/1274/1702 1704/1272/1701
f 1706/1275/1703 1707/1281/1704 1702/1276/1699
f 1710/1282/1707 1707/1281/1704 1706/1275/1703
f 1708/1279/1705 1707/1281/1704 1710/1282/1707
f 1711/1283/1708 1704/1272/1701 1708/1279/1705
f 1709/1280/1706 1704/1272/1701 1711/1283/1708
f 1711/1283/1708 1708/1279/1705 1710/1282/1707
f 1712/1284/1709 1668/1246/1665 1652/1245/1649
f 1712/1284/1709 1684/1248/1681 1668/1246/1665
f 1713/1285/1710 1662/1241/1659 1610/1216/1607
f 1719/1286/1716 1689/1262/1686 1688/1254/1685
f 1736/1287/1733 1692/1264/1689 1678/1258/1675
f 1720/1288/1717 1692/1264/1689 1736/1287/1733
f 1721/1289/1718 1679/1256/1676 1692/1264/1689
f 1721/1289/1718 1693/1267/1690 1679/1256/1676
f 1736/1287/1733 1678/1258/1675 1697/1266/1694
f 1725/1290/1722 1736/1287/1733 1697/1266/1694
f 1723/1291/1720 1682/1259/1679 1693/1267/1690
f 1725/1290/1722 1697/1266/1694 1701/1271/1698
f 1727/1292/1724 1706/1275/1703 1699/1277/1696
f 1728/1293/1725 1710/1282/1707 1706/1275/1703
f 1729/1294/1726 1709/1280/1706 1711/1283/1708
f 1711/1283/1708 1710/1282/1707 1728/1293/1725
f 1683/1295/1680 1684/1248/1681 1712/1284/1709
f 1733/1296/1730 1692/1264/1689 1720/1288/1717
f 1733/1296/1730 1721/1289/1718 1692/1264/1689
f 1737/1297/1734 1691/1265/1688 1690/1263/1687
f 1741/1298/1738 1725/1290/1722 1701/1271/1698
f 1739/1299/1736 1727/1292/1724 1699/1277/1696
f 1743/1300/1740 1701/1271/1698 1705/1274/1702
f 1741/1298/1738 1701/1271/1698 1743/1300/1740
f 1746/1301/1743 1705/1274/1702 1709/1280/1706
f 1743/1300/1740 1705/1274/1702 1746/1301/1743
f 1727/1292/1724 1728/1293/1725 1706/1275/1703
f 1727/1292/1724 1747/1302/1744 1728/1293/1725
f 1745/1303/1742 1709/1280/1706 1729/1294/1726
f 1745/1303/1742 1746/1301/1743 1709/1280/1706
f 1748/1304/1745 1711/1283/1708 1728/1293/1725
f 1748/1304/1745 1729/1294/1726 1711/1283/1708
f 1743/1300/1740 1746/1301/1743 1745/1303/1742
f 1745/1303/1742 1729/1294/1726 1748/1304/1745
f 15/10/15 21/24/21 12/11/12
f 1774/1305/1771 34/36/34 33/1306/33
f 1774/1305/1771 33/1306/33 2085/1307/2073
f 1774/1305/1771 1750/1308/1747 34/36/34
f 10/19/10 36/35/36 1750/1308/1747
f 1750/1308/1747 36/35/36 34/36/34
f 14/7/14 19/16/19 32/34/32
f 2086/17/2074 21/24/21 34/36/34
f 24/25/24 48/48/48 37/44/37
f 23/26/23 24/25/24 37/44/37
f 17/13/17 38/1309/38 24/25/24
f 17/13/17 25/27/25 38/1309/38
f 2085/1307/2073 32/34/32 19/16/19
f 33/1306/33 40/42/40 32/34/32
f 2085/1307/2073 33/1306/33 32/34/32
f 33/1306/33 34/36/34 40/42/40
f 35/22/35 32/34/32 41/39/41
f 20/23/20 43/43/43 40/42/40
f 22/21/22 43/43/43 20/23/20
f 26/29/26 45/1310/45 38/1309/38
f 25/27/25 26/29/26 38/1309/38
f 26/29/26 46/51/46 45/1310/45
f 39/37/39 46/51/46 26/29/26
f 27/28/27 53/55/53 39/37/39
f 32/34/32 59/1311/59 41/39/41
f 32/34/32 40/42/40 59/1311/59
f 40/42/40 43/43/43 59/1311/59
f 24/25/24 38/1309/38 48/48/48
f 69/59/69 56/58/56 100/1312/100
f 58/60/58 70/1313/70 56/58/56
f 58/60/58 72/104/72 70/1313/70
f 41/39/41 59/1311/59 74/69/74
f 43/43/43 75/71/75 109/1314/109
f 59/1311/59 43/43/43 109/1314/109
f 44/45/44 127/85/127 62/61/62
f 38/1309/38 91/178/91 48/48/48
f 38/1309/38 93/180/93 91/178/91
f 38/1309/38 45/1310/45 93/180/93
f 46/51/46 94/90/94 45/1310/45
f 46/51/46 49/50/49 94/90/94
f 53/55/53 98/95/98 39/37/39
f 69/59/69 100/1312/100 99/98/99
f 56/58/56 70/1313/70 100/1312/100
f 72/104/72 104/1315/104 70/1313/70
f 72/104/72 73/102/73 104/1315/104
f 60/40/60 74/69/74 108/105/108
f 59/1311/59 109/1314/109 74/69/74
f 78/76/78 79/75/79 143/173/143
f 80/78/80 112/1316/112 79/75/79
f 80/78/80 81/79/81 112/1316/112
f 78/76/78 143/173/143 84/81/84
f 113/108/113 116/141/116 86/83/86
f 44/45/44 148/142/148 127/85/127
f 44/45/44 154/1317/154 148/142/148
f 48/48/48 154/1317/154 44/45/44
f 48/48/48 91/178/91 155/1318/155
f 99/98/99 132/1319/132 103/97/103
f 99/98/99 100/1312/100 132/1319/132
f 100/1312/100 134/1320/134 132/1319/132
f 70/1313/70 134/1320/134 100/1312/100
f 70/1313/70 135/159/135 134/1320/134
f 134/1320/134 106/103/106 103/97/103
f 132/1319/132 134/1320/134 103/97/103
f 135/159/135 106/103/106 134/1320/134
f 104/1315/104 135/159/135 70/1313/70
f 73/102/73 105/101/105 104/1315/104
f 135/159/135 139/130/139 106/103/106
f 108/105/108 141/161/141 140/106/140
f 74/69/74 141/161/141 108/105/108
f 109/1314/109 75/71/75 142/132/142
f 142/132/142 76/72/76 111/107/111
f 79/75/79 144/1321/144 143/173/143
f 112/1316/112 144/1321/144 79/75/79
f 112/1316/112 81/79/81 144/1321/144
f 114/80/114 182/135/182 81/79/81
f 124/117/124 191/1322/191 117/111/117
f 94/90/94 128/119/128 149/183/149
f 155/1318/155 91/178/91 198/177/198
f 93/180/93 45/1310/45 235/181/235
f 45/1310/45 236/184/236 235/181/235
f 45/1310/45 151/182/151 236/184/236
f 94/90/94 151/182/151 45/1310/45
f 48/48/48 155/1318/155 154/1317/154
f 98/95/98 160/152/160 131/122/131
f 104/1315/104 165/192/165 135/159/135
f 165/192/165 167/158/167 135/159/135
f 104/1315/104 105/101/105 165/192/165
f 105/101/105 208/1323/208 165/192/165
f 105/101/105 162/155/162 208/1323/208
f 105/101/105 136/156/136 162/155/162
f 74/69/74 169/163/169 141/161/141
f 74/69/74 170/1324/170 169/163/169
f 74/69/74 172/1325/172 170/1324/170
f 109/1314/109 172/1325/172 74/69/74
f 109/1314/109 142/132/142 172/1325/172
f 111/107/111 218/200/218 142/132/142
f 144/1321/144 181/205/181 143/173/143
f 181/205/181 183/209/183 143/173/143
f 81/79/81 176/206/176 181/205/181
f 144/1321/144 81/79/81 181/205/181
f 81/79/81 177/170/177 176/206/176
f 183/209/183 188/285/188 187/172/187
f 143/173/143 183/209/183 187/172/187
f 183/209/183 184/140/184 188/285/188
f 145/136/145 146/139/146 179/166/179
f 188/285/188 184/140/184 187/172/187
f 182/135/182 189/134/189 185/1326/185
f 117/111/117 191/1322/191 189/134/189
f 124/117/124 192/1327/192 191/1322/191
f 124/117/124 196/1328/196 192/1327/192
f 148/142/148 196/1328/196 124/117/124
f 149/183/149 128/119/128 195/214/195
f 196/1328/196 148/142/148 199/220/199
f 148/142/148 201/222/201 199/220/199
f 148/142/148 154/1317/154 201/222/201
f 155/1318/155 198/177/198 202/223/202
f 199/220/199 156/147/156 153/145/153
f 201/222/201 203/148/203 156/147/156
f 199/220/199 201/222/201 156/147/156
f 155/1318/155 202/223/202 154/1317/154
f 202/223/202 201/222/201 154/1317/154
f 201/222/201 204/226/204 203/148/203
f 142/132/142 218/200/218 172/1325/172
f 172/1325/172 218/200/218 217/240/217
f 174/133/174 221/201/221 218/200/218
f 176/206/176 224/248/224 223/204/223
f 223/204/223 184/140/184 227/210/227
f 224/248/224 184/140/184 223/204/223
f 182/135/182 225/1329/225 177/170/177
f 182/135/182 185/1326/185 225/1329/225
f 228/137/228 178/165/178 261/207/261
f 189/134/189 230/1330/230 185/1326/185
f 184/140/184 233/215/233 116/141/116
f 189/134/189 191/1322/191 230/1330/230
f 191/1322/191 192/1327/192 269/1331/269
f 128/119/128 190/118/190 232/213/232
f 192/1327/192 196/1328/196 269/1331/269
f 269/1331/269 196/1328/196 238/219/238
f 149/183/149 195/214/195 236/184/236
f 196/1328/196 199/220/199 238/219/238
f 204/226/204 240/227/240 203/148/203
f 204/226/204 275/225/275 240/227/240
f 163/154/163 208/1323/208 162/155/162
f 80/78/80 112/1316/112 208/1323/208
f 163/154/163 80/78/80 208/1323/208
f 165/192/165 244/261/244 210/191/210
f 208/1323/208 244/261/244 165/192/165
f 244/261/244 245/232/245 210/191/210
f 246/262/246 247/193/247 245/232/245
f 214/162/214 169/163/169 282/264/282
f 169/163/169 251/265/251 282/264/282
f 170/1324/170 251/265/251 169/163/169
f 285/1332/285 172/1325/172 217/240/217
f 218/200/218 221/201/221 256/241/256
f 176/206/176 177/170/177 224/248/224
f 224/248/224 264/1333/264 229/247/229
f 177/170/177 225/1329/225 224/248/224
f 224/248/224 225/1329/225 264/1333/264
f 226/208/226 262/245/262 222/203/222
f 228/137/228 315/274/315 263/212/263
f 228/137/228 261/207/261 315/274/315
f 185/1326/185 265/1334/265 225/1329/225
f 230/1330/230 265/1334/265 185/1326/185
f 225/1329/225 265/1334/265 264/1333/264
f 229/247/229 264/1333/264 233/215/233
f 265/1334/265 267/1335/267 264/1333/264
f 190/118/190 292/249/292 232/213/232
f 264/1333/264 267/1335/267 233/215/233
f 191/1322/191 265/1334/265 230/1330/230
f 191/1322/191 269/1331/269 265/1334/265
f 265/1334/265 269/1331/269 267/1335/267
f 267/1335/267 237/216/237 233/215/233
f 267/1335/267 269/1331/269 237/216/237
f 235/181/235 295/277/295 296/279/296
f 234/179/234 235/181/235 296/279/296
f 235/181/235 268/217/268 295/277/295
f 236/184/236 294/251/294 268/217/268
f 236/184/236 195/214/195 294/251/294
f 269/1331/269 238/219/238 237/216/237
f 197/176/197 272/254/272 193/174/193
f 241/229/241 276/257/276 200/185/200
f 208/1323/208 279/286/279 244/261/244
f 278/1336/278 279/286/279 208/1323/208
f 208/1323/208 144/1321/144 278/1336/278
f 112/1316/112 144/1321/144 208/1323/208
f 279/286/279 246/262/246 244/261/244
f 214/162/214 282/264/282 250/194/250
f 170/1324/170 285/1332/285 251/265/251
f 172/1325/172 285/1332/285 170/1324/170
f 217/240/217 289/273/289 285/1332/285
f 253/168/253 284/270/284 283/237/283
f 221/201/221 260/246/260 256/241/256
f 268/217/268 294/251/294 293/276/293
f 234/179/234 296/279/296 297/218/297
f 144/1321/144 181/205/181 278/1336/278
f 181/205/181 183/209/183 279/286/279
f 278/1336/278 181/205/181 279/286/279
f 183/209/183 188/285/188 279/286/279
f 282/264/282 302/266/302 301/1337/301
f 250/194/250 282/264/282 340/291/340
f 251/265/251 303/1338/303 302/266/302
f 283/237/283 308/288/308 307/268/307
f 290/272/290 288/239/288 309/292/309
f 256/241/256 260/246/260 312/325/312
f 262/245/262 226/208/226 317/297/317
f 226/208/226 322/390/322 317/297/317
f 266/250/266 322/390/322 226/208/226
f 276/257/276 328/336/328 274/255/274
f 282/264/282 301/1337/301 340/291/340
f 303/1338/303 335/1339/335 302/266/302
f 304/287/304 333/311/333 337/315/337
f 304/287/304 305/289/305 333/311/333
f 305/289/305 306/290/306 394/312/394
f 285/1332/285 342/1340/342 303/1338/303
f 251/265/251 285/1332/285 303/1338/303
f 285/1332/285 289/273/289 342/1340/342
f 256/241/256 312/325/312 289/273/289
f 259/242/259 317/297/317 349/326/349
f 266/250/266 354/332/354 322/390/322
f 333/311/333 334/310/334 396/342/396
f 302/266/302 363/413/363 301/1337/301
f 340/291/340 301/1337/301 364/1341/364
f 335/1339/335 303/1338/303 365/1342/365
f 333/311/333 368/341/368 337/315/337
f 303/1338/303 342/1340/342 365/1342/365
f 341/293/341 404/376/404 344/322/344
f 289/273/289 312/325/312 409/430/409
f 312/325/312 349/326/349 377/428/377
f 350/327/350 379/355/379 378/354/378
f 350/327/350 348/324/348 379/355/379
f 324/303/324 384/358/384 385/333/385
f 361/314/361 395/367/395 393/339/393
f 301/1337/301 363/413/363 437/416/437
f 302/266/302 402/411/402 363/413/363
f 335/1339/335 402/411/402 302/266/302
f 335/1339/335 365/1342/365 402/411/402
f 361/314/361 337/315/337 395/367/395
f 398/316/398 431/370/431 336/313/336
f 301/1337/301 437/416/437 364/1341/364
f 340/291/340 364/1341/364 338/343/338
f 342/1340/342 405/1343/405 365/1342/365
f 344/322/344 404/376/404 400/347/400
f 289/273/289 409/430/409 342/1340/342
f 312/325/312 377/428/377 409/430/409
f 349/326/349 317/297/317 416/391/416
f 353/331/353 456/389/456 417/393/417
f 385/333/385 384/358/384 418/392/418
f 325/304/325 387/361/387 354/332/354
f 394/312/394 479/451/479 334/310/334
f 394/312/394 431/370/431 479/451/479
f 396/342/396 334/310/334 395/367/395
f 364/1341/364 437/416/437 338/343/338
f 365/1342/365 405/1343/405 438/414/438
f 402/411/402 365/1342/365 438/414/438
f 342/1340/342 443/514/443 405/1343/405
f 342/1340/342 409/430/409 443/514/443
f 412/385/412 450/426/450 411/386/411
f 349/326/349 416/391/416 377/428/377
f 387/361/387 459/434/459 354/332/354
f 426/368/426 475/448/475 425/369/425
f 427/402/427 425/369/425 531/490/531
f 426/368/426 428/404/428 476/449/476
f 334/310/334 478/499/478 428/404/428
f 334/310/334 479/451/479 478/499/478
f 433/415/433 482/408/482 481/453/481
f 437/416/437 363/413/363 485/455/485
f 439/419/439 440/418/440 484/454/484
f 405/1343/405 487/510/487 438/414/438
f 443/514/443 487/510/487 405/1343/405
f 417/393/417 456/389/456 457/432/457
f 322/390/322 490/462/490 416/391/416
f 322/390/322 458/394/458 490/462/490
f 387/361/387 521/465/521 493/464/493
f 473/447/473 532/493/532 531/490/531
f 425/369/425 473/447/473 531/490/531
f 427/402/427 531/490/531 528/467/528
f 428/404/428 498/498/498 476/449/476
f 477/407/477 495/450/495 535/1344/535
f 430/409/430 496/1345/496 495/450/495
f 430/409/430 497/452/497 496/1345/496
f 428/404/428 499/496/499 498/498/498
f 428/404/428 501/1346/501 499/496/499
f 428/404/428 478/499/478 501/1346/501
f 434/410/434 504/469/504 500/468/500
f 432/405/432 502/502/502 480/406/480
f 481/453/481 503/470/503 484/454/484
f 435/403/435 504/469/504 434/410/434
f 485/455/485 508/505/508 507/473/507
f 363/413/363 508/505/508 485/455/485
f 436/412/436 505/1347/505 508/505/508
f 363/413/363 436/412/436 508/505/508
f 436/412/436 509/475/509 505/1347/505
f 438/414/438 511/512/511 509/475/509
f 438/414/438 487/510/487 511/512/511
f 409/430/409 453/429/453 443/514/443
f 451/427/451 515/480/515 543/458/543
f 416/391/416 490/462/490 518/518/518
f 458/394/458 459/434/459 519/461/519
f 389/362/389 494/437/494 524/486/524
f 468/366/468 424/401/424 527/488/527
f 435/403/435 528/467/528 500/468/500
f 482/408/482 534/531/534 481/453/481
f 477/407/477 535/1344/535 534/531/534
f 482/408/482 477/407/477 534/531/534
f 434/410/434 536/1348/536 497/452/497
f 434/410/434 500/468/500 536/1348/536
f 432/405/432 483/372/483 502/502/502
f 453/429/453 544/537/544 443/514/443
f 416/391/416 545/517/545 489/459/489
f 490/462/490 546/519/546 518/518/518
f 529/492/529 559/1349/559 558/491/558
f 497/452/497 536/1348/536 496/1345/496
f 503/470/503 591/532/591 564/471/564
f 503/470/503 481/453/481 591/532/591
f 507/473/507 539/506/539 565/472/565
f 505/1347/505 539/506/539 508/505/508
f 505/1347/505 595/570/595 539/506/539
f 509/475/509 567/571/567 595/570/595
f 505/1347/505 509/475/509 595/570/595
f 509/475/509 569/572/569 567/571/567
f 509/475/509 511/512/511 569/572/569
f 422/398/422 578/542/578 521/465/521
f 555/528/555 586/562/586 554/527/554
f 555/528/555 587/1350/587 586/562/586
f 557/526/557 609/565/609 556/495/556
f 560/497/560 561/500/561 589/1351/589
f 562/501/562 590/595/590 561/500/561
f 496/1345/496 592/1352/592 495/450/495
f 536/1348/536 556/495/556 496/1345/496
f 536/1348/536 500/468/500 556/495/556
f 537/503/537 593/1353/593 563/530/563
f 537/503/537 565/472/565 593/1353/593
f 566/533/566 594/566/594 596/534/596
f 511/512/511 542/511/542 569/572/569
f 453/429/453 599/538/599 544/537/544
f 489/459/489 545/517/545 599/538/599
f 546/519/546 600/609/600 518/518/518
f 552/524/552 630/585/630 524/486/524
f 554/527/554 586/562/586 609/565/609
f 556/495/556 609/565/609 640/597/640
f 560/497/560 641/1354/641 610/1355/610
f 588/551/588 560/497/560 610/1355/610
f 560/497/560 589/1351/589 641/1354/641
f 562/501/562 563/530/563 590/595/590
f 495/450/495 611/1356/611 535/1344/535
f 496/1345/496 612/1357/612 592/1352/592
f 496/1345/496 556/495/556 612/1357/612
f 538/504/538 564/471/564 614/1358/614
f 565/472/565 613/603/613 593/1353/593
f 565/472/565 539/506/539 613/603/613
f 539/506/539 595/570/595 650/601/650
f 567/571/567 617/568/617 595/570/595
f 570/535/570 596/534/596 616/567/616
f 570/535/570 616/567/616 618/552/618
f 518/518/518 600/609/600 625/555/625
f 546/519/546 549/522/549 600/609/600
f 549/522/549 602/579/602 600/609/600
f 608/563/608 637/590/637 638/564/638
f 561/500/561 642/625/642 589/1351/589
f 561/500/561 590/595/590 642/625/642
f 495/450/495 671/1359/671 611/1356/611
f 495/450/495 592/1352/592 671/1359/671
f 593/1353/593 643/594/643 563/530/563
f 591/532/591 644/629/644 647/599/647
f 564/471/564 591/532/591 647/599/647
f 534/531/534 645/1360/645 644/629/644
f 591/532/591 534/531/534 644/629/644
f 534/531/534 535/1344/535 645/1360/645
f 564/471/564 647/599/647 614/598/614
f 539/506/539 650/601/650 613/603/613
f 594/566/594 649/604/649 616/567/616
f 595/570/595 615/569/615 650/601/650
f 544/537/544 652/669/652 621/575/621
f 544/537/544 599/538/599 652/669/652
f 545/517/545 653/1361/653 599/538/599
f 545/517/545 624/577/624 653/1361/653
f 578/542/578 658/615/658 628/582/628
f 637/590/637 665/1362/665 636/591/636
f 640/597/640 609/565/609 639/624/639
f 641/1354/641 589/1351/589 667/1363/667
f 642/625/642 590/595/590 692/626/692
f 645/1360/645 694/1364/694 644/629/644
f 645/1360/645 670/1365/670 694/1364/694
f 535/1344/535 670/1365/670 645/1360/645
f 535/1344/535 611/1356/611 670/1365/670
f 612/1357/612 673/641/673 592/1352/592
f 593/1353/593 669/628/669 643/594/643
f 593/1353/593 613/603/613 669/628/669
f 647/599/647 644/629/644 646/600/646
f 556/495/556 648/596/648 673/641/673
f 612/1357/612 556/495/556 673/641/673
f 613/603/613 676/602/676 674/1366/674
f 650/601/650 677/1367/677 676/602/676
f 650/601/650 615/569/615 677/1367/677
f 625/555/625 654/610/654 624/577/624
f 600/609/600 681/1368/681 654/610/654
f 600/609/600 602/579/602 681/1368/681
f 602/579/602 682/612/682 681/1368/681
f 627/580/627 683/613/683 682/612/682
f 665/1362/665 691/1369/691 636/591/636
f 589/1351/589 705/1370/704 667/1363/667
f 589/1351/589 668/627/668 705/1370/704
f 589/1351/589 642/625/642 668/627/668
f 590/595/590 669/628/669 692/626/692
f 672/630/672 707/1371/706 695/1372/695
f 644/629/644 707/1371/706 672/630/672
f 644/629/644 694/1364/694 707/1371/706
f 613/603/613 709/1373/708 669/628/669
f 613/603/613 674/1366/674 709/1373/708
f 651/606/651 675/605/675 712/695/711
f 616/567/616 675/605/675 651/606/651
f 617/568/617 696/1374/696 615/569/615
f 619/573/619 715/644/714 620/574/620
f 617/568/617 569/572/569 696/1374/696
f 569/572/569 621/575/621 696/1374/696
f 652/669/652 717/1375/716 621/575/621
f 599/538/599 653/1376/653 698/670/698
f 682/612/682 700/677/700 681/1368/681
f 636/591/636 703/1377/703 635/592/635
f 636/591/636 691/1369/691 703/1377/703
f 692/626/692 765/1378/764 668/627/668
f 692/626/692 669/628/669 706/1379/705
f 669/628/669 693/1380/693 706/1379/705
f 670/1365/670 738/1381/737 694/1364/694
f 670/1365/670 611/1356/611 738/1381/737
f 611/1356/611 671/1359/671 738/1381/737
f 592/1352/592 708/640/707 671/1359/671
f 592/1352/592 673/641/673 708/640/707
f 669/628/669 709/1373/708 693/1380/693
f 709/1373/708 674/1366/674 710/1382/709
f 674/1366/674 711/1383/710 710/1382/709
f 675/605/675 741/703/740 712/695/711
f 674/1366/674 676/602/676 711/1383/710
f 651/606/651 712/695/711 713/649/712
f 676/602/676 677/1367/677 711/1383/710
f 615/569/615 714/1384/713 677/1367/677
f 619/573/619 678/607/678 715/644/714
f 615/569/615 696/1374/696 714/1384/713
f 621/575/621 716/1385/715 696/1374/696
f 599/538/599 698/670/698 652/669/652
f 653/1376/653 719/697/718 698/670/698
f 624/577/624 719/1386/718 653/1361/653
f 654/610/654 719/1386/718 624/577/624
f 654/610/654 720/676/719 719/1386/718
f 681/1368/681 700/677/700 720/676/719
f 654/610/654 681/1368/681 720/676/719
f 682/612/682 752/651/751 700/677/700
f 703/1377/703 729/662/728 728/659/727
f 635/592/635 703/1377/703 728/659/727
f 703/1377/703 730/660/729 729/662/728
f 692/626/692 706/1379/705 765/1378/764
f 668/627/668 765/1378/764 705/1370/704
f 694/1364/694 737/664/736 739/663/738
f 707/1371/706 694/1364/694 739/663/738
f 694/1364/694 738/1381/737 737/664/736
f 709/1373/708 710/1382/709 740/1387/739
f 677/1367/677 714/1384/713 711/1383/710
f 621/575/621 717/1375/716 716/1385/715
f 698/670/698 719/697/718 745/668/744
f 731/661/730 759/690/758 729/662/728
f 735/1388/734 705/1370/704 764/693/763
f 733/1389/732 735/1388/734 764/693/763
f 705/1370/704 765/1378/764 764/693/763
f 765/1378/764 706/1379/705 783/1390/782
f 738/1381/737 788/1391/787 769/1392/768
f 671/1359/671 788/1391/787 738/1381/737
f 671/1359/671 770/1393/769 788/1391/787
f 708/640/707 770/1393/769 671/1359/671
f 708/640/707 789/1394/788 770/1393/769
f 710/1382/709 711/1383/710 740/1387/739
f 712/695/711 741/703/740 772/694/771
f 711/1383/710 714/1384/713 792/1395/791
f 696/1374/696 774/1396/773 714/1384/713
f 696/1374/696 716/1385/715 774/1396/773
f 717/1375/716 795/1397/794 716/1385/715
f 759/690/758 779/1398/778 729/662/728
f 759/690/758 760/689/759 779/1398/778
f 761/688/760 762/692/761 760/689/759
f 764/693/763 782/747/781 760/689/759
f 764/693/763 823/1399/822 782/747/781
f 765/1378/764 823/1399/822 764/693/763
f 765/1378/764 783/1390/782 823/1399/822
f 706/1379/705 808/1400/807 783/1390/782
f 706/1379/705 767/1401/766 808/1400/807
f 732/642/731 784/701/783 829/750/828
f 706/1379/705 693/1380/693 767/1401/766
f 1230/1040/1227 1111/999/1109 2642/1402/2624 2643/1403/2625
f 737/664/736 786/1404/785 736/665/735
f 737/664/736 787/1405/786 786/1404/785
f 737/664/736 791/1406/790 787/1405/786
f 738/1381/737 791/1406/790 737/664/736
f 738/1381/737 769/1392/768 791/1406/790
f 709/1373/708 767/1401/766 693/1380/693
f 709/1373/708 740/1387/739 767/1401/766
f 741/703/740 810/702/809 772/694/771
f 711/1383/710 773/1407/772 740/1387/739
f 715/644/714 713/649/712 772/694/771
f 711/1383/710 792/1395/791 773/1407/772
f 716/1385/715 794/1408/793 774/1396/773
f 717/1375/716 797/1409/796 795/1397/794
f 717/1375/716 652/669/652 797/1409/796
f 652/669/652 745/668/744 797/1409/796
f 720/696/719 799/720/798 745/668/744
f 720/696/719 800/718/799 799/720/798
f 720/696/719 749/1410/748 800/718/799
f 749/1410/748 750/1411/749 800/718/799
f 752/651/751 721/652/720 801/725/800
f 634/587/634 778/698/777 725/656/724
f 729/662/728 779/1398/778 821/730/820
f 769/1392/768 809/1412/808 791/1406/790
f 771/704/770 768/731/767 810/702/809
f 789/1394/788 732/642/731 811/776/810
f 732/642/731 789/1394/788 708/640/707
f 772/694/771 810/702/809 812/734/811
f 714/1384/713 774/1396/773 792/1395/791
f 716/1385/715 795/1397/794 794/1408/793
f 750/1411/749 817/762/816 800/718/799
f 782/747/781 852/749/851 760/689/759
f 783/1390/782 808/1400/807 823/1399/822
f 769/1392/768 828/1413/827 809/1412/808
f 769/1392/768 788/1391/787 828/1413/827
f 789/1394/788 811/776/810 770/1393/769
f 768/731/767 826/733/825 810/702/809
f 790/1414/789 827/732/826 768/731/767
f 732/642/731 829/750/828 811/776/810
f 810/702/809 830/752/829 812/734/811
f 740/1387/739 773/1407/772 831/1415/830
f 773/1407/772 832/1416/831 831/1415/830
f 792/1395/791 832/1416/831 773/1407/772
f 797/1409/796 835/1417/834 795/1397/794
f 745/668/744 838/1418/837 797/1409/796
f 745/668/744 799/720/798 838/1418/837
f 780/699/779 821/730/820 872/789/871
f 779/1398/778 822/768/821 821/730/820
f 760/689/759 851/1419/850 779/1398/778
f 760/689/759 852/749/851 851/1419/850
f 823/1399/822 873/748/872 782/747/781
f 823/1399/822 808/1400/807 824/1420/823
f 767/1401/766 825/1421/824 808/1400/807
f 826/733/825 876/775/875 854/772/853
f 827/732/826 876/775/875 826/733/825
f 786/1404/785 787/1405/786 855/793/854
f 791/1406/790 856/794/855 787/1405/786
f 791/1406/790 809/1412/808 856/794/855
f 811/776/810 895/778/894 770/1393/769
f 810/702/809 853/1422/852 898/751/897
f 810/702/809 826/733/825 853/1422/852
f 740/1387/739 831/1415/830 767/1401/766
f 792/1395/791 859/1423/858 832/1416/831
f 792/1395/791 774/1396/773 860/1424/859
f 774/1396/773 794/1408/793 860/1424/859
f 795/1397/794 861/1425/860 794/1408/793
f 795/1397/794 835/1417/834 861/1425/860
f 797/1409/796 838/1418/837 835/1417/834
f 838/1418/837 799/720/798 863/1426/862
f 799/720/798 815/719/814 863/1426/862
f 800/718/799 864/761/863 841/739/840
f 817/762/816 864/761/863 800/718/799
f 843/740/842 777/683/776 844/741/843
f 821/730/820 870/770/869 872/789/871
f 822/768/821 870/770/869 821/730/820
f 779/1398/778 871/769/870 822/768/821
f 779/1398/778 851/1419/850 871/769/870
f 780/699/779 872/789/871 892/771/891
f 823/1399/822 824/1420/823 873/748/872
f 808/1400/807 874/1427/873 824/1420/823
f 809/1412/808 828/1413/827 877/795/876
f 770/1393/769 895/778/894 788/1391/787
f 829/750/828 781/700/780 878/777/877
f 808/1400/807 825/1421/824 874/1427/873
f 826/733/825 854/772/853 853/1422/852
f 787/1405/786 879/791/878 855/793/854
f 787/1405/786 856/794/855 879/791/878
f 809/1412/808 877/795/876 856/794/855
f 829/750/828 878/777/877 811/776/810
f 767/1401/766 880/1428/879 825/1421/824
f 767/1401/766 831/1415/830 880/1428/879
f 832/1416/831 881/1429/880 831/1415/830
f 832/1416/831 859/1423/858 881/1429/880
f 859/1423/858 792/1395/791 860/1424/859
f 860/1424/859 794/1408/793 861/1425/860
f 835/1417/834 882/1430/881 861/1425/860
f 835/1417/834 883/1431/882 882/1430/881
f 838/1418/837 883/1431/882 835/1417/834
f 802/826/801 910/824/909 801/760/800
f 819/728/818 755/684/754 845/765/844
f 871/769/870 916/1432/915 870/770/869
f 851/1419/850 893/1433/892 871/769/870
f 852/749/851 893/1433/892 851/1419/850
f 873/748/872 893/1433/892 852/749/851
f 828/1413/827 894/841/893 897/1434/896
f 877/795/876 828/1413/827 897/1434/896
f 828/1413/827 895/778/894 894/841/893
f 788/1391/787 895/778/894 828/1413/827
f 853/1422/852 953/811/952 898/751/897
f 853/1422/852 896/774/895 953/811/952
f 854/772/853 896/774/895 853/1422/852
f 856/794/855 924/792/923 879/791/878
f 825/1421/824 880/1428/879 874/1427/873
f 831/1415/830 881/1429/880 880/1428/879
f 881/1429/880 859/1423/858 901/1435/900
f 901/1435/900 859/1423/858 931/1436/930
f 860/1424/859 931/1436/930 859/1423/858
f 838/1418/837 904/1437/903 883/1431/882
f 863/1426/862 904/1437/903 838/1418/837
f 815/719/814 906/799/905 863/1426/862
f 886/781/885 905/820/904 907/759/906
f 841/739/840 909/823/908 908/800/907
f 864/761/863 909/823/908 841/739/840
f 871/769/870 918/1438/917 916/1432/915
f 892/771/891 917/790/916 989/900/987
f 872/789/871 917/790/916 892/771/891
f 873/748/872 920/1439/919 893/1433/892
f 824/1420/823 923/1440/922 920/1439/919
f 873/748/872 824/1420/823 920/1439/919
f 875/773/874 921/812/920 896/774/895
f 875/773/874 876/775/875 921/812/920
f 824/1420/823 874/1427/873 923/1440/922
f 877/795/876 954/863/953 924/792/923
f 877/795/876 897/1434/896 954/863/953
f 895/778/894 926/1441/925 925/865/924
f 878/777/877 926/1441/925 895/778/894
f 898/751/897 960/813/959 927/814/926
f 880/1428/879 928/1442/927 874/1427/873
f 874/1427/873 928/1442/927 963/1443/962
f 880/1428/879 929/1444/928 928/1442/927
f 880/1428/879 881/1429/880 929/1444/928
f 881/1429/880 901/1435/900 929/1444/928
f 929/1444/928 901/1435/900 930/1445/929
f 930/1445/929 901/1435/900 931/1436/930
f 860/1424/859 932/1446/931 931/1436/930
f 931/1436/930 932/1446/931 968/1447/967
f 861/1425/860 932/1446/931 860/1424/859
f 861/1425/860 882/1430/881 932/1446/931
f 882/1430/881 883/1431/882 973/1448/972
f 883/1431/882 935/1449/934 973/1448/972
f 903/798/902 936/819/935 884/779/883
f 883/1431/882 904/1437/903 935/1449/934
f 863/1426/862 906/799/905 904/1437/903
f 905/820/904 975/822/974 907/759/906
f 937/821/936 938/802/937 887/782/886
f 916/1432/915 947/1450/946 946/1451/945
f 916/1432/915 949/1452/948 947/1450/946
f 870/770/869 948/1453/947 917/790/916
f 870/770/869 916/1432/915 948/1453/947
f 916/1432/915 918/1438/917 949/1452/948
f 892/771/891 989/900/987 919/808/918
f 871/769/870 950/1454/949 918/1438/917
f 893/1433/892 950/1454/949 871/769/870
f 893/1433/892 951/1455/950 950/1454/949
f 893/1433/892 952/1456/951 951/1455/950
f 893/1433/892 920/1439/919 952/1456/951
f 897/1434/896 955/843/954 954/863/953
f 894/841/893 955/843/954 897/1434/896
f 895/778/894 925/865/924 894/841/893
f 925/865/924 926/1441/925 997/1457/995
f 878/777/877 922/809/921 926/1441/925
f 874/1427/873 963/1443/962 923/1440/922
f 928/1442/927 1002/1458/1000 963/1443/962
f 929/1444/928 930/1445/929 1004/1459/1002
f 931/1436/930 1006/1460/1004 930/1445/929
f 931/1436/930 968/1447/967 1006/1460/1004
f 882/1430/881 972/1461/971 932/1446/931
f 882/1430/881 973/1448/972 972/1461/971
f 904/1437/903 906/799/905 974/1462/973
f 1014/879/1012 975/822/974 905/820/904
f 975/822/974 976/1463/975 937/821/936
f 976/1463/975 978/856/977 937/821/936
f 843/827/842 844/882/843 979/825/978
f 888/831/887 845/889/844 1027/858/1025
f 940/836/939 941/835/940 982/859/981
f 916/1432/915 986/1464/985 948/1453/947
f 916/1432/915 987/1465/986 986/1464/985
f 946/1451/945 987/1465/986 916/1432/915
f 953/811/952 990/810/988 958/845/957
f 952/1456/951 920/1439/919 992/1466/990
f 992/1466/990 920/1439/919 998/1467/996
f 894/841/893 925/865/924 956/842/955
f 963/1443/962 1002/1458/1000 923/1440/922
f 964/851/963 966/852/965 965/850/964
f 928/1442/927 1004/1459/1002 1002/1458/1000
f 929/1444/928 1004/1459/1002 928/1442/927
f 1004/1459/1002 930/1445/929 1006/1460/1004
f 971/1468/970 968/1447/967 932/1446/931
f 968/1447/967 971/1468/970 1011/1469/1009
f 971/1468/970 932/1446/931 1057/1470/1055
f 904/1437/903 974/1462/973 935/1449/934
f 1015/1471/1013 935/1449/934 974/1462/973
f 1016/908/1014 975/822/974 1014/879/1012
f 1016/908/1014 1017/909/1015 975/822/974
f 906/799/905 1060/1472/1058 974/1462/973
f 908/800/907 1060/1472/1058 906/799/905
f 1017/909/1015 976/1463/975 975/822/974
f 1017/909/1015 1018/911/1016 976/1463/975
f 1018/911/1016 1020/913/1018 976/1463/975
f 976/1463/975 1020/913/1018 978/856/977
f 1020/913/1018 1021/915/1019 978/856/977
f 978/856/977 1021/915/1019 1022/920/1020
f 978/856/977 1022/920/1020 980/857/979
f 1022/920/1020 1065/921/1063 980/857/979
f 844/882/843 1023/881/1021 979/825/978
f 980/857/979 1024/883/1022 939/828/938
f 1065/921/1063 1024/883/1022 980/857/979
f 941/835/940 942/834/941 1032/1473/1030
f 984/839/983 1032/1473/1030 942/834/941
f 984/839/983 1033/893/1031 1032/1473/1030
f 1037/1474/1035 1040/1475/1038 948/1453/947
f 948/1453/947 1038/1476/1036 1037/1474/1035
f 986/1464/985 1038/1476/1036 948/1453/947
f 917/790/916 1039/1477/1037 989/900/987
f 924/792/923 991/864/989 855/793/854
f 997/1457/995 1043/1478/1041 994/866/992
f 925/865/924 997/1457/995 994/866/992
f 996/867/994 1044/931/1042 999/872/997
f 995/868/993 996/867/994 999/872/997
f 993/846/991 1044/931/1042 996/867/994
f 999/872/997 1046/1479/1044 1001/873/999
f 999/872/997 1047/930/1045 1046/1479/1044
f 1044/931/1042 1047/930/1045 999/872/997
f 997/1457/995 926/1441/925 1043/1478/1041
f 922/809/921 1042/869/1040 926/1441/925
f 920/1439/919 923/1440/922 1045/1480/1043
f 1045/1480/1043 923/1440/922 1048/1481/1046
f 1001/873/999 1046/1479/1044 1003/874/1001
f 1047/930/1045 1049/1482/1047 1046/1479/1044
f 923/1440/922 1002/1458/1000 1048/1481/1046
f 1003/874/1001 1046/1479/1044 1050/1483/1048
f 1049/1482/1047 1050/1483/1048 1046/1479/1044
f 1050/1483/1048 1051/902/1049 1003/874/1001
f 1004/1459/1002 1080/1484/1078 1002/1458/1000
f 1050/1483/1048 1052/1485/1050 1051/902/1049
f 1051/902/1049 1053/903/1051 1005/853/1003
f 1051/902/1049 1052/1485/1050 1053/903/1051
f 1053/903/1051 1052/1485/1050 1054/904/1052
f 1006/1460/1004 1083/1486/1081 1004/1459/1002
f 970/855/969 1008/875/1006 1009/905/1007
f 968/1447/967 1011/1469/1009 1085/1487/1083
f 1006/1460/1004 968/1447/967 1085/1487/1083
f 970/855/969 1009/905/1007 1010/876/1008
f 1009/905/1007 1055/1044/1053 1010/876/1008
f 1055/1044/1053 1056/906/1054 1010/876/1008
f 1011/1469/1009 971/1468/970 1122/1488/1120
f 932/1446/931 972/1461/971 1057/1470/1055
f 972/1461/971 973/1448/972 1057/1470/1055
f 1057/1470/1055 973/1448/972 1087/1489/1085
f 973/1448/972 935/1449/934 1087/1489/1085
f 1087/1489/1085 935/1449/934 1125/976/1123
f 935/1449/934 1015/1471/1013 1125/976/1123
f 1015/1471/1013 974/1462/973 1060/1472/1058
f 908/800/907 1062/914/1060 1060/1472/1058
f 1132/934/1130 979/825/978 1023/881/1021
f 981/860/980 1068/1490/1066 1026/884/1024
f 981/860/980 982/859/981 1068/1490/1066
f 941/835/940 1070/1491/1068 982/859/981
f 917/790/916 948/1453/947 1039/1477/1037
f 921/812/920 876/775/875 990/810/988
f 876/775/875 1075/1492/1073 990/810/988
f 955/843/954 1074/1493/1072 1073/1494/1071
f 956/842/955 1074/1493/1072 955/843/954
f 957/844/956 1041/899/1039 1042/869/1040
f 994/866/992 1074/1493/1072 956/842/955
f 993/846/991 1077/957/1075 1047/930/1045
f 958/845/957 1077/957/1075 993/846/991
f 958/845/957 990/810/988 1077/957/1075
f 998/1467/996 1045/1480/1043 1076/1495/1074
f 920/1439/919 1045/1480/1043 998/1467/996
f 1077/957/1075 1078/1496/1076 1047/930/1045
f 1077/957/1075 1079/956/1077 1078/1496/1076
f 926/1441/925 734/871/733 1043/1478/1041
f 926/1441/925 1042/869/1040 734/871/733
f 1047/930/1045 1078/1496/1076 1049/1482/1047
f 1002/1458/1000 1080/1484/1078 1048/1481/1046
f 1049/1482/1047 1081/1005/1079 1050/1483/1048
f 1050/1483/1048 1082/1004/1080 1052/1485/1050
f 1050/1483/1048 1081/1005/1079 1082/1004/1080
f 1004/1459/1002 1083/1486/1081 1080/1484/1078
f 1052/1485/1050 1084/1007/1082 1054/904/1052
f 1052/1485/1050 1082/1004/1080 1084/1007/1082
f 1006/1460/1004 1085/1487/1083 1083/1486/1081
f 1083/1486/1081 1085/1487/1083 1121/1497/1119
f 1054/904/1052 1084/1007/1082 1009/905/1007
f 1009/905/1007 1084/1007/1082 1055/1044/1053
f 971/1468/970 1057/1470/1055 1122/1488/1120
f 1055/1044/1053 1086/958/1084 1056/906/1054
f 1057/1470/1055 1087/1489/1085 1122/1488/1120
f 1125/976/1123 1015/1471/1013 1089/977/1087
f 1015/1471/1013 1060/1472/1058 1091/1498/1089
f 1158/1499/1155 1015/1471/1013 1091/1498/1089
f 1091/1498/1089 1062/914/1060 1128/963/1126
f 1091/1498/1089 1060/1472/1058 1062/914/1060
f 1128/963/1126 1062/914/1060 1019/880/1017
f 1026/884/1024 1098/1500/1096 1066/923/1064
f 1026/884/1024 1068/1490/1066 1098/1500/1096
f 982/859/981 1137/1501/1135 1068/1490/1066
f 982/859/981 1070/1491/1068 1137/1501/1135
f 941/835/940 1032/1473/1030 1070/1491/1068
f 1033/893/1031 1144/950/1142 1032/1473/1030
f 948/1453/947 1109/1502/1107 1039/1477/1037
f 948/1453/947 1110/1503/1108 1109/1502/1107
f 1040/1475/1038 1110/1503/1108 948/1453/947
f 1075/1492/1073 1112/1000/1110 990/810/988
f 1075/1492/1073 1111/999/1109 1112/1000/1110
f 1075/1492/1073 876/775/875 1111/999/1109
f 1112/1000/1110 1114/975/1112 990/810/988
f 994/866/992 1043/1478/1041 1074/1493/1072
f 1074/1493/1072 1043/1478/1041 1147/1504/1145
f 990/810/988 1114/975/1112 1079/956/1077
f 734/871/733 766/870/765 1148/1505/1146
f 1045/1480/1043 1115/1506/1113 1113/1507/1111
f 1045/1480/1043 1048/1481/1046 1115/1506/1113
f 1079/956/1077 1116/1508/1114 1078/1496/1076
f 1114/975/1112 1117/974/1115 1116/1508/1114
f 1079/956/1077 1114/975/1112 1116/1508/1114
f 1078/1496/1076 1118/1042/1116 1049/1482/1047
f 1078/1496/1076 1119/1002/1117 1118/1042/1116
f 1116/1508/1114 1119/1002/1117 1078/1496/1076
f 1048/1481/1046 1080/1484/1078 1120/1509/1118
f 1049/1482/1047 1118/1042/1116 1081/1005/1079
f 1085/1487/1083 1237/1510/1234 1121/1497/1119
f 1122/1488/1120 1123/1511/1121 1155/1512/1152
f 1122/1488/1120 1087/1489/1085 1123/1511/1121
f 1086/958/1084 1124/1513/1122 1088/932/1086
f 1087/1489/1085 1125/976/1123 1123/1511/1121
f 1124/1513/1122 1126/959/1124 1088/932/1086
f 1015/1471/1013 1158/1499/1155 1089/977/1087
f 1157/978/1154 1089/977/1087 1158/1499/1155
f 1158/1499/1155 1091/1498/1089 1128/963/1126
f 1019/880/1017 1093/917/1091 1130/1013/1128
f 1023/881/1021 1168/938/1165 1134/936/1132
f 1066/923/1064 1098/1500/1096 1097/939/1095
f 1171/987/1168 1027/858/1025 1028/888/1026
f 1068/1490/1066 1137/1501/1135 1098/1500/1096
f 1137/1501/1135 1070/1491/1068 1140/1514/1138
f 1140/1514/1138 1070/1491/1068 1142/971/1140
f 1070/1491/1068 1144/950/1142 1142/971/1140
f 1032/1473/1030 1144/950/1142 1070/1491/1068
f 989/900/987 1146/1069/1144 1041/899/1039
f 989/900/987 1039/1477/1037 1146/1069/1144
f 955/843/954 1073/1494/1071 991/864/989
f 1074/1493/1072 1147/1504/1145 1073/1494/1071
f 1043/1478/1041 1148/1505/1146 1147/1504/1145
f 734/871/733 1148/1505/1146 1043/1478/1041
f 1114/975/1112 1112/1000/1110 1149/973/1147
f 1048/1481/1046 1151/1515/1148 1115/1506/1113
f 1116/1508/1114 1117/974/1115 1119/1002/1117
f 1048/1481/1046 1120/1509/1118 1151/1515/1148
f 1151/1515/1148 1120/1509/1118 1186/1516/1183
f 1080/1484/1078 1152/1517/1149 1120/1509/1118
f 1152/1517/1149 1080/1484/1078 1153/1518/1150
f 1080/1484/1078 1083/1486/1081 1153/1518/1150
f 1083/1486/1081 1121/1497/1119 1154/1519/1151
f 1153/1518/1150 1083/1486/1081 1154/1519/1151
f 1121/1497/1119 1237/1510/1234 1154/1519/1151
f 1085/1487/1083 1011/1469/1009 1237/1510/1234
f 1237/1510/1234 1011/1469/1009 1189/1520/1186
f 1084/1007/1082 1188/1008/1185 1055/1044/1053
f 1011/1469/1009 1122/1488/1120 1189/1520/1186
f 1122/1488/1120 1155/1512/1152 1189/1520/1186
f 1155/1512/1152 1123/1511/1121 1156/1521/1153
f 1086/958/1084 1238/1043/1235 1124/1513/1122
f 1123/1511/1121 1125/976/1123 1156/1521/1153
f 1124/1513/1122 1190/1047/1187 1126/959/1124
f 1238/1043/1235 1190/1047/1187 1124/1513/1122
f 1156/1521/1153 1125/976/1123 1157/978/1154
f 1190/1047/1187 1192/1046/1189 1126/959/1124
f 1126/959/1124 1192/1046/1189 1090/960/1088
f 1192/1046/1189 1194/1049/1191 1090/960/1088
f 1090/960/1088 1194/1049/1191 1159/979/1156
f 1158/1499/1155 1128/963/1126 1160/962/1157
f 1019/880/1017 1130/1013/1128 1160/962/1157
f 1093/917/1091 1164/981/1161 1130/1013/1128
f 1161/1011/1158 1164/981/1161 1163/980/1160
f 1098/1500/1096 1170/1522/1167 1097/939/1095
f 1137/1501/1135 1172/1523/1169 1098/1500/1096
f 1137/1501/1135 1140/1514/1138 1172/1523/1169
f 1140/1514/1138 1142/971/1140 1177/992/1174
f 1143/988/1141 1104/945/1102 1173/970/1170
f 1106/947/1104 1179/995/1176 1177/992/1174
f 1039/1477/1037 1183/1524/1180 1146/1069/1144
f 1039/1477/1037 1109/1502/1107 1183/1524/1180
f 1041/899/1039 1146/1069/1144 1042/869/1040
f 1073/1494/1071 1185/1525/1182 991/864/989
f 1156/1521/1153 1239/1526/1236 1155/1512/1152
f 1157/978/1154 1191/1527/1188 1156/1521/1153
f 1157/978/1154 1193/1528/1190 1191/1527/1188
f 1158/1499/1155 1193/1528/1190 1157/978/1154
f 1158/1499/1155 1160/962/1157 1193/1528/1190
f 1130/1013/1128 1197/1012/1194 1160/962/1157
f 1133/966/1131 1208/1025/1205 1166/986/1163
f 1133/966/1131 1097/939/1095 1208/1025/1205
f 1097/939/1095 1170/1522/1167 1208/1025/1205
f 1098/1500/1096 1172/1523/1169 1170/1522/1167
f 1170/1522/1167 1172/1523/1169 1261/1060/1258
f 1261/1060/1258 1214/1030/1211 1136/968/1134
f 1261/1060/1258 1177/992/1174 1214/1030/1211
f 1261/1060/1258 1140/1514/1138 1177/992/1174
f 1172/1523/1169 1140/1514/1138 1261/1060/1258
f 1173/970/1170 1139/941/1137 1265/1529/1262
f 1139/941/1137 1214/1030/1211 1265/1529/1262
f 1265/1529/1262 1214/1030/1211 1218/1038/1215
f 1214/1030/1211 1177/992/1174 1218/1038/1215
f 1173/970/1170 1217/1032/1214 1220/989/1217
f 1218/1038/1215 1177/992/1174 1179/995/1176
f 1109/1502/1107 1226/1530/1223 1183/1524/1180
f 1146/1069/1144 1184/1068/1181 1042/869/1040
f 1042/869/1040 1184/1068/1181 766/870/765
f 855/793/854 1228/1531/1225 1227/1088/1224
f 991/864/989 1228/1531/1225 855/793/854
f 991/864/989 1185/1525/1182 1228/1531/1225
f 1147/1504/1145 1229/1532/1226 1185/1525/1182
f 1073/1494/1071 1147/1504/1145 1185/1525/1182
f 1147/1504/1145 1148/1505/1146 1229/1532/1226
f 1231/1533/1228 1186/1516/1183 1232/1534/1229
f 1186/1516/1183 1233/1535/1230 1232/1534/1229
f 1120/1509/1118 1233/1535/1230 1186/1516/1183
f 1120/1509/1118 1152/1517/1149 1233/1535/1230
f 1233/1535/1230 1152/1517/1149 1234/1536/1231
f 1152/1517/1149 1153/1518/1150 1234/1536/1231
f 1153/1518/1150 1235/1537/1232 1234/1536/1231
f 1153/1518/1150 1154/1519/1151 1235/1537/1232
f 1154/1519/1151 1236/1538/1233 1235/1537/1232
f 1154/1519/1151 1237/1510/1234 1236/1538/1233
f 1237/1510/1234 1189/1520/1186 1293/1539/1290
f 1189/1520/1186 1155/1512/1152 1293/1539/1290
f 1155/1512/1152 1239/1526/1236 1293/1539/1290
f 1239/1526/1236 1156/1521/1153 1294/1540/1291
f 1156/1521/1153 1191/1527/1188 1294/1540/1291
f 1191/1527/1188 1193/1528/1190 1241/1541/1238
f 1241/1541/1238 1160/962/1157 1243/1542/1240
f 1241/1541/1238 1193/1528/1190 1160/962/1157
f 1243/1542/1240 1160/962/1157 1244/1075/1241
f 1244/1075/1241 1164/981/1161 1195/1077/1192
f 1244/1075/1241 1160/962/1157 1162/1010/1159
f 1197/1012/1194 1246/1050/1243 1160/962/1157
f 1160/962/1157 1246/1050/1243 1162/1010/1159
f 1195/1077/1192 1202/1018/1199 1250/983/1247
f 1245/1078/1242 1195/1077/1192 1250/983/1247
f 1198/1014/1195 1247/1543/1244 1246/1050/1243
f 1197/1012/1194 1198/1014/1195 1246/1050/1243
f 1246/1050/1243 1247/1543/1244 1162/1010/1159
f 1198/1014/1195 1199/1015/1196 1247/1543/1244
f 1247/1543/1244 1251/1544/1248 1162/1010/1159
f 1199/1015/1196 1248/1099/1245 1247/1543/1244
f 1200/1017/1197 1248/1099/1245 1199/1015/1196
f 1247/1543/1244 1248/1099/1245 1251/1544/1248
f 1200/1017/1197 1249/1545/1246 1248/1099/1245
f 1200/1017/1197 1201/1021/1198 1249/1545/1246
f 1131/964/1129 1254/984/1251 1301/1052/1298
f 1201/1021/1198 1204/1022/1201 1252/1546/1249
f 1134/936/1132 1168/938/1165 1210/1054/1207
f 1170/1522/1167 1258/1547/1255 1208/1025/1205
f 1258/1547/1255 1170/1522/1167 1309/1548/1306
f 1307/1082/1304 1213/1029/1210 1212/1028/1209
f 1307/1082/1304 1261/1060/1258 1213/1029/1210
f 1309/1548/1306 1261/1060/1258 1307/1082/1304
f 1309/1548/1306 1170/1522/1167 1261/1060/1258
f 1265/1529/1262 1218/1038/1215 1266/1549/1263
f 1173/970/1170 1265/1529/1262 1264/1550/1261
f 1217/1032/1214 1173/970/1170 1264/1550/1261
f 1266/1549/1263 1218/1038/1215 1268/1064/1265
f 1183/1524/1180 1272/1551/1269 1271/1067/1268
f 1146/1069/1144 1183/1524/1180 1271/1067/1268
f 1271/1067/1268 1273/1112/1270 1184/1068/1181
f 1228/1531/1225 1274/1552/1271 1227/1088/1224
f 1228/1531/1225 1185/1525/1182 1274/1552/1271
f 1229/1532/1226 1275/1553/1272 1185/1525/1182
f 1184/1068/1181 1273/1112/1270 766/870/765
f 766/870/765 1273/1112/1270 1278/1111/1275
f 766/870/765 1277/1554/1274 1148/1505/1146
f 1278/1111/1275 1282/1110/1279 1281/1555/1278
f 1232/1534/1229 1233/1535/1230 1283/1556/1280
f 1233/1535/1230 1287/1557/1284 1283/1556/1280
f 1283/1556/1280 1287/1557/1284 1285/1091/1282
f 1233/1535/1230 1234/1536/1231 1288/1558/1285
f 1287/1557/1284 1233/1535/1230 1288/1558/1285
f 1288/1558/1285 1234/1536/1231 1289/1559/1286
f 1289/1559/1286 1234/1536/1231 1290/1560/1287
f 1234/1536/1231 1235/1537/1232 1290/1560/1287
f 1235/1537/1232 1291/1561/1288 1290/1560/1287
f 1236/1538/1233 1237/1510/1234 1235/1537/1232
f 1235/1537/1232 1292/1562/1289 1291/1561/1288
f 1235/1537/1232 1237/1510/1234 1292/1562/1289
f 1237/1510/1234 1293/1539/1290 1292/1562/1289
f 1293/1539/1290 1239/1526/1236 1338/1563/1335
f 1338/1563/1335 1239/1526/1236 1294/1540/1291
f 1294/1540/1291 1191/1527/1188 1340/1564/1337
f 1340/1564/1337 1191/1527/1188 1341/1565/1338
f 1191/1527/1188 1241/1541/1238 1341/1565/1338
f 1341/1565/1338 1243/1542/1240 1295/1566/1292
f 1241/1541/1238 1243/1542/1240 1341/1565/1338
f 1295/1566/1292 1243/1542/1240 1296/1567/1293
f 1244/1075/1241 1299/1074/1296 1243/1542/1240
f 1243/1542/1240 1299/1074/1296 1298/1076/1295
f 1296/1567/1293 1243/1542/1240 1298/1076/1295
f 1298/1076/1295 1299/1074/1296 1245/1078/1242
f 1296/1567/1293 1298/1076/1295 1245/1078/1242
f 1250/983/1247 1301/1052/1298 1300/1096/1297
f 1162/1010/1159 1244/1075/1241 1164/981/1161
f 1244/1075/1241 1299/1074/1296 1195/1077/1192
f 1162/1010/1159 1251/1544/1248 1244/1075/1241
f 1251/1544/1248 1302/1098/1299 1299/1074/1296
f 1244/1075/1241 1251/1544/1248 1299/1074/1296
f 1251/1544/1248 1248/1099/1245 1302/1098/1299
f 1249/1545/1246 1303/1568/1300 1345/1097/1342
f 1201/1021/1198 1252/1546/1249 1249/1545/1246
f 1249/1545/1246 1252/1546/1249 1303/1568/1300
f 1299/1074/1296 1256/1053/1253 1202/1018/1199
f 1195/1077/1192 1299/1074/1296 1202/1018/1199
f 1299/1074/1296 1302/1098/1299 1256/1053/1253
f 1204/1022/1201 1303/1568/1300 1252/1546/1249
f 1346/1102/1343 1254/984/1251 1255/1026/1252
f 1302/1098/1299 1304/1079/1301 1256/1053/1253
f 1204/1022/1201 1305/1569/1302 1303/1568/1300
f 1208/1025/1205 1305/1569/1302 1204/1022/1201
f 1304/1079/1301 1306/1080/1303 1257/1055/1254
f 1305/1569/1302 1258/1547/1255 1348/1570/1345
f 1208/1025/1205 1258/1547/1255 1305/1569/1302
f 1307/1082/1304 1308/1081/1305 1306/1080/1303
f 1258/1547/1255 1307/1082/1304 1348/1570/1345
f 1258/1547/1255 1309/1548/1306 1307/1082/1304
f 1351/1105/1348 1262/1058/1259 1263/1059/1260
f 1219/1035/1216 1216/1033/1213 1312/1571/1309
f 1216/1033/1213 1264/1550/1261 1312/1571/1309
f 1217/1032/1214 1264/1550/1261 1216/1033/1213
f 1265/1529/1262 1313/1572/1310 1264/1550/1261
f 1313/1572/1310 1266/1549/1263 1314/1084/1311
f 1265/1529/1262 1266/1549/1263 1313/1572/1310
f 1266/1549/1263 1268/1064/1265 1314/1084/1311
f 1183/1524/1180 1226/1530/1223 1272/1551/1269
f 1226/1530/1223 1316/1573/1313 1272/1551/1269
f 1226/1530/1223 1315/1574/1312 1316/1573/1313
f 1271/1067/1268 1272/1551/1269 1317/1575/1314
f 1315/1574/1312 1318/1576/1315 1316/1573/1313
f 1271/1067/1268 1317/1575/1314 1273/1112/1270
f 1227/1088/1224 1322/1577/1319 1321/1087/1318
f 1274/1552/1271 1322/1577/1319 1227/1088/1224
f 1185/1525/1182 1319/1578/1316 1274/1552/1271
f 1185/1525/1182 1275/1553/1272 1319/1578/1316
f 1229/1532/1226 1320/1579/1317 1275/1553/1272
f 1148/1505/1146 1320/1579/1317 1229/1532/1226
f 1276/1070/1273 1323/1113/1320 1187/1001/1184
f 1276/1070/1273 1324/1580/1321 1323/1113/1320
f 1148/1505/1146 1277/1554/1274 1320/1579/1317
f 766/870/765 1278/1111/1275 1277/1554/1274
f 1325/1581/1322 1329/1089/1326 1328/1582/1325
f 1326/1583/1323 1329/1089/1326 1325/1581/1322
f 1283/1556/1280 1330/1090/1327 1327/1584/1324
f 1285/1091/1282 1330/1090/1327 1283/1556/1280
f 1286/1006/1283 1284/1003/1281 1331/1585/1328
f 1329/1089/1326 1332/1586/1329 1328/1582/1325
f 1285/1091/1282 1332/1586/1329 1329/1089/1326
f 1285/1091/1282 1287/1557/1284 1332/1586/1329
f 1287/1557/1284 1288/1558/1285 1332/1586/1329
f 1332/1586/1329 1288/1558/1285 1334/1587/1331
f 1289/1559/1286 1335/1588/1332 1288/1558/1285
f 1289/1559/1286 1290/1560/1287 1335/1588/1332
f 1291/1561/1288 1337/1589/1334 1290/1560/1287
f 1291/1561/1288 1292/1562/1289 1337/1589/1334
f 1293/1539/1290 1338/1563/1335 1292/1562/1289
f 1338/1563/1335 1294/1540/1291 1381/1590/1378
f 1381/1590/1378 1294/1540/1291 1340/1564/1337
f 1341/1565/1338 1343/1591/1340 1340/1564/1337
f 1341/1565/1338 1295/1566/1292 1343/1591/1340
f 1295/1566/1292 1296/1567/1293 1382/1116/1379
f 1296/1567/1293 1300/1096/1297 1382/1116/1379
f 1245/1078/1242 1300/1096/1297 1296/1567/1293
f 1297/1073/1294 1384/1101/1381 1253/1051/1250
f 1248/1099/1245 1249/1545/1246 1345/1097/1342
f 1254/984/1251 1346/1102/1343 1301/1052/1298
f 1345/1097/1342 1348/1570/1345 1302/1098/1299
f 1303/1568/1300 1348/1570/1345 1345/1097/1342
f 1302/1098/1299 1348/1570/1345 1304/1079/1301
f 1348/1570/1345 1306/1080/1303 1304/1079/1301
f 1305/1569/1302 1348/1570/1345 1303/1568/1300
f 1306/1080/1303 1348/1570/1345 1307/1082/1304
f 1347/1100/1344 1421/1135/1418 1260/1057/1257
f 1259/1056/1256 1350/1104/1347 1349/1103/1346
f 1421/1135/1418 1386/1120/1383 1260/1057/1257
f 1264/1550/1261 1353/1123/1350 1312/1571/1309
f 1264/1550/1261 1313/1572/1310 1353/1123/1350
f 1313/1572/1310 1314/1084/1311 1354/1107/1351
f 1353/1123/1350 1313/1572/1310 1354/1107/1351
f 1181/996/1178 1355/1138/1352 1222/1036/1219
f 1272/1551/1269 1316/1573/1313 1317/1575/1314
f 1359/1592/1356 1360/1593/1357 1318/1576/1315
f 1317/1575/1314 1282/1110/1279 1273/1112/1270
f 1318/1576/1315 1361/1594/1358 1316/1573/1313
f 1318/1576/1315 1362/1595/1359 1361/1594/1358
f 1360/1593/1357 1362/1595/1359 1318/1576/1315
f 1319/1578/1316 1363/1596/1360 1322/1577/1319
f 1274/1552/1271 1319/1578/1316 1322/1577/1319
f 1319/1578/1316 1275/1553/1272 1363/1596/1360
f 1275/1553/1272 1320/1579/1317 1364/1597/1361
f 1320/1579/1317 1277/1554/1274 1364/1597/1361
f 1277/1554/1274 1366/1598/1363 1364/1597/1361
f 1277/1554/1274 1278/1111/1275 1366/1598/1363
f 1282/1110/1279 1369/1599/1366 1281/1555/1278
f 1282/1110/1279 1399/1600/1396 1369/1599/1366
f 1118/1042/1116 1280/1041/1277 1368/1114/1365
f 1325/1581/1322 1328/1582/1325 1371/1601/1368
f 1371/1601/1368 1328/1582/1325 1370/1602/1367
f 1372/1603/1369 1328/1582/1325 1332/1586/1329
f 1331/1585/1328 1336/1092/1333 1286/1006/1283
f 1332/1586/1329 1333/1604/1330 1408/1605/1405
f 1408/1605/1405 1333/1604/1330 1373/1606/1370
f 1288/1558/1285 1335/1588/1332 1334/1587/1331
f 1333/1604/1330 1334/1587/1331 1374/1607/1371
f 1334/1587/1331 1335/1588/1332 1374/1607/1371
f 1290/1560/1287 1377/1608/1374 1335/1588/1332
f 1335/1588/1332 1411/1609/1408 1375/1610/1372
f 1335/1588/1332 1377/1608/1374 1411/1609/1408
f 1337/1589/1334 1377/1608/1374 1290/1560/1287
f 1377/1608/1374 1337/1589/1334 1378/1611/1375
f 1337/1589/1334 1379/1612/1376 1378/1611/1375
f 1292/1562/1289 1379/1612/1376 1337/1589/1334
f 1378/1611/1375 1379/1612/1376 1414/1613/1411
f 1292/1562/1289 1338/1563/1335 1379/1612/1376
f 1342/1094/1339 1418/1614/1415 1344/1095/1341
f 1295/1566/1292 1382/1116/1379 1343/1591/1340
f 1344/1095/1341 1418/1614/1415 1297/1073/1294
f 1418/1614/1415 1384/1101/1381 1297/1073/1294
f 1384/1101/1381 1419/1615/1416 1347/1100/1344
f 1419/1615/1416 1421/1135/1418 1347/1100/1344
f 1312/1571/1309 1389/1108/1386 1388/1616/1385
f 1312/1571/1309 1353/1123/1350 1389/1108/1386
f 1181/996/1178 1390/1125/1387 1355/1138/1352
f 1316/1573/1313 1392/1617/1389 1317/1575/1314
f 1317/1575/1314 1393/1618/1390 1282/1110/1279
f 1392/1617/1389 1393/1618/1390 1317/1575/1314
f 1316/1573/1313 1361/1594/1358 1392/1617/1389
f 1362/1595/1359 1365/1619/1362 1361/1594/1358
f 1275/1553/1272 1364/1597/1361 1363/1596/1360
f 1394/1620/1391 1397/1621/1394 1361/1594/1358
f 1324/1580/1321 1395/1622/1392 1323/1113/1320
f 1324/1580/1321 1396/1623/1393 1395/1622/1392
f 1393/1618/1390 1399/1600/1396 1282/1110/1279
f 1392/1617/1389 1403/1624/1400 1393/1618/1390
f 1361/1594/1358 1397/1621/1394 1392/1617/1389
f 1398/1625/1395 1400/1626/1397 1392/1617/1389
f 1397/1621/1394 1398/1625/1395 1392/1617/1389
f 1280/1041/1277 1401/1143/1398 1368/1114/1365
f 1279/1071/1276 1401/1143/1398 1280/1041/1277
f 1366/1598/1363 1278/1111/1275 1430/1627/1427
f 1393/1618/1390 1403/1624/1400 1399/1600/1396
f 1370/1602/1367 1328/1582/1325 1400/1626/1397
f 1367/1628/1364 1370/1602/1367 1400/1626/1397
f 1400/1626/1397 1328/1582/1325 1392/1617/1389
f 1278/1111/1275 1402/1629/1399 1430/1627/1427
f 1281/1555/1278 1402/1629/1399 1278/1111/1275
f 1392/1617/1389 1372/1603/1369 1403/1624/1400
f 1392/1617/1389 1328/1582/1325 1372/1603/1369
f 1284/1003/1281 1404/1126/1401 1331/1585/1328
f 1402/1629/1399 1405/1630/1402 1432/1631/1429
f 1281/1555/1278 1405/1630/1402 1402/1629/1399
f 1369/1599/1366 1405/1630/1402 1281/1555/1278
f 1369/1599/1366 1399/1600/1396 1405/1630/1402
f 1403/1624/1400 1406/1632/1403 1399/1600/1396
f 1399/1600/1396 1406/1632/1403 1405/1630/1402
f 1332/1586/1329 1408/1605/1405 1372/1603/1369
f 1372/1603/1369 1408/1605/1405 1407/1633/1404
f 1403/1624/1400 1372/1603/1369 1407/1633/1404
f 1404/1126/1401 1336/1092/1333 1331/1585/1328
f 1407/1633/1404 1408/1605/1405 1373/1606/1370
f 1333/1604/1330 1374/1607/1371 1373/1606/1370
f 1374/1607/1371 1375/1610/1372 1409/1634/1406
f 1374/1607/1371 1335/1588/1332 1375/1610/1372
f 1336/1092/1333 1410/1157/1407 1376/1093/1373
f 1375/1610/1372 1411/1609/1408 1409/1634/1406
f 1378/1611/1375 1412/1635/1409 1377/1608/1374
f 1411/1609/1408 1377/1608/1374 1412/1635/1409
f 1412/1635/1409 1378/1611/1375 1414/1613/1411
f 1379/1612/1376 1413/1636/1410 1414/1613/1411
f 1379/1612/1376 1338/1563/1335 1413/1636/1410
f 1414/1613/1411 1413/1636/1410 1415/1637/1412
f 1413/1636/1410 1416/1638/1413 1415/1637/1412
f 1413/1636/1410 1381/1590/1378 1416/1638/1413
f 1338/1563/1335 1381/1590/1378 1413/1636/1410
f 1380/1127/1377 1417/1128/1414 1339/1072/1336
f 1381/1590/1378 1340/1564/1337 1416/1638/1413
f 1342/1094/1339 1417/1128/1414 1418/1614/1415
f 1416/1638/1413 1340/1564/1337 1447/1639/1444
f 1340/1564/1337 1343/1591/1340 1447/1639/1444
f 1343/1591/1340 1382/1116/1379 1447/1639/1444
f 1382/1116/1379 1383/1115/1380 1447/1639/1444
f 1418/1614/1415 1448/1159/1445 1384/1101/1381
f 1448/1159/1445 1419/1615/1416 1384/1101/1381
f 1210/1054/1207 1385/1119/1382 1420/1118/1417
f 1349/1103/1346 1450/1148/1447 1385/1119/1382
f 1352/1106/1349 1423/1122/1420 1422/1131/1419
f 1222/1036/1219 1355/1138/1352 1423/1122/1420
f 1356/1085/1353 1388/1616/1385 1389/1108/1386
f 1323/1113/1320 1395/1622/1392 1425/1141/1422
f 1395/1622/1392 1426/1139/1423 1425/1141/1422
f 1396/1623/1393 1426/1139/1423 1395/1622/1392
f 1426/1139/1423 1429/1640/1426 1428/1641/1425
f 1363/1596/1360 1364/1597/1361 1427/1642/1424
f 1323/1113/1320 1425/1141/1422 1401/1143/1398
f 1279/1071/1276 1323/1113/1320 1401/1143/1398
f 1366/1598/1363 1430/1627/1427 1456/1643/1453
f 1364/1597/1361 1366/1598/1363 1456/1643/1453
f 1430/1627/1427 1432/1631/1429 1431/1644/1428
f 1402/1629/1399 1432/1631/1429 1430/1627/1427
f 1404/1126/1401 1434/1145/1431 1336/1092/1333
f 1405/1630/1402 1435/1645/1432 1432/1631/1429
f 1405/1630/1402 1406/1632/1403 1435/1645/1432
f 1406/1632/1403 1436/1646/1433 1435/1645/1432
f 1403/1624/1400 1407/1633/1404 1406/1632/1403
f 1406/1632/1403 1407/1633/1404 1436/1646/1433
f 1336/1092/1333 1434/1145/1431 1437/1153/1434
f 1407/1633/1404 1373/1606/1370 1461/1647/1458
f 1373/1606/1370 1438/1648/1435 1461/1647/1458
f 1373/1606/1370 1374/1607/1371 1438/1648/1435
f 1374/1607/1371 1409/1634/1406 1438/1648/1435
f 1438/1648/1435 1409/1634/1406 1462/1649/1459
f 1437/1153/1434 1410/1157/1407 1336/1092/1333
f 1409/1634/1406 1439/1650/1436 1462/1649/1459
f 1409/1634/1406 1411/1609/1408 1439/1650/1436
f 1410/1157/1407 1440/1156/1437 1376/1093/1373
f 1439/1650/1436 1441/1651/1438 1463/1652/1460
f 1411/1609/1408 1441/1651/1438 1439/1650/1436
f 1411/1609/1408 1412/1635/1409 1441/1651/1438
f 1376/1093/1373 1440/1156/1437 1380/1127/1377
f 1412/1635/1409 1414/1613/1411 1441/1651/1438
f 1441/1651/1438 1443/1653/1440 1442/1654/1439
f 1441/1651/1438 1414/1613/1411 1443/1653/1440
f 1440/1156/1437 1444/1655/1441 1417/1128/1414
f 1380/1127/1377 1440/1156/1437 1417/1128/1414
f 1414/1613/1411 1415/1637/1412 1443/1653/1440
f 1415/1637/1412 1416/1638/1413 1446/1656/1443
f 1416/1638/1413 1447/1639/1444 1446/1656/1443
f 1417/1128/1414 1444/1655/1441 1418/1614/1415
f 1444/1655/1441 1448/1159/1445 1418/1614/1415
f 1383/1115/1380 1449/1117/1446 1447/1639/1444
f 1448/1159/1445 1421/1135/1418 1419/1615/1416
f 1451/1129/1448 1472/1147/1469 1349/1103/1346
f 1386/1120/1383 1494/1134/1491 1310/1083/1307
f 1473/1150/1470 1452/1130/1449 1422/1131/1419
f 1474/1151/1471 1423/1122/1420 1355/1138/1352
f 1363/1596/1360 1427/1642/1424 1454/1657/1451
f 1427/1642/1424 1364/1597/1361 1456/1643/1453
f 1425/1141/1422 1455/1140/1452 1401/1143/1398
f 1401/1143/1398 1455/1140/1452 1457/1142/1454
f 1431/1644/1428 1456/1643/1453 1430/1627/1427
f 1368/1114/1365 1457/1142/1454 1404/1126/1401
f 1431/1644/1428 1432/1631/1429 1458/1658/1455
f 1433/1144/1430 1459/1154/1456 1434/1145/1431
f 1436/1646/1433 1461/1647/1458 1460/1659/1457
f 1436/1646/1433 1407/1633/1404 1461/1647/1458
f 1434/1145/1431 1459/1154/1456 1437/1153/1434
f 1461/1647/1458 1438/1648/1435 1462/1649/1459
f 1463/1652/1460 1441/1651/1438 1464/1170/1461
f 1441/1651/1438 1442/1654/1439 1464/1170/1461
f 1464/1170/1461 1445/1660/1442 1490/1171/1487
f 1442/1654/1439 1445/1660/1442 1464/1170/1461
f 1445/1660/1442 1466/1661/1463 1490/1171/1487
f 1445/1660/1442 1465/1662/1462 1466/1661/1463
f 1442/1654/1439 1465/1662/1462 1445/1660/1442
f 1442/1654/1439 1443/1653/1440 1465/1662/1462
f 1415/1637/1412 1446/1656/1443 1443/1653/1440
f 1443/1653/1440 1467/1663/1464 1465/1662/1462
f 1446/1656/1443 1467/1663/1464 1443/1653/1440
f 1467/1663/1464 1447/1639/1444 1493/1664/1490
f 1446/1656/1443 1447/1639/1444 1467/1663/1464
f 1493/1664/1490 1447/1639/1444 1468/1665/1465
f 1491/1160/1488 1448/1159/1445 1444/1655/1441
f 1468/1665/1465 1449/1117/1446 1469/1133/1466
f 1447/1639/1444 1449/1117/1446 1468/1665/1465
f 1470/1158/1467 1421/1135/1418 1448/1159/1445
f 1358/1086/1355 1504/1166/1501 1390/1125/1387
f 1426/1139/1423 1476/1666/1473 1455/1140/1452
f 1426/1139/1423 1428/1641/1425 1476/1666/1473
f 1427/1642/1424 1477/1667/1474 1454/1657/1451
f 1427/1642/1424 1478/1668/1475 1477/1667/1474
f 1427/1642/1424 1456/1643/1453 1478/1668/1475
f 1455/1140/1452 1479/1669/1476 1457/1142/1454
f 1455/1140/1452 1476/1666/1473 1479/1669/1476
f 1479/1669/1476 1481/1670/1478 1433/1144/1430
f 1457/1142/1454 1479/1669/1476 1433/1144/1430
f 1431/1644/1428 1458/1658/1455 1480/1671/1477
f 1456/1643/1453 1431/1644/1428 1480/1671/1477
f 1433/1144/1430 1481/1670/1478 1459/1154/1456
f 1458/1658/1455 1432/1631/1429 1482/1672/1479
f 1481/1670/1478 1483/1673/1480 1459/1154/1456
f 1432/1631/1429 1484/1674/1481 1482/1672/1479
f 1432/1631/1429 1435/1645/1432 1484/1674/1481
f 1436/1646/1433 1485/1675/1482 1435/1645/1432
f 1436/1646/1433 1460/1659/1457 1485/1675/1482
f 1461/1647/1458 1462/1649/1459 1460/1659/1457
f 1462/1649/1459 1487/1676/1484 1460/1659/1457
f 1462/1649/1459 1439/1650/1436 1487/1676/1484
f 1437/1153/1434 1486/1152/1483 1410/1157/1407
f 1410/1157/1407 1486/1152/1483 1488/1155/1485
f 1439/1650/1436 1463/1652/1460 1516/1677/1513
f 1463/1652/1460 1489/1678/1486 1516/1677/1513
f 1463/1652/1460 1464/1170/1461 1489/1678/1486
f 1488/1155/1485 1520/1173/1517 1444/1655/1441
f 1440/1156/1437 1488/1155/1485 1444/1655/1441
f 1466/1661/1463 1465/1662/1462 1492/1679/1489
f 1467/1663/1464 1492/1679/1489 1465/1662/1462
f 1444/1655/1441 1520/1173/1517 1491/1160/1488
f 1467/1663/1464 1524/1680/1521 1492/1679/1489
f 1467/1663/1464 1493/1664/1490 1524/1680/1521
f 1493/1664/1490 1468/1665/1465 1526/1681/1523
f 1526/1681/1523 1468/1665/1465 1469/1133/1466
f 1526/1681/1523 1469/1133/1466 1471/1146/1468
f 1453/1136/1450 1474/1151/1471 1497/1177/1494
f 1497/1177/1494 1474/1151/1471 1498/1682/1495
f 1474/1151/1471 1500/1137/1497 1498/1682/1495
f 1500/1137/1497 1390/1125/1387 1501/1167/1498
f 1429/1640/1426 1505/1683/1502 1428/1641/1425
f 1476/1666/1473 1507/1684/1504 1479/1669/1476
f 1428/1641/1425 1507/1684/1504 1476/1666/1473
f 1428/1641/1425 1505/1683/1502 1507/1684/1504
f 1456/1643/1453 1508/1685/1505 1478/1668/1475
f 1456/1643/1453 1480/1671/1477 1508/1685/1505
f 1479/1669/1476 1509/1686/1506 1481/1670/1478
f 1507/1684/1504 1509/1686/1506 1479/1669/1476
f 1480/1671/1477 1510/1687/1507 1508/1685/1505
f 1480/1671/1477 1482/1672/1479 1510/1687/1507
f 1458/1658/1455 1482/1672/1479 1480/1671/1477
f 1481/1670/1478 1509/1686/1506 1483/1673/1480
f 1435/1645/1432 1485/1675/1482 1484/1674/1481
f 1483/1673/1480 1511/1182/1508 1459/1154/1456
f 1485/1675/1482 1515/1688/1512 1514/1689/1511
f 1460/1659/1457 1515/1688/1512 1485/1675/1482
f 1460/1659/1457 1487/1676/1484 1515/1688/1512
f 1439/1650/1436 1516/1677/1513 1487/1676/1484
f 1487/1676/1484 1516/1677/1513 1517/1690/1514
f 1517/1690/1514 1489/1678/1486 1519/1169/1516
f 1516/1677/1513 1489/1678/1486 1517/1690/1514
f 1488/1155/1485 1518/1184/1515 1520/1173/1517
f 1489/1678/1486 1464/1170/1461 1519/1169/1516
f 1466/1661/1463 1522/1691/1519 1490/1171/1487
f 1466/1661/1463 1492/1679/1489 1522/1691/1519
f 1492/1679/1489 1525/1692/1522 1523/1693/1520
f 1492/1679/1489 1524/1680/1521 1525/1692/1522
f 1524/1680/1521 1526/1681/1523 1525/1692/1522
f 1524/1680/1521 1493/1664/1490 1526/1681/1523
f 1525/1692/1522 1526/1681/1523 1527/1694/1524
f 1471/1146/1468 1528/1174/1525 1526/1681/1523
f 1527/1694/1524 1526/1681/1523 1528/1174/1525
f 1385/1119/1382 1528/1174/1525 1471/1146/1468
f 1529/1188/1526 1497/1177/1494 1557/1695/1554
f 1529/1188/1526 1531/1161/1528 1497/1177/1494
f 1557/1695/1554 1497/1177/1494 1558/1696/1555
f 1497/1177/1494 1498/1682/1495 1558/1696/1555
f 1501/1167/1498 1585/1191/1582 1500/1137/1497
f 1454/1657/1451 1477/1667/1474 1475/1697/1472
f 1506/1698/1503 1533/1699/1530 1507/1684/1504
f 1505/1683/1502 1506/1698/1503 1507/1684/1504
f 1475/1697/1472 1534/1700/1531 1533/1699/1530
f 1477/1667/1474 1534/1700/1531 1475/1697/1472
f 1478/1668/1475 1535/1701/1532 1534/1700/1531
f 1477/1667/1474 1478/1668/1475 1534/1700/1531
f 1478/1668/1475 1508/1685/1505 1535/1701/1532
f 1508/1685/1505 1563/1702/1560 1535/1701/1532
f 1508/1685/1505 1510/1687/1507 1563/1702/1560
f 1507/1684/1504 1536/1703/1533 1509/1686/1506
f 1509/1686/1506 1536/1703/1533 1483/1673/1480
f 1563/1702/1560 1510/1687/1507 1538/1704/1535
f 1510/1687/1507 1537/1705/1534 1538/1704/1535
f 1482/1672/1479 1537/1705/1534 1510/1687/1507
f 1483/1673/1480 1536/1703/1533 1511/1182/1508
f 1482/1672/1479 1484/1674/1481 1537/1705/1534
f 1484/1674/1481 1512/1181/1509 1537/1705/1534
f 1484/1674/1481 1539/1194/1536 1512/1181/1509
f 1484/1674/1481 1485/1675/1482 1539/1194/1536
f 1537/1705/1534 1513/1180/1510 1540/1706/1537
f 1512/1181/1509 1513/1180/1510 1537/1705/1534
f 1539/1194/1536 1541/1179/1538 1512/1181/1509
f 1513/1180/1510 1541/1179/1538 1540/1706/1537
f 1486/1152/1483 1542/1183/1539 1518/1184/1515
f 1515/1688/1512 1487/1676/1484 1517/1690/1514
f 1517/1690/1514 1519/1169/1516 1544/1707/1541
f 1518/1184/1515 1543/1199/1540 1520/1173/1517
f 1519/1169/1516 1490/1171/1487 1544/1707/1541
f 1490/1171/1487 1522/1691/1519 1544/1707/1541
f 1544/1707/1541 1522/1691/1519 1546/1708/1543
f 1520/1173/1517 1543/1199/1540 1521/1172/1518
f 1492/1679/1489 1547/1709/1544 1522/1691/1519
f 1492/1679/1489 1523/1693/1520 1547/1709/1544
f 1523/1693/1520 1525/1692/1522 1527/1694/1524
f 1528/1174/1525 1549/1710/1546 1527/1694/1524
f 1550/1206/1547 1554/1209/1551 1553/1207/1550
f 1553/1207/1550 1557/1695/1554 1580/1205/1577
f 1553/1207/1550 1554/1209/1551 1529/1188/1526
f 1556/1189/1553 1495/1162/1492 1582/1187/1579
f 1556/1189/1553 1472/1147/1469 1530/1149/1527
f 1553/1207/1550 1529/1188/1526 1557/1695/1554
f 1554/1209/1551 1582/1187/1579 1529/1188/1526
f 1558/1696/1555 1498/1682/1495 1585/1191/1582
f 1500/1137/1497 1585/1191/1582 1498/1682/1495
f 1533/1699/1530 1534/1700/1531 1562/1711/1559
f 1533/1699/1530 1562/1711/1559 1507/1684/1504
f 1534/1700/1531 1535/1701/1532 1562/1711/1559
f 1507/1684/1504 1562/1711/1559 1536/1703/1533
f 1535/1701/1532 1563/1702/1560 1562/1711/1559
f 1511/1182/1508 1536/1703/1533 1586/1712/1583
f 1538/1704/1535 1565/1713/1562 1563/1702/1560
f 1537/1705/1534 1540/1706/1537 1538/1704/1535
f 1538/1704/1535 1540/1706/1537 1565/1713/1562
f 1485/1675/1482 1564/1714/1561 1539/1194/1536
f 1485/1675/1482 1514/1689/1511 1564/1714/1561
f 1539/1194/1536 1564/1714/1561 1567/1195/1564
f 1541/1179/1538 1566/1196/1563 1540/1706/1537
f 1568/1197/1565 1569/1198/1566 1518/1184/1515
f 1522/1691/1519 1547/1709/1544 1546/1708/1543
f 1527/1694/1524 1574/1715/1571 1523/1693/1520
f 1527/1694/1524 1549/1710/1546 1574/1715/1571
f 1548/1716/1545 1575/1717/1572 1573/1718/1570
f 1573/1718/1570 1576/1213/1573 1548/1716/1545
f 1575/1717/1572 1548/1716/1545 1577/1215/1574
f 1548/1716/1545 1576/1213/1573 1577/1215/1574
f 1528/1174/1525 1578/1217/1575 1549/1710/1546
f 1577/1215/1574 1608/1214/1605 1550/1206/1547
f 1608/1214/1605 1579/1236/1576 1550/1206/1547
f 1577/1215/1574 1550/1206/1547 1580/1205/1577
f 1579/1236/1576 1581/1208/1578 1550/1206/1547
f 1581/1208/1578 1582/1187/1579 1554/1209/1551
f 1580/1205/1577 1557/1695/1554 1613/1719/1610
f 1613/1719/1610 1558/1696/1555 1643/1720/1640
f 1613/1719/1610 1557/1695/1554 1558/1696/1555
f 1585/1191/1582 1584/1721/1581 1558/1696/1555
f 1536/1703/1533 1562/1711/1559 1586/1712/1583
f 1562/1711/1559 1563/1702/1560 1586/1712/1583
f 1563/1702/1560 1587/1722/1584 1586/1712/1583
f 1586/1712/1583 1589/1723/1586 1511/1182/1508
f 1563/1702/1560 1588/1724/1585 1587/1722/1584
f 1563/1702/1560 1565/1713/1562 1588/1724/1585
f 1511/1182/1508 1589/1723/1586 1542/1183/1539
f 1565/1713/1562 1540/1706/1537 1588/1724/1585
f 1564/1714/1561 1590/1227/1587 1567/1195/1564
f 1514/1689/1511 1590/1227/1587 1564/1714/1561
f 1514/1689/1511 1591/1725/1588 1590/1227/1587
f 1589/1723/1586 1568/1197/1565 1542/1183/1539
f 1540/1706/1537 1592/1726/1589 1588/1724/1585
f 1540/1706/1537 1566/1196/1563 1592/1726/1589
f 1567/1195/1564 1593/1228/1590 1566/1196/1563
f 1515/1688/1512 1591/1725/1588 1514/1689/1511
f 1515/1688/1512 1517/1690/1514 1591/1725/1588
f 1566/1196/1563 1593/1228/1590 1592/1726/1589
f 1593/1228/1590 1594/1727/1591 1592/1726/1589
f 1544/1707/1541 1597/1728/1594 1517/1690/1514
f 1570/1201/1567 1599/1729/1596 1596/1200/1593
f 1544/1707/1541 1546/1708/1543 1597/1728/1594
f 1570/1201/1567 1600/1232/1597 1599/1729/1596
f 1601/1730/1598 1631/1731/1628 1602/1732/1599
f 1547/1709/1544 1603/1733/1600 1546/1708/1543
f 1601/1730/1598 1602/1732/1599 1605/1234/1602
f 1631/1731/1628 1606/1734/1603 1602/1732/1599
f 1523/1693/1520 1574/1715/1571 1603/1733/1600
f 1547/1709/1544 1523/1693/1520 1603/1733/1600
f 1607/1235/1604 1605/1234/1602 1573/1718/1570
f 1605/1234/1602 1576/1213/1573 1573/1718/1570
f 1605/1234/1602 1608/1214/1605 1576/1213/1573
f 1605/1234/1602 1602/1732/1599 1608/1214/1605
f 1549/1710/1546 1578/1217/1575 1574/1715/1571
f 1575/1717/1572 1580/1205/1577 1642/1735/1639
f 1577/1215/1574 1580/1205/1577 1575/1717/1572
f 1580/1205/1577 1613/1719/1610 1642/1735/1639
f 1558/1696/1555 1584/1721/1581 1643/1720/1640
f 1559/1190/1556 1614/1221/1611 1644/1222/1641
f 1585/1191/1582 1616/1736/1613 1584/1721/1581
f 1585/1191/1582 1560/1192/1557 1616/1736/1613
f 1586/1712/1583 1587/1722/1584 1589/1723/1586
f 1589/1723/1586 1587/1722/1584 1619/1737/1616
f 1589/1723/1586 1619/1737/1616 1568/1197/1565
f 1587/1722/1584 1588/1724/1585 1619/1737/1616
f 1590/1227/1587 1620/1738/1617 1593/1228/1590
f 1590/1227/1587 1591/1725/1588 1620/1738/1617
f 1517/1690/1514 1621/1739/1618 1591/1725/1588
f 1591/1725/1588 1621/1739/1618 1620/1738/1617
f 1568/1197/1565 1619/1737/1616 1569/1198/1566
f 1588/1724/1585 1645/1740/1642 1619/1737/1616
f 1588/1724/1585 1647/1741/1644 1645/1740/1642
f 1588/1724/1585 1592/1726/1589 1647/1741/1644
f 1594/1727/1591 1622/1742/1619 1592/1726/1589
f 1593/1228/1590 1595/1229/1592 1594/1727/1591
f 1620/1738/1617 1623/1230/1620 1593/1228/1590
f 1620/1738/1617 1621/1739/1618 1623/1230/1620
f 1517/1690/1514 1597/1728/1594 1621/1739/1618
f 1619/1737/1616 1624/1743/1621 1569/1198/1566
f 1592/1726/1589 1625/1744/1622 1647/1741/1644
f 1592/1726/1589 1622/1742/1619 1625/1744/1622
f 1597/1728/1594 1626/1745/1623 1623/1230/1620
f 1621/1739/1618 1597/1728/1594 1623/1230/1620
f 1569/1198/1566 1628/1746/1625 1598/1211/1595
f 1569/1198/1566 1624/1743/1621 1628/1746/1625
f 1594/1727/1591 1627/1747/1624 1622/1742/1619
f 1594/1727/1591 1595/1229/1592 1627/1747/1624
f 1596/1200/1593 1599/1729/1596 1595/1229/1592
f 1595/1229/1592 1599/1729/1596 1627/1747/1624
f 1623/1230/1620 1626/1745/1623 1629/1231/1626
f 1622/1742/1619 1601/1730/1598 1625/1744/1622
f 1622/1742/1619 1627/1747/1624 1601/1730/1598
f 1627/1747/1624 1631/1731/1628 1601/1730/1598
f 1627/1747/1624 1632/1748/1629 1631/1731/1628
f 1627/1747/1624 1599/1729/1596 1632/1748/1629
f 1600/1232/1597 1632/1748/1629 1599/1729/1596
f 1597/1728/1594 1546/1708/1543 1626/1745/1623
f 1598/1211/1595 1633/1749/1630 1571/1203/1568
f 1628/1746/1625 1633/1749/1630 1598/1211/1595
f 1647/1741/1644 1625/1744/1622 1648/1233/1645
f 1600/1232/1597 1629/1231/1626 1632/1748/1629
f 1626/1745/1623 1634/1750/1631 1629/1231/1626
f 1546/1708/1543 1634/1750/1631 1626/1745/1623
f 1630/1751/1627 1648/1233/1645 1636/1752/1633
f 1601/1730/1598 1605/1234/1602 1648/1233/1645
f 1625/1744/1622 1601/1730/1598 1648/1233/1645
f 1632/1748/1629 1629/1231/1626 1631/1731/1628
f 1634/1750/1631 1635/1753/1632 1629/1231/1626
f 1546/1708/1543 1603/1733/1600 1634/1750/1631
f 1571/1203/1568 1633/1749/1630 1604/1212/1601
f 1629/1231/1626 1637/1754/1634 1631/1731/1628
f 1629/1231/1626 1635/1753/1632 1637/1754/1634
f 1636/1752/1633 1648/1233/1645 1607/1235/1604
f 1631/1731/1628 1637/1754/1634 1606/1734/1603
f 1636/1752/1633 1607/1235/1604 1651/1755/1648
f 1607/1235/1604 1573/1718/1570 1655/1756/1652
f 1651/1755/1648 1607/1235/1604 1655/1756/1652
f 1602/1732/1599 1606/1734/1603 1608/1214/1605
f 1606/1734/1603 1638/1757/1635 1608/1214/1605
f 1606/1734/1603 1637/1754/1634 1638/1757/1635
f 1573/1718/1570 1575/1717/1572 1655/1756/1652
f 1655/1756/1652 1575/1717/1572 1639/1758/1636
f 1638/1757/1635 1581/1208/1578 1608/1214/1605
f 1657/1759/1654 1609/1218/1606 1656/1760/1653
f 1657/1759/1654 1640/1237/1637 1609/1218/1606
f 1575/1717/1572 1642/1735/1639 1639/1758/1636
f 1638/1757/1635 1611/1219/1608 1581/1208/1578
f 1656/1760/1653 1611/1219/1608 1638/1757/1635
f 1656/1760/1653 1612/1220/1609 1611/1219/1608
f 1656/1760/1653 1609/1218/1606 1612/1220/1609
f 1560/1192/1557 1666/1239/1663 1616/1736/1613
f 1619/1737/1616 1646/1761/1643 1624/1743/1621
f 1645/1740/1642 1646/1761/1643 1619/1737/1616
f 1645/1740/1642 1647/1741/1644 1646/1761/1643
f 1646/1761/1643 1648/1233/1645 1630/1751/1627
f 1647/1741/1644 1648/1233/1645 1646/1761/1643
f 1624/1743/1621 1633/1749/1630 1628/1746/1625
f 1646/1761/1643 1630/1751/1627 1624/1743/1621
f 1624/1743/1621 1649/1762/1646 1633/1749/1630
f 1624/1743/1621 1630/1751/1627 1649/1762/1646
f 1633/1749/1630 1649/1762/1646 1604/1212/1601
f 1630/1751/1627 1651/1755/1648 1649/1762/1646
f 1630/1751/1627 1636/1752/1633 1651/1755/1648
f 1634/1750/1631 1652/1245/1649 1635/1753/1632
f 1603/1733/1600 1650/1763/1647 1634/1750/1631
f 1603/1733/1600 1574/1715/1571 1650/1763/1647
f 1634/1750/1631 1650/1763/1647 1652/1245/1649
f 1649/1762/1646 1653/1764/1650 1604/1212/1601
f 1649/1762/1646 1654/1765/1651 1653/1764/1650
f 1651/1755/1648 1654/1765/1651 1649/1762/1646
f 1637/1754/1634 1656/1760/1653 1638/1757/1635
f 1637/1754/1634 1657/1759/1654 1656/1760/1653
f 1637/1754/1634 1635/1753/1632 1657/1759/1654
f 1635/1753/1632 1658/1247/1655 1657/1759/1654
f 1652/1245/1649 1658/1247/1655 1635/1753/1632
f 1604/1212/1601 1653/1764/1650 1659/1240/1656
f 1651/1755/1648 1639/1758/1636 1654/1765/1651
f 1651/1755/1648 1655/1756/1652 1639/1758/1636
f 1658/1247/1655 1640/1237/1637 1657/1759/1654
f 1639/1758/1636 1642/1735/1639 1654/1765/1651
f 1654/1765/1651 1642/1735/1639 1660/1766/1657
f 1613/1719/1610 1643/1720/1640 1642/1735/1639
f 1642/1735/1639 1643/1720/1640 1660/1766/1657
f 1660/1766/1657 1643/1720/1640 1661/1767/1658
f 1662/1241/1659 1663/1768/1660 1583/1210/1580
f 1661/1767/1658 1643/1720/1640 1673/1769/1670
f 1643/1720/1640 1584/1721/1581 1673/1769/1670
f 1583/1210/1580 1663/1768/1660 1614/1221/1611
f 1584/1721/1581 1616/1736/1613 1677/1770/1674
f 1654/1765/1651 1660/1766/1657 1653/1764/1650
f 1662/1241/1659 1673/1769/1670 1672/1771/1669
f 1660/1766/1657 1673/1769/1670 1662/1241/1659
f 1661/1767/1658 1673/1769/1670 1660/1766/1657
f 1614/1221/1611 1686/1772/1683 1671/1252/1668
f 1614/1221/1611 1663/1768/1660 1686/1772/1683
f 1616/1736/1613 1666/1239/1663 1677/1770/1674
f 1650/1763/1647 1712/1284/1709 1652/1245/1649
f 1650/1763/1647 1574/1715/1571 1712/1284/1709
f 1574/1715/1571 1683/1295/1680 1712/1284/1709
f 1578/1217/1575 1683/1295/1680 1574/1715/1571
f 1578/1217/1575 1669/1249/1666 1683/1295/1680
f 1663/1768/1660 1672/1771/1669 1686/1772/1683
f 1662/1241/1659 1672/1771/1669 1663/1768/1660
f 1673/1769/1670 1716/1773/1713 1672/1771/1669
f 1673/1769/1670 1677/1770/1674 1716/1773/1713
f 1673/1769/1670 1584/1721/1581 1677/1770/1674
f 1680/1255/1677 1688/1254/1685 1689/1262/1686
f 1677/1770/1674 1666/1239/1663 1722/1774/1719
f 1666/1239/1663 1698/1244/1695 1722/1774/1719
f 1684/1248/1681 1683/1295/1680 1669/1249/1666
f 1659/1240/1656 1713/1285/1710 1610/1216/1607
f 1653/1764/1650 1713/1285/1710 1659/1240/1656
f 1660/1766/1657 1713/1285/1710 1653/1764/1650
f 1662/1241/1659 1713/1285/1710 1660/1766/1657
f 1670/1250/1667 1714/1775/1711 1685/1260/1682
f 1670/1250/1667 1715/1776/1712 1714/1775/1711
f 1671/1252/1668 1715/1776/1712 1670/1250/1667
f 1671/1252/1668 1686/1772/1683 1715/1776/1712
f 1686/1772/1683 1717/1777/1714 1715/1776/1712
f 1686/1772/1683 1718/1778/1715 1717/1777/1714
f 1672/1771/1669 1716/1773/1713 1686/1772/1683
f 1716/1773/1713 1718/1778/1715 1686/1772/1683
f 1688/1254/1685 1687/1261/1684 1719/1286/1716
f 1716/1773/1713 1677/1770/1674 1718/1778/1715
f 1677/1770/1674 1722/1774/1719 1724/1779/1721
f 1718/1778/1715 1677/1770/1674 1724/1779/1721
f 1723/1291/1720 1693/1267/1690 1721/1289/1718
f 1722/1774/1719 1698/1244/1695 1724/1779/1721
f 1723/1291/1720 1698/1244/1695 1682/1259/1679
f 1724/1779/1721 1698/1244/1695 1723/1291/1720
f 1699/1277/1696 1702/1276/1699 1726/1780/1723
f 1708/1279/1705 1703/1278/1700 1707/1281/1704
f 1685/1260/1682 1714/1775/1711 1730/1781/1727
f 1714/1775/1711 1732/1782/1729 1730/1781/1727
f 1714/1775/1711 1715/1776/1712 1732/1782/1729
f 1685/1260/1682 1730/1781/1727 1687/1261/1684
f 1730/1781/1727 1732/1782/1729 1731/1783/1728
f 1715/1776/1712 1717/1777/1714 1732/1782/1729
f 1687/1261/1684 1730/1781/1727 1719/1286/1716
f 1730/1781/1727 1731/1783/1728 1735/1784/1732
f 1732/1782/1729 1733/1296/1730 1731/1783/1728
f 1717/1777/1714 1718/1778/1715 1734/1785/1731
f 1719/1286/1716 1730/1781/1727 1735/1784/1732
f 1731/1783/1728 1733/1296/1730 1720/1288/1717
f 1733/1296/1730 1734/1785/1731 1721/1289/1718
f 1718/1778/1715 1724/1779/1721 1734/1785/1731
f 1689/1262/1686 1719/1286/1716 1737/1297/1734
f 1690/1263/1687 1689/1262/1686 1737/1297/1734
f 1719/1286/1716 1735/1784/1732 1737/1297/1734
f 1735/1784/1732 1731/1783/1728 1736/1287/1733
f 1731/1783/1728 1720/1288/1717 1736/1287/1733
f 1734/1785/1731 1723/1291/1720 1721/1289/1718
f 1734/1785/1731 1724/1779/1721 1723/1291/1720
f 1691/1265/1688 1737/1297/1734 1694/1269/1691
f 1736/1287/1733 1725/1290/1722 1735/1784/1732
f 1694/1269/1691 1738/1786/1735 1695/1270/1692
f 1735/1784/1732 1725/1290/1722 1741/1298/1738
f 1699/1277/1696 1726/1780/1723 1739/1299/1736
f 1700/1273/1697 1695/1270/1692 1740/1787/1737
f 1739/1299/1736 1726/1780/1723 1727/1292/1724
f 1703/1278/1700 1742/1788/1739 1744/1789/1741
f 1703/1278/1700 1740/1787/1737 1742/1788/1739
f 1700/1273/1697 1740/1787/1737 1703/1278/1700
f 1726/1780/1723 1747/1302/1744 1727/1292/1724
f 1707/1281/1704 1744/1789/1741 1726/1780/1723
f 1702/1276/1699 1707/1281/1704 1726/1780/1723
f 1703/1278/1700 1744/1789/1741 1707/1281/1704
f 1748/1304/1745 1728/1293/1725 1747/1302/1744
f 1732/1782/1729 1717/1777/1714 1733/1296/1730
f 1717/1777/1714 1734/1785/1731 1733/1296/1730
f 1694/1269/1691 1737/1297/1734 1738/1786/1735
f 1738/1786/1735 1737/1297/1734 1741/1298/1738
f 1735/1784/1732 1741/1298/1738 1737/1297/1734
f 1695/1270/1692 1738/1786/1735 1740/1787/1737
f 1738/1786/1735 1743/1300/1740 1740/1787/1737
f 1738/1786/1735 1741/1298/1738 1743/1300/1740
f 1740/1787/1737 1745/1303/1742 1742/1788/1739
f 1740/1787/1737 1743/1300/1740 1745/1303/1742
f 1726/1780/1723 1744/1789/1741 1747/1302/1744
f 1744/1789/1741 1748/1304/1745 1747/1302/1744
f 1742/1788/1739 1745/1303/1742 1748/1304/1745
f 1744/1789/1741 1742/1788/1739 1748/1304/1745
f 1798/1790/1795 1970/1791/1963 1754/1792/1751
f 2176/1793/2158 1750/1308/1747 2181/1794/2163
f 2184/1795/2166 1798/1790/1795 1773/1796/1770
f 2178/1797/2160 1754/1792/1751 2191/1798/2173
f 2176/1793/2158 2181/1794/2163 7/129/7
f 1848/1799/1844 1795/1800/1792 2182/1801/2164
f 1942/1802/1935 2026/1803/2018 1795/1800/1792
f 1783/1804/1780 1760/1805/1757 1930/1806/1923
f 1753/1807/1750 1922/1808/1915 1941/1809/1934
f 2186/1810/2168 1828/1811/1824 1757/1812/1754
f 1941/1809/1934 1974/1813/1967 1940/1814/1933
f 1847/1815/1843 1764/1816/1761 1851/1817/1846
f 1759/1818/1756 2077/1819/2066 2177/1820/2159
f 2185/1821/2167 1774/1305/1771 1828/1811/1824
f 2075/1822/2064 1774/1305/1771 2085/1307/2073
f 2183/5/2165 1779/1823/1776 1766/15/1763
f 1922/1808/1915 1804/1824/1801 1974/1813/1967
f 1838/1825/1834 1767/1826/1764 1837/1827/1833
f 1784/1828/1781 1777/1829/1774 1866/1830/1860
f 1777/1829/1774 1784/1828/1781 1781/1831/1778
f 1852/1832/1847 1799/1833/1796 2088/1834/2076
f 2081/1835/2070 1940/1814/1933 1908/1836/1901
f 1774/1305/1771 1833/1837/1829 1828/1811/1824
f 1834/1838/1830 2077/1819/2066 1759/1818/1756
f 1794/1839/1791 1757/1812/1754 1796/1840/1793
f 1834/1838/1830 1759/1818/1756 1755/1841/1752
f 2181/1794/2163 1775/1842/1772 7/129/7
f 1810/1843/1807 1985/1844/1977 1864/1845/1858
f 1907/1846/1900 1928/1847/1921 1808/1848/1805
f 2197/1849/2179 1803/1850/1800 1807/1851/1804
f 2197/1849/2179 1806/1852/1803 2030/1853/2022
f 1857/1854/1852 1801/1855/1798 1767/1826/1764
f 2194/1856/2176 1797/1857/1794 1815/1858/1812
f 2104/1859/2092 2023/1860/2015 1900/1861/1893
f 2149/1862/2134 2132/1863/2118 1865/1864/1859
f 2106/1865/2094 2018/1866/2010 2130/1867/2116
f 2148/1868/2133 2032/1869/2023 1893/1870/1886
f 1893/1870/1886 2032/1869/2023 2189/1871/2171
f 2094/1872/2082 1902/1873/1895 1915/1874/1908
f 1802/1875/1799 1835/1876/1831 1925/1877/1918
f 3/126/3 2074/1878/2063 1971/1879/1964
f 1829/1880/1825 1832/1881/1828 1752/1882/1749
f 1752/1882/1749 1832/1881/1828 1830/1883/1826
f 2/1884/2 1866/1830/1860 1765/1885/1762
f 1799/1833/1796 1776/1886/1773 2072/1887/2061
f 1808/1848/1805 1809/1888/1806 1828/1811/1824
f 2077/1819/2066 1834/1838/1830 2190/1889/2172
f 1836/1890/1832 1829/1880/1825 2076/1891/2065
f 1953/1892/1946 1832/1881/1828 1836/1890/1832
f 1/1893/1 1841/1894/1837 1765/1885/1762
f 2105/1895/2093 1839/1896/1835 2027/1897/2019
f 1907/1846/1900 1808/1848/1805 1772/1898/1769
f 1749/1899/1746 2197/1849/2179 1756/1900/1753
f 1804/1824/1801 2027/1897/2019 1926/1901/1919
f 1806/1852/1803 2197/1849/2179 1838/1825/1834
f 1939/1902/1932 1840/1903/1836 1961/1904/1954
f 1964/1905/1957 1860/1906/1855 2078/1907/2067
f 2159/1908/2143 2075/1822/2064 2085/1307/2073
f 1770/1909/1767 2041/1910/2032 2064/1911/2054
f 2147/1912/2132 2044/1913/2035 2068/1914/2058
f 1764/1816/1761 1860/1906/1855 1851/1817/1846
f 2198/1915/2180 1950/1916/1943 1965/1917/1958
f 2042/1918/2033 1942/1802/1935 1848/1799/1844
f 1795/1800/1792 2047/1919/2038 1853/1920/1848
f 1797/1857/1794 1939/1902/1932 1961/1904/1954
f 1771/1921/1768 2160/1922/2144 1960/1923/1953
f 1785/1924/1782 2089/1925/2077 2008/1926/2000
f 1930/1806/1923 1870/1927/1864 1945/1928/1938
f 2073/1929/2062 9/1930/9 10/19/10
f 1794/1839/1791 2172/1931/2154 2181/1794/2163
f 2083/1932/2071 1995/1933/1987 2074/1878/2063
f 2080/1934/2069 2079/1935/2068 1812/1936/1809
f 2073/1929/2062 1852/1832/1847 2193/1937/2175
f 2045/1938/2036 1785/1924/1782 2008/1926/2000
f 1904/1939/1897 1784/1828/1781 1866/1830/1860
f 1981/1940/1973 2130/1867/2116 1977/1941/1969
f 2023/1860/2015 1918/1942/1911 1910/1943/1903
f 2150/1944/2135 2095/1945/2083 2004/1946/1996
f 1815/1858/1812 1957/1947/1950 1889/1948/1882
f 2003/1949/1995 2064/1911/2054 2097/1950/2085
f 2071/1951/2060 1847/1815/1843 2138/1952/2124
f 1797/1857/1794 1957/1947/1950 1815/1858/1812
f 1820/1953/1817 1896/1954/1889 1824/1955/1820
f 2036/1956/2027 1817/1957/1814 1996/1958/1988
f 2110/1959/2097 2149/1862/2134 1980/1960/1972
f 1969/1961/1962 1920/1962/1913 1827/1963/1823
f 2112/1964/2099 2106/1865/2094 1981/1940/1973
f 2080/1934/2069 2064/1911/2054 1868/1965/1862
f 1875/1966/1869 2074/1878/2063 3/126/3
f 1756/1900/1753 1825/1967/1821 1907/1846/1900
f 1765/1885/1762 2124/1968/2110 1/1893/1
f 2096/1969/2084 1883/1970/1876 1901/1971/1894
f 1891/1972/1884 1998/1973/1990 2105/1895/2093
f 2160/1922/2144 2133/1974/2119 2188/1975/2170
f 1892/1976/1885 2128/1977/2114 1777/1829/1774
f 2006/1978/1998 1814/1979/1811 1890/1980/1883
f 1996/1958/1988 1892/1976/1885 1777/1829/1774
f 2105/1895/2093 2013/1981/2005 2122/1982/2108
f 1892/1976/1885 1878/1983/1872 1818/1984/1815
f 1876/1985/1870 7/129/7 1788/128/1785
f 2161/1986/2145 1982/1987/1974 2092/1988/2080
f 2072/1887/2061 1890/1980/1883 1939/1902/1932
f 1876/1985/1870 3/126/3 7/129/7
f 2165/1989/2148 1/1893/1 2124/1968/2110
f 2072/1887/2061 1939/1902/1932 1797/1857/1794
f 2105/1895/2093 2122/1982/2108 1839/1896/1835
f 1807/1851/1804 1803/1850/1800 1928/1847/1921
f 1860/1906/1855 1890/1980/1883 1851/1817/1846
f 1866/1830/1860 2131/1990/2117 1856/1991/1851
f 2095/1945/2083 1960/1923/1953 1798/1790/1795
f 2047/1919/2038 2152/1992/2137 1951/1993/1944
f 1921/1994/1914 1975/1995/1968 6/1996/6
f 1895/1997/1888 1969/1961/1962 1824/1955/1820
f 1966/1998/1959 1985/1844/1977 2062/1999/2052
f 1978/2000/1970 2036/1956/2027 2126/2001/2112
f 1956/2002/1949 1952/2003/1945 1986/2004/1978
f 1865/1864/1859 2055/2005/2045 2023/1860/2015
f 1863/2006/1857 2022/2007/2014 2012/2008/2004
f 1915/1874/1908 9/1930/9 2073/1929/2062
f 1949/6/1942 1995/1933/1987 2083/1932/2071
f 1949/6/1942 2064/1911/2054 2080/1934/2069
f 1965/1917/1958 2007/2009/1999 2009/2010/2001
f 1951/1993/1944 2038/2011/2029 1777/1829/1774
f 2156/2012/2140 2066/2013/2056 2019/2014/2011
f 2050/2015/2041 1936/2016/1929 2174/2017/2156
f 1996/1958/1988 1951/1993/1944 1777/1829/1774
f 2130/1867/2116 2049/2018/2040 1935/2019/1928
f 2054/2020/2044 1964/1905/1957 1936/2016/1929
f 2073/1929/2062 2145/2021/2130 1885/2022/1878
f 1864/1845/1858 1966/1998/1959 2013/1981/2005
f 2036/1956/2027 2137/2023/2123 1931/2024/1924
f 2069/2025/2059 1981/1940/1973 1977/1941/1969
f 2091/2026/2079 2150/1944/2135 2004/1946/1996
f 1961/1904/1954 1840/1903/1836 1998/1973/1990
f 1921/1994/1914 1973/2027/1966 2017/2028/2009
f 1804/1824/1801 1926/1901/1919 1892/1976/1885
f 2028/2029/2020 1924/2030/1917 1947/2031/1940
f 1816/2032/1813 1923/2033/1916 2097/1950/2085
f 1766/15/1763 1923/2033/1916 1816/2032/1813
f 2025/9/2017 2118/127/2104 19/16/19
f 2094/1872/2082 1975/1995/1968 1826/2034/1822
f 2120/2035/2106 2028/2029/2020 1789/2036/1786
f 1993/2037/1985 2028/2029/2020 2120/2035/2106
f 2096/1969/2084 2030/1853/2022 2136/2038/2122
f 2136/2038/2122 2030/1853/2022 2046/2039/2037
f 2096/1969/2084 1999/2040/1991 2030/1853/2022
f 1921/1994/1914 2017/2028/2009 1909/2041/1902
f 2125/2042/2111 2043/2043/2034 2124/1968/2110
f 2126/2001/2112 2137/2023/2123 2036/1956/2027
f 1840/1903/1836 2013/1981/2005 2105/1895/2093
f 1940/1814/1933 1974/1813/1967 1978/2000/1970
f 1830/1883/1826 1960/1923/1953 2095/1945/2083
f 1781/1831/1778 1996/1958/1988 1777/1829/1774
f 2064/1911/2054 2003/1949/1995 1907/1846/1900
f 2129/2044/2115 2039/2045/2030 1953/1892/1946
f 1797/1857/1794 1961/1904/1954 1957/1947/1950
f 2174/2017/2156 1850/2046/1845 1942/1802/1935
f 2139/2047/2125 2054/2020/2044 2050/2015/2041
f 1977/1941/1969 2140/2048/2126 2066/2013/2056
f 2173/2049/2155 2156/2012/2140 2116/2050/2102
f 2036/1956/2027 1781/1831/1778 2126/2001/2112
f 2128/1977/2114 2171/2051/2153 2042/1918/2033
f 2141/2052/2127 2065/2053/2055 2154/2054/2138
f 1995/1933/1987 1949/6/1942 1971/1879/1964
f 2012/2008/2004 2022/2007/2014 2101/2055/2089
f 2018/1866/2010 2160/1922/2144 2049/2018/2040
f 1956/2002/1949 1986/2004/1978 2114/2056/2101
f 1986/2004/1978 2063/2057/2053 2067/2058/2057
f 2116/2050/2102 2019/2014/2011 2068/1914/2058
f 1978/2000/1970 2126/2001/2112 1904/1939/1897
f 2062/1999/2052 1984/2059/1976 2163/2060/2147
f 2098/2061/2086 2007/2009/1999 2113/2062/2100
f 2113/2062/2100 2069/2025/2059 2109/2063/2096
f 1965/1917/1958 2069/2025/2059 2007/2009/1999
f 1959/2064/1952 1939/1902/1932 1984/2059/1976
f 2138/1952/2124 2151/2065/2136 1983/2066/1975
f 1951/1993/1944 2015/2067/2007 2200/2068/2182
f 1933/2069/1926 2129/2044/2115 2024/2070/2016
f 1937/2071/1930 2042/1918/2033 1963/2072/1956
f 1943/2073/1936 2048/2074/2039 1962/2075/1955
f 2006/1978/1998 1890/1980/1883 1964/1905/1957
f 1962/2075/1955 2048/2074/2039 1937/2071/1930
f 1839/1896/1835 2122/1982/2108 2000/2076/1992
f 2161/1986/2145 1919/2077/1912 1982/1987/1974
f 1756/1900/1753 2003/1949/1995 1779/1823/1776
f 1850/2046/1845 2026/1803/2018 1942/1802/1935
f 1928/1847/1921 2068/1914/2058 2045/1938/2036
f 2060/2078/2050 2029/2079/2021 2033/2080/2024
f 1927/2081/1920 2029/2079/2021 2060/2078/2050
f 1923/2033/1916 1766/15/1763 2097/1950/2085
f 1939/1902/1932 1890/1980/1883 1879/2082/1873
f 2197/1849/2179 1999/2040/1991 1927/2081/1920
f 1933/2069/1926 2039/2045/2030 2129/2044/2115
f 1954/2083/1947 2103/2084/2091 2/1884/2
f 2013/1981/2005 2163/2060/2147 2170/2085/2152
f 2131/1990/2117 1912/2086/1905 1979/2087/1971
f 1964/1905/1957 2078/1907/2067 1944/2088/1937
f 2066/2013/2056 1935/2019/1928 2068/1914/2058
f 2114/2056/2101 2067/2058/2057 2015/2067/2007
f 2057/2089/2047 2160/1922/2144 2111/2090/2098
f 1992/2091/1984 2051/4/2042 4/2/4
f 1789/2036/1786 2158/2092/2142 11/8/11
f 1800/2093/1797 1989/2094/1981 1787/2095/1784
f 1800/2093/1797 1989/2094/1981 2087/2096/2075
f 1800/2093/1797 2087/2096/2075 1947/2031/1940
f 1988/18/1980 7/129/7 12/11/12
f 1988/18/1980 1791/2097/1788 7/129/7
f 1988/18/1980 1990/2098/1982 1791/2097/1788
f 1949/6/1942 2083/1932/2071 1875/1966/1869
f 1929/2099/1922 2081/1835/2070 1831/2100/1827
f 2035/2101/2026 1772/1898/1769 2159/1908/2143
f 1935/2019/1928 1785/1924/1782 2068/1914/2058
f 2183/5/2165 2058/2102/2048 2124/1968/2110
f 1842/2103/1838 1908/1836/1901 1835/1876/1831
f 1771/1921/1768 1785/1924/1782 1935/2019/1928
f 1780/2104/1777 1836/1890/1832 2076/1891/2065
f 2168/2105/2150 2077/1819/2066 2190/1889/2172
f 2191/1798/2173 1970/1791/1963 2188/1975/2170
f 2168/2105/2150 2190/1889/2172 2187/2106/2169
f 2072/1887/2061 2008/1926/2000 1890/1980/1883
f 1812/1936/1809 2079/1935/2068 1903/2107/1896
f 1832/1881/1828 1786/2108/1783 1830/1883/1826
f 1765/1885/1762 1866/1830/1860 1777/1829/1774
f 2124/1968/2110 1765/1885/1762 2125/2042/2111
f 1793/2109/1790 2117/2110/2103 9/1930/9
f 2142/2111/2128 2165/1989/2148 2058/2102/2048
f 2080/1934/2069 1868/1965/1862 1772/1898/1769
f 2033/2080/2024 2169/2112/2151 2068/1914/2058
f 2056/2113/2046 2171/2051/2153 2128/1977/2114
f 1910/1943/1903 2146/2114/2131 2171/2051/2153
f 1912/2086/1905 1904/1939/1897 2162/2115/2146
f 1978/2000/1970 1904/1939/1897 2131/1990/2117
f 1908/1836/1901 1978/2000/1970 1909/2041/1902
f 2055/2005/2045 2006/1978/1998 2139/2047/2125
f 1920/1962/1913 2109/2063/2096 1917/2116/1910
f 1916/2117/1909 2144/2118/2120 2134/2119/2120
f 2158/2092/2142 1947/2031/1940 2021/2120/2013
f 2081/1835/2070 2094/1872/2082 1885/2022/1878
f 1971/1879/1964 2080/1934/2069 2035/2101/2026
f 2141/2052/2127 2154/2054/2138 1863/2006/1857
f 2193/1937/2175 2107/2121/2095 2145/2021/2130
f 1886/2122/1879 1903/2107/1896 2035/2101/2026
f 1896/1954/1889 2098/2061/2086 1895/1997/1888
f 2126/2001/2112 1784/1828/1781 1904/1939/1897
f 1917/2116/1910 2173/2049/2155 2116/2050/2102
f 2023/1860/2015 2155/2123/2139 2174/2017/2156
f 2091/2026/2079 2004/1946/1996 1919/2077/1912
f 1974/1813/1967 1817/1957/1814 1978/2000/1970
f 1901/1971/1894 1827/1963/1823 2147/1912/2132
f 1880/2124/1874 2136/2038/2122 1877/2125/1871
f 1881/2126/1875 2136/2038/2122 1880/2124/1874
f 2172/1931/2154 2087/2096/2075 1876/1985/1870
f 1816/2032/1813 2097/1950/2085 2064/1911/2054
f 1826/2034/1822 1921/1994/1914 2103/2084/2091
f 2087/2096/2075 3/126/3 1876/1985/1870
f 2142/2111/2128 2058/2102/2048 2051/4/2042
f 1994/2127/1986 2188/1975/2170 2040/2128/2031
f 2024/2070/2016 1906/2129/1899 2175/2130/2157
f 2150/1944/2135 1780/2104/1777 2084/2131/2072
f 2048/2074/2039 2128/1977/2114 2042/1918/2033
f 1919/2077/1912 2004/1946/1996 2168/2105/2150
f 1766/15/1763 2003/1949/1995 2097/1950/2085
f 2119/2132/2105 1891/1972/1884 2027/1897/2019
f 2170/2085/2152 2104/1859/2092 2166/2133/2149
f 2148/1868/2133 1900/1861/1893 2032/1869/2023
f 1950/1916/1943 2040/2128/2031 2106/1865/2094
f 2064/1911/2054 2041/1910/2032 1868/1965/1862
f 2143/2134/2129 1954/2083/1947 2052/2135/2043
f 1921/1994/1914 1826/2034/1822 1975/1995/1968
f 2068/1914/2058 1785/1924/1782 2045/1938/2036
f 2145/2021/2130 2107/2121/2095 1940/1814/1933
f 2032/1869/2023 1910/1943/1903 2056/2113/2046
f 2132/1863/2118 1894/2136/1887 2055/2005/2045
f 2067/2058/2057 2161/1986/2145 2015/2067/2007
f 2021/2120/2013 2172/1931/2154 1794/1839/1791
f 2159/1908/2143 2085/1307/2073 19/16/19
f 2021/2120/2013 1788/128/1785 1987/2137/1979
f 2000/2076/1992 2166/2133/2149 2121/2138/2107
f 2001/2139/1993 2194/1856/2176 2201/2140/2183
f 2089/1925/2077 1785/1924/1782 1830/1883/1826
f 1765/1885/1762 2191/1798/2173 2188/1975/2170
f 1951/1993/1944 2200/2068/2182 2038/2011/2029
f 1890/1980/1883 2089/1925/2077 1953/1892/1946
f 1932/2141/1925 1845/2142/1841 2198/1915/2180
f 1777/1829/1774 2191/1798/2173 1765/1885/1762
f 1813/2143/1810 2195/2144/2177 1887/2145/1880
f 2027/1897/2019 1839/1896/1835 1926/1901/1919
f 1767/1826/1764 1838/1825/1834 2183/5/2165
f 1833/1837/1829 1774/1305/1771 2075/1822/2064
f 1772/1898/1769 1770/1909/1767 2064/1911/2054
f 1848/1799/1844 2182/1801/2164 1763/2146/1760
f 2077/1819/2066 1798/1790/1795 1751/2147/1748
f 1751/2147/1748 1798/1790/1795 2184/1795/2166
f 2221/2148/2203 2214/2149/2196 2215/2150/2197
f 2214/2149/2196 2236/2151/2218 2215/2150/2197
f 2229/2152/2211 2233/2153/2215 2220/2154/2202
f 2220/2154/2202 2217/2155/2199 2219/2156/2201
f 2203/2157/2185 2232/2158/2214 2229/2152/2211
f 2203/2157/2185 2231/2159/2213 2232/2158/2214
f 2218/2160/2200 1841/1894/1837 2216/2161/2198
f 2216/2161/2198 1841/1894/1837 1/1893/1
f 2223/2162/2205 2216/2161/2198 2014/2163/2006
f 2014/2163/2006 2216/2161/2198 1/1893/1
f 2014/2163/2006 1/1893/1 1884/2164/1877
f 2223/2162/2205 2014/2163/2006 2220/2154/2202
f 2205/2165/2187 2223/2162/2205 2220/2154/2202
f 2219/2156/2201 2218/2160/2200 2216/2161/2198
f 2222/2166/2204 2202/2167/2184 2224/2168/2206
f 2014/2163/2006 2/1884/2 2220/2154/2202
f 2218/2160/2200 2217/2155/2199 2/1884/2
f 2219/2156/2201 2217/2155/2199 2218/2160/2200
f 2202/2167/2184 2229/2152/2211 2219/2156/2201
f 2219/2156/2201 2229/2152/2211 2220/2154/2202
f 2224/2168/2206 2219/2156/2201 2204/2169/2186
f 2204/2169/2186 2216/2161/2198 2215/2150/2197
f 2205/2165/2187 2221/2148/2203 2223/2162/2205
f 2220/2154/2202 2213/2170/2195 2205/2165/2187
f 2223/2162/2205 2221/2148/2203 2215/2150/2197
f 2225/2171/2207 2207/2172/2189 2206/2173/2188
f 2222/2166/2204 2237/2174/2219 2221/2148/2203
f 2226/2175/2208 2206/2173/2188 2237/2174/2219
f 2228/2176/2210 2209/2177/2191 2222/2166/2204
f 2221/2148/2203 2202/2167/2184 2228/2176/2210
f 2227/2178/2209 2208/2179/2190 2228/2176/2210
f 2208/2179/2190 2209/2177/2191 2228/2176/2210
f 2229/2152/2211 2211/2180/2193 2203/2157/2185
f 2230/2181/2212 2210/2182/2192 2211/2180/2193
f 2229/2152/2211 2232/2158/2214 2233/2153/2215
f 2203/2157/2185 2213/2170/2195 2231/2159/2213
f 2232/2158/2214 2235/2183/2217 2234/2184/2216
f 2232/2158/2214 2234/2184/2216 2213/2170/2195
f 2231/2159/2213 2235/2183/2217 2232/2158/2214
f 2224/2168/2206 2204/2169/2186 2212/2185/2194
f 2226/2175/2208 2212/2185/2194 2236/2151/2218
f 2265/2186/2247 2274/2187/2256 2243/2188/2225
f 2264/2189/2246 2251/2190/2233 2263/2191/2245
f 2251/2190/2233 2261/2192/2243 2263/2191/2245
f 2240/2193/2222 2270/2194/2252 2258/2195/2240
f 2253/2196/2235 2257/2197/2239 2243/2188/2225
f 2260/2198/2242 1219/1035/1216 1312/1571/1309
f 2253/2196/2235 2255/2199/2237 2257/2197/2239
f 2257/2197/2239 2255/2199/2237 2256/2200/2238
f 1388/1616/1385 2256/2200/2238 2255/2199/2237
f 2256/2200/2238 1388/1616/1385 1356/1085/1353
f 2256/2200/2238 1356/1085/1353 1267/1063/1264
f 2257/2197/2239 2256/2200/2238 2260/2198/2242
f 2240/2193/2222 2239/2201/2221 2261/2192/2243
f 2261/2192/2243 2239/2201/2221 2257/2197/2239
f 2261/2192/2243 2257/2197/2239 2238/2202/2220
f 2260/2198/2242 1267/1063/1264 1219/1035/1216
f 2257/2197/2239 2262/2203/2244 2243/2188/2225
f 2253/2196/2235 2242/2204/2224 2255/2199/2237
f 2242/2204/2224 2259/2205/2241 2255/2199/2237
f 2264/2189/2246 2238/2202/2220 2259/2205/2241
f 2265/2186/2247 2266/2206/2248 2245/2207/2227
f 2265/2186/2247 2267/2208/2249 2244/2209/2226
f 2267/2208/2249 2266/2206/2248 2276/2210/2258
f 2269/2211/2251 2247/2212/2229 2276/2210/2258
f 2262/2203/2244 2239/2201/2221 2269/2211/2251
f 2268/2213/2250 2246/2214/2228 2269/2211/2251
f 2246/2214/2228 2247/2212/2229 2269/2211/2251
f 2248/2215/2230 2250/2216/2232 2258/2195/2240
f 2258/2195/2240 2250/2216/2232 2240/2193/2222
f 2240/2193/2222 2261/2192/2243 2271/2217/2253
f 2251/2190/2233 2272/2218/2254 2271/2217/2253
f 2271/2217/2253 2273/2219/2255 2270/2194/2252
f 2244/2209/2226 2275/2220/2257 2252/2221/2234
f 2244/2209/2226 2274/2187/2256 2265/2186/2247
f 2244/2209/2226 2252/2221/2234 2274/2187/2256
f 2117/2110/2103 1988/18/1980 1792/2222/1789 9/1930/9
f 2186/1810/2168 1794/1839/1791 1775/1842/1772 2181/1794/2163
f 1991/2223/1983 8/2224/8 1789/2036/1786
f 1838/1825/1834 2197/1849/2179 1749/1899/1746
f 1991/2223/1983 1791/2097/1788 1990/2098/1982
f 1828/1811/1824 2186/1810/2168 2185/1821/2167
f 1836/1890/1832 1832/1881/1828 1829/1880/1825
f 1791/2097/1788 1776/1886/1773 1799/1833/1796
f 2118/127/2104 2159/1908/2143 19/16/19
f 10/19/10 1750/1308/1747 2176/1793/2158
f 12/11/12 21/24/21 2086/17/2074
f 1776/1886/1773 1794/1839/1791 1796/1840/1793
f 2185/1821/2167 1750/1308/1747 1774/1305/1771
f 2177/1820/2159 2179/2225/2161 1755/1841/1752 1759/1818/1756
f 1754/1792/1751 2178/1797/2160 2180/2226/2162 1758/2227/1755
f 1779/1823/1776 1838/1825/1834 1749/1899/1746 1756/1900/1753
f 1796/1840/1793 1757/1812/1754 2008/1926/2000
f 2179/2225/2161 2190/1889/2172 1834/1838/1830 1755/1841/1752
f 1846/2228/1842 1855/2229/1850 1778/2230/1775 1763/2146/1760
f 1794/1839/1791 2186/1810/2168 1757/1812/1754
f 2073/1929/2062 7/129/7 1799/1833/1796
f 1845/2142/1841 1762/2231/1759 1950/1916/1943
f 1890/1980/1883 2008/1926/2000 2089/1925/2077
f 1758/2227/1755 2180/2226/2162 2184/1795/2166 1773/1796/1770
f 1783/1804/1780 1769/2232/1766 1760/1805/1757
f 1757/1812/1754 1828/1811/1824 1809/1888/1806
f 1941/1809/1934 1922/1808/1915 1974/1813/1967
f 1772/1898/1769 2064/1911/2054 1907/1846/1900
f 2185/1821/2167 2186/1810/2168 2181/1794/2163 1750/1308/1747
f 1775/1842/1772 1794/1839/1791 1776/1886/1773
f 1775/1842/1772 1776/1886/1773 1791/2097/1788 7/129/7
f 2077/1819/2066 2095/1945/2083 1798/1790/1795
f 1776/1886/1773 1796/1840/1793 2008/1926/2000
f 2187/2106/2169 2196/2233/2178 1982/1987/1974 2168/2105/2150
f 1783/1804/1780 1762/2231/1759 1769/2232/1766
f 2183/5/2165 1838/1825/1834 1779/1823/1776
f 1832/1881/1828 1953/1892/1946 1786/2108/1783
f 2088/1834/2076 1799/1833/1796 2072/1887/2061
f 1874/2234/1868 1947/2031/1940 1924/2030/1917 1790/3/1787
f 1808/1848/1805 2045/1938/2036 1809/1888/1806
f 1971/1879/1964 2074/1878/2063 1995/1933/1987
f 1991/2223/1983 7/129/7 1791/2097/1788
f 1758/2227/1755 1773/1796/1770 1798/1790/1795
f 1848/1799/1844 1942/1802/1935 1795/1800/1792
f 1758/2227/1755 1798/1790/1795 1754/1792/1751
f 1799/1833/1796 7/129/7 1791/2097/1788
f 1883/1970/1876 2195/2144/2177 1820/1953/1817 1824/1955/1820
f 1924/2030/1917 1948/1/1941 1790/3/1787
f 2030/1853/2022 1806/1852/1803 1805/2235/1802
f 1840/1903/1836 1810/1843/1807 1864/1845/1858
f 2008/1926/2000 1757/1812/1754 1809/1888/1806
f 2128/1977/2114 1892/1976/1885 1818/1984/1815
f 1894/2136/1887 1819/2236/1816 1814/1979/1811
f 1764/1816/1761 2071/1951/2060 2078/1907/2067 1860/1906/1855
f 1813/2143/1810 1820/1953/1817 2195/2144/2177
f 1899/2237/1892 1826/2034/1822 2103/2084/2091
f 1771/1921/1768 1830/1883/1826 1785/1924/1782
f 2072/1887/2061 1776/1886/1773 2008/1926/2000
f 1767/1826/1764 2183/5/2165 2124/1968/2110 1857/1854/1852
f 2191/1798/2173 1754/1792/1751 1970/1791/1963
f 2076/1891/2065 1829/1880/1825 1752/1882/1749
f 1780/2104/1777 1953/1892/1946 1836/1890/1832
f 1837/1827/1833 1805/2235/1802 1806/1852/1803 1838/1825/1834
f 1767/1826/1764 1801/1855/1798 1805/2235/1802 1837/1827/1833
f 1861/2238/1853 1858/2239/1853 1760/1805/1757 1769/2232/1766
f 1939/1902/1932 1810/1843/1807 1840/1903/1836
f 2071/1951/2060 1764/1816/1761 1847/1815/1843
f 1868/1965/1862 2041/1910/2032 1770/1909/1767
f 1981/1940/1973 2106/1865/2094 2130/1867/2116
f 1980/1960/1972 2149/1862/2134 1865/1864/1859
f 1768/2240/1765 1761/2241/1758 1859/2242/1854 1849/2243/1765
f 1761/2241/1758 1844/2244/1840 1869/2245/1863 1859/2242/1854
f 1944/2088/1937 1850/2046/1845 1936/2016/1929 1964/1905/1957
f 1762/2231/1759 1845/2142/1841 1862/2246/1856
f 1864/1845/1858 1985/1844/1977 1966/1998/1959
f 1808/1848/1805 1928/1847/1921 2045/1938/2036
f 1810/1843/1807 1959/2064/1952 1985/1844/1977
f 2160/1922/2144 1771/1921/1768 1935/2019/1928
f 1797/1857/1794 1938/2247/1931 2072/1887/2061
f 1795/1800/1792 2026/1803/2018 2047/1919/2038
f 1850/2046/1845 1944/2088/1937 1934/2248/1927
f 1851/1817/1846 1953/1892/1946 1933/2069/1926 1847/1815/1843
f 1934/2248/1927 1952/2003/1945 1956/2002/1949
f 1934/2248/1927 2138/1952/2124 1952/2003/1945
f 1854/2249/1849 1855/2229/1850 1951/1993/1944
f 1953/1892/1946 1851/1817/1846 1890/1980/1883
f 1780/2104/1777 1830/1883/1826 2095/1945/2083
f 1914/2250/1907 1902/1873/1895 2094/1872/2082 1872/2251/1866
f 1772/1898/1769 1868/1965/1862 1770/1909/1767
f 1850/2046/1845 1934/2248/1927 1956/2002/1949
f 2174/2017/2156 1936/2016/1929 1850/2046/1845
f 2066/2013/2056 2140/2048/2126 1935/2019/1928
f 1931/2024/1924 1844/2244/1840 1854/2249/1849
f 1950/1916/1943 1762/2231/1759 1783/1804/1780
f 1855/2229/1850 1846/2228/1842 1951/1993/1944
f 2042/1918/2033 2174/2017/2156 1942/1802/1935
f 2198/1915/2180 1845/2142/1841 1950/1916/1943
f 9/1930/9 1873/2252/1867 1871/2253/1865
f 1988/18/1980 2086/17/2074 13/20/13 1792/2222/1789
f 1885/2022/1878 2094/1872/2082 1915/1874/1908
f 1871/2253/1865 5/2254/5 8/2224/8 9/1930/9
f 1991/2223/1983 12/11/12 7/129/7
f 1792/2222/1789 13/20/13 10/19/10 9/1930/9
f 2056/2113/2046 2128/1977/2114 2189/1871/2171 2032/1869/2023
f 1823/2255/1819 1898/2256/1891 1916/2117/1909
f 1812/1936/1809 1903/2107/1896 1886/2122/1879
f 1896/1954/1889 1820/1953/1817 1813/2143/1810 1905/2257/1898
f 1912/2086/1905 1904/1939/1897 1866/1830/1860 1856/1991/1851
f 1786/2108/1783 1953/1892/1946 2089/1925/2077
f 1824/1955/1820 1896/1954/1889 1895/1997/1888
f 1777/1829/1774 1765/1885/1762 1994/2127/1986
f 1889/1948/1882 1957/1947/1950 1888/2258/1881
f 2044/1913/2035 2116/2050/2102 2068/1914/2058
f 1827/1963/1823 1920/1962/1913 1917/2116/1910
f 1865/1864/1859 2132/1863/2118 2055/2005/2045
f 1782/2259/1779 1906/2129/1899 1953/1892/1946
f 1777/1829/1774 1994/2127/1986 1783/1804/1780
f 2132/1863/2118 1819/2236/1816 1894/2136/1887
f 2175/2130/2157 2150/1944/2135 2091/2026/2079
f 1825/1967/1821 1928/1847/1921 1907/1846/1900
f 1909/2041/1902 1978/2000/1970 2131/1990/2117
f 1888/2258/1881 2119/2132/2105 2002/2260/1994 1889/1948/1882
f 2169/2112/2151 2147/1912/2132 2068/1914/2058
f 1900/1861/1893 2023/1860/2015 1910/1943/1903
f 2104/1859/2092 2170/2085/2152 2023/1860/2015
f 1969/1961/1962 1895/1997/1888 1920/1962/1913
f 1915/1874/1908 1902/1873/1895 2123/2261/2109
f 2136/2038/2122 1911/2262/1904 1877/2125/1871
f 2166/2133/2149 2148/1868/2133 1893/1870/1886
f 1819/2236/1816 2132/1863/2118 2149/1862/2134 1879/2082/1873
f 2106/1865/2094 2040/2128/2031 2018/1866/2010
f 2148/1868/2133 2104/1859/2092 1900/1861/1893
f 2004/1946/1996 2095/1945/2083 2168/2105/2150
f 1756/1900/1753 1907/1846/1900 2003/1949/1995
f 2016/2263/2008 1960/1923/1953 2160/1922/2144
f 2119/2132/2105 1888/2258/1881 1891/1972/1884
f 1905/2257/1898 1897/2264/1890 2100/2265/2088 2127/2266/2113
f 1885/2022/1878 2145/2021/2130 2081/1835/2070
f 2096/1969/2084 2195/2144/2177 1883/1970/1876
f 2006/1978/1998 1894/2136/1887 1814/1979/1811
f 1996/1958/1988 1817/1957/1814 1892/1976/1885
f 1890/1980/1883 1814/1979/1811 1819/2236/1816 1879/2082/1873
f 1880/2124/1874 1821/2267/1818 1822/2268/1818 1881/2126/1875
f 1788/128/1785 2181/1794/2163 2172/1931/2154 1876/1985/1870
f 8/2224/8 2120/2035/2106 1789/2036/1786
f 1782/2259/1779 2150/1944/2135 2175/2130/2157 1906/2129/1899
f 2150/1944/2135 1782/2259/1779 1780/2104/1777
f 1875/1966/1869 3/126/3 1790/3/1787 1949/6/1942
f 1826/2034/1822 1811/2269/1808 1872/2251/1866 2094/1872/2082
f 1790/3/1787 4/2/4 2051/4/2042 1949/6/1942
f 1843/2270/1839 2165/1989/2148 2142/2111/2128
f 2088/1834/2076 1938/2247/1931 2193/1937/2175 1852/1832/1847
f 1933/2069/1926 2151/2065/2136 2138/1952/2124 1847/1815/1843
f 2192/2271/2174 1853/1920/1848 1951/1993/1944
f 1928/1847/1921 1825/1967/1821 2197/1849/2179 1807/1851/1804
f 1853/1920/1848 2047/1919/2038 1951/1993/1944
f 1939/1902/1932 1959/2064/1952 1810/1843/1807
f 2002/2260/1994 1753/1807/1750 1941/1809/1934 1958/2272/1951
f 1860/1906/1855 1964/1905/1957 1890/1980/1883
f 1866/1830/1860 1909/2041/1902 2131/1990/2117
f 1913/2273/1906 2114/2056/2101 2152/1992/2137
f 1798/1790/1795 1960/1923/1953 1970/1791/1963
f 2168/2105/2150 2095/1945/2083 2077/1819/2066
f 1969/1961/1962 1827/1963/1823 1883/1970/1876 1824/1955/1820
f 2165/1989/2148 1843/2270/1839 1867/2274/1861 1972/2275/1965
f 1901/1971/1894 1883/1970/1876 1827/1963/1823
f 2197/1849/2179 1927/2081/1920 1803/1850/1800
f 1756/1900/1753 2197/1849/2179 1825/1967/1821
f 1873/2252/1867 9/1930/9 1915/1874/1908 1946/2276/1939
f 2069/2025/2059 2112/1964/2099 1981/1940/1973
f 2102/2277/2090 2062/1999/2052 2013/1981/2005
f 1978/2000/1970 1817/1957/1814 2036/1956/2027
f 2138/1952/2124 1983/2066/1975 1952/2003/1945
f 2018/1866/2010 2111/2090/2098 2160/1922/2144
f 2049/2018/2040 2160/1922/2144 1935/2019/1928
f 2118/127/2104 3/126/3 2159/1908/2143
f 2073/1929/2062 2193/1937/2175 2145/2021/2130
f 1945/1928/1938 2141/2052/2127 1783/1804/1780 1930/1806/1923
f 2158/2092/2142 2028/2029/2020 1947/2031/1940
f 1955/2278/1948 1975/1995/1968 1997/2279/1989
f 1996/1958/1988 2036/1956/2027 1931/2024/1924 1854/2249/1849
f 2141/2052/2127 1945/1928/1938 2065/2053/2055
f 2171/2051/2153 2174/2017/2156 2042/1918/2033
f 1994/2127/1986 1950/1916/1943 1783/1804/1780
f 1892/1976/1885 1817/1957/1814 1974/1813/1967 1804/1824/1801
f 2130/1867/2116 1935/2019/1928 2140/2048/2126
f 2050/2015/2041 2054/2020/2044 1936/2016/1929
f 2155/2123/2139 2050/2015/2041 2174/2017/2156
f 2039/2045/2030 1933/2069/1926 1953/1892/1946
f 1996/1958/1988 1854/2249/1849 1951/1993/1944
f 2054/2020/2044 2006/1978/1998 1964/1905/1957
f 2198/1915/2180 1965/1917/1958 2009/2010/2001
f 1840/1903/1836 1864/1845/1858 2013/1981/2005
f 1915/1874/1908 2073/1929/2062 1885/2022/1878
f 2124/1968/2110 2043/2043/2034 1857/1854/1852
f 2035/2101/2026 3/126/3 1971/1879/1964
f 1925/1877/1918 1835/1876/1831 1909/2041/1902
f 1999/2040/1991 2197/1849/2179 2030/1853/2022
f 1948/1/1941 1924/2030/1917 2028/2029/2020 1993/2037/1985
f 1835/1876/1831 1908/1836/1901 1909/2041/1902
f 1909/2041/1902 2017/2028/2009 1967/2280/1960 1925/1877/1918
f 4/2/4 1948/1/1941 1993/2037/1985 1992/2091/1984
f 1865/1864/1859 2023/1860/2015 2170/2085/2152 1980/1960/1972
f 1997/2279/1989 1975/1995/1968 2094/1872/2082
f 1949/6/1942 1766/15/1763 2064/1911/2054
f 1816/2032/1813 2064/1911/2054 1766/15/1763
f 1892/1976/1885 1926/1901/1919 2000/2076/1992
f 2125/2042/2111 2135/2281/2121 2043/2043/2034
f 1998/1973/1990 1840/1903/1836 2105/1895/2093
f 2109/2063/2096 2069/2025/2059 1977/1941/1969
f 2147/1912/2132 1827/1963/1823 2044/1913/2035
f 2009/2010/2001 2098/2061/2086 2127/2266/2113 2199/2282/2181
f 2135/2281/2121 1765/1885/1762 2043/2043/2034
f 1908/1836/1901 1940/1814/1933 1978/2000/1970
f 2013/1981/2005 1966/1998/1959 2102/2277/2090
f 2130/1867/2116 2018/1866/2010 2049/2018/2040
f 2084/2131/2072 1780/2104/1777 2095/1945/2083
f 2150/1944/2135 2084/2131/2072 2095/1945/2083
f 2155/2123/2139 2139/2047/2125 2050/2015/2041
f 2156/2012/2140 1977/1941/1969 2066/2013/2056
f 2116/2050/2102 2156/2012/2140 2019/2014/2011
f 2036/1956/2027 1996/1958/1988 1781/1831/1778
f 2098/2061/2086 2009/2010/2001 2007/2009/1999
f 2005/2283/1997 2099/2284/2087 2108/2285/2012 2020/2286/2012
f 2107/2121/2095 2193/1937/2175 1938/2247/1931
f 2116/2050/2102 2044/1913/2035 1827/1963/1823 1917/2116/1910
f 1971/1879/1964 1949/6/1942 2080/1934/2069
f 2093/2287/2081 2103/2084/2091 1954/2083/1947
f 1789/2036/1786 2028/2029/2020 2158/2092/2142
f 1947/2031/1940 2087/2096/2075 2172/1931/2154
f 2033/2080/2024 1803/1850/1800 1927/2081/1920 2060/2078/2050
f 2114/2056/2101 1986/2004/1978 2067/2058/2057
f 2019/2014/2011 2066/2013/2056 2068/1914/2058
f 2139/2047/2125 2006/1978/1998 2054/2020/2044
f 2171/2051/2153 2146/2114/2131 2174/2017/2156
f 2102/2277/2090 1966/1998/1959 2062/1999/2052
f 2170/2085/2152 2110/1959/2097 1980/1960/1972
f 2062/1999/2052 1985/1844/1977 1984/2059/1976
f 1928/1847/1921 2033/2080/2024 2068/1914/2058
f 2113/2062/2100 2007/2009/1999 2069/2025/2059
f 2081/1835/2070 2145/2021/2130 1940/1814/1933
f 2071/1951/2060 1934/2248/1927 1944/2088/1937 2078/1907/2067
f 2040/2128/2031 2188/1975/2170 2018/1866/2010
f 1951/1993/1944 2152/1992/2137 2015/2067/2007
f 2058/2102/2048 2165/1989/2148 2124/1968/2110
f 2059/2288/2049 1983/2066/1975 2151/2065/2136 2024/2070/2016
f 1950/1916/1943 1994/2127/1986 2040/2128/2031
f 1938/2247/1931 2088/1834/2076 2072/1887/2061
f 1884/2164/1877 1972/2275/1965 2/1884/2 2014/2163/2006
f 2151/2065/2136 1933/2069/1926 2024/2070/2016
f 1889/1948/1882 2002/2260/1994 1958/2272/1951 2201/2140/2183
f 2103/2084/2091 1909/2041/1902 2/1884/2
f 1937/2071/1930 2048/2074/2039 2042/1918/2033
f 1928/1847/1921 1803/1850/1800 2033/2080/2024
f 2035/2101/2026 2079/1935/2068 1772/1898/1769
f 2110/1959/2097 1879/2082/1873 2149/1862/2134
f 2152/1992/2137 2114/2056/2101 2015/2067/2007
f 1982/1987/1974 1919/2077/1912 2168/2105/2150
f 1970/1791/1963 2016/2263/2008 2160/1922/2144
f 2111/2090/2098 2188/1975/2170 2057/2089/2047
f 1970/1791/1963 2160/1922/2144 2188/1975/2170
f 1766/15/1763 1779/1823/1776 2003/1949/1995
f 1922/1808/1915 2119/2132/2105 2027/1897/2019
f 1970/1791/1963 1960/1923/1953 2016/2263/2008
f 2119/2132/2105 1922/1808/1915 1753/1807/1750 2002/2260/1994
f 2122/1982/2108 2013/1981/2005 2170/2085/2152
f 2001/2139/1993 1958/2272/1951 1941/1809/1934 2107/2121/2095
f 1927/2081/1920 1999/2040/1991 2029/2079/2021
f 1968/2289/1961 1946/2276/1939 2052/2135/2043 1954/2083/1947
f 2091/2026/2079 2063/2057/2053 1986/2004/1978 1952/2003/1945
f 1972/2275/1965 1884/2164/1877 2165/1989/2148
f 1940/1814/1933 2107/2121/2095 1941/1809/1934
f 1985/1844/1977 1959/2064/1952 1984/2059/1976
f 2013/1981/2005 2062/1999/2052 2163/2060/2147
f 1952/2003/1945 1983/2066/1975 2059/2288/2049
f 1934/2248/1927 2071/1951/2060 2138/1952/2124
f 1946/2276/1939 1915/1874/1908 2034/2290/2025 2052/2135/2043
f 1990/2098/1982 2117/2110/2103 1793/2109/1790 1991/2223/1983
f 11/8/11 2158/2092/2142 2021/2120/2013
f 1800/2093/1797 1874/2234/1868 1989/2094/1981
f 1947/2031/1940 1874/2234/1868 1800/2093/1797
f 11/8/11 12/11/12 1991/2223/1983 1789/2036/1786
f 1987/2137/1979 2025/9/2017 11/8/11 2021/2120/2013
f 2075/1822/2064 1808/1848/1805 1828/1811/1824 1833/1837/1829
f 2/1884/2 1909/2041/1902 1866/1830/1860
f 1886/2122/1879 2080/1934/2069 1812/1936/1809
f 1875/1966/1869 2083/1932/2071 2074/1878/2063
f 2159/1908/2143 1772/1898/1769 2075/1822/2064
f 2183/5/2165 2051/4/2042 2058/2102/2048
f 1780/2104/1777 1782/2259/1779 1953/1892/1946
f 1780/2104/1777 2076/1891/2065 1752/1882/1749
f 2073/1929/2062 1799/1833/1796 1852/1832/1847
f 1780/2104/1777 1752/1882/1749 1830/1883/1826
f 1809/1888/1806 2045/1938/2036 2008/1926/2000
f 1908/1836/1901 1842/2103/1838 1831/2100/1827 2081/1835/2070
f 9/1930/9 8/2224/8 1991/2223/1983 1793/2109/1790
f 1830/1883/1826 1786/2108/1783 2089/1925/2077
f 1886/2122/1879 2035/2101/2026 2080/1934/2069
f 1879/2082/1873 2110/1959/2097 1984/2059/1976 1939/1902/1932
f 2122/1982/2108 2170/2085/2152 2166/2133/2149
f 2109/2063/2096 1920/1962/1913 1895/1997/1888 2113/2062/2100
f 2059/2288/2049 2024/2070/2016 2175/2130/2157
f 2079/1935/2068 2080/1934/2069 1772/1898/1769
f 2147/1912/2132 2169/2112/2151 2029/2079/2021 1901/1971/1894
f 1895/1997/1888 2098/2061/2086 2113/2062/2100
f 2033/2080/2024 2029/2079/2021 2169/2112/2151
f 2110/1959/2097 2170/2085/2152 2163/2060/2147 1984/2059/1976
f 1916/2117/1909 1898/2256/1891 2101/2055/2089 2022/2007/2014
f 2056/2113/2046 1910/1943/1903 2171/2051/2153
f 1912/2086/1905 2131/1990/2117 1904/1939/1897
f 2055/2005/2045 1894/2136/1887 2006/1978/1998
f 2161/1986/2145 2091/2026/2079 1919/2077/1912
f 1913/2273/1906 1956/2002/1949 2114/2056/2101
f 2057/2089/2047 2133/1974/2119 2160/1922/2144
f 1910/1943/1903 1918/1942/1911 2146/2114/2131
f 3/126/3 2035/2101/2026 2159/1908/2143
f 2157/2291/2141 2022/2007/2014 1863/2006/1857 2154/2054/2138
f 2021/2120/2013 1947/2031/1940 2172/1931/2154
f 2081/1835/2070 1997/2279/1989 2094/1872/2082
f 2098/2061/2086 1896/1954/1889 1905/2257/1898 2127/2266/2113
f 2107/2121/2095 1938/2247/1931 2001/2139/1993
f 2156/2012/2140 2173/2049/2155 2109/2063/2096 1977/1941/1969
f 2126/2001/2112 1781/1831/1778 1784/1828/1781
f 1917/2116/1910 2109/2063/2096 2173/2049/2155
f 2139/2047/2125 2155/2123/2139 2023/1860/2015 2055/2005/2045
f 1977/1941/1969 2130/1867/2116 2140/2048/2126
f 2174/2017/2156 2146/2114/2131 1918/1942/1911 2023/1860/2015
f 1961/1904/1954 1891/1972/1884 1888/2258/1881 1957/1947/1950
f 1891/1972/1884 1961/1904/1954 1998/1973/1990
f 1906/2129/1899 2129/2044/2115 1953/1892/1946
f 2137/2023/2123 2126/2001/2112 1904/1939/1897 1912/2086/1905
f 1808/1848/1805 2075/1822/2064 1772/1898/1769
f 1878/1983/1872 1892/1976/1885 2000/2076/1992 2121/2138/2107
f 2103/2084/2091 1921/1994/1914 1909/2041/1902
f 1884/2164/1877 1/1893/1 2165/1989/2148
f 1881/2126/1875 1887/2145/1880 2096/1969/2084
f 2091/2026/2079 2161/1986/2145 2067/2058/2057 2063/2057/2053
f 1881/2126/1875 2096/1969/2084 2136/2038/2122
f 2087/2096/2075 1790/3/1787 3/126/3
f 2100/2265/2088 2011/2292/2003 2037/2293/2028 2127/2266/2113
f 2069/2025/2059 1965/1917/1958 2112/1964/2099
f 2188/1975/2170 2111/2090/2098 2018/1866/2010
f 2047/1919/2038 1913/2273/1906 2152/1992/2137
f 2200/2068/2182 2015/2067/2007 2090/2294/2078
f 2015/2067/2007 2161/1986/2145 2092/1988/2080
f 2024/2070/2016 2129/2044/2115 1906/2129/1899
f 2015/2067/2007 2092/1988/2080 2090/2294/2078
f 2100/2265/2088 2099/2284/2087 2010/2295/2002 2011/2292/2003
f 2048/2074/2039 1996/1958/1988 1777/1829/1774
f 2005/2283/1997 2010/2295/2002 2099/2284/2087
f 2048/2074/2039 1777/1829/1774 2128/1977/2114
f 1815/1858/1812 1889/1948/1882 2201/2140/2183 2194/1856/2176
f 2000/2076/1992 2122/1982/2108 2166/2133/2149
f 2057/2089/2047 2188/1975/2170 2133/1974/2119
f 2027/1897/2019 1891/1972/1884 2105/1895/2093
f 1901/1971/1894 2029/2079/2021 1999/2040/1991 2096/1969/2084
f 1850/2046/1845 1956/2002/1949 2026/1803/2018
f 2166/2133/2149 2104/1859/2092 2148/1868/2133
f 2136/2038/2122 2046/2039/2037 2061/2296/2051 2153/2297/2051
f 1915/1874/1908 2123/2261/2109 2034/2290/2025
f 2143/2134/2129 2093/2287/2081 1954/2083/1947
f 1903/2107/1896 2079/1935/2068 2035/2101/2026
f 2106/1865/2094 2112/1964/2099 1965/1917/1958 1950/1916/1943
f 2047/1919/2038 2026/1803/2018 1956/2002/1949 1913/2273/1906
f 2032/1869/2023 1900/1861/1893 1910/1943/1903
f 2175/2130/2157 2091/2026/2079 1952/2003/1945 2059/2288/2049
f 2118/127/2104 2025/9/2017 1987/2137/1979 1788/128/1785
f 1992/2091/1984 2142/2111/2128 2051/4/2042
f 2021/2120/2013 1794/1839/1791 2181/1794/2163
f 1874/2234/1868 1790/3/1787 1989/2094/1981
f 2087/2096/2075 1989/2094/1981 1790/3/1787
f 2021/2120/2013 2181/1794/2163 1788/128/1785
f 1988/18/1980 2117/2110/2103 1990/2098/1982
f 1797/1857/1794 2194/1856/2176 2001/2139/1993 1938/2247/1931
f 2190/1889/2172 1777/1829/1774 1781/1831/1778 2187/2106/2169
f 7/129/7 2073/1929/2062 10/19/10 2176/1793/2158
f 1926/1901/1919 1839/1896/1835 2000/2076/1992
f 1958/2272/1951 2001/2139/1993 2201/2140/2183
f 2127/2266/2113 2037/2293/2028 2199/2282/2181
f 1846/2228/1842 2192/2271/2174 1951/1993/1944
f 2096/1969/2084 1887/2145/1880 2195/2144/2177
f 1818/1984/1815 2189/1871/2171 2128/1977/2114
f 1963/2072/1956 2042/1918/2033 1848/1799/1844
f 1994/2127/1986 1765/1885/1762 2188/1975/2170
f 1922/1808/1915 2027/1897/2019 1804/1824/1801
f 2264/2189/2246 2242/2204/2224 2244/2209/2226 2276/2210/2258
f 1751/2147/1748 2184/1795/2166 2180/2226/2162
f 2177/1820/2159 2077/1819/2066 1751/2147/1748
f 1830/1883/1826 1771/1921/1768 1960/1923/1953
f 2214/2149/2196 2226/2175/2208 2236/2151/2218
f 2220/2154/2202 2233/2153/2215 2213/2170/2195
f 2215/2150/2197 2216/2161/2198 2223/2162/2205
f 2220/2154/2202 2/1884/2 2217/2155/2199
f 2218/2160/2200 1765/1885/1762 1841/1894/1837
f 2202/2167/2184 2222/2166/2204 2227/2178/2209
f 2219/2156/2201 2224/2168/2206 2202/2167/2184
f 2205/2165/2187 2203/2157/2185 2202/2167/2184
f 2213/2170/2195 2203/2157/2185 2205/2165/2187
f 2229/2152/2211 2202/2167/2184 2230/2181/2212
f 2226/2175/2208 2222/2166/2204 2224/2168/2206
f 2204/2169/2186 2219/2156/2201 2216/2161/2198
f 2214/2149/2196 2221/2148/2203 2225/2171/2207
f 2221/2148/2203 2237/2174/2219 2225/2171/2207
f 2218/2160/2200 2/1884/2 1765/1885/1762
f 2205/2165/2187 2202/2167/2184 2221/2148/2203
f 2226/2175/2208 2214/2149/2196 2225/2171/2207
f 2222/2166/2204 2226/2175/2208 2237/2174/2219
f 2207/2172/2189 2237/2174/2219 2206/2173/2188
f 2225/2171/2207 2237/2174/2219 2207/2172/2189
f 2226/2175/2208 2225/2171/2207 2206/2173/2188
f 2222/2166/2204 2221/2148/2203 2228/2176/2210
f 2202/2167/2184 2227/2178/2209 2228/2176/2210
f 2227/2178/2209 2222/2166/2204 2209/2177/2191
f 2227/2178/2209 2209/2177/2191 2208/2179/2190
f 2229/2152/2211 2230/2181/2212 2211/2180/2193
f 2202/2167/2184 2203/2157/2185 2230/2181/2212
f 2203/2157/2185 2210/2182/2192 2230/2181/2212
f 2203/2157/2185 2211/2180/2193 2210/2182/2192
f 2213/2170/2195 2234/2184/2216 2231/2159/2213
f 2233/2153/2215 2232/2158/2214 2213/2170/2195
f 2231/2159/2213 2234/2184/2216 2235/2183/2217
f 2212/2185/2194 2204/2169/2186 2236/2151/2218
f 2204/2169/2186 2215/2150/2197 2236/2151/2218
f 2226/2175/2208 2224/2168/2206 2212/2185/2194
f 2262/2203/2244 2265/2186/2247 2243/2188/2225
f 2264/2189/2246 2258/2195/2240 2251/2190/2233
f 2270/2194/2252 2240/2193/2222 2271/2217/2253
f 2259/2205/2241 2238/2202/2220 2254/2298/2236
f 2241/2299/2223 2254/2298/2236 2260/2198/2242
f 2260/2198/2242 2256/2200/2238 1267/1063/1264
f 2241/2299/2223 1312/1571/1309 1388/1616/1385
f 2238/2202/2220 2257/2197/2239 2260/2198/2242
f 2239/2201/2221 2276/2210/2258 2268/2213/2250
f 2276/2210/2258 2239/2201/2221 2264/2189/2246
f 2238/2202/2220 2260/2198/2242 2254/2298/2236
f 2241/2299/2223 2260/2198/2242 1312/1571/1309
f 2255/2199/2237 2259/2205/2241 2254/2298/2236
f 2255/2199/2237 2254/2298/2236 2241/2299/2223
f 2264/2189/2246 2239/2201/2221 2258/2195/2240
f 2273/2219/2255 2272/2218/2254 2251/2190/2233 2270/2194/2252
f 2262/2203/2244 2276/2210/2258 2265/2186/2247
f 2255/2199/2237 2241/2299/2223 1388/1616/1385
f 2257/2197/2239 2239/2201/2221 2262/2203/2244
f 2238/2202/2220 2263/2191/2245 2261/2192/2243
f 2242/2204/2224 2264/2189/2246 2259/2205/2241
f 2264/2189/2246 2263/2191/2245 2238/2202/2220
f 2253/2196/2235 2243/2188/2225 2242/2204/2224
f 2265/2186/2247 2276/2210/2258 2266/2206/2248
f 2267/2208/2249 2265/2186/2247 2245/2207/2227
f 2244/2209/2226 2267/2208/2249 2276/2210/2258
f 2267/2208/2249 2245/2207/2227 2266/2206/2248
f 2276/2210/2258 2262/2203/2244 2269/2211/2251
f 2239/2201/2221 2268/2213/2250 2269/2211/2251
f 2268/2213/2250 2247/2212/2229 2246/2214/2228
f 2268/2213/2250 2276/2210/2258 2247/2212/2229
f 2239/2201/2221 2248/2215/2230 2258/2195/2240
f 2239/2201/2221 2240/2193/2222 2248/2215/2230
f 2240/2193/2222 2249/2300/2231 2248/2215/2230
f 2240/2193/2222 2250/2216/2232 2249/2300/2231
f 2248/2215/2230 2249/2300/2231 2250/2216/2232
f 2258/2195/2240 2270/2194/2252 2251/2190/2233
f 2261/2192/2243 2251/2190/2233 2271/2217/2253
f 2271/2217/2253 2272/2218/2254 2273/2219/2255
f 2244/2209/2226 2242/2204/2224 2275/2220/2257
f 2242/2204/2224 2243/2188/2225 2274/2187/2256
f 2242/2204/2224 2274/2187/2256 2275/2220/2257
f 2274/2187/2256 2252/2221/2234 2275/2220/2257
f 1324/1580/1321 1276/1070/1273 2644/2635/2626 2647/2636/2629
f 1111/999/1109 876/775/875 2641/2637/2623 2642/1402/2624
f 408/381/408 439/419/439 2614/2638/2596 785/2639/784
f 594/566/594 566/533/566 2623/2640/2605 2624/2641/2606
f 675/605/675 649/604/649 2627/2642/2609 2629/2643/2611
f 672/630/672 695/1372/695 2630/2644/2612 2628/2645/2610
f 739/663/738 736/665/735 2632/2646/2614 2633/2647/2615
f 1475/1697/1472 1533/1699/1530 2656/2648/2638 2653/2649/2635
f 695/1372/695 707/1371/706 2631/2650/2613 2630/2644/2612
f 1363/1596/1360 1454/1657/1451 2652/2651/2634 2648/2652/2630
f 447/420/447 450/426/450 2617/2653/2599 2616/2654/2598
f 445/421/445 447/420/447 2616/2654/2598 2615/2655/2597
f 1454/1657/1451 1475/1697/1472 2653/2649/2635 2652/2651/2634
f 413/382/413 408/381/408 785/2639/784 2612/2656/2594
f 790/1414/789 768/731/767 2635/2657/2617 2638/2658/2620
f 741/703/740 675/605/675 2629/2643/2611 2634/2659/2616
f 1426/1139/1423 1396/1623/1393 2649/2660/2631 2650/2661/2632
f 439/419/439 506/474/506 2619/2662/2601 2614/2638/2596
f 1322/1577/1319 1363/1596/1360 2648/2652/2630 2646/2663/2628
f 450/426/450 412/385/412 2611/2664/2593 2617/2653/2599
f 1506/1698/1503 1505/1683/1502 2654/2665/2636 2655/2666/2637
f 412/385/412 414/384/414 2613/2667/2595 2611/2664/2593
f 827/732/826 790/1414/789 2638/2658/2620 2639/2668/2621
f 768/731/767 771/704/770 2636/2669/2618 2635/2657/2617
f 506/474/506 538/504/538 2621/2670/2603 2619/2662/2601
f 486/456/486 445/421/445 2615/2655/2597 2618/2671/2600
f 646/600/646 672/630/672 2628/2645/2610 2626/2672/2608
f 538/504/538 614/1358/614 2625/2673/2607 2621/2670/2603
f 1505/1683/1502 1429/1640/1426 2651/2674/2633 2654/2665/2636
f 1396/1623/1393 1324/1580/1321 2647/2636/2629 2649/2660/2631
f 771/704/770 741/703/740 2634/2659/2616 2636/2669/2618
f 614/598/614 646/600/646 2626/2672/2608 2625/2675/2607
f 876/775/875 827/732/826 2639/2668/2621 2641/2637/2623
f 566/533/566 540/507/540 2622/2676/2604 2623/2640/2605
f 736/665/735 786/1404/785 2637/2677/2619 2632/2646/2614
f 510/477/510 486/456/486 2618/2671/2600 2620/2678/2602
f 855/793/854 1321/1087/1318 2645/2679/2627 2640/2680/2622
f 649/604/649 594/566/594 2624/2641/2606 2627/2642/2609
f 707/1371/706 739/663/738 2633/2647/2615 2631/2650/2613
f 540/507/540 510/477/510 2620/2678/2602 2622/2676/2604
f 1276/1070/1273 1230/1040/1227 2643/1403/2625 2644/2635/2626
f 1321/1087/1318 1322/1577/1319 2646/2663/2628 2645/2679/2627
f 786/1404/785 855/793/854 2640/2680/2622 2637/2677/2619
f 414/384/414 413/382/413 2612/2656/2594 2613/2667/2595
f 1429/1640/1426 1426/1139/1423 2650/2661/2632 2651/2674/2633
f 1533/1699/1530 1506/1698/1503 2655/2666/2637 2656/2648/2638
f 2655/2666/2637 2654/2665/2636 2701/2681/2683 2702/2682/2684
f 2630/2644/2612 2631/2650/2613 2678/2683/2660 2677/2684/2659
f 2654/2665/2636 2651/2674/2633 2698/2685/2680 2701/2681/2683
f 2648/2652/2630 2652/2651/2634 2699/2686/2681 2695/2687/2677
f 2621/2670/2603 2625/2673/2607 2672/2688/2654 2668/2689/2650
f 2613/2667/2595 2612/2656/2594 2659/2690/2641 2660/2691/2642
f 2645/2679/2627 2646/2663/2628 2693/2692/2675 2692/2693/2674
f 2651/2674/2633 2650/2661/2632 2697/2694/2679 2698/2685/2680
f 2634/2659/2616 2629/2643/2611 2676/2695/2658 2681/2696/2663
f 2639/2668/2621 2638/2658/2620 2685/2697/2667 2686/2698/2668
f 2632/2646/2614 2637/2677/2619 2684/2699/2666 2679/2700/2661
f 2623/2640/2605 2622/2676/2604 2669/2701/2651 2670/2702/2652
f 2614/2638/2596 2619/2662/2601 2666/2703/2648 2661/2704/2643
f 2653/2649/2635 2656/2648/2638 2703/2705/2685 2700/2706/2682
f 2627/2642/2609 2624/2641/2606 2671/2707/2653 2674/2708/2656
f 2629/2643/2611 2627/2642/2609 2674/2708/2656 2676/2695/2658
f 2638/2658/2620 2635/2657/2617 2682/2709/2664 2685/2697/2667
f 2626/2672/2608 2628/2645/2610 2675/2710/2657 2673/2711/2655
f 2631/2650/2613 2633/2647/2615 2680/2712/2662 2678/2683/2660
f 2617/2653/2599 2611/2664/2593 2658/2713/2640 2664/2714/2646
f 2640/2680/2622 2645/2679/2627 2692/2693/2674 2687/2715/2669
f 2628/2645/2610 2630/2644/2612 2677/2684/2659 2675/2710/2657
f 2624/2641/2606 2623/2640/2605 2670/2702/2652 2671/2707/2653
f 2637/2677/2619 2640/2680/2622 2687/2715/2669 2684/2699/2666
f 2619/2662/2601 2621/2670/2603 2668/2689/2650 2666/2703/2648
f 2616/2654/2598 2617/2653/2599 2664/2714/2646 2663/2716/2645
f 2625/2675/2607 2626/2672/2608 2673/2711/2655 2672/2717/2654
f 2643/1403/2625 2642/1402/2624 2689/2718/2671 2690/2719/2672
f 2646/2663/2628 2648/2652/2630 2695/2687/2677 2693/2692/2675
f 2622/2720/2604 2620/2678/2602 2667/2721/2649 2669/2722/2651
f 2618/2671/2600 2615/2655/2597 2662/2723/2644 2665/2724/2647
f 2642/1402/2624 2641/2637/2623 2688/2725/2670 2689/2718/2671
f 2644/2635/2626 2643/1403/2625 2690/2719/2672 2691/2726/2673
f 2650/2661/2632 2649/2660/2631 2696/2727/2678 2697/2694/2679
f 2635/2657/2617 2636/2669/2618 2683/2728/2665 2682/2709/2664
f 2611/2664/2593 2613/2667/2595 2660/2691/2642 2658/2713/2640
f 2649/2660/2631 2647/2636/2629 2694/2729/2676 2696/2727/2678
f 2636/2669/2618 2634/2659/2616 2681/2696/2663 2683/2728/2665
f 2647/2636/2629 2644/2635/2626 2691/2726/2673 2694/2729/2676
f 2612/2656/2594 785/2639/784 2657/2730/2639 2659/2690/2641
f 2641/2637/2623 2639/2668/2621 2686/2698/2668 2688/2725/2670
f 2620/2678/2602 2618/2671/2600 2665/2724/2647 2667/2721/2649
f 2652/2651/2634 2653/2649/2635 2700/2706/2682 2699/2686/2681
f 785/2639/784 2614/2638/2596 2661/2704/2643 2657/2730/2639
f 2615/2655/2597 2616/2654/2598 2663/2716/2645 2662/2723/2644
f 2656/2648/2638 2655/2666/2637 2702/2682/2684 2703/2705/2685
f 2633/2647/2615 2632/2646/2614 2679/2700/2661 2680/2712/2662
f 2680/2712/2662 2679/2700/2661 2726/2731/2708 2727/2732/2709
f 2702/2682/2684 2701/2681/2683 2748/2733/2730 2749/2734/2731
f 2677/2684/2659 2678/2683/2660 2725/2735/2707 2724/2736/2706
f 2701/2681/2683 2698/2685/2680 2745/2737/2727 2748/2733/2730
f 2668/2689/2650 2672/2688/2654 2719/2738/2701 2715/2739/2697
f 2660/2691/2642 2659/2690/2641 2706/2740/2688 2707/2741/2689
f 2692/2693/2674 2693/2692/2675 2740/2742/2722 2739/2743/2721
f 2698/2685/2680 2697/2694/2679 2744/2744/2726 2745/2737/2727
f 2681/2696/2663 2676/2695/2658 2723/2745/2705 2728/2746/2710
f 2686/2698/2668 2685/2697/2667 2732/2747/2714 2733/2748/2715
f 2695/2687/2677 2699/2686/2681 2746/2749/2728 2742/2750/2724
f 2679/2700/2661 2684/2699/2666 2731/2751/2713 2726/2731/2708
f 2670/2702/2652 2669/2701/2651 2716/2752/2698 2717/2753/2699
f 2661/2704/2643 2666/2703/2648 2713/2754/2695 2708/2755/2690
f 2682/2709/2664 2683/2728/2665 2730/2756/2712 2729/2757/2711
f 2700/2706/2682 2703/2705/2685 2750/2758/2732 2747/2759/2729
f 2674/2708/2656 2671/2707/2653 2718/2760/2700 2721/2761/2703
f 2676/2695/2658 2674/2708/2656 2721/2761/2703 2723/2745/2705
f 2685/2697/2667 2682/2709/2664 2729/2757/2711 2732/2747/2714
f 2673/2711/2655 2675/2710/2657 2722/2762/2704 2720/2763/2702
f 2678/2683/2660 2680/2712/2662 2727/2732/2709 2725/2735/2707
f 2664/2714/2646 2658/2713/2640 2705/2764/2687 2711/2765/2693
f 2687/2715/2669 2692/2693/2674 2739/2743/2721 2734/2766/2716
f 2675/2710/2657 2677/2684/2659 2724/2736/2706 2722/2762/2704
f 2671/2707/2653 2670/2702/2652 2717/2753/2699 2718/2760/2700
f 2684/2699/2666 2687/2715/2669 2734/2766/2716 2731/2751/2713
f 2666/2703/2648 2668/2689/2650 2715/2739/2697 2713/2754/2695
f 2663/2716/2645 2664/2714/2646 2711/2765/2693 2710/2767/2692
f 2672/2717/2654 2673/2711/2655 2720/2763/2702 2719/2768/2701
f 2690/2719/2672 2689/2718/2671 2736/2769/2718 2737/2770/2719
f 2693/2692/2675 2695/2687/2677 2742/2750/2724 2740/2742/2722
f 2669/2722/2651 2667/2721/2649 2714/2771/2696 2716/2772/2698
f 2665/2724/2647 2662/2723/2644 2709/2773/2691 2712/2774/2694
f 2689/2718/2671 2688/2725/2670 2735/2775/2717 2736/2769/2718
f 2691/2726/2673 2690/2719/2672 2737/2770/2719 2738/2776/2720
f 2697/2694/2679 2696/2727/2678 2743/2777/2725 2744/2744/2726
f 2658/2713/2640 2660/2691/2642 2707/2741/2689 2705/2764/2687
f 2696/2727/2678 2694/2729/2676 2741/2778/2723 2743/2777/2725
f 2683/2728/2665 2681/2696/2663 2728/2746/2710 2730/2756/2712
f 2694/2729/2676 2691/2726/2673 2738/2776/2720 2741/2778/2723
f 2659/2690/2641 2657/2730/2639 2704/2779/2686 2706/2740/2688
f 2688/2725/2670 2686/2698/2668 2733/2748/2715 2735/2775/2717
f 2667/2721/2649 2665/2724/2647 2712/2774/2694 2714/2771/2696
f 2699/2686/2681 2700/2706/2682 2747/2759/2729 2746/2749/2728
f 2657/2730/2639 2661/2704/2643 2708/2755/2690 2704/2779/2686
f 2662/2723/2644 2663/2716/2645 2710/2767/2692 2709/2773/2691
f 2703/2705/2685 2702/2682/2684 2749/2734/2731 2750/2758/2732
f 2750/2758/2732 2749/2734/2731 2795/2780/2777 2796/2781/2778
f 2727/2732/2709 2726/2731/2708 2772/2782/2754 2773/2783/2755
f 2749/2734/2731 2748/2733/2730 2794/2784/2776 2795/2780/2777
f 2724/2736/2706 2725/2735/2707 2771/2785/2753 2770/2786/2752
f 2748/2733/2730 2745/2737/2727 2791/2787/2773 2794/2784/2776
f 2715/2788/2697 2719/2768/2701 2765/2789/2747 2761/2790/2743
f 2707/2741/2689 2706/2740/2688 2753/2791/2735 2754/2792/2736
f 2739/2743/2721 2740/2742/2722 2786/2793/2768 2785/2794/2767
f 2745/2737/2727 2744/2744/2726 2790/2795/2772 2791/2787/2773
f 2728/2746/2710 2723/2745/2705 2769/2796/2751 2774/2797/2756
f 2733/2748/2715 2732/2747/2714 2778/2798/2760 2779/2799/2761
f 2742/2750/2724 2746/2749/2728 2792/2800/2774 2788/2801/2770
f 2726/2731/2708 2731/2751/2713 2777/2802/2759 2772/2782/2754
f 2717/2753/2699 2716/2752/2698 2762/2803/2744 2763/2804/2745
f 2708/2805/2690 2713/2806/2695 2759/2807/2741 2755/2808/2737
f 2729/2757/2711 2730/2756/2712 2776/2809/2758 2775/2810/2757
f 2747/2759/2729 2750/2758/2732 2796/2781/2778 2793/2811/2775
f 2721/2761/2703 2718/2760/2700 2764/2812/2746 2767/2813/2749
f 2723/2745/2705 2721/2761/2703 2767/2813/2749 2769/2796/2751
f 2732/2747/2714 2729/2757/2711 2775/2810/2757 2778/2798/2760
f 2720/2763/2702 2722/2762/2704 2768/2814/2750 2766/2815/2748
f 2725/2735/2707 2727/2732/2709 2773/2783/2755 2771/2785/2753
f 2711/2765/2693 2705/2764/2687 2752/2816/2734 2757/2817/2739
f 2734/2766/2716 2739/2743/2721 2785/2794/2767 2780/2818/2762
f 2722/2762/2704 2724/2736/2706 2770/2786/2752 2768/2814/2750
f 2718/2760/2700 2717/2753/2699 2763/2804/2745 2764/2812/2746
f 2731/2751/2713 2734/2766/2716 2780/2818/2762 2777/2802/2759
f 2713/2806/2695 2715/2788/2697 2761/2790/2743 2759/2807/2741
f 2710/2767/2692 2711/2765/2693 2757/2817/2739 2709/2773/2691
f 2719/2768/2701 2720/2763/2702 2766/2815/2748 2765/2789/2747
f 2737/2770/2719 2736/2769/2718 2782/2819/2764 2783/2820/2765
f 2740/2742/2722 2742/2750/2724 2788/2801/2770 2786/2793/2768
f 2716/2752/2698 2714/2821/2696 2760/2822/2742 2762/2803/2744
f 2712/2774/2694 2709/2773/2691 2756/2823/2738 2758/2824/2740
f 2736/2769/2718 2735/2775/2717 2781/2825/2763 2782/2819/2764
f 2738/2776/2720 2737/2770/2719 2783/2820/2765 2784/2826/2766
f 2744/2744/2726 2743/2777/2725 2789/2827/2771 2790/2795/2772
f 2705/2764/2687 2707/2741/2689 2754/2792/2736 2752/2816/2734
f 2743/2777/2725 2741/2778/2723 2787/2828/2769 2789/2827/2771
f 2730/2756/2712 2728/2746/2710 2774/2797/2756 2776/2809/2758
f 2741/2778/2723 2738/2776/2720 2784/2826/2766 2787/2828/2769
f 2706/2740/2688 2704/2779/2686 2751/2829/2733 2753/2791/2735
f 2735/2775/2717 2733/2748/2715 2779/2799/2761 2781/2825/2763
f 2714/2771/2696 2712/2774/2694 2758/2824/2740 2760/2830/2742
f 2746/2749/2728 2747/2759/2729 2793/2811/2775 2792/2800/2774
f 2704/2779/2686 2708/2755/2690 2755/2831/2737 2751/2829/2733
f 2796/2781/2778 2795/2780/2777 2814/2832/2796
f 2773/2783/2755 2772/2782/2754 2807/2833/2789 2806/2834/2788
f 2795/2780/2777 2794/2784/2776 2815/2835/2797 2814/2832/2796
f 2770/2786/2752 2771/2785/2753 2806/2834/2788 2805/2836/2787
f 2794/2784/2776 2791/2787/2773 2814/2832/2796 2815/2835/2797
f 2761/2790/2743 2765/2789/2747 2802/2837/2784 2801/2838/2783
f 2754/2792/2736 2753/2791/2735 2798/2839/2780
f 2785/2794/2767 2786/2793/2768 2811/2840/2793 2810/2841/2792
f 2791/2787/2773 2790/2795/2772 2813/2842/2795 2814/2832/2796
f 2774/2797/2756 2769/2796/2751 2803/2843/2785 2804/2844/2786
f 2779/2799/2761 2778/2798/2760 2806/2834/2788 2807/2833/2789
f 2788/2801/2770 2792/2800/2774 2813/2842/2795 2812/2845/2794
f 2772/2782/2754 2777/2802/2759 2808/2846/2790 2807/2833/2789
f 2763/2804/2745 2762/2803/2744 2799/2847/2781 2800/2848/2782
f 2755/2808/2737 2759/2807/2741 2800/2848/2782 2799/2847/2781
f 2775/2810/2757 2776/2809/2758 2805/2836/2787 2806/2834/2788
f 2793/2811/2775 2796/2781/2778 2814/2832/2796 2813/2842/2795
f 2767/2813/2749 2764/2812/2746 2801/2838/2783 2802/2837/2784
f 2769/2796/2751 2767/2813/2749 2802/2837/2784 2803/2843/2785
f 2778/2798/2760 2775/2810/2757 2806/2834/2788
f 2766/2815/2748 2768/2814/2750 2804/2844/2786 2803/2843/2785
f 2771/2785/2753 2773/2783/2755 2806/2834/2788
f 2757/2817/2739 2752/2816/2734 2798/2839/2780
f 2780/2818/2762 2785/2794/2767 2810/2841/2792 2809/2849/2791
f 2768/2814/2750 2770/2786/2752 2805/2836/2787 2804/2844/2786
f 2764/2812/2746 2763/2804/2745 2800/2848/2782 2801/2838/2783
f 2777/2802/2759 2780/2818/2762 2809/2849/2791 2808/2846/2790
f 2759/2807/2741 2761/2790/2743 2801/2838/2783 2800/2848/2782
f 2709/2773/2691 2757/2817/2739 2798/2839/2780
f 2765/2789/2747 2766/2815/2748 2803/2843/2785 2802/2837/2784
f 2783/2820/2765 2782/2819/2764 2809/2849/2791 2810/2841/2792
f 2786/2793/2768 2788/2801/2770 2812/2845/2794 2811/2840/2793
f 2762/2803/2744 2760/2822/2742 2799/2847/2781
f 2758/2850/2740 2756/2851/2738 2797/2852/2779
f 2782/2819/2764 2781/2825/2763 2808/2846/2790 2809/2849/2791
f 2784/2826/2766 2783/2820/2765 2810/2841/2792 2811/2840/2793
f 2790/2795/2772 2789/2827/2771 2813/2842/2795
f 2752/2816/2734 2754/2792/2736 2798/2839/2780
f 2789/2827/2771 2787/2828/2769 2812/2845/2794 2813/2842/2795
f 2776/2809/2758 2774/2797/2756 2804/2844/2786 2805/2836/2787
f 2787/2828/2769 2784/2826/2766 2811/2840/2793 2812/2845/2794
f 2753/2791/2735 2751/2829/2733 2797/2853/2779 2798/2839/2780
f 2781/2825/2763 2779/2799/2761 2807/2833/2789 2808/2846/2790
f 2760/2822/2742 2758/2850/2740 2797/2852/2779 2799/2847/2781
f 2792/2800/2774 2793/2811/2775 2813/2842/2795
f 2751/2854/2733 2755/2808/2737 2799/2847/2781 2797/2852/2779
f 2756/2823/2738 2709/2773/2691 2798/2839/2780 2797/2853/2779
f 2828/2855/2810 2827/2856/2809 2842/2857/2824 2843/2858/2825
f 2843/2858/2825 2842/2857/2824 2857/2859/2839 2858/2860/2840
f 2821/2861/2803 2820/2862/2802 2835/2863/2817 2836/2864/2818
f 2829/2865/2811 2828/2855/2810 2843/2858/2825 2844/2866/2826
f 2822/2867/2804 2821/2861/2803 2836/2864/2818 2837/2868/2819
f 2830/2869/2812 2829/2865/2811 2844/2866/2826 2845/2870/2827
f 2823/2871/2805 2822/2867/2804 2837/2868/2819 2838/2872/2820
f 2817/2873/2799 2830/2869/2812 2845/2870/2827 2832/2874/2814
f 2824/2875/2806 2823/2871/2805 2838/2872/2820 2839/2876/2821
f 2816/2877/2798 2817/2873/2799 2832/2874/2814 2831/2878/2813
f 2825/2879/2807 2824/2875/2806 2839/2876/2821 2840/2880/2822
f 2818/2881/2800 2816/2877/2798 2831/2878/2813 2833/2882/2815
f 2826/2883/2808 2825/2879/2807 2840/2880/2822 2841/2884/2823
f 2819/2885/2801 2818/2881/2800 2833/2882/2815 2834/2886/2816
f 2827/2856/2809 2826/2883/2808 2841/2884/2823 2842/2857/2824
f 2820/2862/2802 2819/2885/2801 2834/2886/2816 2835/2863/2817
f 2850/2887/2832 2849/2888/2831 2861/2889/2843
f 2836/2864/2818 2835/2863/2817 2850/2887/2832 2851/2890/2833
f 2844/2866/2826 2843/2858/2825 2858/2860/2840 2859/2891/2841
f 2837/2868/2819 2836/2864/2818 2851/2890/2833 2852/2892/2834
f 2845/2870/2827 2844/2866/2826 2859/2891/2841 2860/2893/2842
f 2838/2872/2820 2837/2868/2819 2852/2892/2834 2853/2894/2835
f 2832/2874/2814 2845/2870/2827 2860/2893/2842 2847/2895/2829
f 2839/2876/2821 2838/2872/2820 2853/2894/2835 2854/2896/2836
f 2831/2878/2813 2832/2874/2814 2847/2895/2829 2846/2897/2828
f 2840/2880/2822 2839/2876/2821 2854/2896/2836 2855/2898/2837
f 2833/2882/2815 2831/2878/2813 2846/2897/2828 2848/2899/2830
f 2841/2884/2823 2840/2880/2822 2855/2898/2837 2856/2900/2838
f 2834/2886/2816 2833/2882/2815 2848/2899/2830 2849/2888/2831
f 2842/2857/2824 2841/2884/2823 2856/2900/2838 2857/2859/2839
f 2835/2863/2817 2834/2886/2816 2849/2888/2831 2850/2887/2832
f 2858/2860/2840 2857/2859/2839 2861/2889/2843
f 2851/2890/2833 2850/2887/2832 2861/2889/2843
f 2859/2891/2841 2858/2860/2840 2861/2889/2843
f 2852/2892/2834 2851/2890/2833 2861/2889/2843
f 2860/2893/2842 2859/2891/2841 2861/2889/2843
f 2853/2894/2835 2852/2892/2834 2861/2889/2843
f 2847/2895/2829 2860/2893/2842 2861/2889/2843
f 2854/2896/2836 2853/2894/2835 2861/2889/2843
f 2846/2897/2828 2847/2895/2829 2861/2889/2843
f 2855/2898/2837 2854/2896/2836 2861/2889/2843
f 2848/2899/2830 2846/2897/2828 2861/2889/2843
f 2856/2900/2838 2855/2898/2837 2861/2889/2843
f 2849/2888/2831 2848/2899/2830 2861/2889/2843
f 2857/2859/2839 2856/2900/2838 2861/2889/2843
f 2876/2901/2858 2863/2902/2845 2862/2903/2844 2864/2904/2846 2865/2905/2847 2866/2906/2848 2867/2907/2849 2868/2908/2850 2869/2909/2851 2870/2910/2852 2871/2911/2853 2872/2912/2854 2873/2913/2855 2874/2914/2856 2875/2915/2857
f 2874/2914/2856 2873/2913/2855 2888/2916/2870 2889/2917/2871
f 2889/2917/2871 2888/2916/2870 2903/2918/2885 2904/2919/2886
f 2867/2907/2849 2866/2906/2848 2881/2920/2863 2882/2921/2864
f 2875/2915/2857 2874/2914/2856 2889/2917/2871 2890/2922/2872
f 2868/2908/2850 2867/2907/2849 2882/2921/2864 2883/2923/2865
f 2876/2901/2858 2875/2915/2857 2890/2922/2872 2891/2924/2873
f 2869/2909/2851 2868/2908/2850 2883/2923/2865 2884/2925/2866
f 2863/2902/2845 2876/2901/2858 2891/2924/2873 2878/2926/2860
f 2870/2910/2852 2869/2909/2851 2884/2925/2866 2885/2927/2867
f 2862/2903/2844 2863/2902/2845 2878/2926/2860 2877/2928/2859
f 2871/2911/2853 2870/2910/2852 2885/2927/2867 2886/2929/2868
f 2864/2904/2846 2862/2903/2844 2877/2928/2859 2879/2930/2861
f 2872/2912/2854 2871/2911/2853 2886/2929/2868 2887/2931/2869
f 2865/2905/2847 2864/2904/2846 2879/2930/2861 2880/2932/2862
f 2873/2913/2855 2872/2912/2854 2887/2931/2869 2888/2916/2870
f 2866/2906/2848 2865/2905/2847 2880/2932/2862 2881/2920/2863
f 2896/2933/2878 2895/2934/2877 2907/2935/2889
f 2882/2921/2864 2881/2920/2863 2896/2933/2878 2897/2936/2879
f 2890/2922/2872 2889/2917/2871 2904/2919/2886 2905/2937/2887
f 2883/2923/2865 2882/2921/2864 2897/2936/2879 2898/2938/2880
f 2891/2924/2873 2890/2922/2872 2905/2937/2887 2906/2939/2888
f 2884/2925/2866 2883/2923/2865 2898/2938/2880 2899/2940/2881
f 2878/2926/2860 2891/2924/2873 2906/2939/2888 2893/2941/2875
f 2885/2927/2867 2884/2925/2866 2899/2940/2881 2900/2942/2882
f 2877/2928/2859 2878/2926/2860 2893/2941/2875 2892/2943/2874
f 2886/2929/2868 2885/2927/2867 2900/2942/2882 2901/2944/2883
f 2879/2930/2861 2877/2928/2859 2892/2943/2874 2894/2945/2876
f 2887/2931/2869 2886/2929/2868 2901/2944/2883 2902/2946/2884
f 2880/2932/2862 2879/2930/2861 2894/2945/2876 2895/2934/2877
f 2888/2916/2870 2887/2931/2869 2902/2946/2884 2903/2918/2885
f 2881/2920/2863 2880/2932/2862 2895/2934/2877 2896/2933/2878
f 2904/2919/2886 2903/2918/2885 2907/2935/2889
f 2897/2936/2879 2896/2933/2878 2907/2935/2889
f 2905/2937/2887 2904/2919/2886 2907/2935/2889
f 2898/2938/2880 2897/2936/2879 2907/2935/2889
f 2906/2939/2888 2905/2937/2887 2907/2935/2889
f 2899/2940/2881 2898/2938/2880 2907/2935/2889
f 2893/2941/2875 2906/2939/2888 2907/2935/2889
f 2900/2942/2882 2899/2940/2881 2907/2935/2889
f 2892/2943/2874 2893/2941/2875 2907/2935/2889
f 2901/2944/2883 2900/2942/2882 2907/2935/2889
f 2894/2945/2876 2892/2943/2874 2907/2935/2889
f 2902/2946/2884 2901/2944/2883 2907/2935/2889
f 2895/2934/2877 2894/2945/2876 2907/2935/2889
f 2903/2918/2885 2902/2946/2884 2907/2935/2889
f 2910/2947/2892 2909/2948/2891 2923/2949/2905 2925/2950/2907
f 2935/2951/2917 2934/2952/2916 2949/2953/2931 2950/2954/2932
f 2915/2955/2897 2914/2956/2896 2929/2957/2911 2930/2958/2912
f 2920/2959/2902 2919/2960/2901 2934/2952/2916 2935/2951/2917
f 2913/2961/2895 2912/2962/2894 2927/2963/2909 2928/2964/2910
f 2918/2965/2900 2917/2966/2899 2932/2967/2914 2933/2968/2915
f 2908/2969/2890 2922/2970/2904 2937/2971/2919 2924/2972/2906
f 2911/2973/2893 2910/2947/2892 2925/2950/2907 2926/2974/2908
f 2916/2975/2898 2915/2955/2897 2930/2958/2912 2931/2976/2913
f 2909/2948/2891 2908/2969/2890 2924/2972/2906 2923/2949/2905
f 2921/2977/2903 2920/2959/2902 2935/2951/2917 2936/2978/2918
f 2914/2956/2896 2913/2961/2895 2928/2964/2910 2929/2957/2911
f 2919/2960/2901 2918/2965/2900 2933/2968/2915 2934/2952/2916
f 2912/2962/2894 2911/2973/2893 2926/2974/2908 2927/2963/2909
f 2917/2966/2899 2916/2975/2898 2931/2976/2913 2932/2967/2914
f 2922/2970/2904 2921/2977/2903 2936/2978/2918 2937/2971/2919
f 2950/2954/2932 2949/2953/2931 2964/2979/2946 2965/2980/2947
f 2928/2964/2910 2927/2963/2909 2942/2981/2924 2943/2982/2925
f 2936/2978/2918 2935/2951/2917 2950/2954/2932 2951/2983/2933
f 2929/2957/2911 2928/2964/2910 2943/2982/2925 2944/2984/2926
f 2937/2971/2919 2936/2978/2918 2951/2983/2933 2952/2985/2934
f 2930/2958/2912 2929/2957/2911 2944/2984/2926 2945/2986/2927
f 2924/2972/2906 2937/2971/2919 2952/2985/2934 2939/2987/2921
f 2931/2976/2913 2930/2958/2912 2945/2986/2927 2946/2988/2928
f 2923/2949/2905 2924/2972/2906 2939/2987/2921 2938/2989/2920
f 2932/2967/2914 2931/2976/2913 2946/2988/2928 2947/2990/2929
f 2925/2950/2907 2923/2949/2905 2938/2989/2920 2940/2991/2922
f 2933/2968/2915 2932/2967/2914 2947/2990/2929 2948/2992/2930
f 2926/2974/2908 2925/2950/2907 2940/2991/2922 2941/2993/2923
f 2934/2952/2916 2933/2968/2915 2948/2992/2930 2949/2953/2931
f 2927/2963/2909 2926/2974/2908 2941/2993/2923 2942/2981/2924
f 2957/2994/2939 2956/2995/2938 2968/2996/2950
f 2943/2982/2925 2942/2981/2924 2957/2994/2939 2958/2997/2940
f 2951/2983/2933 2950/2954/2932 2965/2980/2947 2966/2998/2948
f 2944/2984/2926 2943/2982/2925 2958/2997/2940 2959/2999/2941
f 2952/2985/2934 2951/2983/2933 2966/2998/2948 2967/3000/2949
f 2945/2986/2927 2944/2984/2926 2959/2999/2941 2960/3001/2942
f 2939/2987/2921 2952/2985/2934 2967/3000/2949 2954/3002/2936
f 2946/2988/2928 2945/2986/2927 2960/3001/2942 2961/3003/2943
f 2938/2989/2920 2939/2987/2921 2954/3002/2936 2953/3004/2935
f 2947/2990/2929 2946/2988/2928 2961/3003/2943 2962/3005/2944
f 2940/2991/2922 2938/2989/2920 2953/3004/2935 2955/3006/2937
f 2948/2992/2930 2947/2990/2929 2962/3005/2944 2963/3007/2945
f 2941/2993/2923 2940/2991/2922 2955/3006/2937 2956/2995/2938
f 2949/2953/2931 2948/2992/2930 2963/3007/2945 2964/2979/2946
f 2942/2981/2924 2941/2993/2923 2956/2995/2938 2957/2994/2939
f 2965/2980/2947 2964/2979/2946 2968/2996/2950
f 2958/2997/2940 2957/2994/2939 2968/2996/2950
f 2966/2998/2948 2965/2980/2947 2968/2996/2950
f 2959/2999/2941 2958/2997/2940 2968/2996/2950
f 2967/3000/2949 2966/2998/2948 2968/2996/2950
f 2960/3001/2942 2959/2999/2941 2968/2996/2950
f 2954/3002/2936 2967/3000/2949 2968/2996/2950
f 2961/3003/2943 2960/3001/2942 2968/2996/2950
f 2953/3004/2935 2954/3002/2936 2968/2996/2950
f 2962/3005/2944 2961/3003/2943 2968/2996/2950
f 2955/3006/2937 2953/3004/2935 2968/2996/2950
f 2963/3007/2945 2962/3005/2944 2968/2996/2950
f 2956/2995/2938 2955/3006/2937 2968/2996/2950
f 2964/2979/2946 2963/3007/2945 2968/2996/2950
f 2969/3008/2951 2970/3009/2952 2972/3010/2954 2971/3011/2953
f 2971/3011/2953 2972/3010/2954 2974/3012/2956 2973/3013/2955
f 2973/3013/2955 2974/3012/2956 2976/3014/2958 2975/3015/2957
f 2975/3015/2957 2976/3014/2958 2978/3016/2960 2977/3017/2959
f 2977/3017/2959 2978/3016/2960 2980/3018/2962 2979/3019/2961
f 2979/3019/2961 2980/3018/2962 2982/3020/2964 2981/3021/2963
f 2981/3021/2963 2982/3020/2964 2984/3022/2966 2983/3023/2965
f 2983/3023/2965 2984/3022/2966 2986/3024/2968 2985/3025/2967
f 2985/3025/2967 2986/3024/2968 2988/3026/2970 2987/3027/2969
f 2987/3027/2969 2988/3026/2970 2990/3028/2972 2989/3029/2971
f 2989/3029/2971 2990/3028/2972 2992/3030/2974 2991/3031/2973
f 2991/3031/2973 2992/3030/2974 2994/3032/2976 2993/3033/2975
f 2993/3033/2975 2994/3032/2976 2996/3034/2978 2995/3035/2977
f 2974/3012/2956 2972/3010/2954 2999/3036/2981 3001/3037/2983
f 2995/3035/2977 2996/3034/2978 2998/3038/2980 2997/3039/2979
f 2997/3039/2979 2998/3038/2980 2970/3009/2952 2969/3008/2951
f 3011/3040/2993 3010/3041/2992 3025/3042/3007 3026/3043/3008
f 2984/3022/2966 2982/3020/2964 3005/3044/2987 3006/3045/2988
f 2994/3032/2976 2992/3030/2974 3010/3041/2992 3011/3040/2993
f 2980/3018/2962 2978/3016/2960 3003/3046/2985 3004/3047/2986
f 2990/3028/2972 2988/3026/2970 3008/3048/2990 3009/3049/2991
f 2970/3009/2952 2998/3038/2980 3013/3050/2995 3000/3051/2982
f 2976/3014/2958 2974/3012/2956 3001/3037/2983 3002/3052/2984
f 2986/3024/2968 2984/3022/2966 3006/3045/2988 3007/3053/2989
f 2972/3010/2954 2970/3009/2952 3000/3051/2982 2999/3036/2981
f 2996/3034/2978 2994/3032/2976 3011/3040/2993 3012/3054/2994
f 2982/3020/2964 2980/3018/2962 3004/3047/2986 3005/3044/2987
f 2992/3030/2974 2990/3028/2972 3009/3049/2991 3010/3041/2992
f 2978/3016/2960 2976/3014/2958 3002/3052/2984 3003/3046/2985
f 2988/3026/2970 2986/3024/2968 3007/3053/2989 3008/3048/2990
f 2998/3038/2980 2996/3034/2978 3012/3054/2994 3013/3050/2995
f 3026/3043/3008 3025/3042/3007 3040/3055/3022 3041/3056/3023
f 3004/3047/2986 3003/3046/2985 3018/3057/3000 3019/3058/3001
f 3012/3054/2994 3011/3040/2993 3026/3043/3008 3027/3059/3009
f 3005/3044/2987 3004/3047/2986 3019/3058/3001 3020/3060/3002
f 3013/3050/2995 3012/3054/2994 3027/3059/3009 3028/3061/3010
f 3006/3045/2988 3005/3044/2987 3020/3060/3002 3021/3062/3003
f 3000/3051/2982 3013/3050/2995 3028/3061/3010 3015/3063/2997
f 3007/3053/2989 3006/3045/2988 3021/3062/3003 3022/3064/3004
f 2999/3036/2981 3000/3051/2982 3015/3063/2997 3014/3065/2996
f 3008/3048/2990 3007/3053/2989 3022/3064/3004 3023/3066/3005
f 3001/3037/2983 2999/3036/2981 3014/3065/2996 3016/3067/2998
f 3009/3049/2991 3008/3048/2990 3023/3066/3005 3024/3068/3006
f 3002/3052/2984 3001/3037/2983 3016/3067/2998 3017/3069/2999
f 3010/3041/2992 3009/3049/2991 3024/3068/3006 3025/3042/3007
f 3003/3046/2985 3002/3052/2984 3017/3069/2999 3018/3057/3000
f 3033/3070/3015 3032/3071/3014 3044/3072/3026
f 3019/3058/3001 3018/3057/3000 3033/3070/3015 3034/3073/3016
f 3027/3059/3009 3026/3043/3008 3041/3056/3023 3042/3074/3024
f 3020/3060/3002 3019/3058/3001 3034/3073/3016 3035/3075/3017
f 3028/3061/3010 3027/3059/3009 3042/3074/3024 3043/3076/3025
f 3021/3062/3003 3020/3060/3002 3035/3075/3017 3036/3077/3018
f 3015/3063/2997 3028/3061/3010 3043/3076/3025 3030/3078/3012
f 3022/3064/3004 3021/3062/3003 3036/3077/3018 3037/3079/3019
f 3014/3065/2996 3015/3063/2997 3030/3078/3012 3029/3080/3011
f 3023/3066/3005 3022/3064/3004 3037/3079/3019 3038/3081/3020
f 3016/3067/2998 3014/3065/2996 3029/3080/3011 3031/3082/3013
f 3024/3068/3006 3023/3066/3005 3038/3081/3020 3039/3083/3021
f 3017/3069/2999 3016/3067/2998 3031/3082/3013 3032/3071/3014
f 3025/3042/3007 3024/3068/3006 3039/3083/3021 3040/3055/3022
f 3018/3057/3000 3017/3069/2999 3032/3071/3014 3033/3070/3015
f 3041/3056/3023 3040/3055/3022 3044/3072/3026
f 3034/3073/3016 3033/3070/3015 3044/3072/3026
f 3042/3074/3024 3041/3056/3023 3044/3072/3026
f 3035/3075/3017 3034/3073/3016 3044/3072/3026
f 3043/3076/3025 3042/3074/3024 3044/3072/3026
f 3036/3077/3018 3035/3075/3017 3044/3072/3026
f 3030/3078/3012 3043/3076/3025 3044/3072/3026
f 3037/3079/3019 3036/3077/3018 3044/3072/3026
f 3029/3080/3011 3030/3078/3012 3044/3072/3026
f 3038/3081/3020 3037/3079/3019 3044/3072/3026
f 3031/3082/3013 3029/3080/3011 3044/3072/3026
f 3039/3083/3021 3038/3081/3020 3044/3072/3026
f 3032/3071/3014 3031/3082/3013 3044/3072/3026
f 3040/3055/3022 3039/3083/3021 3044/3072/3026
f 3045/3084/3027 3046/3085/3028 3048/3086/3030 3047/3087/3029
f 3047/3087/3029 3048/3086/3030 3050/3088/3032 3049/3089/3031
f 3049/3089/3031 3050/3088/3032 3052/3090/3034 3051/3091/3033
f 3051/3091/3033 3052/3090/3034 3054/3092/3036 3053/3093/3035
f 3053/3093/3035 3054/3092/3036 3056/3094/3038 3055/3095/3037
f 3055/3095/3037 3056/3094/3038 3058/3096/3040 3057/3097/3039
f 3057/3097/3039 3058/3096/3040 3060/3098/3042 3059/3099/3041
f 3059/3099/3041 3060/3098/3042 3062/3100/3044 3061/3101/3043
f 3061/3101/3043 3062/3100/3044 3064/3102/3046 3063/3103/3045
f 3063/3103/3045 3064/3102/3046 3066/3104/3048 3065/3105/3047
f 3065/3105/3047 3066/3104/3048 3068/3106/3050 3067/3107/3049
f 3067/3107/3049 3068/3106/3050 3070/3108/3052 3069/3109/3051
f 3069/3109/3051 3070/3108/3052 3072/3110/3054 3071/3111/3053
f 3050/3088/3032 3048/3086/3030 3075/3112/3057 3077/3113/3059
f 3071/3111/3053 3072/3110/3054 3074/3114/3056 3073/3115/3055
f 3073/3115/3055 3074/3114/3056 3046/3085/3028 3045/3084/3027
f 3087/3116/3069 3086/3117/3068 3101/3118/3083 3102/3119/3084
f 3060/3098/3042 3058/3096/3040 3081/3120/3063 3082/3121/3064
f 3070/3108/3052 3068/3106/3050 3086/3117/3068 3087/3116/3069
f 3056/3094/3038 3054/3092/3036 3079/3122/3061 3080/3123/3062
f 3066/3104/3048 3064/3102/3046 3084/3124/3066 3085/3125/3067
f 3046/3085/3028 3074/3114/3056 3089/3126/3071 3076/3127/3058
f 3052/3090/3034 3050/3088/3032 3077/3113/3059 3078/3128/3060
f 3062/3100/3044 3060/3098/3042 3082/3121/3064 3083/3129/3065
f 3048/3086/3030 3046/3085/3028 3076/3127/3058 3075/3112/3057
f 3072/3110/3054 3070/3108/3052 3087/3116/3069 3088/3130/3070
f 3058/3096/3040 3056/3094/3038 3080/3123/3062 3081/3120/3063
f 3068/3106/3050 3066/3104/3048 3085/3125/3067 3086/3117/3068
f 3054/3092/3036 3052/3090/3034 3078/3128/3060 3079/3122/3061
f 3064/3102/3046 3062/3100/3044 3083/3129/3065 3084/3124/3066
f 3074/3114/3056 3072/3110/3054 3088/3130/3070 3089/3126/3071
f 3102/3119/3084 3101/3118/3083 3116/3131/3098 3117/3132/3099
f 3080/3123/3062 3079/3122/3061 3094/3133/3076 3095/3134/3077
f 3088/3130/3070 3087/3116/3069 3102/3119/3084 3103/3135/3085
f 3081/3120/3063 3080/3123/3062 3095/3134/3077 3096/3136/3078
f 3089/3126/3071 3088/3130/3070 3103/3135/3085 3104/3137/3086
f 3082/3121/3064 3081/3120/3063 3096/3136/3078 3097/3138/3079
f 3076/3127/3058 3089/3126/3071 3104/3137/3086 3091/3139/3073
f 3083/3129/3065 3082/3121/3064 3097/3138/3079 3098/3140/3080
f 3075/3112/3057 3076/3127/3058 3091/3139/3073 3090/3141/3072
f 3084/3124/3066 3083/3129/3065 3098/3140/3080 3099/3142/3081
f 3077/3113/3059 3075/3112/3057 3090/3141/3072 3092/3143/3074
f 3085/3125/3067 3084/3124/3066 3099/3142/3081 3100/3144/3082
f 3078/3128/3060 3077/3113/3059 3092/3143/3074 3093/3145/3075
f 3086/3117/3068 3085/3125/3067 3100/3144/3082 3101/3118/3083
f 3079/3122/3061 3078/3128/3060 3093/3145/3075 3094/3133/3076
f 3109/3146/3091 3108/3147/3090 3120/3148/3102
f 3095/3134/3077 3094/3133/3076 3109/3146/3091 3110/3149/3092
f 3103/3135/3085 3102/3119/3084 3117/3132/3099 3118/3150/3100
f 3096/3136/3078 3095/3134/3077 3110/3149/3092 3111/3151/3093
f 3104/3137/3086 3103/3135/3085 3118/3150/3100 3119/3152/3101
f 3097/3138/3079 3096/3136/3078 3111/3151/3093 3112/3153/3094
f 3091/3139/3073 3104/3137/3086 3119/3152/3101 3106/3154/3088
f 3098/3140/3080 3097/3138/3079 3112/3153/3094 3113/3155/3095
f 3090/3141/3072 3091/3139/3073 3106/3154/3088 3105/3156/3087
f 3099/3142/3081 3098/3140/3080 3113/3155/3095 3114/3157/3096
f 3092/3143/3074 3090/3141/3072 3105/3156/3087 3107/3158/3089
f 3100/3144/3082 3099/3142/3081 3114/3157/3096 3115/3159/3097
f 3093/3145/3075 3092/3143/3074 3107/3158/3089 3108/3147/3090
f 3101/3118/3083 3100/3144/3082 3115/3159/3097 3116/3131/3098
f 3094/3133/3076 3093/3145/3075 3108/3147/3090 3109/3146/3091
f 3117/3132/3099 3116/3131/3098 3120/3148/3102
f 3110/3149/3092 3109/3146/3091 3120/3148/3102
f 3118/3150/3100 3117/3132/3099 3120/3148/3102
f 3111/3151/3093 3110/3149/3092 3120/3148/3102
f 3119/3152/3101 3118/3150/3100 3120/3148/3102
f 3112/3153/3094 3111/3151/3093 3120/3148/3102
f 3106/3154/3088 3119/3152/3101 3120/3148/3102
f 3113/3155/3095 3112/3153/3094 3120/3148/3102
f 3105/3156/3087 3106/3154/3088 3120/3148/3102
f 3114/3157/3096 3113/3155/3095 3120/3148/3102
f 3107/3158/3089 3105/3156/3087 3120/3148/3102
f 3115/3159/3097 3114/3157/3096 3120/3148/3102
f 3108/3147/3090 3107/3158/3089 3120/3148/3102
f 3116/3131/3098 3115/3159/3097 3120/3148/3102
f 3121/3160/3103 3122/3161/3104 3124/3162/3106 3123/3163/3105
f 3123/3163/3105 3124/3162/3106 3126/3164/3108 3125/3165/3107
f 3125/3165/3107 3126/3164/3108 3128/3166/3110 3127/3167/3109
f 3127/3167/3109 3128/3166/3110 3130/3168/3112 3129/3169/3111
f 3129/3169/3111 3130/3168/3112 3132/3170/3114 3131/3171/3113
f 3131/3171/3113 3132/3170/3114 3134/3172/3116 3133/3173/3115
f 3133/3173/3115 3134/3172/3116 3136/3174/3118 3135/3175/3117
f 3135/3175/3117 3136/3174/3118 3138/3176/3120 3137/3177/3119
f 3137/3177/3119 3138/3176/3120 3140/3178/3122 3139/3179/3121
f 3139/3179/3121 3140/3178/3122 3142/3180/3124 3141/3181/3123
f 3141/3181/3123 3142/3180/3124 3144/3182/3126 3143/3183/3125
f 3143/3183/3125 3144/3182/3126 3146/3184/3128 3145/3185/3127
f 3145/3185/3127 3146/3184/3128 3148/3186/3130 3147/3187/3129
f 3126/3164/3108 3124/3162/3106 3151/3188/3133 3153/3189/3135
f 3147/3187/3129 3148/3186/3130 3150/3190/3132 3149/3191/3131
f 3149/3191/3131 3150/3190/3132 3122/3161/3104 3121/3160/3103
f 3163/3192/3145 3162/3193/3144 3177/3194/3159 3178/3195/3160
f 3136/3174/3118 3134/3172/3116 3157/3196/3139 3158/3197/3140
f 3146/3184/3128 3144/3182/3126 3162/3193/3144 3163/3192/3145
f 3132/3170/3114 3130/3168/3112 3155/3198/3137 3156/3199/3138
f 3142/3180/3124 3140/3178/3122 3160/3200/3142 3161/3201/3143
f 3122/3161/3104 3150/3190/3132 3165/3202/3147 3152/3203/3134
f 3128/3166/3110 3126/3164/3108 3153/3189/3135 3154/3204/3136
f 3138/3176/3120 3136/3174/3118 3158/3197/3140 3159/3205/3141
f 3124/3162/3106 3122/3161/3104 3152/3203/3134 3151/3188/3133
f 3148/3186/3130 3146/3184/3128 3163/3192/3145 3164/3206/3146
f 3134/3172/3116 3132/3170/3114 3156/3199/3138 3157/3196/3139
f 3144/3182/3126 3142/3180/3124 3161/3201/3143 3162/3193/3144
f 3130/3168/3112 3128/3166/3110 3154/3204/3136 3155/3198/3137
f 3140/3178/3122 3138/3176/3120 3159/3205/3141 3160/3200/3142
f 3150/3190/3132 3148/3186/3130 3164/3206/3146 3165/3202/3147
f 3178/3195/3160 3177/3194/3159 3192/3207/3174 3193/3208/3175
f 3156/3199/3138 3155/3198/3137 3170/3209/3152 3171/3210/3153
f 3164/3206/3146 3163/3192/3145 3178/3195/3160 3179/3211/3161
f 3157/3196/3139 3156/3199/3138 3171/3210/3153 3172/3212/3154
f 3165/3202/3147 3164/3206/3146 3179/3211/3161 3180/3213/3162
f 3158/3197/3140 3157/3196/3139 3172/3212/3154 3173/3214/3155
f 3152/3203/3134 3165/3202/3147 3180/3213/3162 3167/3215/3149
f 3159/3205/3141 3158/3197/3140 3173/3214/3155 3174/3216/3156
f 3151/3188/3133 3152/3203/3134 3167/3215/3149 3166/3217/3148
f 3160/3200/3142 3159/3205/3141 3174/3216/3156 3175/3218/3157
f 3153/3189/3135 3151/3188/3133 3166/3217/3148 3168/3219/3150
f 3161/3201/3143 3160/3200/3142 3175/3218/3157 3176/3220/3158
f 3154/3204/3136 3153/3189/3135 3168/3219/3150 3169/3221/3151
f 3162/3193/3144 3161/3201/3143 3176/3220/3158 3177/3194/3159
f 3155/3198/3137 3154/3204/3136 3169/3221/3151 3170/3209/3152
f 3185/3222/3167 3184/3223/3166 3196/3224/3178
f 3171/3210/3153 3170/3209/3152 3185/3222/3167 3186/3225/3168
f 3179/3211/3161 3178/3195/3160 3193/3208/3175 3194/3226/3176
f 3172/3212/3154 3171/3210/3153 3186/3225/3168 3187/3227/3169
f 3180/3213/3162 3179/3211/3161 3194/3226/3176 3195/3228/3177
f 3173/3214/3155 3172/3212/3154 3187/3227/3169 3188/3229/3170
f 3167/3215/3149 3180/3213/3162 3195/3228/3177 3182/3230/3164
f 3174/3216/3156 3173/3214/3155 3188/3229/3170 3189/3231/3171
f 3166/3217/3148 3167/3215/3149 3182/3230/3164 3181/3232/3163
f 3175/3218/3157 3174/3216/3156 3189/3231/3171 3190/3233/3172
f 3168/3219/3150 3166/3217/3148 3181/3232/3163 3183/3234/3165
f 3176/3220/3158 3175/3218/3157 3190/3233/3172 3191/3235/3173
f 3169/3221/3151 3168/3219/3150 3183/3234/3165 3184/3223/3166
f 3177/3194/3159 3176/3220/3158 3191/3235/3173 3192/3207/3174
f 3170/3209/3152 3169/3221/3151 3184/3223/3166 3185/3222/3167
f 3193/3208/3175 3192/3207/3174 3196/3224/3178
f 3186/3225/3168 3185/3222/3167 3196/3224/3178
f 3194/3226/3176 3193/3208/3175 3196/3224/3178
f 3187/3227/3169 3186/3225/3168 3196/3224/3178
f 3195/3228/3177 3194/3226/3176 3196/3224/3178
f 3188/3229/3170 3187/3227/3169 3196/3224/3178
f 3182/3230/3164 3195/3228/3177 3196/3224/3178
f 3189/3231/3171 3188/3229/3170 3196/3224/3178
f 3181/3232/3163 3182/3230/3164 3196/3224/3178
f 3190/3233/3172 3189/3231/3171 3196/3224/3178
f 3183/3234/3165 3181/3232/3163 3196/3224/3178
f 3191/3235/3173 3190/3233/3172 3196/3224/3178
f 3184/3223/3166 3183/3234/3165 3196/3224/3178
f 3192/3207/3174 3191/3235/3173 3196/3224/3178
f 3197/3236/3179 3198/3237/3180 3200/3238/3182 3199/3239/3181
f 3199/3239/3181 3200/3238/3182 3202/3240/3184 3201/3241/3183
f 3201/3241/3183 3202/3240/3184 3204/3242/3186 3203/3243/3185
f 3203/3243/3185 3204/3242/3186 3206/3244/3188 3205/3245/3187
f 3205/3245/3187 3206/3244/3188 3208/3246/3190 3207/3247/3189
f 3207/3247/3189 3208/3246/3190 3210/3248/3192 3209/3249/3191
f 3209/3249/3191 3210/3248/3192 3212/3250/3194 3211/3251/3193
f 3211/3251/3193 3212/3250/3194 3214/3252/3196 3213/3253/3195
f 3213/3253/3195 3214/3252/3196 3216/3254/3198 3215/3255/3197
f 3215/3255/3197 3216/3254/3198 3218/3256/3200 3217/3257/3199
f 3217/3257/3199 3218/3256/3200 3220/3258/3202 3219/3259/3201
f 3219/3259/3201 3220/3258/3202 3222/3260/3204 3221/3261/3203
f 3221/3261/3203 3222/3260/3204 3224/3262/3206 3223/3263/3205
f 3202/3240/3184 3200/3238/3182 3227/3264/3209 3229/3265/3211
f 3223/3263/3205 3224/3262/3206 3226/3266/3208 3225/3267/3207
f 3225/3267/3207 3226/3266/3208 3198/3237/3180 3197/3236/3179
f 3239/3268/3221 3238/3269/3220 3253/3270/3235 3254/3271/3236
f 3212/3250/3194 3210/3248/3192 3233/3272/3215 3234/3273/3216
f 3222/3260/3204 3220/3258/3202 3238/3269/3220 3239/3268/3221
f 3208/3246/3190 3206/3244/3188 3231/3274/3213 3232/3275/3214
f 3218/3256/3200 3216/3254/3198 3236/3276/3218 3237/3277/3219
f 3198/3237/3180 3226/3266/3208 3241/3278/3223 3228/3279/3210
f 3204/3242/3186 3202/3240/3184 3229/3265/3211 3230/3280/3212
f 3214/3252/3196 3212/3250/3194 3234/3273/3216 3235/3281/3217
f 3200/3238/3182 3198/3237/3180 3228/3279/3210 3227/3264/3209
f 3224/3262/3206 3222/3260/3204 3239/3268/3221 3240/3282/3222
f 3210/3248/3192 3208/3246/3190 3232/3275/3214 3233/3272/3215
f 3220/3258/3202 3218/3256/3200 3237/3277/3219 3238/3269/3220
f 3206/3244/3188 3204/3242/3186 3230/3280/3212 3231/3274/3213
f 3216/3254/3198 3214/3252/3196 3235/3281/3217 3236/3276/3218
f 3226/3266/3208 3224/3262/3206 3240/3282/3222 3241/3278/3223
f 3254/3271/3236 3253/3270/3235 3268/3283/3250 3269/3284/3251
f 3232/3275/3214 3231/3274/3213 3246/3285/3228 3247/3286/3229
f 3240/3282/3222 3239/3268/3221 3254/3271/3236 3255/3287/3237
f 3233/3272/3215 3232/3275/3214 3247/3286/3229 3248/3288/3230
f 3241/3278/3223 3240/3282/3222 3255/3287/3237 3256/3289/3238
f 3234/3273/3216 3233/3272/3215 3248/3288/3230 3249/3290/3231
f 3228/3279/3210 3241/3278/3223 3256/3289/3238 3243/3291/3225
f 3235/3281/3217 3234/3273/3216 3249/3290/3231 3250/3292/3232
f 3227/3264/3209 3228/3279/3210 3243/3291/3225 3242/3293/3224
f 3236/3276/3218 3235/3281/3217 3250/3292/3232 3251/3294/3233
f 3229/3265/3211 3227/3264/3209 3242/3293/3224 3244/3295/3226
f 3237/3277/3219 3236/3276/3218 3251/3294/3233 3252/3296/3234
f 3230/3280/3212 3229/3265/3211 3244/3295/3226 3245/3297/3227
f 3238/3269/3220 3237/3277/3219 3252/3296/3234 3253/3270/3235
f 3231/3274/3213 3230/3280/3212 3245/3297/3227 3246/3285/3228
f 3261/3298/3243 3260/3299/3242 3272/3300/3254
f 3247/3286/3229 3246/3285/3228 3261/3298/3243 3262/3301/3244
f 3255/3287/3237 3254/3271/3236 3269/3284/3251 3270/3302/3252
f 3248/3288/3230 3247/3286/3229 3262/3301/3244 3263/3303/3245
f 3256/3289/3238 3255/3287/3237 3270/3302/3252 3271/3304/3253
f 3249/3290/3231 3248/3288/3230 3263/3303/3245 3264/3305/3246
f 3243/3291/3225 3256/3289/3238 3271/3304/3253 3258/3306/3240
f 3250/3292/3232 3249/3290/3231 3264/3305/3246 3265/3307/3247
f 3242/3293/3224 3243/3291/3225 3258/3306/3240 3257/3308/3239
f 3251/3294/3233 3250/3292/3232 3265/3307/3247 3266/3309/3248
f 3244/3295/3226 3242/3293/3224 3257/3308/3239 3259/3310/3241
f 3252/3296/3234 3251/3294/3233 3266/3309/3248 3267/3311/3249
f 3245/3297/3227 3244/3295/3226 3259/3310/3241 3260/3299/3242
f 3253/3270/3235 3252/3296/3234 3267/3311/3249 3268/3283/3250
f 3246/3285/3228 3245/3297/3227 3260/3299/3242 3261/3298/3243
f 3269/3284/3251 3268/3283/3250 3272/3300/3254
f 3262/3301/3244 3261/3298/3243 3272/3300/3254
f 3270/3302/3252 3269/3284/3251 3272/3300/3254
f 3263/3303/3245 3262/3301/3244 3272/3300/3254
f 3271/3304/3253 3270/3302/3252 3272/3300/3254
f 3264/3305/3246 3263/3303/3245 3272/3300/3254
f 3258/3306/3240 3271/3304/3253 3272/3300/3254
f 3265/3307/3247 3264/3305/3246 3272/3300/3254
f 3257/3308/3239 3258/3306/3240 3272/3300/3254
f 3266/3309/3248 3265/3307/3247 3272/3300/3254
f 3259/3310/3241 3257/3308/3239 3272/3300/3254
f 3267/3311/3249 3266/3309/3248 3272/3300/3254
f 3260/3299/3242 3259/3310/3241 3272/3300/3254
f 3268/3283/3250 3267/3311/3249 3272/3300/3254
f 3273/3312/3255 3274/3313/3256 3276/3314/3258 3275/3315/3257
f 3275/3315/3257 3276/3314/3258 3278/3316/3260 3277/3317/3259
f 3277/3317/3259 3278/3316/3260 3280/3318/3262 3279/3319/3261
f 3279/3319/3261 3280/3318/3262 3282/3320/3264 3281/3321/3263
f 3281/3321/3263 3282/3320/3264 3284/3322/3266 3283/3323/3265
f 3283/3323/3265 3284/3322/3266 3286/3324/3268 3285/3325/3267
f 3285/3325/3267 3286/3324/3268 3288/3326/3270 3287/3327/3269
f 3287/3327/3269 3288/3326/3270 3290/3328/3272 3289/3329/3271
f 3289/3329/3271 3290/3328/3272 3292/3330/3274 3291/3331/3273
f 3291/3331/3273 3292/3330/3274 3294/3332/3276 3293/3333/3275
f 3293/3333/3275 3294/3332/3276 3296/3334/3278 3295/3335/3277
f 3295/3335/3277 3296/3334/3278 3298/3336/3280 3297/3337/3279
f 3297/3337/3279 3298/3336/3280 3300/3338/3282 3299/3339/3281
f 3278/3316/3260 3276/3314/3258 3303/3340/3285 3305/3341/3287
f 3299/3339/3281 3300/3338/3282 3302/3342/3284 3301/3343/3283
f 3301/3343/3283 3302/3342/3284 3274/3313/3256 3273/3312/3255
f 3315/3344/3297 3314/3345/3296 3329/3346/3311 3330/3347/3312
f 3288/3326/3270 3286/3324/3268 3309/3348/3291 3310/3349/3292
f 3298/3336/3280 3296/3334/3278 3314/3345/3296 3315/3344/3297
f 3284/3322/3266 3282/3320/3264 3307/3350/3289 3308/3351/3290
f 3294/3332/3276 3292/3330/3274 3312/3352/3294 3313/3353/3295
f 3274/3313/3256 3302/3342/3284 3317/3354/3299 3304/3355/3286
f 3280/3318/3262 3278/3316/3260 3305/3341/3287 3306/3356/3288
f 3290/3328/3272 3288/3326/3270 3310/3349/3292 3311/3357/3293
f 3276/3314/3258 3274/3313/3256 3304/3355/3286 3303/3340/3285
f 3300/3338/3282 3298/3336/3280 3315/3344/3297 3316/3358/3298
f 3286/3324/3268 3284/3322/3266 3308/3351/3290 3309/3348/3291
f 3296/3334/3278 3294/3332/3276 3313/3353/3295 3314/3345/3296
f 3282/3320/3264 3280/3318/3262 3306/3356/3288 3307/3350/3289
f 3292/3330/3274 3290/3328/3272 3311/3357/3293 3312/3352/3294
f 3302/3342/3284 3300/3338/3282 3316/3358/3298 3317/3354/3299
f 3330/3347/3312 3329/3346/3311 3344/3359/3326 3345/3360/3327
f 3308/3351/3290 3307/3350/3289 3322/3361/3304 3323/3362/3305
f 3316/3358/3298 3315/3344/3297 3330/3347/3312 3331/3363/3313
f 3309/3348/3291 3308/3351/3290 3323/3362/3305 3324/3364/3306
f 3317/3354/3299 3316/3358/3298 3331/3363/3313 3332/3365/3314
f 3310/3349/3292 3309/3348/3291 3324/3364/3306 3325/3366/3307
f 3304/3355/3286 3317/3354/3299 3332/3365/3314 3319/3367/3301
f 3311/3357/3293 3310/3349/3292 3325/3366/3307 3326/3368/3308
f 3303/3340/3285 3304/3355/3286 3319/3367/3301 3318/3369/3300
f 3312/3352/3294 3311/3357/3293 3326/3368/3308 3327/3370/3309
f 3305/3341/3287 3303/3340/3285 3318/3369/3300 3320/3371/3302
f 3313/3353/3295 3312/3352/3294 3327/3370/3309 3328/3372/3310
f 3306/3356/3288 3305/3341/3287 3320/3371/3302 3321/3373/3303
f 3314/3345/3296 3313/3353/3295 3328/3372/3310 3329/3346/3311
f 3307/3350/3289 3306/3356/3288 3321/3373/3303 3322/3361/3304
f 3337/3374/3319 3336/3375/3318 3348/3376/3330
f 3323/3362/3305 3322/3361/3304 3337/3374/3319 3338/3377/3320
f 3331/3363/3313 3330/3347/3312 3345/3360/3327 3346/3378/3328
f 3324/3364/3306 3323/3362/3305 3338/3377/3320 3339/3379/3321
f 3332/3365/3314 3331/3363/3313 3346/3378/3328 3347/3380/3329
f 3325/3366/3307 3324/3364/3306 3339/3379/3321 3340/3381/3322
f 3319/3367/3301 3332/3365/3314 3347/3380/3329 3334/3382/3316
f 3326/3368/3308 3325/3366/3307 3340/3381/3322 3341/3383/3323
f 3318/3369/3300 3319/3367/3301 3334/3382/3316 3333/3384/3315
f 3327/3370/3309 3326/3368/3308 3341/3383/3323 3342/3385/3324
f 3320/3371/3302 3318/3369/3300 3333/3384/3315 3335/3386/3317
f 3328/3372/3310 3327/3370/3309 3342/3385/3324 3343/3387/3325
f 3321/3373/3303 3320/3371/3302 3335/3386/3317 3336/3375/3318
f 3329/3346/3311 3328/3372/3310 3343/3387/3325 3344/3359/3326
f 3322/3361/3304 3321/3373/3303 3336/3375/3318 3337/3374/3319
f 3345/3360/3327 3344/3359/3326 3348/3376/3330
f 3338/3377/3320 3337/3374/3319 3348/3376/3330
f 3346/3378/3328 3345/3360/3327 3348/3376/3330
f 3339/3379/3321 3338/3377/3320 3348/3376/3330
f 3347/3380/3329 3346/3378/3328 3348/3376/3330
f 3340/3381/3322 3339/3379/3321 3348/3376/3330
f 3334/3382/3316 3347/3380/3329 3348/3376/3330
f 3341/3383/3323 3340/3381/3322 3348/3376/3330
f 3333/3384/3315 3334/3382/3316 3348/3376/3330
f 3342/3385/3324 3341/3383/3323 3348/3376/3330
f 3335/3386/3317 3333/3384/3315 3348/3376/3330
f 3343/3387/3325 3342/3385/3324 3348/3376/3330
f 3336/3375/3318 3335/3386/3317 3348/3376/3330
f 3344/3359/3326 3343/3387/3325 3348/3376/3330
f 3349/3388/3331 3350/3389/3332 3352/3390/3334 3351/3391/3333
f 3351/3391/3333 3352/3390/3334 3354/3392/3336 3353/3393/3335
f 3353/3393/3335 3354/3392/3336 3356/3394/3338 3355/3395/3337
f 3355/3395/3337 3356/3394/3338 3358/3396/3340 3357/3397/3339
f 3357/3397/3339 3358/3396/3340 3360/3398/3342 3359/3399/3341
f 3359/3399/3341 3360/3398/3342 3362/3400/3344 3361/3401/3343
f 3361/3401/3343 3362/3400/3344 3364/3402/3346 3363/3403/3345
f 3363/3403/3345 3364/3402/3346 3366/3404/3348 3365/3405/3347
f 3365/3405/3347 3366/3404/3348 3368/3406/3350 3367/3407/3349
f 3367/3407/3349 3368/3406/3350 3370/3408/3352 3369/3409/3351
f 3369/3409/3351 3370/3408/3352 3372/3410/3354 3371/3411/3353
f 3371/3411/3353 3372/3410/3354 3374/3412/3356 3373/3413/3355
f 3373/3413/3355 3374/3412/3356 3376/3414/3358 3375/3415/3357
f 3354/3392/3336 3352/3390/3334 3379/3416/3361 3381/3417/3363
f 3375/3415/3357 3376/3414/3358 3378/3418/3360 3377/3419/3359
f 3377/3419/3359 3378/3418/3360 3350/3389/3332 3349/3388/3331
f 3391/3420/3373 3390/3421/3372 3405/3422/3387 3406/3423/3388
f 3364/3402/3346 3362/3400/3344 3385/3424/3367 3386/3425/3368
f 3374/3412/3356 3372/3410/3354 3390/3421/3372 3391/3420/3373
f 3360/3398/3342 3358/3396/3340 3383/3426/3365 3384/3427/3366
f 3370/3408/3352 3368/3406/3350 3388/3428/3370 3389/3429/3371
f 3350/3389/3332 3378/3418/3360 3393/3430/3375 3380/3431/3362
f 3356/3394/3338 3354/3392/3336 3381/3417/3363 3382/3432/3364
f 3366/3404/3348 3364/3402/3346 3386/3425/3368 3387/3433/3369
f 3352/3390/3334 3350/3389/3332 3380/3431/3362 3379/3416/3361
f 3376/3414/3358 3374/3412/3356 3391/3420/3373 3392/3434/3374
f 3362/3400/3344 3360/3398/3342 3384/3427/3366 3385/3424/3367
f 3372/3410/3354 3370/3408/3352 3389/3429/3371 3390/3421/3372
f 3358/3396/3340 3356/3394/3338 3382/3432/3364 3383/3426/3365
f 3368/3406/3350 3366/3404/3348 3387/3433/3369 3388/3428/3370
f 3378/3418/3360 3376/3414/3358 3392/3434/3374 3393/3430/3375
f 3406/3423/3388 3405/3422/3387 3420/3435/3402 3421/3436/3403
f 3384/3427/3366 3383/3426/3365 3398/3437/3380 3399/3438/3381
f 3392/3434/3374 3391/3420/3373 3406/3423/3388 3407/3439/3389
f 3385/3424/3367 3384/3427/3366 3399/3438/3381 3400/3440/3382
f 3393/3430/3375 3392/3434/3374 3407/3439/3389 3408/3441/3390
f 3386/3425/3368 3385/3424/3367 3400/3440/3382 3401/3442/3383
f 3380/3431/3362 3393/3430/3375 3408/3441/3390 3395/3443/3377
f 3387/3433/3369 3386/3425/3368 3401/3442/3383 3402/3444/3384
f 3379/3416/3361 3380/3431/3362 3395/3443/3377 3394/3445/3376
f 3388/3428/3370 3387/3433/3369 3402/3444/3384 3403/3446/3385
f 3381/3417/3363 3379/3416/3361 3394/3445/3376 3396/3447/3378
f 3389/3429/3371 3388/3428/3370 3403/3446/3385 3404/3448/3386
f 3382/3432/3364 3381/3417/3363 3396/3447/3378 3397/3449/3379
f 3390/3421/3372 3389/3429/3371 3404/3448/3386 3405/3422/3387
f 3383/3426/3365 3382/3432/3364 3397/3449/3379 3398/3437/3380
f 3413/3450/3395 3412/3451/3394 3424/3452/3406
f 3399/3438/3381 3398/3437/3380 3413/3450/3395 3414/3453/3396
f 3407/3439/3389 3406/3423/3388 3421/3436/3403 3422/3454/3404
f 3400/3440/3382 3399/3438/3381 3414/3453/3396 3415/3455/3397
f 3408/3441/3390 3407/3439/3389 3422/3454/3404 3423/3456/3405
f 3401/3442/3383 3400/3440/3382 3415/3455/3397 3416/3457/3398
f 3395/3443/3377 3408/3441/3390 3423/3456/3405 3410/3458/3392
f 3402/3444/3384 3401/3442/3383 3416/3457/3398 3417/3459/3399
f 3394/3445/3376 3395/3443/3377 3410/3458/3392 3409/3460/3391
f 3403/3446/3385 3402/3444/3384 3417/3459/3399 3418/3461/3400
f 3396/3447/3378 3394/3445/3376 3409/3460/3391 3411/3462/3393
f 3404/3448/3386 3403/3446/3385 3418/3461/3400 3419/3463/3401
f 3397/3449/3379 3396/3447/3378 3411/3462/3393 3412/3451/3394
f 3405/3422/3387 3404/3448/3386 3419/3463/3401 3420/3435/3402
f 3398/3437/3380 3397/3449/3379 3412/3451/3394 3413/3450/3395
f 3421/3436/3403 3420/3435/3402 3424/3452/3406
f 3414/3453/3396 3413/3450/3395 3424/3452/3406
f 3422/3454/3404 3421/3436/3403 3424/3452/3406
f 3415/3455/3397 3414/3453/3396 3424/3452/3406
f 3423/3456/3405 3422/3454/3404 3424/3452/3406
f 3416/3457/3398 3415/3455/3397 3424/3452/3406
f 3410/3458/3392 3423/3456/3405 3424/3452/3406
f 3417/3459/3399 3416/3457/3398 3424/3452/3406
f 3409/3460/3391 3410/3458/3392 3424/3452/3406
f 3418/3461/3400 3417/3459/3399 3424/3452/3406
f 3411/3462/3393 3409/3460/3391 3424/3452/3406
f 3419/3463/3401 3418/3461/3400 3424/3452/3406
f 3412/3451/3394 3411/3462/3393 3424/3452/3406
f 3420/3435/3402 3419/3463/3401 3424/3452/3406
f 3425/3464/3407 3426/3465/3408 3428/3466/3410 3427/3467/3409
f 3427/3467/3409 3428/3466/3410 3430/3468/3412 3429/3469/3411
f 3429/3469/3411 3430/3468/3412 3432/3470/3414 3431/3471/3413
f 3431/3471/3413 3432/3470/3414 3434/3472/3416 3433/3473/3415
f 3433/3473/3415 3434/3472/3416 3436/3474/3418 3435/3475/3417
f 3435/3475/3417 3436/3474/3418 3438/3476/3420 3437/3477/3419
f 3437/3477/3419 3438/3476/3420 3440/3478/3422 3439/3479/3421
f 3439/3479/3421 3440/3478/3422 3442/3480/3424 3441/3481/3423
f 3441/3481/3423 3442/3480/3424 3444/3482/3426 3443/3483/3425
f 3443/3483/3425 3444/3482/3426 3446/3484/3428 3445/3485/3427
f 3445/3485/3427 3446/3484/3428 3448/3486/3430 3447/3487/3429
f 3447/3487/3429 3448/3486/3430 3450/3488/3432 3449/3489/3431
f 3449/3489/3431 3450/3488/3432 3452/3490/3434 3451/3491/3433
f 3430/3468/3412 3428/3466/3410 3455/3492/3437 3457/3493/3439
f 3451/3491/3433 3452/3490/3434 3454/3494/3436 3453/3495/3435
f 3453/3495/3435 3454/3494/3436 3426/3465/3408 3425/3464/3407
f 3467/3496/3449 3466/3497/3448 3481/3498/3463 3482/3499/3464
f 3440/3478/3422 3438/3476/3420 3461/3500/3443 3462/3501/3444
f 3450/3488/3432 3448/3486/3430 3466/3497/3448 3467/3496/3449
f 3436/3474/3418 3434/3472/3416 3459/3502/3441 3460/3503/3442
f 3446/3484/3428 3444/3482/3426 3464/3504/3446 3465/3505/3447
f 3426/3465/3408 3454/3494/3436 3469/3506/3451 3456/3507/3438
f 3432/3470/3414 3430/3468/3412 3457/3493/3439 3458/3508/3440
f 3442/3480/3424 3440/3478/3422 3462/3501/3444 3463/3509/3445
f 3428/3466/3410 3426/3465/3408 3456/3507/3438 3455/3492/3437
f 3452/3490/3434 3450/3488/3432 3467/3496/3449 3468/3510/3450
f 3438/3476/3420 3436/3474/3418 3460/3503/3442 3461/3500/3443
f 3448/3486/3430 3446/3484/3428 3465/3505/3447 3466/3497/3448
f 3434/3472/3416 3432/3470/3414 3458/3508/3440 3459/3502/3441
f 3444/3482/3426 3442/3480/3424 3463/3509/3445 3464/3504/3446
f 3454/3494/3436 3452/3490/3434 3468/3510/3450 3469/3506/3451
f 3482/3499/3464 3481/3498/3463 3496/3511/3478 3497/3512/3479
f 3460/3503/3442 3459/3502/3441 3474/3513/3456 3475/3514/3457
f 3468/3510/3450 3467/3496/3449 3482/3499/3464 3483/3515/3465
f 3461/3500/3443 3460/3503/3442 3475/3514/3457 3476/3516/3458
f 3469/3506/3451 3468/3510/3450 3483/3515/3465 3484/3517/3466
f 3462/3501/3444 3461/3500/3443 3476/3516/3458 3477/3518/3459
f 3456/3507/3438 3469/3506/3451 3484/3517/3466 3471/3519/3453
f 3463/3509/3445 3462/3501/3444 3477/3518/3459 3478/3520/3460
f 3455/3492/3437 3456/3507/3438 3471/3519/3453 3470/3521/3452
f 3464/3504/3446 3463/3509/3445 3478/3520/3460 3479/3522/3461
f 3457/3493/3439 3455/3492/3437 3470/3521/3452 3472/3523/3454
f 3465/3505/3447 3464/3504/3446 3479/3522/3461 3480/3524/3462
f 3458/3508/3440 3457/3493/3439 3472/3523/3454 3473/3525/3455
f 3466/3497/3448 3465/3505/3447 3480/3524/3462 3481/3498/3463
f 3459/3502/3441 3458/3508/3440 3473/3525/3455 3474/3513/3456
f 3489/3526/3471 3488/3527/3470 3500/3528/3482
f 3475/3514/3457 3474/3513/3456 3489/3526/3471 3490/3529/3472
f 3483/3515/3465 3482/3499/3464 3497/3512/3479 3498/3530/3480
f 3476/3516/3458 3475/3514/3457 3490/3529/3472 3491/3531/3473
f 3484/3517/3466 3483/3515/3465 3498/3530/3480 3499/3532/3481
f 3477/3518/3459 3476/3516/3458 3491/3531/3473 3492/3533/3474
f 3471/3519/3453 3484/3517/3466 3499/3532/3481 3486/3534/3468
f 3478/3520/3460 3477/3518/3459 3492/3533/3474 3493/3535/3475
f 3470/3521/3452 3471/3519/3453 3486/3534/3468 3485/3536/3467
f 3479/3522/3461 3478/3520/3460 3493/3535/3475 3494/3537/3476
f 3472/3523/3454 3470/3521/3452 3485/3536/3467 3487/3538/3469
f 3480/3524/3462 3479/3522/3461 3494/3537/3476 3495/3539/3477
f 3473/3525/3455 3472/3523/3454 3487/3538/3469 3488/3527/3470
f 3481/3498/3463 3480/3524/3462 3495/3539/3477 3496/3511/3478
f 3474/3513/3456 3473/3525/3455 3488/3527/3470 3489/3526/3471
f 3497/3512/3479 3496/3511/3478 3500/3528/3482
f 3490/3529/3472 3489/3526/3471 3500/3528/3482
f 3498/3530/3480 3497/3512/3479 3500/3528/3482
f 3491/3531/3473 3490/3529/3472 3500/3528/3482
f 3499/3532/3481 3498/3530/3480 3500/3528/3482
f 3492/3533/3474 3491/3531/3473 3500/3528/3482
f 3486/3534/3468 3499/3532/3481 3500/3528/3482
f 3493/3535/3475 3492/3533/3474 3500/3528/3482
f 3485/3536/3467 3486/3534/3468 3500/3528/3482
f 3494/3537/3476 3493/3535/3475 3500/3528/3482
f 3487/3538/3469 3485/3536/3467 3500/3528/3482
f 3495/3539/3477 3494/3537/3476 3500/3528/3482
f 3488/3527/3470 3487/3538/3469 3500/3528/3482
f 3496/3511/3478 3495/3539/3477 3500/3528/3482
f 3501/3540/3483 3502/3541/3484 3504/3542/3486 3503/3543/3485
f 3503/3543/3485 3504/3542/3486 3506/3544/3488 3505/3545/3487
f 3505/3545/3487 3506/3544/3488 3508/3546/3490 3507/3547/3489
f 3507/3547/3489 3508/3546/3490 3510/3548/3492 3509/3549/3491
f 3509/3549/3491 3510/3548/3492 3512/3550/3494 3511/3551/3493
f 3511/3551/3493 3512/3550/3494 3514/3552/3496 3513/3553/3495
f 3513/3553/3495 3514/3552/3496 3516/3554/3498 3515/3555/3497
f 3515/3555/3497 3516/3554/3498 3518/3556/3500 3517/3557/3499
f 3517/3557/3499 3518/3556/3500 3520/3558/3502 3519/3559/3501
f 3519/3559/3501 3520/3558/3502 3522/3560/3504 3521/3561/3503
f 3521/3561/3503 3522/3560/3504 3524/3562/3506 3523/3563/3505
f 3523/3563/3505 3524/3562/3506 3526/3564/3508 3525/3565/3507
f 3525/3565/3507 3526/3564/3508 3528/3566/3510 3527/3567/3509
f 3506/3544/3488 3504/3542/3486 3531/3568/3513 3533/3569/3515
f 3527/3567/3509 3528/3566/3510 3530/3570/3512 3529/3571/3511
f 3529/3571/3511 3530/3570/3512 3502/3541/3484 3501/3540/3483
f 3543/3572/3525 3542/3573/3524 3557/3574/3539 3558/3575/3540
f 3516/3554/3498 3514/3552/3496 3537/3576/3519 3538/3577/3520
f 3526/3564/3508 3524/3562/3506 3542/3573/3524 3543/3572/3525
f 3512/3550/3494 3510/3548/3492 3535/3578/3517 3536/3579/3518
f 3522/3560/3504 3520/3558/3502 3540/3580/3522 3541/3581/3523
f 3502/3541/3484 3530/3570/3512 3545/3582/3527 3532/3583/3514
f 3508/3546/3490 3506/3544/3488 3533/3569/3515 3534/3584/3516
f 3518/3556/3500 3516/3554/3498 3538/3577/3520 3539/3585/3521
f 3504/3542/3486 3502/3541/3484 3532/3583/3514 3531/3568/3513
f 3528/3566/3510 3526/3564/3508 3543/3572/3525 3544/3586/3526
f 3514/3552/3496 3512/3550/3494 3536/3579/3518 3537/3576/3519
f 3524/3562/3506 3522/3560/3504 3541/3581/3523 3542/3573/3524
f 3510/3548/3492 3508/3546/3490 3534/3584/3516 3535/3578/3517
f 3520/3558/3502 3518/3556/3500 3539/3585/3521 3540/3580/3522
f 3530/3570/3512 3528/3566/3510 3544/3586/3526 3545/3582/3527
f 3558/3575/3540 3557/3574/3539 3572/3587/3554 3573/3588/3555
f 3536/3579/3518 3535/3578/3517 3550/3589/3532 3551/3590/3533
f 3544/3586/3526 3543/3572/3525 3558/3575/3540 3559/3591/3541
f 3537/3576/3519 3536/3579/3518 3551/3590/3533 3552/3592/3534
f 3545/3582/3527 3544/3586/3526 3559/3591/3541 3560/3593/3542
f 3538/3577/3520 3537/3576/3519 3552/3592/3534 3553/3594/3535
f 3532/3583/3514 3545/3582/3527 3560/3593/3542 3547/3595/3529
f 3539/3585/3521 3538/3577/3520 3553/3594/3535 3554/3596/3536
f 3531/3568/3513 3532/3583/3514 3547/3595/3529 3546/3597/3528
f 3540/3580/3522 3539/3585/3521 3554/3596/3536 3555/3598/3537
f 3533/3569/3515 3531/3568/3513 3546/3597/3528 3548/3599/3530
f 3541/3581/3523 3540/3580/3522 3555/3598/3537 3556/3600/3538
f 3534/3584/3516 3533/3569/3515 3548/3599/3530 3549/3601/3531
f 3542/3573/3524 3541/3581/3523 3556/3600/3538 3557/3574/3539
f 3535/3578/3517 3534/3584/3516 3549/3601/3531 3550/3589/3532
f 3565/3602/3547 3564/3603/3546 3576/3604/3558
f 3551/3590/3533 3550/3589/3532 3565/3602/3547 3566/3605/3548
f 3559/3591/3541 3558/3575/3540 3573/3588/3555 3574/3606/3556
f 3552/3592/3534 3551/3590/3533 3566/3605/3548 3567/3607/3549
f 3560/3593/3542 3559/3591/3541 3574/3606/3556 3575/3608/3557
f 3553/3594/3535 3552/3592/3534 3567/3607/3549 3568/3609/3550
f 3547/3595/3529 3560/3593/3542 3575/3608/3557 3562/3610/3544
f 3554/3596/3536 3553/3594/3535 3568/3609/3550 3569/3611/3551
f 3546/3597/3528 3547/3595/3529 3562/3610/3544 3561/3612/3543
f 3555/3598/3537 3554/3596/3536 3569/3611/3551 3570/3613/3552
f 3548/3599/3530 3546/3597/3528 3561/3612/3543 3563/3614/3545
f 3556/3600/3538 3555/3598/3537 3570/3613/3552 3571/3615/3553
f 3549/3601/3531 3548/3599/3530 3563/3614/3545 3564/3603/3546
f 3557/3574/3539 3556/3600/3538 3571/3615/3553 3572/3587/3554
f 3550/3589/3532 3549/3601/3531 3564/3603/3546 3565/3602/3547
f 3573/3588/3555 3572/3587/3554 3576/3604/3558
f 3566/3605/3548 3565/3602/3547 3576/3604/3558
f 3574/3606/3556 3573/3588/3555 3576/3604/3558
f 3567/3607/3549 3566/3605/3548 3576/3604/3558
f 3575/3608/3557 3574/3606/3556 3576/3604/3558
f 3568/3609/3550 3567/3607/3549 3576/3604/3558
f 3562/3610/3544 3575/3608/3557 3576/3604/3558
f 3569/3611/3551 3568/3609/3550 3576/3604/3558
f 3561/3612/3543 3562/3610/3544 3576/3604/3558
f 3570/3613/3552 3569/3611/3551 3576/3604/3558
f 3563/3614/3545 3561/3612/3543 3576/3604/3558
f 3571/3615/3553 3570/3613/3552 3576/3604/3558
f 3564/3603/3546 3563/3614/3545 3576/3604/3558
f 3572/3587/3554 3571/3615/3553 3576/3604/3558
f 3577/3616/3559 3578/3617/3560 3580/3618/3562 3579/3619/3561
f 3579/3619/3561 3580/3618/3562 3582/3620/3564 3581/3621/3563
f 3581/3621/3563 3582/3620/3564 3584/3622/3566 3583/3623/3565
f 3583/3623/3565 3584/3622/3566 3586/3624/3568 3585/3625/3567
f 3585/3625/3567 3586/3624/3568 3588/3626/3570 3587/3627/3569
f 3587/3627/3569 3588/3626/3570 3590/3628/3572 3589/3629/3571
f 3589/3629/3571 3590/3628/3572 3592/3630/3574 3591/3631/3573
f 3591/3631/3573 3592/3630/3574 3594/3632/3576 3593/3633/3575
f 3593/3633/3575 3594/3632/3576 3596/3634/3578 3595/3635/3577
f 3595/3635/3577 3596/3634/3578 3598/3636/3580 3597/3637/3579
f 3597/3637/3579 3598/3636/3580 3600/3638/3582 3599/3639/3581
f 3599/3639/3581 3600/3638/3582 3602/3640/3584 3601/3641/3583
f 3601/3641/3583 3602/3640/3584 3604/3642/3586 3603/3643/3585
f 3582/3620/3564 3580/3618/3562 3607/3644/3589 3609/3645/3591
f 3603/3643/3585 3604/3642/3586 3606/3646/3588 3605/3647/3587
f 3605/3647/3587 3606/3646/3588 3578/3617/3560 3577/3616/3559
f 3619/3648/3601 3618/3649/3600 3633/3650/3615 3634/3651/3616
f 3592/3630/3574 3590/3628/3572 3613/3652/3595 3614/3653/3596
f 3602/3640/3584 3600/3638/3582 3618/3649/3600 3619/3648/3601
f 3588/3626/3570 3586/3624/3568 3611/3654/3593 3612/3655/3594
f 3598/3636/3580 3596/3634/3578 3616/3656/3598 3617/3657/3599
f 3578/3617/3560 3606/3646/3588 3621/3658/3603 3608/3659/3590
f 3584/3622/3566 3582/3620/3564 3609/3645/3591 3610/3660/3592
f 3594/3632/3576 3592/3630/3574 3614/3653/3596 3615/3661/3597
f 3580/3618/3562 3578/3617/3560 3608/3659/3590 3607/3644/3589
f 3604/3642/3586 3602/3640/3584 3619/3648/3601 3620/3662/3602
f 3590/3628/3572 3588/3626/3570 3612/3655/3594 3613/3652/3595
f 3600/3638/3582 3598/3636/3580 3617/3657/3599 3618/3649/3600
f 3586/3624/3568 3584/3622/3566 3610/3660/3592 3611/3654/3593
f 3596/3634/3578 3594/3632/3576 3615/3661/3597 3616/3656/3598
f 3606/3646/3588 3604/3642/3586 3620/3662/3602 3621/3658/3603
f 3634/3651/3616 3633/3650/3615 3648/3663/3630 3649/3664/3631
f 3612/3655/3594 3611/3654/3593 3626/3665/3608 3627/3666/3609
f 3620/3662/3602 3619/3648/3601 3634/3651/3616 3635/3667/3617
f 3613/3652/3595 3612/3655/3594 3627/3666/3609 3628/3668/3610
f 3621/3658/3603 3620/3662/3602 3635/3667/3617 3636/3669/3618
f 3614/3653/3596 3613/3652/3595 3628/3668/3610 3629/3670/3611
f 3608/3659/3590 3621/3658/3603 3636/3669/3618 3623/3671/3605
f 3615/3661/3597 3614/3653/3596 3629/3670/3611 3630/3672/3612
f 3607/3644/3589 3608/3659/3590 3623/3671/3605 3622/3673/3604
f 3616/3656/3598 3615/3661/3597 3630/3672/3612 3631/3674/3613
f 3609/3645/3591 3607/3644/3589 3622/3673/3604 3624/3675/3606
f 3617/3657/3599 3616/3656/3598 3631/3674/3613 3632/3676/3614
f 3610/3660/3592 3609/3645/3591 3624/3675/3606 3625/3677/3607
f 3618/3649/3600 3617/3657/3599 3632/3676/3614 3633/3650/3615
f 3611/3654/3593 3610/3660/3592 3625/3677/3607 3626/3665/3608
f 3641/3678/3623 3640/3679/3622 3652/3680/3634
f 3627/3666/3609 3626/3665/3608 3641/3678/3623 3642/3681/3624
f 3635/3667/3617 3634/3651/3616 3649/3664/3631 3650/3682/3632
f 3628/3668/3610 3627/3666/3609 3642/3681/3624 3643/3683/3625
f 3636/3669/3618 3635/3667/3617 3650/3682/3632 3651/3684/3633
f 3629/3670/3611 3628/3668/3610 3643/3683/3625 3644/3685/3626
f 3623/3671/3605 3636/3669/3618 3651/3684/3633 3638/3686/3620
f 3630/3672/3612 3629/3670/3611 3644/3685/3626 3645/3687/3627
f 3622/3673/3604 3623/3671/3605 3638/3686/3620 3637/3688/3619
f 3631/3674/3613 3630/3672/3612 3645/3687/3627 3646/3689/3628
f 3624/3675/3606 3622/3673/3604 3637/3688/3619 3639/3690/3621
f 3632/3676/3614 3631/3674/3613 3646/3689/3628 3647/3691/3629
f 3625/3677/3607 3624/3675/3606 3639/3690/3621 3640/3679/3622
f 3633/3650/3615 3632/3676/3614 3647/3691/3629 3648/3663/3630
f 3626/3665/3608 3625/3677/3607 3640/3679/3622 3641/3678/3623
f 3649/3664/3631 3648/3663/3630 3652/3680/3634
f 3642/3681/3624 3641/3678/3623 3652/3680/3634
f 3650/3682/3632 3649/3664/3631 3652/3680/3634
f 3643/3683/3625 3642/3681/3624 3652/3680/3634
f 3651/3684/3633 3650/3682/3632 3652/3680/3634
f 3644/3685/3626 3643/3683/3625 3652/3680/3634
f 3638/3686/3620 3651/3684/3633 3652/3680/3634
f 3645/3687/3627 3644/3685/3626 3652/3680/3634
f 3637/3688/3619 3638/3686/3620 3652/3680/3634
f 3646/3689/3628 3645/3687/3627 3652/3680/3634
f 3639/3690/3621 3637/3688/3619 3652/3680/3634
f 3647/3691/3629 3646/3689/3628 3652/3680/3634
f 3640/3679/3622 3639/3690/3621 3652/3680/3634
f 3648/3663/3630 3647/3691/3629 3652/3680/3634
f 3665/3692/3647 3664/3693/3646 3679/3694/3661 3680/3695/3662
f 3680/3695/3662 3679/3694/3661 3694/3696/3676 3695/3697/3677
f 3658/3698/3640 3657/3699/3639 3672/3700/3654 3673/3701/3655
f 3666/3702/3648 3665/3692/3647 3680/3695/3662 3681/3703/3663
f 3659/3704/3641 3658/3698/3640 3673/3701/3655 3674/3705/3656
f 3667/3706/3649 3666/3702/3648 3681/3703/3663 3682/3707/3664
f 3660/3708/3642 3659/3704/3641 3674/3705/3656 3675/3709/3657
f 3654/3710/3636 3667/3706/3649 3682/3707/3664 3669/3711/3651
f 3661/3712/3643 3660/3708/3642 3675/3709/3657 3676/3713/3658
f 3653/3714/3635 3654/3710/3636 3669/3711/3651 3668/3715/3650
f 3662/3716/3644 3661/3712/3643 3676/3713/3658 3677/3717/3659
f 3655/3718/3637 3653/3714/3635 3668/3715/3650 3670/3719/3652
f 3663/3720/3645 3662/3716/3644 3677/3717/3659 3678/3721/3660
f 3656/3722/3638 3655/3718/3637 3670/3719/3652 3671/3723/3653
f 3664/3693/3646 3663/3720/3645 3678/3721/3660 3679/3694/3661
f 3657/3699/3639 3656/3722/3638 3671/3723/3653 3672/3700/3654
f 3687/3724/3669 3686/3725/3668 3698/3726/3680
f 3673/3701/3655 3672/3700/3654 3687/3724/3669 3688/3727/3670
f 3681/3703/3663 3680/3695/3662 3695/3697/3677 3696/3728/3678
f 3674/3705/3656 3673/3701/3655 3688/3727/3670 3689/3729/3671
f 3682/3707/3664 3681/3703/3663 3696/3728/3678 3697/3730/3679
f 3675/3709/3657 3674/3705/3656 3689/3729/3671 3690/3731/3672
f 3669/3711/3651 3682/3707/3664 3697/3730/3679 3684/3732/3666
f 3676/3713/3658 3675/3709/3657 3690/3731/3672 3691/3733/3673
f 3668/3715/3650 3669/3711/3651 3684/3732/3666 3683/3734/3665
f 3677/3717/3659 3676/3713/3658 3691/3733/3673 3692/3735/3674
f 3670/3719/3652 3668/3715/3650 3683/3734/3665 3685/3736/3667
f 3678/3721/3660 3677/3717/3659 3692/3735/3674 3693/3737/3675
f 3671/3723/3653 3670/3719/3652 3685/3736/3667 3686/3725/3668
f 3679/3694/3661 3678/3721/3660 3693/3737/3675 3694/3696/3676
f 3672/3700/3654 3671/3723/3653 3686/3725/3668 3687/3724/3669
f 3695/3697/3677 3694/3696/3676 3698/3726/3680
f 3688/3727/3670 3687/3724/3669 3698/3726/3680
f 3696/3728/3678 3695/3697/3677 3698/3726/3680
f 3689/3729/3671 3688/3727/3670 3698/3726/3680
f 3697/3730/3679 3696/3728/3678 3698/3726/3680
f 3690/3731/3672 3689/3729/3671 3698/3726/3680
f 3684/3732/3666 3697/3730/3679 3698/3726/3680
f 3691/3733/3673 3690/3731/3672 3698/3726/3680
f 3683/3734/3665 3684/3732/3666 3698/3726/3680
f 3692/3735/3674 3691/3733/3673 3698/3726/3680
f 3685/3736/3667 3683/3734/3665 3698/3726/3680
f 3693/3737/3675 3692/3735/3674 3698/3726/3680
f 3686/3725/3668 3685/3736/3667 3698/3726/3680
f 3694/3696/3676 3693/3737/3675 3698/3726/3680
f 3713/3738/3695 3700/3739/3682 3699/3740/3681 3701/3741/3683 3702/3742/3684 3703/3743/3685 3704/3744/3686 3705/3745/3687 3706/3746/3688 3707/3747/3689 3708/3748/3690 3709/3749/3691 3710/3750/3692 3711/3751/3693 3712/3752/3694
f 3711/3751/3693 3710/3750/3692 3725/3753/3707 3726/3754/3708
f 3726/3754/3708 3725/3753/3707 3740/3755/3722 3741/3756/3723
f 3704/3744/3686 3703/3743/3685 3718/3757/3700 3719/3758/3701
f 3712/3752/3694 3711/3751/3693 3726/3754/3708 3727/3759/3709
f 3705/3745/3687 3704/3744/3686 3719/3758/3701 3720/3760/3702
f 3713/3738/3695 3712/3752/3694 3727/3759/3709 3728/3761/3710
f 3706/3746/3688 3705/3745/3687 3720/3760/3702 3721/3762/3703
f 3700/3739/3682 3713/3738/3695 3728/3761/3710 3715/3763/3697
f 3707/3747/3689 3706/3746/3688 3721/3762/3703 3722/3764/3704
f 3699/3740/3681 3700/3739/3682 3715/3763/3697 3714/3765/3696
f 3708/3748/3690 3707/3747/3689 3722/3764/3704 3723/3766/3705
f 3701/3741/3683 3699/3740/3681 3714/3765/3696 3716/3767/3698
f 3709/3749/3691 3708/3748/3690 3723/3766/3705 3724/3768/3706
f 3702/3742/3684 3701/3741/3683 3716/3767/3698 3717/3769/3699
f 3710/3750/3692 3709/3749/3691 3724/3768/3706 3725/3753/3707
f 3703/3743/3685 3702/3742/3684 3717/3769/3699 3718/3757/3700
f 3733/3770/3715 3732/3771/3714 3744/3772/3726
f 3719/3758/3701 3718/3757/3700 3733/3770/3715 3734/3773/3716
f 3727/3759/3709 3726/3754/3708 3741/3756/3723 3742/3774/3724
f 3720/3760/3702 3719/3758/3701 3734/3773/3716 3735/3775/3717
f 3728/3761/3710 3727/3759/3709 3742/3774/3724 3743/3776/3725
f 3721/3762/3703 3720/3760/3702 3735/3775/3717 3736/3777/3718
f 3715/3763/3697 3728/3761/3710 3743/3776/3725 3730/3778/3712
f 3722/3764/3704 3721/3762/3703 3736/3777/3718 3737/3779/3719
f 3714/3765/3696 3715/3763/3697 3730/3778/3712 3729/3780/3711
f 3723/3766/3705 3722/3764/3704 3737/3779/3719 3738/3781/3720
f 3716/3767/3698 3714/3765/3696 3729/3780/3711 3731/3782/3713
f 3724/3768/3706 3723/3766/3705 3738/3781/3720 3739/3783/3721
f 3717/3769/3699 3716/3767/3698 3731/3782/3713 3732/3771/3714
f 3725/3753/3707 3724/3768/3706 3739/3783/3721 3740/3755/3722
f 3718/3757/3700 3717/3769/3699 3732/3771/3714 3733/3770/3715
f 3741/3756/3723 3740/3755/3722 3744/3772/3726
f 3734/3773/3716 3733/3770/3715 3744/3772/3726
f 3742/3774/3724 3741/3756/3723 3744/3772/3726
f 3735/3775/3717 3734/3773/3716 3744/3772/3726
f 3743/3776/3725 3742/3774/3724 3744/3772/3726
f 3736/3777/3718 3735/3775/3717 3744/3772/3726
f 3730/3778/3712 3743/3776/3725 3744/3772/3726
f 3737/3779/3719 3736/3777/3718 3744/3772/3726
f 3729/3780/3711 3730/3778/3712 3744/3772/3726
f 3738/3781/3720 3737/3779/3719 3744/3772/3726
f 3731/3782/3713 3729/3780/3711 3744/3772/3726
f 3739/3783/3721 3738/3781/3720 3744/3772/3726
f 3732/3771/3714 3731/3782/3713 3744/3772/3726
f 3740/3755/3722 3739/3783/3721 3744/3772/3726
f 3745/3784/3727 3746/3785/3728 3748/3786/3730 3747/3787/3729
f 3747/3787/3729 3748/3786/3730 3750/3788/3732 3749/3789/3731
f 3749/3789/3731 3750/3788/3732 3752/3790/3734 3751/3791/3733
f 3751/3791/3733 3752/3790/3734 3754/3792/3736 3753/3793/3735
f 3753/3793/3735 3754/3792/3736 3756/3794/3738 3755/3795/3737
f 3755/3795/3737 3756/3794/3738 3758/3796/3740 3757/3797/3739
f 3757/3797/3739 3758/3796/3740 3760/3798/3742 3759/3799/3741
f 3759/3799/3741 3760/3798/3742 3762/3800/3744 3761/3801/3743
f 3761/3801/3743 3762/3800/3744 3764/3802/3746 3763/3803/3745
f 3763/3803/3745 3764/3802/3746 3766/3804/3748 3765/3805/3747
f 3765/3805/3747 3766/3804/3748 3768/3806/3750 3767/3807/3749
f 3767/3807/3749 3768/3806/3750 3770/3808/3752 3769/3809/3751
f 3769/3809/3751 3770/3808/3752 3772/3810/3754 3771/3811/3753
f 3750/3788/3732 3748/3786/3730 3775/3812/3757 3777/3813/3759
f 3771/3811/3753 3772/3810/3754 3774/3814/3756 3773/3815/3755
f 3773/3815/3755 3774/3814/3756 3746/3785/3728 3745/3784/3727
f 3787/3816/3769 3786/3817/3768 3801/3818/3783 3802/3819/3784
f 3760/3798/3742 3758/3796/3740 3781/3820/3763 3782/3821/3764
f 3770/3808/3752 3768/3806/3750 3786/3817/3768 3787/3816/3769
f 3756/3794/3738 3754/3792/3736 3779/3822/3761 3780/3823/3762
f 3766/3804/3748 3764/3802/3746 3784/3824/3766 3785/3825/3767
f 3746/3785/3728 3774/3814/3756 3789/3826/3771 3776/3827/3758
f 3752/3790/3734 3750/3788/3732 3777/3813/3759 3778/3828/3760
f 3762/3800/3744 3760/3798/3742 3782/3821/3764 3783/3829/3765
f 3748/3786/3730 3746/3785/3728 3776/3827/3758 3775/3812/3757
f 3772/3810/3754 3770/3808/3752 3787/3816/3769 3788/3830/3770
f 3758/3796/3740 3756/3794/3738 3780/3823/3762 3781/3820/3763
f 3768/3806/3750 3766/3804/3748 3785/3825/3767 3786/3817/3768
f 3754/3792/3736 3752/3790/3734 3778/3828/3760 3779/3822/3761
f 3764/3802/3746 3762/3800/3744 3783/3829/3765 3784/3824/3766
f 3774/3814/3756 3772/3810/3754 3788/3830/3770 3789/3826/3771
f 3802/3819/3784 3801/3818/3783 3816/3831/3798 3817/3832/3799
f 3780/3823/3762 3779/3822/3761 3794/3833/3776 3795/3834/3777
f 3788/3830/3770 3787/3816/3769 3802/3819/3784 3803/3835/3785
f 3781/3820/3763 3780/3823/3762 3795/3834/3777 3796/3836/3778
f 3789/3826/3771 3788/3830/3770 3803/3835/3785 3804/3837/3786
f 3782/3821/3764 3781/3820/3763 3796/3836/3778 3797/3838/3779
f 3776/3827/3758 3789/3826/3771 3804/3837/3786 3791/3839/3773
f 3783/3829/3765 3782/3821/3764 3797/3838/3779 3798/3840/3780
f 3775/3812/3757 3776/3827/3758 3791/3839/3773 3790/3841/3772
f 3784/3824/3766 3783/3829/3765 3798/3840/3780 3799/3842/3781
f 3777/3813/3759 3775/3812/3757 3790/3841/3772 3792/3843/3774
f 3785/3825/3767 3784/3824/3766 3799/3842/3781 3800/3844/3782
f 3778/3828/3760 3777/3813/3759 3792/3843/3774 3793/3845/3775
f 3786/3817/3768 3785/3825/3767 3800/3844/3782 3801/3818/3783
f 3779/3822/3761 3778/3828/3760 3793/3845/3775 3794/3833/3776
f 3809/3846/3791 3808/3847/3790 3820/3848/3802
f 3795/3834/3777 3794/3833/3776 3809/3846/3791 3810/3849/3792
f 3803/3835/3785 3802/3819/3784 3817/3832/3799 3818/3850/3800
f 3796/3836/3778 3795/3834/3777 3810/3849/3792 3811/3851/3793
f 3804/3837/3786 3803/3835/3785 3818/3850/3800 3819/3852/3801
f 3797/3838/3779 3796/3836/3778 3811/3851/3793 3812/3853/3794
f 3791/3839/3773 3804/3837/3786 3819/3852/3801 3806/3854/3788
f 3798/3840/3780 3797/3838/3779 3812/3853/3794 3813/3855/3795
f 3790/3841/3772 3791/3839/3773 3806/3854/3788 3805/3856/3787
f 3799/3842/3781 3798/3840/3780 3813/3855/3795 3814/3857/3796
f 3792/3843/3774 3790/3841/3772 3805/3856/3787 3807/3858/3789
f 3800/3844/3782 3799/3842/3781 3814/3857/3796 3815/3859/3797
f 3793/3845/3775 3792/3843/3774 3807/3858/3789 3808/3847/3790
f 3801/3818/3783 3800/3844/3782 3815/3859/3797 3816/3831/3798
f 3794/3833/3776 3793/3845/3775 3808/3847/3790 3809/3846/3791
f 3817/3832/3799 3816/3831/3798 3820/3848/3802
f 3810/3849/3792 3809/3846/3791 3820/3848/3802
f 3818/3850/3800 3817/3832/3799 3820/3848/3802
f 3811/3851/3793 3810/3849/3792 3820/3848/3802
f 3819/3852/3801 3818/3850/3800 3820/3848/3802
f 3812/3853/3794 3811/3851/3793 3820/3848/3802
f 3806/3854/3788 3819/3852/3801 3820/3848/3802
f 3813/3855/3795 3812/3853/3794 3820/3848/3802
f 3805/3856/3787 3806/3854/3788 3820/3848/3802
f 3814/3857/3796 3813/3855/3795 3820/3848/3802
f 3807/3858/3789 3805/3856/3787 3820/3848/3802
f 3815/3859/3797 3814/3857/3796 3820/3848/3802
f 3808/3847/3790 3807/3858/3789 3820/3848/3802
f 3816/3831/3798 3815/3859/3797 3820/3848/3802
f 3823/3860/3805 3822/3861/3804 3836/3862/3818 3838/3863/3820
f 3848/3864/3830 3847/3865/3829 3862/3866/3844 3863/3867/3845
f 3828/3868/3810 3827/3869/3809 3842/3870/3824 3843/3871/3825
f 3833/3872/3815 3832/3873/3814 3847/3865/3829 3848/3864/3830
f 3826/3874/3808 3825/3875/3807 3840/3876/3822 3841/3877/3823
f 3831/3878/3813 3830/3879/3812 3845/3880/3827 3846/3881/3828
f 3821/3882/3803 3835/3883/3817 3850/3884/3832 3837/3885/3819
f 3824/3886/3806 3823/3860/3805 3838/3863/3820 3839/3887/3821
f 3829/3888/3811 3828/3868/3810 3843/3871/3825 3844/3889/3826
f 3822/3861/3804 3821/3882/3803 3837/3885/3819 3836/3862/3818
f 3834/3890/3816 3833/3872/3815 3848/3864/3830 3849/3891/3831
f 3827/3869/3809 3826/3874/3808 3841/3877/3823 3842/3870/3824
f 3832/3873/3814 3831/3878/3813 3846/3881/3828 3847/3865/3829
f 3825/3875/3807 3824/3886/3806 3839/3887/3821 3840/3876/3822
f 3830/3879/3812 3829/3888/3811 3844/3889/3826 3845/3880/3827
f 3835/3883/3817 3834/3890/3816 3849/3891/3831 3850/3884/3832
f 3863/3867/3845 3862/3866/3844 3877/3892/3859 3878/3893/3860
f 3841/3877/3823 3840/3876/3822 3855/3894/3837 3856/3895/3838
f 3849/3891/3831 3848/3864/3830 3863/3867/3845 3864/3896/3846
f 3842/3870/3824 3841/3877/3823 3856/3895/3838 3857/3897/3839
f 3850/3884/3832 3849/3891/3831 3864/3896/3846 3865/3898/3847
f 3843/3871/3825 3842/3870/3824 3857/3897/3839 3858/3899/3840
f 3837/3885/3819 3850/3884/3832 3865/3898/3847 3852/3900/3834
f 3844/3889/3826 3843/3871/3825 3858/3899/3840 3859/3901/3841
f 3836/3862/3818 3837/3885/3819 3852/3900/3834 3851/3902/3833
f 3845/3880/3827 3844/3889/3826 3859/3901/3841 3860/3903/3842
f 3838/3863/3820 3836/3862/3818 3851/3902/3833 3853/3904/3835
f 3846/3881/3828 3845/3880/3827 3860/3903/3842 3861/3905/3843
f 3839/3887/3821 3838/3863/3820 3853/3904/3835 3854/3906/3836
f 3847/3865/3829 3846/3881/3828 3861/3905/3843 3862/3866/3844
f 3840/3876/3822 3839/3887/3821 3854/3906/3836 3855/3894/3837
f 3870/3907/3852 3869/3908/3851 3881/3909/3863
f 3856/3895/3838 3855/3894/3837 3870/3907/3852 3871/3910/3853
f 3864/3896/3846 3863/3867/3845 3878/3893/3860 3879/3911/3861
f 3857/3897/3839 3856/3895/3838 3871/3910/3853 3872/3912/3854
f 3865/3898/3847 3864/3896/3846 3879/3911/3861 3880/3913/3862
f 3858/3899/3840 3857/3897/3839 3872/3912/3854 3873/3914/3855
f 3852/3900/3834 3865/3898/3847 3880/3913/3862 3867/3915/3849
f 3859/3901/3841 3858/3899/3840 3873/3914/3855 3874/3916/3856
f 3851/3902/3833 3852/3900/3834 3867/3915/3849 3866/3917/3848
f 3860/3903/3842 3859/3901/3841 3874/3916/3856 3875/3918/3857
f 3853/3904/3835 3851/3902/3833 3866/3917/3848 3868/3919/3850
f 3861/3905/3843 3860/3903/3842 3875/3918/3857 3876/3920/3858
f 3854/3906/3836 3853/3904/3835 3868/3919/3850 3869/3908/3851
f 3862/3866/3844 3861/3905/3843 3876/3920/3858 3877/3892/3859
f 3855/3894/3837 3854/3906/3836 3869/3908/3851 3870/3907/3852
f 3878/3893/3860 3877/3892/3859 3881/3909/3863
f 3871/3910/3853 3870/3907/3852 3881/3909/3863
f 3879/3911/3861 3878/3893/3860 3881/3909/3863
f 3872/3912/3854 3871/3910/3853 3881/3909/3863
f 3880/3913/3862 3879/3911/3861 3881/3909/3863
f 3873/3914/3855 3872/3912/3854 3881/3909/3863
f 3867/3915/3849 3880/3913/3862 3881/3909/3863
f 3874/3916/3856 3873/3914/3855 3881/3909/3863
f 3866/3917/3848 3867/3915/3849 3881/3909/3863
f 3875/3918/3857 3874/3916/3856 3881/3909/3863
f 3868/3919/3850 3866/3917/3848 3881/3909/3863
f 3876/3920/3858 3875/3918/3857 3881/3909/3863
f 3869/3908/3851 3868/3919/3850 3881/3909/3863
f 3877/3892/3859 3876/3920/3858 3881/3909/3863
f 3882/3921/3864 3883/3922/3865 3885/3923/3867 3884/3924/3866
f 3884/3924/3866 3885/3923/3867 3887/3925/3869 3886/3926/3868
f 3886/3926/3868 3887/3925/3869 3889/3927/3871 3888/3928/3870
f 3888/3928/3870 3889/3927/3871 3891/3929/3873 3890/3930/3872
f 3890/3930/3872 3891/3929/3873 3893/3931/3875 3892/3932/3874
f 3892/3932/3874 3893/3931/3875 3895/3933/3877 3894/3934/3876
f 3894/3934/3876 3895/3933/3877 3897/3935/3879 3896/3936/3878
f 3896/3936/3878 3897/3935/3879 3899/3937/3881 3898/3938/3880
f 3898/3938/3880 3899/3937/3881 3901/3939/3883 3900/3940/3882
f 3900/3940/3882 3901/3939/3883 3903/3941/3885 3902/3942/3884
f 3902/3942/3884 3903/3941/3885 3905/3943/3887 3904/3944/3886
f 3904/3944/3886 3905/3943/3887 3907/3945/3889 3906/3946/3888
f 3906/3946/3888 3907/3945/3889 3909/3947/3891 3908/3948/3890
f 3887/3925/3869 3885/3923/3867 3912/3949/3894 3914/3950/3896
f 3908/3948/3890 3909/3947/3891 3911/3951/3893 3910/3952/3892
f 3910/3952/3892 3911/3951/3893 3883/3922/3865 3882/3921/3864
f 3924/3953/3906 3923/3954/3905 3938/3955/3920 3939/3956/3921
f 3897/3935/3879 3895/3933/3877 3918/3957/3900 3919/3958/3901
f 3907/3945/3889 3905/3943/3887 3923/3954/3905 3924/3953/3906
f 3893/3931/3875 3891/3929/3873 3916/3959/3898 3917/3960/3899
f 3903/3941/3885 3901/3939/3883 3921/3961/3903 3922/3962/3904
f 3883/3922/3865 3911/3951/3893 3926/3963/3908 3913/3964/3895
f 3889/3927/3871 3887/3925/3869 3914/3950/3896 3915/3965/3897
f 3899/3937/3881 3897/3935/3879 3919/3958/3901 3920/3966/3902
f 3885/3923/3867 3883/3922/3865 3913/3964/3895 3912/3949/3894
f 3909/3947/3891 3907/3945/3889 3924/3953/3906 3925/3967/3907
f 3895/3933/3877 3893/3931/3875 3917/3960/3899 3918/3957/3900
f 3905/3943/3887 3903/3941/3885 3922/3962/3904 3923/3954/3905
f 3891/3929/3873 3889/3927/3871 3915/3965/3897 3916/3959/3898
f 3901/3939/3883 3899/3937/3881 3920/3966/3902 3921/3961/3903
f 3911/3951/3893 3909/3947/3891 3925/3967/3907 3926/3963/3908
f 3939/3956/3921 3938/3955/3920 3953/3968/3935 3954/3969/3936
f 3917/3960/3899 3916/3959/3898 3931/3970/3913 3932/3971/3914
f 3925/3967/3907 3924/3953/3906 3939/3956/3921 3940/3972/3922
f 3918/3957/3900 3917/3960/3899 3932/3971/3914 3933/3973/3915
f 3926/3963/3908 3925/3967/3907 3940/3972/3922 3941/3974/3923
f 3919/3958/3901 3918/3957/3900 3933/3973/3915 3934/3975/3916
f 3913/3964/3895 3926/3963/3908 3941/3974/3923 3928/3976/3910
f 3920/3966/3902 3919/3958/3901 3934/3975/3916 3935/3977/3917
f 3912/3949/3894 3913/3964/3895 3928/3976/3910 3927/3978/3909
f 3921/3961/3903 3920/3966/3902 3935/3977/3917 3936/3979/3918
f 3914/3950/3896 3912/3949/3894 3927/3978/3909 3929/3980/3911
f 3922/3962/3904 3921/3961/3903 3936/3979/3918 3937/3981/3919
f 3915/3965/3897 3914/3950/3896 3929/3980/3911 3930/3982/3912
f 3923/3954/3905 3922/3962/3904 3937/3981/3919 3938/3955/3920
f 3916/3959/3898 3915/3965/3897 3930/3982/3912 3931/3970/3913
f 3946/3983/3928 3945/3984/3927 3957/3985/3939
f 3932/3971/3914 3931/3970/3913 3946/3983/3928 3947/3986/3929
f 3940/3972/3922 3939/3956/3921 3954/3969/3936 3955/3987/3937
f 3933/3973/3915 3932/3971/3914 3947/3986/3929 3948/3988/3930
f 3941/3974/3923 3940/3972/3922 3955/3987/3937 3956/3989/3938
f 3934/3975/3916 3933/3973/3915 3948/3988/3930 3949/3990/3931
f 3928/3976/3910 3941/3974/3923 3956/3989/3938 3943/3991/3925
f 3935/3977/3917 3934/3975/3916 3949/3990/3931 3950/3992/3932
f 3927/3978/3909 3928/3976/3910 3943/3991/3925 3942/3993/3924
f 3936/3979/3918 3935/3977/3917 3950/3992/3932 3951/3994/3933
f 3929/3980/3911 3927/3978/3909 3942/3993/3924 3944/3995/3926
f 3937/3981/3919 3936/3979/3918 3951/3994/3933 3952/3996/3934
f 3930/3982/3912 3929/3980/3911 3944/3995/3926 3945/3984/3927
f 3938/3955/3920 3937/3981/3919 3952/3996/3934 3953/3968/3935
f 3931/3970/3913 3930/3982/3912 3945/3984/3927 3946/3983/3928
f 3954/3969/3936 3953/3968/3935 3957/3985/3939
f 3947/3986/3929 3946/3983/3928 3957/3985/3939
f 3955/3987/3937 3954/3969/3936 3957/3985/3939
f 3948/3988/3930 3947/3986/3929 3957/3985/3939
f 3956/3989/3938 3955/3987/3937 3957/3985/3939
f 3949/3990/3931 3948/3988/3930 3957/3985/3939
f 3943/3991/3925 3956/3989/3938 3957/3985/3939
f 3950/3992/3932 3949/3990/3931 3957/3985/3939
f 3942/3993/3924 3943/3991/3925 3957/3985/3939
f 3951/3994/3933 3950/3992/3932 3957/3985/3939
f 3944/3995/3926 3942/3993/3924 3957/3985/3939
f 3952/3996/3934 3951/3994/3933 3957/3985/3939
f 3945/3984/3927 3944/3995/3926 3957/3985/3939
f 3953/3968/3935 3952/3996/3934 3957/3985/3939
f 3958/3997/3940 3959/3998/3941 3961/3999/3943 3960/4000/3942
f 3960/4000/3942 3961/3999/3943 3963/4001/3945 3962/4002/3944
f 3962/4002/3944 3963/4001/3945 3965/4003/3947 3964/4004/3946
f 3964/4004/3946 3965/4003/3947 3967/4005/3949 3966/4006/3948
f 3966/4006/3948 3967/4005/3949 3969/4007/3951 3968/4008/3950
f 3968/4008/3950 3969/4007/3951 3971/4009/3953 3970/4010/3952
f 3970/4010/3952 3971/4009/3953 3973/4011/3955 3972/4012/3954
f 3972/4012/3954 3973/4011/3955 3975/4013/3957 3974/4014/3956
f 3974/4014/3956 3975/4013/3957 3977/4015/3959 3976/4016/3958
f 3976/4016/3958 3977/4015/3959 3979/4017/3961 3978/4018/3960
f 3978/4018/3960 3979/4017/3961 3981/4019/3963 3980/4020/3962
f 3980/4020/3962 3981/4019/3963 3983/4021/3965 3982/4022/3964
f 3982/4022/3964 3983/4021/3965 3985/4023/3967 3984/4024/3966
f 3963/4001/3945 3961/3999/3943 3988/4025/3970 3990/4026/3972
f 3984/4024/3966 3985/4023/3967 3987/4027/3969 3986/4028/3968
f 3986/4028/3968 3987/4027/3969 3959/3998/3941 3958/3997/3940
f 4000/4029/3982 3999/4030/3981 4014/4031/3996 4015/4032/3997
f 3973/4011/3955 3971/4009/3953 3994/4033/3976 3995/4034/3977
f 3983/4021/3965 3981/4019/3963 3999/4030/3981 4000/4029/3982
f 3969/4007/3951 3967/4005/3949 3992/4035/3974 3993/4036/3975
f 3979/4017/3961 3977/4015/3959 3997/4037/3979 3998/4038/3980
f 3959/3998/3941 3987/4027/3969 4002/4039/3984 3989/4040/3971
f 3965/4003/3947 3963/4001/3945 3990/4026/3972 3991/4041/3973
f 3975/4013/3957 3973/4011/3955 3995/4034/3977 3996/4042/3978
f 3961/3999/3943 3959/3998/3941 3989/4040/3971 3988/4025/3970
f 3985/4023/3967 3983/4021/3965 4000/4029/3982 4001/4043/3983
f 3971/4009/3953 3969/4007/3951 3993/4036/3975 3994/4033/3976
f 3981/4019/3963 3979/4017/3961 3998/4038/3980 3999/4030/3981
f 3967/4005/3949 3965/4003/3947 3991/4041/3973 3992/4035/3974
f 3977/4015/3959 3975/4013/3957 3996/4042/3978 3997/4037/3979
f 3987/4027/3969 3985/4023/3967 4001/4043/3983 4002/4039/3984
f 4015/4032/3997 4014/4031/3996 4029/4044/4011 4030/4045/4012
f 3993/4036/3975 3992/4035/3974 4007/4046/3989 4008/4047/3990
f 4001/4043/3983 4000/4029/3982 4015/4032/3997 4016/4048/3998
f 3994/4033/3976 3993/4036/3975 4008/4047/3990 4009/4049/3991
f 4002/4039/3984 4001/4043/3983 4016/4048/3998 4017/4050/3999
f 3995/4034/3977 3994/4033/3976 4009/4049/3991 4010/4051/3992
f 3989/4040/3971 4002/4039/3984 4017/4050/3999 4004/4052/3986
f 3996/4042/3978 3995/4034/3977 4010/4051/3992 4011/4053/3993
f 3988/4025/3970 3989/4040/3971 4004/4052/3986 4003/4054/3985
f 3997/4037/3979 3996/4042/3978 4011/4053/3993 4012/4055/3994
f 3990/4026/3972 3988/4025/3970 4003/4054/3985 4005/4056/3987
f 3998/4038/3980 3997/4037/3979 4012/4055/3994 4013/4057/3995
f 3991/4041/3973 3990/4026/3972 4005/4056/3987 4006/4058/3988
f 3999/4030/3981 3998/4038/3980 4013/4057/3995 4014/4031/3996
f 3992/4035/3974 3991/4041/3973 4006/4058/3988 4007/4046/3989
f 4022/4059/4004 4021/4060/4003 4033/4061/4015
f 4008/4047/3990 4007/4046/3989 4022/4059/4004 4023/4062/4005
f 4016/4048/3998 4015/4032/3997 4030/4045/4012 4031/4063/4013
f 4009/4049/3991 4008/4047/3990 4023/4062/4005 4024/4064/4006
f 4017/4050/3999 4016/4048/3998 4031/4063/4013 4032/4065/4014
f 4010/4051/3992 4009/4049/3991 4024/4064/4006 4025/4066/4007
f 4004/4052/3986 4017/4050/3999 4032/4065/4014 4019/4067/4001
f 4011/4053/3993 4010/4051/3992 4025/4066/4007 4026/4068/4008
f 4003/4054/3985 4004/4052/3986 4019/4067/4001 4018/4069/4000
f 4012/4055/3994 4011/4053/3993 4026/4068/4008 4027/4070/4009
f 4005/4056/3987 4003/4054/3985 4018/4069/4000 4020/4071/4002
f 4013/4057/3995 4012/4055/3994 4027/4070/4009 4028/4072/4010
f 4006/4058/3988 4005/4056/3987 4020/4071/4002 4021/4060/4003
f 4014/4031/3996 4013/4057/3995 4028/4072/4010 4029/4044/4011
f 4007/4046/3989 4006/4058/3988 4021/4060/4003 4022/4059/4004
f 4030/4045/4012 4029/4044/4011 4033/4061/4015
f 4023/4062/4005 4022/4059/4004 4033/4061/4015
f 4031/4063/4013 4030/4045/4012 4033/4061/4015
f 4024/4064/4006 4023/4062/4005 4033/4061/4015
f 4032/4065/4014 4031/4063/4013 4033/4061/4015
f 4025/4066/4007 4024/4064/4006 4033/4061/4015
f 4019/4067/4001 4032/4065/4014 4033/4061/4015
f 4026/4068/4008 4025/4066/4007 4033/4061/4015
f 4018/4069/4000 4019/4067/4001 4033/4061/4015
f 4027/4070/4009 4026/4068/4008 4033/4061/4015
f 4020/4071/4002 4018/4069/4000 4033/4061/4015
f 4028/4072/4010 4027/4070/4009 4033/4061/4015
f 4021/4060/4003 4020/4071/4002 4033/4061/4015
f 4029/4044/4011 4028/4072/4010 4033/4061/4015
f 4036/4073/4018 4035/4074/4017 4049/4075/4031 4051/4076/4033
f 4061/4077/4043 4060/4078/4042 4075/4079/4057 4076/4080/4058
f 4041/4081/4023 4040/4082/4022 4055/4083/4037 4056/4084/4038
f 4046/4085/4028 4045/4086/4027 4060/4078/4042 4061/4077/4043
f 4039/4087/4021 4038/4088/4020 4053/4089/4035 4054/4090/4036
f 4044/4091/4026 4043/4092/4025 4058/4093/4040 4059/4094/4041
f 4034/4095/4016 4048/4096/4030 4063/4097/4045 4050/4098/4032
f 4037/4099/4019 4036/4073/4018 4051/4076/4033 4052/4100/4034
f 4042/4101/4024 4041/4081/4023 4056/4084/4038 4057/4102/4039
f 4035/4074/4017 4034/4095/4016 4050/4098/4032 4049/4075/4031
f 4047/4103/4029 4046/4085/4028 4061/4077/4043 4062/4104/4044
f 4040/4082/4022 4039/4087/4021 4054/4090/4036 4055/4083/4037
f 4045/4086/4027 4044/4091/4026 4059/4094/4041 4060/4078/4042
f 4038/4088/4020 4037/4099/4019 4052/4100/4034 4053/4089/4035
f 4043/4092/4025 4042/4101/4024 4057/4102/4039 4058/4093/4040
f 4048/4096/4030 4047/4103/4029 4062/4104/4044 4063/4097/4045
f 4076/4080/4058 4075/4079/4057 4090/4105/4072 4091/4106/4073
f 4054/4090/4036 4053/4089/4035 4068/4107/4050 4069/4108/4051
f 4062/4104/4044 4061/4077/4043 4076/4080/4058 4077/4109/4059
f 4055/4083/4037 4054/4090/4036 4069/4108/4051 4070/4110/4052
f 4063/4097/4045 4062/4104/4044 4077/4109/4059 4078/4111/4060
f 4056/4084/4038 4055/4083/4037 4070/4110/4052 4071/4112/4053
f 4050/4098/4032 4063/4097/4045 4078/4111/4060 4065/4113/4047
f 4057/4102/4039 4056/4084/4038 4071/4112/4053 4072/4114/4054
f 4049/4075/4031 4050/4098/4032 4065/4113/4047 4064/4115/4046
f 4058/4093/4040 4057/4102/4039 4072/4114/4054 4073/4116/4055
f 4051/4076/4033 4049/4075/4031 4064/4115/4046 4066/4117/4048
f 4059/4094/4041 4058/4093/4040 4073/4116/4055 4074/4118/4056
f 4052/4100/4034 4051/4076/4033 4066/4117/4048 4067/4119/4049
f 4060/4078/4042 4059/4094/4041 4074/4118/4056 4075/4079/4057
f 4053/4089/4035 4052/4100/4034 4067/4119/4049 4068/4107/4050
f 4083/4120/4065 4082/4121/4064 4094/4122/4076
f 4069/4108/4051 4068/4107/4050 4083/4120/4065 4084/4123/4066
f 4077/4109/4059 4076/4080/4058 4091/4106/4073 4092/4124/4074
f 4070/4110/4052 4069/4108/4051 4084/4123/4066 4085/4125/4067
f 4078/4111/4060 4077/4109/4059 4092/4124/4074 4093/4126/4075
f 4071/4112/4053 4070/4110/4052 4085/4125/4067 4086/4127/4068
f 4065/4113/4047 4078/4111/4060 4093/4126/4075 4080/4128/4062
f 4072/4114/4054 4071/4112/4053 4086/4127/4068 4087/4129/4069
f 4064/4115/4046 4065/4113/4047 4080/4128/4062 4079/4130/4061
f 4073/4116/4055 4072/4114/4054 4087/4129/4069 4088/4131/4070
f 4066/4117/4048 4064/4115/4046 4079/4130/4061 4081/4132/4063
f 4074/4118/4056 4073/4116/4055 4088/4131/4070 4089/4133/4071
f 4067/4119/4049 4066/4117/4048 4081/4132/4063 4082/4121/4064
f 4075/4079/4057 4074/4118/4056 4089/4133/4071 4090/4105/4072
f 4068/4107/4050 4067/4119/4049 4082/4121/4064 4083/4120/4065
f 4091/4106/4073 4090/4105/4072 4094/4122/4076
f 4084/4123/4066 4083/4120/4065 4094/4122/4076
f 4092/4124/4074 4091/4106/4073 4094/4122/4076
f 4085/4125/4067 4084/4123/4066 4094/4122/4076
f 4093/4126/4075 4092/4124/4074 4094/4122/4076
f 4086/4127/4068 4085/4125/4067 4094/4122/4076
f 4080/4128/4062 4093/4126/4075 4094/4122/4076
f 4087/4129/4069 4086/4127/4068 4094/4122/4076
f 4079/4130/4061 4080/4128/4062 4094/4122/4076
f 4088/4131/4070 4087/4129/4069 4094/4122/4076
f 4081/4132/4063 4079/4130/4061 4094/4122/4076
f 4089/4133/4071 4088/4131/4070 4094/4122/4076
f 4082/4121/4064 4081/4132/4063 4094/4122/4076
f 4090/4105/4072 4089/4133/4071 4094/4122/4076
f 4095/4134/4077 4096/4135/4078 4098/4136/4080 4097/4137/4079
f 4097/4137/4079 4098/4136/4080 4100/4138/4082 4099/4139/4081
f 4099/4139/4081 4100/4138/4082 4102/4140/4084 4101/4141/4083
f 4101/4141/4083 4102/4140/4084 4104/4142/4086 4103/4143/4085
f 4103/4143/4085 4104/4142/4086 4106/4144/4088 4105/4145/4087
f 4105/4145/4087 4106/4144/4088 4108/4146/4090 4107/4147/4089
f 4107/4147/4089 4108/4146/4090 4110/4148/4092 4109/4149/4091
f 4109/4149/4091 4110/4148/4092 4112/4150/4094 4111/4151/4093
f 4111/4151/4093 4112/4150/4094 4114/4152/4096 4113/4153/4095
f 4113/4153/4095 4114/4152/4096 4116/4154/4098 4115/4155/4097
f 4115/4155/4097 4116/4154/4098 4118/4156/4100 4117/4157/4099
f 4117/4157/4099 4118/4156/4100 4120/4158/4102 4119/4159/4101
f 4119/4159/4101 4120/4158/4102 4122/4160/4104 4121/4161/4103
f 4100/4138/4082 4098/4136/4080 4125/4162/4107 4127/4163/4109
f 4121/4161/4103 4122/4160/4104 4124/4164/4106 4123/4165/4105
f 4123/4165/4105 4124/4164/4106 4096/4135/4078 4095/4134/4077
f 4137/4166/4119 4136/4167/4118 4151/4168/4133 4152/4169/4134
f 4110/4148/4092 4108/4146/4090 4131/4170/4113 4132/4171/4114
f 4120/4158/4102 4118/4156/4100 4136/4167/4118 4137/4166/4119
f 4106/4144/4088 4104/4142/4086 4129/4172/4111 4130/4173/4112
f 4116/4154/4098 4114/4152/4096 4134/4174/4116 4135/4175/4117
f 4096/4135/4078 4124/4164/4106 4139/4176/4121 4126/4177/4108
f 4102/4140/4084 4100/4138/4082 4127/4163/4109 4128/4178/4110
f 4112/4150/4094 4110/4148/4092 4132/4171/4114 4133/4179/4115
f 4098/4136/4080 4096/4135/4078 4126/4177/4108 4125/4162/4107
f 4122/4160/4104 4120/4158/4102 4137/4166/4119 4138/4180/4120
f 4108/4146/4090 4106/4144/4088 4130/4173/4112 4131/4170/4113
f 4118/4156/4100 4116/4154/4098 4135/4175/4117 4136/4167/4118
f 4104/4142/4086 4102/4140/4084 4128/4178/4110 4129/4172/4111
f 4114/4152/4096 4112/4150/4094 4133/4179/4115 4134/4174/4116
f 4124/4164/4106 4122/4160/4104 4138/4180/4120 4139/4176/4121
f 4152/4169/4134 4151/4168/4133 4166/4181/4148 4167/4182/4149
f 4130/4173/4112 4129/4172/4111 4144/4183/4126 4145/4184/4127
f 4138/4180/4120 4137/4166/4119 4152/4169/4134 4153/4185/4135
f 4131/4170/4113 4130/4173/4112 4145/4184/4127 4146/4186/4128
f 4139/4176/4121 4138/4180/4120 4153/4185/4135 4154/4187/4136
f 4132/4171/4114 4131/4170/4113 4146/4186/4128 4147/4188/4129
f 4126/4177/4108 4139/4176/4121 4154/4187/4136 4141/4189/4123
f 4133/4179/4115 4132/4171/4114 4147/4188/4129 4148/4190/4130
f 4125/4162/4107 4126/4177/4108 4141/4189/4123 4140/4191/4122
f 4134/4174/4116 4133/4179/4115 4148/4190/4130 4149/4192/4131
f 4127/4163/4109 4125/4162/4107 4140/4191/4122 4142/4193/4124
f 4135/4175/4117 4134/4174/4116 4149/4192/4131 4150/4194/4132
f 4128/4178/4110 4127/4163/4109 4142/4193/4124 4143/4195/4125
f 4136/4167/4118 4135/4175/4117 4150/4194/4132 4151/4168/4133
f 4129/4172/4111 4128/4178/4110 4143/4195/4125 4144/4183/4126
f 4159/4196/4141 4158/4197/4140 4170/4198/4152
f 4145/4184/4127 4144/4183/4126 4159/4196/4141 4160/4199/4142
f 4153/4185/4135 4152/4169/4134 4167/4182/4149 4168/4200/4150
f 4146/4186/4128 4145/4184/4127 4160/4199/4142 4161/4201/4143
f 4154/4187/4136 4153/4185/4135 4168/4200/4150 4169/4202/4151
f 4147/4188/4129 4146/4186/4128 4161/4201/4143 4162/4203/4144
f 4141/4189/4123 4154/4187/4136 4169/4202/4151 4156/4204/4138
f 4148/4190/4130 4147/4188/4129 4162/4203/4144 4163/4205/4145
f 4140/4191/4122 4141/4189/4123 4156/4204/4138 4155/4206/4137
f 4149/4192/4131 4148/4190/4130 4163/4205/4145 4164/4207/4146
f 4142/4193/4124 4140/4191/4122 4155/4206/4137 4157/4208/4139
f 4150/4194/4132 4149/4192/4131 4164/4207/4146 4165/4209/4147
f 4143/4195/4125 4142/4193/4124 4157/4208/4139 4158/4197/4140
f 4151/4168/4133 4150/4194/4132 4165/4209/4147 4166/4181/4148
f 4144/4183/4126 4143/4195/4125 4158/4197/4140 4159/4196/4141
f 4167/4182/4149 4166/4181/4148 4170/4198/4152
f 4160/4199/4142 4159/4196/4141 4170/4198/4152
f 4168/4200/4150 4167/4182/4149 4170/4198/4152
f 4161/4201/4143 4160/4199/4142 4170/4198/4152
f 4169/4202/4151 4168/4200/4150 4170/4198/4152
f 4162/4203/4144 4161/4201/4143 4170/4198/4152
f 4156/4204/4138 4169/4202/4151 4170/4198/4152
f 4163/4205/4145 4162/4203/4144 4170/4198/4152
f 4155/4206/4137 4156/4204/4138 4170/4198/4152
f 4164/4207/4146 4163/4205/4145 4170/4198/4152
f 4157/4208/4139 4155/4206/4137 4170/4198/4152
f 4165/4209/4147 4164/4207/4146 4170/4198/4152
f 4158/4197/4140 4157/4208/4139 4170/4198/4152
f 4166/4181/4148 4165/4209/4147 4170/4198/4152
f 4171/4210/4153 4172/4211/4154 4174/4212/4156 4173/4213/4155
f 4173/4213/4155 4174/4212/4156 4176/4214/4158 4175/4215/4157
f 4175/4215/4157 4176/4214/4158 4178/4216/4160 4177/4217/4159
f 4177/4217/4159 4178/4216/4160 4180/4218/4162 4179/4219/4161
f 4179/4219/4161 4180/4218/4162 4182/4220/4164 4181/4221/4163
f 4181/4221/4163 4182/4220/4164 4184/4222/4166 4183/4223/4165
f 4183/4223/4165 4184/4222/4166 4186/4224/4168 4185/4225/4167
f 4185/4225/4167 4186/4224/4168 4188/4226/4170 4187/4227/4169
f 4187/4227/4169 4188/4226/4170 4190/4228/4172 4189/4229/4171
f 4189/4229/4171 4190/4228/4172 4192/4230/4174 4191/4231/4173
f 4191/4231/4173 4192/4230/4174 4194/4232/4176 4193/4233/4175
f 4193/4233/4175 4194/4232/4176 4196/4234/4178 4195/4235/4177
f 4195/4235/4177 4196/4234/4178 4198/4236/4180 4197/4237/4179
f 4176/4214/4158 4174/4212/4156 4201/4238/4183 4203/4239/4185
f 4197/4237/4179 4198/4236/4180 4200/4240/4182 4199/4241/4181
f 4199/4241/4181 4200/4240/4182 4172/4211/4154 4171/4210/4153
f 4213/4242/4195 4212/4243/4194 4227/4244/4209 4228/4245/4210
f 4186/4224/4168 4184/4222/4166 4207/4246/4189 4208/4247/4190
f 4196/4234/4178 4194/4232/4176 4212/4243/4194 4213/4242/4195
f 4182/4220/4164 4180/4218/4162 4205/4248/4187 4206/4249/4188
f 4192/4230/4174 4190/4228/4172 4210/4250/4192 4211/4251/4193
f 4172/4211/4154 4200/4240/4182 4215/4252/4197 4202/4253/4184
f 4178/4216/4160 4176/4214/4158 4203/4239/4185 4204/4254/4186
f 4188/4226/4170 4186/4224/4168 4208/4247/4190 4209/4255/4191
f 4174/4212/4156 4172/4211/4154 4202/4253/4184 4201/4238/4183
f 4198/4236/4180 4196/4234/4178 4213/4242/4195 4214/4256/4196
f 4184/4222/4166 4182/4220/4164 4206/4249/4188 4207/4246/4189
f 4194/4232/4176 4192/4230/4174 4211/4251/4193 4212/4243/4194
f 4180/4218/4162 4178/4216/4160 4204/4254/4186 4205/4248/4187
f 4190/4228/4172 4188/4226/4170 4209/4255/4191 4210/4250/4192
f 4200/4240/4182 4198/4236/4180 4214/4256/4196 4215/4252/4197
f 4228/4245/4210 4227/4244/4209 4242/4257/4224 4243/4258/4225
f 4206/4249/4188 4205/4248/4187 4220/4259/4202 4221/4260/4203
f 4214/4256/4196 4213/4242/4195 4228/4245/4210 4229/4261/4211
f 4207/4246/4189 4206/4249/4188 4221/4260/4203 4222/4262/4204
f 4215/4252/4197 4214/4256/4196 4229/4261/4211 4230/4263/4212
f 4208/4247/4190 4207/4246/4189 4222/4262/4204 4223/4264/4205
f 4202/4253/4184 4215/4252/4197 4230/4263/4212 4217/4265/4199
f 4209/4255/4191 4208/4247/4190 4223/4264/4205 4224/4266/4206
f 4201/4238/4183 4202/4253/4184 4217/4265/4199 4216/4267/4198
f 4210/4250/4192 4209/4255/4191 4224/4266/4206 4225/4268/4207
f 4203/4239/4185 4201/4238/4183 4216/4267/4198 4218/4269/4200
f 4211/4251/4193 4210/4250/4192 4225/4268/4207 4226/4270/4208
f 4204/4254/4186 4203/4239/4185 4218/4269/4200 4219/4271/4201
f 4212/4243/4194 4211/4251/4193 4226/4270/4208 4227/4244/4209
f 4205/4248/4187 4204/4254/4186 4219/4271/4201 4220/4259/4202
f 4235/4272/4217 4234/4273/4216 4246/4274/4228
f 4221/4260/4203 4220/4259/4202 4235/4272/4217 4236/4275/4218
f 4229/4261/4211 4228/4245/4210 4243/4258/4225 4244/4276/4226
f 4222/4262/4204 4221/4260/4203 4236/4275/4218 4237/4277/4219
f 4230/4263/4212 4229/4261/4211 4244/4276/4226 4245/4278/4227
f 4223/4264/4205 4222/4262/4204 4237/4277/4219 4238/4279/4220
f 4217/4265/4199 4230/4263/4212 4245/4278/4227 4232/4280/4214
f 4224/4266/4206 4223/4264/4205 4238/4279/4220 4239/4281/4221
f 4216/4267/4198 4217/4265/4199 4232/4280/4214 4231/4282/4213
f 4225/4268/4207 4224/4266/4206 4239/4281/4221 4240/4283/4222
f 4218/4269/4200 4216/4267/4198 4231/4282/4213 4233/4284/4215
f 4226/4270/4208 4225/4268/4207 4240/4283/4222 4241/4285/4223
f 4219/4271/4201 4218/4269/4200 4233/4284/4215 4234/4273/4216
f 4227/4244/4209 4226/4270/4208 4241/4285/4223 4242/4257/4224
f 4220/4259/4202 4219/4271/4201 4234/4273/4216 4235/4272/4217
f 4243/4258/4225 4242/4257/4224 4246/4274/4228
f 4236/4275/4218 4235/4272/4217 4246/4274/4228
f 4244/4276/4226 4243/4258/4225 4246/4274/4228
f 4237/4277/4219 4236/4275/4218 4246/4274/4228
f 4245/4278/4227 4244/4276/4226 4246/4274/4228
f 4238/4279/4220 4237/4277/4219 4246/4274/4228
f 4232/4280/4214 4245/4278/4227 4246/4274/4228
f 4239/4281/4221 4238/4279/4220 4246/4274/4228
f 4231/4282/4213 4232/4280/4214 4246/4274/4228
f 4240/4283/4222 4239/4281/4221 4246/4274/4228
f 4233/4284/4215 4231/4282/4213 4246/4274/4228
f 4241/4285/4223 4240/4283/4222 4246/4274/4228
f 4234/4273/4216 4233/4284/4215 4246/4274/4228
f 4242/4257/4224 4241/4285/4223 4246/4274/4228
f 4247/4286/4229 4248/4287/4230 4250/4288/4232 4249/4289/4231
f 4249/4289/4231 4250/4288/4232 4252/4290/4234 4251/4291/4233
f 4251/4291/4233 4252/4290/4234 4254/4292/4236 4253/4293/4235
f 4253/4293/4235 4254/4292/4236 4256/4294/4238 4255/4295/4237
f 4255/4295/4237 4256/4294/4238 4258/4296/4240 4257/4297/4239
f 4257/4297/4239 4258/4296/4240 4260/4298/4242 4259/4299/4241
f 4259/4299/4241 4260/4298/4242 4262/4300/4244 4261/4301/4243
f 4261/4301/4243 4262/4300/4244 4264/4302/4246 4263/4303/4245
f 4263/4303/4245 4264/4302/4246 4266/4304/4248 4265/4305/4247
f 4265/4305/4247 4266/4304/4248 4268/4306/4250 4267/4307/4249
f 4267/4307/4249 4268/4306/4250 4270/4308/4252 4269/4309/4251
f 4269/4309/4251 4270/4308/4252 4272/4310/4254 4271/4311/4253
f 4271/4311/4253 4272/4310/4254 4274/4312/4256 4273/4313/4255
f 4252/4290/4234 4250/4288/4232 4277/4314/4259 4279/4315/4261
f 4273/4313/4255 4274/4312/4256 4276/4316/4258 4275/4317/4257
f 4275/4317/4257 4276/4316/4258 4248/4287/4230 4247/4286/4229
f 4289/4318/4271 4288/4319/4270 4303/4320/4285 4304/4321/4286
f 4262/4300/4244 4260/4298/4242 4283/4322/4265 4284/4323/4266
f 4272/4310/4254 4270/4308/4252 4288/4319/4270 4289/4318/4271
f 4258/4296/4240 4256/4294/4238 4281/4324/4263 4282/4325/4264
f 4268/4306/4250 4266/4304/4248 4286/4326/4268 4287/4327/4269
f 4248/4287/4230 4276/4316/4258 4291/4328/4273 4278/4329/4260
f 4254/4292/4236 4252/4290/4234 4279/4315/4261 4280/4330/4262
f 4264/4302/4246 4262/4300/4244 4284/4323/4266 4285/4331/4267
f 4250/4288/4232 4248/4287/4230 4278/4329/4260 4277/4314/4259
f 4274/4312/4256 4272/4310/4254 4289/4318/4271 4290/4332/4272
f 4260/4298/4242 4258/4296/4240 4282/4325/4264 4283/4322/4265
f 4270/4308/4252 4268/4306/4250 4287/4327/4269 4288/4319/4270
f 4256/4294/4238 4254/4292/4236 4280/4330/4262 4281/4324/4263
f 4266/4304/4248 4264/4302/4246 4285/4331/4267 4286/4326/4268
f 4276/4316/4258 4274/4312/4256 4290/4332/4272 4291/4328/4273
f 4304/4321/4286 4303/4320/4285 4318/4333/4300 4319/4334/4301
f 4282/4325/4264 4281/4324/4263 4296/4335/4278 4297/4336/4279
f 4290/4332/4272 4289/4318/4271 4304/4321/4286 4305/4337/4287
f 4283/4322/4265 4282/4325/4264 4297/4336/4279 4298/4338/4280
f 4291/4328/4273 4290/4332/4272 4305/4337/4287 4306/4339/4288
f 4284/4323/4266 4283/4322/4265 4298/4338/4280 4299/4340/4281
f 4278/4329/4260 4291/4328/4273 4306/4339/4288 4293/4341/4275
f 4285/4331/4267 4284/4323/4266 4299/4340/4281 4300/4342/4282
f 4277/4314/4259 4278/4329/4260 4293/4341/4275 4292/4343/4274
f 4286/4326/4268 4285/4331/4267 4300/4342/4282 4301/4344/4283
f 4279/4315/4261 4277/4314/4259 4292/4343/4274 4294/4345/4276
f 4287/4327/4269 4286/4326/4268 4301/4344/4283 4302/4346/4284
f 4280/4330/4262 4279/4315/4261 4294/4345/4276 4295/4347/4277
f 4288/4319/4270 4287/4327/4269 4302/4346/4284 4303/4320/4285
f 4281/4324/4263 4280/4330/4262 4295/4347/4277 4296/4335/4278
f 4311/4348/4293 4310/4349/4292 4322/4350/4304
f 4297/4336/4279 4296/4335/4278 4311/4348/4293 4312/4351/4294
f 4305/4337/4287 4304/4321/4286 4319/4334/4301 4320/4352/4302
f 4298/4338/4280 4297/4336/4279 4312/4351/4294 4313/4353/4295
f 4306/4339/4288 4305/4337/4287 4320/4352/4302 4321/4354/4303
f 4299/4340/4281 4298/4338/4280 4313/4353/4295 4314/4355/4296
f 4293/4341/4275 4306/4339/4288 4321/4354/4303 4308/4356/4290
f 4300/4342/4282 4299/4340/4281 4314/4355/4296 4315/4357/4297
f 4292/4343/4274 4293/4341/4275 4308/4356/4290 4307/4358/4289
f 4301/4344/4283 4300/4342/4282 4315/4357/4297 4316/4359/4298
f 4294/4345/4276 4292/4343/4274 4307/4358/4289 4309/4360/4291
f 4302/4346/4284 4301/4344/4283 4316/4359/4298 4317/4361/4299
f 4295/4347/4277 4294/4345/4276 4309/4360/4291 4310/4349/4292
f 4303/4320/4285 4302/4346/4284 4317/4361/4299 4318/4333/4300
f 4296/4335/4278 4295/4347/4277 4310/4349/4292 4311/4348/4293
f 4319/4334/4301 4318/4333/4300 4322/4350/4304
f 4312/4351/4294 4311/4348/4293 4322/4350/4304
f 4320/4352/4302 4319/4334/4301 4322/4350/4304
f 4313/4353/4295 4312/4351/4294 4322/4350/4304
f 4321/4354/4303 4320/4352/4302 4322/4350/4304
f 4314/4355/4296 4313/4353/4295 4322/4350/4304
f 4308/4356/4290 4321/4354/4303 4322/4350/4304
f 4315/4357/4297 4314/4355/4296 4322/4350/4304
f 4307/4358/4289 4308/4356/4290 4322/4350/4304
f 4316/4359/4298 4315/4357/4297 4322/4350/4304
f 4309/4360/4291 4307/4358/4289 4322/4350/4304
f 4317/4361/4299 4316/4359/4298 4322/4350/4304
f 4310/4349/4292 4309/4360/4291 4322/4350/4304
f 4318/4333/4300 4317/4361/4299 4322/4350/4304
f 4323/4362/4305 4324/4363/4306 4326/4364/4308 4325/4365/4307
f 4325/4365/4307 4326/4364/4308 4328/4366/4310 4327/4367/4309
f 4327/4367/4309 4328/4366/4310 4330/4368/4312 4329/4369/4311
f 4329/4369/4311 4330/4368/4312 4332/4370/4314 4331/4371/4313
f 4331/4371/4313 4332/4370/4314 4334/4372/4316 4333/4373/4315
f 4333/4373/4315 4334/4372/4316 4336/4374/4318 4335/4375/4317
f 4335/4375/4317 4336/4374/4318 4338/4376/4320 4337/4377/4319
f 4337/4377/4319 4338/4376/4320 4340/4378/4322 4339/4379/4321
f 4339/4379/4321 4340/4378/4322 4342/4380/4324 4341/4381/4323
f 4341/4381/4323 4342/4380/4324 4344/4382/4326 4343/4383/4325
f 4343/4383/4325 4344/4382/4326 4346/4384/4328 4345/4385/4327
f 4345/4385/4327 4346/4384/4328 4348/4386/4330 4347/4387/4329
f 4347/4387/4329 4348/4386/4330 4350/4388/4332 4349/4389/4331
f 4328/4366/4310 4326/4364/4308 4353/4390/4335 4355/4391/4337
f 4349/4389/4331 4350/4388/4332 4352/4392/4334 4351/4393/4333
f 4351/4393/4333 4352/4392/4334 4324/4363/4306 4323/4362/4305
f 4365/4394/4347 4364/4395/4346 4379/4396/4361 4380/4397/4362
f 4338/4376/4320 4336/4374/4318 4359/4398/4341 4360/4399/4342
f 4348/4386/4330 4346/4384/4328 4364/4395/4346 4365/4394/4347
f 4334/4372/4316 4332/4370/4314 4357/4400/4339 4358/4401/4340
f 4344/4382/4326 4342/4380/4324 4362/4402/4344 4363/4403/4345
f 4324/4363/4306 4352/4392/4334 4367/4404/4349 4354/4405/4336
f 4330/4368/4312 4328/4366/4310 4355/4391/4337 4356/4406/4338
f 4340/4378/4322 4338/4376/4320 4360/4399/4342 4361/4407/4343
f 4326/4364/4308 4324/4363/4306 4354/4405/4336 4353/4390/4335
f 4350/4388/4332 4348/4386/4330 4365/4394/4347 4366/4408/4348
f 4336/4374/4318 4334/4372/4316 4358/4401/4340 4359/4398/4341
f 4346/4384/4328 4344/4382/4326 4363/4403/4345 4364/4395/4346
f 4332/4370/4314 4330/4368/4312 4356/4406/4338 4357/4400/4339
f 4342/4380/4324 4340/4378/4322 4361/4407/4343 4362/4402/4344
f 4352/4392/4334 4350/4388/4332 4366/4408/4348 4367/4404/4349
f 4380/4397/4362 4379/4396/4361 4394/4409/4376 4395/4410/4377
f 4358/4401/4340 4357/4400/4339 4372/4411/4354 4373/4412/4355
f 4366/4408/4348 4365/4394/4347 4380/4397/4362 4381/4413/4363
f 4359/4398/4341 4358/4401/4340 4373/4412/4355 4374/4414/4356
f 4367/4404/4349 4366/4408/4348 4381/4413/4363 4382/4415/4364
f 4360/4399/4342 4359/4398/4341 4374/4414/4356 4375/4416/4357
f 4354/4405/4336 4367/4404/4349 4382/4415/4364 4369/4417/4351
f 4361/4407/4343 4360/4399/4342 4375/4416/4357 4376/4418/4358
f 4353/4390/4335 4354/4405/4336 4369/4417/4351 4368/4419/4350
f 4362/4402/4344 4361/4407/4343 4376/4418/4358 4377/4420/4359
f 4355/4391/4337 4353/4390/4335 4368/4419/4350 4370/4421/4352
f 4363/4403/4345 4362/4402/4344 4377/4420/4359 4378/4422/4360
f 4356/4406/4338 4355/4391/4337 4370/4421/4352 4371/4423/4353
f 4364/4395/4346 4363/4403/4345 4378/4422/4360 4379/4396/4361
f 4357/4400/4339 4356/4406/4338 4371/4423/4353 4372/4411/4354
f 4387/4424/4369 4386/4425/4368 4398/4426/4380
f 4373/4412/4355 4372/4411/4354 4387/4424/4369 4388/4427/4370
f 4381/4413/4363 4380/4397/4362 4395/4410/4377 4396/4428/4378
f 4374/4414/4356 4373/4412/4355 4388/4427/4370 4389/4429/4371
f 4382/4415/4364 4381/4413/4363 4396/4428/4378 4397/4430/4379
f 4375/4416/4357 4374/4414/4356 4389/4429/4371 4390/4431/4372
f 4369/4417/4351 4382/4415/4364 4397/4430/4379 4384/4432/4366
f 4376/4418/4358 4375/4416/4357 4390/4431/4372 4391/4433/4373
f 4368/4419/4350 4369/4417/4351 4384/4432/4366 4383/4434/4365
f 4377/4420/4359 4376/4418/4358 4391/4433/4373 4392/4435/4374
f 4370/4421/4352 4368/4419/4350 4383/4434/4365 4385/4436/4367
f 4378/4422/4360 4377/4420/4359 4392/4435/4374 4393/4437/4375
f 4371/4423/4353 4370/4421/4352 4385/4436/4367 4386/4425/4368
f 4379/4396/4361 4378/4422/4360 4393/4437/4375 4394/4409/4376
f 4372/4411/4354 4371/4423/4353 4386/4425/4368 4387/4424/4369
f 4395/4410/4377 4394/4409/4376 4398/4426/4380
f 4388/4427/4370 4387/4424/4369 4398/4426/4380
f 4396/4428/4378 4395/4410/4377 4398/4426/4380
f 4389/4429/4371 4388/4427/4370 4398/4426/4380
f 4397/4430/4379 4396/4428/4378 4398/4426/4380
f 4390/4431/4372 4389/4429/4371 4398/4426/4380
f 4384/4432/4366 4397/4430/4379 4398/4426/4380
f 4391/4433/4373 4390/4431/4372 4398/4426/4380
f 4383/4434/4365 4384/4432/4366 4398/4426/4380
f 4392/4435/4374 4391/4433/4373 4398/4426/4380
f 4385/4436/4367 4383/4434/4365 4398/4426/4380
f 4393/4437/4375 4392/4435/4374 4398/4426/4380
f 4386/4425/4368 4385/4436/4367 4398/4426/4380
f 4394/4409/4376 4393/4437/4375 4398/4426/4380
f 4399/4438/4381 4400/4439/4382 4402/4440/4384 4401/4441/4383
f 4401/4441/4383 4402/4440/4384 4404/4442/4386 4403/4443/4385
f 4403/4443/4385 4404/4442/4386 4406/4444/4388 4405/4445/4387
f 4405/4445/4387 4406/4444/4388 4408/4446/4390 4407/4447/4389
f 4407/4447/4389 4408/4446/4390 4410/4448/4392 4409/4449/4391
f 4409/4449/4391 4410/4448/4392 4412/4450/4394 4411/4451/4393
f 4411/4451/4393 4412/4450/4394 4414/4452/4396 4413/4453/4395
f 4413/4453/4395 4414/4452/4396 4416/4454/4398 4415/4455/4397
f 4415/4455/4397 4416/4454/4398 4418/4456/4400 4417/4457/4399
f 4417/4457/4399 4418/4456/4400 4420/4458/4402 4419/4459/4401
f 4419/4459/4401 4420/4458/4402 4422/4460/4404 4421/4461/4403
f 4421/4461/4403 4422/4460/4404 4424/4462/4406 4423/4463/4405
f 4423/4463/4405 4424/4462/4406 4426/4464/4408 4425/4465/4407
f 4404/4442/4386 4402/4440/4384 4429/4466/4411 4431/4467/4413
f 4425/4465/4407 4426/4464/4408 4428/4468/4410 4427/4469/4409
f 4427/4469/4409 4428/4468/4410 4400/4439/4382 4399/4438/4381
f 4441/4470/4423 4440/4471/4422 4455/4472/4437 4456/4473/4438
f 4414/4452/4396 4412/4450/4394 4435/4474/4417 4436/4475/4418
f 4424/4462/4406 4422/4460/4404 4440/4471/4422 4441/4470/4423
f 4410/4448/4392 4408/4446/4390 4433/4476/4415 4434/4477/4416
f 4420/4458/4402 4418/4456/4400 4438/4478/4420 4439/4479/4421
f 4400/4439/4382 4428/4468/4410 4443/4480/4425 4430/4481/4412
f 4406/4444/4388 4404/4442/4386 4431/4467/4413 4432/4482/4414
f 4416/4454/4398 4414/4452/4396 4436/4475/4418 4437/4483/4419
f 4402/4440/4384 4400/4439/4382 4430/4481/4412 4429/4466/4411
f 4426/4464/4408 4424/4462/4406 4441/4470/4423 4442/4484/4424
f 4412/4450/4394 4410/4448/4392 4434/4477/4416 4435/4474/4417
f 4422/4460/4404 4420/4458/4402 4439/4479/4421 4440/4471/4422
f 4408/4446/4390 4406/4444/4388 4432/4482/4414 4433/4476/4415
f 4418/4456/4400 4416/4454/4398 4437/4483/4419 4438/4478/4420
f 4428/4468/4410 4426/4464/4408 4442/4484/4424 4443/4480/4425
f 4456/4473/4438 4455/4472/4437 4470/4485/4452 4471/4486/4453
f 4434/4477/4416 4433/4476/4415 4448/4487/4430 4449/4488/4431
f 4442/4484/4424 4441/4470/4423 4456/4473/4438 4457/4489/4439
f 4435/4474/4417 4434/4477/4416 4449/4488/4431 4450/4490/4432
f 4443/4480/4425 4442/4484/4424 4457/4489/4439 4458/4491/4440
f 4436/4475/4418 4435/4474/4417 4450/4490/4432 4451/4492/4433
f 4430/4481/4412 4443/4480/4425 4458/4491/4440 4445/4493/4427
f 4437/4483/4419 4436/4475/4418 4451/4492/4433 4452/4494/4434
f 4429/4466/4411 4430/4481/4412 4445/4493/4427 4444/4495/4426
f 4438/4478/4420 4437/4483/4419 4452/4494/4434 4453/4496/4435
f 4431/4467/4413 4429/4466/4411 4444/4495/4426 4446/4497/4428
f 4439/4479/4421 4438/4478/4420 4453/4496/4435 4454/4498/4436
f 4432/4482/4414 4431/4467/4413 4446/4497/4428 4447/4499/4429
f 4440/4471/4422 4439/4479/4421 4454/4498/4436 4455/4472/4437
f 4433/4476/4415 4432/4482/4414 4447/4499/4429 4448/4487/4430
f 4463/4500/4445 4462/4501/4444 4474/4502/4456
f 4449/4488/4431 4448/4487/4430 4463/4500/4445 4464/4503/4446
f 4457/4489/4439 4456/4473/4438 4471/4486/4453 4472/4504/4454
f 4450/4490/4432 4449/4488/4431 4464/4503/4446 4465/4505/4447
f 4458/4491/4440 4457/4489/4439 4472/4504/4454 4473/4506/4455
f 4451/4492/4433 4450/4490/4432 4465/4505/4447 4466/4507/4448
f 4445/4493/4427 4458/4491/4440 4473/4506/4455 4460/4508/4442
f 4452/4494/4434 4451/4492/4433 4466/4507/4448 4467/4509/4449
f 4444/4495/4426 4445/4493/4427 4460/4508/4442 4459/4510/4441
f 4453/4496/4435 4452/4494/4434 4467/4509/4449 4468/4511/4450
f 4446/4497/4428 4444/4495/4426 4459/4510/4441 4461/4512/4443
f 4454/4498/4436 4453/4496/4435 4468/4511/4450 4469/4513/4451
f 4447/4499/4429 4446/4497/4428 4461/4512/4443 4462/4501/4444
f 4455/4472/4437 4454/4498/4436 4469/4513/4451 4470/4485/4452
f 4448/4487/4430 4447/4499/4429 4462/4501/4444 4463/4500/4445
f 4471/4486/4453 4470/4485/4452 4474/4502/4456
f 4464/4503/4446 4463/4500/4445 4474/4502/4456
f 4472/4504/4454 4471/4486/4453 4474/4502/4456
f 4465/4505/4447 4464/4503/4446 4474/4502/4456
f 4473/4506/4455 4472/4504/4454 4474/4502/4456
f 4466/4507/4448 4465/4505/4447 4474/4502/4456
f 4460/4508/4442 4473/4506/4455 4474/4502/4456
f 4467/4509/4449 4466/4507/4448 4474/4502/4456
f 4459/4510/4441 4460/4508/4442 4474/4502/4456
f 4468/4511/4450 4467/4509/4449 4474/4502/4456
f 4461/4512/4443 4459/4510/4441 4474/4502/4456
f 4469/4513/4451 4468/4511/4450 4474/4502/4456
f 4462/4501/4444 4461/4512/4443 4474/4502/4456
f 4470/4485/4452 4469/4513/4451 4474/4502/4456
f 4475/4514/4457 4476/4515/4458 4478/4516/4460 4477/4517/4459
f 4477/4517/4459 4478/4516/4460 4480/4518/4462 4479/4519/4461
f 4479/4519/4461 4480/4518/4462 4482/4520/4464 4481/4521/4463
f 4481/4521/4463 4482/4520/4464 4484/4522/4466 4483/4523/4465
f 4483/4523/4465 4484/4522/4466 4486/4524/4468 4485/4525/4467
f 4485/4525/4467 4486/4524/4468 4488/4526/4470 4487/4527/4469
f 4487/4527/4469 4488/4526/4470 4490/4528/4472 4489/4529/4471
f 4489/4529/4471 4490/4528/4472 4492/4530/4474 4491/4531/4473
f 4491/4531/4473 4492/4530/4474 4494/4532/4476 4493/4533/4475
f 4493/4533/4475 4494/4532/4476 4496/4534/4478 4495/4535/4477
f 4495/4535/4477 4496/4534/4478 4498/4536/4480 4497/4537/4479
f 4497/4537/4479 4498/4536/4480 4500/4538/4482 4499/4539/4481
f 4499/4539/4481 4500/4538/4482 4502/4540/4484 4501/4541/4483
f 4480/4518/4462 4478/4516/4460 4505/4542/4487 4507/4543/4489
f 4501/4541/4483 4502/4540/4484 4504/4544/4486 4503/4545/4485
f 4503/4545/4485 4504/4544/4486 4476/4515/4458 4475/4514/4457
f 4517/4546/4499 4516/4547/4498 4531/4548/4513 4532/4549/4514
f 4490/4528/4472 4488/4526/4470 4511/4550/4493 4512/4551/4494
f 4500/4538/4482 4498/4536/4480 4516/4547/4498 4517/4546/4499
f 4486/4524/4468 4484/4522/4466 4509/4552/4491 4510/4553/4492
f 4496/4534/4478 4494/4532/4476 4514/4554/4496 4515/4555/4497
f 4476/4515/4458 4504/4544/4486 4519/4556/4501 4506/4557/4488
f 4482/4520/4464 4480/4518/4462 4507/4543/4489 4508/4558/4490
f 4492/4530/4474 4490/4528/4472 4512/4551/4494 4513/4559/4495
f 4478/4516/4460 4476/4515/4458 4506/4557/4488 4505/4542/4487
f 4502/4540/4484 4500/4538/4482 4517/4546/4499 4518/4560/4500
f 4488/4526/4470 4486/4524/4468 4510/4553/4492 4511/4550/4493
f 4498/4536/4480 4496/4534/4478 4515/4555/4497 4516/4547/4498
f 4484/4522/4466 4482/4520/4464 4508/4558/4490 4509/4552/4491
f 4494/4532/4476 4492/4530/4474 4513/4559/4495 4514/4554/4496
f 4504/4544/4486 4502/4540/4484 4518/4560/4500 4519/4556/4501
f 4532/4549/4514 4531/4548/4513 4546/4561/4528 4547/4562/4529
f 4510/4553/4492 4509/4552/4491 4524/4563/4506 4525/4564/4507
f 4518/4560/4500 4517/4546/4499 4532/4549/4514 4533/4565/4515
f 4511/4550/4493 4510/4553/4492 4525/4564/4507 4526/4566/4508
f 4519/4556/4501 4518/4560/4500 4533/4565/4515 4534/4567/4516
f 4512/4551/4494 4511/4550/4493 4526/4566/4508 4527/4568/4509
f 4506/4557/4488 4519/4556/4501 4534/4567/4516 4521/4569/4503
f 4513/4559/4495 4512/4551/4494 4527/4568/4509 4528/4570/4510
f 4505/4542/4487 4506/4557/4488 4521/4569/4503 4520/4571/4502
f 4514/4554/4496 4513/4559/4495 4528/4570/4510 4529/4572/4511
f 4507/4543/4489 4505/4542/4487 4520/4571/4502 4522/4573/4504
f 4515/4555/4497 4514/4554/4496 4529/4572/4511 4530/4574/4512
f 4508/4558/4490 4507/4543/4489 4522/4573/4504 4523/4575/4505
f 4516/4547/4498 4515/4555/4497 4530/4574/4512 4531/4548/4513
f 4509/4552/4491 4508/4558/4490 4523/4575/4505 4524/4563/4506
f 4539/4576/4521 4538/4577/4520 4550/4578/4532
f 4525/4564/4507 4524/4563/4506 4539/4576/4521 4540/4579/4522
f 4533/4565/4515 4532/4549/4514 4547/4562/4529 4548/4580/4530
f 4526/4566/4508 4525/4564/4507 4540/4579/4522 4541/4581/4523
f 4534/4567/4516 4533/4565/4515 4548/4580/4530 4549/4582/4531
f 4527/4568/4509 4526/4566/4508 4541/4581/4523 4542/4583/4524
f 4521/4569/4503 4534/4567/4516 4549/4582/4531 4536/4584/4518
f 4528/4570/4510 4527/4568/4509 4542/4583/4524 4543/4585/4525
f 4520/4571/4502 4521/4569/4503 4536/4584/4518 4535/4586/4517
f 4529/4572/4511 4528/4570/4510 4543/4585/4525 4544/4587/4526
f 4522/4573/4504 4520/4571/4502 4535/4586/4517 4537/4588/4519
f 4530/4574/4512 4529/4572/4511 4544/4587/4526 4545/4589/4527
f 4523/4575/4505 4522/4573/4504 4537/4588/4519 4538/4577/4520
f 4531/4548/4513 4530/4574/4512 4545/4589/4527 4546/4561/4528
f 4524/4563/4506 4523/4575/4505 4538/4577/4520 4539/4576/4521
f 4547/4562/4529 4546/4561/4528 4550/4578/4532
f 4540/4579/4522 4539/4576/4521 4550/4578/4532
f 4548/4580/4530 4547/4562/4529 4550/4578/4532
f 4541/4581/4523 4540/4579/4522 4550/4578/4532
f 4549/4582/4531 4548/4580/4530 4550/4578/4532
f 4542/4583/4524 4541/4581/4523 4550/4578/4532
f 4536/4584/4518 4549/4582/4531 4550/4578/4532
f 4543/4585/4525 4542/4583/4524 4550/4578/4532
f 4535/4586/4517 4536/4584/4518 4550/4578/4532
f 4544/4587/4526 4543/4585/4525 4550/4578/4532
f 4537/4588/4519 4535/4586/4517 4550/4578/4532
f 4545/4589/4527 4544/4587/4526 4550/4578/4532
f 4538/4577/4520 4537/4588/4519 4550/4578/4532
f 4546/4561/4528 4545/4589/4527 4550/4578/4532
f 4551/4590/4533 4552/4591/4534 4554/4592/4536 4553/4593/4535
f 4553/4593/4535 4554/4592/4536 4556/4594/4538 4555/4595/4537
f 4555/4595/4537 4556/4594/4538 4558/4596/4540 4557/4597/4539
f 4557/4597/4539 4558/4596/4540 4560/4598/4542 4559/4599/4541
f 4559/4599/4541 4560/4598/4542 4562/4600/4544 4561/4601/4543
f 4561/4601/4543 4562/4600/4544 4564/4602/4546 4563/4603/4545
f 4563/4603/4545 4564/4602/4546 4566/4604/4548 4565/4605/4547
f 4565/4605/4547 4566/4604/4548 4568/4606/4550 4567/4607/4549
f 4567/4607/4549 4568/4606/4550 4570/4608/4552 4569/4609/4551
f 4569/4609/4551 4570/4608/4552 4572/4610/4554 4571/4611/4553
f 4571/4611/4553 4572/4610/4554 4574/4612/4556 4573/4613/4555
f 4573/4613/4555 4574/4612/4556 4576/4614/4558 4575/4615/4557
f 4575/4615/4557 4576/4614/4558 4578/4616/4560 4577/4617/4559
f 4556/4594/4538 4554/4592/4536 4581/4618/4563 4583/4619/4565
f 4577/4617/4559 4578/4616/4560 4580/4620/4562 4579/4621/4561
f 4579/4621/4561 4580/4620/4562 4552/4591/4534 4551/4590/4533
f 4593/4622/4575 4592/4623/4574 4607/4624/4589 4608/4625/4590
f 4566/4604/4548 4564/4602/4546 4587/4626/4569 4588/4627/4570
f 4576/4614/4558 4574/4612/4556 4592/4623/4574 4593/4622/4575
f 4562/4600/4544 4560/4598/4542 4585/4628/4567 4586/4629/4568
f 4572/4610/4554 4570/4608/4552 4590/4630/4572 4591/4631/4573
f 4552/4591/4534 4580/4620/4562 4595/4632/4577 4582/4633/4564
f 4558/4596/4540 4556/4594/4538 4583/4619/4565 4584/4634/4566
f 4568/4606/4550 4566/4604/4548 4588/4627/4570 4589/4635/4571
f 4554/4592/4536 4552/4591/4534 4582/4633/4564 4581/4618/4563
f 4578/4616/4560 4576/4614/4558 4593/4622/4575 4594/4636/4576
f 4564/4602/4546 4562/4600/4544 4586/4629/4568 4587/4626/4569
f 4574/4612/4556 4572/4610/4554 4591/4631/4573 4592/4623/4574
f 4560/4598/4542 4558/4596/4540 4584/4634/4566 4585/4628/4567
f 4570/4608/4552 4568/4606/4550 4589/4635/4571 4590/4630/4572
f 4580/4620/4562 4578/4616/4560 4594/4636/4576 4595/4632/4577
f 4608/4625/4590 4607/4624/4589 4622/4637/4604 4623/4638/4605
f 4586/4629/4568 4585/4628/4567 4600/4639/4582 4601/4640/4583
f 4594/4636/4576 4593/4622/4575 4608/4625/4590 4609/4641/4591
f 4587/4626/4569 4586/4629/4568 4601/4640/4583 4602/4642/4584
f 4595/4632/4577 4594/4636/4576 4609/4641/4591 4610/4643/4592
f 4588/4627/4570 4587/4626/4569 4602/4642/4584 4603/4644/4585
f 4582/4633/4564 4595/4632/4577 4610/4643/4592 4597/4645/4579
f 4589/4635/4571 4588/4627/4570 4603/4644/4585 4604/4646/4586
f 4581/4618/4563 4582/4633/4564 4597/4645/4579 4596/4647/4578
f 4590/4630/4572 4589/4635/4571 4604/4646/4586 4605/4648/4587
f 4583/4619/4565 4581/4618/4563 4596/4647/4578 4598/4649/4580
f 4591/4631/4573 4590/4630/4572 4605/4648/4587 4606/4650/4588
f 4584/4634/4566 4583/4619/4565 4598/4649/4580 4599/4651/4581
f 4592/4623/4574 4591/4631/4573 4606/4650/4588 4607/4624/4589
f 4585/4628/4567 4584/4634/4566 4599/4651/4581 4600/4639/4582
f 4615/4652/4597 4614/4653/4596 4626/4654/4608
f 4601/4640/4583 4600/4639/4582 4615/4652/4597 4616/4655/4598
f 4609/4641/4591 4608/4625/4590 4623/4638/4605 4624/4656/4606
f 4602/4642/4584 4601/4640/4583 4616/4655/4598 4617/4657/4599
f 4610/4643/4592 4609/4641/4591 4624/4656/4606 4625/4658/4607
f 4603/4644/4585 4602/4642/4584 4617/4657/4599 4618/4659/4600
f 4597/4645/4579 4610/4643/4592 4625/4658/4607 4612/4660/4594
f 4604/4646/4586 4603/4644/4585 4618/4659/4600 4619/4661/4601
f 4596/4647/4578 4597/4645/4579 4612/4660/4594 4611/4662/4593
f 4605/4648/4587 4604/4646/4586 4619/4661/4601 4620/4663/4602
f 4598/4649/4580 4596/4647/4578 4611/4662/4593 4613/4664/4595
f 4606/4650/4588 4605/4648/4587 4620/4663/4602 4621/4665/4603
f 4599/4651/4581 4598/4649/4580 4613/4664/4595 4614/4653/4596
f 4607/4624/4589 4606/4650/4588 4621/4665/4603 4622/4637/4604
f 4600/4639/4582 4599/4651/4581 4614/4653/4596 4615/4652/4597
f 4623/4638/4605 4622/4637/4604 4626/4654/4608
f 4616/4655/4598 4615/4652/4597 4626/4654/4608
f 4624/4656/4606 4623/4638/4605 4626/4654/4608
f 4617/4657/4599 4616/4655/4598 4626/4654/4608
f 4625/4658/4607 4624/4656/4606 4626/4654/4608
f 4618/4659/4600 4617/4657/4599 4626/4654/4608
f 4612/4660/4594 4625/4658/4607 4626/4654/4608
f 4619/4661/4601 4618/4659/4600 4626/4654/4608
f 4611/4662/4593 4612/4660/4594 4626/4654/4608
f 4620/4663/4602 4619/4661/4601 4626/4654/4608
f 4613/4664/4595 4611/4662/4593 4626/4654/4608
f 4621/4665/4603 4620/4663/4602 4626/4654/4608
f 4614/4653/4596 4613/4664/4595 4626/4654/4608
f 4622/4637/4604 4621/4665/4603 4626/4654/4608
f 4627/4666/4609 4628/4667/4610 4630/4668/4612 4629/4669/4611
f 4629/4669/4611 4630/4668/4612 4632/4670/4614 4631/4671/4613
f 4631/4671/4613 4632/4670/4614 4634/4672/4616 4633/4673/4615
f 4633/4673/4615 4634/4672/4616 4636/4674/4618 4635/4675/4617
f 4635/4675/4617 4636/4674/4618 4638/4676/4620 4637/4677/4619
f 4637/4677/4619 4638/4676/4620 4640/4678/4622 4639/4679/4621
f 4639/4679/4621 4640/4678/4622 4642/4680/4624 4641/4681/4623
f 4641/4681/4623 4642/4680/4624 4644/4682/4626 4643/4683/4625
f 4643/4683/4625 4644/4682/4626 4646/4684/4628 4645/4685/4627
f 4645/4685/4627 4646/4684/4628 4648/4686/4630 4647/4687/4629
f 4647/4687/4629 4648/4686/4630 4650/4688/4632 4649/4689/4631
f 4649/4689/4631 4650/4688/4632 4652/4690/4634 4651/4691/4633
f 4651/4691/4633 4652/4690/4634 4654/4692/4636 4653/4693/4635
f 4632/4670/4614 4630/4668/4612 4657/4694/4639 4659/4695/4641
f 4653/4693/4635 4654/4692/4636 4656/4696/4638 4655/4697/4637
f 4655/4697/4637 4656/4696/4638 4628/4667/4610 4627/4666/4609
f 4669/4698/4651 4668/4699/4650 4683/4700/4665 4684/4701/4666
f 4642/4680/4624 4640/4678/4622 4663/4702/4645 4664/4703/4646
f 4652/4690/4634 4650/4688/4632 4668/4699/4650 4669/4698/4651
f 4638/4676/4620 4636/4674/4618 4661/4704/4643 4662/4705/4644
f 4648/4686/4630 4646/4684/4628 4666/4706/4648 4667/4707/4649
f 4628/4667/4610 4656/4696/4638 4671/4708/4653 4658/4709/4640
f 4634/4672/4616 4632/4670/4614 4659/4695/4641 4660/4710/4642
f 4644/4682/4626 4642/4680/4624 4664/4703/4646 4665/4711/4647
f 4630/4668/4612 4628/4667/4610 4658/4709/4640 4657/4694/4639
f 4654/4692/4636 4652/4690/4634 4669/4698/4651 4670/4712/4652
f 4640/4678/4622 4638/4676/4620 4662/4705/4644 4663/4702/4645
f 4650/4688/4632 4648/4686/4630 4667/4707/4649 4668/4699/4650
f 4636/4674/4618 4634/4672/4616 4660/4710/4642 4661/4704/4643
f 4646/4684/4628 4644/4682/4626 4665/4711/4647 4666/4706/4648
f 4656/4696/4638 4654/4692/4636 4670/4712/4652 4671/4708/4653
f 4684/4701/4666 4683/4700/4665 4698/4713/4680 4699/4714/4681
f 4662/4705/4644 4661/4704/4643 4676/4715/4658 4677/4716/4659
f 4670/4712/4652 4669/4698/4651 4684/4701/4666 4685/4717/4667
f 4663/4702/4645 4662/4705/4644 4677/4716/4659 4678/4718/4660
f 4671/4708/4653 4670/4712/4652 4685/4717/4667 4686/4719/4668
f 4664/4703/4646 4663/4702/4645 4678/4718/4660 4679/4720/4661
f 4658/4709/4640 4671/4708/4653 4686/4719/4668 4673/4721/4655
f 4665/4711/4647 4664/4703/4646 4679/4720/4661 4680/4722/4662
f 4657/4694/4639 4658/4709/4640 4673/4721/4655 4672/4723/4654
f 4666/4706/4648 4665/4711/4647 4680/4722/4662 4681/4724/4663
f 4659/4695/4641 4657/4694/4639 4672/4723/4654 4674/4725/4656
f 4667/4707/4649 4666/4706/4648 4681/4724/4663 4682/4726/4664
f 4660/4710/4642 4659/4695/4641 4674/4725/4656 4675/4727/4657
f 4668/4699/4650 4667/4707/4649 4682/4726/4664 4683/4700/4665
f 4661/4704/4643 4660/4710/4642 4675/4727/4657 4676/4715/4658
f 4691/4728/4673 4690/4729/4672 4702/4730/4684
f 4677/4716/4659 4676/4715/4658 4691/4728/4673 4692/4731/4674
f 4685/4717/4667 4684/4701/4666 4699/4714/4681 4700/4732/4682
f 4678/4718/4660 4677/4716/4659 4692/4731/4674 4693/4733/4675
f 4686/4719/4668 4685/4717/4667 4700/4732/4682 4701/4734/4683
f 4679/4720/4661 4678/4718/4660 4693/4733/4675 4694/4735/4676
f 4673/4721/4655 4686/4719/4668 4701/4734/4683 4688/4736/4670
f 4680/4722/4662 4679/4720/4661 4694/4735/4676 4695/4737/4677
f 4672/4723/4654 4673/4721/4655 4688/4736/4670 4687/4738/4669
f 4681/4724/4663 4680/4722/4662 4695/4737/4677 4696/4739/4678
f 4674/4725/4656 4672/4723/4654 4687/4738/4669 4689/4740/4671
f 4682/4726/4664 4681/4724/4663 4696/4739/4678 4697/4741/4679
f 4675/4727/4657 4674/4725/4656 4689/4740/4671 4690/4729/4672
f 4683/4700/4665 4682/4726/4664 4697/4741/4679 4698/4713/4680
f 4676/4715/4658 4675/4727/4657 4690/4729/4672 4691/4728/4673
f 4699/4714/4681 4698/4713/4680 4702/4730/4684
f 4692/4731/4674 4691/4728/4673 4702/4730/4684
f 4700/4732/4682 4699/4714/4681 4702/4730/4684
f 4693/4733/4675 4692/4731/4674 4702/4730/4684
f 4701/4734/4683 4700/4732/4682 4702/4730/4684
f 4694/4735/4676 4693/4733/4675 4702/4730/4684
f 4688/4736/4670 4701/4734/4683 4702/4730/4684
f 4695/4737/4677 4694/4735/4676 4702/4730/4684
f 4687/4738/4669 4688/4736/4670 4702/4730/4684
f 4696/4739/4678 4695/4737/4677 4702/4730/4684
f 4689/4740/4671 4687/4738/4669 4702/4730/4684
f 4697/4741/4679 4696/4739/4678 4702/4730/4684
f 4690/4729/4672 4689/4740/4671 4702/4730/4684
f 4698/4713/4680 4697/4741/4679 4702/4730/4684
f 4703/4742/4685 4704/4743/4686 4706/4744/4688 4705/4745/4687
f 4705/4745/4687 4706/4744/4688 4708/4746/4690 4707/4747/4689
f 4707/4747/4689 4708/4746/4690 4710/4748/4692 4709/4749/4691
f 4709/4749/4691 4710/4748/4692 4712/4750/4694 4711/4751/4693
f 4711/4751/4693 4712/4750/4694 4714/4752/4696 4713/4753/4695
f 4713/4753/4695 4714/4752/4696 4716/4754/4698 4715/4755/4697
f 4715/4755/4697 4716/4754/4698 4718/4756/4700 4717/4757/4699
f 4717/4757/4699 4718/4756/4700 4720/4758/4702 4719/4759/4701
f 4719/4759/4701 4720/4758/4702 4722/4760/4704 4721/4761/4703
f 4721/4761/4703 4722/4760/4704 4724/4762/4706 4723/4763/4705
f 4723/4763/4705 4724/4762/4706 4726/4764/4708 4725/4765/4707
f 4725/4765/4707 4726/4764/4708 4728/4766/4710 4727/4767/4709
f 4727/4767/4709 4728/4766/4710 4730/4768/4712 4729/4769/4711
f 4708/4746/4690 4706/4744/4688 4733/4770/4715 4735/4771/4717
f 4729/4769/4711 4730/4768/4712 4732/4772/4714 4731/4773/4713
f 4731/4773/4713 4732/4772/4714 4704/4743/4686 4703/4742/4685
f 4745/4774/4727 4744/4775/4726 4759/4776/4741 4760/4777/4742
f 4718/4756/4700 4716/4754/4698 4739/4778/4721 4740/4779/4722
f 4728/4766/4710 4726/4764/4708 4744/4775/4726 4745/4774/4727
f 4714/4752/4696 4712/4750/4694 4737/4780/4719 4738/4781/4720
f 4724/4762/4706 4722/4760/4704 4742/4782/4724 4743/4783/4725
f 4704/4743/4686 4732/4772/4714 4747/4784/4729 4734/4785/4716
f 4710/4748/4692 4708/4746/4690 4735/4771/4717 4736/4786/4718
f 4720/4758/4702 4718/4756/4700 4740/4779/4722 4741/4787/4723
f 4706/4744/4688 4704/4743/4686 4734/4785/4716 4733/4770/4715
f 4730/4768/4712 4728/4766/4710 4745/4774/4727 4746/4788/4728
f 4716/4754/4698 4714/4752/4696 4738/4781/4720 4739/4778/4721
f 4726/4764/4708 4724/4762/4706 4743/4783/4725 4744/4775/4726
f 4712/4750/4694 4710/4748/4692 4736/4786/4718 4737/4780/4719
f 4722/4760/4704 4720/4758/4702 4741/4787/4723 4742/4782/4724
f 4732/4772/4714 4730/4768/4712 4746/4788/4728 4747/4784/4729
f 4760/4777/4742 4759/4776/4741 4774/4789/4756 4775/4790/4757
f 4738/4781/4720 4737/4780/4719 4752/4791/4734 4753/4792/4735
f 4746/4788/4728 4745/4774/4727 4760/4777/4742 4761/4793/4743
f 4739/4778/4721 4738/4781/4720 4753/4792/4735 4754/4794/4736
f 4747/4784/4729 4746/4788/4728 4761/4793/4743 4762/4795/4744
f 4740/4779/4722 4739/4778/4721 4754/4794/4736 4755/4796/4737
f 4734/4785/4716 4747/4784/4729 4762/4795/4744 4749/4797/4731
f 4741/4787/4723 4740/4779/4722 4755/4796/4737 4756/4798/4738
f 4733/4770/4715 4734/4785/4716 4749/4797/4731 4748/4799/4730
f 4742/4782/4724 4741/4787/4723 4756/4798/4738 4757/4800/4739
f 4735/4771/4717 4733/4770/4715 4748/4799/4730 4750/4801/4732
f 4743/4783/4725 4742/4782/4724 4757/4800/4739 4758/4802/4740
f 4736/4786/4718 4735/4771/4717 4750/4801/4732 4751/4803/4733
f 4744/4775/4726 4743/4783/4725 4758/4802/4740 4759/4776/4741
f 4737/4780/4719 4736/4786/4718 4751/4803/4733 4752/4791/4734
f 4767/4804/4749 4766/4805/4748 4778/4806/4760
f 4753/4792/4735 4752/4791/4734 4767/4804/4749 4768/4807/4750
f 4761/4793/4743 4760/4777/4742 4775/4790/4757 4776/4808/4758
f 4754/4794/4736 4753/4792/4735 4768/4807/4750 4769/4809/4751
f 4762/4795/4744 4761/4793/4743 4776/4808/4758 4777/4810/4759
f 4755/4796/4737 4754/4794/4736 4769/4809/4751 4770/4811/4752
f 4749/4797/4731 4762/4795/4744 4777/4810/4759 4764/4812/4746
f 4756/4798/4738 4755/4796/4737 4770/4811/4752 4771/4813/4753
f 4748/4799/4730 4749/4797/4731 4764/4812/4746 4763/4814/4745
f 4757/4800/4739 4756/4798/4738 4771/4813/4753 4772/4815/4754
f 4750/4801/4732 4748/4799/4730 4763/4814/4745 4765/4816/4747
f 4758/4802/4740 4757/4800/4739 4772/4815/4754 4773/4817/4755
f 4751/4803/4733 4750/4801/4732 4765/4816/4747 4766/4805/4748
f 4759/4776/4741 4758/4802/4740 4773/4817/4755 4774/4789/4756
f 4752/4791/4734 4751/4803/4733 4766/4805/4748 4767/4804/4749
f 4775/4790/4757 4774/4789/4756 4778/4806/4760
f 4768/4807/4750 4767/4804/4749 4778/4806/4760
f 4776/4808/4758 4775/4790/4757 4778/4806/4760
f 4769/4809/4751 4768/4807/4750 4778/4806/4760
f 4777/4810/4759 4776/4808/4758 4778/4806/4760
f 4770/4811/4752 4769/4809/4751 4778/4806/4760
f 4764/4812/4746 4777/4810/4759 4778/4806/4760
f 4771/4813/4753 4770/4811/4752 4778/4806/4760
f 4763/4814/4745 4764/4812/4746 4778/4806/4760
f 4772/4815/4754 4771/4813/4753 4778/4806/4760
f 4765/4816/4747 4763/4814/4745 4778/4806/4760
f 4773/4817/4755 4772/4815/4754 4778/4806/4760
f 4766/4805/4748 4765/4816/4747 4778/4806/4760
f 4774/4789/4756 4773/4817/4755 4778/4806/4760
f 4779/4818/4761 4780/4819/4762 4782/4820/4764 4781/4821/4763
f 4781/4821/4763 4782/4820/4764 4784/4822/4766 4783/4823/4765
f 4783/4823/4765 4784/4822/4766 4786/4824/4768 4785/4825/4767
f 4785/4825/4767 4786/4824/4768 4788/4826/4770 4787/4827/4769
f 4787/4827/4769 4788/4826/4770 4790/4828/4772 4789/4829/4771
f 4789/4829/4771 4790/4828/4772 4792/4830/4774 4791/4831/4773
f 4791/4831/4773 4792/4830/4774 4794/4832/4776 4793/4833/4775
f 4793/4833/4775 4794/4832/4776 4796/4834/4778 4795/4835/4777
f 4795/4835/4777 4796/4834/4778 4798/4836/4780 4797/4837/4779
f 4797/4837/4779 4798/4836/4780 4800/4838/4782 4799/4839/4781
f 4799/4839/4781 4800/4838/4782 4802/4840/4784 4801/4841/4783
f 4801/4841/4783 4802/4840/4784 4804/4842/4786 4803/4843/4785
f 4803/4843/4785 4804/4842/4786 4806/4844/4788 4805/4845/4787
f 4784/4822/4766 4782/4820/4764 4809/4846/4791 4811/4847/4793
f 4805/4845/4787 4806/4844/4788 4808/4848/4790 4807/4849/4789
f 4807/4849/4789 4808/4848/4790 4780/4819/4762 4779/4818/4761
f 4821/4850/4803 4820/4851/4802 4835/4852/4817 4836/4853/4818
f 4794/4832/4776 4792/4830/4774 4815/4854/4797 4816/4855/4798
f 4804/4842/4786 4802/4840/4784 4820/4851/4802 4821/4850/4803
f 4790/4828/4772 4788/4826/4770 4813/4856/4795 4814/4857/4796
f 4800/4838/4782 4798/4836/4780 4818/4858/4800 4819/4859/4801
f 4780/4819/4762 4808/4848/4790 4823/4860/4805 4810/4861/4792
f 4786/4824/4768 4784/4822/4766 4811/4847/4793 4812/4862/4794
f 4796/4834/4778 4794/4832/4776 4816/4855/4798 4817/4863/4799
f 4782/4820/4764 4780/4819/4762 4810/4861/4792 4809/4846/4791
f 4806/4844/4788 4804/4842/4786 4821/4850/4803 4822/4864/4804
f 4792/4830/4774 4790/4828/4772 4814/4857/4796 4815/4854/4797
f 4802/4840/4784 4800/4838/4782 4819/4859/4801 4820/4851/4802
f 4788/4826/4770 4786/4824/4768 4812/4862/4794 4813/4856/4795
f 4798/4836/4780 4796/4834/4778 4817/4863/4799 4818/4858/4800
f 4808/4848/4790 4806/4844/4788 4822/4864/4804 4823/4860/4805
f 4836/4853/4818 4835/4852/4817 4850/4865/4832 4851/4866/4833
f 4814/4857/4796 4813/4856/4795 4828/4867/4810 4829/4868/4811
f 4822/4864/4804 4821/4850/4803 4836/4853/4818 4837/4869/4819
f 4815/4854/4797 4814/4857/4796 4829/4868/4811 4830/4870/4812
f 4823/4860/4805 4822/4864/4804 4837/4869/4819 4838/4871/4820
f 4816/4855/4798 4815/4854/4797 4830/4870/4812 4831/4872/4813
f 4810/4861/4792 4823/4860/4805 4838/4871/4820 4825/4873/4807
f 4817/4863/4799 4816/4855/4798 4831/4872/4813 4832/4874/4814
f 4809/4846/4791 4810/4861/4792 4825/4873/4807 4824/4875/4806
f 4818/4858/4800 4817/4863/4799 4832/4874/4814 4833/4876/4815
f 4811/4847/4793 4809/4846/4791 4824/4875/4806 4826/4877/4808
f 4819/4859/4801 4818/4858/4800 4833/4876/4815 4834/4878/4816
f 4812/4862/4794 4811/4847/4793 4826/4877/4808 4827/4879/4809
f 4820/4851/4802 4819/4859/4801 4834/4878/4816 4835/4852/4817
f 4813/4856/4795 4812/4862/4794 4827/4879/4809 4828/4867/4810
f 4843/4880/4825 4842/4881/4824 4854/4882/4836
f 4829/4868/4811 4828/4867/4810 4843/4880/4825 4844/4883/4826
f 4837/4869/4819 4836/4853/4818 4851/4866/4833 4852/4884/4834
f 4830/4870/4812 4829/4868/4811 4844/4883/4826 4845/4885/4827
f 4838/4871/4820 4837/4869/4819 4852/4884/4834 4853/4886/4835
f 4831/4872/4813 4830/4870/4812 4845/4885/4827 4846/4887/4828
f 4825/4873/4807 4838/4871/4820 4853/4886/4835 4840/4888/4822
f 4832/4874/4814 4831/4872/4813 4846/4887/4828 4847/4889/4829
f 4824/4875/4806 4825/4873/4807 4840/4888/4822 4839/4890/4821
f 4833/4876/4815 4832/4874/4814 4847/4889/4829 4848/4891/4830
f 4826/4877/4808 4824/4875/4806 4839/4890/4821 4841/4892/4823
f 4834/4878/4816 4833/4876/4815 4848/4891/4830 4849/4893/4831
f 4827/4879/4809 4826/4877/4808 4841/4892/4823 4842/4881/4824
f 4835/4852/4817 4834/4878/4816 4849/4893/4831 4850/4865/4832
f 4828/4867/4810 4827/4879/4809 4842/4881/4824 4843/4880/4825
f 4851/4866/4833 4850/4865/4832 4854/4882/4836
f 4844/4883/4826 4843/4880/4825 4854/4882/4836
f 4852/4884/4834 4851/4866/4833 4854/4882/4836
f 4845/4885/4827 4844/4883/4826 4854/4882/4836
f 4853/4886/4835 4852/4884/4834 4854/4882/4836
f 4846/4887/4828 4845/4885/4827 4854/4882/4836
f 4840/4888/4822 4853/4886/4835 4854/4882/4836
f 4847/4889/4829 4846/4887/4828 4854/4882/4836
f 4839/4890/4821 4840/4888/4822 4854/4882/4836
f 4848/4891/4830 4847/4889/4829 4854/4882/4836
f 4841/4892/4823 4839/4890/4821 4854/4882/4836
f 4849/4893/4831 4848/4891/4830 4854/4882/4836
f 4842/4881/4824 4841/4892/4823 4854/4882/4836
f 4850/4865/4832 4849/4893/4831 4854/4882/4836
f 4855/4894/4837 4856/4895/4838 4858/4896/4840 4857/4897/4839
f 4857/4897/4839 4858/4896/4840 4860/4898/4842 4859/4899/4841
f 4859/4899/4841 4860/4898/4842 4862/4900/4844 4861/4901/4843
f 4861/4901/4843 4862/4900/4844 4864/4902/4846 4863/4903/4845
f 4863/4903/4845 4864/4902/4846 4866/4904/4848 4865/4905/4847
f 4865/4905/4847 4866/4904/4848 4868/4906/4850 4867/4907/4849
f 4867/4907/4849 4868/4906/4850 4870/4908/4852 4869/4909/4851
f 4869/4909/4851 4870/4908/4852 4872/4910/4854 4871/4911/4853
f 4871/4911/4853 4872/4910/4854 4874/4912/4856 4873/4913/4855
f 4873/4913/4855 4874/4912/4856 4876/4914/4858 4875/4915/4857
f 4875/4915/4857 4876/4914/4858 4878/4916/4860 4877/4917/4859
f 4877/4917/4859 4878/4916/4860 4880/4918/4862 4879/4919/4861
f 4879/4919/4861 4880/4918/4862 4882/4920/4864 4881/4921/4863
f 4860/4898/4842 4858/4896/4840 4885/4922/4867 4887/4923/4869
f 4881/4921/4863 4882/4920/4864 4884/4924/4866 4883/4925/4865
f 4883/4925/4865 4884/4924/4866 4856/4895/4838 4855/4894/4837
f 4897/4926/4879 4896/4927/4878 4911/4928/4893 4912/4929/4894
f 4870/4908/4852 4868/4906/4850 4891/4930/4873 4892/4931/4874
f 4880/4918/4862 4878/4916/4860 4896/4927/4878 4897/4926/4879
f 4866/4904/4848 4864/4902/4846 4889/4932/4871 4890/4933/4872
f 4876/4914/4858 4874/4912/4856 4894/4934/4876 4895/4935/4877
f 4856/4895/4838 4884/4924/4866 4899/4936/4881 4886/4937/4868
f 4862/4900/4844 4860/4898/4842 4887/4923/4869 4888/4938/4870
f 4872/4910/4854 4870/4908/4852 4892/4931/4874 4893/4939/4875
f 4858/4896/4840 4856/4895/4838 4886/4937/4868 4885/4922/4867
f 4882/4920/4864 4880/4918/4862 4897/4926/4879 4898/4940/4880
f 4868/4906/4850 4866/4904/4848 4890/4933/4872 4891/4930/4873
f 4878/4916/4860 4876/4914/4858 4895/4935/4877 4896/4927/4878
f 4864/4902/4846 4862/4900/4844 4888/4938/4870 4889/4932/4871
f 4874/4912/4856 4872/4910/4854 4893/4939/4875 4894/4934/4876
f 4884/4924/4866 4882/4920/4864 4898/4940/4880 4899/4936/4881
f 4912/4929/4894 4911/4928/4893 4926/4941/4908 4927/4942/4909
f 4890/4933/4872 4889/4932/4871 4904/4943/4886 4905/4944/4887
f 4898/4940/4880 4897/4926/4879 4912/4929/4894 4913/4945/4895
f 4891/4930/4873 4890/4933/4872 4905/4944/4887 4906/4946/4888
f 4899/4936/4881 4898/4940/4880 4913/4945/4895 4914/4947/4896
f 4892/4931/4874 4891/4930/4873 4906/4946/4888 4907/4948/4889
f 4886/4937/4868 4899/4936/4881 4914/4947/4896 4901/4949/4883
f 4893/4939/4875 4892/4931/4874 4907/4948/4889 4908/4950/4890
f 4885/4922/4867 4886/4937/4868 4901/4949/4883 4900/4951/4882
f 4894/4934/4876 4893/4939/4875 4908/4950/4890 4909/4952/4891
f 4887/4923/4869 4885/4922/4867 4900/4951/4882 4902/4953/4884
f 4895/4935/4877 4894/4934/4876 4909/4952/4891 4910/4954/4892
f 4888/4938/4870 4887/4923/4869 4902/4953/4884 4903/4955/4885
f 4896/4927/4878 4895/4935/4877 4910/4954/4892 4911/4928/4893
f 4889/4932/4871 4888/4938/4870 4903/4955/4885 4904/4943/4886
f 4919/4956/4901 4918/4957/4900 4930/4958/4912
f 4905/4944/4887 4904/4943/4886 4919/4956/4901 4920/4959/4902
f 4913/4945/4895 4912/4929/4894 4927/4942/4909 4928/4960/4910
f 4906/4946/4888 4905/4944/4887 4920/4959/4902 4921/4961/4903
f 4914/4947/4896 4913/4945/4895 4928/4960/4910 4929/4962/4911
f 4907/4948/4889 4906/4946/4888 4921/4961/4903 4922/4963/4904
f 4901/4949/4883 4914/4947/4896 4929/4962/4911 4916/4964/4898
f 4908/4950/4890 4907/4948/4889 4922/4963/4904 4923/4965/4905
f 4900/4951/4882 4901/4949/4883 4916/4964/4898 4915/4966/4897
f 4909/4952/4891 4908/4950/4890 4923/4965/4905 4924/4967/4906
f 4902/4953/4884 4900/4951/4882 4915/4966/4897 4917/4968/4899
f 4910/4954/4892 4909/4952/4891 4924/4967/4906 4925/4969/4907
f 4903/4955/4885 4902/4953/4884 4917/4968/4899 4918/4957/4900
f 4911/4928/4893 4910/4954/4892 4925/4969/4907 4926/4941/4908
f 4904/4943/4886 4903/4955/4885 4918/4957/4900 4919/4956/4901
f 4927/4942/4909 4926/4941/4908 4930/4958/4912
f 4920/4959/4902 4919/4956/4901 4930/4958/4912
f 4928/4960/4910 4927/4942/4909 4930/4958/4912
f 4921/4961/4903 4920/4959/4902 4930/4958/4912
f 4929/4962/4911 4928/4960/4910 4930/4958/4912
f 4922/4963/4904 4921/4961/4903 4930/4958/4912
f 4916/4964/4898 4929/4962/4911 4930/4958/4912
f 4923/4965/4905 4922/4963/4904 4930/4958/4912
f 4915/4966/4897 4916/4964/4898 4930/4958/4912
f 4924/4967/4906 4923/4965/4905 4930/4958/4912
f 4917/4968/4899 4915/4966/4897 4930/4958/4912
f 4925/4969/4907 4924/4967/4906 4930/4958/4912
f 4918/4957/4900 4917/4968/4899 4930/4958/4912
f 4926/4941/4908 4925/4969/4907 4930/4958/4912
f 4934/4970/4916 4962/4971/4944 5011/4972/4993 4976/4973/4958
f 4962/4971/4944 4933/4974/4915 4975/4975/4957 5011/4972/4993
f 5011/4972/4993 4975/4975/4957 4939/4976/4921 4974/4977/4956
f 4976/4973/4958 5011/4972/4993 4974/4977/4956 4942/4978/4924
f 4933/4974/4915 4962/4971/4944 5012/4979/4994 4963/4980/4945
f 4962/4971/4944 4934/4970/4916 4964/4981/4946 5012/4979/4994
f 5012/4979/4994 4964/4981/4946 4938/4982/4920 4965/4983/4947
f 4963/4980/4945 5012/4979/4994 4965/4983/4947 4937/4984/4919
f 4941/4985/4923 4973/4986/4955 5013/4987/4995 4984/4988/4966
f 4973/4986/4955 4942/4978/4924 4983/4989/4965 5013/4987/4995
f 5013/4987/4995 4983/4989/4965 4946/4990/4928 4981/4991/4963
f 4984/4988/4966 5013/4987/4995 4981/4991/4963 4945/4992/4927
f 4935/4993/4917 4968/4994/4950 5014/4995/4996 4969/4996/4951
f 4968/4994/4950 4936/4997/4918 4970/4998/4952 5014/4995/4996
f 5014/4995/4996 4970/4998/4952 4932/4999/4914 4960/5000/4942
f 4969/4996/4951 5014/4995/4996 4960/5000/4942 4931/5001/4913
f 4933/4974/4915 4963/4980/4945 5015/5002/4997 4959/5003/4941
f 4963/4980/4945 4937/4984/4919 4966/5004/4948 5015/5002/4997
f 5015/5002/4997 4966/5004/4948 4935/4993/4917 4969/4996/4951
f 4959/5003/4941 5015/5002/4997 4969/4996/4951 4931/5001/4913
f 4938/4982/4920 4964/4981/4946 5016/5005/4998 4967/5006/4949
f 4964/4981/4946 4934/4970/4916 4961/5007/4943 5016/5005/4998
f 5016/5005/4998 4961/5007/4943 4932/4999/4914 4970/4998/4952
f 4967/5006/4949 5016/5005/4998 4970/4998/4952 4936/4997/4918
f 4931/5001/4913 4960/5000/4942 5017/5008/4999 4978/5009/4960
f 4960/5000/4942 4932/4999/4914 4977/5010/4959 5017/5008/4999
f 5017/5008/4999 4977/5010/4959 4941/4985/4923 4972/5011/4954
f 4978/5009/4960 5017/5008/4999 4972/5011/4954 4940/5012/4922
f 4932/4999/4914 4961/5007/4943 5018/5013/5000 4977/5010/4959
f 4961/5007/4943 4934/4970/4916 4976/4973/4958 5018/5013/5000
f 5018/5013/5000 4976/4973/4958 4942/4978/4924 4973/4986/4955
f 4977/5010/4959 5018/5013/5000 4973/4986/4955 4941/4985/4923
f 4933/4974/4915 4959/5003/4941 5019/5014/5001 4975/4975/4957
f 4959/5003/4941 4931/5001/4913 4978/5009/4960 5019/5014/5001
f 5019/5014/5001 4978/5009/4960 4940/5012/4922 4971/5015/4953
f 4975/4975/4957 5019/5014/5001 4971/5015/4953 4939/4976/4921
f 4945/4992/4927 4981/4991/4963 5020/5016/5002 4992/5017/4974
f 4981/4991/4963 4946/4990/4928 4991/5018/4973 5020/5016/5002
f 5020/5016/5002 4991/5018/4973 4950/5019/4932 4989/5020/4971
f 4992/5017/4974 5020/5016/5002 4989/5020/4971 4949/5021/4931
f 4939/4976/4921 4971/5015/4953 5021/5022/5003 4986/5023/4968
f 4971/5015/4953 4940/5012/4922 4985/5024/4967 5021/5022/5003
f 5021/5022/5003 4985/5024/4967 4944/5025/4926 4979/5026/4961
f 4986/5023/4968 5021/5022/5003 4979/5026/4961 4943/5027/4925
f 4942/4978/4924 4974/4977/4956 5022/5028/5004 4983/4989/4965
f 4974/4977/4956 4939/4976/4921 4986/5023/4968 5022/5028/5004
f 5022/5028/5004 4986/5023/4968 4943/5027/4925 4982/5029/4964
f 4983/4989/4965 5022/5028/5004 4982/5029/4964 4946/4990/4928
f 4940/5012/4922 4972/5011/4954 5023/5030/5005 4985/5024/4967
f 4972/5011/4954 4941/4985/4923 4984/4988/4966 5023/5030/5005
f 5023/5030/5005 4984/4988/4966 4945/4992/4927 4980/5031/4962
f 4985/5024/4967 5023/5030/5005 4980/5031/4962 4944/5025/4926
f 4950/5019/4932 4990/5032/4972 5024/5033/5006 5000/5034/4982
f 4990/5032/4972 4947/5035/4929 4999/5036/4981 5024/5033/5006
f 5024/5033/5006 4999/5036/4981 4951/5037/4933 4998/5038/4980
f 5000/5034/4982 5024/5033/5006 4998/5038/4980 4954/5039/4936
f 4943/5027/4925 4979/5026/4961 5025/5040/5007 4994/5041/4976
f 4979/5026/4961 4944/5025/4926 4993/5042/4975 5025/5040/5007
f 5025/5040/5007 4993/5042/4975 4948/5043/4930 4987/5044/4969
f 4994/5041/4976 5025/5040/5007 4987/5044/4969 4947/5035/4929
f 4946/4990/4928 4982/5029/4964 5026/5045/5008 4991/5018/4973
f 4982/5029/4964 4943/5027/4925 4994/5041/4976 5026/5045/5008
f 5026/5045/5008 4994/5041/4976 4947/5035/4929 4990/5032/4972
f 4991/5018/4973 5026/5045/5008 4990/5032/4972 4950/5019/4932
f 4944/5025/4926 4980/5031/4962 5027/5046/5009 4993/5042/4975
f 4980/5031/4962 4945/4992/4927 4992/5017/4974 5027/5046/5009
f 5027/5046/5009 4992/5017/4974 4949/5021/4931 4988/5047/4970
f 4993/5042/4975 5027/5046/5009 4988/5047/4970 4948/5043/4930
f 4953/5048/4935 4997/5049/4979 5028/5050/5010 5008/5051/4990
f 4997/5049/4979 4954/5039/4936 5007/5052/4989 5028/5050/5010
f 5028/5050/5010 5007/5052/4989 4958/5053/4940 5005/5054/4987
f 5008/5051/4990 5028/5050/5010 5005/5054/4987 4957/5055/4939
f 4948/5043/4930 4988/5047/4970 5029/5056/5011 5002/5057/4984
f 4988/5047/4970 4949/5021/4931 5001/5058/4983 5029/5056/5011
f 5029/5056/5011 5001/5058/4983 4953/5048/4935 4996/5059/4978
f 5002/5057/4984 5029/5056/5011 4996/5059/4978 4952/5060/4934
f 4949/5021/4931 4989/5020/4971 5030/5061/5012 5001/5058/4983
f 4989/5020/4971 4950/5019/4932 5000/5034/4982 5030/5061/5012
f 5030/5061/5012 5000/5034/4982 4954/5039/4936 4997/5049/4979
f 5001/5058/4983 5030/5061/5012 4997/5049/4979 4953/5048/4935
f 4947/5035/4929 4987/5044/4969 5031/5062/5013 4999/5036/4981
f 4987/5044/4969 4948/5043/4930 5002/5057/4984 5031/5062/5013
f 5031/5062/5013 5002/5057/4984 4952/5060/4934 4995/5063/4977
f 4999/5036/4981 5031/5062/5013 4995/5063/4977 4951/5037/4933
f 4956/5064/4938 5004/5065/4986 5032/5066/5014 5003/5067/4985
f 5004/5065/4986 4957/5055/4939 5005/5054/4987 5032/5066/5014
f 5032/5066/5014 5005/5054/4987 4958/5053/4940 5006/5068/4988
f 5003/5067/4985 5032/5066/5014 5006/5068/4988 4955/5069/4937
f 4951/5037/4933 4995/5063/4977 5033/5070/5015 5010/5071/4992
f 4995/5063/4977 4952/5060/4934 5009/5072/4991 5033/5070/5015
f 5033/5070/5015 5009/5072/4991 4956/5064/4938 5003/5067/4985
f 5010/5071/4992 5033/5070/5015 5003/5067/4985 4955/5069/4937
f 4954/5039/4936 4998/5038/4980 5034/5073/5016 5007/5052/4989
f 4998/5038/4980 4951/5037/4933 5010/5071/4992 5034/5073/5016
f 5034/5073/5016 5010/5071/4992 4955/5069/4937 5006/5068/4988
f 5007/5052/4989 5034/5073/5016 5006/5068/4988 4958/5053/4940
f 4952/5060/4934 4996/5059/4978 5035/5074/5017 5009/5072/4991
f 4996/5059/4978 4953/5048/4935 5008/5051/4990 5035/5074/5017
f 5035/5074/5017 5008/5051/4990 4957/5055/4939 5004/5065/4986
f 5009/5072/4991 5035/5074/5017 5004/5065/4986 4956/5064/4938
f 5081/5126/5063 5101/5127/5083 5134/5128/5116 5115/5129/5097
f 5101/5127/5083 5080/5130/5062 5114/5131/5096 5134/5128/5116
f 5134/5132/5116 5114/5133/5096 5086/5134/5068 5113/5135/5095
f 5115/5136/5097 5134/5132/5116 5113/5135/5095 5089/5137/5071
f 5080/5130/5062 5101/5127/5083 5135/5138/5117 5102/5139/5084
f 5101/5127/5083 5081/5126/5063 5103/5140/5085 5135/5138/5117
f 5135/5138/5117 5103/5140/5085 5085/5141/5067 5104/5142/5086
f 5102/5139/5084 5135/5138/5117 5104/5142/5086 5084/5143/5066
f 5084/5143/5066 5104/5142/5086 5136/5144/5118 5105/5145/5087
f 5104/5142/5086 5085/5141/5067 5106/5146/5088 5136/5144/5118
f 5136/5144/5118 5106/5146/5088 5083/5147/5065 5107/5148/5089
f 5105/5145/5087 5136/5144/5118 5107/5148/5089 5082/5149/5064
f 5082/5149/5064 5107/5148/5089 5137/5150/5119 5108/5151/5090
f 5107/5148/5089 5083/5147/5065 5109/5152/5091 5137/5150/5119
f 5137/5150/5119 5109/5152/5091 5079/5153/5061 5099/5154/5081
f 5108/5151/5090 5137/5150/5119 5099/5154/5081 5078/5155/5060
f 5080/5130/5062 5102/5139/5084 5138/5156/5120 5098/5157/5080
f 5102/5139/5084 5084/5143/5066 5105/5145/5087 5138/5156/5120
f 5138/5156/5120 5105/5145/5087 5082/5149/5064 5108/5151/5090
f 5098/5157/5080 5138/5156/5120 5108/5151/5090 5078/5155/5060
f 5085/5141/5067 5103/5140/5085 5139/5158/5121 5106/5146/5088
f 5103/5140/5085 5081/5126/5063 5100/5159/5082 5139/5158/5121
f 5139/5158/5121 5100/5159/5082 5079/5153/5061 5109/5152/5091
f 5106/5146/5088 5139/5158/5121 5109/5152/5091 5083/5147/5065
f 5088/5160/5070 5112/5161/5094 5140/5162/5122 5123/5163/5105
f 5112/5161/5094 5089/5137/5071 5122/5164/5104 5140/5162/5122
f 5140/5162/5122 5122/5164/5104 5093/5165/5075 5120/5166/5102
f 5123/5163/5105 5140/5162/5122 5120/5166/5102 5092/5167/5074
f 5078/5155/5060 5099/5154/5081 5141/5168/5123 5117/5169/5099
f 5099/5154/5081 5079/5153/5061 5116/5170/5098 5141/5168/5123
f 5141/5168/5123 5116/5170/5098 5088/5160/5070 5111/5171/5093
f 5117/5169/5099 5141/5168/5123 5111/5171/5093 5087/5172/5069
f 5079/5153/5061 5100/5159/5082 5142/5173/5124 5116/5170/5098
f 5100/5159/5082 5081/5126/5063 5115/5129/5097 5142/5173/5124
f 5142/5174/5124 5115/5136/5097 5089/5137/5071 5112/5161/5094
f 5116/5170/5098 5142/5174/5124 5112/5161/5094 5088/5160/5070
f 5080/5130/5062 5098/5157/5080 5143/5175/5125 5114/5131/5096
f 5098/5157/5080 5078/5155/5060 5117/5169/5099 5143/5175/5125
f 5143/5176/5125 5117/5169/5099 5087/5172/5069 5110/5177/5092
f 5114/5133/5096 5143/5176/5125 5110/5177/5092 5086/5134/5068
f 5093/5165/5075 5121/5178/5103 5144/5179/5126 5131/5180/5113
f 5121/5178/5103 5090/5181/5072 5130/5182/5112 5144/5179/5126
f 5144/5179/5126 5130/5182/5112 5094/5183/5076 5129/5184/5111
f 5131/5180/5113 5144/5179/5126 5129/5184/5111 5097/5185/5079
f 5086/5134/5068 5110/5177/5092 5145/5186/5127 5125/5187/5107
f 5110/5177/5092 5087/5172/5069 5124/5188/5106 5145/5186/5127
f 5145/5186/5127 5124/5188/5106 5091/5189/5073 5118/5190/5100
f 5125/5187/5107 5145/5186/5127 5118/5190/5100 5090/5181/5072
f 5089/5137/5071 5113/5135/5095 5146/5191/5128 5122/5164/5104
f 5113/5135/5095 5086/5134/5068 5125/5187/5107 5146/5191/5128
f 5146/5191/5128 5125/5187/5107 5090/5181/5072 5121/5178/5103
f 5122/5164/5104 5146/5191/5128 5121/5178/5103 5093/5165/5075
f 5087/5172/5069 5111/5171/5093 5147/5192/5129 5124/5188/5106
f 5111/5171/5093 5088/5160/5070 5123/5163/5105 5147/5192/5129
f 5147/5192/5129 5123/5163/5105 5092/5167/5074 5119/5193/5101
f 5124/5188/5106 5147/5192/5129 5119/5193/5101 5091/5189/5073
f 5095/5194/5077 5127/5195/5109 5148/5196/5130 5126/5197/5108
f 5127/5195/5109 5096/5198/5078 5128/5199/5110 5148/5196/5130
f 5148/5196/5130 5128/5199/5110 5097/5185/5079 5129/5184/5111
f 5126/5197/5108 5148/5196/5130 5129/5184/5111 5094/5183/5076
f 5091/5189/5073 5119/5193/5101 5149/5200/5131 5133/5201/5115
f 5119/5193/5101 5092/5167/5074 5132/5202/5114 5149/5200/5131
f 5149/5200/5131 5132/5202/5114 5096/5198/5078 5127/5195/5109
f 5133/5201/5115 5149/5200/5131 5127/5195/5109 5095/5194/5077
f 5092/5167/5074 5120/5166/5102 5150/5203/5132 5132/5202/5114
f 5120/5166/5102 5093/5165/5075 5131/5180/5113 5150/5203/5132
f 5150/5203/5132 5131/5180/5113 5097/5185/5079 5128/5199/5110
f 5132/5202/5114 5150/5203/5132 5128/5199/5110 5096/5198/5078
f 5090/5181/5072 5118/5190/5100 5151/5204/5133 5130/5182/5112
f 5118/5190/5100 5091/5189/5073 5133/5201/5115 5151/5204/5133
f 5151/5204/5133 5133/5201/5115 5095/5194/5077 5126/5197/5108
f 5130/5182/5112 5151/5204/5133 5126/5197/5108 5094/5183/5076
usemtl Eyes
f 2287/2301/2269 2286/2302/2268 2301/2303/2283 2302/2304/2284
f 2295/2305/2277 2294/2306/2276 2309/2307/2291 2310/2308/2292
f 2288/2309/2270 2287/2301/2269 2302/2304/2284 2303/2310/2285
f 2296/2311/2278 2295/2305/2277 2310/2308/2292 2311/2312/2293
f 2289/2313/2271 2288/2309/2270 2303/2310/2285 2304/2314/2286
f 2297/2315/2279 2296/2311/2278 2311/2312/2293 2312/2316/2294
f 2290/2317/2272 2289/2313/2271 2304/2314/2286 2305/2318/2287
f 2283/2319/2265 2282/2320/2264 2298/2321/2280
f 2313/2322/2295 2297/2315/2279 2312/2316/2294
f 2291/2323/2273 2290/2317/2272 2305/2318/2287 2306/2324/2288
f 2284/2325/2266 2283/2319/2265 2298/2321/2280 2299/2326/2281
f 2292/2327/2274 2291/2323/2273 2306/2324/2288 2307/2328/2289
f 2285/2329/2267 2284/2325/2266 2299/2326/2281 2300/2330/2282
f 2293/2331/2275 2292/2327/2274 2307/2328/2289 2308/2332/2290
f 2286/2302/2268 2285/2329/2267 2300/2330/2282 2301/2303/2283
f 2294/2306/2276 2293/2331/2275 2308/2332/2290 2309/2307/2291
f 2306/2324/2288 2305/2318/2287 2321/2333/2303 2322/2334/2304
f 2299/2326/2281 2298/2321/2280 2314/2335/2296 2315/2336/2297
f 2307/2328/2289 2306/2324/2288 2322/2334/2304 2323/2337/2305
f 2300/2330/2282 2299/2326/2281 2315/2336/2297 2316/2338/2298
f 2308/2332/2290 2307/2328/2289 2323/2337/2305 2324/2339/2306
f 2301/2303/2283 2300/2330/2282 2316/2338/2298 2317/2340/2299
f 2309/2307/2291 2308/2332/2290 2324/2339/2306 2325/2341/2307
f 2302/2304/2284 2301/2303/2283 2317/2340/2299 2318/2342/2300
f 2310/2308/2292 2309/2307/2291 2325/2341/2307 2326/2343/2308
f 2303/2310/2285 2302/2304/2284 2318/2342/2300 2319/2344/2301
f 2311/2312/2293 2310/2308/2292 2326/2343/2308 2327/2345/2309
f 2304/2314/2286 2303/2310/2285 2319/2344/2301 2320/2346/2302
f 2312/2316/2294 2311/2312/2293 2327/2345/2309 2328/2347/2310
f 2305/2318/2287 2304/2314/2286 2320/2346/2302 2321/2333/2303
f 2298/2321/2280 2282/2320/2264 2314/2335/2296
f 2313/2322/2295 2312/2316/2294 2328/2347/2310
f 2326/2343/2308 2325/2341/2307 2340/2348/2322 2341/2349/2323
f 2319/2344/2301 2318/2342/2300 2333/2350/2315 2334/2351/2316
f 2327/2345/2309 2326/2343/2308 2341/2349/2323 2342/2352/2324
f 2320/2346/2302 2319/2344/2301 2334/2351/2316 2335/2353/2317
f 2328/2347/2310 2327/2345/2309 2342/2352/2324 2343/2354/2325
f 2321/2333/2303 2320/2346/2302 2335/2353/2317 2336/2355/2318
f 2314/2335/2296 2282/2320/2264 2329/2356/2311
f 2313/2322/2295 2328/2347/2310 2343/2354/2325
f 2322/2334/2304 2321/2333/2303 2336/2355/2318 2337/2357/2319
f 2315/2336/2297 2314/2335/2296 2329/2356/2311 2330/2358/2312
f 2323/2337/2305 2322/2334/2304 2337/2357/2319 2338/2359/2320
f 2316/2338/2298 2315/2336/2297 2330/2358/2312 2331/2360/2313
f 2324/2339/2306 2323/2337/2305 2338/2359/2320 2339/2361/2321
f 2317/2340/2299 2316/2338/2298 2331/2360/2313 2332/2362/2314
f 2325/2341/2307 2324/2339/2306 2339/2361/2321 2340/2348/2322
f 2318/2342/2300 2317/2340/2299 2332/2362/2314 2333/2350/2315
f 2338/2359/2320 2337/2357/2319 2352/2363/2334 2353/2364/2335
f 2331/2360/2313 2330/2358/2312 2345/2365/2327 2346/2366/2328
f 2339/2361/2321 2338/2359/2320 2353/2364/2335 2354/2367/2336
f 2332/2362/2314 2331/2360/2313 2346/2366/2328 2347/2368/2329
f 2340/2348/2322 2339/2361/2321 2354/2367/2336 2355/2369/2337
f 2333/2350/2315 2332/2362/2314 2347/2368/2329 2348/2370/2330
f 2341/2349/2323 2340/2348/2322 2355/2369/2337 2356/2371/2338
f 2334/2351/2316 2333/2350/2315 2348/2370/2330 2349/2372/2331
f 2342/2352/2324 2341/2349/2323 2356/2371/2338 2357/2373/2339
f 2335/2353/2317 2334/2351/2316 2349/2372/2331 2350/2374/2332
f 2343/2354/2325 2342/2352/2324 2357/2373/2339 2358/2375/2340
f 2336/2355/2318 2335/2353/2317 2350/2374/2332 2351/2376/2333
f 2329/2356/2311 2282/2320/2264 2344/2377/2326
f 2313/2322/2295 2343/2354/2325 2358/2375/2340
f 2337/2357/2319 2336/2355/2318 2351/2376/2333 2352/2363/2334
f 2330/2358/2312 2329/2356/2311 2344/2377/2326 2345/2365/2327
f 2357/2373/2339 2356/2371/2338 2371/2378/2353 2372/2379/2354
f 2350/2374/2332 2349/2372/2331 2364/2380/2346 2365/2381/2347
f 2358/2375/2340 2357/2373/2339 2372/2379/2354 2373/2382/2355
f 2351/2376/2333 2350/2374/2332 2365/2381/2347 2366/2383/2348
f 2344/2377/2326 2282/2320/2264 2359/2384/2341
f 2313/2322/2295 2358/2375/2340 2373/2382/2355
f 2352/2363/2334 2351/2376/2333 2366/2383/2348 2367/2385/2349
f 2345/2365/2327 2344/2377/2326 2359/2384/2341 2360/2386/2342
f 2353/2364/2335 2352/2363/2334 2367/2385/2349 2368/2387/2350
f 2346/2366/2328 2345/2365/2327 2360/2386/2342 2361/2388/2343
f 2354/2367/2336 2353/2364/2335 2368/2387/2350 2369/2389/2351
f 2347/2368/2329 2346/2366/2328 2361/2388/2343 2362/2390/2344
f 2355/2369/2337 2354/2367/2336 2369/2389/2351 2370/2391/2352
f 2348/2370/2330 2347/2368/2329 2362/2390/2344 2363/2392/2345
f 2356/2371/2338 2355/2369/2337 2370/2391/2352 2371/2378/2353
f 2349/2372/2331 2348/2370/2330 2363/2392/2345 2364/2380/2346
f 2361/2388/2343 2360/2386/2342 2375/2393/2357 2376/2394/2358
f 2369/2389/2351 2368/2387/2350 2383/2395/2365 2384/2396/2366
f 2362/2390/2344 2361/2388/2343 2376/2394/2358 2377/2397/2359
f 2370/2391/2352 2369/2389/2351 2384/2396/2366 2385/2398/2367
f 2363/2392/2345 2362/2390/2344 2377/2397/2359 2378/2399/2360
f 2371/2378/2353 2370/2391/2352 2385/2398/2367 2386/2400/2368
f 2364/2380/2346 2363/2392/2345 2378/2399/2360 2379/2401/2361
f 2372/2379/2354 2371/2378/2353 2386/2400/2368 2387/2402/2369
f 2365/2381/2347 2364/2380/2346 2379/2401/2361 2380/2403/2362
f 2373/2382/2355 2372/2379/2354 2387/2402/2369 2388/2404/2370
f 2366/2383/2348 2365/2381/2347 2380/2403/2362 2381/2405/2363
f 2359/2384/2341 2282/2320/2264 2374/2406/2356
f 2313/2322/2295 2373/2382/2355 2388/2404/2370
f 2367/2385/2349 2366/2383/2348 2381/2405/2363 2382/2407/2364
f 2360/2386/2342 2359/2384/2341 2374/2406/2356 2375/2393/2357
f 2368/2387/2350 2367/2385/2349 2382/2407/2364 2383/2395/2365
f 2380/2403/2362 2379/2401/2361 2394/2408/2376 2395/2409/2377
f 2388/2404/2370 2387/2402/2369 2402/2410/2384 2403/2411/2385
f 2381/2405/2363 2380/2403/2362 2395/2409/2377 2396/2412/2378
f 2374/2406/2356 2282/2320/2264 2389/2413/2371
f 2313/2322/2295 2388/2404/2370 2403/2411/2385
f 2382/2407/2364 2381/2405/2363 2396/2412/2378 2397/2414/2379
f 2375/2393/2357 2374/2406/2356 2389/2413/2371 2390/2415/2372
f 2383/2395/2365 2382/2407/2364 2397/2414/2379 2398/2416/2380
f 2376/2394/2358 2375/2393/2357 2390/2415/2372 2391/2417/2373
f 2384/2396/2366 2383/2395/2365 2398/2416/2380 2399/2418/2381
f 2377/2397/2359 2376/2394/2358 2391/2417/2373 2392/2419/2374
f 2385/2398/2367 2384/2396/2366 2399/2418/2381 2400/2420/2382
f 2378/2399/2360 2377/2397/2359 2392/2419/2374 2393/2421/2375
f 2386/2400/2368 2385/2398/2367 2400/2420/2382 2401/2422/2383
f 2379/2401/2361 2378/2399/2360 2393/2421/2375 2394/2408/2376
f 2387/2402/2369 2386/2400/2368 2401/2422/2383 2402/2410/2384
f 2399/2418/2381 2398/2416/2380 2413/2423/2395 2414/2424/2396
f 2392/2419/2374 2391/2417/2373 2406/2425/2388 2407/2426/2389
f 2400/2420/2382 2399/2418/2381 2414/2424/2396 2415/2427/2397
f 2393/2421/2375 2392/2419/2374 2407/2426/2389 2408/2428/2390
f 2401/2422/2383 2400/2420/2382 2415/2427/2397 2416/2429/2398
f 2394/2408/2376 2393/2421/2375 2408/2428/2390 2409/2430/2391
f 2402/2410/2384 2401/2422/2383 2416/2429/2398 2417/2431/2399
f 2395/2409/2377 2394/2408/2376 2409/2430/2391 2410/2432/2392
f 2403/2411/2385 2402/2410/2384 2417/2431/2399 2418/2433/2400
f 2396/2412/2378 2395/2409/2377 2410/2432/2392 2411/2434/2393
f 2389/2413/2371 2282/2320/2264 2404/2435/2386
f 2313/2322/2295 2403/2411/2385 2418/2433/2400
f 2397/2414/2379 2396/2412/2378 2411/2434/2393 2412/2436/2394
f 2390/2415/2372 2389/2413/2371 2404/2435/2386 2405/2437/2387
f 2398/2416/2380 2397/2414/2379 2412/2436/2394 2413/2423/2395
f 2391/2417/2373 2390/2415/2372 2405/2437/2387 2406/2425/2388
f 2418/2433/2400 2417/2431/2399 2432/2438/2414 2433/2439/2415
f 2411/2434/2393 2410/2432/2392 2425/2440/2407 2426/2441/2408
f 2404/2435/2386 2282/2320/2264 2419/2442/2401
f 2313/2322/2295 2418/2433/2400 2433/2439/2415
f 2412/2436/2394 2411/2434/2393 2426/2441/2408 2427/2443/2409
f 2405/2437/2387 2404/2435/2386 2419/2442/2401 2420/2444/2402
f 2413/2423/2395 2412/2436/2394 2427/2443/2409 2428/2445/2410
f 2406/2425/2388 2405/2437/2387 2420/2444/2402 2421/2446/2403
f 2414/2424/2396 2413/2423/2395 2428/2445/2410 2429/2447/2411
f 2407/2426/2389 2406/2425/2388 2421/2446/2403 2422/2448/2404
f 2415/2427/2397 2414/2424/2396 2429/2447/2411 2430/2449/2412
f 2408/2428/2390 2407/2426/2389 2422/2448/2404 2423/2450/2405
f 2416/2429/2398 2415/2427/2397 2430/2449/2412 2431/2451/2413
f 2409/2430/2391 2408/2428/2390 2423/2450/2405 2424/2452/2406
f 2417/2431/2399 2416/2429/2398 2431/2451/2413 2432/2438/2414
f 2410/2432/2392 2409/2430/2391 2424/2452/2406 2425/2440/2407
f 2422/2448/2404 2421/2446/2403 2435/2453/2417 2436/2454/2418
f 2430/2449/2412 2429/2447/2411 2440/2455/2422 2441/2456/2423
f 2423/2450/2405 2422/2448/2404 2436/2454/2418 2437/2457/2419
f 2431/2451/2413 2430/2449/2412 2441/2456/2423 2442/2458/2424
f 2424/2452/2406 2423/2450/2405 2437/2457/2419 2278/2459/2260
f 2432/2438/2414 2431/2451/2413 2442/2458/2424 2281/2460/2263
f 2425/2440/2407 2424/2452/2406 2278/2459/2260 2279/2461/2261
f 2433/2439/2415 2432/2438/2414 2281/2460/2263 2443/2462/2425
f 2426/2441/2408 2425/2440/2407 2279/2461/2261 2438/2463/2420
f 2419/2442/2401 2282/2320/2264 2434/2464/2416
f 2313/2322/2295 2433/2439/2415 2443/2462/2425
f 2427/2443/2409 2426/2441/2408 2438/2463/2420 2280/2465/2262
f 2420/2444/2402 2419/2442/2401 2434/2464/2416 2277/2466/2259
f 2428/2445/2410 2427/2443/2409 2280/2465/2262 2439/2467/2421
f 2421/2446/2403 2420/2444/2402 2277/2466/2259 2435/2453/2417
f 2429/2447/2411 2428/2445/2410 2439/2467/2421 2440/2455/2422
f 2480/2468/2462 2481/2469/2463 2466/2470/2448 2465/2471/2447
f 2476/2472/2458 2477/2473/2459 2462/2474/2444 2461/2475/2443
f 2473/2476/2455 2474/2477/2456 2459/2478/2441 2458/2479/2440
f 2469/2480/2451 2470/2481/2452 2455/2482/2437 2454/2483/2436
f 2481/2469/2463 2482/2484/2464 2467/2485/2449 2466/2470/2448
f 2496/2486/2478 2497/2487/2479 2482/2484/2464 2481/2469/2463
f 2474/2477/2456 2475/2488/2457 2460/2489/2442 2459/2478/2441
f 2455/2482/2437 2456/2490/2438 2445/2491/2427 2606/2492/2588
f 2489/2493/2471 2490/2494/2472 2475/2488/2457 2474/2477/2456
f 2482/2484/2464 2483/2495/2465 2468/2496/2450 2467/2485/2449
f 2471/2497/2453 2472/2498/2454 2457/2499/2439 2456/2490/2438
f 2475/2488/2457 2476/2472/2458 2461/2475/2443 2460/2489/2442
f 2479/2500/2461 2480/2468/2462 2465/2471/2447 2464/2501/2446
f 2574/2502/2556 2469/2480/2451 2454/2483/2436
f 2472/2498/2454 2473/2476/2455 2458/2479/2440 2457/2499/2439
f 2483/2495/2465 2605/2503/2587 2468/2496/2450
f 2485/2504/2467 2486/2505/2468 2471/2497/2453 2470/2481/2452
f 2497/2487/2479 2498/2506/2480 2483/2495/2465 2482/2484/2464
f 2493/2507/2475 2494/2508/2476 2479/2500/2461 2478/2509/2460
f 2490/2494/2472 2491/2510/2473 2476/2472/2458 2475/2488/2457
f 2486/2505/2468 2487/2511/2469 2472/2498/2454 2471/2497/2453
f 2574/2502/2556 2484/2512/2466 2469/2480/2451
f 2494/2508/2476 2495/2513/2477 2480/2468/2462 2479/2500/2461
f 2498/2506/2480 2605/2503/2587 2483/2495/2465
f 2487/2511/2469 2488/2514/2470 2473/2476/2455 2472/2498/2454
f 2491/2510/2473 2492/2515/2474 2477/2473/2459 2476/2472/2458
f 2495/2513/2477 2496/2486/2478 2481/2469/2463 2480/2468/2462
f 2484/2512/2466 2485/2504/2467 2470/2481/2452 2469/2480/2451
f 2488/2514/2470 2489/2493/2471 2474/2477/2456 2473/2476/2455
f 2492/2515/2474 2493/2507/2475 2478/2509/2460 2477/2473/2459
f 2463/2516/2445 2464/2501/2446 2450/2517/2432 2609/2518/2591
f 2500/2519/2482 2501/2520/2483 2486/2505/2468 2485/2504/2467
f 2528/2521/2510 2605/2503/2587 2513/2522/2495
f 2506/2523/2488 2507/2524/2489 2492/2515/2474 2491/2510/2473
f 2521/2525/2503 2522/2526/2504 2507/2524/2489 2506/2523/2488
f 2499/2527/2481 2500/2519/2482 2485/2504/2467 2484/2512/2466
f 2514/2528/2496 2515/2529/2497 2500/2519/2482 2499/2527/2481
f 2507/2524/2489 2508/2530/2490 2493/2507/2475 2492/2515/2474
f 2456/2490/2438 2457/2499/2439 2446/2531/2428 2445/2491/2427
f 2501/2520/2483 2502/2532/2484 2487/2511/2469 2486/2505/2468
f 2519/2533/2501 2520/2534/2502 2505/2535/2487 2504/2536/2486
f 2512/2537/2494 2513/2522/2495 2498/2506/2480 2497/2487/2479
f 2527/2538/2509 2528/2521/2510 2513/2522/2495 2512/2537/2494
f 2505/2535/2487 2506/2523/2488 2491/2510/2473 2490/2494/2472
f 2520/2534/2502 2521/2525/2503 2506/2523/2488 2505/2535/2487
f 2574/2502/2556 2499/2527/2481 2484/2512/2466
f 2574/2502/2556 2514/2528/2496 2499/2527/2481
f 2513/2522/2495 2605/2503/2587 2498/2506/2480
f 2526/2539/2508 2527/2538/2509 2512/2537/2494 2511/2540/2493
f 2515/2529/2497 2516/2541/2498 2501/2520/2483 2500/2519/2482
f 2538/2542/2520 2539/2543/2521 2524/2544/2506 2523/2545/2505
f 2523/2545/2505 2524/2544/2506 2509/2546/2491 2508/2530/2490
f 2531/2547/2513 2532/2548/2514 2517/2549/2499 2516/2541/2498
f 2516/2541/2498 2517/2549/2499 2502/2532/2484 2501/2520/2483
f 2539/2543/2521 2540/2550/2522 2525/2551/2507 2524/2544/2506
f 2524/2544/2506 2525/2551/2507 2510/2552/2492 2509/2546/2491
f 2532/2548/2514 2533/2553/2515 2518/2554/2500 2517/2549/2499
f 2517/2549/2499 2518/2554/2500 2503/2555/2485 2502/2532/2484
f 2540/2550/2522 2541/2556/2523 2526/2539/2508 2525/2551/2507
f 2525/2551/2507 2526/2539/2508 2511/2540/2493 2510/2552/2492
f 2464/2501/2446 2465/2471/2447 2451/2557/2433 2450/2517/2432
f 2509/2546/2491 2510/2552/2492 2495/2513/2477 2494/2508/2476
f 2518/2554/2500 2519/2533/2501 2504/2536/2486 2503/2555/2485
f 2522/2526/2504 2523/2545/2505 2508/2530/2490 2507/2524/2489
f 2550/2558/2532 2551/2559/2533 2536/2560/2518 2535/2561/2517
f 2574/2502/2556 2529/2562/2511 2514/2528/2496
f 2574/2502/2556 2544/2563/2526 2529/2562/2511
f 2543/2564/2525 2605/2503/2587 2528/2521/2510
f 2457/2499/2439 2458/2479/2440 2447/2565/2429 2446/2531/2428
f 2502/2532/2484 2503/2555/2485 2488/2514/2470 2487/2511/2469
f 2536/2560/2518 2537/2566/2519 2522/2526/2504 2521/2525/2503
f 2533/2553/2515 2534/2567/2516 2519/2533/2501 2518/2554/2500
f 2529/2562/2511 2530/2568/2512 2515/2529/2497 2514/2528/2496
f 2541/2556/2523 2542/2569/2524 2527/2538/2509 2526/2539/2508
f 2537/2566/2519 2538/2542/2520 2523/2545/2505 2522/2526/2504
f 2534/2567/2516 2535/2561/2517 2520/2534/2502 2519/2533/2501
f 2530/2568/2512 2531/2547/2513 2516/2541/2498 2515/2529/2497
f 2542/2569/2524 2543/2564/2525 2528/2521/2510 2527/2538/2509
f 2557/2570/2539 2558/2571/2540 2543/2564/2525 2542/2569/2524
f 2535/2561/2517 2536/2560/2518 2521/2525/2503 2520/2534/2502
f 2551/2559/2533 2552/2572/2534 2537/2566/2519 2536/2560/2518
f 2555/2573/2537 2556/2574/2538 2541/2556/2523 2540/2550/2522
f 2544/2563/2526 2545/2575/2527 2530/2568/2512 2529/2562/2511
f 2548/2576/2530 2549/2577/2531 2534/2567/2516 2533/2553/2515
f 2552/2572/2534 2553/2578/2535 2538/2542/2520 2537/2566/2519
f 2556/2574/2538 2557/2570/2539 2542/2569/2524 2541/2556/2523
f 2545/2575/2527 2546/2579/2528 2531/2547/2513 2530/2568/2512
f 2549/2577/2531 2550/2558/2532 2535/2561/2517 2534/2567/2516
f 2553/2578/2535 2554/2580/2536 2539/2543/2521 2538/2542/2520
f 2569/2581/2551 2570/2582/2552 2555/2573/2537 2554/2580/2536
f 2546/2579/2528 2547/2583/2529 2532/2548/2514 2531/2547/2513
f 2465/2471/2447 2466/2470/2448 2452/2584/2434 2451/2557/2433
f 2510/2552/2492 2511/2540/2493 2496/2486/2478 2495/2513/2477
f 2554/2580/2536 2555/2573/2537 2540/2550/2522 2539/2543/2521
f 2558/2571/2540 2605/2503/2587 2543/2564/2525
f 2547/2583/2529 2548/2576/2530 2533/2553/2515 2532/2548/2514
f 2572/2585/2554 2573/2586/2555 2558/2571/2540 2557/2570/2539
f 2568/2587/2550 2569/2581/2551 2554/2580/2536 2553/2578/2535
f 2565/2588/2547 2566/2589/2548 2551/2559/2533 2550/2558/2532
f 2477/2473/2459 2478/2509/2460 2463/2516/2445 2462/2474/2444
f 2503/2555/2485 2504/2536/2486 2489/2493/2471 2488/2514/2470
f 2574/2502/2556 2559/2590/2541 2544/2563/2526
f 2562/2591/2544 2563/2592/2545 2548/2576/2530 2547/2583/2529
f 2573/2586/2555 2605/2503/2587 2558/2571/2540
f 2570/2582/2552 2571/2593/2553 2556/2574/2538 2555/2573/2537
f 2566/2589/2548 2567/2594/2549 2552/2572/2534 2551/2559/2533
f 2563/2592/2545 2564/2595/2546 2549/2577/2531 2548/2576/2530
f 2559/2590/2541 2560/2596/2542 2545/2575/2527 2544/2563/2526
f 2571/2593/2553 2572/2585/2554 2557/2570/2539 2556/2574/2538
f 2567/2594/2549 2568/2587/2550 2553/2578/2535 2552/2572/2534
f 2564/2595/2546 2565/2588/2547 2550/2558/2532 2549/2577/2531
f 2560/2596/2542 2561/2597/2543 2546/2579/2528 2545/2575/2527
f 2585/2598/2567 2586/2599/2568 2570/2582/2552 2569/2581/2551
f 2589/2600/2571 2605/2503/2587 2573/2586/2555
f 2578/2601/2560 2579/2602/2561 2563/2592/2545 2562/2591/2544
f 2582/2603/2564 2583/2604/2565 2567/2594/2549 2566/2589/2548
f 2586/2599/2568 2587/2605/2569 2571/2593/2553 2570/2582/2552
f 2575/2606/2557 2576/2607/2558 2560/2596/2542 2559/2590/2541
f 2579/2602/2561 2580/2608/2562 2564/2595/2546 2563/2592/2545
f 2583/2604/2565 2584/2609/2566 2568/2587/2550 2567/2594/2549
f 2587/2605/2569 2588/2610/2570 2572/2585/2554 2571/2593/2553
f 2576/2607/2558 2577/2611/2559 2561/2597/2543 2560/2596/2542
f 2470/2481/2452 2471/2497/2453 2456/2490/2438 2455/2482/2437
f 2511/2540/2493 2512/2537/2494 2497/2487/2479 2496/2486/2478
f 2584/2609/2566 2585/2598/2567 2569/2581/2551 2568/2587/2550
f 2561/2597/2543 2562/2591/2544 2547/2583/2529 2546/2579/2528
f 2577/2611/2559 2578/2601/2560 2562/2591/2544 2561/2597/2543
f 2574/2502/2556 2575/2606/2557 2559/2590/2541
f 2590/2612/2572 2591/2613/2573 2576/2607/2558 2575/2606/2557
f 2602/2614/2584 2603/2615/2585 2588/2610/2570 2587/2605/2569
f 2478/2509/2460 2479/2500/2461 2464/2501/2446 2463/2516/2445
f 2504/2536/2486 2505/2535/2487 2490/2494/2472 2489/2493/2471
f 2595/2616/2577 2596/2617/2578 2581/2618/2563 2580/2608/2562
f 2580/2608/2562 2581/2618/2563 2565/2588/2547 2564/2595/2546
f 2603/2615/2585 2604/2619/2586 2589/2600/2571 2588/2610/2570
f 2588/2610/2570 2589/2600/2571 2573/2586/2555 2572/2585/2554
f 2596/2617/2578 2597/2620/2579 2582/2603/2564 2581/2618/2563
f 2581/2618/2563 2582/2603/2564 2566/2589/2548 2565/2588/2547
f 2574/2502/2556 2590/2612/2572 2575/2606/2557
f 2593/2621/2575 2594/2622/2576 2579/2602/2561 2578/2601/2560
f 2604/2619/2586 2605/2503/2587 2589/2600/2571
f 2601/2623/2583 2602/2614/2584 2587/2605/2569 2586/2599/2568
f 2597/2620/2579 2598/2624/2580 2583/2604/2565 2582/2603/2564
f 2594/2622/2576 2595/2616/2577 2580/2608/2562 2579/2602/2561
f 2598/2624/2580 2599/2625/2581 2584/2609/2566 2583/2604/2565
f 2592/2626/2574 2593/2621/2575 2578/2601/2560 2577/2611/2559
f 2591/2613/2573 2592/2626/2574 2577/2611/2559 2576/2607/2558
f 2600/2627/2582 2601/2623/2583 2586/2599/2568 2585/2598/2567
f 2467/2485/2449 2468/2496/2450 2453/2628/2435 2610/2629/2592
f 2461/2475/2443 2462/2474/2444 2608/2630/2590 2449/2631/2431
f 2459/2478/2441 2460/2489/2442 2607/2632/2589 2448/2633/2430
f 2454/2483/2436 2455/2482/2437 2606/2492/2588 2444/2634/2426
f 2460/2489/2442 2461/2475/2443 2449/2631/2431 2607/2632/2589
f 2462/2474/2444 2463/2516/2445 2609/2518/2591 2608/2630/2590
f 2508/2530/2490 2509/2546/2491 2494/2508/2476 2493/2507/2475
f 2574/2502/2556 2454/2483/2436 2444/2634/2426
f 2458/2479/2440 2459/2478/2441 2448/2633/2430 2447/2565/2429
f 2468/2496/2450 2605/2503/2587 2453/2628/2435
f 2466/2470/2448 2467/2485/2449 2610/2629/2592 2452/2584/2434
f 2599/2625/2581 2600/2627/2582 2585/2598/2567 2584/2609/2566
usemtl LightBulb
f 5036/5075/5018 5049/5076/5031 5068/5077/5050 5048/5078/5030
f 5049/5076/5031 5037/5079/5019 5050/5080/5032 5068/5077/5050
f 5068/5077/5050 5050/5080/5032 5039/5081/5021 5051/5082/5033
f 5048/5078/5030 5068/5077/5050 5051/5082/5033 5038/5083/5020
f 5038/5083/5020 5051/5082/5033 5069/5084/5051 5052/5085/5034
f 5051/5082/5033 5039/5081/5021 5053/5086/5035 5069/5084/5051
f 5069/5084/5051 5053/5086/5035 5043/5087/5025 5054/5088/5036
f 5052/5085/5034 5069/5084/5051 5054/5088/5036 5042/5089/5024
f 5042/5090/5024 5054/5091/5036 5070/5092/5052 5055/5093/5037
f 5054/5091/5036 5043/5094/5025 5056/5095/5038 5070/5092/5052
f 5070/5092/5052 5056/5095/5038 5041/5096/5023 5057/5097/5039
f 5055/5093/5037 5070/5092/5052 5057/5097/5039 5040/5098/5022
f 5040/5098/5022 5057/5097/5039 5071/5099/5053 5058/5100/5040
f 5057/5097/5039 5041/5096/5023 5059/5101/5041 5071/5099/5053
f 5071/5099/5053 5059/5101/5041 5037/5079/5019 5049/5076/5031
f 5058/5100/5040 5071/5099/5053 5049/5076/5031 5036/5075/5018
f 5038/5083/5020 5052/5085/5034 5072/5102/5054 5048/5078/5030
f 5052/5103/5034 5042/5090/5024 5055/5093/5037 5072/5104/5054
f 5072/5104/5054 5055/5093/5037 5040/5098/5022 5058/5100/5040
f 5048/5078/5030 5072/5102/5054 5058/5100/5040 5036/5075/5018
f 5041/5096/5023 5056/5095/5038 5073/5105/5055 5065/5106/5047
f 5056/5095/5038 5043/5094/5025 5064/5107/5046 5073/5105/5055
f 5073/5105/5055 5064/5107/5046 5046/5108/5028 5062/5109/5044
f 5065/5106/5047 5073/5105/5055 5062/5109/5044 5047/5110/5029
f 5046/5108/5028 5061/5111/5043 5074/5112/5056 5062/5109/5044
f 5061/5111/5043 5045/5113/5027 5060/5114/5042 5074/5112/5056
f 5074/5112/5056 5060/5114/5042 5044/5115/5026 5063/5116/5045
f 5062/5109/5044 5074/5112/5056 5063/5116/5045 5047/5110/5029
f 5039/5081/5021 5050/5080/5032 5075/5117/5057 5067/5118/5049
f 5050/5080/5032 5037/5079/5019 5066/5119/5048 5075/5117/5057
f 5075/5117/5057 5066/5119/5048 5044/5115/5026 5060/5114/5042
f 5067/5118/5049 5075/5117/5057 5060/5114/5042 5045/5120/5027
f 5037/5079/5019 5059/5101/5041 5076/5121/5058 5066/5119/5048
f 5059/5101/5041 5041/5096/5023 5065/5106/5047 5076/5121/5058
f 5076/5121/5058 5065/5106/5047 5047/5110/5029 5063/5116/5045
f 5066/5119/5048 5076/5121/5058 5063/5116/5045 5044/5115/5026
f 5043/5087/5025 5053/5086/5035 5077/5122/5059 5064/5123/5046
f 5053/5086/5035 5039/5081/5021 5067/5118/5049 5077/5122/5059
f 5077/5122/5059 5067/5118/5049 5045/5120/5027 5061/5124/5043
f 5064/5107/5046 5077/5125/5059 5061/5111/5043 5046/5108/5028
l 947 988
l 1150 1151
l 2053 1976
l 2115 1976
l 2082 2012
l 2070 2061
l 2164 2070
l 1882 1765
l 2167 2101
l 1765 2031
l 1841 1823
