# Blender 5.1.1
# www.blender.org
mtllib books.mtl
o book17.001
v 1.923613 -0.216210 -2.854359
v 1.794764 -0.216209 -2.854359
v 1.794764 -0.217672 -2.329885
v 1.923613 -0.217670 -2.330837
v 1.923614 0.411586 -2.852608
v 1.794764 0.411586 -2.852608
v 1.794764 0.410123 -2.328190
v 1.923614 0.410123 -2.328190
v 1.859188 -0.211645 -2.849214
v 1.859188 -0.213184 -2.297253
v 1.859189 0.406993 -2.847488
v 1.859189 0.405453 -2.295663
v 1.937138 -0.224090 -2.864227
v 1.922385 -0.224090 -2.864227
v 1.937138 -0.225529 -2.348298
v 1.930928 -0.225562 -2.336506
v 1.786731 -0.225559 -2.337419
v 1.815362 -0.225644 -2.306954
v 1.858665 -0.225677 -2.295351
v 1.901969 -0.225644 -2.306954
v 1.780445 -0.225529 -2.348366
v 1.795198 -0.224090 -2.864295
v 1.780445 -0.224090 -2.864295
v 1.780446 0.426046 -2.862481
v 1.795199 0.426046 -2.862481
v 1.780446 0.424607 -2.346552
v 1.901969 0.424491 -2.305140
v 1.858666 0.424459 -2.293537
v 1.815363 0.424492 -2.305140
v 1.786732 0.424577 -2.335606
v 1.930929 0.424574 -2.334693
v 1.937139 0.424607 -2.346484
v 1.922386 0.426046 -2.862414
v 1.937139 0.426046 -2.862414
v 1.795199 0.387197 -2.831828
v 1.795198 -0.185413 -2.833426
v 1.795351 -0.225530 -2.347850
v 1.890281 -0.225624 -2.314368
v 1.858677 -0.225654 -2.303675
v 1.827074 -0.225624 -2.314368
v 1.797955 -0.225550 -2.340762
v 1.919431 -0.225550 -2.340697
v 1.922196 -0.225531 -2.347800
v 1.922196 -0.186760 -2.347692
v 1.919431 -0.186780 -2.340589
v 1.797955 -0.186780 -2.340654
v 1.827074 -0.186853 -2.314260
v 1.858677 -0.186883 -2.303567
v 1.890281 -0.186853 -2.314260
v 1.795351 -0.186760 -2.347742
v 1.922519 0.424606 -2.346257
v 1.919740 0.424586 -2.339081
v 1.797647 0.424586 -2.339147
v 1.826753 0.424512 -2.312562
v 1.858678 0.424482 -2.301633
v 1.890603 0.424512 -2.312562
v 1.795030 0.424606 -2.346307
v 1.795030 0.385877 -2.346415
v 1.890603 0.385783 -2.312670
v 1.858678 0.385752 -2.301741
v 1.826752 0.385783 -2.312670
v 1.797647 0.385857 -2.339255
v 1.919740 0.385857 -2.339189
v 1.922518 0.385877 -2.346365
v 1.922712 -0.185413 -2.833426
v 1.922713 0.387197 -2.831828
vn -0.0709 -0.9975 -0.0028
vn 0.0709 -0.9975 -0.0028
vn -0.0794 0.0028 -0.9968
vn 0.0794 0.0028 -0.9968
vn -0.0709 0.9975 0.0028
vn 0.0709 0.9975 0.0028
vn 0.7142 -0.0020 0.6999
vn -0.8672 -0.0014 0.4980
vn -0.0000 0.0028 -1.0000
vn -1.0000 -0.0000 -0.0000
vn 0.2588 -0.0027 0.9659
vn -0.2588 -0.0027 0.9659
vn -0.7287 -0.0019 0.6848
vn 0.8848 -0.0013 0.4660
vn 1.0000 -0.0000 -0.0000
vn -0.0000 -1.0000 -0.0028
vn -0.0000 1.0000 0.0028
vn 1.0000 0.0001 0.0003
vn 1.0000 0.0001 -0.0003
vn -0.9319 0.0010 -0.3627
vn 0.6716 0.0021 -0.7409
vn 0.3205 0.0026 -0.9473
vn -0.3205 0.0026 -0.9473
vn 0.9387 0.0010 -0.3448
vn -0.6703 0.0021 -0.7421
vn -0.6731 0.0021 -0.7395
vn 0.9392 0.0010 -0.3433
vn -0.3239 0.0026 -0.9461
vn 0.3239 0.0026 -0.9461
vn 0.6744 0.0021 -0.7383
vn -0.9325 0.0010 -0.3611
vn -1.0000 0.0045 -0.0007
vn -0.9999 -0.0000 0.0107
vn -1.0000 -0.0042 -0.0001
vt 0.987720 0.013317
vt 0.999170 0.012404
vt 0.999170 0.105452
vt 0.987720 0.111419
vt 0.976269 0.105622
vt 0.976269 0.012404
vt 0.975232 0.114978
vt 0.963781 0.114164
vt 0.963781 0.004210
vt 0.975232 0.003397
vt 0.952331 0.114978
vt 0.952331 0.003397
vt 0.976269 0.012428
vt 0.987720 0.013341
vt 0.987720 0.111419
vt 0.976269 0.105636
vt 0.999170 0.012428
vt 0.999170 0.105636
vt 0.769762 0.242651
vt 0.769763 0.128101
vt 0.780069 0.128168
vt 0.780069 0.242679
vt 0.815416 0.242509
vt 0.811092 0.242495
vt 0.811092 0.128322
vt 0.815416 0.128259
vt 0.755439 0.175011
vt 0.755338 0.073546
vt 0.759804 0.073621
vt 0.759905 0.175010
vt 0.764834 0.118283
vt 0.764834 0.003894
vt 0.855610 0.003894
vt 0.855610 0.118283
vt 0.790426 0.242638
vt 0.790426 0.128390
vt 0.800784 0.242476
vt 0.800784 0.128303
vt 0.765038 0.242694
vt 0.765038 0.128046
vt 0.827753 0.132291
vt 0.918529 0.132291
vt 0.918529 0.246680
vt 0.827753 0.246680
vt 0.755439 0.175048
vt 0.755338 0.073565
vt 0.759805 0.073640
vt 0.759906 0.175048
vt 0.755344 0.008045
vt 0.759808 0.008080
vt 0.755338 0.243478
vt 0.759828 0.243570
vt 0.755343 0.008046
vt 0.759805 0.008093
vt 0.755338 0.243521
vt 0.759829 0.243570
vt 0.950817 0.117701
vt 0.860285 0.117701
vt 0.860285 0.110908
vt 0.945422 0.110902
vt 0.950817 0.003673
vt 0.945422 0.010472
vt 0.860237 0.003673
vt 0.860237 0.010473
vt 0.896224 0.078895
vt 0.889106 0.071920
vt 0.890904 0.069180
vt 0.897234 0.076126
vt 0.896240 0.044088
vt 0.899081 0.042648
vt 0.899031 0.046114
vt 0.897297 0.046789
vt 0.886330 0.061485
vt 0.888316 0.061492
vt 0.889106 0.051059
vt 0.890892 0.053880
vt 0.899101 0.080340
vt 0.899039 0.076806
vt 0.910290 0.040690
vt 0.910290 0.042655
vt 0.900298 0.042655
vt 0.900298 0.040691
vt 0.910292 0.069976
vt 0.910292 0.080105
vt 0.900300 0.080106
vt 0.900299 0.069977
vt 0.910291 0.061377
vt 0.900299 0.061378
vt 0.910291 0.052779
vt 0.900298 0.052779
vt 0.910292 0.082051
vt 0.900300 0.082052
vt 0.896243 0.044088
vt 0.899081 0.042648
vt 0.899028 0.046114
vt 0.897300 0.046783
vt 0.896224 0.078901
vt 0.889124 0.071925
vt 0.890912 0.069181
vt 0.897243 0.076134
vt 0.886330 0.061494
vt 0.888320 0.061488
vt 0.889104 0.051061
vt 0.890894 0.053873
vt 0.899099 0.080335
vt 0.899040 0.076822
vt 0.900298 0.052742
vt 0.900299 0.042659
vt 0.910210 0.042660
vt 0.910210 0.052742
vt 0.900298 0.082052
vt 0.900298 0.080101
vt 0.910210 0.080101
vt 0.910210 0.082052
vt 0.900298 0.061378
vt 0.910210 0.061378
vt 0.900298 0.070013
vt 0.910210 0.070013
vt 0.900299 0.040690
vt 0.910210 0.040690
vt 0.860289 0.117712
vt 0.860289 0.110912
vt 0.945483 0.110914
vt 0.950866 0.117712
vt 0.945483 0.010483
vt 0.950866 0.003684
vt 0.860337 0.010477
vt 0.860337 0.003684
s 0
usemtl books
f 9/1/1 1/2/1 4/3/1 10/4/1
f 10/4/2 3/5/2 2/6/2 9/1/2
f 1/7/3 9/8/3 11/9/3 5/10/3
f 9/8/4 2/11/4 6/12/4 11/9/4
f 5/13/5 11/14/5 12/15/5 8/16/5
f 11/14/6 6/17/6 7/18/6 12/15/6
f 16/19/7 31/20/7 27/21/7 20/22/7
f 21/23/8 17/24/8 30/25/8 26/26/8
f 23/27/9 24/28/9 25/29/9 22/30/9
f 21/31/10 26/32/10 24/33/10 23/34/10
f 19/35/11 20/22/11 27/21/11 28/36/11
f 18/37/12 19/35/12 28/36/12 29/38/12
f 17/24/13 18/37/13 29/38/13 30/25/13
f 16/19/14 15/39/14 32/40/14 31/20/14
f 15/41/15 13/42/15 34/43/15 32/44/15
f 34/45/9 13/46/9 14/47/9 33/48/9
f 13/46/16 15/49/16 43/50/16 14/47/16
f 21/51/16 23/27/16 22/30/16 37/52/16
f 24/28/17 26/53/17 57/54/17 25/29/17
f 32/55/17 34/45/17 33/48/17 51/56/17
f 25/57/18 57/58/18 58/59/18 35/60/18
f 22/61/15 25/57/15 35/60/15 36/62/15
f 37/63/19 22/61/19 36/62/19 50/64/19
f 16/65/16 20/66/16 38/67/16 42/68/16
f 17/69/16 21/70/16 37/71/16 41/72/16
f 20/66/16 19/73/16 39/74/16 38/67/16
f 19/73/16 18/75/16 40/76/16 39/74/16
f 18/75/16 17/69/16 41/72/16 40/76/16
f 15/77/16 16/65/16 42/68/16 43/78/16
f 43/79/20 42/80/20 45/81/20 44/82/20
f 40/83/21 41/84/21 46/85/21 47/86/21
f 39/87/22 40/83/22 47/86/22 48/88/22
f 38/89/23 39/87/23 48/88/23 49/90/23
f 41/84/24 37/91/24 50/92/24 46/85/24
f 42/80/25 38/89/25 49/90/25 45/81/25
f 31/93/17 32/94/17 51/95/17 52/96/17
f 30/97/17 29/98/17 54/99/17 53/100/17
f 29/98/17 28/101/17 55/102/17 54/99/17
f 28/101/17 27/103/17 56/104/17 55/102/17
f 26/105/17 30/97/17 53/100/17 57/106/17
f 27/103/17 31/93/17 52/96/17 56/104/17
f 56/107/26 52/108/26 63/109/26 59/110/26
f 57/111/27 53/112/27 62/113/27 58/114/27
f 55/115/28 56/107/28 59/110/28 60/116/28
f 54/117/29 55/115/29 60/116/29 61/118/29
f 53/112/30 54/117/30 61/118/30 62/113/30
f 52/108/31 51/119/31 64/120/31 63/109/31
f 43/121/32 44/122/32 65/123/32 14/124/32
f 14/124/33 65/123/33 66/125/33 33/126/33
f 33/126/34 66/125/34 64/127/34 51/128/34
o book16.001
v 1.761023 -0.213366 -2.944869
v 1.602853 -0.213366 -2.944869
v 1.602853 -0.216001 -2.301048
v 1.761023 -0.215996 -2.302218
v 1.761024 0.557286 -2.941715
v 1.602854 0.557286 -2.941715
v 1.602854 0.554652 -2.297964
v 1.761024 0.554651 -2.297964
v 1.681938 -0.207770 -2.938545
v 1.681938 -0.210543 -2.260984
v 1.681939 0.551639 -2.935437
v 1.681939 0.548867 -2.258042
v 1.777626 -0.223024 -2.956995
v 1.759515 -0.223024 -2.956995
v 1.777626 -0.225616 -2.323664
v 1.770002 -0.225675 -2.309190
v 1.592992 -0.225670 -2.310310
v 1.628139 -0.225824 -2.272913
v 1.681296 -0.225882 -2.258669
v 1.734453 -0.225824 -2.272913
v 1.585276 -0.225615 -2.323748
v 1.603387 -0.223023 -2.957078
v 1.585276 -0.223023 -2.957078
v 1.585277 0.575053 -2.953811
v 1.603387 0.575053 -2.953811
v 1.585277 0.572461 -2.320481
v 1.734454 0.572252 -2.269646
v 1.681297 0.572194 -2.255403
v 1.628139 0.572253 -2.269646
v 1.592993 0.572406 -2.307044
v 1.770003 0.572401 -2.305923
v 1.777627 0.572460 -2.320398
v 1.759516 0.575052 -2.953728
v 1.777627 0.575052 -2.953728
v 1.603387 0.527315 -2.916245
v 1.603387 -0.175594 -2.919122
v 1.603574 -0.225618 -2.323114
v 1.720106 -0.225786 -2.282013
v 1.681310 -0.225840 -2.268888
v 1.642515 -0.225786 -2.282013
v 1.606770 -0.225654 -2.314414
v 1.755889 -0.225654 -2.314334
v 1.759283 -0.225618 -2.323054
v 1.759283 -0.178026 -2.322859
v 1.755889 -0.178061 -2.314139
v 1.606770 -0.178061 -2.314219
v 1.642515 -0.178194 -2.281819
v 1.681311 -0.178247 -2.268693
v 1.720106 -0.178194 -2.281819
v 1.603574 -0.178025 -2.322920
v 1.759679 0.572459 -2.320119
v 1.756268 0.572423 -2.311310
v 1.606393 0.572423 -2.311391
v 1.642121 0.572290 -2.278757
v 1.681311 0.572235 -2.265341
v 1.720501 0.572290 -2.278757
v 1.603180 0.572459 -2.320180
v 1.603180 0.524917 -2.320375
v 1.720501 0.524747 -2.278951
v 1.681311 0.524692 -2.265536
v 1.642121 0.524747 -2.278951
v 1.606393 0.524881 -2.311586
v 1.756268 0.524881 -2.311505
v 1.759679 0.524917 -2.320314
v 1.759917 -0.175594 -2.919122
v 1.759917 0.527314 -2.916245
vn -0.0709 -0.9975 -0.0041
vn 0.0709 -0.9975 -0.0041
vn -0.0794 0.0041 -0.9968
vn 0.0794 0.0041 -0.9968
vn -0.0709 0.9975 0.0041
vn 0.0709 0.9975 0.0041
vn 0.7142 -0.0029 0.6999
vn -0.8672 -0.0020 0.4980
vn -0.0000 0.0041 -1.0000
vn -1.0000 -0.0000 -0.0000
vn 0.2588 -0.0040 0.9659
vn -0.2588 -0.0040 0.9659
vn -0.7287 -0.0028 0.6848
vn 0.8848 -0.0019 0.4660
vn 1.0000 -0.0000 -0.0000
vn -0.0000 -1.0000 -0.0041
vn -0.0000 1.0000 0.0041
vn 1.0000 0.0001 0.0003
vn 1.0000 0.0001 -0.0003
vn -0.9319 0.0015 -0.3627
vn 0.6716 0.0030 -0.7409
vn 0.3205 0.0039 -0.9472
vn -0.3205 0.0039 -0.9472
vn 0.9387 0.0014 -0.3448
vn -0.6703 0.0030 -0.7421
vn -0.6731 0.0030 -0.7395
vn 0.9392 0.0014 -0.3433
vn -0.3239 0.0039 -0.9461
vn 0.3239 0.0039 -0.9461
vn 0.6744 0.0030 -0.7383
vn -0.9325 0.0015 -0.3611
vn -1.0000 0.0045 -0.0007
vn -0.9999 -0.0000 0.0107
vn -1.0000 -0.0042 -0.0001
vt 0.737693 0.013555
vt 0.749143 0.012642
vt 0.749143 0.105690
vt 0.737693 0.111657
vt 0.726242 0.105860
vt 0.726242 0.012642
vt 0.725205 0.115216
vt 0.713755 0.114402
vt 0.713755 0.004448
vt 0.725205 0.003635
vt 0.702304 0.115216
vt 0.702304 0.003635
vt 0.726242 0.012666
vt 0.737693 0.013579
vt 0.737693 0.111657
vt 0.726242 0.105874
vt 0.749143 0.012666
vt 0.749143 0.105874
vt 0.519736 0.242889
vt 0.519736 0.128339
vt 0.530043 0.128406
vt 0.530043 0.242917
vt 0.565389 0.242747
vt 0.561065 0.242733
vt 0.561065 0.128560
vt 0.565389 0.128497
vt 0.505412 0.175249
vt 0.505311 0.073784
vt 0.509777 0.073859
vt 0.509878 0.175248
vt 0.514807 0.118521
vt 0.514807 0.004132
vt 0.605583 0.004132
vt 0.605583 0.118521
vt 0.540400 0.242876
vt 0.540400 0.128628
vt 0.550757 0.242714
vt 0.550757 0.128541
vt 0.515011 0.242932
vt 0.515011 0.128284
vt 0.577726 0.132529
vt 0.668502 0.132529
vt 0.668502 0.246918
vt 0.577726 0.246918
vt 0.505412 0.175286
vt 0.505311 0.073803
vt 0.509778 0.073878
vt 0.509879 0.175286
vt 0.505317 0.008283
vt 0.509782 0.008318
vt 0.505311 0.243716
vt 0.509801 0.243808
vt 0.505316 0.008284
vt 0.509778 0.008331
vt 0.505311 0.243759
vt 0.509802 0.243808
vt 0.700790 0.117939
vt 0.610258 0.117939
vt 0.610258 0.111146
vt 0.695395 0.111140
vt 0.700790 0.003911
vt 0.695395 0.010710
vt 0.610211 0.003911
vt 0.610211 0.010711
vt 0.646198 0.079133
vt 0.639079 0.072158
vt 0.640877 0.069418
vt 0.647207 0.076364
vt 0.646213 0.044326
vt 0.649054 0.042886
vt 0.649004 0.046352
vt 0.647270 0.047027
vt 0.636303 0.061723
vt 0.638290 0.061730
vt 0.639079 0.051297
vt 0.640865 0.054118
vt 0.649074 0.080578
vt 0.649012 0.077044
vt 0.660264 0.040928
vt 0.660264 0.042893
vt 0.650271 0.042893
vt 0.650271 0.040929
vt 0.660265 0.070214
vt 0.660266 0.080343
vt 0.650273 0.080344
vt 0.650273 0.070215
vt 0.660264 0.061615
vt 0.650272 0.061616
vt 0.660264 0.053017
vt 0.650272 0.053017
vt 0.660266 0.082289
vt 0.650273 0.082290
vt 0.646216 0.044326
vt 0.649054 0.042886
vt 0.649002 0.046352
vt 0.647273 0.047021
vt 0.646197 0.079139
vt 0.639098 0.072163
vt 0.640885 0.069419
vt 0.647217 0.076372
vt 0.636303 0.061732
vt 0.638294 0.061726
vt 0.639077 0.051299
vt 0.640868 0.054111
vt 0.649073 0.080573
vt 0.649014 0.077060
vt 0.650272 0.052980
vt 0.650272 0.042897
vt 0.660183 0.042898
vt 0.660183 0.052980
vt 0.650271 0.082290
vt 0.650271 0.080339
vt 0.660183 0.080339
vt 0.660183 0.082290
vt 0.650271 0.061616
vt 0.660183 0.061616
vt 0.650271 0.070251
vt 0.660183 0.070251
vt 0.650272 0.040928
vt 0.660183 0.040928
vt 0.610262 0.117950
vt 0.610262 0.111150
vt 0.695456 0.111152
vt 0.700839 0.117950
vt 0.695456 0.010721
vt 0.700839 0.003922
vt 0.610310 0.010715
vt 0.610310 0.003922
s 0
usemtl books
f 75/129/35 67/130/35 70/131/35 76/132/35
f 76/132/36 69/133/36 68/134/36 75/129/36
f 67/135/37 75/136/37 77/137/37 71/138/37
f 75/136/38 68/139/38 72/140/38 77/137/38
f 71/141/39 77/142/39 78/143/39 74/144/39
f 77/142/40 72/145/40 73/146/40 78/143/40
f 82/147/41 97/148/41 93/149/41 86/150/41
f 87/151/42 83/152/42 96/153/42 92/154/42
f 89/155/43 90/156/43 91/157/43 88/158/43
f 87/159/44 92/160/44 90/161/44 89/162/44
f 85/163/45 86/150/45 93/149/45 94/164/45
f 84/165/46 85/163/46 94/164/46 95/166/46
f 83/152/47 84/165/47 95/166/47 96/153/47
f 82/147/48 81/167/48 98/168/48 97/148/48
f 81/169/49 79/170/49 100/171/49 98/172/49
f 100/173/43 79/174/43 80/175/43 99/176/43
f 79/174/50 81/177/50 109/178/50 80/175/50
f 87/179/50 89/155/50 88/158/50 103/180/50
f 90/156/51 92/181/51 123/182/51 91/157/51
f 98/183/51 100/173/51 99/176/51 117/184/51
f 91/185/52 123/186/52 124/187/52 101/188/52
f 88/189/49 91/185/49 101/188/49 102/190/49
f 103/191/53 88/189/53 102/190/53 116/192/53
f 82/193/50 86/194/50 104/195/50 108/196/50
f 83/197/50 87/198/50 103/199/50 107/200/50
f 86/194/50 85/201/50 105/202/50 104/195/50
f 85/201/50 84/203/50 106/204/50 105/202/50
f 84/203/50 83/197/50 107/200/50 106/204/50
f 81/205/50 82/193/50 108/196/50 109/206/50
f 109/207/54 108/208/54 111/209/54 110/210/54
f 106/211/55 107/212/55 112/213/55 113/214/55
f 105/215/56 106/211/56 113/214/56 114/216/56
f 104/217/57 105/215/57 114/216/57 115/218/57
f 107/212/58 103/219/58 116/220/58 112/213/58
f 108/208/59 104/217/59 115/218/59 111/209/59
f 97/221/51 98/222/51 117/223/51 118/224/51
f 96/225/51 95/226/51 120/227/51 119/228/51
f 95/226/51 94/229/51 121/230/51 120/227/51
f 94/229/51 93/231/51 122/232/51 121/230/51
f 92/233/51 96/225/51 119/228/51 123/234/51
f 93/231/51 97/221/51 118/224/51 122/232/51
f 122/235/60 118/236/60 129/237/60 125/238/60
f 123/239/61 119/240/61 128/241/61 124/242/61
f 121/243/62 122/235/62 125/238/62 126/244/62
f 120/245/63 121/243/63 126/244/63 127/246/63
f 119/240/64 120/245/64 127/246/64 128/241/64
f 118/236/65 117/247/65 130/248/65 129/237/65
f 109/249/66 110/250/66 131/251/66 80/252/66
f 80/252/67 131/251/67 132/253/67 99/254/67
f 99/254/68 132/253/68 130/255/68 117/256/68
o book15.001
v 1.559224 -0.217831 -2.966865
v 1.401054 -0.217831 -2.966865
v 1.401054 -0.213607 -2.323052
v 1.559224 -0.213615 -2.324222
v 1.559225 0.552811 -2.971921
v 1.401055 0.552811 -2.971921
v 1.401055 0.557035 -2.328179
v 1.559225 0.557034 -2.328179
v 1.480139 -0.212169 -2.960601
v 1.480139 -0.207723 -2.283048
v 1.480140 0.547231 -2.965583
v 1.480140 0.551676 -2.288198
v 1.575827 -0.227618 -2.978887
v 1.557716 -0.227618 -2.978887
v 1.575827 -0.223462 -2.345565
v 1.568203 -0.223368 -2.331090
v 1.391193 -0.223375 -2.332211
v 1.426339 -0.223129 -2.294814
v 1.479497 -0.223036 -2.280570
v 1.532654 -0.223129 -2.294814
v 1.383477 -0.223463 -2.345648
v 1.401587 -0.227618 -2.978970
v 1.383477 -0.227618 -2.978970
v 1.383478 0.570448 -2.984206
v 1.401588 0.570447 -2.984206
v 1.383478 0.574603 -2.350884
v 1.532655 0.574936 -2.300050
v 1.479498 0.575030 -2.285807
v 1.426340 0.574936 -2.300050
v 1.391194 0.574691 -2.337447
v 1.568204 0.574698 -2.336326
v 1.575827 0.574603 -2.350801
v 1.557717 0.570448 -2.984123
v 1.575827 0.570448 -2.984123
v 1.401588 0.523112 -2.946134
v 1.401587 -0.179787 -2.941522
v 1.401775 -0.223459 -2.345015
v 1.518307 -0.223189 -2.303915
v 1.479511 -0.223103 -2.290789
v 1.440716 -0.223189 -2.303915
v 1.404971 -0.223402 -2.336314
v 1.554090 -0.223401 -2.336234
v 1.557484 -0.223458 -2.344954
v 1.557484 -0.175866 -2.345267
v 1.554090 -0.175809 -2.336546
v 1.404971 -0.175809 -2.336627
v 1.440716 -0.175597 -2.304227
v 1.479511 -0.175511 -2.291101
v 1.518307 -0.175597 -2.304227
v 1.401775 -0.175867 -2.345327
v 1.557880 0.574605 -2.350522
v 1.554469 0.574663 -2.341713
v 1.404594 0.574662 -2.341794
v 1.440322 0.574876 -2.309160
v 1.479512 0.574964 -2.295745
v 1.518702 0.574876 -2.309160
v 1.401381 0.574605 -2.350584
v 1.401381 0.527063 -2.350272
v 1.518702 0.527335 -2.308848
v 1.479512 0.527423 -2.295433
v 1.440322 0.527335 -2.308848
v 1.404594 0.527121 -2.341483
v 1.554469 0.527121 -2.341402
v 1.557880 0.527063 -2.350210
v 1.558118 -0.179787 -2.941522
v 1.558118 0.523112 -2.946134
vn -0.0709 -0.9975 0.0065
vn 0.0709 -0.9975 0.0065
vn -0.0794 -0.0065 -0.9968
vn 0.0794 -0.0065 -0.9968
vn -0.0709 0.9975 -0.0065
vn 0.0709 0.9975 -0.0065
vn 0.7142 0.0046 0.6999
vn -0.8672 0.0033 0.4980
vn -0.0000 -0.0066 -1.0000
vn -1.0000 -0.0000 -0.0000
vn 0.2588 0.0063 0.9659
vn -0.2588 0.0063 0.9659
vn -0.7287 0.0045 0.6848
vn 0.8848 0.0031 0.4660
vn 1.0000 -0.0000 -0.0000
vn -0.0000 -1.0000 0.0066
vn -0.0000 1.0000 -0.0066
vn 1.0000 0.0001 0.0003
vn 1.0000 0.0001 -0.0003
vn -0.9319 -0.0024 -0.3627
vn 0.6716 -0.0049 -0.7409
vn 0.3205 -0.0062 -0.9472
vn -0.3205 -0.0062 -0.9472
vn 0.9387 -0.0023 -0.3448
vn -0.6703 -0.0049 -0.7421
vn -0.6731 -0.0049 -0.7395
vn 0.9392 -0.0023 -0.3433
vn -0.3239 -0.0062 -0.9461
vn 0.3239 -0.0062 -0.9461
vn 0.6744 -0.0048 -0.7383
vn -0.9325 -0.0024 -0.3611
vn -1.0000 0.0045 -0.0007
vn -0.9999 0.0001 0.0107
vn -1.0000 -0.0042 -0.0000
vt 0.487702 0.013352
vt 0.499152 0.012440
vt 0.499152 0.105488
vt 0.487702 0.111454
vt 0.476251 0.105657
vt 0.476251 0.012440
vt 0.475214 0.115013
vt 0.463764 0.114199
vt 0.463764 0.004246
vt 0.475214 0.003432
vt 0.452313 0.115013
vt 0.452313 0.003432
vt 0.476251 0.012464
vt 0.487702 0.013376
vt 0.487702 0.111454
vt 0.476251 0.105671
vt 0.499152 0.012464
vt 0.499152 0.105671
vt 0.269745 0.242686
vt 0.269745 0.128137
vt 0.280052 0.128204
vt 0.280051 0.242714
vt 0.315398 0.242544
vt 0.311074 0.242530
vt 0.311074 0.128357
vt 0.315398 0.128294
vt 0.255421 0.175046
vt 0.255320 0.073581
vt 0.259786 0.073656
vt 0.259887 0.175046
vt 0.264816 0.118319
vt 0.264816 0.003930
vt 0.355592 0.003930
vt 0.355592 0.118319
vt 0.290409 0.242673
vt 0.290409 0.128426
vt 0.300766 0.242511
vt 0.300766 0.128339
vt 0.265020 0.242730
vt 0.265020 0.128081
vt 0.327735 0.132326
vt 0.418511 0.132326
vt 0.418511 0.246716
vt 0.327735 0.246716
vt 0.255421 0.175084
vt 0.255320 0.073601
vt 0.259787 0.073676
vt 0.259888 0.175084
vt 0.255326 0.008081
vt 0.259791 0.008115
vt 0.255320 0.243513
vt 0.259810 0.243606
vt 0.255325 0.008081
vt 0.259787 0.008128
vt 0.255320 0.243557
vt 0.259811 0.243606
vt 0.450799 0.117736
vt 0.360267 0.117736
vt 0.360267 0.110944
vt 0.445404 0.110938
vt 0.450799 0.003708
vt 0.445404 0.010507
vt 0.360219 0.003708
vt 0.360219 0.010508
vt 0.396207 0.078930
vt 0.389088 0.071955
vt 0.390886 0.069215
vt 0.397216 0.076161
vt 0.396222 0.044123
vt 0.399063 0.042683
vt 0.399013 0.046149
vt 0.397279 0.046824
vt 0.386312 0.061521
vt 0.388299 0.061527
vt 0.389088 0.051094
vt 0.390874 0.053915
vt 0.399083 0.080376
vt 0.399021 0.076842
vt 0.410273 0.040725
vt 0.410273 0.042690
vt 0.400280 0.042690
vt 0.400280 0.040726
vt 0.410274 0.070011
vt 0.410274 0.080141
vt 0.400282 0.080141
vt 0.400281 0.070012
vt 0.410273 0.061413
vt 0.400281 0.061413
vt 0.410273 0.052814
vt 0.400281 0.052814
vt 0.410275 0.082087
vt 0.400282 0.082087
vt 0.396225 0.044123
vt 0.399063 0.042683
vt 0.399010 0.046149
vt 0.397282 0.046818
vt 0.396206 0.078936
vt 0.389107 0.071960
vt 0.390894 0.069216
vt 0.397225 0.076169
vt 0.386312 0.061529
vt 0.388303 0.061523
vt 0.389086 0.051096
vt 0.390876 0.053908
vt 0.399081 0.080370
vt 0.399022 0.076857
vt 0.400281 0.052777
vt 0.400281 0.042695
vt 0.410192 0.042695
vt 0.410192 0.052777
vt 0.400280 0.082087
vt 0.400280 0.080136
vt 0.410192 0.080136
vt 0.410192 0.082087
vt 0.400280 0.061413
vt 0.410192 0.061413
vt 0.400280 0.070048
vt 0.410192 0.070049
vt 0.400281 0.040725
vt 0.410192 0.040726
vt 0.360271 0.117748
vt 0.360271 0.110948
vt 0.445465 0.110949
vt 0.450848 0.117748
vt 0.445465 0.010518
vt 0.450848 0.003720
vt 0.360319 0.010512
vt 0.360319 0.003720
s 0
usemtl books
f 141/257/69 133/258/69 136/259/69 142/260/69
f 142/260/70 135/261/70 134/262/70 141/257/70
f 133/263/71 141/264/71 143/265/71 137/266/71
f 141/264/72 134/267/72 138/268/72 143/265/72
f 137/269/73 143/270/73 144/271/73 140/272/73
f 143/270/74 138/273/74 139/274/74 144/271/74
f 148/275/75 163/276/75 159/277/75 152/278/75
f 153/279/76 149/280/76 162/281/76 158/282/76
f 155/283/77 156/284/77 157/285/77 154/286/77
f 153/287/78 158/288/78 156/289/78 155/290/78
f 151/291/79 152/278/79 159/277/79 160/292/79
f 150/293/80 151/291/80 160/292/80 161/294/80
f 149/280/81 150/293/81 161/294/81 162/281/81
f 148/275/82 147/295/82 164/296/82 163/276/82
f 147/297/83 145/298/83 166/299/83 164/300/83
f 166/301/77 145/302/77 146/303/77 165/304/77
f 145/302/84 147/305/84 175/306/84 146/303/84
f 153/307/84 155/283/84 154/286/84 169/308/84
f 156/284/85 158/309/85 189/310/85 157/285/85
f 164/311/85 166/301/85 165/304/85 183/312/85
f 157/313/86 189/314/86 190/315/86 167/316/86
f 154/317/83 157/313/83 167/316/83 168/318/83
f 169/319/87 154/317/87 168/318/87 182/320/87
f 148/321/84 152/322/84 170/323/84 174/324/84
f 149/325/84 153/326/84 169/327/84 173/328/84
f 152/322/84 151/329/84 171/330/84 170/323/84
f 151/329/84 150/331/84 172/332/84 171/330/84
f 150/331/84 149/325/84 173/328/84 172/332/84
f 147/333/84 148/321/84 174/324/84 175/334/84
f 175/335/88 174/336/88 177/337/88 176/338/88
f 172/339/89 173/340/89 178/341/89 179/342/89
f 171/343/90 172/339/90 179/342/90 180/344/90
f 170/345/91 171/343/91 180/344/91 181/346/91
f 173/340/92 169/347/92 182/348/92 178/341/92
f 174/336/93 170/345/93 181/346/93 177/337/93
f 163/349/85 164/350/85 183/351/85 184/352/85
f 162/353/85 161/354/85 186/355/85 185/356/85
f 161/354/85 160/357/85 187/358/85 186/355/85
f 160/357/85 159/359/85 188/360/85 187/358/85
f 158/361/85 162/353/85 185/356/85 189/362/85
f 159/359/85 163/349/85 184/352/85 188/360/85
f 188/363/94 184/364/94 195/365/94 191/366/94
f 189/367/95 185/368/95 194/369/95 190/370/95
f 187/371/96 188/363/96 191/366/96 192/372/96
f 186/373/97 187/371/97 192/372/97 193/374/97
f 185/368/98 186/373/98 193/374/98 194/369/98
f 184/364/99 183/375/99 196/376/99 195/365/99
f 175/377/100 176/378/100 197/379/100 146/380/100
f 146/380/101 197/379/101 198/381/101 165/382/101
f 165/382/102 198/381/102 196/383/102 183/384/102
o book14.001
v 1.359251 -0.219144 -2.984684
v 1.201081 -0.219144 -2.984684
v 1.201081 -0.221975 -2.340864
v 1.359251 -0.221970 -2.342033
v 1.359252 0.551507 -2.981295
v 1.201082 0.551507 -2.981295
v 1.201082 0.548677 -2.337545
v 1.359252 0.548677 -2.337545
v 1.280166 -0.213551 -2.978358
v 1.280166 -0.216530 -2.300798
v 1.280167 0.545858 -2.975019
v 1.280167 0.542880 -2.297625
v 1.375854 -0.228798 -2.996812
v 1.357743 -0.228798 -2.996812
v 1.375854 -0.231583 -2.363483
v 1.368230 -0.231647 -2.349008
v 1.191220 -0.231642 -2.350129
v 1.226367 -0.231806 -2.312731
v 1.279524 -0.231869 -2.298487
v 1.332681 -0.231806 -2.312731
v 1.183504 -0.231583 -2.363566
v 1.201614 -0.228798 -2.996896
v 1.183504 -0.228798 -2.996896
v 1.183505 0.569277 -2.993387
v 1.201615 0.569277 -2.993387
v 1.183505 0.566493 -2.360057
v 1.332682 0.566269 -2.309222
v 1.279525 0.566206 -2.294979
v 1.226367 0.566269 -2.309222
v 1.191221 0.566433 -2.346620
v 1.368231 0.566428 -2.345499
v 1.375855 0.566492 -2.359974
v 1.357744 0.569277 -2.993303
v 1.375854 0.569277 -2.993303
v 1.201615 0.521528 -2.955835
v 1.201614 -0.181380 -2.958925
v 1.201802 -0.231585 -2.362933
v 1.318334 -0.231766 -2.321832
v 1.279538 -0.231824 -2.308707
v 1.240743 -0.231766 -2.321832
v 1.204998 -0.231624 -2.354232
v 1.354117 -0.231624 -2.354152
v 1.357511 -0.231586 -2.362872
v 1.357511 -0.183993 -2.362663
v 1.354117 -0.184031 -2.353943
v 1.204998 -0.184031 -2.354023
v 1.240743 -0.184173 -2.321623
v 1.279539 -0.184231 -2.308497
v 1.318334 -0.184173 -2.321623
v 1.201802 -0.183993 -2.362724
v 1.357907 0.566491 -2.359695
v 1.354496 0.566452 -2.350886
v 1.204621 0.566453 -2.350967
v 1.240349 0.566309 -2.318333
v 1.279539 0.566250 -2.304917
v 1.318729 0.566309 -2.318333
v 1.201408 0.566491 -2.359756
v 1.201408 0.518949 -2.359965
v 1.318729 0.518767 -2.318542
v 1.279539 0.518708 -2.305126
v 1.240349 0.518767 -2.318542
v 1.204621 0.518910 -2.351176
v 1.354496 0.518910 -2.351095
v 1.357907 0.518948 -2.359904
v 1.358145 -0.181380 -2.958925
v 1.358145 0.521527 -2.955835
vn -0.0709 -0.9975 -0.0044
vn 0.0709 -0.9975 -0.0044
vn -0.0794 0.0044 -0.9968
vn 0.0794 0.0044 -0.9968
vn -0.0709 0.9975 0.0044
vn 0.0709 0.9975 0.0044
vn 0.7142 -0.0031 0.6999
vn -0.8672 -0.0022 0.4980
vn -0.0000 0.0044 -1.0000
vn -1.0000 -0.0000 -0.0000
vn 0.2588 -0.0042 0.9659
vn -0.2588 -0.0042 0.9659
vn -0.7287 -0.0030 0.6848
vn 0.8848 -0.0020 0.4660
vn 1.0000 -0.0000 -0.0000
vn -0.0000 -1.0000 -0.0044
vn -0.0000 1.0000 0.0044
vn 1.0000 0.0001 0.0003
vn 1.0000 0.0001 -0.0003
vn -0.9319 0.0016 -0.3627
vn 0.6716 0.0033 -0.7409
vn 0.3205 0.0042 -0.9472
vn -0.3205 0.0042 -0.9472
vn 0.9387 0.0015 -0.3448
vn -0.6703 0.0033 -0.7421
vn -0.6731 0.0033 -0.7395
vn 0.9392 0.0015 -0.3433
vn -0.3239 0.0042 -0.9461
vn 0.3239 0.0042 -0.9461
vn 0.6744 0.0032 -0.7383
vn -0.9325 0.0016 -0.3611
vn -1.0000 0.0045 -0.0007
vn -0.9999 -0.0000 0.0107
vn -1.0000 -0.0042 -0.0001
vt 0.237550 0.013329
vt 0.249001 0.012416
vt 0.249001 0.105464
vt 0.237550 0.111431
vt 0.226100 0.105634
vt 0.226100 0.012416
vt 0.225062 0.114990
vt 0.213612 0.114176
vt 0.213612 0.004223
vt 0.225062 0.003409
vt 0.202161 0.114990
vt 0.202161 0.003409
vt 0.226100 0.012440
vt 0.237550 0.013353
vt 0.237550 0.111431
vt 0.226100 0.105648
vt 0.249001 0.012440
vt 0.249001 0.105648
vt 0.019593 0.242663
vt 0.019593 0.128114
vt 0.029900 0.128181
vt 0.029900 0.242691
vt 0.065246 0.242521
vt 0.060922 0.242507
vt 0.060922 0.128334
vt 0.065246 0.128271
vt 0.005269 0.175023
vt 0.005169 0.073558
vt 0.009635 0.073633
vt 0.009735 0.175023
vt 0.014664 0.118296
vt 0.014664 0.003906
vt 0.105440 0.003906
vt 0.105440 0.118296
vt 0.040257 0.242650
vt 0.040257 0.128402
vt 0.050614 0.242488
vt 0.050614 0.128315
vt 0.014868 0.242707
vt 0.014868 0.128058
vt 0.077584 0.132303
vt 0.168360 0.132303
vt 0.168360 0.246692
vt 0.077584 0.246692
vt 0.005269 0.175061
vt 0.005169 0.073578
vt 0.009636 0.073653
vt 0.009736 0.175061
vt 0.005175 0.008057
vt 0.009639 0.008092
vt 0.005169 0.243490
vt 0.009659 0.243583
vt 0.005174 0.008058
vt 0.009636 0.008105
vt 0.005169 0.243533
vt 0.009659 0.243583
vt 0.200648 0.117713
vt 0.110115 0.117713
vt 0.110115 0.110920
vt 0.195252 0.110915
vt 0.200648 0.003685
vt 0.195252 0.010484
vt 0.110068 0.003685
vt 0.110068 0.010485
vt 0.146055 0.078907
vt 0.138937 0.071932
vt 0.140734 0.069192
vt 0.147064 0.076138
vt 0.146070 0.044100
vt 0.148912 0.042660
vt 0.148862 0.046126
vt 0.147128 0.046801
vt 0.136160 0.061498
vt 0.138147 0.061504
vt 0.138937 0.051071
vt 0.140723 0.053892
vt 0.148932 0.080352
vt 0.148870 0.076818
vt 0.160121 0.040702
vt 0.160121 0.042667
vt 0.150129 0.042667
vt 0.150129 0.040703
vt 0.160122 0.069988
vt 0.160123 0.080117
vt 0.150130 0.080118
vt 0.150130 0.069989
vt 0.160122 0.061389
vt 0.150129 0.061390
vt 0.160122 0.052791
vt 0.150129 0.052791
vt 0.160123 0.082064
vt 0.150131 0.082064
vt 0.146073 0.044100
vt 0.148911 0.042660
vt 0.148859 0.046126
vt 0.147130 0.046795
vt 0.146054 0.078913
vt 0.138955 0.071937
vt 0.140743 0.069193
vt 0.147074 0.076146
vt 0.136160 0.061506
vt 0.138151 0.061500
vt 0.138934 0.051073
vt 0.140725 0.053885
vt 0.148930 0.080347
vt 0.148871 0.076834
vt 0.150129 0.052754
vt 0.150129 0.042672
vt 0.160040 0.042672
vt 0.160040 0.052754
vt 0.150129 0.082064
vt 0.150129 0.080113
vt 0.160040 0.080113
vt 0.160040 0.082064
vt 0.150129 0.061390
vt 0.160040 0.061390
vt 0.150129 0.070025
vt 0.160040 0.070025
vt 0.150129 0.040702
vt 0.160040 0.040703
vt 0.110120 0.117724
vt 0.110120 0.110925
vt 0.195313 0.110926
vt 0.200696 0.117724
vt 0.195313 0.010495
vt 0.200696 0.003696
vt 0.110167 0.010489
vt 0.110167 0.003696
s 0
usemtl books
f 207/385/103 199/386/103 202/387/103 208/388/103
f 208/388/104 201/389/104 200/390/104 207/385/104
f 199/391/105 207/392/105 209/393/105 203/394/105
f 207/392/106 200/395/106 204/396/106 209/393/106
f 203/397/107 209/398/107 210/399/107 206/400/107
f 209/398/108 204/401/108 205/402/108 210/399/108
f 214/403/109 229/404/109 225/405/109 218/406/109
f 219/407/110 215/408/110 228/409/110 224/410/110
f 221/411/111 222/412/111 223/413/111 220/414/111
f 219/415/112 224/416/112 222/417/112 221/418/112
f 217/419/113 218/406/113 225/405/113 226/420/113
f 216/421/114 217/419/114 226/420/114 227/422/114
f 215/408/115 216/421/115 227/422/115 228/409/115
f 214/403/116 213/423/116 230/424/116 229/404/116
f 213/425/117 211/426/117 232/427/117 230/428/117
f 232/429/111 211/430/111 212/431/111 231/432/111
f 211/430/118 213/433/118 241/434/118 212/431/118
f 219/435/118 221/411/118 220/414/118 235/436/118
f 222/412/119 224/437/119 255/438/119 223/413/119
f 230/439/119 232/429/119 231/432/119 249/440/119
f 223/441/120 255/442/120 256/443/120 233/444/120
f 220/445/117 223/441/117 233/444/117 234/446/117
f 235/447/121 220/445/121 234/446/121 248/448/121
f 214/449/118 218/450/118 236/451/118 240/452/118
f 215/453/118 219/454/118 235/455/118 239/456/118
f 218/450/118 217/457/118 237/458/118 236/451/118
f 217/457/118 216/459/118 238/460/118 237/458/118
f 216/459/118 215/453/118 239/456/118 238/460/118
f 213/461/118 214/449/118 240/452/118 241/462/118
f 241/463/122 240/464/122 243/465/122 242/466/122
f 238/467/123 239/468/123 244/469/123 245/470/123
f 237/471/124 238/467/124 245/470/124 246/472/124
f 236/473/125 237/471/125 246/472/125 247/474/125
f 239/468/126 235/475/126 248/476/126 244/469/126
f 240/464/127 236/473/127 247/474/127 243/465/127
f 229/477/119 230/478/119 249/479/119 250/480/119
f 228/481/119 227/482/119 252/483/119 251/484/119
f 227/482/119 226/485/119 253/486/119 252/483/119
f 226/485/119 225/487/119 254/488/119 253/486/119
f 224/489/119 228/481/119 251/484/119 255/490/119
f 225/487/119 229/477/119 250/480/119 254/488/119
f 254/491/128 250/492/128 261/493/128 257/494/128
f 255/495/129 251/496/129 260/497/129 256/498/129
f 253/499/130 254/491/130 257/494/130 258/500/130
f 252/501/131 253/499/131 258/500/131 259/502/131
f 251/496/132 252/501/132 259/502/132 260/497/132
f 250/492/133 249/503/133 262/504/133 261/493/133
f 241/505/134 242/506/134 263/507/134 212/508/134
f 212/508/135 263/507/135 264/509/135 231/510/135
f 231/510/136 264/509/136 262/511/136 249/512/136
o book13.001
v 1.164688 -0.224283 -2.877606
v 1.043041 -0.224283 -2.877606
v 1.043041 -0.224403 -2.382444
v 1.164688 -0.224403 -2.383344
v 1.164689 0.368424 -2.877461
v 1.043042 0.368424 -2.877461
v 1.043042 0.368304 -2.382354
v 1.164689 0.368304 -2.382354
v 1.103865 -0.219961 -2.872758
v 1.103865 -0.220087 -2.351648
v 1.103865 0.364100 -2.872617
v 1.103865 0.363973 -2.351634
v 1.177457 -0.231746 -2.886903
v 1.163529 -0.231746 -2.886903
v 1.177457 -0.231865 -2.399810
v 1.171594 -0.231868 -2.388677
v 1.035457 -0.231867 -2.389539
v 1.062488 -0.231874 -2.360776
v 1.103371 -0.231877 -2.349822
v 1.144254 -0.231874 -2.360776
v 1.029523 -0.231865 -2.399874
v 1.043452 -0.231746 -2.886967
v 1.029523 -0.231746 -2.886967
v 1.029524 0.382052 -2.886818
v 1.043452 0.382052 -2.886818
v 1.029524 0.381934 -2.399724
v 1.144255 0.381924 -2.360627
v 1.103372 0.381922 -2.349673
v 1.062489 0.381925 -2.360627
v 1.035458 0.381932 -2.389390
v 1.171595 0.381931 -2.388528
v 1.177458 0.381934 -2.399660
v 1.163529 0.382052 -2.886754
v 1.177458 0.382052 -2.886754
v 1.043452 0.345449 -2.857785
v 1.043452 -0.195157 -2.857916
v 1.043596 -0.231865 -2.399387
v 1.133219 -0.231873 -2.367776
v 1.103382 -0.231875 -2.357682
v 1.073545 -0.231873 -2.367776
v 1.046054 -0.231866 -2.392695
v 1.160740 -0.231867 -2.392633
v 1.163350 -0.231865 -2.399340
v 1.163350 -0.195261 -2.399331
v 1.160740 -0.195263 -2.392625
v 1.046054 -0.195263 -2.392686
v 1.073545 -0.195269 -2.367767
v 1.103382 -0.195272 -2.357672
v 1.133219 -0.195269 -2.367767
v 1.043596 -0.195261 -2.399378
v 1.163655 0.381934 -2.399446
v 1.161031 0.381932 -2.392671
v 1.045764 0.381932 -2.392734
v 1.073242 0.381926 -2.367634
v 1.103382 0.381924 -2.357316
v 1.133523 0.381926 -2.367634
v 1.043293 0.381934 -2.399493
v 1.043293 0.345369 -2.399502
v 1.133523 0.345361 -2.367643
v 1.103382 0.345359 -2.357325
v 1.073242 0.345362 -2.367643
v 1.045764 0.345368 -2.392742
v 1.161031 0.345367 -2.392680
v 1.163655 0.345369 -2.399455
v 1.163838 -0.195157 -2.857916
v 1.163838 0.345449 -2.857785
vn -0.0709 -0.9975 -0.0002
vn 0.0709 -0.9975 -0.0002
vn -0.0794 0.0002 -0.9968
vn 0.0794 0.0002 -0.9968
vn -0.0709 0.9975 0.0002
vn 0.0709 0.9975 0.0002
vn 0.7142 -0.0002 0.6999
vn -0.8672 -0.0001 0.4980
vn -0.0000 0.0002 -1.0000
vn -1.0000 -0.0000 -0.0000
vn 0.2588 -0.0002 0.9659
vn -0.2588 -0.0002 0.9659
vn -0.7287 -0.0002 0.6848
vn 0.8848 -0.0001 0.4660
vn 1.0000 -0.0000 -0.0000
vn -0.0000 -1.0000 -0.0002
vn -0.0000 1.0000 0.0002
vn 1.0000 0.0001 0.0003
vn 1.0000 0.0001 -0.0003
vn -0.9319 0.0001 -0.3627
vn 0.6716 0.0002 -0.7409
vn 0.3205 0.0002 -0.9473
vn -0.3205 0.0002 -0.9473
vn 0.9387 0.0001 -0.3448
vn -0.6703 0.0002 -0.7421
vn -0.6731 0.0002 -0.7395
vn 0.9392 0.0001 -0.3433
vn -0.3239 0.0002 -0.9461
vn 0.3239 0.0002 -0.9461
vn 0.6744 0.0002 -0.7383
vn -0.9325 0.0001 -0.3611
vn -1.0000 0.0045 -0.0007
vn -0.9999 -0.0000 0.0107
vn -1.0000 -0.0042 -0.0001
vt 0.987665 0.263225
vt 0.999115 0.262312
vt 0.999115 0.355360
vt 0.987665 0.361327
vt 0.976215 0.355530
vt 0.976215 0.262312
vt 0.975177 0.364886
vt 0.963727 0.364072
vt 0.963727 0.254119
vt 0.975177 0.253305
vt 0.952276 0.364886
vt 0.952276 0.253305
vt 0.976215 0.262336
vt 0.987665 0.263249
vt 0.987665 0.361327
vt 0.976215 0.355544
vt 0.999115 0.262336
vt 0.999115 0.355544
vt 0.769708 0.492559
vt 0.769708 0.378009
vt 0.780015 0.378076
vt 0.780015 0.492587
vt 0.815361 0.492417
vt 0.811037 0.492403
vt 0.811037 0.378230
vt 0.815361 0.378167
vt 0.755384 0.424919
vt 0.755283 0.323454
vt 0.759749 0.323529
vt 0.759850 0.424919
vt 0.764779 0.368192
vt 0.764779 0.253802
vt 0.855555 0.253802
vt 0.855555 0.368192
vt 0.790372 0.492546
vt 0.790372 0.378298
vt 0.800729 0.492384
vt 0.800729 0.378211
vt 0.764983 0.492602
vt 0.764983 0.377954
vt 0.827699 0.382199
vt 0.918474 0.382199
vt 0.918474 0.496588
vt 0.827699 0.496588
vt 0.755384 0.424957
vt 0.755283 0.323474
vt 0.759750 0.323548
vt 0.759851 0.424956
vt 0.755289 0.257953
vt 0.759754 0.257988
vt 0.755283 0.493386
vt 0.759773 0.493479
vt 0.755288 0.257954
vt 0.759751 0.258001
vt 0.755283 0.493429
vt 0.759774 0.493479
vt 0.950763 0.367609
vt 0.860230 0.367609
vt 0.860230 0.360816
vt 0.945367 0.360810
vt 0.950763 0.253581
vt 0.945367 0.260380
vt 0.860183 0.253581
vt 0.860183 0.260381
vt 0.896170 0.328803
vt 0.889051 0.321828
vt 0.890849 0.319088
vt 0.897179 0.326034
vt 0.896185 0.293996
vt 0.899026 0.292556
vt 0.898976 0.296022
vt 0.897242 0.296697
vt 0.886275 0.311393
vt 0.888262 0.311400
vt 0.889051 0.300967
vt 0.890837 0.303788
vt 0.899046 0.330248
vt 0.898984 0.326714
vt 0.910236 0.290598
vt 0.910236 0.292563
vt 0.900243 0.292563
vt 0.900243 0.290599
vt 0.910237 0.319884
vt 0.910238 0.330013
vt 0.900245 0.330014
vt 0.900245 0.319885
vt 0.910237 0.311285
vt 0.900244 0.311286
vt 0.910236 0.302687
vt 0.900244 0.302687
vt 0.910238 0.331959
vt 0.900245 0.331960
vt 0.896188 0.293996
vt 0.899026 0.292556
vt 0.898974 0.296022
vt 0.897245 0.296691
vt 0.896169 0.328809
vt 0.889070 0.321833
vt 0.890857 0.319089
vt 0.897189 0.326042
vt 0.886275 0.311402
vt 0.888266 0.311396
vt 0.889049 0.300969
vt 0.890840 0.303781
vt 0.899045 0.330243
vt 0.898986 0.326730
vt 0.900244 0.302650
vt 0.900244 0.292568
vt 0.910155 0.292568
vt 0.910155 0.302650
vt 0.900243 0.331960
vt 0.900243 0.330009
vt 0.910155 0.330009
vt 0.910155 0.331960
vt 0.900243 0.311286
vt 0.910155 0.311286
vt 0.900243 0.319921
vt 0.910155 0.319921
vt 0.900244 0.290598
vt 0.910155 0.290598
vt 0.860234 0.367620
vt 0.860234 0.360820
vt 0.945428 0.360822
vt 0.950811 0.367620
vt 0.945428 0.260391
vt 0.950811 0.253592
vt 0.860282 0.260385
vt 0.860282 0.253592
s 0
usemtl books
f 273/513/137 265/514/137 268/515/137 274/516/137
f 274/516/138 267/517/138 266/518/138 273/513/138
f 265/519/139 273/520/139 275/521/139 269/522/139
f 273/520/140 266/523/140 270/524/140 275/521/140
f 269/525/141 275/526/141 276/527/141 272/528/141
f 275/526/142 270/529/142 271/530/142 276/527/142
f 280/531/143 295/532/143 291/533/143 284/534/143
f 285/535/144 281/536/144 294/537/144 290/538/144
f 287/539/145 288/540/145 289/541/145 286/542/145
f 285/543/146 290/544/146 288/545/146 287/546/146
f 283/547/147 284/534/147 291/533/147 292/548/147
f 282/549/148 283/547/148 292/548/148 293/550/148
f 281/536/149 282/549/149 293/550/149 294/537/149
f 280/531/150 279/551/150 296/552/150 295/532/150
f 279/553/151 277/554/151 298/555/151 296/556/151
f 298/557/145 277/558/145 278/559/145 297/560/145
f 277/558/152 279/561/152 307/562/152 278/559/152
f 285/563/152 287/539/152 286/542/152 301/564/152
f 288/540/153 290/565/153 321/566/153 289/541/153
f 296/567/153 298/557/153 297/560/153 315/568/153
f 289/569/154 321/570/154 322/571/154 299/572/154
f 286/573/151 289/569/151 299/572/151 300/574/151
f 301/575/155 286/573/155 300/574/155 314/576/155
f 280/577/152 284/578/152 302/579/152 306/580/152
f 281/581/152 285/582/152 301/583/152 305/584/152
f 284/578/152 283/585/152 303/586/152 302/579/152
f 283/585/152 282/587/152 304/588/152 303/586/152
f 282/587/152 281/581/152 305/584/152 304/588/152
f 279/589/152 280/577/152 306/580/152 307/590/152
f 307/591/156 306/592/156 309/593/156 308/594/156
f 304/595/157 305/596/157 310/597/157 311/598/157
f 303/599/158 304/595/158 311/598/158 312/600/158
f 302/601/159 303/599/159 312/600/159 313/602/159
f 305/596/160 301/603/160 314/604/160 310/597/160
f 306/592/161 302/601/161 313/602/161 309/593/161
f 295/605/153 296/606/153 315/607/153 316/608/153
f 294/609/153 293/610/153 318/611/153 317/612/153
f 293/610/153 292/613/153 319/614/153 318/611/153
f 292/613/153 291/615/153 320/616/153 319/614/153
f 290/617/153 294/609/153 317/612/153 321/618/153
f 291/615/153 295/605/153 316/608/153 320/616/153
f 320/619/162 316/620/162 327/621/162 323/622/162
f 321/623/163 317/624/163 326/625/163 322/626/163
f 319/627/164 320/619/164 323/622/164 324/628/164
f 318/629/165 319/627/165 324/628/165 325/630/165
f 317/624/166 318/629/166 325/630/166 326/625/166
f 316/620/167 315/631/167 328/632/167 327/621/167
f 307/633/168 308/634/168 329/635/168 278/636/168
f 278/636/169 329/635/169 330/637/169 297/638/169
f 297/638/170 330/637/170 328/639/170 315/640/170
o book12.001
v 1.007639 -0.217101 -2.982441
v 0.849469 -0.217100 -2.982441
v 0.849469 -0.214628 -2.338620
v 1.007639 -0.214633 -2.339789
v 1.007640 0.553552 -2.985400
v 0.849470 0.553552 -2.985400
v 0.849470 0.556024 -2.341649
v 1.007640 0.556024 -2.341649
v 0.928554 -0.211455 -2.976161
v 0.928554 -0.208853 -2.298600
v 0.928555 0.547955 -2.979078
v 0.928555 0.550557 -2.301682
v 1.024242 -0.226855 -2.994490
v 1.006132 -0.226855 -2.994490
v 1.024242 -0.224423 -2.361159
v 1.016619 -0.224367 -2.346684
v 0.839609 -0.224371 -2.347805
v 0.874755 -0.224228 -2.310407
v 0.927912 -0.224173 -2.296163
v 0.981070 -0.224228 -2.310407
v 0.831892 -0.224423 -2.361242
v 0.850003 -0.226855 -2.994573
v 0.831892 -0.226855 -2.994573
v 0.831893 0.571222 -2.997638
v 0.850004 0.571222 -2.997638
v 0.831893 0.573654 -2.364307
v 0.981071 0.573849 -2.313472
v 0.927913 0.573904 -2.299228
v 0.874756 0.573849 -2.313472
v 0.839610 0.573706 -2.350869
v 1.016620 0.573710 -2.349749
v 1.024243 0.573654 -2.364223
v 1.006132 0.571222 -2.997554
v 1.024243 0.571222 -2.997554
v 0.850004 0.523784 -2.959694
v 0.850003 -0.179126 -2.956995
v 0.850190 -0.224420 -2.360609
v 0.966722 -0.224263 -2.319508
v 0.927927 -0.224212 -2.306382
v 0.889131 -0.224262 -2.319508
v 0.853387 -0.224387 -2.351908
v 1.002505 -0.224387 -2.351828
v 1.005899 -0.224420 -2.360548
v 1.005899 -0.176827 -2.360731
v 1.002505 -0.176794 -2.352011
v 0.853387 -0.176794 -2.352091
v 0.889131 -0.176670 -2.319691
v 0.927927 -0.176619 -2.306565
v 0.966722 -0.176670 -2.319691
v 0.850190 -0.176827 -2.360792
v 1.006296 0.573655 -2.363945
v 1.002885 0.573689 -2.355136
v 0.853009 0.573689 -2.355217
v 0.888737 0.573814 -2.322582
v 0.927927 0.573866 -2.309166
v 0.967117 0.573814 -2.322582
v 0.849797 0.573655 -2.364006
v 0.849797 0.526113 -2.363823
v 0.967117 0.526272 -2.322400
v 0.927927 0.526323 -2.308984
v 0.888737 0.526272 -2.322400
v 0.853009 0.526147 -2.355034
v 1.002885 0.526147 -2.354953
v 1.006296 0.526113 -2.363762
v 1.006533 -0.179126 -2.956995
v 1.006534 0.523783 -2.959694
vn -0.0709 -0.9975 0.0038
vn 0.0709 -0.9975 0.0038
vn -0.0794 -0.0038 -0.9968
vn 0.0794 -0.0038 -0.9968
vn -0.0709 0.9975 -0.0038
vn 0.0709 0.9975 -0.0038
vn 0.7142 0.0027 0.6999
vn -0.8672 0.0019 0.4980
vn -0.0000 -0.0038 -1.0000
vn -1.0000 -0.0000 -0.0000
vn 0.2588 0.0037 0.9659
vn -0.2588 0.0037 0.9659
vn -0.7287 0.0026 0.6848
vn 0.8848 0.0018 0.4660
vn 1.0000 -0.0000 -0.0000
vn -0.0000 -1.0000 0.0038
vn -0.0000 1.0000 -0.0038
vn 1.0000 0.0001 0.0003
vn 1.0000 0.0001 -0.0003
vn -0.9319 -0.0014 -0.3627
vn 0.6716 -0.0028 -0.7409
vn 0.3205 -0.0036 -0.9472
vn -0.3205 -0.0036 -0.9472
vn 0.9387 -0.0013 -0.3448
vn -0.6703 -0.0028 -0.7421
vn -0.6731 -0.0028 -0.7395
vn 0.9392 -0.0013 -0.3433
vn -0.3239 -0.0036 -0.9461
vn 0.3239 -0.0036 -0.9461
vn 0.6744 -0.0028 -0.7383
vn -0.9325 -0.0014 -0.3611
vn -1.0000 0.0045 -0.0007
vn -0.9999 -0.0000 0.0107
vn -1.0000 -0.0042 -0.0000
vt 0.737595 0.263500
vt 0.749045 0.262587
vt 0.749045 0.355635
vt 0.737595 0.361602
vt 0.726144 0.355805
vt 0.726144 0.262587
vt 0.725107 0.365160
vt 0.713656 0.364347
vt 0.713656 0.254393
vt 0.725107 0.253579
vt 0.702206 0.365160
vt 0.702206 0.253579
vt 0.726144 0.262611
vt 0.737595 0.263524
vt 0.737595 0.361602
vt 0.726144 0.355819
vt 0.749045 0.262611
vt 0.749045 0.355819
vt 0.519637 0.492833
vt 0.519637 0.378284
vt 0.529944 0.378351
vt 0.529944 0.492862
vt 0.565291 0.492692
vt 0.560967 0.492678
vt 0.560967 0.378505
vt 0.565291 0.378442
vt 0.505314 0.425194
vt 0.505213 0.323729
vt 0.509679 0.323804
vt 0.509780 0.425193
vt 0.514709 0.368466
vt 0.514709 0.254077
vt 0.605485 0.254077
vt 0.605485 0.368466
vt 0.540301 0.492821
vt 0.540302 0.378573
vt 0.550658 0.492659
vt 0.550658 0.378486
vt 0.514913 0.492877
vt 0.514913 0.378229
vt 0.577628 0.382474
vt 0.668404 0.382474
vt 0.668404 0.496863
vt 0.577628 0.496863
vt 0.505314 0.425231
vt 0.505213 0.323748
vt 0.509680 0.323823
vt 0.509781 0.425231
vt 0.505219 0.258228
vt 0.509683 0.258262
vt 0.505213 0.493660
vt 0.509703 0.493753
vt 0.505218 0.258229
vt 0.509680 0.258276
vt 0.505213 0.493704
vt 0.509704 0.493753
vt 0.700692 0.367884
vt 0.610160 0.367884
vt 0.610160 0.361091
vt 0.695297 0.361085
vt 0.700692 0.253856
vt 0.695297 0.260655
vt 0.610112 0.253856
vt 0.610112 0.260656
vt 0.646099 0.329078
vt 0.638981 0.322103
vt 0.640778 0.319363
vt 0.647109 0.326309
vt 0.646115 0.294271
vt 0.648956 0.292831
vt 0.648906 0.296297
vt 0.647172 0.296971
vt 0.636205 0.311668
vt 0.638191 0.311675
vt 0.638981 0.301241
vt 0.640767 0.304062
vt 0.648976 0.330523
vt 0.648914 0.326989
vt 0.660165 0.290873
vt 0.660165 0.292838
vt 0.650173 0.292838
vt 0.650173 0.290873
vt 0.660167 0.320159
vt 0.660167 0.330288
vt 0.650175 0.330289
vt 0.650174 0.320160
vt 0.660166 0.311560
vt 0.650174 0.311561
vt 0.660166 0.302961
vt 0.650173 0.302962
vt 0.660167 0.332234
vt 0.650175 0.332235
vt 0.646118 0.294271
vt 0.648956 0.292831
vt 0.648903 0.296297
vt 0.647175 0.296966
vt 0.646099 0.329084
vt 0.638999 0.322108
vt 0.640787 0.319364
vt 0.647118 0.326317
vt 0.636204 0.311677
vt 0.638195 0.311670
vt 0.638979 0.301243
vt 0.640769 0.304056
vt 0.648974 0.330518
vt 0.648915 0.327005
vt 0.650173 0.302925
vt 0.650173 0.292842
vt 0.660085 0.292843
vt 0.660085 0.302925
vt 0.650173 0.332235
vt 0.650173 0.330284
vt 0.660085 0.330284
vt 0.660085 0.332235
vt 0.650173 0.311561
vt 0.660085 0.311561
vt 0.650173 0.320196
vt 0.660084 0.320196
vt 0.650174 0.290873
vt 0.660085 0.290873
vt 0.610164 0.367895
vt 0.610164 0.361095
vt 0.695358 0.361097
vt 0.700741 0.367895
vt 0.695358 0.260666
vt 0.700741 0.253867
vt 0.610212 0.260660
vt 0.610212 0.253867
s 0
usemtl books
f 339/641/171 331/642/171 334/643/171 340/644/171
f 340/644/172 333/645/172 332/646/172 339/641/172
f 331/647/173 339/648/173 341/649/173 335/650/173
f 339/648/174 332/651/174 336/652/174 341/649/174
f 335/653/175 341/654/175 342/655/175 338/656/175
f 341/654/176 336/657/176 337/658/176 342/655/176
f 346/659/177 361/660/177 357/661/177 350/662/177
f 351/663/178 347/664/178 360/665/178 356/666/178
f 353/667/179 354/668/179 355/669/179 352/670/179
f 351/671/180 356/672/180 354/673/180 353/674/180
f 349/675/181 350/662/181 357/661/181 358/676/181
f 348/677/182 349/675/182 358/676/182 359/678/182
f 347/664/183 348/677/183 359/678/183 360/665/183
f 346/659/184 345/679/184 362/680/184 361/660/184
f 345/681/185 343/682/185 364/683/185 362/684/185
f 364/685/179 343/686/179 344/687/179 363/688/179
f 343/686/186 345/689/186 373/690/186 344/687/186
f 351/691/186 353/667/186 352/670/186 367/692/186
f 354/668/187 356/693/187 387/694/187 355/669/187
f 362/695/187 364/685/187 363/688/187 381/696/187
f 355/697/188 387/698/188 388/699/188 365/700/188
f 352/701/185 355/697/185 365/700/185 366/702/185
f 367/703/189 352/701/189 366/702/189 380/704/189
f 346/705/186 350/706/186 368/707/186 372/708/186
f 347/709/186 351/710/186 367/711/186 371/712/186
f 350/706/186 349/713/186 369/714/186 368/707/186
f 349/713/186 348/715/186 370/716/186 369/714/186
f 348/715/186 347/709/186 371/712/186 370/716/186
f 345/717/186 346/705/186 372/708/186 373/718/186
f 373/719/190 372/720/190 375/721/190 374/722/190
f 370/723/191 371/724/191 376/725/191 377/726/191
f 369/727/192 370/723/192 377/726/192 378/728/192
f 368/729/193 369/727/193 378/728/193 379/730/193
f 371/724/194 367/731/194 380/732/194 376/725/194
f 372/720/195 368/729/195 379/730/195 375/721/195
f 361/733/187 362/734/187 381/735/187 382/736/187
f 360/737/187 359/738/187 384/739/187 383/740/187
f 359/738/187 358/741/187 385/742/187 384/739/187
f 358/741/187 357/743/187 386/744/187 385/742/187
f 356/745/187 360/737/187 383/740/187 387/746/187
f 357/743/187 361/733/187 382/736/187 386/744/187
f 386/747/196 382/748/196 393/749/196 389/750/196
f 387/751/197 383/752/197 392/753/197 388/754/197
f 385/755/198 386/747/198 389/750/198 390/756/198
f 384/757/199 385/755/199 390/756/199 391/758/199
f 383/752/200 384/757/200 391/758/200 392/753/200
f 382/748/201 381/759/201 394/760/201 393/749/201
f 373/761/202 374/762/202 395/763/202 344/764/202
f 344/764/203 395/763/203 396/765/203 363/766/203
f 363/766/204 396/765/204 394/767/204 381/768/204
o book11.001
v 0.809899 -0.214808 -2.933635
v 0.663970 -0.214808 -2.933635
v 0.663970 -0.212145 -2.339641
v 0.809899 -0.212150 -2.340720
v 0.809900 0.496202 -2.936823
v 0.663971 0.496202 -2.936823
v 0.663971 0.498865 -2.342893
v 0.809900 0.498864 -2.342893
v 0.736935 -0.209596 -2.927845
v 0.736935 -0.206794 -2.302722
v 0.736935 0.491042 -2.930986
v 0.736935 0.493844 -2.306016
v 0.825217 -0.223815 -2.944746
v 0.808508 -0.223815 -2.944746
v 0.825217 -0.221195 -2.360430
v 0.818184 -0.221135 -2.347075
v 0.654873 -0.221140 -2.348109
v 0.687299 -0.220985 -2.313606
v 0.736342 -0.220926 -2.300465
v 0.785386 -0.220985 -2.313606
v 0.647753 -0.221195 -2.360507
v 0.664462 -0.223815 -2.944823
v 0.647754 -0.223815 -2.944823
v 0.647754 0.512497 -2.948123
v 0.664463 0.512497 -2.948123
v 0.647754 0.515117 -2.363807
v 0.785387 0.515327 -2.316906
v 0.736343 0.515386 -2.303766
v 0.687300 0.515327 -2.316906
v 0.654873 0.515172 -2.351410
v 0.818185 0.515177 -2.350376
v 0.825218 0.515117 -2.363731
v 0.808509 0.512497 -2.948047
v 0.825218 0.512497 -2.948047
v 0.664463 0.468752 -2.913088
v 0.664462 -0.179757 -2.910181
v 0.664635 -0.221193 -2.359923
v 0.772149 -0.221023 -2.322002
v 0.736356 -0.220969 -2.309893
v 0.700563 -0.221023 -2.322002
v 0.667584 -0.221157 -2.351896
v 0.805163 -0.221157 -2.351821
v 0.808294 -0.221193 -2.359867
v 0.808294 -0.177283 -2.360064
v 0.805163 -0.177247 -2.352018
v 0.667584 -0.177247 -2.352092
v 0.700563 -0.177113 -2.322199
v 0.736356 -0.177059 -2.310090
v 0.772149 -0.177113 -2.322199
v 0.664635 -0.177283 -2.360120
v 0.808660 0.515118 -2.363473
v 0.805513 0.515154 -2.355346
v 0.667236 0.515154 -2.355421
v 0.700199 0.515289 -2.325312
v 0.736356 0.515345 -2.312935
v 0.772513 0.515289 -2.325312
v 0.664272 0.515118 -2.363530
v 0.664272 0.471255 -2.363333
v 0.772513 0.471426 -2.325116
v 0.736356 0.471482 -2.312738
v 0.700199 0.471426 -2.325116
v 0.667236 0.471291 -2.355225
v 0.805513 0.471291 -2.355150
v 0.808660 0.471255 -2.363277
v 0.808879 -0.179758 -2.910181
v 0.808880 0.468752 -2.913088
vn -0.0709 -0.9975 0.0045
vn 0.0709 -0.9975 0.0045
vn -0.0794 -0.0045 -0.9968
vn 0.0794 -0.0045 -0.9968
vn -0.0709 0.9975 -0.0045
vn 0.0709 0.9975 -0.0045
vn 0.7142 0.0031 0.6999
vn -0.8672 0.0022 0.4980
vn -0.0000 -0.0045 -1.0000
vn -1.0000 -0.0000 -0.0000
vn 0.2588 0.0043 0.9659
vn -0.2588 0.0043 0.9659
vn -0.7287 0.0031 0.6848
vn 0.8848 0.0021 0.4660
vn 1.0000 -0.0000 -0.0000
vn -0.0000 -1.0000 0.0045
vn -0.0000 1.0000 -0.0045
vn 1.0000 0.0001 0.0003
vn 1.0000 0.0001 -0.0003
vn -0.9319 -0.0016 -0.3627
vn 0.6716 -0.0033 -0.7409
vn 0.3205 -0.0042 -0.9472
vn -0.3205 -0.0042 -0.9472
vn 0.9387 -0.0015 -0.3448
vn -0.6703 -0.0033 -0.7421
vn -0.6731 -0.0033 -0.7395
vn 0.9392 -0.0015 -0.3433
vn -0.3239 -0.0042 -0.9461
vn 0.3239 -0.0042 -0.9461
vn 0.6744 -0.0033 -0.7383
vn -0.9325 -0.0016 -0.3611
vn -1.0000 0.0045 -0.0007
vn -0.9999 -0.0000 0.0107
vn -1.0000 -0.0042 -0.0000
vt 0.487695 0.263431
vt 0.499146 0.262518
vt 0.499146 0.355566
vt 0.487695 0.361533
vt 0.476245 0.355736
vt 0.476245 0.262518
vt 0.475207 0.365092
vt 0.463757 0.364278
vt 0.463757 0.254324
vt 0.475207 0.253511
vt 0.452306 0.365092
vt 0.452306 0.253511
vt 0.476245 0.262542
vt 0.487695 0.263455
vt 0.487695 0.361533
vt 0.476245 0.355750
vt 0.499146 0.262542
vt 0.499146 0.355750
vt 0.269738 0.492765
vt 0.269738 0.378215
vt 0.280045 0.378282
vt 0.280045 0.492793
vt 0.315391 0.492623
vt 0.311067 0.492609
vt 0.311067 0.378436
vt 0.315391 0.378373
vt 0.255414 0.425125
vt 0.255314 0.323660
vt 0.259780 0.323735
vt 0.259880 0.425124
vt 0.264809 0.368397
vt 0.264809 0.254008
vt 0.355585 0.254008
vt 0.355585 0.368397
vt 0.290402 0.492752
vt 0.290402 0.378504
vt 0.300759 0.492590
vt 0.300759 0.378417
vt 0.265013 0.492808
vt 0.265013 0.378160
vt 0.327729 0.382405
vt 0.418505 0.382405
vt 0.418505 0.496794
vt 0.327729 0.496794
vt 0.255414 0.425162
vt 0.255314 0.323679
vt 0.259781 0.323754
vt 0.259881 0.425162
vt 0.255320 0.258159
vt 0.259784 0.258194
vt 0.255314 0.493592
vt 0.259804 0.493684
vt 0.255319 0.258160
vt 0.259781 0.258207
vt 0.255314 0.493635
vt 0.259804 0.493684
vt 0.450793 0.367815
vt 0.360260 0.367815
vt 0.360260 0.361022
vt 0.445397 0.361016
vt 0.450793 0.253787
vt 0.445397 0.260586
vt 0.360213 0.253787
vt 0.360213 0.260587
vt 0.396200 0.329009
vt 0.389082 0.322034
vt 0.390879 0.319294
vt 0.397209 0.326240
vt 0.396215 0.294202
vt 0.399057 0.292762
vt 0.399007 0.296228
vt 0.397273 0.296903
vt 0.386305 0.311599
vt 0.388292 0.311606
vt 0.389082 0.301173
vt 0.390868 0.303993
vt 0.399077 0.330454
vt 0.399015 0.326920
vt 0.410266 0.290804
vt 0.410266 0.292769
vt 0.400274 0.292769
vt 0.400274 0.290805
vt 0.410267 0.320090
vt 0.410268 0.330219
vt 0.400275 0.330220
vt 0.400275 0.320091
vt 0.410267 0.311491
vt 0.400274 0.311492
vt 0.410266 0.302893
vt 0.400274 0.302893
vt 0.410268 0.332165
vt 0.400276 0.332166
vt 0.396218 0.294202
vt 0.399056 0.292762
vt 0.399004 0.296228
vt 0.397275 0.296897
vt 0.396199 0.329015
vt 0.389100 0.322039
vt 0.390888 0.319295
vt 0.397219 0.326248
vt 0.386305 0.311608
vt 0.388296 0.311602
vt 0.389079 0.301175
vt 0.390870 0.303987
vt 0.399075 0.330449
vt 0.399016 0.326936
vt 0.400274 0.302856
vt 0.400274 0.292773
vt 0.410185 0.292774
vt 0.410185 0.302856
vt 0.400274 0.332166
vt 0.400274 0.330215
vt 0.410185 0.330215
vt 0.410185 0.332166
vt 0.400274 0.311492
vt 0.410185 0.311492
vt 0.400274 0.320127
vt 0.410185 0.320127
vt 0.400274 0.290804
vt 0.410185 0.290804
vt 0.360265 0.367826
vt 0.360265 0.361026
vt 0.445458 0.361028
vt 0.450841 0.367826
vt 0.445458 0.260597
vt 0.450841 0.253798
vt 0.360312 0.260591
vt 0.360312 0.253798
s 0
usemtl books
f 405/769/205 397/770/205 400/771/205 406/772/205
f 406/772/206 399/773/206 398/774/206 405/769/206
f 397/775/207 405/776/207 407/777/207 401/778/207
f 405/776/208 398/779/208 402/780/208 407/777/208
f 401/781/209 407/782/209 408/783/209 404/784/209
f 407/782/210 402/785/210 403/786/210 408/783/210
f 412/787/211 427/788/211 423/789/211 416/790/211
f 417/791/212 413/792/212 426/793/212 422/794/212
f 419/795/213 420/796/213 421/797/213 418/798/213
f 417/799/214 422/800/214 420/801/214 419/802/214
f 415/803/215 416/790/215 423/789/215 424/804/215
f 414/805/216 415/803/216 424/804/216 425/806/216
f 413/792/217 414/805/217 425/806/217 426/793/217
f 412/787/218 411/807/218 428/808/218 427/788/218
f 411/809/219 409/810/219 430/811/219 428/812/219
f 430/813/213 409/814/213 410/815/213 429/816/213
f 409/814/220 411/817/220 439/818/220 410/815/220
f 417/819/220 419/795/220 418/798/220 433/820/220
f 420/796/221 422/821/221 453/822/221 421/797/221
f 428/823/221 430/813/221 429/816/221 447/824/221
f 421/825/222 453/826/222 454/827/222 431/828/222
f 418/829/219 421/825/219 431/828/219 432/830/219
f 433/831/223 418/829/223 432/830/223 446/832/223
f 412/833/220 416/834/220 434/835/220 438/836/220
f 413/837/220 417/838/220 433/839/220 437/840/220
f 416/834/220 415/841/220 435/842/220 434/835/220
f 415/841/220 414/843/220 436/844/220 435/842/220
f 414/843/220 413/837/220 437/840/220 436/844/220
f 411/845/220 412/833/220 438/836/220 439/846/220
f 439/847/224 438/848/224 441/849/224 440/850/224
f 436/851/225 437/852/225 442/853/225 443/854/225
f 435/855/226 436/851/226 443/854/226 444/856/226
f 434/857/227 435/855/227 444/856/227 445/858/227
f 437/852/228 433/859/228 446/860/228 442/853/228
f 438/848/229 434/857/229 445/858/229 441/849/229
f 427/861/221 428/862/221 447/863/221 448/864/221
f 426/865/221 425/866/221 450/867/221 449/868/221
f 425/866/221 424/869/221 451/870/221 450/867/221
f 424/869/221 423/871/221 452/872/221 451/870/221
f 422/873/221 426/865/221 449/868/221 453/874/221
f 423/871/221 427/861/221 448/864/221 452/872/221
f 452/875/230 448/876/230 459/877/230 455/878/230
f 453/879/231 449/880/231 458/881/231 454/882/231
f 451/883/232 452/875/232 455/878/232 456/884/232
f 450/885/233 451/883/233 456/884/233 457/886/233
f 449/880/234 450/885/234 457/886/234 458/881/234
f 448/876/235 447/887/235 460/888/235 459/877/235
f 439/889/236 440/890/236 461/891/236 410/892/236
f 410/892/237 461/891/237 462/893/237 429/894/237
f 429/894/238 462/893/238 460/895/238 447/896/238
o book10.001
v 0.617302 -0.212997 -2.985683
v 0.459132 -0.212997 -2.985683
v 0.459132 -0.208026 -2.341876
v 0.617302 -0.208035 -2.343046
v 0.617303 0.557639 -2.991633
v 0.459133 0.557639 -2.991633
v 0.459133 0.562609 -2.347896
v 0.617303 0.562609 -2.347896
v 0.538217 -0.207327 -2.979425
v 0.538217 -0.202096 -2.301879
v 0.538218 0.552067 -2.985288
v 0.538218 0.557296 -2.307908
v 0.633905 -0.222797 -2.997694
v 0.615794 -0.222797 -2.997694
v 0.633905 -0.217908 -2.364377
v 0.626282 -0.217796 -2.349903
v 0.449271 -0.217805 -2.351023
v 0.484418 -0.217516 -2.313626
v 0.537575 -0.217406 -2.299383
v 0.590732 -0.217516 -2.313626
v 0.441555 -0.217908 -2.364460
v 0.459666 -0.222798 -2.997777
v 0.441555 -0.222798 -2.997777
v 0.441556 0.575261 -3.003939
v 0.459667 0.575261 -3.003939
v 0.441556 0.580151 -2.370622
v 0.590733 0.580543 -2.319788
v 0.537576 0.580653 -2.305545
v 0.484419 0.580543 -2.319788
v 0.449272 0.580254 -2.357185
v 0.626282 0.580263 -2.356064
v 0.633906 0.580151 -2.370538
v 0.615795 0.575262 -3.003855
v 0.633906 0.575262 -3.003855
v 0.459666 0.527970 -2.965811
v 0.459666 -0.174924 -2.960384
v 0.459853 -0.217903 -2.363827
v 0.576385 -0.217586 -2.322727
v 0.537590 -0.217485 -2.309602
v 0.498794 -0.217586 -2.322727
v 0.463049 -0.217836 -2.355127
v 0.612168 -0.217836 -2.355047
v 0.615562 -0.217903 -2.363766
v 0.615562 -0.170311 -2.364134
v 0.612168 -0.170244 -2.355414
v 0.463050 -0.170244 -2.355494
v 0.498794 -0.169994 -2.323094
v 0.537590 -0.169893 -2.309969
v 0.576385 -0.169994 -2.323094
v 0.459853 -0.170312 -2.364195
v 0.615959 0.580153 -2.370260
v 0.612547 0.580221 -2.361451
v 0.462672 0.580221 -2.361532
v 0.498400 0.580473 -2.328898
v 0.537590 0.580576 -2.315483
v 0.576780 0.580473 -2.328898
v 0.459459 0.580153 -2.370321
v 0.459459 0.532612 -2.369954
v 0.576780 0.532931 -2.328531
v 0.537590 0.533035 -2.315116
v 0.498400 0.532932 -2.328531
v 0.462672 0.532680 -2.361165
v 0.612547 0.532680 -2.361084
v 0.615959 0.532612 -2.369893
v 0.616196 -0.174924 -2.960384
v 0.616197 0.527970 -2.965811
vn -0.0709 -0.9975 0.0077
vn 0.0709 -0.9975 0.0077
vn -0.0794 -0.0077 -0.9968
vn 0.0794 -0.0077 -0.9968
vn -0.0709 0.9975 -0.0077
vn 0.0709 0.9975 -0.0077
vn 0.7142 0.0054 0.6999
vn -0.8672 0.0038 0.4980
vn -0.0000 -0.0077 -1.0000
vn -1.0000 -0.0000 -0.0000
vn 0.2588 0.0075 0.9659
vn -0.2588 0.0075 0.9659
vn -0.7287 0.0053 0.6848
vn 0.8848 0.0036 0.4660
vn 1.0000 -0.0000 -0.0000
vn -0.0000 -1.0000 0.0077
vn -0.0000 1.0000 -0.0077
vn 1.0000 0.0001 0.0003
vn 1.0000 0.0001 -0.0003
vn -0.9319 -0.0028 -0.3627
vn 0.6716 -0.0057 -0.7409
vn 0.3205 -0.0073 -0.9472
vn -0.3205 -0.0073 -0.9472
vn 0.9387 -0.0027 -0.3448
vn -0.6703 -0.0057 -0.7421
vn -0.6731 -0.0057 -0.7395
vn 0.9392 -0.0027 -0.3433
vn -0.3239 -0.0073 -0.9461
vn 0.3239 -0.0073 -0.9461
vn 0.6744 -0.0057 -0.7383
vn -0.9325 -0.0028 -0.3611
vn -1.0000 0.0045 -0.0007
vn -0.9999 0.0001 0.0107
vn -1.0000 -0.0042 -0.0000
vt 0.237672 0.263323
vt 0.249123 0.262411
vt 0.249123 0.355459
vt 0.237672 0.361426
vt 0.226222 0.355628
vt 0.226222 0.262411
vt 0.225185 0.364984
vt 0.213734 0.364170
vt 0.213734 0.254217
vt 0.225185 0.253403
vt 0.202284 0.364984
vt 0.202284 0.253403
vt 0.226222 0.262435
vt 0.237672 0.263347
vt 0.237672 0.361426
vt 0.226222 0.355642
vt 0.249123 0.262435
vt 0.249123 0.355642
vt 0.019715 0.492657
vt 0.019715 0.378108
vt 0.030022 0.378175
vt 0.030022 0.492686
vt 0.065368 0.492516
vt 0.061045 0.492502
vt 0.061045 0.378329
vt 0.065368 0.378266
vt 0.005392 0.425017
vt 0.005291 0.323553
vt 0.009757 0.323627
vt 0.009858 0.425017
vt 0.014787 0.368290
vt 0.014787 0.253901
vt 0.105562 0.253901
vt 0.105562 0.368290
vt 0.040379 0.492645
vt 0.040379 0.378397
vt 0.050736 0.492483
vt 0.050736 0.378310
vt 0.014990 0.492701
vt 0.014991 0.378053
vt 0.077706 0.382298
vt 0.168482 0.382298
vt 0.168482 0.496687
vt 0.077706 0.496687
vt 0.005392 0.425055
vt 0.005291 0.323572
vt 0.009758 0.323647
vt 0.009858 0.425055
vt 0.005297 0.258052
vt 0.009761 0.258086
vt 0.005291 0.493484
vt 0.009781 0.493577
vt 0.005296 0.258052
vt 0.009758 0.258099
vt 0.005291 0.493528
vt 0.009782 0.493577
vt 0.200770 0.367708
vt 0.110238 0.367708
vt 0.110238 0.360915
vt 0.195375 0.360909
vt 0.200770 0.253680
vt 0.195375 0.260478
vt 0.110190 0.253680
vt 0.110190 0.260480
vt 0.146177 0.328902
vt 0.139059 0.321926
vt 0.140856 0.319186
vt 0.147187 0.326133
vt 0.146193 0.294095
vt 0.149034 0.292655
vt 0.148984 0.296121
vt 0.147250 0.296795
vt 0.136283 0.311492
vt 0.138269 0.311499
vt 0.139059 0.301065
vt 0.140845 0.303886
vt 0.149054 0.330347
vt 0.148992 0.326813
vt 0.160243 0.290697
vt 0.160243 0.292662
vt 0.150251 0.292662
vt 0.150251 0.290697
vt 0.160244 0.319983
vt 0.160245 0.330112
vt 0.150253 0.330113
vt 0.150252 0.319983
vt 0.160244 0.311384
vt 0.150252 0.311384
vt 0.160244 0.302785
vt 0.150251 0.302786
vt 0.160245 0.332058
vt 0.150253 0.332059
vt 0.146196 0.294095
vt 0.149033 0.292655
vt 0.148981 0.296121
vt 0.147253 0.296790
vt 0.146176 0.328907
vt 0.139077 0.321931
vt 0.140865 0.319188
vt 0.147196 0.326141
vt 0.136282 0.311501
vt 0.138273 0.311494
vt 0.139056 0.301067
vt 0.140847 0.303879
vt 0.149052 0.330342
vt 0.148993 0.326829
vt 0.150251 0.302749
vt 0.150251 0.292666
vt 0.160163 0.292666
vt 0.160162 0.302749
vt 0.150251 0.332059
vt 0.150251 0.330108
vt 0.160162 0.330108
vt 0.160162 0.332059
vt 0.150251 0.311384
vt 0.160162 0.311384
vt 0.150251 0.320020
vt 0.160162 0.320020
vt 0.150251 0.290697
vt 0.160163 0.290697
vt 0.110242 0.367719
vt 0.110242 0.360919
vt 0.195435 0.360920
vt 0.200819 0.367719
vt 0.195435 0.260490
vt 0.200819 0.253691
vt 0.110289 0.260484
vt 0.110289 0.253691
s 0
usemtl books
f 471/897/239 463/898/239 466/899/239 472/900/239
f 472/900/240 465/901/240 464/902/240 471/897/240
f 463/903/241 471/904/241 473/905/241 467/906/241
f 471/904/242 464/907/242 468/908/242 473/905/242
f 467/909/243 473/910/243 474/911/243 470/912/243
f 473/910/244 468/913/244 469/914/244 474/911/244
f 478/915/245 493/916/245 489/917/245 482/918/245
f 483/919/246 479/920/246 492/921/246 488/922/246
f 485/923/247 486/924/247 487/925/247 484/926/247
f 483/927/248 488/928/248 486/929/248 485/930/248
f 481/931/249 482/918/249 489/917/249 490/932/249
f 480/933/250 481/931/250 490/932/250 491/934/250
f 479/920/251 480/933/251 491/934/251 492/921/251
f 478/915/252 477/935/252 494/936/252 493/916/252
f 477/937/253 475/938/253 496/939/253 494/940/253
f 496/941/247 475/942/247 476/943/247 495/944/247
f 475/942/254 477/945/254 505/946/254 476/943/254
f 483/947/254 485/923/254 484/926/254 499/948/254
f 486/924/255 488/949/255 519/950/255 487/925/255
f 494/951/255 496/941/255 495/944/255 513/952/255
f 487/953/256 519/954/256 520/955/256 497/956/256
f 484/957/253 487/953/253 497/956/253 498/958/253
f 499/959/257 484/957/257 498/958/257 512/960/257
f 478/961/254 482/962/254 500/963/254 504/964/254
f 479/965/254 483/966/254 499/967/254 503/968/254
f 482/962/254 481/969/254 501/970/254 500/963/254
f 481/969/254 480/971/254 502/972/254 501/970/254
f 480/971/254 479/965/254 503/968/254 502/972/254
f 477/973/254 478/961/254 504/964/254 505/974/254
f 505/975/258 504/976/258 507/977/258 506/978/258
f 502/979/259 503/980/259 508/981/259 509/982/259
f 501/983/260 502/979/260 509/982/260 510/984/260
f 500/985/261 501/983/261 510/984/261 511/986/261
f 503/980/262 499/987/262 512/988/262 508/981/262
f 504/976/263 500/985/263 511/986/263 507/977/263
f 493/989/255 494/990/255 513/991/255 514/992/255
f 492/993/255 491/994/255 516/995/255 515/996/255
f 491/994/255 490/997/255 517/998/255 516/995/255
f 490/997/255 489/999/255 518/1000/255 517/998/255
f 488/1001/255 492/993/255 515/996/255 519/1002/255
f 489/999/255 493/989/255 514/992/255 518/1000/255
f 518/1003/264 514/1004/264 525/1005/264 521/1006/264
f 519/1007/265 515/1008/265 524/1009/265 520/1010/265
f 517/1011/266 518/1003/266 521/1006/266 522/1012/266
f 516/1013/267 517/1011/267 522/1012/267 523/1014/267
f 515/1008/268 516/1013/268 523/1014/268 524/1009/268
f 514/1004/269 513/1015/269 526/1016/269 525/1005/269
f 505/1017/270 506/1018/270 527/1019/270 476/1020/270
f 476/1020/271 527/1019/271 528/1021/271 495/1022/271
f 495/1022/272 528/1021/272 526/1023/272 513/1024/272
o book09.001
v 0.420494 -0.204080 -2.999464
v 0.262324 -0.204079 -2.999464
v 0.262324 -0.206324 -2.355641
v 0.420494 -0.206320 -2.356811
v 0.420495 0.566574 -2.996777
v 0.262325 0.566574 -2.996777
v 0.262325 0.564330 -2.353025
v 0.420495 0.564330 -2.353025
v 0.341409 -0.198480 -2.993143
v 0.341409 -0.200842 -2.315580
v 0.341410 0.560931 -2.990495
v 0.341410 0.558570 -2.313099
v 0.437097 -0.213745 -3.011583
v 0.418986 -0.213745 -3.011583
v 0.437097 -0.215953 -2.378252
v 0.429474 -0.216003 -2.363777
v 0.252464 -0.215999 -2.364897
v 0.287610 -0.216130 -2.327500
v 0.340767 -0.216179 -2.313256
v 0.393925 -0.216130 -2.327500
v 0.244747 -0.215952 -2.378335
v 0.262858 -0.213745 -3.011667
v 0.244747 -0.213745 -3.011667
v 0.244748 0.584333 -3.008884
v 0.262859 0.584333 -3.008884
v 0.244748 0.582126 -2.375553
v 0.393925 0.581948 -2.324718
v 0.340768 0.581899 -2.310474
v 0.287611 0.581948 -2.324718
v 0.252464 0.582079 -2.362115
v 0.429475 0.582075 -2.360995
v 0.437098 0.582125 -2.375469
v 0.418987 0.584333 -3.008801
v 0.437098 0.584333 -3.008801
v 0.262859 0.536618 -2.971289
v 0.262858 -0.166292 -2.973740
v 0.263045 -0.215955 -2.377702
v 0.379577 -0.216098 -2.336601
v 0.340782 -0.216144 -2.323475
v 0.301986 -0.216098 -2.336601
v 0.266242 -0.215985 -2.369001
v 0.415360 -0.215985 -2.368921
v 0.418754 -0.215955 -2.377641
v 0.418754 -0.168362 -2.377475
v 0.415360 -0.168392 -2.368755
v 0.266242 -0.168392 -2.368835
v 0.301986 -0.168505 -2.336435
v 0.340782 -0.168551 -2.323309
v 0.379577 -0.168505 -2.336435
v 0.263045 -0.168362 -2.377536
v 0.419151 0.582124 -2.375191
v 0.415740 0.582093 -2.366382
v 0.265864 0.582094 -2.366463
v 0.301592 0.581980 -2.333828
v 0.340782 0.581933 -2.320412
v 0.379972 0.581980 -2.333828
v 0.262652 0.582124 -2.375252
v 0.262651 0.534582 -2.375418
v 0.379972 0.534437 -2.333994
v 0.340782 0.534391 -2.320578
v 0.301592 0.534438 -2.333994
v 0.265864 0.534551 -2.366629
v 0.415739 0.534551 -2.366548
v 0.419151 0.534582 -2.375356
v 0.419388 -0.166293 -2.973740
v 0.419389 0.536618 -2.971289
vn -0.0709 -0.9975 -0.0035
vn 0.0709 -0.9975 -0.0035
vn -0.0794 0.0035 -0.9968
vn 0.0794 0.0035 -0.9968
vn -0.0709 0.9975 0.0035
vn 0.0709 0.9975 0.0035
vn 0.7142 -0.0024 0.6999
vn -0.8672 -0.0017 0.4980
vn -0.0000 0.0035 -1.0000
vn -1.0000 -0.0000 -0.0000
vn 0.2588 -0.0034 0.9659
vn -0.2588 -0.0034 0.9659
vn -0.7287 -0.0024 0.6848
vn 0.8848 -0.0016 0.4660
vn 1.0000 -0.0000 -0.0000
vn -0.0000 -1.0000 -0.0035
vn -0.0000 1.0000 0.0035
vn 1.0000 0.0001 0.0003
vn 1.0000 0.0001 -0.0003
vn -0.9319 0.0013 -0.3627
vn 0.6716 0.0026 -0.7409
vn 0.3205 0.0033 -0.9472
vn -0.3205 0.0033 -0.9472
vn 0.9387 0.0012 -0.3448
vn -0.6703 0.0026 -0.7421
vn -0.6731 0.0026 -0.7395
vn 0.9392 0.0012 -0.3433
vn -0.3239 0.0033 -0.9461
vn 0.3239 0.0033 -0.9461
vn 0.6744 0.0026 -0.7383
vn -0.9325 0.0013 -0.3611
vn -1.0000 0.0045 -0.0007
vn -0.9999 -0.0000 0.0107
vn -1.0000 -0.0042 -0.0001
vt 0.987788 0.513359
vt 0.999239 0.512446
vt 0.999239 0.605494
vt 0.987788 0.611461
vt 0.976338 0.605664
vt 0.976338 0.512446
vt 0.975300 0.615020
vt 0.963850 0.614206
vt 0.963850 0.504252
vt 0.975300 0.503439
vt 0.952400 0.615020
vt 0.952400 0.503439
vt 0.976338 0.512470
vt 0.987788 0.513383
vt 0.976338 0.605678
vt 0.999239 0.512470
vt 0.999239 0.605678
vt 0.769831 0.742693
vt 0.769831 0.628143
vt 0.780138 0.628210
vt 0.780138 0.742721
vt 0.815484 0.742551
vt 0.811160 0.742537
vt 0.811160 0.628364
vt 0.815484 0.628301
vt 0.755507 0.675053
vt 0.755407 0.573588
vt 0.759873 0.573663
vt 0.759973 0.675052
vt 0.764902 0.618325
vt 0.764902 0.503936
vt 0.855678 0.503936
vt 0.855678 0.618325
vt 0.790495 0.742680
vt 0.790495 0.628432
vt 0.800852 0.742518
vt 0.800852 0.628345
vt 0.765106 0.742736
vt 0.765106 0.628088
vt 0.827822 0.632333
vt 0.918598 0.632333
vt 0.918598 0.746722
vt 0.827822 0.746722
vt 0.755507 0.675090
vt 0.755407 0.573607
vt 0.759874 0.573682
vt 0.759974 0.675090
vt 0.755413 0.508087
vt 0.759877 0.508121
vt 0.755407 0.743519
vt 0.759897 0.743612
vt 0.755412 0.508088
vt 0.759874 0.508135
vt 0.755407 0.743563
vt 0.759897 0.743612
vt 0.950886 0.617743
vt 0.860353 0.617743
vt 0.860353 0.610950
vt 0.945491 0.610944
vt 0.950886 0.503715
vt 0.945491 0.510514
vt 0.860306 0.503715
vt 0.860306 0.510515
vt 0.896293 0.578937
vt 0.889175 0.571962
vt 0.890972 0.569222
vt 0.897302 0.576168
vt 0.896308 0.544130
vt 0.899150 0.542690
vt 0.899100 0.546156
vt 0.897366 0.546830
vt 0.886398 0.561527
vt 0.888385 0.561534
vt 0.889175 0.551100
vt 0.890961 0.553921
vt 0.899170 0.580382
vt 0.899108 0.576848
vt 0.910359 0.540732
vt 0.910359 0.542697
vt 0.900367 0.542697
vt 0.900367 0.540733
vt 0.910360 0.570018
vt 0.910361 0.580147
vt 0.900368 0.580148
vt 0.900368 0.570019
vt 0.910360 0.561419
vt 0.900367 0.561420
vt 0.910360 0.552821
vt 0.900367 0.552821
vt 0.910361 0.582093
vt 0.900369 0.582094
vt 0.896311 0.544130
vt 0.899149 0.542690
vt 0.899097 0.546156
vt 0.897368 0.546825
vt 0.896292 0.578943
vt 0.889193 0.571967
vt 0.890981 0.569223
vt 0.897312 0.576176
vt 0.886398 0.561536
vt 0.888389 0.561530
vt 0.889172 0.551103
vt 0.890963 0.553915
vt 0.899168 0.580377
vt 0.899109 0.576864
vt 0.900367 0.552784
vt 0.900367 0.542701
vt 0.910278 0.542702
vt 0.910278 0.552784
vt 0.900367 0.582094
vt 0.900367 0.580143
vt 0.910278 0.580143
vt 0.910278 0.582094
vt 0.900367 0.561420
vt 0.910278 0.561420
vt 0.900367 0.570055
vt 0.910278 0.570055
vt 0.900367 0.540732
vt 0.910278 0.540732
vt 0.860358 0.617754
vt 0.860358 0.610954
vt 0.945551 0.610956
vt 0.950934 0.617754
vt 0.945551 0.510525
vt 0.950934 0.503726
vt 0.860405 0.510519
vt 0.860405 0.503726
s 0
usemtl books
f 537/1025/273 529/1026/273 532/1027/273 538/1028/273
f 538/1028/274 531/1029/274 530/1030/274 537/1025/274
f 529/1031/275 537/1032/275 539/1033/275 533/1034/275
f 537/1032/276 530/1035/276 534/1036/276 539/1033/276
f 533/1037/277 539/1038/277 540/1028/277 536/1039/277
f 539/1038/278 534/1040/278 535/1041/278 540/1028/278
f 544/1042/279 559/1043/279 555/1044/279 548/1045/279
f 549/1046/280 545/1047/280 558/1048/280 554/1049/280
f 551/1050/281 552/1051/281 553/1052/281 550/1053/281
f 549/1054/282 554/1055/282 552/1056/282 551/1057/282
f 547/1058/283 548/1045/283 555/1044/283 556/1059/283
f 546/1060/284 547/1058/284 556/1059/284 557/1061/284
f 545/1047/285 546/1060/285 557/1061/285 558/1048/285
f 544/1042/286 543/1062/286 560/1063/286 559/1043/286
f 543/1064/287 541/1065/287 562/1066/287 560/1067/287
f 562/1068/281 541/1069/281 542/1070/281 561/1071/281
f 541/1069/288 543/1072/288 571/1073/288 542/1070/288
f 549/1074/288 551/1050/288 550/1053/288 565/1075/288
f 552/1051/289 554/1076/289 585/1077/289 553/1052/289
f 560/1078/289 562/1068/289 561/1071/289 579/1079/289
f 553/1080/290 585/1081/290 586/1082/290 563/1083/290
f 550/1084/287 553/1080/287 563/1083/287 564/1085/287
f 565/1086/291 550/1084/291 564/1085/291 578/1087/291
f 544/1088/288 548/1089/288 566/1090/288 570/1091/288
f 545/1092/288 549/1093/288 565/1094/288 569/1095/288
f 548/1089/288 547/1096/288 567/1097/288 566/1090/288
f 547/1096/288 546/1098/288 568/1099/288 567/1097/288
f 546/1098/288 545/1092/288 569/1095/288 568/1099/288
f 543/1100/288 544/1088/288 570/1091/288 571/1101/288
f 571/1102/292 570/1103/292 573/1104/292 572/1105/292
f 568/1106/293 569/1107/293 574/1108/293 575/1109/293
f 567/1110/294 568/1106/294 575/1109/294 576/1111/294
f 566/1112/295 567/1110/295 576/1111/295 577/1113/295
f 569/1107/296 565/1114/296 578/1115/296 574/1108/296
f 570/1103/297 566/1112/297 577/1113/297 573/1104/297
f 559/1116/289 560/1117/289 579/1118/289 580/1119/289
f 558/1120/289 557/1121/289 582/1122/289 581/1123/289
f 557/1121/289 556/1124/289 583/1125/289 582/1122/289
f 556/1124/289 555/1126/289 584/1127/289 583/1125/289
f 554/1128/289 558/1120/289 581/1123/289 585/1129/289
f 555/1126/289 559/1116/289 580/1119/289 584/1127/289
f 584/1130/298 580/1131/298 591/1132/298 587/1133/298
f 585/1134/299 581/1135/299 590/1136/299 586/1137/299
f 583/1138/300 584/1130/300 587/1133/300 588/1139/300
f 582/1140/301 583/1138/301 588/1139/301 589/1141/301
f 581/1135/302 582/1140/302 589/1141/302 590/1136/302
f 580/1131/303 579/1142/303 592/1143/303 591/1132/303
f 571/1144/304 572/1145/304 593/1146/304 542/1147/304
f 542/1147/305 593/1146/305 594/1148/305 561/1149/305
f 561/1149/306 594/1148/306 592/1150/306 579/1151/306
o book08.001
v 0.222688 -0.206965 -2.998140
v 0.089339 -0.206965 -2.998140
v 0.089339 -0.205603 -2.354315
v 0.222688 -0.205606 -2.355485
v 0.222689 0.563692 -2.999769
v 0.089340 0.563692 -2.999769
v 0.089340 0.565053 -2.356015
v 0.222689 0.565053 -2.356015
v 0.156014 -0.201330 -2.991850
v 0.156014 -0.199897 -2.314285
v 0.156014 0.558084 -2.993457
v 0.156014 0.559517 -2.316058
v 0.236686 -0.216698 -3.010205
v 0.221417 -0.216698 -3.010205
v 0.236686 -0.215359 -2.376871
v 0.230259 -0.215328 -2.362396
v 0.081026 -0.215330 -2.363517
v 0.110657 -0.215251 -2.326119
v 0.155472 -0.215221 -2.311875
v 0.200288 -0.215251 -2.326119
v 0.074520 -0.215359 -2.376954
v 0.089789 -0.216698 -3.010288
v 0.074520 -0.216698 -3.010288
v 0.074521 0.581383 -3.011976
v 0.089790 0.581383 -3.011976
v 0.074521 0.582722 -2.378642
v 0.200289 0.582830 -2.327807
v 0.155473 0.582860 -2.313563
v 0.110657 0.582830 -2.327807
v 0.081026 0.582751 -2.365205
v 0.230260 0.582753 -2.364084
v 0.236687 0.582722 -2.378559
v 0.221418 0.581383 -3.011893
v 0.236687 0.581383 -3.011893
v 0.089790 0.533879 -2.974114
v 0.089789 -0.169034 -2.972628
v 0.089947 -0.215357 -2.376321
v 0.188192 -0.215270 -2.335220
v 0.155485 -0.215243 -2.322094
v 0.122777 -0.215270 -2.335220
v 0.092641 -0.215339 -2.367620
v 0.218360 -0.215339 -2.367540
v 0.221221 -0.215357 -2.376261
v 0.221221 -0.167764 -2.376361
v 0.218360 -0.167746 -2.367641
v 0.092642 -0.167746 -2.367721
v 0.122777 -0.167677 -2.335320
v 0.155485 -0.167650 -2.322195
v 0.188192 -0.167677 -2.335320
v 0.089947 -0.167764 -2.376422
v 0.221556 0.582723 -2.378280
v 0.218680 0.582742 -2.369471
v 0.092323 0.582742 -2.369552
v 0.122445 0.582811 -2.336917
v 0.155485 0.582839 -2.323502
v 0.188525 0.582811 -2.336917
v 0.089615 0.582723 -2.378341
v 0.089615 0.535180 -2.378241
v 0.188525 0.535268 -2.336817
v 0.155485 0.535296 -2.323401
v 0.122445 0.535268 -2.336817
v 0.092323 0.535199 -2.369452
v 0.218680 0.535199 -2.369371
v 0.221556 0.535180 -2.378180
v 0.221756 -0.169034 -2.972628
v 0.221757 0.533879 -2.974114
vn -0.0840 -0.9965 0.0021
vn 0.0840 -0.9965 0.0021
vn -0.0941 -0.0021 -0.9956
vn 0.0941 -0.0021 -0.9956
vn -0.0840 0.9965 -0.0021
vn 0.0840 0.9965 -0.0021
vn 0.7709 0.0013 0.6369
vn -0.9001 0.0009 0.4357
vn -0.0000 -0.0021 -1.0000
vn -1.0000 -0.0000 -0.0000
vn 0.3029 0.0020 0.9530
vn -0.3029 0.0020 0.9530
vn -0.7838 0.0013 0.6210
vn 0.9140 0.0009 0.4058
vn 1.0000 -0.0000 -0.0000
vn -0.0000 -1.0000 0.0021
vn -0.0000 1.0000 -0.0021
vn 1.0000 0.0001 0.0003
vn 1.0000 0.0001 -0.0003
vn -0.9502 -0.0007 -0.3118
vn 0.7322 -0.0014 -0.6810
vn 0.3724 -0.0020 -0.9281
vn -0.3724 -0.0020 -0.9281
vn 0.9552 -0.0006 -0.2959
vn -0.7310 -0.0014 -0.6823
vn -0.7336 -0.0014 -0.6796
vn 0.9557 -0.0006 -0.2945
vn -0.3762 -0.0020 -0.9265
vn 0.3762 -0.0020 -0.9265
vn 0.7348 -0.0014 -0.6782
vn -0.9506 -0.0007 -0.3104
vn -1.0000 0.0038 -0.0006
vn -1.0000 -0.0000 0.0090
vn -1.0000 -0.0036 -0.0000
vt 0.737521 0.513409
vt 0.748972 0.512497
vt 0.748972 0.605545
vt 0.737521 0.611511
vt 0.726071 0.605714
vt 0.726071 0.512497
vt 0.725033 0.615070
vt 0.713583 0.614256
vt 0.713583 0.504303
vt 0.725033 0.503489
vt 0.702132 0.615070
vt 0.702132 0.503489
vt 0.726071 0.512521
vt 0.737521 0.513433
vt 0.726071 0.605728
vt 0.748972 0.512521
vt 0.748972 0.605728
vt 0.519564 0.742743
vt 0.519564 0.628194
vt 0.529871 0.628261
vt 0.529871 0.742771
vt 0.565217 0.742601
vt 0.560893 0.742587
vt 0.560893 0.628414
vt 0.565217 0.628351
vt 0.505240 0.675103
vt 0.505140 0.573638
vt 0.509606 0.573713
vt 0.509706 0.675103
vt 0.514635 0.618376
vt 0.514635 0.503987
vt 0.605411 0.503987
vt 0.605411 0.618376
vt 0.540228 0.742730
vt 0.540228 0.628483
vt 0.550585 0.742568
vt 0.550585 0.628396
vt 0.514839 0.742787
vt 0.514839 0.628138
vt 0.577555 0.632383
vt 0.668331 0.632383
vt 0.668331 0.746773
vt 0.577555 0.746773
vt 0.505240 0.675141
vt 0.505140 0.573658
vt 0.509606 0.573733
vt 0.509707 0.675141
vt 0.505145 0.508138
vt 0.509610 0.508172
vt 0.505140 0.743570
vt 0.509630 0.743663
vt 0.505144 0.508138
vt 0.509607 0.508185
vt 0.505140 0.743614
vt 0.509630 0.743663
vt 0.700619 0.617793
vt 0.610086 0.617793
vt 0.610086 0.611001
vt 0.695223 0.610995
vt 0.700619 0.503765
vt 0.695223 0.510564
vt 0.610039 0.503765
vt 0.610039 0.510565
vt 0.646026 0.578987
vt 0.638907 0.572012
vt 0.640705 0.569272
vt 0.647035 0.576218
vt 0.646041 0.544180
vt 0.648883 0.542740
vt 0.648832 0.546206
vt 0.647099 0.546881
vt 0.636131 0.561578
vt 0.638118 0.561584
vt 0.638907 0.551151
vt 0.640693 0.553972
vt 0.648902 0.580433
vt 0.648841 0.576899
vt 0.660092 0.540783
vt 0.660092 0.542747
vt 0.650100 0.542747
vt 0.650100 0.540783
vt 0.660093 0.570068
vt 0.660094 0.580198
vt 0.650101 0.580198
vt 0.650101 0.570069
vt 0.660093 0.561470
vt 0.650100 0.561470
vt 0.660092 0.552871
vt 0.650100 0.552871
vt 0.660094 0.582144
vt 0.650101 0.582144
vt 0.646044 0.544180
vt 0.648882 0.542740
vt 0.648830 0.546206
vt 0.647101 0.546875
vt 0.646025 0.578993
vt 0.638926 0.572017
vt 0.640714 0.569273
vt 0.647045 0.576226
vt 0.636131 0.561586
vt 0.638122 0.561580
vt 0.638905 0.551153
vt 0.640696 0.553965
vt 0.648901 0.580427
vt 0.648842 0.576914
vt 0.650100 0.552834
vt 0.650100 0.542752
vt 0.660011 0.542752
vt 0.660011 0.552834
vt 0.650100 0.582144
vt 0.650100 0.580193
vt 0.660011 0.580193
vt 0.660011 0.582144
vt 0.650100 0.561470
vt 0.660011 0.561470
vt 0.650100 0.570105
vt 0.660011 0.570105
vt 0.650100 0.540783
vt 0.660011 0.540783
vt 0.610091 0.617805
vt 0.610091 0.611005
vt 0.695284 0.611006
vt 0.700667 0.617805
vt 0.695284 0.510575
vt 0.700667 0.503776
vt 0.610138 0.510569
vt 0.610138 0.503776
s 0
usemtl books
f 603/1152/307 595/1153/307 598/1154/307 604/1155/307
f 604/1155/308 597/1156/308 596/1157/308 603/1152/308
f 595/1158/309 603/1159/309 605/1160/309 599/1161/309
f 603/1159/310 596/1162/310 600/1163/310 605/1160/310
f 599/1164/311 605/1165/311 606/1155/311 602/1166/311
f 605/1165/312 600/1167/312 601/1168/312 606/1155/312
f 610/1169/313 625/1170/313 621/1171/313 614/1172/313
f 615/1173/314 611/1174/314 624/1175/314 620/1176/314
f 617/1177/315 618/1178/315 619/1179/315 616/1180/315
f 615/1181/316 620/1182/316 618/1183/316 617/1184/316
f 613/1185/317 614/1172/317 621/1171/317 622/1186/317
f 612/1187/318 613/1185/318 622/1186/318 623/1188/318
f 611/1174/319 612/1187/319 623/1188/319 624/1175/319
f 610/1169/320 609/1189/320 626/1190/320 625/1170/320
f 609/1191/321 607/1192/321 628/1193/321 626/1194/321
f 628/1195/315 607/1196/315 608/1197/315 627/1198/315
f 607/1196/322 609/1199/322 637/1200/322 608/1197/322
f 615/1201/322 617/1177/322 616/1180/322 631/1202/322
f 618/1178/323 620/1203/323 651/1204/323 619/1179/323
f 626/1205/323 628/1195/323 627/1198/323 645/1206/323
f 619/1207/324 651/1208/324 652/1209/324 629/1210/324
f 616/1211/321 619/1207/321 629/1210/321 630/1212/321
f 631/1213/325 616/1211/325 630/1212/325 644/1214/325
f 610/1215/322 614/1216/322 632/1217/322 636/1218/322
f 611/1219/322 615/1220/322 631/1221/322 635/1222/322
f 614/1216/322 613/1223/322 633/1224/322 632/1217/322
f 613/1223/322 612/1225/322 634/1226/322 633/1224/322
f 612/1225/322 611/1219/322 635/1222/322 634/1226/322
f 609/1227/322 610/1215/322 636/1218/322 637/1228/322
f 637/1229/326 636/1230/326 639/1231/326 638/1232/326
f 634/1233/327 635/1234/327 640/1235/327 641/1236/327
f 633/1237/328 634/1233/328 641/1236/328 642/1238/328
f 632/1239/329 633/1237/329 642/1238/329 643/1240/329
f 635/1234/330 631/1241/330 644/1242/330 640/1235/330
f 636/1230/331 632/1239/331 643/1240/331 639/1231/331
f 625/1243/323 626/1244/323 645/1245/323 646/1246/323
f 624/1247/323 623/1248/323 648/1249/323 647/1250/323
f 623/1248/323 622/1251/323 649/1252/323 648/1249/323
f 622/1251/323 621/1253/323 650/1254/323 649/1252/323
f 620/1255/323 624/1247/323 647/1250/323 651/1256/323
f 621/1253/323 625/1243/323 646/1246/323 650/1254/323
f 650/1257/332 646/1258/332 657/1259/332 653/1260/332
f 651/1261/333 647/1262/333 656/1263/333 652/1264/333
f 649/1265/334 650/1257/334 653/1260/334 654/1266/334
f 648/1267/335 649/1265/335 654/1266/335 655/1268/335
f 647/1262/336 648/1267/336 655/1268/336 656/1263/336
f 646/1258/337 645/1269/337 658/1270/337 657/1259/337
f 637/1271/338 638/1272/338 659/1273/338 608/1274/338
f 608/1274/339 659/1273/339 660/1275/339 627/1276/339
f 627/1276/340 660/1275/340 658/1277/340 645/1278/340
o book07.001
v 0.056263 -0.208042 -2.881559
v -0.070582 -0.208042 -2.881559
v -0.070582 -0.208519 -2.365239
v 0.056263 -0.208518 -2.366177
v 0.056264 0.409992 -2.880988
v -0.070581 0.409993 -2.880988
v -0.070581 0.409515 -2.364724
v 0.056264 0.409515 -2.364724
v -0.007159 -0.203538 -2.876502
v -0.007159 -0.204041 -2.333123
v -0.007159 0.405480 -2.875939
v -0.007159 0.404978 -2.332694
v 0.069578 -0.215818 -2.891259
v 0.055054 -0.215818 -2.891259
v 0.069578 -0.216288 -2.383352
v 0.063465 -0.216298 -2.371743
v -0.078490 -0.216297 -2.372642
v -0.050304 -0.216325 -2.342650
v -0.007674 -0.216336 -2.331228
v 0.034956 -0.216325 -2.342650
v -0.084678 -0.216287 -2.383418
v -0.070154 -0.215818 -2.891326
v -0.084678 -0.215818 -2.891326
v -0.084677 0.424210 -2.890734
v -0.070153 0.424210 -2.890734
v -0.084677 0.423740 -2.382827
v 0.034956 0.423702 -2.342059
v -0.007673 0.423692 -2.330636
v -0.050303 0.423702 -2.342059
v -0.078489 0.423730 -2.372051
v 0.063465 0.423729 -2.371152
v 0.069579 0.423740 -2.382760
v 0.055055 0.424209 -2.890667
v 0.069579 0.424209 -2.890667
v -0.070153 0.386021 -2.860486
v -0.070154 -0.177685 -2.861007
v -0.070004 -0.216288 -2.382911
v 0.023450 -0.216318 -2.349949
v -0.007663 -0.216328 -2.339423
v -0.038775 -0.216318 -2.349949
v -0.067440 -0.216294 -2.375933
v 0.052146 -0.216294 -2.375869
v 0.054868 -0.216288 -2.382862
v 0.054868 -0.178120 -2.382827
v 0.052146 -0.178127 -2.375834
v -0.067440 -0.178127 -2.375898
v -0.038775 -0.178151 -2.349914
v -0.007663 -0.178160 -2.339388
v 0.023450 -0.178151 -2.349914
v -0.070004 -0.178120 -2.382875
v 0.055186 0.423740 -2.382536
v 0.052450 0.423733 -2.375472
v -0.067743 0.423733 -2.375537
v -0.039091 0.423709 -2.349365
v -0.007662 0.423699 -2.338606
v 0.023766 0.423709 -2.349365
v -0.070320 0.423740 -2.382586
v -0.070320 0.385613 -2.382621
v 0.023766 0.385582 -2.349401
v -0.007662 0.385572 -2.338642
v -0.039091 0.385582 -2.349401
v -0.067743 0.385606 -2.375572
v 0.052450 0.385606 -2.375507
v 0.055186 0.385612 -2.382572
v 0.055376 -0.177685 -2.861007
v 0.055377 0.386021 -2.860486
vn -0.0709 -0.9975 -0.0009
vn 0.0709 -0.9975 -0.0009
vn -0.0794 0.0009 -0.9968
vn 0.0794 0.0009 -0.9968
vn -0.0709 0.9975 0.0009
vn 0.0709 0.9975 0.0009
vn 0.7142 -0.0006 0.6999
vn -0.8672 -0.0005 0.4980
vn -0.0000 0.0009 -1.0000
vn -1.0000 -0.0000 -0.0000
vn 0.2588 -0.0009 0.9659
vn -0.2588 -0.0009 0.9659
vn -0.7287 -0.0006 0.6848
vn 0.8848 -0.0004 0.4660
vn 1.0000 -0.0000 -0.0000
vn -0.0000 -1.0000 -0.0009
vn -0.0000 1.0000 0.0009
vn 1.0000 0.0001 0.0003
vn 1.0000 0.0001 -0.0003
vn -0.9319 0.0003 -0.3627
vn 0.6716 0.0007 -0.7409
vn 0.3205 0.0009 -0.9473
vn -0.3205 0.0009 -0.9473
vn 0.9387 0.0003 -0.3448
vn -0.6703 0.0007 -0.7421
vn -0.6731 0.0007 -0.7395
vn 0.9392 0.0003 -0.3433
vn -0.3239 0.0009 -0.9461
vn 0.3239 0.0009 -0.9461
vn 0.6744 0.0007 -0.7383
vn -0.9325 0.0003 -0.3611
vn -1.0000 0.0045 -0.0007
vn -0.9999 -0.0000 0.0107
vn -1.0000 -0.0042 -0.0001
vt 0.487558 0.513335
vt 0.499008 0.512423
vt 0.499008 0.605471
vt 0.487558 0.611437
vt 0.476108 0.605640
vt 0.476108 0.512423
vt 0.475070 0.614996
vt 0.463620 0.614182
vt 0.463620 0.504229
vt 0.475070 0.503415
vt 0.452169 0.614996
vt 0.452169 0.503415
vt 0.476108 0.512447
vt 0.487558 0.513359
vt 0.487558 0.611437
vt 0.476108 0.605654
vt 0.499008 0.512447
vt 0.499008 0.605654
vt 0.269601 0.742669
vt 0.269601 0.628120
vt 0.279908 0.628187
vt 0.279908 0.742697
vt 0.315254 0.742527
vt 0.310930 0.742513
vt 0.310930 0.628340
vt 0.315254 0.628277
vt 0.255277 0.675029
vt 0.255176 0.573564
vt 0.259642 0.573639
vt 0.259743 0.675029
vt 0.264672 0.618302
vt 0.264672 0.503913
vt 0.355448 0.503913
vt 0.355448 0.618302
vt 0.290265 0.742656
vt 0.290265 0.628409
vt 0.300622 0.742494
vt 0.300622 0.628322
vt 0.264876 0.742713
vt 0.264876 0.628064
vt 0.327592 0.632309
vt 0.418367 0.632309
vt 0.418367 0.746698
vt 0.327592 0.746698
vt 0.255277 0.675067
vt 0.255176 0.573584
vt 0.259643 0.573659
vt 0.259744 0.675067
vt 0.255182 0.508064
vt 0.259647 0.508098
vt 0.255176 0.743496
vt 0.259666 0.743589
vt 0.255181 0.508064
vt 0.259644 0.508111
vt 0.255176 0.743540
vt 0.259667 0.743589
vt 0.450655 0.617719
vt 0.360123 0.617719
vt 0.360123 0.610927
vt 0.445260 0.610921
vt 0.450655 0.503691
vt 0.445260 0.510490
vt 0.360076 0.503691
vt 0.360076 0.510491
vt 0.396063 0.578913
vt 0.388944 0.571938
vt 0.390742 0.569198
vt 0.397072 0.576144
vt 0.396078 0.544106
vt 0.398919 0.542666
vt 0.398869 0.546132
vt 0.397135 0.546807
vt 0.386168 0.561504
vt 0.388155 0.561510
vt 0.388944 0.551077
vt 0.390730 0.553898
vt 0.398939 0.580359
vt 0.398877 0.576824
vt 0.410129 0.540708
vt 0.410129 0.542673
vt 0.400136 0.542673
vt 0.400136 0.540709
vt 0.410130 0.569994
vt 0.410131 0.580124
vt 0.400138 0.580124
vt 0.400138 0.569995
vt 0.410130 0.561396
vt 0.400137 0.561396
vt 0.410129 0.552797
vt 0.400137 0.552797
vt 0.410131 0.582070
vt 0.400138 0.582070
vt 0.396081 0.544106
vt 0.398919 0.542666
vt 0.398867 0.546132
vt 0.397138 0.546801
vt 0.396062 0.578919
vt 0.388963 0.571943
vt 0.390750 0.569199
vt 0.397082 0.576152
vt 0.386168 0.561512
vt 0.388159 0.561506
vt 0.388942 0.551079
vt 0.390733 0.553891
vt 0.398938 0.580353
vt 0.398879 0.576840
vt 0.400137 0.552760
vt 0.400137 0.542678
vt 0.410048 0.542678
vt 0.410048 0.552760
vt 0.400136 0.582070
vt 0.400136 0.580119
vt 0.410048 0.580119
vt 0.410048 0.582070
vt 0.400136 0.561396
vt 0.410048 0.561396
vt 0.400136 0.570031
vt 0.410048 0.570031
vt 0.400137 0.540708
vt 0.410048 0.540709
vt 0.360127 0.617731
vt 0.360127 0.610931
vt 0.445321 0.610932
vt 0.450704 0.617731
vt 0.445321 0.510501
vt 0.450704 0.503702
vt 0.360175 0.510495
vt 0.360175 0.503702
s 0
usemtl books
f 669/1279/341 661/1280/341 664/1281/341 670/1282/341
f 670/1282/342 663/1283/342 662/1284/342 669/1279/342
f 661/1285/343 669/1286/343 671/1287/343 665/1288/343
f 669/1286/344 662/1289/344 666/1290/344 671/1287/344
f 665/1291/345 671/1292/345 672/1293/345 668/1294/345
f 671/1292/346 666/1295/346 667/1296/346 672/1293/346
f 676/1297/347 691/1298/347 687/1299/347 680/1300/347
f 681/1301/348 677/1302/348 690/1303/348 686/1304/348
f 683/1305/349 684/1306/349 685/1307/349 682/1308/349
f 681/1309/350 686/1310/350 684/1311/350 683/1312/350
f 679/1313/351 680/1300/351 687/1299/351 688/1314/351
f 678/1315/352 679/1313/352 688/1314/352 689/1316/352
f 677/1302/353 678/1315/353 689/1316/353 690/1303/353
f 676/1297/354 675/1317/354 692/1318/354 691/1298/354
f 675/1319/355 673/1320/355 694/1321/355 692/1322/355
f 694/1323/349 673/1324/349 674/1325/349 693/1326/349
f 673/1324/356 675/1327/356 703/1328/356 674/1325/356
f 681/1329/356 683/1305/356 682/1308/356 697/1330/356
f 684/1306/357 686/1331/357 717/1332/357 685/1307/357
f 692/1333/357 694/1323/357 693/1326/357 711/1334/357
f 685/1335/358 717/1336/358 718/1337/358 695/1338/358
f 682/1339/355 685/1335/355 695/1338/355 696/1340/355
f 697/1341/359 682/1339/359 696/1340/359 710/1342/359
f 676/1343/356 680/1344/356 698/1345/356 702/1346/356
f 677/1347/356 681/1348/356 697/1349/356 701/1350/356
f 680/1344/356 679/1351/356 699/1352/356 698/1345/356
f 679/1351/356 678/1353/356 700/1354/356 699/1352/356
f 678/1353/356 677/1347/356 701/1350/356 700/1354/356
f 675/1355/356 676/1343/356 702/1346/356 703/1356/356
f 703/1357/360 702/1358/360 705/1359/360 704/1360/360
f 700/1361/361 701/1362/361 706/1363/361 707/1364/361
f 699/1365/362 700/1361/362 707/1364/362 708/1366/362
f 698/1367/363 699/1365/363 708/1366/363 709/1368/363
f 701/1362/364 697/1369/364 710/1370/364 706/1363/364
f 702/1358/365 698/1367/365 709/1368/365 705/1359/365
f 691/1371/357 692/1372/357 711/1373/357 712/1374/357
f 690/1375/357 689/1376/357 714/1377/357 713/1378/357
f 689/1376/357 688/1379/357 715/1380/357 714/1377/357
f 688/1379/357 687/1381/357 716/1382/357 715/1380/357
f 686/1383/357 690/1375/357 713/1378/357 717/1384/357
f 687/1381/357 691/1371/357 712/1374/357 716/1382/357
f 716/1385/366 712/1386/366 723/1387/366 719/1388/366
f 717/1389/367 713/1390/367 722/1391/367 718/1392/367
f 715/1393/368 716/1385/368 719/1388/368 720/1394/368
f 714/1395/369 715/1393/369 720/1394/369 721/1396/369
f 713/1390/370 714/1395/370 721/1396/370 722/1391/370
f 712/1386/371 711/1397/371 724/1398/371 723/1387/371
f 703/1399/372 704/1400/372 725/1401/372 674/1402/372
f 674/1402/373 725/1401/373 726/1403/373 693/1404/373
f 693/1404/374 726/1403/374 724/1405/374 711/1406/374
o book06.001
v -0.110847 -0.215762 -2.996524
v -0.302851 -0.215762 -2.996524
v -0.302851 -0.217879 -2.352701
v -0.110847 -0.217875 -2.353871
v -0.110846 0.554892 -2.993990
v -0.302851 0.554892 -2.993990
v -0.302851 0.552776 -2.350237
v -0.110846 0.552776 -2.350237
v -0.206849 -0.210162 -2.990204
v -0.206849 -0.212389 -2.312641
v -0.206848 0.549250 -2.987707
v -0.206848 0.547023 -2.310311
v -0.090693 -0.225430 -3.008641
v -0.112677 -0.225430 -3.008641
v -0.090693 -0.227512 -2.375309
v -0.099947 -0.227560 -2.360835
v -0.314821 -0.227556 -2.361955
v -0.272157 -0.227679 -2.324557
v -0.207628 -0.227726 -2.310314
v -0.143100 -0.227679 -2.324557
v -0.324188 -0.227512 -2.375393
v -0.302204 -0.225430 -3.008725
v -0.324188 -0.225430 -3.008725
v -0.324187 0.572649 -3.006101
v -0.302203 0.572649 -3.006101
v -0.324187 0.570567 -2.372769
v -0.143099 0.570399 -2.321934
v -0.207628 0.570353 -2.307690
v -0.272156 0.570400 -2.321934
v -0.314820 0.570523 -2.359331
v -0.099946 0.570519 -2.358211
v -0.090692 0.570566 -2.372685
v -0.112676 0.572649 -3.006018
v -0.090692 0.572649 -3.006018
v -0.302203 0.524941 -2.968496
v -0.302204 -0.177970 -2.970807
v -0.301976 -0.227514 -2.374759
v -0.160517 -0.227649 -2.333658
v -0.207611 -0.227692 -2.320533
v -0.254705 -0.227649 -2.333658
v -0.298096 -0.227542 -2.366059
v -0.117079 -0.227543 -2.365978
v -0.112959 -0.227514 -2.374699
v -0.112959 -0.179921 -2.374542
v -0.117079 -0.179950 -2.365822
v -0.298096 -0.179950 -2.365902
v -0.254705 -0.180056 -2.333502
v -0.207611 -0.180099 -2.320376
v -0.160517 -0.180056 -2.333502
v -0.301976 -0.179921 -2.374603
v -0.112478 0.570565 -2.372407
v -0.116619 0.570536 -2.363598
v -0.298554 0.570537 -2.363679
v -0.255184 0.570430 -2.331044
v -0.207610 0.570385 -2.317628
v -0.160037 0.570429 -2.331044
v -0.302454 0.570566 -2.372468
v -0.302454 0.523023 -2.372624
v -0.160037 0.522887 -2.331201
v -0.207610 0.522843 -2.317785
v -0.255184 0.522887 -2.331201
v -0.298554 0.522994 -2.363835
v -0.116619 0.522994 -2.363754
v -0.112478 0.523023 -2.372563
v -0.112190 -0.177970 -2.970807
v -0.112189 0.524941 -2.968496
vn -0.0585 -0.9983 -0.0033
vn 0.0585 -0.9983 -0.0033
vn -0.0655 0.0033 -0.9978
vn 0.0655 0.0033 -0.9978
vn -0.0585 0.9983 0.0033
vn 0.0585 0.9983 0.0033
vn 0.6435 -0.0025 0.7655
vn -0.8204 -0.0019 0.5718
vn -0.0000 0.0033 -1.0000
vn -1.0000 -0.0000 -0.0000
vn 0.2155 -0.0032 0.9765
vn -0.2155 -0.0032 0.9765
vn -0.6592 -0.0025 0.7520
vn 0.8425 -0.0018 0.5386
vn 1.0000 -0.0000 -0.0000
vn -0.0000 -1.0000 -0.0033
vn -0.0000 1.0000 0.0033
vn 1.0000 0.0002 0.0004
vn 1.0000 0.0001 -0.0004
vn -0.9042 0.0014 -0.4272
vn 0.5983 0.0026 -0.8013
vn 0.2685 0.0032 -0.9633
vn -0.2685 0.0032 -0.9633
vn 0.9133 0.0013 -0.4073
vn -0.5969 0.0026 -0.8023
vn -0.5999 0.0026 -0.8001
vn 0.9141 0.0013 -0.4056
vn -0.2714 0.0032 -0.9625
vn 0.2714 0.0032 -0.9625
vn 0.6013 0.0026 -0.7991
vn -0.9050 0.0014 -0.4254
vn -1.0000 0.0055 -0.0008
vn -0.9999 -0.0000 0.0129
vn -1.0000 -0.0052 -0.0001
vt 0.237744 0.513240
vt 0.249194 0.512328
vt 0.249194 0.605376
vt 0.237744 0.611343
vt 0.226293 0.605545
vt 0.226293 0.512328
vt 0.225256 0.614901
vt 0.213805 0.614087
vt 0.213805 0.504134
vt 0.225256 0.503320
vt 0.202355 0.614901
vt 0.202355 0.503320
vt 0.226293 0.512352
vt 0.237743 0.513264
vt 0.237743 0.611343
vt 0.226293 0.605559
vt 0.249194 0.512352
vt 0.249194 0.605559
vt 0.019786 0.742574
vt 0.019786 0.628025
vt 0.030093 0.628092
vt 0.030093 0.742602
vt 0.065439 0.742432
vt 0.061116 0.742418
vt 0.061116 0.628245
vt 0.065439 0.628183
vt 0.005463 0.674934
vt 0.005362 0.573469
vt 0.009828 0.573544
vt 0.009929 0.674934
vt 0.014858 0.618207
vt 0.014858 0.503818
vt 0.105634 0.503818
vt 0.105634 0.618207
vt 0.040450 0.742561
vt 0.040450 0.628314
vt 0.050807 0.742399
vt 0.050807 0.628227
vt 0.015061 0.742618
vt 0.015062 0.627970
vt 0.077777 0.632214
vt 0.168553 0.632214
vt 0.168553 0.746604
vt 0.077777 0.746604
vt 0.005463 0.674972
vt 0.005362 0.573489
vt 0.009829 0.573564
vt 0.009929 0.674972
vt 0.005368 0.507969
vt 0.009832 0.508003
vt 0.005362 0.743401
vt 0.009852 0.743494
vt 0.005367 0.507969
vt 0.009829 0.508016
vt 0.005362 0.743445
vt 0.009853 0.743494
vt 0.200841 0.617624
vt 0.110309 0.617624
vt 0.110309 0.610832
vt 0.195446 0.610826
vt 0.200841 0.503596
vt 0.195446 0.510395
vt 0.110261 0.503596
vt 0.110261 0.510396
vt 0.146248 0.578819
vt 0.139130 0.571843
vt 0.140927 0.569103
vt 0.147258 0.576049
vt 0.146264 0.544011
vt 0.149105 0.542571
vt 0.149055 0.546037
vt 0.147321 0.546712
vt 0.136354 0.561409
vt 0.138340 0.561415
vt 0.139130 0.550982
vt 0.140916 0.553803
vt 0.149125 0.580264
vt 0.149063 0.576730
vt 0.160314 0.540614
vt 0.160314 0.542578
vt 0.150322 0.542579
vt 0.150322 0.540614
vt 0.160316 0.569900
vt 0.160316 0.580029
vt 0.150324 0.580029
vt 0.150323 0.569900
vt 0.160315 0.561301
vt 0.150323 0.561301
vt 0.160315 0.552702
vt 0.150322 0.552702
vt 0.160316 0.581975
vt 0.150324 0.581975
vt 0.146267 0.544011
vt 0.149104 0.542571
vt 0.149052 0.546037
vt 0.147324 0.546706
vt 0.146247 0.578824
vt 0.139148 0.571848
vt 0.140936 0.569105
vt 0.147267 0.576057
vt 0.136353 0.561417
vt 0.138344 0.561411
vt 0.139127 0.550984
vt 0.140918 0.553796
vt 0.149123 0.580258
vt 0.149064 0.576746
vt 0.150322 0.552665
vt 0.150322 0.542583
vt 0.160234 0.542583
vt 0.160234 0.552666
vt 0.150322 0.581975
vt 0.150322 0.580024
vt 0.160233 0.580024
vt 0.160233 0.581975
vt 0.150322 0.561301
vt 0.160233 0.561301
vt 0.150322 0.569937
vt 0.160233 0.569937
vt 0.150322 0.540614
vt 0.160234 0.540614
vt 0.110313 0.617636
vt 0.110313 0.610836
vt 0.195506 0.610837
vt 0.200890 0.617636
vt 0.195506 0.510406
vt 0.200890 0.503608
vt 0.110360 0.510400
vt 0.110360 0.503608
s 0
usemtl books
f 735/1407/375 727/1408/375 730/1409/375 736/1410/375
f 736/1410/376 729/1411/376 728/1412/376 735/1407/376
f 727/1413/377 735/1414/377 737/1415/377 731/1416/377
f 735/1414/378 728/1417/378 732/1418/378 737/1415/378
f 731/1419/379 737/1420/379 738/1421/379 734/1422/379
f 737/1420/380 732/1423/380 733/1424/380 738/1421/380
f 742/1425/381 757/1426/381 753/1427/381 746/1428/381
f 747/1429/382 743/1430/382 756/1431/382 752/1432/382
f 749/1433/383 750/1434/383 751/1435/383 748/1436/383
f 747/1437/384 752/1438/384 750/1439/384 749/1440/384
f 745/1441/385 746/1428/385 753/1427/385 754/1442/385
f 744/1443/386 745/1441/386 754/1442/386 755/1444/386
f 743/1430/387 744/1443/387 755/1444/387 756/1431/387
f 742/1425/388 741/1445/388 758/1446/388 757/1426/388
f 741/1447/389 739/1448/389 760/1449/389 758/1450/389
f 760/1451/383 739/1452/383 740/1453/383 759/1454/383
f 739/1452/390 741/1455/390 769/1456/390 740/1453/390
f 747/1457/390 749/1433/390 748/1436/390 763/1458/390
f 750/1434/391 752/1459/391 783/1460/391 751/1435/391
f 758/1461/391 760/1451/391 759/1454/391 777/1462/391
f 751/1463/392 783/1464/392 784/1465/392 761/1466/392
f 748/1467/389 751/1463/389 761/1466/389 762/1468/389
f 763/1469/393 748/1467/393 762/1468/393 776/1470/393
f 742/1471/390 746/1472/390 764/1473/390 768/1474/390
f 743/1475/390 747/1476/390 763/1477/390 767/1478/390
f 746/1472/390 745/1479/390 765/1480/390 764/1473/390
f 745/1479/390 744/1481/390 766/1482/390 765/1480/390
f 744/1481/390 743/1475/390 767/1478/390 766/1482/390
f 741/1483/390 742/1471/390 768/1474/390 769/1484/390
f 769/1485/394 768/1486/394 771/1487/394 770/1488/394
f 766/1489/395 767/1490/395 772/1491/395 773/1492/395
f 765/1493/396 766/1489/396 773/1492/396 774/1494/396
f 764/1495/397 765/1493/397 774/1494/397 775/1496/397
f 767/1490/398 763/1497/398 776/1498/398 772/1491/398
f 768/1486/399 764/1495/399 775/1496/399 771/1487/399
f 757/1499/391 758/1500/391 777/1501/391 778/1502/391
f 756/1503/391 755/1504/391 780/1505/391 779/1506/391
f 755/1504/391 754/1507/391 781/1508/391 780/1505/391
f 754/1507/391 753/1509/391 782/1510/391 781/1508/391
f 752/1511/391 756/1503/391 779/1506/391 783/1512/391
f 753/1509/391 757/1499/391 778/1502/391 782/1510/391
f 782/1513/400 778/1514/400 789/1515/400 785/1516/400
f 783/1517/401 779/1518/401 788/1519/401 784/1520/401
f 781/1521/402 782/1513/402 785/1516/402 786/1522/402
f 780/1523/403 781/1521/403 786/1522/403 787/1524/403
f 779/1518/404 780/1523/404 787/1524/404 788/1519/404
f 778/1514/405 777/1525/405 790/1526/405 789/1515/405
f 769/1527/406 770/1528/406 791/1529/406 740/1530/406
f 740/1530/407 791/1529/407 792/1531/407 759/1532/407
f 759/1532/408 792/1531/408 790/1533/408 777/1534/408
o book05.001
v -0.344515 -0.236236 -3.009070
v -0.502685 -0.236235 -3.009070
v -0.502685 -0.230913 -2.365267
v -0.344515 -0.230923 -2.366436
v -0.344514 0.534397 -3.015441
v -0.502684 0.534397 -3.015441
v -0.502684 0.539718 -2.371707
v -0.344514 0.539718 -2.371707
v -0.423600 -0.230562 -3.002816
v -0.423600 -0.224961 -2.325273
v -0.423599 0.528828 -3.009094
v -0.423599 0.534427 -2.331717
v -0.327912 -0.246043 -3.021076
v -0.346022 -0.246043 -3.021076
v -0.327912 -0.240807 -2.387762
v -0.335535 -0.240688 -2.373288
v -0.512545 -0.240697 -2.374408
v -0.477399 -0.240388 -2.337011
v -0.424242 -0.240270 -2.322768
v -0.371084 -0.240388 -2.337011
v -0.520261 -0.240808 -2.387845
v -0.502151 -0.246043 -3.021159
v -0.520261 -0.246043 -3.021159
v -0.520261 0.552012 -3.027756
v -0.502150 0.552012 -3.027756
v -0.520261 0.557248 -2.394442
v -0.371083 0.557668 -2.343609
v -0.424241 0.557786 -2.329365
v -0.477398 0.557668 -2.343609
v -0.512544 0.557359 -2.381006
v -0.335534 0.557368 -2.379885
v -0.327911 0.557248 -2.394359
v -0.346021 0.552013 -3.027673
v -0.327911 0.552013 -3.027673
v -0.502150 0.504742 -2.989603
v -0.502151 -0.198149 -2.983793
v -0.501964 -0.240803 -2.387212
v -0.385432 -0.240463 -2.346112
v -0.424227 -0.240355 -2.332987
v -0.463022 -0.240463 -2.346112
v -0.498767 -0.240731 -2.378512
v -0.349649 -0.240730 -2.378432
v -0.346255 -0.240802 -2.387151
v -0.346254 -0.193211 -2.387545
v -0.349648 -0.193139 -2.378825
v -0.498767 -0.193139 -2.378905
v -0.463022 -0.192871 -2.346506
v -0.424227 -0.192763 -2.333381
v -0.385432 -0.192871 -2.346506
v -0.501964 -0.193211 -2.387606
v -0.345858 0.557250 -2.394080
v -0.349269 0.557323 -2.385272
v -0.499145 0.557323 -2.385353
v -0.463417 0.557593 -2.352719
v -0.424227 0.557703 -2.339304
v -0.385037 0.557592 -2.352719
v -0.502357 0.557250 -2.394142
v -0.502357 0.509709 -2.393749
v -0.385037 0.510051 -2.352326
v -0.424227 0.510162 -2.338911
v -0.463417 0.510051 -2.352326
v -0.499145 0.509782 -2.384960
v -0.349269 0.509782 -2.384879
v -0.345858 0.509709 -2.393687
v -0.345621 -0.198149 -2.983793
v -0.345620 0.504742 -2.989603
vn -0.0709 -0.9974 0.0082
vn 0.0709 -0.9974 0.0082
vn -0.0794 -0.0082 -0.9968
vn 0.0794 -0.0082 -0.9968
vn -0.0709 0.9974 -0.0082
vn 0.0709 0.9974 -0.0082
vn 0.7142 0.0058 0.6999
vn -0.8672 0.0041 0.4980
vn -0.0000 -0.0083 -1.0000
vn -1.0000 -0.0000 -0.0000
vn 0.2588 0.0080 0.9659
vn -0.2588 0.0080 0.9659
vn -0.7287 0.0057 0.6848
vn 0.8848 0.0039 0.4660
vn 1.0000 -0.0000 -0.0000
vn -0.0000 -1.0000 0.0083
vn -0.0000 1.0000 -0.0083
vn 1.0000 0.0001 0.0003
vn 1.0000 0.0001 -0.0003
vn -0.9319 -0.0030 -0.3627
vn 0.6716 -0.0061 -0.7409
vn 0.3205 -0.0078 -0.9472
vn -0.3205 -0.0078 -0.9472
vn 0.9387 -0.0029 -0.3448
vn -0.6703 -0.0061 -0.7421
vn -0.6731 -0.0061 -0.7395
vn 0.9392 -0.0028 -0.3433
vn -0.3239 -0.0078 -0.9461
vn 0.3239 -0.0078 -0.9461
vn 0.6744 -0.0061 -0.7383
vn -0.9325 -0.0030 -0.3611
vn -1.0000 0.0045 -0.0007
vn -0.9999 0.0001 0.0107
vn -1.0000 -0.0042 -0.0000
vt 0.987609 0.763451
vt 0.999059 0.762539
vt 0.999059 0.855587
vt 0.987609 0.861554
vt 0.976158 0.855757
vt 0.976158 0.762539
vt 0.975121 0.865112
vt 0.963670 0.864299
vt 0.963670 0.754345
vt 0.975121 0.753531
vt 0.952220 0.865112
vt 0.952220 0.753531
vt 0.976158 0.762563
vt 0.987609 0.763476
vt 0.987609 0.861554
vt 0.976158 0.855770
vt 0.999059 0.762563
vt 0.999059 0.855770
vt 0.769652 0.992785
vt 0.769652 0.878236
vt 0.779959 0.878303
vt 0.779959 0.992814
vt 0.815305 0.992644
vt 0.810981 0.992630
vt 0.810981 0.878457
vt 0.815305 0.878394
vt 0.755328 0.925146
vt 0.755227 0.823681
vt 0.759693 0.823756
vt 0.759794 0.925145
vt 0.764723 0.868418
vt 0.764723 0.754029
vt 0.855499 0.754029
vt 0.855499 0.868418
vt 0.790316 0.992773
vt 0.790316 0.878525
vt 0.800673 0.992611
vt 0.800673 0.878438
vt 0.764927 0.992829
vt 0.764927 0.878181
vt 0.827642 0.882426
vt 0.918418 0.882426
vt 0.918418 0.996815
vt 0.827642 0.996815
vt 0.755328 0.925183
vt 0.755227 0.823700
vt 0.759694 0.823775
vt 0.759795 0.925183
vt 0.755233 0.758180
vt 0.759697 0.758214
vt 0.755227 0.993612
vt 0.759717 0.993705
vt 0.755232 0.758180
vt 0.759694 0.758228
vt 0.755227 0.993656
vt 0.759718 0.993705
vt 0.950706 0.867836
vt 0.860174 0.867836
vt 0.860174 0.861043
vt 0.945311 0.861037
vt 0.950706 0.753808
vt 0.945311 0.760607
vt 0.860126 0.753808
vt 0.860126 0.760608
vt 0.896114 0.829030
vt 0.888995 0.822055
vt 0.890793 0.819315
vt 0.897123 0.826261
vt 0.896129 0.794223
vt 0.898970 0.792783
vt 0.898920 0.796249
vt 0.897186 0.796923
vt 0.886219 0.811620
vt 0.888206 0.811627
vt 0.888995 0.801193
vt 0.890781 0.804014
vt 0.898990 0.830475
vt 0.898928 0.826941
vt 0.910179 0.790825
vt 0.910180 0.792790
vt 0.900187 0.792790
vt 0.900187 0.790825
vt 0.910181 0.820111
vt 0.910181 0.830240
vt 0.900189 0.830241
vt 0.900188 0.820112
vt 0.910180 0.811512
vt 0.900188 0.811513
vt 0.910180 0.802913
vt 0.900188 0.802914
vt 0.910182 0.832186
vt 0.900189 0.832187
vt 0.896132 0.794223
vt 0.898970 0.792783
vt 0.898917 0.796249
vt 0.897189 0.796918
vt 0.896113 0.829036
vt 0.889014 0.822060
vt 0.890801 0.819316
vt 0.897132 0.826269
vt 0.886219 0.811629
vt 0.888210 0.811622
vt 0.888993 0.801195
vt 0.890783 0.804008
vt 0.898988 0.830470
vt 0.898929 0.826957
vt 0.900187 0.802877
vt 0.900188 0.792794
vt 0.910099 0.792795
vt 0.910099 0.802877
vt 0.900187 0.832187
vt 0.900187 0.830236
vt 0.910099 0.830236
vt 0.910099 0.832187
vt 0.900187 0.811513
vt 0.910099 0.811513
vt 0.900187 0.820148
vt 0.910099 0.820148
vt 0.900188 0.790825
vt 0.910099 0.790825
vt 0.860178 0.867847
vt 0.860178 0.861047
vt 0.945372 0.861049
vt 0.950755 0.867847
vt 0.945372 0.760618
vt 0.950755 0.753819
vt 0.860226 0.760612
vt 0.860226 0.753819
s 0
usemtl books
f 801/1535/409 793/1536/409 796/1537/409 802/1538/409
f 802/1538/410 795/1539/410 794/1540/410 801/1535/410
f 793/1541/411 801/1542/411 803/1543/411 797/1544/411
f 801/1542/412 794/1545/412 798/1546/412 803/1543/412
f 797/1547/413 803/1548/413 804/1549/413 800/1550/413
f 803/1548/414 798/1551/414 799/1552/414 804/1549/414
f 808/1553/415 823/1554/415 819/1555/415 812/1556/415
f 813/1557/416 809/1558/416 822/1559/416 818/1560/416
f 815/1561/417 816/1562/417 817/1563/417 814/1564/417
f 813/1565/418 818/1566/418 816/1567/418 815/1568/418
f 811/1569/419 812/1556/419 819/1555/419 820/1570/419
f 810/1571/420 811/1569/420 820/1570/420 821/1572/420
f 809/1558/421 810/1571/421 821/1572/421 822/1559/421
f 808/1553/422 807/1573/422 824/1574/422 823/1554/422
f 807/1575/423 805/1576/423 826/1577/423 824/1578/423
f 826/1579/417 805/1580/417 806/1581/417 825/1582/417
f 805/1580/424 807/1583/424 835/1584/424 806/1581/424
f 813/1585/424 815/1561/424 814/1564/424 829/1586/424
f 816/1562/425 818/1587/425 849/1588/425 817/1563/425
f 824/1589/425 826/1579/425 825/1582/425 843/1590/425
f 817/1591/426 849/1592/426 850/1593/426 827/1594/426
f 814/1595/423 817/1591/423 827/1594/423 828/1596/423
f 829/1597/427 814/1595/427 828/1596/427 842/1598/427
f 808/1599/424 812/1600/424 830/1601/424 834/1602/424
f 809/1603/424 813/1604/424 829/1605/424 833/1606/424
f 812/1600/424 811/1607/424 831/1608/424 830/1601/424
f 811/1607/424 810/1609/424 832/1610/424 831/1608/424
f 810/1609/424 809/1603/424 833/1606/424 832/1610/424
f 807/1611/424 808/1599/424 834/1602/424 835/1612/424
f 835/1613/428 834/1614/428 837/1615/428 836/1616/428
f 832/1617/429 833/1618/429 838/1619/429 839/1620/429
f 831/1621/430 832/1617/430 839/1620/430 840/1622/430
f 830/1623/431 831/1621/431 840/1622/431 841/1624/431
f 833/1618/432 829/1625/432 842/1626/432 838/1619/432
f 834/1614/433 830/1623/433 841/1624/433 837/1615/433
f 823/1627/425 824/1628/425 843/1629/425 844/1630/425
f 822/1631/425 821/1632/425 846/1633/425 845/1634/425
f 821/1632/425 820/1635/425 847/1636/425 846/1633/425
f 820/1635/425 819/1637/425 848/1638/425 847/1636/425
f 818/1639/425 822/1631/425 845/1634/425 849/1640/425
f 819/1637/425 823/1627/425 844/1630/425 848/1638/425
f 848/1641/434 844/1642/434 855/1643/434 851/1644/434
f 849/1645/435 845/1646/435 854/1647/435 850/1648/435
f 847/1649/436 848/1641/436 851/1644/436 852/1650/436
f 846/1651/437 847/1649/437 852/1650/437 853/1652/437
f 845/1646/438 846/1651/438 853/1652/438 854/1647/438
f 844/1642/439 843/1653/439 856/1654/439 855/1643/439
f 835/1655/440 836/1656/440 857/1657/440 806/1658/440
f 806/1658/441 857/1657/441 858/1659/441 825/1660/441
f 825/1660/442 858/1659/442 856/1661/442 843/1662/442
o book04.001
v -0.539329 -0.246281 -3.017504
v -0.697499 -0.246281 -3.017504
v -0.697499 -0.244397 -2.373681
v -0.539329 -0.244400 -2.374851
v -0.539328 0.524374 -3.019759
v -0.697498 0.524374 -3.019759
v -0.697498 0.526258 -2.376006
v -0.539328 0.526258 -2.376006
v -0.618414 -0.240641 -3.011220
v -0.618414 -0.238659 -2.333656
v -0.618413 0.518772 -3.013442
v -0.618413 0.520754 -2.336044
v -0.522726 -0.256024 -3.029562
v -0.540837 -0.256024 -3.029562
v -0.522726 -0.254171 -2.396229
v -0.530349 -0.254128 -2.381754
v -0.707360 -0.254131 -2.382875
v -0.672213 -0.254022 -2.345477
v -0.619056 -0.253980 -2.331233
v -0.565898 -0.254022 -2.345477
v -0.715076 -0.254171 -2.396312
v -0.696965 -0.256024 -3.029645
v -0.715076 -0.256024 -3.029645
v -0.715075 0.542055 -3.031981
v -0.696964 0.542055 -3.031981
v -0.715075 0.543909 -2.398648
v -0.565898 0.544057 -2.347812
v -0.619055 0.544099 -2.333569
v -0.672212 0.544057 -2.347812
v -0.707359 0.543948 -2.385210
v -0.530348 0.543951 -2.384089
v -0.522725 0.543909 -2.398564
v -0.540836 0.542055 -3.031897
v -0.522725 0.542055 -3.031897
v -0.696964 0.494582 -2.994080
v -0.696965 -0.208330 -2.992023
v -0.696778 -0.254169 -2.395679
v -0.580246 -0.254049 -2.354578
v -0.619041 -0.254010 -2.341453
v -0.657837 -0.254049 -2.354578
v -0.693581 -0.254143 -2.386978
v -0.544463 -0.254143 -2.386898
v -0.541069 -0.254169 -2.395618
v -0.541069 -0.206576 -2.395758
v -0.544463 -0.206550 -2.387037
v -0.693581 -0.206550 -2.387118
v -0.657837 -0.206456 -2.354717
v -0.619041 -0.206417 -2.341592
v -0.580246 -0.206456 -2.354717
v -0.696778 -0.206576 -2.395818
v -0.540672 0.543910 -2.398285
v -0.544084 0.543935 -2.389477
v -0.693959 0.543935 -2.389558
v -0.658231 0.544031 -2.356923
v -0.619041 0.544070 -2.343507
v -0.579851 0.544031 -2.356923
v -0.697172 0.543910 -2.398347
v -0.697172 0.496367 -2.398208
v -0.579851 0.496488 -2.356784
v -0.619041 0.496527 -2.343368
v -0.658231 0.496488 -2.356784
v -0.693959 0.496393 -2.389419
v -0.544084 0.496393 -2.389338
v -0.540672 0.496367 -2.398146
v -0.540435 -0.208330 -2.992023
v -0.540434 0.494582 -2.994080
vn -0.0709 -0.9975 0.0029
vn 0.0709 -0.9975 0.0029
vn -0.0794 -0.0029 -0.9968
vn 0.0794 -0.0029 -0.9968
vn -0.0709 0.9975 -0.0029
vn 0.0709 0.9975 -0.0029
vn 0.7142 0.0020 0.6999
vn -0.8672 0.0015 0.4980
vn -0.0000 -0.0029 -1.0000
vn -1.0000 -0.0000 -0.0000
vn 0.2588 0.0028 0.9659
vn -0.2588 0.0028 0.9659
vn -0.7287 0.0020 0.6848
vn 0.8848 0.0014 0.4660
vn 1.0000 -0.0000 -0.0000
vn -0.0000 -1.0000 0.0029
vn -0.0000 1.0000 -0.0029
vn 1.0000 0.0001 0.0003
vn 1.0000 0.0001 -0.0003
vn -0.9319 -0.0011 -0.3627
vn 0.6716 -0.0022 -0.7409
vn 0.3205 -0.0028 -0.9473
vn -0.3205 -0.0028 -0.9473
vn 0.9387 -0.0010 -0.3448
vn -0.6703 -0.0022 -0.7421
vn -0.6731 -0.0022 -0.7395
vn 0.9392 -0.0010 -0.3433
vn -0.3239 -0.0028 -0.9461
vn 0.3239 -0.0028 -0.9461
vn 0.6744 -0.0022 -0.7383
vn -0.9325 -0.0011 -0.3611
vn -1.0000 0.0045 -0.0007
vn -0.9999 -0.0000 0.0107
vn -1.0000 -0.0042 -0.0000
vt 0.737888 0.763228
vt 0.749338 0.762316
vt 0.749338 0.855364
vt 0.737888 0.861331
vt 0.726437 0.855533
vt 0.726437 0.762316
vt 0.725400 0.864889
vt 0.713950 0.864075
vt 0.713950 0.754122
vt 0.725400 0.753308
vt 0.702499 0.864889
vt 0.702499 0.753308
vt 0.726437 0.762340
vt 0.737888 0.763252
vt 0.737888 0.861331
vt 0.726437 0.855547
vt 0.749338 0.762340
vt 0.749338 0.855547
vt 0.519931 0.992562
vt 0.519931 0.878013
vt 0.530238 0.878080
vt 0.530238 0.992590
vt 0.565584 0.992420
vt 0.561260 0.992406
vt 0.561260 0.878234
vt 0.565584 0.878171
vt 0.505607 0.924922
vt 0.505506 0.823457
vt 0.509972 0.823532
vt 0.510073 0.924922
vt 0.515002 0.868195
vt 0.515002 0.753806
vt 0.605778 0.753806
vt 0.605778 0.868195
vt 0.540595 0.992549
vt 0.540595 0.878302
vt 0.550952 0.992388
vt 0.550952 0.878215
vt 0.515206 0.992606
vt 0.515206 0.877958
vt 0.577921 0.882203
vt 0.668697 0.882203
vt 0.668697 0.996592
vt 0.577921 0.996592
vt 0.505607 0.924960
vt 0.505506 0.823477
vt 0.509973 0.823552
vt 0.510074 0.924960
vt 0.505512 0.757957
vt 0.509977 0.757991
vt 0.505506 0.993389
vt 0.509996 0.993482
vt 0.505511 0.757957
vt 0.509973 0.758004
vt 0.505506 0.993433
vt 0.509997 0.993482
vt 0.700985 0.867613
vt 0.610453 0.867613
vt 0.610453 0.860820
vt 0.695590 0.860814
vt 0.700985 0.753584
vt 0.695590 0.760383
vt 0.610405 0.753584
vt 0.610405 0.760384
vt 0.646393 0.828807
vt 0.639274 0.821831
vt 0.641072 0.819091
vt 0.647402 0.826037
vt 0.646408 0.793999
vt 0.649249 0.792559
vt 0.649199 0.796025
vt 0.647465 0.796700
vt 0.636498 0.811397
vt 0.638485 0.811403
vt 0.639274 0.800970
vt 0.641060 0.803791
vt 0.649269 0.830252
vt 0.649207 0.826718
vt 0.660459 0.790602
vt 0.660459 0.792566
vt 0.650466 0.792567
vt 0.650466 0.790602
vt 0.660460 0.819888
vt 0.660460 0.830017
vt 0.650468 0.830017
vt 0.650467 0.819888
vt 0.660459 0.811289
vt 0.650467 0.811289
vt 0.660459 0.802690
vt 0.650467 0.802690
vt 0.660461 0.831963
vt 0.650468 0.831963
vt 0.646411 0.793999
vt 0.649249 0.792560
vt 0.649196 0.796025
vt 0.647468 0.796695
vt 0.646392 0.828812
vt 0.639293 0.821836
vt 0.641080 0.819093
vt 0.647411 0.826045
vt 0.636498 0.811405
vt 0.638489 0.811399
vt 0.639272 0.800972
vt 0.641062 0.803784
vt 0.649267 0.830247
vt 0.649208 0.826734
vt 0.650467 0.802653
vt 0.650467 0.792571
vt 0.660378 0.792571
vt 0.660378 0.802654
vt 0.650466 0.831963
vt 0.650466 0.830013
vt 0.660378 0.830013
vt 0.660378 0.831963
vt 0.650466 0.811289
vt 0.660378 0.811289
vt 0.650466 0.819925
vt 0.660378 0.819925
vt 0.650467 0.790602
vt 0.660378 0.790602
vt 0.610457 0.867624
vt 0.610457 0.860824
vt 0.695651 0.860825
vt 0.701034 0.867624
vt 0.695651 0.760394
vt 0.701034 0.753596
vt 0.610505 0.760388
vt 0.610505 0.753596
s 0
usemtl books
f 867/1663/443 859/1664/443 862/1665/443 868/1666/443
f 868/1666/444 861/1667/444 860/1668/444 867/1663/444
f 859/1669/445 867/1670/445 869/1671/445 863/1672/445
f 867/1670/446 860/1673/446 864/1674/446 869/1671/446
f 863/1675/447 869/1676/447 870/1677/447 866/1678/447
f 869/1676/448 864/1679/448 865/1680/448 870/1677/448
f 874/1681/449 889/1682/449 885/1683/449 878/1684/449
f 879/1685/450 875/1686/450 888/1687/450 884/1688/450
f 881/1689/451 882/1690/451 883/1691/451 880/1692/451
f 879/1693/452 884/1694/452 882/1695/452 881/1696/452
f 877/1697/453 878/1684/453 885/1683/453 886/1698/453
f 876/1699/454 877/1697/454 886/1698/454 887/1700/454
f 875/1686/455 876/1699/455 887/1700/455 888/1687/455
f 874/1681/456 873/1701/456 890/1702/456 889/1682/456
f 873/1703/457 871/1704/457 892/1705/457 890/1706/457
f 892/1707/451 871/1708/451 872/1709/451 891/1710/451
f 871/1708/458 873/1711/458 901/1712/458 872/1709/458
f 879/1713/458 881/1689/458 880/1692/458 895/1714/458
f 882/1690/459 884/1715/459 915/1716/459 883/1691/459
f 890/1717/459 892/1707/459 891/1710/459 909/1718/459
f 883/1719/460 915/1720/460 916/1721/460 893/1722/460
f 880/1723/457 883/1719/457 893/1722/457 894/1724/457
f 895/1725/461 880/1723/461 894/1724/461 908/1726/461
f 874/1727/458 878/1728/458 896/1729/458 900/1730/458
f 875/1731/458 879/1732/458 895/1733/458 899/1734/458
f 878/1728/458 877/1735/458 897/1736/458 896/1729/458
f 877/1735/458 876/1737/458 898/1738/458 897/1736/458
f 876/1737/458 875/1731/458 899/1734/458 898/1738/458
f 873/1739/458 874/1727/458 900/1730/458 901/1740/458
f 901/1741/462 900/1742/462 903/1743/462 902/1744/462
f 898/1745/463 899/1746/463 904/1747/463 905/1748/463
f 897/1749/464 898/1745/464 905/1748/464 906/1750/464
f 896/1751/465 897/1749/465 906/1750/465 907/1752/465
f 899/1746/466 895/1753/466 908/1754/466 904/1747/466
f 900/1742/467 896/1751/467 907/1752/467 903/1743/467
f 889/1755/459 890/1756/459 909/1757/459 910/1758/459
f 888/1759/459 887/1760/459 912/1761/459 911/1762/459
f 887/1760/459 886/1763/459 913/1764/459 912/1761/459
f 886/1763/459 885/1765/459 914/1766/459 913/1764/459
f 884/1767/459 888/1759/459 911/1762/459 915/1768/459
f 885/1765/459 889/1755/459 910/1758/459 914/1766/459
f 914/1769/468 910/1770/468 921/1771/468 917/1772/468
f 915/1773/469 911/1774/469 920/1775/469 916/1776/469
f 913/1777/470 914/1769/470 917/1772/470 918/1778/470
f 912/1779/471 913/1777/471 918/1778/471 919/1780/471
f 911/1774/472 912/1779/472 919/1780/472 920/1775/472
f 910/1770/473 909/1781/473 922/1782/473 921/1771/473
f 901/1783/474 902/1784/474 923/1785/474 872/1786/474
f 872/1786/475 923/1785/475 924/1787/475 891/1788/475
f 891/1788/476 924/1787/476 922/1789/476 909/1790/476
o book03.001
v -0.733519 -0.252629 -2.994338
v -0.869996 -0.252629 -2.994338
v -0.869996 -0.244373 -2.350565
v -0.733519 -0.244388 -2.351735
v -0.733518 0.517966 -3.004221
v -0.869995 0.517966 -3.004221
v -0.869995 0.526221 -2.360518
v -0.733518 0.526221 -2.360518
v -0.801757 -0.246928 -2.988110
v -0.801757 -0.238239 -2.310599
v -0.801757 0.512426 -2.997849
v -0.801757 0.521113 -2.320504
v -0.719194 -0.262491 -3.006299
v -0.734820 -0.262491 -3.006299
v -0.719193 -0.254369 -2.373015
v -0.725771 -0.254184 -2.358542
v -0.878504 -0.254198 -2.359662
v -0.848178 -0.253718 -2.322267
v -0.802311 -0.253536 -2.308025
v -0.756445 -0.253718 -2.322267
v -0.885162 -0.254370 -2.373099
v -0.869535 -0.262492 -3.006382
v -0.885162 -0.262492 -3.006382
v -0.885161 0.535525 -3.016617
v -0.869534 0.535525 -3.016617
v -0.885161 0.543647 -2.383333
v -0.756444 0.544299 -2.332502
v -0.802310 0.544481 -2.318259
v -0.848177 0.544299 -2.332502
v -0.878503 0.543819 -2.369897
v -0.725770 0.543833 -2.368776
v -0.719193 0.543648 -2.383250
v -0.734819 0.535526 -3.016533
v -0.719193 0.535526 -3.016533
v -0.869534 0.488429 -2.978248
v -0.869535 -0.214428 -2.969234
v -0.869373 -0.254362 -2.372466
v -0.768824 -0.253835 -2.331367
v -0.802299 -0.253667 -2.318243
v -0.835773 -0.253835 -2.331367
v -0.866615 -0.254251 -2.363766
v -0.737949 -0.254250 -2.363685
v -0.735021 -0.254361 -2.372405
v -0.735020 -0.206772 -2.373015
v -0.737949 -0.206660 -2.364296
v -0.866615 -0.206661 -2.364376
v -0.835773 -0.206246 -2.331978
v -0.802299 -0.206078 -2.318854
v -0.768824 -0.206246 -2.331978
v -0.869373 -0.206773 -2.373076
v -0.734678 0.543651 -2.382971
v -0.737622 0.543764 -2.374163
v -0.866941 0.543764 -2.374244
v -0.836113 0.544182 -2.341612
v -0.802298 0.544354 -2.328197
v -0.768483 0.544182 -2.341612
v -0.869713 0.543651 -2.383033
v -0.869713 0.496112 -2.382423
v -0.768483 0.496643 -2.341002
v -0.802298 0.496815 -2.327587
v -0.836113 0.496643 -2.341002
v -0.866941 0.496225 -2.373634
v -0.737622 0.496226 -2.373553
v -0.734678 0.496113 -2.382361
v -0.734474 -0.214428 -2.969234
v -0.734473 0.488429 -2.978248
vn -0.0821 -0.9965 0.0128
vn 0.0821 -0.9965 0.0128
vn -0.0919 -0.0128 -0.9957
vn 0.0919 -0.0128 -0.9957
vn -0.0821 0.9965 -0.0128
vn 0.0821 0.9965 -0.0128
vn 0.7636 0.0083 0.6456
vn -0.8960 0.0057 0.4439
vn -0.0000 -0.0128 -0.9999
vn -1.0000 -0.0000 -0.0000
vn 0.2966 0.0122 0.9549
vn -0.2966 0.0122 0.9549
vn -0.7767 0.0081 0.6298
vn 0.9104 0.0053 0.4137
vn 1.0000 -0.0000 -0.0000
vn -0.0000 -0.9999 0.0128
vn -0.0000 0.9999 -0.0128
vn 1.0000 0.0001 0.0003
vn 1.0000 0.0001 -0.0003
vn -0.9480 -0.0041 -0.3183
vn 0.7243 -0.0088 -0.6894
vn 0.3650 -0.0119 -0.9309
vn -0.3650 -0.0119 -0.9309
vn 0.9533 -0.0039 -0.3022
vn -0.7231 -0.0089 -0.6907
vn -0.7257 -0.0088 -0.6879
vn 0.9537 -0.0039 -0.3008
vn -0.3688 -0.0119 -0.9294
vn 0.3688 -0.0119 -0.9294
vn 0.7269 -0.0088 -0.6866
vn -0.9485 -0.0041 -0.3169
vn -1.0000 0.0039 -0.0007
vn -1.0000 0.0001 0.0092
vn -1.0000 -0.0037 -0.0000
vt 0.487988 0.763153
vt 0.499438 0.762241
vt 0.499438 0.855289
vt 0.487988 0.861256
vt 0.476537 0.855458
vt 0.476537 0.762241
vt 0.475500 0.864814
vt 0.464049 0.864000
vt 0.464049 0.754047
vt 0.475500 0.753233
vt 0.452599 0.864814
vt 0.452599 0.753233
vt 0.476537 0.762265
vt 0.487987 0.763177
vt 0.487987 0.861256
vt 0.476537 0.855472
vt 0.499438 0.762265
vt 0.499438 0.855472
vt 0.270030 0.992487
vt 0.270030 0.877938
vt 0.280337 0.878005
vt 0.280337 0.992516
vt 0.315683 0.992346
vt 0.311360 0.992331
vt 0.311360 0.878159
vt 0.315683 0.878096
vt 0.255707 0.924847
vt 0.255606 0.823383
vt 0.260072 0.823457
vt 0.260173 0.924847
vt 0.265102 0.868120
vt 0.265102 0.753731
vt 0.355878 0.753731
vt 0.355878 0.868120
vt 0.290694 0.992474
vt 0.290694 0.878227
vt 0.301051 0.992313
vt 0.301051 0.878140
vt 0.265305 0.992531
vt 0.265306 0.877883
vt 0.328021 0.882128
vt 0.418797 0.882128
vt 0.418797 0.996517
vt 0.328021 0.996517
vt 0.255707 0.924885
vt 0.255606 0.823402
vt 0.260073 0.823477
vt 0.260173 0.924885
vt 0.255612 0.757882
vt 0.260076 0.757916
vt 0.255606 0.993314
vt 0.260096 0.993407
vt 0.255611 0.757882
vt 0.260073 0.757929
vt 0.255606 0.993358
vt 0.260097 0.993407
vt 0.451085 0.867538
vt 0.360553 0.867538
vt 0.360553 0.860745
vt 0.445690 0.860739
vt 0.451085 0.753510
vt 0.445690 0.760308
vt 0.360505 0.753510
vt 0.360505 0.760310
vt 0.396492 0.828732
vt 0.389374 0.821756
vt 0.391171 0.819016
vt 0.397502 0.825962
vt 0.396508 0.793925
vt 0.399349 0.792485
vt 0.399299 0.795950
vt 0.397565 0.796625
vt 0.386598 0.811322
vt 0.388584 0.811329
vt 0.389374 0.800895
vt 0.391160 0.803716
vt 0.399369 0.830177
vt 0.399307 0.826643
vt 0.410558 0.790527
vt 0.410558 0.792491
vt 0.400566 0.792492
vt 0.400566 0.790527
vt 0.410560 0.819813
vt 0.410560 0.829942
vt 0.400568 0.829943
vt 0.400567 0.819813
vt 0.410559 0.811214
vt 0.400567 0.811214
vt 0.410559 0.802615
vt 0.400566 0.802616
vt 0.410560 0.831888
vt 0.400568 0.831889
vt 0.396511 0.793925
vt 0.399348 0.792485
vt 0.399296 0.795950
vt 0.397568 0.796620
vt 0.396491 0.828737
vt 0.389392 0.821761
vt 0.391180 0.819018
vt 0.397511 0.825970
vt 0.386597 0.811331
vt 0.388588 0.811324
vt 0.389371 0.800897
vt 0.391162 0.803709
vt 0.399367 0.830172
vt 0.399308 0.826659
vt 0.400566 0.802579
vt 0.400566 0.792496
vt 0.410478 0.792496
vt 0.410478 0.802579
vt 0.400566 0.831889
vt 0.400566 0.829938
vt 0.410477 0.829938
vt 0.410477 0.831889
vt 0.400566 0.811214
vt 0.410477 0.811214
vt 0.400566 0.819850
vt 0.410477 0.819850
vt 0.400566 0.790527
vt 0.410478 0.790527
vt 0.360557 0.867549
vt 0.360557 0.860749
vt 0.445750 0.860750
vt 0.451134 0.867549
vt 0.445750 0.760320
vt 0.451134 0.753521
vt 0.360604 0.760314
vt 0.360604 0.753521
s 0
usemtl books
f 933/1791/477 925/1792/477 928/1793/477 934/1794/477
f 934/1794/478 927/1795/478 926/1796/478 933/1791/478
f 925/1797/479 933/1798/479 935/1799/479 929/1800/479
f 933/1798/480 926/1801/480 930/1802/480 935/1799/480
f 929/1803/481 935/1804/481 936/1805/481 932/1806/481
f 935/1804/482 930/1807/482 931/1808/482 936/1805/482
f 940/1809/483 955/1810/483 951/1811/483 944/1812/483
f 945/1813/484 941/1814/484 954/1815/484 950/1816/484
f 947/1817/485 948/1818/485 949/1819/485 946/1820/485
f 945/1821/486 950/1822/486 948/1823/486 947/1824/486
f 943/1825/487 944/1812/487 951/1811/487 952/1826/487
f 942/1827/488 943/1825/488 952/1826/488 953/1828/488
f 941/1814/489 942/1827/489 953/1828/489 954/1815/489
f 940/1809/490 939/1829/490 956/1830/490 955/1810/490
f 939/1831/491 937/1832/491 958/1833/491 956/1834/491
f 958/1835/485 937/1836/485 938/1837/485 957/1838/485
f 937/1836/492 939/1839/492 967/1840/492 938/1837/492
f 945/1841/492 947/1817/492 946/1820/492 961/1842/492
f 948/1818/493 950/1843/493 981/1844/493 949/1819/493
f 956/1845/493 958/1835/493 957/1838/493 975/1846/493
f 949/1847/494 981/1848/494 982/1849/494 959/1850/494
f 946/1851/491 949/1847/491 959/1850/491 960/1852/491
f 961/1853/495 946/1851/495 960/1852/495 974/1854/495
f 940/1855/492 944/1856/492 962/1857/492 966/1858/492
f 941/1859/492 945/1860/492 961/1861/492 965/1862/492
f 944/1856/492 943/1863/492 963/1864/492 962/1857/492
f 943/1863/492 942/1865/492 964/1866/492 963/1864/492
f 942/1865/492 941/1859/492 965/1862/492 964/1866/492
f 939/1867/492 940/1855/492 966/1858/492 967/1868/492
f 967/1869/496 966/1870/496 969/1871/496 968/1872/496
f 964/1873/497 965/1874/497 970/1875/497 971/1876/497
f 963/1877/498 964/1873/498 971/1876/498 972/1878/498
f 962/1879/499 963/1877/499 972/1878/499 973/1880/499
f 965/1874/500 961/1881/500 974/1882/500 970/1875/500
f 966/1870/501 962/1879/501 973/1880/501 969/1871/501
f 955/1883/493 956/1884/493 975/1885/493 976/1886/493
f 954/1887/493 953/1888/493 978/1889/493 977/1890/493
f 953/1888/493 952/1891/493 979/1892/493 978/1889/493
f 952/1891/493 951/1893/493 980/1894/493 979/1892/493
f 950/1895/493 954/1887/493 977/1890/493 981/1896/493
f 951/1893/493 955/1883/493 976/1886/493 980/1894/493
f 980/1897/502 976/1898/502 987/1899/502 983/1900/502
f 981/1901/503 977/1902/503 986/1903/503 982/1904/503
f 979/1905/504 980/1897/504 983/1900/504 984/1906/504
f 978/1907/505 979/1905/505 984/1906/505 985/1908/505
f 977/1902/506 978/1907/506 985/1908/506 986/1903/506
f 976/1898/507 975/1909/507 988/1910/507 987/1899/507
f 967/1911/508 968/1912/508 989/1913/508 938/1914/508
f 938/1914/509 989/1913/509 990/1915/509 957/1916/509
f 957/1916/510 990/1915/510 988/1917/510 975/1918/510
o book02.001
v -0.905549 -0.239651 -3.020515
v -1.063720 -0.239651 -3.020515
v -1.063720 -0.246804 -2.376729
v -0.905549 -0.246791 -2.377898
v -0.905549 0.530960 -3.011953
v -1.063719 0.530960 -3.011953
v -1.063719 0.523808 -2.368237
v -0.905549 0.523808 -2.368237
v -0.984635 -0.234100 -3.014152
v -0.984634 -0.241628 -2.336627
v -0.984634 0.525269 -3.005715
v -0.984634 0.517743 -2.328356
v -0.888947 -0.249224 -3.032708
v -0.907057 -0.249224 -3.032708
v -0.888947 -0.256260 -2.399412
v -0.896570 -0.256421 -2.384938
v -1.073580 -0.256408 -2.386058
v -1.038434 -0.256824 -2.348662
v -0.985276 -0.256982 -2.334420
v -0.932119 -0.256824 -2.348662
v -1.081296 -0.256259 -2.399495
v -1.063186 -0.249223 -3.032791
v -1.081296 -0.249223 -3.032791
v -1.081295 0.548811 -3.023925
v -1.063185 0.548811 -3.023925
v -1.081295 0.541775 -2.390628
v -0.932118 0.541210 -2.339796
v -0.985276 0.541051 -2.325553
v -1.038433 0.541210 -2.339796
v -1.073579 0.541625 -2.377192
v -0.896569 0.541613 -2.376071
v -0.888946 0.541773 -2.390545
v -0.907056 0.548810 -3.023841
v -0.888946 0.548810 -3.023841
v -1.063185 0.500810 -2.986694
v -1.063186 -0.202061 -2.994504
v -1.062999 -0.256266 -2.398862
v -0.946467 -0.256723 -2.357763
v -0.985262 -0.256869 -2.344638
v -1.024057 -0.256723 -2.357763
v -1.059802 -0.256363 -2.390162
v -0.910683 -0.256364 -2.390081
v -0.907289 -0.256267 -2.398801
v -0.907289 -0.208677 -2.398272
v -0.910683 -0.208774 -2.389553
v -1.059802 -0.208772 -2.389633
v -1.024057 -0.209132 -2.357234
v -0.985262 -0.209278 -2.344110
v -0.946467 -0.209133 -2.357234
v -1.062999 -0.208676 -2.398333
v -0.906893 0.541770 -2.390266
v -0.910304 0.541672 -2.381458
v -1.060179 0.541674 -2.381539
v -1.024451 0.541311 -2.348906
v -0.985261 0.541162 -2.335491
v -0.946072 0.541311 -2.348906
v -1.063392 0.541771 -2.390327
v -1.063392 0.494231 -2.390856
v -0.946072 0.493771 -2.349434
v -0.985261 0.493622 -2.336019
v -1.024451 0.493771 -2.349434
v -1.060179 0.494134 -2.382067
v -0.910304 0.494133 -2.381986
v -0.906893 0.494231 -2.390794
v -0.906656 -0.202061 -2.994504
v -0.906655 0.500810 -2.986694
vn -0.0709 -0.9974 -0.0111
vn 0.0709 -0.9974 -0.0111
vn -0.0794 0.0111 -0.9968
vn 0.0794 0.0111 -0.9968
vn -0.0709 0.9974 0.0111
vn 0.0709 0.9974 0.0111
vn 0.7142 -0.0078 0.6999
vn -0.8672 -0.0055 0.4979
vn -0.0000 0.0111 -0.9999
vn -1.0000 -0.0000 -0.0000
vn 0.2588 -0.0107 0.9659
vn -0.2588 -0.0107 0.9659
vn -0.7287 -0.0076 0.6848
vn 0.8848 -0.0052 0.4660
vn 1.0000 -0.0000 -0.0000
vn -0.0000 -0.9999 -0.0111
vn -0.0000 0.9999 0.0111
vn 1.0000 0.0001 0.0003
vn 1.0000 0.0001 -0.0003
vn -0.9319 0.0040 -0.3627
vn 0.6716 0.0082 -0.7409
vn 0.3205 0.0105 -0.9472
vn -0.3205 0.0105 -0.9472
vn 0.9387 0.0038 -0.3448
vn -0.6703 0.0082 -0.7421
vn -0.6731 0.0082 -0.7395
vn 0.9392 0.0038 -0.3433
vn -0.3239 0.0105 -0.9460
vn 0.3239 0.0105 -0.9460
vn 0.6744 0.0082 -0.7383
vn -0.9325 0.0040 -0.3611
vn -1.0000 0.0045 -0.0007
vn -0.9999 -0.0001 0.0107
vn -1.0000 -0.0042 -0.0001
vt 0.237608 0.763458
vt 0.249059 0.762546
vt 0.249059 0.855594
vt 0.237608 0.861561
vt 0.226158 0.855763
vt 0.226158 0.762546
vt 0.225120 0.865119
vt 0.213670 0.864305
vt 0.213670 0.754352
vt 0.225120 0.753538
vt 0.202220 0.865119
vt 0.202220 0.753538
vt 0.226158 0.762570
vt 0.237608 0.763482
vt 0.237608 0.861561
vt 0.226158 0.855777
vt 0.249059 0.762570
vt 0.249059 0.855777
vt 0.019651 0.992792
vt 0.019651 0.878243
vt 0.029958 0.878310
vt 0.029958 0.992821
vt 0.065304 0.992651
vt 0.060980 0.992636
vt 0.060980 0.878464
vt 0.065304 0.878401
vt 0.005327 0.925152
vt 0.005227 0.823687
vt 0.009693 0.823762
vt 0.009793 0.925152
vt 0.014722 0.868425
vt 0.014722 0.754036
vt 0.105498 0.754036
vt 0.105498 0.868425
vt 0.040315 0.992779
vt 0.040315 0.878532
vt 0.050672 0.992618
vt 0.050672 0.878445
vt 0.014926 0.992836
vt 0.014926 0.878188
vt 0.077642 0.882433
vt 0.168418 0.882433
vt 0.168418 0.996822
vt 0.077642 0.996822
vt 0.005327 0.925190
vt 0.005227 0.823707
vt 0.009694 0.823782
vt 0.009794 0.925190
vt 0.005233 0.758187
vt 0.009697 0.758221
vt 0.005227 0.993619
vt 0.009717 0.993712
vt 0.005232 0.758187
vt 0.009694 0.758234
vt 0.005227 0.993663
vt 0.009717 0.993712
vt 0.200706 0.867843
vt 0.110173 0.867843
vt 0.110173 0.861050
vt 0.195311 0.861044
vt 0.200706 0.753815
vt 0.195311 0.760613
vt 0.110126 0.753815
vt 0.110126 0.760614
vt 0.146113 0.829037
vt 0.138995 0.822061
vt 0.140792 0.819321
vt 0.147122 0.826267
vt 0.146128 0.794229
vt 0.148970 0.792790
vt 0.148920 0.796255
vt 0.147186 0.796930
vt 0.136218 0.811627
vt 0.138205 0.811633
vt 0.138995 0.801200
vt 0.140781 0.804021
vt 0.148990 0.830482
vt 0.148928 0.826948
vt 0.160179 0.790832
vt 0.160179 0.792796
vt 0.150187 0.792797
vt 0.150187 0.790832
vt 0.160180 0.820118
vt 0.160181 0.830247
vt 0.150188 0.830247
vt 0.150188 0.820118
vt 0.160180 0.811519
vt 0.150187 0.811519
vt 0.160180 0.802920
vt 0.150187 0.802920
vt 0.160181 0.832193
vt 0.150189 0.832194
vt 0.146131 0.794230
vt 0.148969 0.792790
vt 0.148917 0.796255
vt 0.147188 0.796925
vt 0.146112 0.829042
vt 0.139013 0.822066
vt 0.140801 0.819323
vt 0.147132 0.826275
vt 0.136218 0.811636
vt 0.138209 0.811629
vt 0.138992 0.801202
vt 0.140783 0.804014
vt 0.148988 0.830477
vt 0.148929 0.826964
vt 0.150187 0.802884
vt 0.150187 0.792801
vt 0.160098 0.792801
vt 0.160098 0.802884
vt 0.150187 0.832194
vt 0.150187 0.830243
vt 0.160098 0.830243
vt 0.160098 0.832193
vt 0.150187 0.811519
vt 0.160098 0.811519
vt 0.150187 0.820155
vt 0.160098 0.820155
vt 0.150187 0.790832
vt 0.160098 0.790832
vt 0.110178 0.867854
vt 0.110178 0.861054
vt 0.195371 0.861055
vt 0.200755 0.867854
vt 0.195371 0.760624
vt 0.200755 0.753826
vt 0.110225 0.760619
vt 0.110225 0.753826
s 0
usemtl books
f 999/1919/511 991/1920/511 994/1921/511 1000/1922/511
f 1000/1922/512 993/1923/512 992/1924/512 999/1919/512
f 991/1925/513 999/1926/513 1001/1927/513 995/1928/513
f 999/1926/514 992/1929/514 996/1930/514 1001/1927/514
f 995/1931/515 1001/1932/515 1002/1933/515 998/1934/515
f 1001/1932/516 996/1935/516 997/1936/516 1002/1933/516
f 1006/1937/517 1021/1938/517 1017/1939/517 1010/1940/517
f 1011/1941/518 1007/1942/518 1020/1943/518 1016/1944/518
f 1013/1945/519 1014/1946/519 1015/1947/519 1012/1948/519
f 1011/1949/520 1016/1950/520 1014/1951/520 1013/1952/520
f 1009/1953/521 1010/1940/521 1017/1939/521 1018/1954/521
f 1008/1955/522 1009/1953/522 1018/1954/522 1019/1956/522
f 1007/1942/523 1008/1955/523 1019/1956/523 1020/1943/523
f 1006/1937/524 1005/1957/524 1022/1958/524 1021/1938/524
f 1005/1959/525 1003/1960/525 1024/1961/525 1022/1962/525
f 1024/1963/519 1003/1964/519 1004/1965/519 1023/1966/519
f 1003/1964/526 1005/1967/526 1033/1968/526 1004/1965/526
f 1011/1969/526 1013/1945/526 1012/1948/526 1027/1970/526
f 1014/1946/527 1016/1971/527 1047/1972/527 1015/1947/527
f 1022/1973/527 1024/1963/527 1023/1966/527 1041/1974/527
f 1015/1975/528 1047/1976/528 1048/1977/528 1025/1978/528
f 1012/1979/525 1015/1975/525 1025/1978/525 1026/1980/525
f 1027/1981/529 1012/1979/529 1026/1980/529 1040/1982/529
f 1006/1983/526 1010/1984/526 1028/1985/526 1032/1986/526
f 1007/1987/526 1011/1988/526 1027/1989/526 1031/1990/526
f 1010/1984/526 1009/1991/526 1029/1992/526 1028/1985/526
f 1009/1991/526 1008/1993/526 1030/1994/526 1029/1992/526
f 1008/1993/526 1007/1987/526 1031/1990/526 1030/1994/526
f 1005/1995/526 1006/1983/526 1032/1986/526 1033/1996/526
f 1033/1997/530 1032/1998/530 1035/1999/530 1034/2000/530
f 1030/2001/531 1031/2002/531 1036/2003/531 1037/2004/531
f 1029/2005/532 1030/2001/532 1037/2004/532 1038/2006/532
f 1028/2007/533 1029/2005/533 1038/2006/533 1039/2008/533
f 1031/2002/534 1027/2009/534 1040/2010/534 1036/2003/534
f 1032/1998/535 1028/2007/535 1039/2008/535 1035/1999/535
f 1021/2011/527 1022/2012/527 1041/2013/527 1042/2014/527
f 1020/2015/527 1019/2016/527 1044/2017/527 1043/2018/527
f 1019/2016/527 1018/2019/527 1045/2020/527 1044/2017/527
f 1018/2019/527 1017/2021/527 1046/2022/527 1045/2020/527
f 1016/2023/527 1020/2015/527 1043/2018/527 1047/2024/527
f 1017/2021/527 1021/2011/527 1042/2014/527 1046/2022/527
f 1046/2025/536 1042/2026/536 1053/2027/536 1049/2028/536
f 1047/2029/537 1043/2030/537 1052/2031/537 1048/2032/537
f 1045/2033/538 1046/2025/538 1049/2028/538 1050/2034/538
f 1044/2035/539 1045/2033/539 1050/2034/539 1051/2036/539
f 1043/2030/540 1044/2035/540 1051/2036/540 1052/2031/540
f 1042/2026/541 1041/2037/541 1054/2038/541 1053/2027/541
f 1033/2039/542 1034/2040/542 1055/2041/542 1004/2042/542
f 1004/2042/543 1055/2041/543 1056/2043/543 1023/2044/543
f 1023/2044/544 1056/2043/544 1054/2045/544 1041/2046/544
o book17
v 2.321373 0.082021 0.907366
v 2.321373 -0.046828 0.907366
v 1.897332 -0.046828 1.216018
v 1.898103 0.082021 1.215457
v 1.951917 0.082021 0.399791
v 1.951917 -0.046828 0.399791
v 1.527923 -0.046828 0.708409
v 1.527923 0.082021 0.708409
v 2.314528 0.017596 0.906685
v 1.868265 0.017596 1.231512
v 1.950461 0.017596 0.406514
v 1.504308 0.017596 0.731262
v 2.333987 0.095546 0.907966
v 2.333987 0.080793 0.907966
v 1.916856 0.095546 1.211589
v 1.907322 0.089336 1.218528
v 1.908060 -0.054861 1.217991
v 1.883429 -0.026230 1.235919
v 1.874048 0.017073 1.242748
v 1.883429 0.060377 1.235919
v 1.916910 -0.061147 1.211549
v 2.334041 -0.046394 0.907926
v 2.334041 -0.061147 0.907926
v 1.951438 -0.061147 0.382288
v 1.951438 -0.046394 0.382288
v 1.534307 -0.061147 0.685911
v 1.500826 0.060377 0.710282
v 1.491445 0.017073 0.717110
v 1.500826 -0.026230 0.710282
v 1.525457 -0.054861 0.692353
v 1.524719 0.089336 0.692890
v 1.534252 0.095546 0.685951
v 1.951383 0.080793 0.382328
v 1.951383 0.095546 0.382328
v 1.949380 -0.046394 0.431731
v 2.286359 -0.046394 0.894689
v 1.916493 -0.046241 1.211852
v 1.889423 0.048689 1.231556
v 1.880778 0.017085 1.237849
v 1.889423 -0.014519 1.231556
v 1.910763 -0.043637 1.216023
v 1.910710 0.077839 1.216062
v 1.916453 0.080604 1.211881
v 1.893637 0.080604 1.180535
v 1.887894 0.077839 1.184716
v 1.887947 -0.043637 1.184677
v 1.866607 -0.014519 1.200210
v 1.857962 0.017085 1.206503
v 1.866607 0.048689 1.200210
v 1.893677 -0.046241 1.180506
v 1.534069 0.080926 0.686085
v 1.528267 0.078147 0.690308
v 1.528320 -0.043945 0.690269
v 1.506826 -0.014840 0.705914
v 1.497990 0.017085 0.712346
v 1.506826 0.049010 0.705914
v 1.534109 -0.046562 0.686055
v 1.556901 -0.046562 0.717368
v 1.529619 0.049010 0.737227
v 1.520782 0.017085 0.743659
v 1.529619 -0.014840 0.737227
v 1.551113 -0.043945 0.721582
v 1.551059 0.078147 0.721621
v 1.556861 0.080926 0.717398
v 2.286359 0.081120 0.894689
v 1.949380 0.081120 0.431731
vn 0.5870 -0.0709 0.8065
vn 0.5870 0.0709 0.8065
vn 0.8059 -0.0794 -0.5866
vn 0.8059 0.0794 -0.5866
vn -0.5870 -0.0709 -0.8065
vn -0.5870 0.0709 -0.8065
vn -0.5659 0.7142 0.4119
vn -0.4026 -0.8672 0.2931
vn 0.8085 -0.0000 -0.5885
vn -0.0000 -1.0000 -0.0000
vn -0.7810 0.2588 0.5684
vn -0.7810 -0.2588 0.5684
vn -0.5537 -0.7287 0.4030
vn -0.3767 0.8848 0.2742
vn -0.0000 1.0000 -0.0000
vn 0.5885 -0.0000 0.8085
vn -0.5885 -0.0000 -0.8085
vn -0.0004 1.0000 0.0001
vn 0.0002 1.0000 -0.0003
vn 0.2932 -0.9319 -0.2134
vn 0.5990 0.6716 -0.4360
vn 0.7659 0.3205 -0.5575
vn 0.7659 -0.3205 -0.5575
vn 0.2788 0.9387 -0.2029
vn 0.6000 -0.6703 -0.4367
vn 0.5979 -0.6731 -0.4352
vn 0.2776 0.9392 -0.2020
vn 0.7649 -0.3239 -0.5568
vn 0.7649 0.3239 -0.5568
vn 0.5970 0.6744 -0.4345
vn 0.2920 -0.9325 -0.2125
vn -0.0021 -1.0000 -0.0041
vn -0.0086 -0.9999 0.0063
vn 0.0025 -1.0000 0.0034
vt 0.987720 0.013317
vt 0.999170 0.012404
vt 0.999170 0.105452
vt 0.987720 0.111419
vt 0.976269 0.105622
vt 0.976269 0.012404
vt 0.975232 0.114978
vt 0.963781 0.114164
vt 0.963781 0.004210
vt 0.975232 0.003397
vt 0.952331 0.114978
vt 0.952331 0.003397
vt 0.976269 0.012428
vt 0.987720 0.013341
vt 0.987720 0.111419
vt 0.976269 0.105636
vt 0.999170 0.012428
vt 0.999170 0.105636
vt 0.769762 0.242651
vt 0.769763 0.128101
vt 0.780069 0.128168
vt 0.780069 0.242679
vt 0.815416 0.242509
vt 0.811092 0.242495
vt 0.811092 0.128322
vt 0.815416 0.128259
vt 0.755439 0.175011
vt 0.755338 0.073546
vt 0.759804 0.073621
vt 0.759905 0.175010
vt 0.764834 0.118283
vt 0.764834 0.003894
vt 0.855610 0.003894
vt 0.855610 0.118283
vt 0.790426 0.242638
vt 0.790426 0.128390
vt 0.800784 0.242476
vt 0.800784 0.128303
vt 0.765038 0.242694
vt 0.765038 0.128046
vt 0.827753 0.132291
vt 0.918529 0.132291
vt 0.918529 0.246680
vt 0.827753 0.246680
vt 0.755439 0.175048
vt 0.755338 0.073565
vt 0.759805 0.073640
vt 0.759906 0.175048
vt 0.755344 0.008045
vt 0.759808 0.008080
vt 0.755338 0.243478
vt 0.759828 0.243570
vt 0.755343 0.008046
vt 0.759805 0.008093
vt 0.755338 0.243521
vt 0.759829 0.243570
vt 0.950817 0.117701
vt 0.860285 0.117701
vt 0.860285 0.110908
vt 0.945422 0.110902
vt 0.950817 0.003673
vt 0.945422 0.010472
vt 0.860237 0.003673
vt 0.860237 0.010473
vt 0.896224 0.078895
vt 0.889106 0.071920
vt 0.890904 0.069180
vt 0.897234 0.076126
vt 0.896240 0.044088
vt 0.899081 0.042648
vt 0.899031 0.046114
vt 0.897297 0.046789
vt 0.886330 0.061485
vt 0.888316 0.061492
vt 0.889106 0.051059
vt 0.890892 0.053880
vt 0.899101 0.080340
vt 0.899039 0.076806
vt 0.910290 0.040690
vt 0.910290 0.042655
vt 0.900298 0.042655
vt 0.900298 0.040691
vt 0.910292 0.069976
vt 0.910292 0.080105
vt 0.900300 0.080106
vt 0.900299 0.069977
vt 0.910291 0.061377
vt 0.900299 0.061378
vt 0.910291 0.052779
vt 0.900298 0.052779
vt 0.910292 0.082051
vt 0.900300 0.082052
vt 0.896243 0.044088
vt 0.899081 0.042648
vt 0.899028 0.046114
vt 0.897300 0.046783
vt 0.896224 0.078901
vt 0.889124 0.071925
vt 0.890912 0.069181
vt 0.897243 0.076134
vt 0.886330 0.061494
vt 0.888320 0.061488
vt 0.889104 0.051061
vt 0.890894 0.053873
vt 0.899099 0.080335
vt 0.899040 0.076822
vt 0.900298 0.052742
vt 0.900299 0.042659
vt 0.910210 0.042660
vt 0.910210 0.052742
vt 0.900298 0.082052
vt 0.900298 0.080101
vt 0.910210 0.080101
vt 0.910210 0.082052
vt 0.900298 0.061378
vt 0.910210 0.061378
vt 0.900298 0.070013
vt 0.910210 0.070013
vt 0.900299 0.040690
vt 0.910210 0.040690
vt 0.860289 0.117712
vt 0.860289 0.110912
vt 0.945483 0.110914
vt 0.950866 0.117712
vt 0.945483 0.010483
vt 0.950866 0.003684
vt 0.860337 0.010477
vt 0.860337 0.003684
s 0
usemtl books
f 1065/2047/545 1057/2048/545 1060/2049/545 1066/2050/545
f 1066/2050/546 1059/2051/546 1058/2052/546 1065/2047/546
f 1057/2053/547 1065/2054/547 1067/2055/547 1061/2056/547
f 1065/2054/548 1058/2057/548 1062/2058/548 1067/2055/548
f 1061/2059/549 1067/2060/549 1068/2061/549 1064/2062/549
f 1067/2060/550 1062/2063/550 1063/2064/550 1068/2061/550
f 1072/2065/551 1087/2066/551 1083/2067/551 1076/2068/551
f 1077/2069/552 1073/2070/552 1086/2071/552 1082/2072/552
f 1079/2073/553 1080/2074/553 1081/2075/553 1078/2076/553
f 1077/2077/554 1082/2078/554 1080/2079/554 1079/2080/554
f 1075/2081/555 1076/2068/555 1083/2067/555 1084/2082/555
f 1074/2083/556 1075/2081/556 1084/2082/556 1085/2084/556
f 1073/2070/557 1074/2083/557 1085/2084/557 1086/2071/557
f 1072/2065/558 1071/2085/558 1088/2086/558 1087/2066/558
f 1071/2087/559 1069/2088/559 1090/2089/559 1088/2090/559
f 1090/2091/553 1069/2092/553 1070/2093/553 1089/2094/553
f 1069/2092/560 1071/2095/560 1099/2096/560 1070/2093/560
f 1077/2097/560 1079/2073/560 1078/2076/560 1093/2098/560
f 1080/2074/561 1082/2099/561 1113/2100/561 1081/2075/561
f 1088/2101/561 1090/2091/561 1089/2094/561 1107/2102/561
f 1081/2103/562 1113/2104/562 1114/2105/562 1091/2106/562
f 1078/2107/559 1081/2103/559 1091/2106/559 1092/2108/559
f 1093/2109/563 1078/2107/563 1092/2108/563 1106/2110/563
f 1072/2111/560 1076/2112/560 1094/2113/560 1098/2114/560
f 1073/2115/560 1077/2116/560 1093/2117/560 1097/2118/560
f 1076/2112/560 1075/2119/560 1095/2120/560 1094/2113/560
f 1075/2119/560 1074/2121/560 1096/2122/560 1095/2120/560
f 1074/2121/560 1073/2115/560 1097/2118/560 1096/2122/560
f 1071/2123/560 1072/2111/560 1098/2114/560 1099/2124/560
f 1099/2125/564 1098/2126/564 1101/2127/564 1100/2128/564
f 1096/2129/565 1097/2130/565 1102/2131/565 1103/2132/565
f 1095/2133/566 1096/2129/566 1103/2132/566 1104/2134/566
f 1094/2135/567 1095/2133/567 1104/2134/567 1105/2136/567
f 1097/2130/568 1093/2137/568 1106/2138/568 1102/2131/568
f 1098/2126/569 1094/2135/569 1105/2136/569 1101/2127/569
f 1087/2139/561 1088/2140/561 1107/2141/561 1108/2142/561
f 1086/2143/561 1085/2144/561 1110/2145/561 1109/2146/561
f 1085/2144/561 1084/2147/561 1111/2148/561 1110/2145/561
f 1084/2147/561 1083/2149/561 1112/2150/561 1111/2148/561
f 1082/2151/561 1086/2143/561 1109/2146/561 1113/2152/561
f 1083/2149/561 1087/2139/561 1108/2142/561 1112/2150/561
f 1112/2153/570 1108/2154/570 1119/2155/570 1115/2156/570
f 1113/2157/571 1109/2158/571 1118/2159/571 1114/2160/571
f 1111/2161/572 1112/2153/572 1115/2156/572 1116/2162/572
f 1110/2163/573 1111/2161/573 1116/2162/573 1117/2164/573
f 1109/2158/574 1110/2163/574 1117/2164/574 1118/2159/574
f 1108/2154/575 1107/2165/575 1120/2166/575 1119/2155/575
f 1099/2167/576 1100/2168/576 1121/2169/576 1070/2170/576
f 1070/2170/577 1121/2169/577 1122/2171/577 1089/2172/577
f 1089/2172/578 1122/2171/578 1120/2173/578 1107/2174/578
o book16
v 1.314427 0.096763 0.824289
v 1.314427 -0.061407 0.824289
v 1.031375 -0.061407 1.402557
v 1.031889 0.096763 1.401506
v 0.622242 0.096763 0.485476
v 0.622242 -0.061407 0.485476
v 0.339221 -0.061407 1.063681
v 0.339221 0.096763 1.063681
v 1.306608 0.017678 0.827477
v 1.008722 0.017678 1.436050
v 0.624520 0.017678 0.493607
v 0.326708 0.017678 1.102030
v 1.328460 0.113366 0.817701
v 1.328460 0.095255 0.817701
v 1.050020 0.113366 1.386547
v 1.043656 0.105743 1.399548
v 1.044149 -0.071268 1.398541
v 1.027707 -0.036121 1.432131
v 1.021445 0.017036 1.444924
v 1.027707 0.070193 1.432131
v 1.050056 -0.078984 1.386472
v 1.328496 -0.060873 0.817627
v 1.328496 -0.078984 0.817627
v 0.611679 -0.078984 0.466757
v 0.611679 -0.060873 0.466757
v 0.333239 -0.078984 1.035603
v 0.310890 0.070193 1.081262
v 0.304628 0.017036 1.094055
v 0.310890 -0.036121 1.081262
v 0.327332 -0.071268 1.047672
v 0.326839 0.105743 1.048678
v 0.333203 0.113366 1.035677
v 0.611643 0.095255 0.466832
v 0.611643 0.113366 0.466832
v 0.637817 -0.060873 0.521593
v 1.269156 -0.060873 0.830623
v 1.049778 -0.060686 1.387041
v 1.031708 0.055846 1.423957
v 1.025938 0.017051 1.435746
v 1.031708 -0.021745 1.423957
v 1.045953 -0.057490 1.394855
v 1.045918 0.091629 1.394928
v 1.049751 0.095023 1.387095
v 1.007004 0.095023 1.366171
v 1.003171 0.091629 1.374004
v 1.003206 -0.057490 1.373932
v 0.988961 -0.021745 1.403033
v 0.983191 0.017051 1.414822
v 0.988961 0.055846 1.403033
v 1.007031 -0.060686 1.366117
v 0.333080 0.095419 1.035928
v 0.329207 0.092007 1.043840
v 0.329243 -0.057868 1.043767
v 0.314895 -0.022140 1.073079
v 0.308997 0.017050 1.085129
v 0.314895 0.056240 1.073079
v 0.333107 -0.061081 1.035873
v 0.375809 -0.061081 1.056774
v 0.357597 0.056240 1.093980
v 0.351699 0.017050 1.106030
v 0.357597 -0.022140 1.093980
v 0.371945 -0.057868 1.064669
v 0.371909 0.092007 1.064741
v 0.375782 0.095419 1.056830
v 1.269156 0.095657 0.830623
v 0.637817 0.095657 0.521593
vn 0.8959 -0.0709 0.4385
vn 0.8959 0.0709 0.4385
vn 0.4383 -0.0794 -0.8953
vn 0.4383 0.0794 -0.8953
vn -0.8959 -0.0709 -0.4385
vn -0.8959 0.0709 -0.4385
vn -0.3077 0.7142 0.6286
vn -0.2189 -0.8672 0.4473
vn 0.4396 -0.0000 -0.8982
vn -0.0000 -1.0000 -0.0000
vn -0.4247 0.2588 0.8676
vn -0.4247 -0.2588 0.8676
vn -0.3011 -0.7287 0.6151
vn -0.2049 0.8848 0.4185
vn -0.0000 1.0000 -0.0000
vn 0.8982 -0.0000 0.4396
vn -0.8982 -0.0000 -0.4396
vn -0.0003 1.0000 0.0002
vn -0.0000 1.0000 -0.0003
vn 0.1595 -0.9319 -0.3258
vn 0.3257 0.6716 -0.6655
vn 0.4165 0.3205 -0.8508
vn 0.4165 -0.3205 -0.8508
vn 0.1516 0.9387 -0.3097
vn 0.3263 -0.6703 -0.6665
vn 0.3251 -0.6731 -0.6642
vn 0.1509 0.9392 -0.3084
vn 0.4159 -0.3239 -0.8498
vn 0.4159 0.3239 -0.8498
vn 0.3246 0.6744 -0.6632
vn 0.1588 -0.9325 -0.3243
vn -0.0037 -1.0000 -0.0026
vn -0.0047 -0.9999 0.0096
vn 0.0038 -1.0000 0.0018
vt 0.737693 0.013555
vt 0.749143 0.012642
vt 0.749143 0.105690
vt 0.737693 0.111657
vt 0.726242 0.105860
vt 0.726242 0.012642
vt 0.725205 0.115216
vt 0.713755 0.114402
vt 0.713755 0.004448
vt 0.725205 0.003635
vt 0.702304 0.115216
vt 0.702304 0.003635
vt 0.726242 0.012666
vt 0.737693 0.013579
vt 0.737693 0.111657
vt 0.726242 0.105874
vt 0.749143 0.012666
vt 0.749143 0.105874
vt 0.519736 0.242889
vt 0.519736 0.128339
vt 0.530043 0.128406
vt 0.530043 0.242917
vt 0.565389 0.242747
vt 0.561065 0.242733
vt 0.561065 0.128560
vt 0.565389 0.128497
vt 0.505412 0.175249
vt 0.505311 0.073784
vt 0.509777 0.073859
vt 0.509878 0.175248
vt 0.514807 0.118521
vt 0.514807 0.004132
vt 0.605583 0.004132
vt 0.605583 0.118521
vt 0.540400 0.242876
vt 0.540400 0.128628
vt 0.550757 0.242714
vt 0.550757 0.128541
vt 0.515011 0.242932
vt 0.515011 0.128284
vt 0.577726 0.132529
vt 0.668502 0.132529
vt 0.668502 0.246918
vt 0.577726 0.246918
vt 0.505412 0.175286
vt 0.505311 0.073803
vt 0.509778 0.073878
vt 0.509879 0.175286
vt 0.505317 0.008283
vt 0.509782 0.008318
vt 0.505311 0.243716
vt 0.509801 0.243808
vt 0.505316 0.008284
vt 0.509778 0.008331
vt 0.505311 0.243759
vt 0.509802 0.243808
vt 0.700790 0.117939
vt 0.610258 0.117939
vt 0.610258 0.111146
vt 0.695395 0.111140
vt 0.700790 0.003911
vt 0.695395 0.010710
vt 0.610211 0.003911
vt 0.610211 0.010711
vt 0.646198 0.079133
vt 0.639079 0.072158
vt 0.640877 0.069418
vt 0.647207 0.076364
vt 0.646213 0.044326
vt 0.649054 0.042886
vt 0.649004 0.046352
vt 0.647270 0.047027
vt 0.636303 0.061723
vt 0.638290 0.061730
vt 0.639079 0.051297
vt 0.640865 0.054118
vt 0.649074 0.080578
vt 0.649012 0.077044
vt 0.660264 0.040928
vt 0.660264 0.042893
vt 0.650271 0.042893
vt 0.650271 0.040929
vt 0.660265 0.070214
vt 0.660266 0.080343
vt 0.650273 0.080344
vt 0.650273 0.070215
vt 0.660264 0.061615
vt 0.650272 0.061616
vt 0.660264 0.053017
vt 0.650272 0.053017
vt 0.660266 0.082289
vt 0.650273 0.082290
vt 0.646216 0.044326
vt 0.649054 0.042886
vt 0.649002 0.046352
vt 0.647273 0.047021
vt 0.646197 0.079139
vt 0.639098 0.072163
vt 0.640885 0.069419
vt 0.647217 0.076372
vt 0.636303 0.061732
vt 0.638294 0.061726
vt 0.639077 0.051299
vt 0.640868 0.054111
vt 0.649073 0.080573
vt 0.649014 0.077060
vt 0.650272 0.052980
vt 0.650272 0.042897
vt 0.660183 0.042898
vt 0.660183 0.052980
vt 0.650271 0.082290
vt 0.650271 0.080339
vt 0.660183 0.080339
vt 0.660183 0.082290
vt 0.650271 0.061616
vt 0.660183 0.061616
vt 0.650271 0.070251
vt 0.660183 0.070251
vt 0.650272 0.040928
vt 0.660183 0.040928
vt 0.610262 0.117950
vt 0.610262 0.111150
vt 0.695456 0.111152
vt 0.700839 0.117950
vt 0.695456 0.010721
vt 0.700839 0.003922
vt 0.610310 0.010715
vt 0.610310 0.003922
s 0
usemtl books
f 1131/2175/579 1123/2176/579 1126/2177/579 1132/2178/579
f 1132/2178/580 1125/2179/580 1124/2180/580 1131/2175/580
f 1123/2181/581 1131/2182/581 1133/2183/581 1127/2184/581
f 1131/2182/582 1124/2185/582 1128/2186/582 1133/2183/582
f 1127/2187/583 1133/2188/583 1134/2189/583 1130/2190/583
f 1133/2188/584 1128/2191/584 1129/2192/584 1134/2189/584
f 1138/2193/585 1153/2194/585 1149/2195/585 1142/2196/585
f 1143/2197/586 1139/2198/586 1152/2199/586 1148/2200/586
f 1145/2201/587 1146/2202/587 1147/2203/587 1144/2204/587
f 1143/2205/588 1148/2206/588 1146/2207/588 1145/2208/588
f 1141/2209/589 1142/2196/589 1149/2195/589 1150/2210/589
f 1140/2211/590 1141/2209/590 1150/2210/590 1151/2212/590
f 1139/2198/591 1140/2211/591 1151/2212/591 1152/2199/591
f 1138/2193/592 1137/2213/592 1154/2214/592 1153/2194/592
f 1137/2215/593 1135/2216/593 1156/2217/593 1154/2218/593
f 1156/2219/587 1135/2220/587 1136/2221/587 1155/2222/587
f 1135/2220/594 1137/2223/594 1165/2224/594 1136/2221/594
f 1143/2225/594 1145/2201/594 1144/2204/594 1159/2226/594
f 1146/2202/595 1148/2227/595 1179/2228/595 1147/2203/595
f 1154/2229/595 1156/2219/595 1155/2222/595 1173/2230/595
f 1147/2231/596 1179/2232/596 1180/2233/596 1157/2234/596
f 1144/2235/593 1147/2231/593 1157/2234/593 1158/2236/593
f 1159/2237/597 1144/2235/597 1158/2236/597 1172/2238/597
f 1138/2239/594 1142/2240/594 1160/2241/594 1164/2242/594
f 1139/2243/594 1143/2244/594 1159/2245/594 1163/2246/594
f 1142/2240/594 1141/2247/594 1161/2248/594 1160/2241/594
f 1141/2247/594 1140/2249/594 1162/2250/594 1161/2248/594
f 1140/2249/594 1139/2243/594 1163/2246/594 1162/2250/594
f 1137/2251/594 1138/2239/594 1164/2242/594 1165/2252/594
f 1165/2253/598 1164/2254/598 1167/2255/598 1166/2256/598
f 1162/2257/599 1163/2258/599 1168/2259/599 1169/2260/599
f 1161/2261/600 1162/2257/600 1169/2260/600 1170/2262/600
f 1160/2263/601 1161/2261/601 1170/2262/601 1171/2264/601
f 1163/2258/602 1159/2265/602 1172/2266/602 1168/2259/602
f 1164/2254/603 1160/2263/603 1171/2264/603 1167/2255/603
f 1153/2267/595 1154/2268/595 1173/2269/595 1174/2270/595
f 1152/2271/595 1151/2272/595 1176/2273/595 1175/2274/595
f 1151/2272/595 1150/2275/595 1177/2276/595 1176/2273/595
f 1150/2275/595 1149/2277/595 1178/2278/595 1177/2276/595
f 1148/2279/595 1152/2271/595 1175/2274/595 1179/2280/595
f 1149/2277/595 1153/2267/595 1174/2270/595 1178/2278/595
f 1178/2281/604 1174/2282/604 1185/2283/604 1181/2284/604
f 1179/2285/605 1175/2286/605 1184/2287/605 1180/2288/605
f 1177/2289/606 1178/2281/606 1181/2284/606 1182/2290/606
f 1176/2291/607 1177/2289/607 1182/2290/607 1183/2292/607
f 1175/2286/608 1176/2291/608 1183/2292/608 1184/2287/608
f 1174/2282/609 1173/2293/609 1186/2294/609 1185/2283/609
f 1165/2295/610 1166/2296/610 1187/2297/610 1136/2298/610
f 1136/2298/611 1187/2297/611 1188/2299/611 1155/2300/611
f 1155/2300/612 1188/2299/612 1186/2301/612 1173/2302/612
o book15
v 2.457940 0.289769 -0.085282
v 2.457940 0.131599 -0.085282
v 1.936638 0.131599 0.292549
v 1.937586 0.289769 0.291862
v 2.005677 0.289769 -0.709280
v 2.005677 0.131599 -0.709280
v 1.484432 0.131599 -0.331489
v 1.484432 0.289769 -0.331489
v 2.449539 0.210684 -0.086136
v 1.900918 0.210684 0.311496
v 2.003874 0.210684 -0.701030
v 1.455387 0.210684 -0.303496
v 2.473423 0.306371 -0.084515
v 2.473423 0.288261 -0.084515
v 1.960615 0.306371 0.287160
v 1.948895 0.298748 0.295655
v 1.949803 0.121738 0.294997
v 1.919522 0.156884 0.316944
v 1.907989 0.210042 0.325303
v 1.919522 0.263199 0.316944
v 1.960683 0.114022 0.287111
v 2.473490 0.132132 -0.084564
v 2.473490 0.114022 -0.084564
v 2.005133 0.114022 -0.730766
v 2.005133 0.132132 -0.730766
v 1.492325 0.114022 -0.359091
v 1.451164 0.263199 -0.329258
v 1.439631 0.210042 -0.320899
v 1.451164 0.156884 -0.329258
v 1.481445 0.121738 -0.351205
v 1.480538 0.298748 -0.350548
v 1.492258 0.306371 -0.359042
v 2.005065 0.288261 -0.730717
v 2.005065 0.306371 -0.730717
v 2.002483 0.132132 -0.670077
v 2.414990 0.132132 -0.100932
v 1.960170 0.132320 0.287483
v 1.926891 0.248852 0.311603
v 1.916263 0.210056 0.319306
v 1.926891 0.171261 0.311603
v 1.953125 0.135516 0.292589
v 1.953060 0.284635 0.292636
v 1.960121 0.288029 0.287518
v 1.932191 0.288029 0.248982
v 1.925130 0.284635 0.254100
v 1.925195 0.135516 0.254053
v 1.898960 0.171261 0.273067
v 1.888333 0.210056 0.280770
v 1.898960 0.248852 0.273067
v 1.932240 0.132320 0.248947
v 1.492032 0.288424 -0.358879
v 1.484900 0.285013 -0.353709
v 1.484965 0.135138 -0.353757
v 1.458541 0.170866 -0.334605
v 1.447678 0.210056 -0.326732
v 1.458541 0.249246 -0.334605
v 1.492082 0.131925 -0.358915
v 1.519983 0.131925 -0.320420
v 1.486442 0.249246 -0.296110
v 1.475579 0.210056 -0.288237
v 1.486442 0.170866 -0.296110
v 1.512866 0.135138 -0.315262
v 1.512800 0.285013 -0.315214
v 1.519933 0.288424 -0.320384
v 2.414990 0.288662 -0.100932
v 2.002483 0.288662 -0.670077
vn 0.5854 -0.0709 0.8077
vn 0.5854 0.0709 0.8077
vn 0.8071 -0.0794 -0.5850
vn 0.8071 0.0794 -0.5850
vn -0.5854 -0.0709 -0.8077
vn -0.5854 0.0709 -0.8077
vn -0.5667 0.7142 0.4107
vn -0.4032 -0.8672 0.2922
vn 0.8097 -0.0000 -0.5869
vn -0.0000 -1.0000 -0.0000
vn -0.7821 0.2588 0.5669
vn -0.7821 -0.2588 0.5669
vn -0.5545 -0.7287 0.4019
vn -0.3773 0.8848 0.2735
vn -0.0000 1.0000 -0.0000
vn 0.5869 -0.0000 0.8097
vn -0.5869 -0.0000 -0.8097
vn -0.0004 1.0000 0.0001
vn 0.0002 1.0000 -0.0003
vn 0.2937 -0.9319 -0.2129
vn 0.5999 0.6716 -0.4348
vn 0.7670 0.3205 -0.5559
vn 0.7670 -0.3205 -0.5559
vn 0.2792 0.9387 -0.2024
vn 0.6009 -0.6703 -0.4355
vn 0.5988 -0.6731 -0.4340
vn 0.2780 0.9392 -0.2015
vn 0.7660 -0.3239 -0.5552
vn 0.7660 0.3239 -0.5552
vn 0.5978 0.6744 -0.4333
vn 0.2924 -0.9325 -0.2119
vn -0.0021 -1.0000 -0.0041
vn -0.0086 -0.9999 0.0063
vn 0.0025 -1.0000 0.0034
vt 0.487702 0.013352
vt 0.499152 0.012440
vt 0.499152 0.105488
vt 0.487702 0.111454
vt 0.476251 0.105657
vt 0.476251 0.012440
vt 0.475214 0.115013
vt 0.463764 0.114199
vt 0.463764 0.004246
vt 0.475214 0.003432
vt 0.452313 0.115013
vt 0.452313 0.003432
vt 0.476251 0.012464
vt 0.487702 0.013376
vt 0.487702 0.111454
vt 0.476251 0.105671
vt 0.499152 0.012464
vt 0.499152 0.105671
vt 0.269745 0.242686
vt 0.269745 0.128137
vt 0.280052 0.128204
vt 0.280051 0.242714
vt 0.315398 0.242544
vt 0.311074 0.242530
vt 0.311074 0.128357
vt 0.315398 0.128294
vt 0.255421 0.175046
vt 0.255320 0.073581
vt 0.259786 0.073656
vt 0.259887 0.175046
vt 0.264816 0.118319
vt 0.264816 0.003930
vt 0.355592 0.003930
vt 0.355592 0.118319
vt 0.290409 0.242673
vt 0.290409 0.128426
vt 0.300766 0.242511
vt 0.300766 0.128339
vt 0.265020 0.242730
vt 0.265020 0.128081
vt 0.327735 0.132326
vt 0.418511 0.132326
vt 0.418511 0.246716
vt 0.327735 0.246716
vt 0.255421 0.175084
vt 0.255320 0.073601
vt 0.259787 0.073676
vt 0.259888 0.175084
vt 0.255326 0.008081
vt 0.259791 0.008115
vt 0.255320 0.243513
vt 0.259810 0.243606
vt 0.255325 0.008081
vt 0.259787 0.008128
vt 0.255320 0.243557
vt 0.259811 0.243606
vt 0.450799 0.117736
vt 0.360267 0.117736
vt 0.360267 0.110944
vt 0.445404 0.110938
vt 0.450799 0.003708
vt 0.445404 0.010507
vt 0.360219 0.003708
vt 0.360219 0.010508
vt 0.396207 0.078930
vt 0.389088 0.071955
vt 0.390886 0.069215
vt 0.397216 0.076161
vt 0.396222 0.044123
vt 0.399063 0.042683
vt 0.399013 0.046149
vt 0.397279 0.046824
vt 0.386312 0.061521
vt 0.388299 0.061527
vt 0.389088 0.051094
vt 0.390874 0.053915
vt 0.399083 0.080376
vt 0.399021 0.076842
vt 0.410273 0.040725
vt 0.410273 0.042690
vt 0.400280 0.042690
vt 0.400280 0.040726
vt 0.410274 0.070011
vt 0.410274 0.080141
vt 0.400282 0.080141
vt 0.400281 0.070012
vt 0.410273 0.061413
vt 0.400281 0.061413
vt 0.410273 0.052814
vt 0.400281 0.052814
vt 0.410275 0.082087
vt 0.400282 0.082087
vt 0.396225 0.044123
vt 0.399063 0.042683
vt 0.399010 0.046149
vt 0.397282 0.046818
vt 0.396206 0.078936
vt 0.389107 0.071960
vt 0.390894 0.069216
vt 0.397225 0.076169
vt 0.386312 0.061529
vt 0.388303 0.061523
vt 0.389086 0.051096
vt 0.390876 0.053908
vt 0.399081 0.080370
vt 0.399022 0.076857
vt 0.400281 0.052777
vt 0.400281 0.042695
vt 0.410192 0.042695
vt 0.410192 0.052777
vt 0.400280 0.082087
vt 0.400280 0.080136
vt 0.410192 0.080136
vt 0.410192 0.082087
vt 0.400280 0.061413
vt 0.410192 0.061413
vt 0.400280 0.070048
vt 0.410192 0.070049
vt 0.400281 0.040725
vt 0.410192 0.040726
vt 0.360271 0.117748
vt 0.360271 0.110948
vt 0.445465 0.110949
vt 0.450848 0.117748
vt 0.445465 0.010518
vt 0.450848 0.003720
vt 0.360319 0.010512
vt 0.360319 0.003720
s 0
usemtl books
f 1197/2303/613 1189/2304/613 1192/2305/613 1198/2306/613
f 1198/2306/614 1191/2307/614 1190/2308/614 1197/2303/614
f 1189/2309/615 1197/2310/615 1199/2311/615 1193/2312/615
f 1197/2310/616 1190/2313/616 1194/2314/616 1199/2311/616
f 1193/2315/617 1199/2316/617 1200/2317/617 1196/2318/617
f 1199/2316/618 1194/2319/618 1195/2320/618 1200/2317/618
f 1204/2321/619 1219/2322/619 1215/2323/619 1208/2324/619
f 1209/2325/620 1205/2326/620 1218/2327/620 1214/2328/620
f 1211/2329/621 1212/2330/621 1213/2331/621 1210/2332/621
f 1209/2333/622 1214/2334/622 1212/2335/622 1211/2336/622
f 1207/2337/623 1208/2324/623 1215/2323/623 1216/2338/623
f 1206/2339/624 1207/2337/624 1216/2338/624 1217/2340/624
f 1205/2326/625 1206/2339/625 1217/2340/625 1218/2327/625
f 1204/2321/626 1203/2341/626 1220/2342/626 1219/2322/626
f 1203/2343/627 1201/2344/627 1222/2345/627 1220/2346/627
f 1222/2347/621 1201/2348/621 1202/2349/621 1221/2350/621
f 1201/2348/628 1203/2351/628 1231/2352/628 1202/2349/628
f 1209/2353/628 1211/2329/628 1210/2332/628 1225/2354/628
f 1212/2330/629 1214/2355/629 1245/2356/629 1213/2331/629
f 1220/2357/629 1222/2347/629 1221/2350/629 1239/2358/629
f 1213/2359/630 1245/2360/630 1246/2361/630 1223/2362/630
f 1210/2363/627 1213/2359/627 1223/2362/627 1224/2364/627
f 1225/2365/631 1210/2363/631 1224/2364/631 1238/2366/631
f 1204/2367/628 1208/2368/628 1226/2369/628 1230/2370/628
f 1205/2371/628 1209/2372/628 1225/2373/628 1229/2374/628
f 1208/2368/628 1207/2375/628 1227/2376/628 1226/2369/628
f 1207/2375/628 1206/2377/628 1228/2378/628 1227/2376/628
f 1206/2377/628 1205/2371/628 1229/2374/628 1228/2378/628
f 1203/2379/628 1204/2367/628 1230/2370/628 1231/2380/628
f 1231/2381/632 1230/2382/632 1233/2383/632 1232/2384/632
f 1228/2385/633 1229/2386/633 1234/2387/633 1235/2388/633
f 1227/2389/634 1228/2385/634 1235/2388/634 1236/2390/634
f 1226/2391/635 1227/2389/635 1236/2390/635 1237/2392/635
f 1229/2386/636 1225/2393/636 1238/2394/636 1234/2387/636
f 1230/2382/637 1226/2391/637 1237/2392/637 1233/2383/637
f 1219/2395/629 1220/2396/629 1239/2397/629 1240/2398/629
f 1218/2399/629 1217/2400/629 1242/2401/629 1241/2402/629
f 1217/2400/629 1216/2403/629 1243/2404/629 1242/2401/629
f 1216/2403/629 1215/2405/629 1244/2406/629 1243/2404/629
f 1214/2407/629 1218/2399/629 1241/2402/629 1245/2408/629
f 1215/2405/629 1219/2395/629 1240/2398/629 1244/2406/629
f 1244/2409/638 1240/2410/638 1251/2411/638 1247/2412/638
f 1245/2413/639 1241/2414/639 1250/2415/639 1246/2416/639
f 1243/2417/640 1244/2409/640 1247/2412/640 1248/2418/640
f 1242/2419/641 1243/2417/641 1248/2418/641 1249/2420/641
f 1241/2414/642 1242/2419/642 1249/2420/642 1250/2415/642
f 1240/2410/643 1239/2421/643 1252/2422/643 1251/2411/643
f 1231/2423/644 1232/2424/644 1253/2425/644 1202/2426/644
f 1202/2426/645 1253/2425/645 1254/2427/645 1221/2428/645
f 1221/2428/646 1254/2427/646 1252/2429/646 1239/2430/646
o book14
v 2.534383 0.096763 -0.145245
v 2.534383 -0.061407 -0.145245
v 2.052670 -0.061407 0.281913
v 2.053545 0.096763 0.281137
v 2.023076 0.096763 -0.721855
v 2.023076 -0.061407 -0.721855
v 1.541415 -0.061407 -0.294743
v 1.541415 0.096763 -0.294743
v 2.525939 0.017678 -0.145270
v 2.018981 0.017678 0.304274
v 2.022091 0.017678 -0.713469
v 1.515257 0.017678 -0.264035
v 2.549867 0.113366 -0.146001
v 2.549867 0.095255 -0.146001
v 2.076003 0.113366 0.274198
v 2.065173 0.105743 0.283801
v 2.066011 -0.071268 0.283058
v 2.038030 -0.036121 0.307870
v 2.027373 0.017036 0.317320
v 2.038030 0.070193 0.307870
v 2.076065 -0.078984 0.274143
v 2.549929 -0.060873 -0.146056
v 2.549929 -0.078984 -0.146056
v 2.020427 -0.078984 -0.743185
v 2.020427 -0.060873 -0.743185
v 1.546562 -0.078984 -0.322986
v 1.508527 0.070193 -0.289258
v 1.497870 0.017036 -0.279808
v 1.508527 -0.036121 -0.289258
v 1.536508 -0.071268 -0.314071
v 1.535670 0.105743 -0.313327
v 1.546500 0.113366 -0.322931
v 2.020364 0.095255 -0.743129
v 2.020364 0.113366 -0.743129
v 2.023744 -0.060873 -0.682529
v 2.490106 -0.060873 -0.156605
v 2.075592 -0.060686 0.274563
v 2.044839 0.055846 0.301832
v 2.035019 0.017051 0.310540
v 2.044839 -0.021745 0.301832
v 2.069082 -0.057490 0.280335
v 2.069021 0.091629 0.280388
v 2.075546 0.095023 0.274603
v 2.043969 0.095023 0.238993
v 2.037445 0.091629 0.244779
v 2.037505 -0.057490 0.244726
v 2.013263 -0.021745 0.266223
v 2.003442 0.017051 0.274931
v 2.013263 0.055846 0.266223
v 2.044015 -0.060686 0.238953
v 1.546291 0.095419 -0.322746
v 1.539700 0.092007 -0.316902
v 1.539761 -0.057868 -0.316955
v 1.515344 -0.022140 -0.295303
v 1.505306 0.017050 -0.286402
v 1.515344 0.056240 -0.295303
v 1.546337 -0.061081 -0.322787
v 1.577880 -0.061081 -0.287215
v 1.546887 0.056240 -0.259732
v 1.536849 0.017050 -0.250830
v 1.546887 -0.022140 -0.259732
v 1.571304 -0.057868 -0.281384
v 1.571244 0.092007 -0.281330
v 1.577834 0.095419 -0.287174
v 2.490106 0.095657 -0.156605
v 2.023744 0.095657 -0.682529
vn 0.6618 -0.0709 0.7463
vn 0.6618 0.0709 0.7463
vn 0.7458 -0.0794 -0.6614
vn 0.7458 0.0794 -0.6614
vn -0.6618 -0.0709 -0.7463
vn -0.6618 0.0709 -0.7463
vn -0.5237 0.7142 0.4644
vn -0.3726 -0.8672 0.3304
vn 0.7482 -0.0000 -0.6635
vn -0.0000 -1.0000 -0.0000
vn -0.7227 0.2588 0.6409
vn -0.7227 -0.2588 0.6409
vn -0.5124 -0.7287 0.4544
vn -0.3487 0.8848 0.3092
vn -0.0000 1.0000 -0.0000
vn 0.6635 -0.0000 0.7482
vn -0.6635 -0.0000 -0.7482
vn -0.0003 1.0000 0.0001
vn 0.0001 1.0000 -0.0003
vn 0.2714 -0.9319 -0.2406
vn 0.5544 0.6716 -0.4916
vn 0.7087 0.3205 -0.6285
vn 0.7087 -0.3205 -0.6285
vn 0.2580 0.9387 -0.2288
vn 0.5552 -0.6703 -0.4924
vn 0.5533 -0.6731 -0.4907
vn 0.2569 0.9392 -0.2278
vn 0.7079 -0.3239 -0.6277
vn 0.7079 0.3239 -0.6277
vn 0.5524 0.6744 -0.4899
vn 0.2702 -0.9325 -0.2396
vn -0.0025 -1.0000 -0.0038
vn -0.0080 -0.9999 0.0071
vn 0.0029 -1.0000 0.0031
vt 0.237550 0.013329
vt 0.249001 0.012416
vt 0.249001 0.105464
vt 0.237550 0.111431
vt 0.226100 0.105634
vt 0.226100 0.012416
vt 0.225062 0.114990
vt 0.213612 0.114176
vt 0.213612 0.004223
vt 0.225062 0.003409
vt 0.202161 0.114990
vt 0.202161 0.003409
vt 0.226100 0.012440
vt 0.237550 0.013353
vt 0.237550 0.111431
vt 0.226100 0.105648
vt 0.249001 0.012440
vt 0.249001 0.105648
vt 0.019593 0.242663
vt 0.019593 0.128114
vt 0.029900 0.128181
vt 0.029900 0.242691
vt 0.065246 0.242521
vt 0.060922 0.242507
vt 0.060922 0.128334
vt 0.065246 0.128271
vt 0.005269 0.175023
vt 0.005169 0.073558
vt 0.009635 0.073633
vt 0.009735 0.175023
vt 0.014664 0.118296
vt 0.014664 0.003906
vt 0.105440 0.003906
vt 0.105440 0.118296
vt 0.040257 0.242650
vt 0.040257 0.128402
vt 0.050614 0.242488
vt 0.050614 0.128315
vt 0.014868 0.242707
vt 0.014868 0.128058
vt 0.077584 0.132303
vt 0.168360 0.132303
vt 0.168360 0.246692
vt 0.077584 0.246692
vt 0.005269 0.175061
vt 0.005169 0.073578
vt 0.009636 0.073653
vt 0.009736 0.175061
vt 0.005175 0.008057
vt 0.009639 0.008092
vt 0.005169 0.243490
vt 0.009659 0.243583
vt 0.005174 0.008058
vt 0.009636 0.008105
vt 0.005169 0.243533
vt 0.009659 0.243583
vt 0.200648 0.117713
vt 0.110115 0.117713
vt 0.110115 0.110920
vt 0.195252 0.110915
vt 0.200648 0.003685
vt 0.195252 0.010484
vt 0.110068 0.003685
vt 0.110068 0.010485
vt 0.146055 0.078907
vt 0.138937 0.071932
vt 0.140734 0.069192
vt 0.147064 0.076138
vt 0.146070 0.044100
vt 0.148912 0.042660
vt 0.148862 0.046126
vt 0.147128 0.046801
vt 0.136160 0.061498
vt 0.138147 0.061504
vt 0.138937 0.051071
vt 0.140723 0.053892
vt 0.148932 0.080352
vt 0.148870 0.076818
vt 0.160121 0.040702
vt 0.160121 0.042667
vt 0.150129 0.042667
vt 0.150129 0.040703
vt 0.160122 0.069988
vt 0.160123 0.080117
vt 0.150130 0.080118
vt 0.150130 0.069989
vt 0.160122 0.061389
vt 0.150129 0.061390
vt 0.160122 0.052791
vt 0.150129 0.052791
vt 0.160123 0.082064
vt 0.150131 0.082064
vt 0.146073 0.044100
vt 0.148911 0.042660
vt 0.148859 0.046126
vt 0.147130 0.046795
vt 0.146054 0.078913
vt 0.138955 0.071937
vt 0.140743 0.069193
vt 0.147074 0.076146
vt 0.136160 0.061506
vt 0.138151 0.061500
vt 0.138934 0.051073
vt 0.140725 0.053885
vt 0.148930 0.080347
vt 0.148871 0.076834
vt 0.150129 0.052754
vt 0.150129 0.042672
vt 0.160040 0.042672
vt 0.160040 0.052754
vt 0.150129 0.082064
vt 0.150129 0.080113
vt 0.160040 0.080113
vt 0.160040 0.082064
vt 0.150129 0.061390
vt 0.160040 0.061390
vt 0.150129 0.070025
vt 0.160040 0.070025
vt 0.150129 0.040702
vt 0.160040 0.040703
vt 0.110120 0.117724
vt 0.110120 0.110925
vt 0.195313 0.110926
vt 0.200696 0.117724
vt 0.195313 0.010495
vt 0.200696 0.003696
vt 0.110167 0.010489
vt 0.110167 0.003696
s 0
usemtl books
f 1263/2431/647 1255/2432/647 1258/2433/647 1264/2434/647
f 1264/2434/648 1257/2435/648 1256/2436/648 1263/2431/648
f 1255/2437/649 1263/2438/649 1265/2439/649 1259/2440/649
f 1263/2438/650 1256/2441/650 1260/2442/650 1265/2439/650
f 1259/2443/651 1265/2444/651 1266/2445/651 1262/2446/651
f 1265/2444/652 1260/2447/652 1261/2448/652 1266/2445/652
f 1270/2449/653 1285/2450/653 1281/2451/653 1274/2452/653
f 1275/2453/654 1271/2454/654 1284/2455/654 1280/2456/654
f 1277/2457/655 1278/2458/655 1279/2459/655 1276/2460/655
f 1275/2461/656 1280/2462/656 1278/2463/656 1277/2464/656
f 1273/2465/657 1274/2452/657 1281/2451/657 1282/2466/657
f 1272/2467/658 1273/2465/658 1282/2466/658 1283/2468/658
f 1271/2454/659 1272/2467/659 1283/2468/659 1284/2455/659
f 1270/2449/660 1269/2469/660 1286/2470/660 1285/2450/660
f 1269/2471/661 1267/2472/661 1288/2473/661 1286/2474/661
f 1288/2475/655 1267/2476/655 1268/2477/655 1287/2478/655
f 1267/2476/662 1269/2479/662 1297/2480/662 1268/2477/662
f 1275/2481/662 1277/2457/662 1276/2460/662 1291/2482/662
f 1278/2458/663 1280/2483/663 1311/2484/663 1279/2459/663
f 1286/2485/663 1288/2475/663 1287/2478/663 1305/2486/663
f 1279/2487/664 1311/2488/664 1312/2489/664 1289/2490/664
f 1276/2491/661 1279/2487/661 1289/2490/661 1290/2492/661
f 1291/2493/665 1276/2491/665 1290/2492/665 1304/2494/665
f 1270/2495/662 1274/2496/662 1292/2497/662 1296/2498/662
f 1271/2499/662 1275/2500/662 1291/2501/662 1295/2502/662
f 1274/2496/662 1273/2503/662 1293/2504/662 1292/2497/662
f 1273/2503/662 1272/2505/662 1294/2506/662 1293/2504/662
f 1272/2505/662 1271/2499/662 1295/2502/662 1294/2506/662
f 1269/2507/662 1270/2495/662 1296/2498/662 1297/2508/662
f 1297/2509/666 1296/2510/666 1299/2511/666 1298/2512/666
f 1294/2513/667 1295/2514/667 1300/2515/667 1301/2516/667
f 1293/2517/668 1294/2513/668 1301/2516/668 1302/2518/668
f 1292/2519/669 1293/2517/669 1302/2518/669 1303/2520/669
f 1295/2514/670 1291/2521/670 1304/2522/670 1300/2515/670
f 1296/2510/671 1292/2519/671 1303/2520/671 1299/2511/671
f 1285/2523/663 1286/2524/663 1305/2525/663 1306/2526/663
f 1284/2527/663 1283/2528/663 1308/2529/663 1307/2530/663
f 1283/2528/663 1282/2531/663 1309/2532/663 1308/2529/663
f 1282/2531/663 1281/2533/663 1310/2534/663 1309/2532/663
f 1280/2535/663 1284/2527/663 1307/2530/663 1311/2536/663
f 1281/2533/663 1285/2523/663 1306/2526/663 1310/2534/663
f 1310/2537/672 1306/2538/672 1317/2539/672 1313/2540/672
f 1311/2541/673 1307/2542/673 1316/2543/673 1312/2544/673
f 1309/2545/674 1310/2537/674 1313/2540/674 1314/2546/674
f 1308/2547/675 1309/2545/675 1314/2546/675 1315/2548/675
f 1307/2542/676 1308/2547/676 1315/2548/676 1316/2543/676
f 1306/2538/677 1305/2549/677 1318/2550/677 1317/2539/677
f 1297/2551/678 1298/2552/678 1319/2553/678 1268/2554/678
f 1268/2554/679 1319/2553/679 1320/2555/679 1287/2556/679
f 1287/2556/680 1320/2555/680 1318/2557/680 1305/2558/680
o book13
v 1.465250 0.251997 0.234993
v 1.465250 0.130350 0.234993
v 1.093158 0.130350 0.561692
v 1.093834 0.251997 0.561099
v 1.074192 0.251997 -0.210400
v 1.074192 0.130350 -0.210400
v 0.702141 0.130350 0.116263
v 0.702141 0.251997 0.116263
v 1.458756 0.191174 0.234942
v 1.067164 0.191174 0.578762
v 1.073403 0.191174 -0.203954
v 0.681907 0.191174 0.139782
v 1.477161 0.264766 0.234471
v 1.477161 0.250838 0.234471
v 1.111132 0.264766 0.555847
v 1.102767 0.258903 0.563192
v 1.103414 0.122766 0.562623
v 1.081801 0.149797 0.581600
v 1.073569 0.190680 0.588828
v 1.081801 0.231563 0.581600
v 1.111180 0.116832 0.555804
v 1.477210 0.130760 0.234429
v 1.477210 0.116832 0.234429
v 1.072236 0.116832 -0.226814
v 1.072236 0.130760 -0.226814
v 0.706206 0.116832 0.094561
v 0.676827 0.231563 0.120357
v 0.668595 0.190680 0.127585
v 0.676827 0.149797 0.120357
v 0.698440 0.122766 0.101380
v 0.697793 0.258903 0.101949
v 0.706158 0.264766 0.094604
v 1.072187 0.250838 -0.226772
v 1.072187 0.264766 -0.226772
v 1.074558 0.130760 -0.180152
v 1.431240 0.130760 0.226089
v 1.110815 0.130905 0.556126
v 1.087060 0.220528 0.576982
v 1.079475 0.190691 0.583642
v 1.087060 0.160854 0.576982
v 1.105786 0.133363 0.560541
v 1.105740 0.248049 0.560581
v 1.110779 0.250659 0.556156
v 1.086629 0.250659 0.528650
v 1.081589 0.248049 0.533075
v 1.081636 0.133363 0.533035
v 1.062910 0.160854 0.549476
v 1.055324 0.190691 0.556136
v 1.062910 0.220528 0.549476
v 1.086664 0.130905 0.528620
v 0.705997 0.250963 0.094745
v 0.700906 0.248340 0.099215
v 0.700953 0.133072 0.099174
v 0.682092 0.160550 0.115734
v 0.674338 0.190691 0.122542
v 0.682092 0.220831 0.115734
v 0.706033 0.130601 0.094714
v 0.730157 0.130601 0.122191
v 0.706217 0.220831 0.143211
v 0.698463 0.190691 0.150018
v 0.706217 0.160550 0.143211
v 0.725078 0.133072 0.126651
v 0.725031 0.248340 0.126692
v 0.730122 0.250963 0.122222
v 1.431240 0.251147 0.226089
v 1.074558 0.251147 -0.180152
vn 0.6581 -0.0709 0.7496
vn 0.6581 0.0709 0.7496
vn 0.7491 -0.0794 -0.6577
vn 0.7491 0.0794 -0.6577
vn -0.6581 -0.0709 -0.7496
vn -0.6581 0.0709 -0.7496
vn -0.5259 0.7142 0.4618
vn -0.3742 -0.8672 0.3286
vn 0.7515 -0.0000 -0.6598
vn -0.0000 -1.0000 -0.0000
vn -0.7259 0.2588 0.6373
vn -0.7259 -0.2588 0.6373
vn -0.5146 -0.7287 0.4518
vn -0.3502 0.8848 0.3074
vn -0.0000 1.0000 -0.0000
vn 0.6598 -0.0000 0.7515
vn -0.6598 -0.0000 -0.7515
vn -0.0003 1.0000 0.0001
vn 0.0001 1.0000 -0.0003
vn 0.2726 -0.9319 -0.2393
vn 0.5568 0.6716 -0.4888
vn 0.7118 0.3205 -0.6250
vn 0.7118 -0.3205 -0.6250
vn 0.2591 0.9387 -0.2275
vn 0.5577 -0.6703 -0.4896
vn 0.5557 -0.6731 -0.4879
vn 0.2580 0.9392 -0.2265
vn 0.7110 -0.3239 -0.6242
vn 0.7110 0.3239 -0.6242
vn 0.5548 0.6744 -0.4871
vn 0.2714 -0.9325 -0.2383
vn -0.0024 -1.0000 -0.0038
vn -0.0080 -0.9999 0.0070
vn 0.0028 -1.0000 0.0031
vt 0.987665 0.263225
vt 0.999115 0.262312
vt 0.999115 0.355360
vt 0.987665 0.361327
vt 0.976215 0.355530
vt 0.976215 0.262312
vt 0.975177 0.364886
vt 0.963727 0.364072
vt 0.963727 0.254119
vt 0.975177 0.253305
vt 0.952276 0.364886
vt 0.952276 0.253305
vt 0.976215 0.262336
vt 0.987665 0.263249
vt 0.987665 0.361327
vt 0.976215 0.355544
vt 0.999115 0.262336
vt 0.999115 0.355544
vt 0.769708 0.492559
vt 0.769708 0.378009
vt 0.780015 0.378076
vt 0.780015 0.492587
vt 0.815361 0.492417
vt 0.811037 0.492403
vt 0.811037 0.378230
vt 0.815361 0.378167
vt 0.755384 0.424919
vt 0.755283 0.323454
vt 0.759749 0.323529
vt 0.759850 0.424919
vt 0.764779 0.368192
vt 0.764779 0.253802
vt 0.855555 0.253802
vt 0.855555 0.368192
vt 0.790372 0.492546
vt 0.790372 0.378298
vt 0.800729 0.492384
vt 0.800729 0.378211
vt 0.764983 0.492602
vt 0.764983 0.377954
vt 0.827699 0.382199
vt 0.918474 0.382199
vt 0.918474 0.496588
vt 0.827699 0.496588
vt 0.755384 0.424957
vt 0.755283 0.323474
vt 0.759750 0.323548
vt 0.759851 0.424956
vt 0.755289 0.257953
vt 0.759754 0.257988
vt 0.755283 0.493386
vt 0.759773 0.493479
vt 0.755288 0.257954
vt 0.759751 0.258001
vt 0.755283 0.493429
vt 0.759774 0.493479
vt 0.950763 0.367609
vt 0.860230 0.367609
vt 0.860230 0.360816
vt 0.945367 0.360810
vt 0.950763 0.253581
vt 0.945367 0.260380
vt 0.860183 0.253581
vt 0.860183 0.260381
vt 0.896170 0.328803
vt 0.889051 0.321828
vt 0.890849 0.319088
vt 0.897179 0.326034
vt 0.896185 0.293996
vt 0.899026 0.292556
vt 0.898976 0.296022
vt 0.897242 0.296697
vt 0.886275 0.311393
vt 0.888262 0.311400
vt 0.889051 0.300967
vt 0.890837 0.303788
vt 0.899046 0.330248
vt 0.898984 0.326714
vt 0.910236 0.290598
vt 0.910236 0.292563
vt 0.900243 0.292563
vt 0.900243 0.290599
vt 0.910237 0.319884
vt 0.910238 0.330013
vt 0.900245 0.330014
vt 0.900245 0.319885
vt 0.910237 0.311285
vt 0.900244 0.311286
vt 0.910236 0.302687
vt 0.900244 0.302687
vt 0.910238 0.331959
vt 0.900245 0.331960
vt 0.896188 0.293996
vt 0.899026 0.292556
vt 0.898974 0.296022
vt 0.897245 0.296691
vt 0.896169 0.328809
vt 0.889070 0.321833
vt 0.890857 0.319089
vt 0.897189 0.326042
vt 0.886275 0.311402
vt 0.888266 0.311396
vt 0.889049 0.300969
vt 0.890840 0.303781
vt 0.899045 0.330243
vt 0.898986 0.326730
vt 0.900244 0.302650
vt 0.900244 0.292568
vt 0.910155 0.292568
vt 0.910155 0.302650
vt 0.900243 0.331960
vt 0.900243 0.330009
vt 0.910155 0.330009
vt 0.910155 0.331960
vt 0.900243 0.311286
vt 0.910155 0.311286
vt 0.900243 0.319921
vt 0.910155 0.319921
vt 0.900244 0.290598
vt 0.910155 0.290598
vt 0.860234 0.367620
vt 0.860234 0.360820
vt 0.945428 0.360822
vt 0.950811 0.367620
vt 0.945428 0.260391
vt 0.950811 0.253592
vt 0.860282 0.260385
vt 0.860282 0.253592
s 0
usemtl books
f 1329/2559/681 1321/2560/681 1324/2561/681 1330/2562/681
f 1330/2562/682 1323/2563/682 1322/2564/682 1329/2559/682
f 1321/2565/683 1329/2566/683 1331/2567/683 1325/2568/683
f 1329/2566/684 1322/2569/684 1326/2570/684 1331/2567/684
f 1325/2571/685 1331/2572/685 1332/2573/685 1328/2574/685
f 1331/2572/686 1326/2575/686 1327/2576/686 1332/2573/686
f 1336/2577/687 1351/2578/687 1347/2579/687 1340/2580/687
f 1341/2581/688 1337/2582/688 1350/2583/688 1346/2584/688
f 1343/2585/689 1344/2586/689 1345/2587/689 1342/2588/689
f 1341/2589/690 1346/2590/690 1344/2591/690 1343/2592/690
f 1339/2593/691 1340/2580/691 1347/2579/691 1348/2594/691
f 1338/2595/692 1339/2593/692 1348/2594/692 1349/2596/692
f 1337/2582/693 1338/2595/693 1349/2596/693 1350/2583/693
f 1336/2577/694 1335/2597/694 1352/2598/694 1351/2578/694
f 1335/2599/695 1333/2600/695 1354/2601/695 1352/2602/695
f 1354/2603/689 1333/2604/689 1334/2605/689 1353/2606/689
f 1333/2604/696 1335/2607/696 1363/2608/696 1334/2605/696
f 1341/2609/696 1343/2585/696 1342/2588/696 1357/2610/696
f 1344/2586/697 1346/2611/697 1377/2612/697 1345/2587/697
f 1352/2613/697 1354/2603/697 1353/2606/697 1371/2614/697
f 1345/2615/698 1377/2616/698 1378/2617/698 1355/2618/698
f 1342/2619/695 1345/2615/695 1355/2618/695 1356/2620/695
f 1357/2621/699 1342/2619/699 1356/2620/699 1370/2622/699
f 1336/2623/696 1340/2624/696 1358/2625/696 1362/2626/696
f 1337/2627/696 1341/2628/696 1357/2629/696 1361/2630/696
f 1340/2624/696 1339/2631/696 1359/2632/696 1358/2625/696
f 1339/2631/696 1338/2633/696 1360/2634/696 1359/2632/696
f 1338/2633/696 1337/2627/696 1361/2630/696 1360/2634/696
f 1335/2635/696 1336/2623/696 1362/2626/696 1363/2636/696
f 1363/2637/700 1362/2638/700 1365/2639/700 1364/2640/700
f 1360/2641/701 1361/2642/701 1366/2643/701 1367/2644/701
f 1359/2645/702 1360/2641/702 1367/2644/702 1368/2646/702
f 1358/2647/703 1359/2645/703 1368/2646/703 1369/2648/703
f 1361/2642/704 1357/2649/704 1370/2650/704 1366/2643/704
f 1362/2638/705 1358/2647/705 1369/2648/705 1365/2639/705
f 1351/2651/697 1352/2652/697 1371/2653/697 1372/2654/697
f 1350/2655/697 1349/2656/697 1374/2657/697 1373/2658/697
f 1349/2656/697 1348/2659/697 1375/2660/697 1374/2657/697
f 1348/2659/697 1347/2661/697 1376/2662/697 1375/2660/697
f 1346/2663/697 1350/2655/697 1373/2658/697 1377/2664/697
f 1347/2661/697 1351/2651/697 1372/2654/697 1376/2662/697
f 1376/2665/706 1372/2666/706 1383/2667/706 1379/2668/706
f 1377/2669/707 1373/2670/707 1382/2671/707 1378/2672/707
f 1375/2673/708 1376/2665/708 1379/2668/708 1380/2674/708
f 1374/2675/709 1375/2673/709 1380/2674/709 1381/2676/709
f 1373/2670/710 1374/2675/710 1381/2676/710 1382/2671/710
f 1372/2666/711 1371/2677/711 1384/2678/711 1383/2667/711
f 1363/2679/712 1364/2680/712 1385/2681/712 1334/2682/712
f 1334/2682/713 1385/2681/713 1386/2683/713 1353/2684/713
f 1353/2684/714 1386/2683/714 1384/2685/714 1371/2686/714
o book12
v 1.595437 0.096763 0.133990
v 1.595437 -0.061407 0.133990
v 1.185273 -0.061407 0.630254
v 1.186018 0.096763 0.629352
v 1.001411 0.096763 -0.356975
v 1.001411 -0.061407 -0.356975
v 0.591291 -0.061407 0.139234
v 0.591291 0.096763 0.139234
v 1.587090 0.017678 0.135266
v 1.155430 0.017678 0.657537
v 1.001729 0.017678 -0.348537
v 0.570176 0.017678 0.173605
v 1.610619 0.113366 0.130859
v 1.610619 0.095255 0.130859
v 1.207138 0.113366 0.619036
v 1.197917 0.105743 0.630193
v 1.198631 -0.071268 0.629329
v 1.174805 -0.036121 0.658156
v 1.165731 0.017036 0.669135
v 1.174805 0.070193 0.658156
v 1.207191 -0.078984 0.618972
v 1.610672 -0.060873 0.130795
v 1.610672 -0.078984 0.130795
v 0.995507 -0.078984 -0.377643
v 0.995507 -0.060873 -0.377643
v 0.592026 -0.078984 0.110535
v 0.559640 0.070193 0.149719
v 0.550566 0.017036 0.160698
v 0.559640 -0.036121 0.149719
v 0.583466 -0.071268 0.120892
v 0.582752 0.105743 0.121756
v 0.591973 0.113366 0.110599
v 0.995454 0.095255 -0.377578
v 0.995454 0.113366 -0.377578
v 1.008129 -0.060873 -0.318221
v 1.549937 -0.060873 0.129587
v 1.206788 -0.060686 0.619460
v 1.180603 0.055846 0.651141
v 1.172241 0.017051 0.661258
v 1.180603 -0.021745 0.651141
v 1.201245 -0.057490 0.626166
v 1.201194 0.091629 0.626228
v 1.206749 0.095023 0.619507
v 1.170064 0.095023 0.589186
v 1.164509 0.091629 0.595908
v 1.164560 -0.057490 0.595846
v 1.143918 -0.021745 0.620821
v 1.135556 0.017051 0.630938
v 1.143918 0.055846 0.620821
v 1.170103 -0.060686 0.589139
v 0.591796 0.095419 0.110814
v 0.586184 0.092007 0.117604
v 0.586235 -0.057868 0.117541
v 0.565445 -0.022140 0.142696
v 0.556898 0.017050 0.153037
v 0.565445 0.056240 0.142696
v 0.591835 -0.061081 0.110766
v 0.628481 -0.061081 0.141055
v 0.602091 0.056240 0.172984
v 0.593544 0.017050 0.183326
v 0.602091 -0.022140 0.172984
v 0.622882 -0.057868 0.147829
v 0.622830 0.092007 0.147892
v 0.628442 0.095419 0.141102
v 1.549937 0.095657 0.129587
v 1.008129 0.095657 -0.318221
vn 0.7689 -0.0709 0.6355
vn 0.7689 0.0709 0.6355
vn 0.6351 -0.0794 -0.7684
vn 0.6351 0.0794 -0.7684
vn -0.7689 -0.0709 -0.6355
vn -0.7689 0.0709 -0.6355
vn -0.4459 0.7142 0.5395
vn -0.3172 -0.8672 0.3838
vn 0.6371 -0.0000 -0.7708
vn -0.0000 -1.0000 -0.0000
vn -0.6154 0.2588 0.7445
vn -0.6154 -0.2588 0.7445
vn -0.4363 -0.7287 0.5279
vn -0.2969 0.8848 0.3592
vn -0.0000 1.0000 -0.0000
vn 0.7708 -0.0000 0.6371
vn -0.7708 -0.0000 -0.6371
vn -0.0003 1.0000 0.0002
vn 0.0001 1.0000 -0.0003
vn 0.2311 -0.9319 -0.2796
vn 0.4720 0.6716 -0.5711
vn 0.6035 0.3205 -0.7301
vn 0.6035 -0.3205 -0.7301
vn 0.2197 0.9387 -0.2658
vn 0.4728 -0.6703 -0.5720
vn 0.4711 -0.6731 -0.5700
vn 0.2187 0.9392 -0.2646
vn 0.6027 -0.3239 -0.7293
vn 0.6027 0.3239 -0.7293
vn 0.4704 0.6744 -0.5691
vn 0.2301 -0.9325 -0.2783
vn -0.0030 -1.0000 -0.0034
vn -0.0068 -0.9999 0.0082
vn 0.0033 -1.0000 0.0027
vt 0.737595 0.263500
vt 0.749045 0.262587
vt 0.749045 0.355635
vt 0.737595 0.361602
vt 0.726144 0.355805
vt 0.726144 0.262587
vt 0.725107 0.365160
vt 0.713656 0.364347
vt 0.713656 0.254393
vt 0.725107 0.253579
vt 0.702206 0.365160
vt 0.702206 0.253579
vt 0.726144 0.262611
vt 0.737595 0.263524
vt 0.737595 0.361602
vt 0.726144 0.355819
vt 0.749045 0.262611
vt 0.749045 0.355819
vt 0.519637 0.492833
vt 0.519637 0.378284
vt 0.529944 0.378351
vt 0.529944 0.492862
vt 0.565291 0.492692
vt 0.560967 0.492678
vt 0.560967 0.378505
vt 0.565291 0.378442
vt 0.505314 0.425194
vt 0.505213 0.323729
vt 0.509679 0.323804
vt 0.509780 0.425193
vt 0.514709 0.368466
vt 0.514709 0.254077
vt 0.605485 0.254077
vt 0.605485 0.368466
vt 0.540301 0.492821
vt 0.540302 0.378573
vt 0.550658 0.492659
vt 0.550658 0.378486
vt 0.514913 0.492877
vt 0.514913 0.378229
vt 0.577628 0.382474
vt 0.668404 0.382474
vt 0.668404 0.496863
vt 0.577628 0.496863
vt 0.505314 0.425231
vt 0.505213 0.323748
vt 0.509680 0.323823
vt 0.509781 0.425231
vt 0.505219 0.258228
vt 0.509683 0.258262
vt 0.505213 0.493660
vt 0.509703 0.493753
vt 0.505218 0.258229
vt 0.509680 0.258276
vt 0.505213 0.493704
vt 0.509704 0.493753
vt 0.700692 0.367884
vt 0.610160 0.367884
vt 0.610160 0.361091
vt 0.695297 0.361085
vt 0.700692 0.253856
vt 0.695297 0.260655
vt 0.610112 0.253856
vt 0.610112 0.260656
vt 0.646099 0.329078
vt 0.638981 0.322103
vt 0.640778 0.319363
vt 0.647109 0.326309
vt 0.646115 0.294271
vt 0.648956 0.292831
vt 0.648906 0.296297
vt 0.647172 0.296971
vt 0.636205 0.311668
vt 0.638191 0.311675
vt 0.638981 0.301241
vt 0.640767 0.304062
vt 0.648976 0.330523
vt 0.648914 0.326989
vt 0.660165 0.290873
vt 0.660165 0.292838
vt 0.650173 0.292838
vt 0.650173 0.290873
vt 0.660167 0.320159
vt 0.660167 0.330288
vt 0.650175 0.330289
vt 0.650174 0.320160
vt 0.660166 0.311560
vt 0.650174 0.311561
vt 0.660166 0.302961
vt 0.650173 0.302962
vt 0.660167 0.332234
vt 0.650175 0.332235
vt 0.646118 0.294271
vt 0.648956 0.292831
vt 0.648903 0.296297
vt 0.647175 0.296966
vt 0.646099 0.329084
vt 0.638999 0.322108
vt 0.640787 0.319364
vt 0.647118 0.326317
vt 0.636204 0.311677
vt 0.638195 0.311670
vt 0.638979 0.301243
vt 0.640769 0.304056
vt 0.648974 0.330518
vt 0.648915 0.327005
vt 0.650173 0.302925
vt 0.650173 0.292842
vt 0.660085 0.292843
vt 0.660085 0.302925
vt 0.650173 0.332235
vt 0.650173 0.330284
vt 0.660085 0.330284
vt 0.660085 0.332235
vt 0.650173 0.311561
vt 0.660085 0.311561
vt 0.650173 0.320196
vt 0.660084 0.320196
vt 0.650174 0.290873
vt 0.660085 0.290873
vt 0.610164 0.367895
vt 0.610164 0.361095
vt 0.695358 0.361097
vt 0.700741 0.367895
vt 0.695358 0.260666
vt 0.700741 0.253867
vt 0.610212 0.260660
vt 0.610212 0.253867
s 0
usemtl books
f 1395/2687/715 1387/2688/715 1390/2689/715 1396/2690/715
f 1396/2690/716 1389/2691/716 1388/2692/716 1395/2687/716
f 1387/2693/717 1395/2694/717 1397/2695/717 1391/2696/717
f 1395/2694/718 1388/2697/718 1392/2698/718 1397/2695/718
f 1391/2699/719 1397/2700/719 1398/2701/719 1394/2702/719
f 1397/2700/720 1392/2703/720 1393/2704/720 1398/2701/720
f 1402/2705/721 1417/2706/721 1413/2707/721 1406/2708/721
f 1407/2709/722 1403/2710/722 1416/2711/722 1412/2712/722
f 1409/2713/723 1410/2714/723 1411/2715/723 1408/2716/723
f 1407/2717/724 1412/2718/724 1410/2719/724 1409/2720/724
f 1405/2721/725 1406/2708/725 1413/2707/725 1414/2722/725
f 1404/2723/726 1405/2721/726 1414/2722/726 1415/2724/726
f 1403/2710/727 1404/2723/727 1415/2724/727 1416/2711/727
f 1402/2705/728 1401/2725/728 1418/2726/728 1417/2706/728
f 1401/2727/729 1399/2728/729 1420/2729/729 1418/2730/729
f 1420/2731/723 1399/2732/723 1400/2733/723 1419/2734/723
f 1399/2732/730 1401/2735/730 1429/2736/730 1400/2733/730
f 1407/2737/730 1409/2713/730 1408/2716/730 1423/2738/730
f 1410/2714/731 1412/2739/731 1443/2740/731 1411/2715/731
f 1418/2741/731 1420/2731/731 1419/2734/731 1437/2742/731
f 1411/2743/732 1443/2744/732 1444/2745/732 1421/2746/732
f 1408/2747/729 1411/2743/729 1421/2746/729 1422/2748/729
f 1423/2749/733 1408/2747/733 1422/2748/733 1436/2750/733
f 1402/2751/730 1406/2752/730 1424/2753/730 1428/2754/730
f 1403/2755/730 1407/2756/730 1423/2757/730 1427/2758/730
f 1406/2752/730 1405/2759/730 1425/2760/730 1424/2753/730
f 1405/2759/730 1404/2761/730 1426/2762/730 1425/2760/730
f 1404/2761/730 1403/2755/730 1427/2758/730 1426/2762/730
f 1401/2763/730 1402/2751/730 1428/2754/730 1429/2764/730
f 1429/2765/734 1428/2766/734 1431/2767/734 1430/2768/734
f 1426/2769/735 1427/2770/735 1432/2771/735 1433/2772/735
f 1425/2773/736 1426/2769/736 1433/2772/736 1434/2774/736
f 1424/2775/737 1425/2773/737 1434/2774/737 1435/2776/737
f 1427/2770/738 1423/2777/738 1436/2778/738 1432/2771/738
f 1428/2766/739 1424/2775/739 1435/2776/739 1431/2767/739
f 1417/2779/731 1418/2780/731 1437/2781/731 1438/2782/731
f 1416/2783/731 1415/2784/731 1440/2785/731 1439/2786/731
f 1415/2784/731 1414/2787/731 1441/2788/731 1440/2785/731
f 1414/2787/731 1413/2789/731 1442/2790/731 1441/2788/731
f 1412/2791/731 1416/2783/731 1439/2786/731 1443/2792/731
f 1413/2789/731 1417/2779/731 1438/2782/731 1442/2790/731
f 1442/2793/740 1438/2794/740 1449/2795/740 1445/2796/740
f 1443/2797/741 1439/2798/741 1448/2799/741 1444/2800/741
f 1441/2801/742 1442/2793/742 1445/2796/742 1446/2802/742
f 1440/2803/743 1441/2801/743 1446/2802/743 1447/2804/743
f 1439/2798/744 1440/2803/744 1447/2804/744 1448/2799/744
f 1438/2794/745 1437/2805/745 1450/2806/745 1449/2795/745
f 1429/2807/746 1430/2808/746 1451/2809/746 1400/2810/746
f 1400/2810/747 1451/2809/747 1452/2811/747 1419/2812/747
f 1419/2812/748 1452/2811/748 1450/2813/748 1437/2814/748
o book11
v 1.632970 0.282074 -0.738938
v 1.632970 0.136145 -0.738938
v 1.266260 0.136145 -0.271648
v 1.266926 0.282074 -0.272496
v 1.073625 0.282074 -1.177889
v 1.073625 0.136145 -1.177889
v 0.706955 0.136145 -0.710650
v 0.706955 0.282074 -0.710650
v 1.625302 0.209109 -0.737566
v 1.239373 0.209109 -0.245787
v 1.074116 0.209109 -1.170114
v 0.688282 0.209109 -0.678456
v 1.646900 0.297392 -0.742180
v 1.646900 0.280683 -0.742180
v 1.286165 0.297392 -0.282504
v 1.277920 0.290359 -0.271998
v 1.278559 0.127047 -0.272812
v 1.257257 0.159473 -0.245668
v 1.249145 0.208517 -0.235330
v 1.257257 0.257561 -0.245668
v 1.286212 0.119928 -0.282565
v 1.646948 0.136637 -0.742241
v 1.646948 0.119928 -0.742241
v 1.067698 0.119928 -1.196813
v 1.067698 0.136637 -1.196813
v 0.706962 0.119928 -0.737137
v 0.678008 0.257561 -0.700240
v 0.669895 0.208517 -0.689902
v 0.678008 0.159473 -0.700240
v 0.699309 0.127047 -0.727384
v 0.698671 0.290359 -0.726570
v 0.706915 0.297392 -0.737076
v 1.067650 0.280683 -1.196752
v 1.067650 0.297392 -1.196752
v 1.080726 0.136637 -1.142303
v 1.590903 0.136637 -0.741937
v 1.285852 0.136810 -0.282105
v 1.262441 0.244323 -0.252274
v 1.254965 0.208530 -0.242747
v 1.262441 0.172737 -0.252274
v 1.280896 0.139759 -0.275790
v 1.280850 0.277337 -0.275732
v 1.285817 0.280469 -0.282061
v 1.251274 0.280469 -0.309169
v 1.246307 0.277337 -0.302840
v 1.246353 0.139759 -0.302898
v 1.227898 0.172737 -0.279382
v 1.220422 0.208530 -0.269855
v 1.227898 0.244323 -0.279382
v 1.251309 0.136810 -0.309213
v 0.706756 0.280834 -0.736874
v 0.701739 0.277686 -0.730480
v 0.701785 0.139410 -0.730539
v 0.683197 0.172373 -0.706853
v 0.675555 0.208530 -0.697116
v 0.683197 0.244687 -0.706853
v 0.706791 0.136446 -0.736919
v 0.741298 0.136446 -0.709839
v 0.717704 0.244687 -0.679773
v 0.710062 0.208530 -0.670036
v 0.717704 0.172373 -0.679773
v 0.736292 0.139410 -0.703460
v 0.736246 0.277686 -0.703401
v 0.741263 0.280834 -0.709795
v 1.590903 0.281053 -0.741937
v 1.080726 0.281053 -1.142303
vn 0.7847 -0.0709 0.6158
vn 0.7847 0.0709 0.6158
vn 0.6154 -0.0794 -0.7842
vn 0.6154 0.0794 -0.7842
vn -0.7847 -0.0709 -0.6158
vn -0.7847 0.0709 -0.6158
vn -0.4321 0.7142 0.5506
vn -0.3074 -0.8672 0.3917
vn 0.6174 -0.0000 -0.7867
vn -0.0000 -1.0000 -0.0000
vn -0.5963 0.2588 0.7599
vn -0.5963 -0.2588 0.7599
vn -0.4228 -0.7287 0.5387
vn -0.2877 0.8848 0.3666
vn -0.0000 1.0000 -0.0000
vn 0.7867 -0.0000 0.6174
vn -0.7867 -0.0000 -0.6174
vn -0.0003 1.0000 0.0002
vn 0.0001 1.0000 -0.0003
vn 0.2239 -0.9319 -0.2853
vn 0.4574 0.6716 -0.5829
vn 0.5848 0.3205 -0.7452
vn 0.5848 -0.3205 -0.7452
vn 0.2129 0.9387 -0.2713
vn 0.4581 -0.6703 -0.5838
vn 0.4566 -0.6731 -0.5818
vn 0.2119 0.9392 -0.2701
vn 0.5841 -0.3239 -0.7443
vn 0.5841 0.3239 -0.7443
vn 0.4558 0.6744 -0.5808
vn 0.2229 -0.9325 -0.2841
vn -0.0031 -1.0000 -0.0033
vn -0.0066 -0.9999 0.0084
vn 0.0034 -1.0000 0.0026
vt 0.487695 0.263431
vt 0.499146 0.262518
vt 0.499146 0.355566
vt 0.487695 0.361533
vt 0.476245 0.355736
vt 0.476245 0.262518
vt 0.475207 0.365092
vt 0.463757 0.364278
vt 0.463757 0.254324
vt 0.475207 0.253511
vt 0.452306 0.365092
vt 0.452306 0.253511
vt 0.476245 0.262542
vt 0.487695 0.263455
vt 0.487695 0.361533
vt 0.476245 0.355750
vt 0.499146 0.262542
vt 0.499146 0.355750
vt 0.269738 0.492765
vt 0.269738 0.378215
vt 0.280045 0.378282
vt 0.280045 0.492793
vt 0.315391 0.492623
vt 0.311067 0.492609
vt 0.311067 0.378436
vt 0.315391 0.378373
vt 0.255414 0.425125
vt 0.255314 0.323660
vt 0.259780 0.323735
vt 0.259880 0.425124
vt 0.264809 0.368397
vt 0.264809 0.254008
vt 0.355585 0.254008
vt 0.355585 0.368397
vt 0.290402 0.492752
vt 0.290402 0.378504
vt 0.300759 0.492590
vt 0.300759 0.378417
vt 0.265013 0.492808
vt 0.265013 0.378160
vt 0.327729 0.382405
vt 0.418505 0.382405
vt 0.418505 0.496794
vt 0.327729 0.496794
vt 0.255414 0.425162
vt 0.255314 0.323679
vt 0.259781 0.323754
vt 0.259881 0.425162
vt 0.255320 0.258159
vt 0.259784 0.258194
vt 0.255314 0.493592
vt 0.259804 0.493684
vt 0.255319 0.258160
vt 0.259781 0.258207
vt 0.255314 0.493635
vt 0.259804 0.493684
vt 0.450793 0.367815
vt 0.360260 0.367815
vt 0.360260 0.361022
vt 0.445397 0.361016
vt 0.450793 0.253787
vt 0.445397 0.260586
vt 0.360213 0.253787
vt 0.360213 0.260587
vt 0.396200 0.329009
vt 0.389082 0.322034
vt 0.390879 0.319294
vt 0.397209 0.326240
vt 0.396215 0.294202
vt 0.399057 0.292762
vt 0.399007 0.296228
vt 0.397273 0.296903
vt 0.386305 0.311599
vt 0.388292 0.311606
vt 0.389082 0.301173
vt 0.390868 0.303993
vt 0.399077 0.330454
vt 0.399015 0.326920
vt 0.410266 0.290804
vt 0.410266 0.292769
vt 0.400274 0.292769
vt 0.400274 0.290805
vt 0.410267 0.320090
vt 0.410268 0.330219
vt 0.400275 0.330220
vt 0.400275 0.320091
vt 0.410267 0.311491
vt 0.400274 0.311492
vt 0.410266 0.302893
vt 0.400274 0.302893
vt 0.410268 0.332165
vt 0.400276 0.332166
vt 0.396218 0.294202
vt 0.399056 0.292762
vt 0.399004 0.296228
vt 0.397275 0.296897
vt 0.396199 0.329015
vt 0.389100 0.322039
vt 0.390888 0.319295
vt 0.397219 0.326248
vt 0.386305 0.311608
vt 0.388296 0.311602
vt 0.389079 0.301175
vt 0.390870 0.303987
vt 0.399075 0.330449
vt 0.399016 0.326936
vt 0.400274 0.302856
vt 0.400274 0.292773
vt 0.410185 0.292774
vt 0.410185 0.302856
vt 0.400274 0.332166
vt 0.400274 0.330215
vt 0.410185 0.330215
vt 0.410185 0.332166
vt 0.400274 0.311492
vt 0.410185 0.311492
vt 0.400274 0.320127
vt 0.410185 0.320127
vt 0.400274 0.290804
vt 0.410185 0.290804
vt 0.360265 0.367826
vt 0.360265 0.361026
vt 0.445458 0.361028
vt 0.450841 0.367826
vt 0.445458 0.260597
vt 0.450841 0.253798
vt 0.360312 0.260591
vt 0.360312 0.253798
s 0
usemtl books
f 1461/2815/749 1453/2816/749 1456/2817/749 1462/2818/749
f 1462/2818/750 1455/2819/750 1454/2820/750 1461/2815/750
f 1453/2821/751 1461/2822/751 1463/2823/751 1457/2824/751
f 1461/2822/752 1454/2825/752 1458/2826/752 1463/2823/752
f 1457/2827/753 1463/2828/753 1464/2829/753 1460/2830/753
f 1463/2828/754 1458/2831/754 1459/2832/754 1464/2829/754
f 1468/2833/755 1483/2834/755 1479/2835/755 1472/2836/755
f 1473/2837/756 1469/2838/756 1482/2839/756 1478/2840/756
f 1475/2841/757 1476/2842/757 1477/2843/757 1474/2844/757
f 1473/2845/758 1478/2846/758 1476/2847/758 1475/2848/758
f 1471/2849/759 1472/2836/759 1479/2835/759 1480/2850/759
f 1470/2851/760 1471/2849/760 1480/2850/760 1481/2852/760
f 1469/2838/761 1470/2851/761 1481/2852/761 1482/2839/761
f 1468/2833/762 1467/2853/762 1484/2854/762 1483/2834/762
f 1467/2855/763 1465/2856/763 1486/2857/763 1484/2858/763
f 1486/2859/757 1465/2860/757 1466/2861/757 1485/2862/757
f 1465/2860/764 1467/2863/764 1495/2864/764 1466/2861/764
f 1473/2865/764 1475/2841/764 1474/2844/764 1489/2866/764
f 1476/2842/765 1478/2867/765 1509/2868/765 1477/2843/765
f 1484/2869/765 1486/2859/765 1485/2862/765 1503/2870/765
f 1477/2871/766 1509/2872/766 1510/2873/766 1487/2874/766
f 1474/2875/763 1477/2871/763 1487/2874/763 1488/2876/763
f 1489/2877/767 1474/2875/767 1488/2876/767 1502/2878/767
f 1468/2879/764 1472/2880/764 1490/2881/764 1494/2882/764
f 1469/2883/764 1473/2884/764 1489/2885/764 1493/2886/764
f 1472/2880/764 1471/2887/764 1491/2888/764 1490/2881/764
f 1471/2887/764 1470/2889/764 1492/2890/764 1491/2888/764
f 1470/2889/764 1469/2883/764 1493/2886/764 1492/2890/764
f 1467/2891/764 1468/2879/764 1494/2882/764 1495/2892/764
f 1495/2893/768 1494/2894/768 1497/2895/768 1496/2896/768
f 1492/2897/769 1493/2898/769 1498/2899/769 1499/2900/769
f 1491/2901/770 1492/2897/770 1499/2900/770 1500/2902/770
f 1490/2903/771 1491/2901/771 1500/2902/771 1501/2904/771
f 1493/2898/772 1489/2905/772 1502/2906/772 1498/2899/772
f 1494/2894/773 1490/2903/773 1501/2904/773 1497/2895/773
f 1483/2907/765 1484/2908/765 1503/2909/765 1504/2910/765
f 1482/2911/765 1481/2912/765 1506/2913/765 1505/2914/765
f 1481/2912/765 1480/2915/765 1507/2916/765 1506/2913/765
f 1480/2915/765 1479/2917/765 1508/2918/765 1507/2916/765
f 1478/2919/765 1482/2911/765 1505/2914/765 1509/2920/765
f 1479/2917/765 1483/2907/765 1504/2910/765 1508/2918/765
f 1508/2921/774 1504/2922/774 1515/2923/774 1511/2924/774
f 1509/2925/775 1505/2926/775 1514/2927/775 1510/2928/775
f 1507/2929/776 1508/2921/776 1511/2924/776 1512/2930/776
f 1506/2931/777 1507/2929/777 1512/2930/777 1513/2932/777
f 1505/2926/778 1506/2931/778 1513/2932/778 1514/2927/778
f 1504/2922/779 1503/2933/779 1516/2934/779 1515/2923/779
f 1495/2935/780 1496/2936/780 1517/2937/780 1466/2938/780
f 1466/2938/781 1517/2937/781 1518/2939/781 1485/2940/781
f 1485/2940/782 1518/2939/782 1516/2941/782 1503/2942/782
o book10
v 1.671540 0.096763 -0.896540
v 1.671540 -0.061407 -0.896540
v 1.416096 -0.061407 -0.305558
v 1.416560 0.096763 -0.306631
v 0.964135 0.096763 -1.202306
v 0.964135 -0.061407 -1.202306
v 0.708719 -0.061407 -0.611388
v 0.708719 0.096763 -0.611388
v 1.663880 0.017678 -0.892986
v 1.395050 0.017678 -0.271033
v 0.966795 0.017678 -1.194292
v 0.698030 0.017678 -0.572491
v 1.685246 0.113366 -0.903783
v 1.685246 0.095255 -0.903783
v 1.433965 0.113366 -0.322429
v 1.428222 0.105743 -0.309143
v 1.428666 -0.071268 -0.310171
v 1.413828 -0.036121 -0.275843
v 1.408177 0.017036 -0.262768
v 1.413828 0.070193 -0.275843
v 1.433998 -0.078984 -0.322506
v 1.685279 -0.060873 -0.903859
v 1.685279 -0.078984 -0.903859
v 0.952701 -0.078984 -1.220506
v 0.952701 -0.060873 -1.220506
v 0.701419 -0.078984 -0.639153
v 0.681250 0.070193 -0.592489
v 0.675599 0.017036 -0.579415
v 0.681250 -0.036121 -0.592489
v 0.696088 -0.071268 -0.626818
v 0.695643 0.105743 -0.625789
v 0.701386 0.113366 -0.639076
v 0.952668 0.095255 -1.220429
v 0.952668 0.113366 -1.220429
v 0.981397 -0.060873 -1.166964
v 1.626619 -0.060873 -0.888076
v 1.433747 -0.060686 -0.321925
v 1.417439 0.055846 -0.284197
v 1.412232 0.017051 -0.272149
v 1.417439 -0.021745 -0.284197
v 1.430295 -0.057490 -0.313938
v 1.430263 0.091629 -0.313864
v 1.433722 0.095023 -0.321869
v 1.390036 0.095023 -0.340752
v 1.386576 0.091629 -0.332747
v 1.386608 -0.057490 -0.332821
v 1.373752 -0.021745 -0.303080
v 1.368545 0.017051 -0.291032
v 1.373752 0.055846 -0.303080
v 1.390060 -0.060686 -0.340808
v 0.701276 0.095419 -0.638820
v 0.697781 0.092007 -0.630734
v 0.697813 -0.057868 -0.630809
v 0.684865 -0.022140 -0.600852
v 0.679542 0.017050 -0.588538
v 0.684865 0.056240 -0.600852
v 0.701300 -0.061081 -0.638876
v 0.744941 -0.061081 -0.620013
v 0.728505 0.056240 -0.581989
v 0.723182 0.017050 -0.569675
v 0.728505 -0.022140 -0.581989
v 0.741453 -0.057868 -0.611946
v 0.741421 0.092007 -0.611871
v 0.744916 0.095419 -0.619957
v 1.626619 0.095657 -0.888076
v 0.981397 0.095657 -1.166964
vn 0.9156 -0.0709 0.3958
vn 0.9156 0.0709 0.3958
vn 0.3955 -0.0794 -0.9150
vn 0.3955 0.0794 -0.9150
vn -0.9156 -0.0709 -0.3958
vn -0.9156 0.0709 -0.3958
vn -0.2777 0.7142 0.6425
vn -0.1976 -0.8672 0.4571
vn 0.3968 -0.0000 -0.9179
vn -0.0000 -1.0000 -0.0000
vn -0.3832 0.2588 0.8866
vn -0.3832 -0.2588 0.8866
vn -0.2717 -0.7287 0.6286
vn -0.1849 0.8848 0.4277
vn -0.0000 1.0000 -0.0000
vn 0.9179 -0.0000 0.3968
vn -0.9179 -0.0000 -0.3968
vn -0.0003 1.0000 0.0003
vn -0.0000 1.0000 -0.0003
vn 0.1439 -0.9319 -0.3329
vn 0.2940 0.6716 -0.6801
vn 0.3758 0.3205 -0.8695
vn 0.3758 -0.3205 -0.8695
vn 0.1368 0.9387 -0.3165
vn 0.2944 -0.6703 -0.6812
vn 0.2934 -0.6731 -0.6788
vn 0.1362 0.9392 -0.3151
vn 0.3754 -0.3239 -0.8684
vn 0.3754 0.3239 -0.8684
vn 0.2929 0.6744 -0.6777
vn 0.1433 -0.9325 -0.3315
vn -0.0038 -1.0000 -0.0024
vn -0.0042 -0.9999 0.0098
vn 0.0039 -1.0000 0.0016
vt 0.237672 0.263323
vt 0.249123 0.262411
vt 0.249123 0.355459
vt 0.237672 0.361426
vt 0.226222 0.355628
vt 0.226222 0.262411
vt 0.225185 0.364984
vt 0.213734 0.364170
vt 0.213734 0.254217
vt 0.225185 0.253403
vt 0.202284 0.364984
vt 0.202284 0.253403
vt 0.226222 0.262435
vt 0.237672 0.263347
vt 0.237672 0.361426
vt 0.226222 0.355642
vt 0.249123 0.262435
vt 0.249123 0.355642
vt 0.019715 0.492657
vt 0.019715 0.378108
vt 0.030022 0.378175
vt 0.030022 0.492686
vt 0.065368 0.492516
vt 0.061045 0.492502
vt 0.061045 0.378329
vt 0.065368 0.378266
vt 0.005392 0.425017
vt 0.005291 0.323553
vt 0.009757 0.323627
vt 0.009858 0.425017
vt 0.014787 0.368290
vt 0.014787 0.253901
vt 0.105562 0.253901
vt 0.105562 0.368290
vt 0.040379 0.492645
vt 0.040379 0.378397
vt 0.050736 0.492483
vt 0.050736 0.378310
vt 0.014990 0.492701
vt 0.014991 0.378053
vt 0.077706 0.382298
vt 0.168482 0.382298
vt 0.168482 0.496687
vt 0.077706 0.496687
vt 0.005392 0.425055
vt 0.005291 0.323572
vt 0.009758 0.323647
vt 0.009858 0.425055
vt 0.005297 0.258052
vt 0.009761 0.258086
vt 0.005291 0.493484
vt 0.009781 0.493577
vt 0.005296 0.258052
vt 0.009758 0.258099
vt 0.005291 0.493528
vt 0.009782 0.493577
vt 0.200770 0.367708
vt 0.110238 0.367708
vt 0.110238 0.360915
vt 0.195375 0.360909
vt 0.200770 0.253680
vt 0.195375 0.260478
vt 0.110190 0.253680
vt 0.110190 0.260480
vt 0.146177 0.328902
vt 0.139059 0.321926
vt 0.140856 0.319186
vt 0.147187 0.326133
vt 0.146193 0.294095
vt 0.149034 0.292655
vt 0.148984 0.296121
vt 0.147250 0.296795
vt 0.136283 0.311492
vt 0.138269 0.311499
vt 0.139059 0.301065
vt 0.140845 0.303886
vt 0.149054 0.330347
vt 0.148992 0.326813
vt 0.160243 0.290697
vt 0.160243 0.292662
vt 0.150251 0.292662
vt 0.150251 0.290697
vt 0.160244 0.319983
vt 0.160245 0.330112
vt 0.150253 0.330113
vt 0.150252 0.319983
vt 0.160244 0.311384
vt 0.150252 0.311384
vt 0.160244 0.302785
vt 0.150251 0.302786
vt 0.160245 0.332058
vt 0.150253 0.332059
vt 0.146196 0.294095
vt 0.149033 0.292655
vt 0.148981 0.296121
vt 0.147253 0.296790
vt 0.146176 0.328907
vt 0.139077 0.321931
vt 0.140865 0.319188
vt 0.147196 0.326141
vt 0.136282 0.311501
vt 0.138273 0.311494
vt 0.139056 0.301067
vt 0.140847 0.303879
vt 0.149052 0.330342
vt 0.148993 0.326829
vt 0.150251 0.302749
vt 0.150251 0.292666
vt 0.160163 0.292666
vt 0.160162 0.302749
vt 0.150251 0.332059
vt 0.150251 0.330108
vt 0.160162 0.330108
vt 0.160162 0.332059
vt 0.150251 0.311384
vt 0.160162 0.311384
vt 0.150251 0.320020
vt 0.160162 0.320020
vt 0.150251 0.290697
vt 0.160163 0.290697
vt 0.110242 0.367719
vt 0.110242 0.360919
vt 0.195435 0.360920
vt 0.200819 0.367719
vt 0.195435 0.260490
vt 0.200819 0.253691
vt 0.110289 0.260484
vt 0.110289 0.253691
s 0
usemtl books
f 1527/2943/783 1519/2944/783 1522/2945/783 1528/2946/783
f 1528/2946/784 1521/2947/784 1520/2948/784 1527/2943/784
f 1519/2949/785 1527/2950/785 1529/2951/785 1523/2952/785
f 1527/2950/786 1520/2953/786 1524/2954/786 1529/2951/786
f 1523/2955/787 1529/2956/787 1530/2957/787 1526/2958/787
f 1529/2956/788 1524/2959/788 1525/2960/788 1530/2957/788
f 1534/2961/789 1549/2962/789 1545/2963/789 1538/2964/789
f 1539/2965/790 1535/2966/790 1548/2967/790 1544/2968/790
f 1541/2969/791 1542/2970/791 1543/2971/791 1540/2972/791
f 1539/2973/792 1544/2974/792 1542/2975/792 1541/2976/792
f 1537/2977/793 1538/2964/793 1545/2963/793 1546/2978/793
f 1536/2979/794 1537/2977/794 1546/2978/794 1547/2980/794
f 1535/2966/795 1536/2979/795 1547/2980/795 1548/2967/795
f 1534/2961/796 1533/2981/796 1550/2982/796 1549/2962/796
f 1533/2983/797 1531/2984/797 1552/2985/797 1550/2986/797
f 1552/2987/791 1531/2988/791 1532/2989/791 1551/2990/791
f 1531/2988/798 1533/2991/798 1561/2992/798 1532/2989/798
f 1539/2993/798 1541/2969/798 1540/2972/798 1555/2994/798
f 1542/2970/799 1544/2995/799 1575/2996/799 1543/2971/799
f 1550/2997/799 1552/2987/799 1551/2990/799 1569/2998/799
f 1543/2999/800 1575/3000/800 1576/3001/800 1553/3002/800
f 1540/3003/797 1543/2999/797 1553/3002/797 1554/3004/797
f 1555/3005/801 1540/3003/801 1554/3004/801 1568/3006/801
f 1534/3007/798 1538/3008/798 1556/3009/798 1560/3010/798
f 1535/3011/798 1539/3012/798 1555/3013/798 1559/3014/798
f 1538/3008/798 1537/3015/798 1557/3016/798 1556/3009/798
f 1537/3015/798 1536/3017/798 1558/3018/798 1557/3016/798
f 1536/3017/798 1535/3011/798 1559/3014/798 1558/3018/798
f 1533/3019/798 1534/3007/798 1560/3010/798 1561/3020/798
f 1561/3021/802 1560/3022/802 1563/3023/802 1562/3024/802
f 1558/3025/803 1559/3026/803 1564/3027/803 1565/3028/803
f 1557/3029/804 1558/3025/804 1565/3028/804 1566/3030/804
f 1556/3031/805 1557/3029/805 1566/3030/805 1567/3032/805
f 1559/3026/806 1555/3033/806 1568/3034/806 1564/3027/806
f 1560/3022/807 1556/3031/807 1567/3032/807 1563/3023/807
f 1549/3035/799 1550/3036/799 1569/3037/799 1570/3038/799
f 1548/3039/799 1547/3040/799 1572/3041/799 1571/3042/799
f 1547/3040/799 1546/3043/799 1573/3044/799 1572/3041/799
f 1546/3043/799 1545/3045/799 1574/3046/799 1573/3044/799
f 1544/3047/799 1548/3039/799 1571/3042/799 1575/3048/799
f 1545/3045/799 1549/3035/799 1570/3038/799 1574/3046/799
f 1574/3049/808 1570/3050/808 1581/3051/808 1577/3052/808
f 1575/3053/809 1571/3054/809 1580/3055/809 1576/3056/809
f 1573/3057/810 1574/3049/810 1577/3052/810 1578/3058/810
f 1572/3059/811 1573/3057/811 1578/3058/811 1579/3060/811
f 1571/3054/812 1572/3059/812 1579/3060/812 1580/3055/812
f 1570/3050/813 1569/3061/813 1582/3062/813 1581/3051/813
f 1561/3063/814 1562/3064/814 1583/3065/814 1532/3066/814
f 1532/3066/815 1583/3065/815 1584/3067/815 1551/3068/815
f 1551/3068/816 1584/3067/816 1582/3069/816 1569/3070/816
o book09
v 0.298253 0.337289 0.173117
v 0.298253 0.179118 0.173117
v 0.113869 0.179118 0.789976
v 0.114204 0.337289 0.788855
v -0.440125 0.337289 -0.047590
v -0.440125 0.179118 -0.047590
v -0.624490 0.179118 0.569201
v -0.624490 0.337289 0.569201
v 0.291063 0.258204 0.177545
v 0.097015 0.258204 0.826730
v -0.436544 0.258204 -0.039943
v -0.630544 0.258204 0.609083
v 0.311015 0.353891 0.164318
v 0.311015 0.335781 0.164318
v 0.129635 0.353891 0.771125
v 0.125490 0.346268 0.784994
v 0.125811 0.169258 0.783920
v 0.115100 0.204404 0.819752
v 0.111021 0.257562 0.833398
v 0.115100 0.310719 0.819752
v 0.129659 0.161542 0.771045
v 0.311039 0.179652 0.164238
v 0.311039 0.161542 0.164238
v -0.453615 0.161542 -0.064324
v -0.453615 0.179652 -0.064324
v -0.634995 0.161542 0.542484
v -0.649554 0.310719 0.591190
v -0.653633 0.257562 0.604837
v -0.649554 0.204404 0.591190
v -0.638843 0.169258 0.555358
v -0.639164 0.346268 0.556432
v -0.635019 0.353891 0.542563
v -0.453639 0.335781 -0.064244
v -0.453639 0.353891 -0.064244
v -0.418838 0.179652 -0.014517
v 0.254634 0.179652 0.186790
v 0.129478 0.179839 0.771652
v 0.117707 0.296371 0.811032
v 0.113948 0.257576 0.823607
v 0.117707 0.218781 0.811032
v 0.126986 0.183036 0.779988
v 0.126963 0.332155 0.780065
v 0.129460 0.335549 0.771710
v 0.083861 0.335549 0.758080
v 0.081363 0.332155 0.766435
v 0.081386 0.183036 0.766358
v 0.072107 0.218781 0.797402
v 0.068348 0.257576 0.809977
v 0.072107 0.296371 0.797402
v 0.083878 0.179839 0.758022
v -0.635099 0.335944 0.542830
v -0.637621 0.332533 0.551270
v -0.637598 0.182658 0.551193
v -0.646944 0.218386 0.582461
v -0.650787 0.257576 0.595315
v -0.646944 0.296766 0.582461
v -0.635081 0.179445 0.542772
v -0.589530 0.179445 0.556387
v -0.601393 0.296766 0.596076
v -0.605235 0.257576 0.608930
v -0.601393 0.218386 0.596076
v -0.592047 0.182658 0.564808
v -0.592070 0.332533 0.564886
v -0.589547 0.335944 0.556446
v 0.254634 0.336182 0.186790
v -0.418838 0.336182 -0.014517
vn 0.9557 -0.0709 0.2857
vn 0.9557 0.0709 0.2857
vn 0.2855 -0.0794 -0.9551
vn 0.2855 0.0794 -0.9551
vn -0.9557 -0.0709 -0.2857
vn -0.9557 0.0709 -0.2857
vn -0.2004 0.7142 0.6706
vn -0.1426 -0.8672 0.4771
vn 0.2864 -0.0000 -0.9581
vn -0.0000 -1.0000 -0.0000
vn -0.2766 0.2588 0.9255
vn -0.2766 -0.2588 0.9255
vn -0.1961 -0.7287 0.6561
vn -0.1335 0.8848 0.4465
vn -0.0000 1.0000 -0.0000
vn 0.9581 -0.0000 0.2864
vn -0.9581 -0.0000 -0.2864
vn -0.0002 1.0000 0.0003
vn -0.0000 1.0000 -0.0003
vn 0.1039 -0.9319 -0.3475
vn 0.2122 0.6716 -0.7099
vn 0.2713 0.3205 -0.9076
vn 0.2713 -0.3205 -0.9076
vn 0.0988 0.9387 -0.3304
vn 0.2125 -0.6703 -0.7110
vn 0.2118 -0.6731 -0.7086
vn 0.0983 0.9392 -0.3289
vn 0.2710 -0.3239 -0.9065
vn 0.2710 0.3239 -0.9065
vn 0.2115 0.6744 -0.7074
vn 0.1034 -0.9325 -0.3460
vn -0.0041 -1.0000 -0.0020
vn -0.0031 -0.9999 0.0102
vn 0.0041 -1.0000 0.0012
vt 0.987788 0.513359
vt 0.999239 0.512446
vt 0.999239 0.605494
vt 0.987788 0.611461
vt 0.976338 0.605664
vt 0.976338 0.512446
vt 0.975300 0.615020
vt 0.963850 0.614206
vt 0.963850 0.504252
vt 0.975300 0.503439
vt 0.952400 0.615020
vt 0.952400 0.503439
vt 0.976338 0.512470
vt 0.987788 0.513383
vt 0.976338 0.605678
vt 0.999239 0.512470
vt 0.999239 0.605678
vt 0.769831 0.742693
vt 0.769831 0.628143
vt 0.780138 0.628210
vt 0.780138 0.742721
vt 0.815484 0.742551
vt 0.811160 0.742537
vt 0.811160 0.628364
vt 0.815484 0.628301
vt 0.755507 0.675053
vt 0.755407 0.573588
vt 0.759873 0.573663
vt 0.759973 0.675052
vt 0.764902 0.618325
vt 0.764902 0.503936
vt 0.855678 0.503936
vt 0.855678 0.618325
vt 0.790495 0.742680
vt 0.790495 0.628432
vt 0.800852 0.742518
vt 0.800852 0.628345
vt 0.765106 0.742736
vt 0.765106 0.628088
vt 0.827822 0.632333
vt 0.918598 0.632333
vt 0.918598 0.746722
vt 0.827822 0.746722
vt 0.755507 0.675090
vt 0.755407 0.573607
vt 0.759874 0.573682
vt 0.759974 0.675090
vt 0.755413 0.508087
vt 0.759877 0.508121
vt 0.755407 0.743519
vt 0.759897 0.743612
vt 0.755412 0.508088
vt 0.759874 0.508135
vt 0.755407 0.743563
vt 0.759897 0.743612
vt 0.950886 0.617743
vt 0.860353 0.617743
vt 0.860353 0.610950
vt 0.945491 0.610944
vt 0.950886 0.503715
vt 0.945491 0.510514
vt 0.860306 0.503715
vt 0.860306 0.510515
vt 0.896293 0.578937
vt 0.889175 0.571962
vt 0.890972 0.569222
vt 0.897302 0.576168
vt 0.896308 0.544130
vt 0.899150 0.542690
vt 0.899100 0.546156
vt 0.897366 0.546830
vt 0.886398 0.561527
vt 0.888385 0.561534
vt 0.889175 0.551100
vt 0.890961 0.553921
vt 0.899170 0.580382
vt 0.899108 0.576848
vt 0.910359 0.540732
vt 0.910359 0.542697
vt 0.900367 0.542697
vt 0.900367 0.540733
vt 0.910360 0.570018
vt 0.910361 0.580147
vt 0.900368 0.580148
vt 0.900368 0.570019
vt 0.910360 0.561419
vt 0.900367 0.561420
vt 0.910360 0.552821
vt 0.900367 0.552821
vt 0.910361 0.582093
vt 0.900369 0.582094
vt 0.896311 0.544130
vt 0.899149 0.542690
vt 0.899097 0.546156
vt 0.897368 0.546825
vt 0.896292 0.578943
vt 0.889193 0.571967
vt 0.890981 0.569223
vt 0.897312 0.576176
vt 0.886398 0.561536
vt 0.888389 0.561530
vt 0.889172 0.551103
vt 0.890963 0.553915
vt 0.899168 0.580377
vt 0.899109 0.576864
vt 0.900367 0.552784
vt 0.900367 0.542701
vt 0.910278 0.542702
vt 0.910278 0.552784
vt 0.900367 0.582094
vt 0.900367 0.580143
vt 0.910278 0.580143
vt 0.910278 0.582094
vt 0.900367 0.561420
vt 0.910278 0.561420
vt 0.900367 0.570055
vt 0.910278 0.570055
vt 0.900367 0.540732
vt 0.910278 0.540732
vt 0.860358 0.617754
vt 0.860358 0.610954
vt 0.945551 0.610956
vt 0.950934 0.617754
vt 0.945551 0.510525
vt 0.950934 0.503726
vt 0.860405 0.510519
vt 0.860405 0.503726
s 0
usemtl books
f 1593/3071/817 1585/3072/817 1588/3073/817 1594/3074/817
f 1594/3074/818 1587/3075/818 1586/3076/818 1593/3071/818
f 1585/3077/819 1593/3078/819 1595/3079/819 1589/3080/819
f 1593/3078/820 1586/3081/820 1590/3082/820 1595/3079/820
f 1589/3083/821 1595/3084/821 1596/3074/821 1592/3085/821
f 1595/3084/822 1590/3086/822 1591/3087/822 1596/3074/822
f 1600/3088/823 1615/3089/823 1611/3090/823 1604/3091/823
f 1605/3092/824 1601/3093/824 1614/3094/824 1610/3095/824
f 1607/3096/825 1608/3097/825 1609/3098/825 1606/3099/825
f 1605/3100/826 1610/3101/826 1608/3102/826 1607/3103/826
f 1603/3104/827 1604/3091/827 1611/3090/827 1612/3105/827
f 1602/3106/828 1603/3104/828 1612/3105/828 1613/3107/828
f 1601/3093/829 1602/3106/829 1613/3107/829 1614/3094/829
f 1600/3088/830 1599/3108/830 1616/3109/830 1615/3089/830
f 1599/3110/831 1597/3111/831 1618/3112/831 1616/3113/831
f 1618/3114/825 1597/3115/825 1598/3116/825 1617/3117/825
f 1597/3115/832 1599/3118/832 1627/3119/832 1598/3116/832
f 1605/3120/832 1607/3096/832 1606/3099/832 1621/3121/832
f 1608/3097/833 1610/3122/833 1641/3123/833 1609/3098/833
f 1616/3124/833 1618/3114/833 1617/3117/833 1635/3125/833
f 1609/3126/834 1641/3127/834 1642/3128/834 1619/3129/834
f 1606/3130/831 1609/3126/831 1619/3129/831 1620/3131/831
f 1621/3132/835 1606/3130/835 1620/3131/835 1634/3133/835
f 1600/3134/832 1604/3135/832 1622/3136/832 1626/3137/832
f 1601/3138/832 1605/3139/832 1621/3140/832 1625/3141/832
f 1604/3135/832 1603/3142/832 1623/3143/832 1622/3136/832
f 1603/3142/832 1602/3144/832 1624/3145/832 1623/3143/832
f 1602/3144/832 1601/3138/832 1625/3141/832 1624/3145/832
f 1599/3146/832 1600/3134/832 1626/3137/832 1627/3147/832
f 1627/3148/836 1626/3149/836 1629/3150/836 1628/3151/836
f 1624/3152/837 1625/3153/837 1630/3154/837 1631/3155/837
f 1623/3156/838 1624/3152/838 1631/3155/838 1632/3157/838
f 1622/3158/839 1623/3156/839 1632/3157/839 1633/3159/839
f 1625/3153/840 1621/3160/840 1634/3161/840 1630/3154/840
f 1626/3149/841 1622/3158/841 1633/3159/841 1629/3150/841
f 1615/3162/833 1616/3163/833 1635/3164/833 1636/3165/833
f 1614/3166/833 1613/3167/833 1638/3168/833 1637/3169/833
f 1613/3167/833 1612/3170/833 1639/3171/833 1638/3168/833
f 1612/3170/833 1611/3172/833 1640/3173/833 1639/3171/833
f 1610/3174/833 1614/3166/833 1637/3169/833 1641/3175/833
f 1611/3172/833 1615/3162/833 1636/3165/833 1640/3173/833
f 1640/3176/842 1636/3177/842 1647/3178/842 1643/3179/842
f 1641/3180/843 1637/3181/843 1646/3182/843 1642/3183/843
f 1639/3184/844 1640/3176/844 1643/3179/844 1644/3185/844
f 1638/3186/845 1639/3184/845 1644/3185/845 1645/3187/845
f 1637/3181/846 1638/3186/846 1645/3187/846 1646/3182/846
f 1636/3177/847 1635/3188/847 1648/3189/847 1647/3178/847
f 1627/3190/848 1628/3191/848 1649/3192/848 1598/3193/848
f 1598/3193/849 1649/3192/849 1650/3194/849 1617/3195/849
f 1617/3195/850 1650/3194/850 1648/3196/850 1635/3197/850
o book08
v 0.743088 0.437077 -0.916261
v 0.743088 0.303728 -0.916261
v 0.416369 0.303728 -0.361495
v 0.416962 0.437078 -0.362502
v 0.079034 0.437077 -1.307344
v 0.079034 0.303728 -1.307344
v -0.247651 0.303728 -0.752638
v -0.247651 0.437077 -0.752638
v 0.735047 0.370403 -0.913684
v 0.391205 0.370403 -0.329844
v 0.080680 0.370403 -1.299062
v -0.263078 0.370403 -0.715365
v 0.757586 0.451075 -0.921749
v 0.757586 0.435806 -0.921749
v 0.436190 0.451075 -0.376022
v 0.428845 0.444648 -0.363549
v 0.429413 0.295415 -0.364515
v 0.410435 0.325046 -0.332290
v 0.403207 0.369861 -0.320017
v 0.410435 0.414677 -0.332290
v 0.436232 0.288909 -0.376094
v 0.757629 0.304178 -0.921821
v 0.757629 0.288909 -0.921821
v 0.069943 0.288909 -1.326821
v 0.069943 0.304178 -1.326821
v -0.251453 0.288909 -0.781093
v -0.277250 0.414677 -0.737290
v -0.284478 0.369861 -0.725017
v -0.277250 0.325046 -0.737290
v -0.258272 0.295415 -0.769515
v -0.258841 0.444648 -0.768549
v -0.251495 0.451075 -0.781022
v 0.069901 0.435806 -1.326749
v 0.069901 0.451075 -1.326749
v 0.091782 0.304178 -1.270136
v 0.697464 0.304178 -0.913430
v 0.435911 0.304336 -0.375548
v 0.415054 0.402581 -0.340132
v 0.408393 0.369874 -0.328822
v 0.415054 0.337166 -0.340132
v 0.431496 0.307031 -0.368051
v 0.431455 0.432749 -0.367982
v 0.435880 0.435611 -0.375496
v 0.394871 0.435611 -0.399648
v 0.390445 0.432749 -0.392134
v 0.390486 0.307031 -0.392203
v 0.374044 0.337166 -0.364284
v 0.367383 0.369874 -0.352974
v 0.374044 0.402581 -0.364284
v 0.394901 0.304336 -0.399700
v -0.251637 0.435944 -0.780781
v -0.256107 0.433068 -0.773191
v -0.256066 0.306712 -0.773261
v -0.272627 0.336833 -0.745140
v -0.279435 0.369873 -0.733580
v -0.272627 0.402914 -0.745140
v -0.251606 0.304003 -0.780834
v -0.210639 0.304003 -0.756708
v -0.231661 0.402914 -0.721014
v -0.238469 0.369873 -0.709454
v -0.231661 0.336833 -0.721014
v -0.215100 0.306712 -0.749135
v -0.215141 0.433068 -0.749065
v -0.210670 0.435944 -0.756655
v 0.697464 0.436145 -0.913430
v 0.091782 0.436145 -1.270136
vn 0.8586 -0.0840 0.5057
vn 0.8586 0.0840 0.5057
vn 0.5052 -0.0941 -0.8578
vn 0.5052 0.0941 -0.8578
vn -0.8586 -0.0840 -0.5057
vn -0.8586 0.0840 -0.5057
vn -0.3232 0.7709 0.5488
vn -0.2211 -0.9001 0.3755
vn 0.5075 -0.0000 -0.8617
vn -0.0000 -1.0000 -0.0000
vn -0.4836 0.3029 0.8212
vn -0.4836 -0.3029 0.8212
vn -0.3151 -0.7838 0.5351
vn -0.2059 0.9140 0.3497
vn -0.0000 1.0000 -0.0000
vn 0.8617 -0.0000 0.5075
vn -0.8617 -0.0000 -0.5075
vn -0.0002 1.0000 0.0002
vn -0.0000 1.0000 -0.0003
vn 0.1582 -0.9502 -0.2686
vn 0.3456 0.7322 -0.5868
vn 0.4710 0.3724 -0.7997
vn 0.4710 -0.3724 -0.7997
vn 0.1501 0.9552 -0.2549
vn 0.3463 -0.7310 -0.5880
vn 0.3449 -0.7336 -0.5856
vn 0.1494 0.9557 -0.2538
vn 0.4702 -0.3762 -0.7984
vn 0.4702 0.3762 -0.7984
vn 0.3442 0.7348 -0.5844
vn 0.1575 -0.9506 -0.2674
vn -0.0030 -1.0000 -0.0024
vn -0.0046 -1.0000 0.0077
vn 0.0031 -1.0000 0.0018
vt 0.737521 0.513409
vt 0.748972 0.512497
vt 0.748972 0.605545
vt 0.737521 0.611511
vt 0.726071 0.605714
vt 0.726071 0.512497
vt 0.725033 0.615070
vt 0.713583 0.614256
vt 0.713583 0.504303
vt 0.725033 0.503489
vt 0.702132 0.615070
vt 0.702132 0.503489
vt 0.726071 0.512521
vt 0.737521 0.513433
vt 0.726071 0.605728
vt 0.748972 0.512521
vt 0.748972 0.605728
vt 0.519564 0.742743
vt 0.519564 0.628194
vt 0.529871 0.628261
vt 0.529871 0.742771
vt 0.565217 0.742601
vt 0.560893 0.742587
vt 0.560893 0.628414
vt 0.565217 0.628351
vt 0.505240 0.675103
vt 0.505140 0.573638
vt 0.509606 0.573713
vt 0.509706 0.675103
vt 0.514635 0.618376
vt 0.514635 0.503987
vt 0.605411 0.503987
vt 0.605411 0.618376
vt 0.540228 0.742730
vt 0.540228 0.628483
vt 0.550585 0.742568
vt 0.550585 0.628396
vt 0.514839 0.742787
vt 0.514839 0.628138
vt 0.577555 0.632383
vt 0.668331 0.632383
vt 0.668331 0.746773
vt 0.577555 0.746773
vt 0.505240 0.675141
vt 0.505140 0.573658
vt 0.509606 0.573733
vt 0.509707 0.675141
vt 0.505145 0.508138
vt 0.509610 0.508172
vt 0.505140 0.743570
vt 0.509630 0.743663
vt 0.505144 0.508138
vt 0.509607 0.508185
vt 0.505140 0.743614
vt 0.509630 0.743663
vt 0.700619 0.617793
vt 0.610086 0.617793
vt 0.610086 0.611001
vt 0.695223 0.610995
vt 0.700619 0.503765
vt 0.695223 0.510564
vt 0.610039 0.503765
vt 0.610039 0.510565
vt 0.646026 0.578987
vt 0.638907 0.572012
vt 0.640705 0.569272
vt 0.647035 0.576218
vt 0.646041 0.544180
vt 0.648883 0.542740
vt 0.648832 0.546206
vt 0.647099 0.546881
vt 0.636131 0.561578
vt 0.638118 0.561584
vt 0.638907 0.551151
vt 0.640693 0.553972
vt 0.648902 0.580433
vt 0.648841 0.576899
vt 0.660092 0.540783
vt 0.660092 0.542747
vt 0.650100 0.542747
vt 0.650100 0.540783
vt 0.660093 0.570068
vt 0.660094 0.580198
vt 0.650101 0.580198
vt 0.650101 0.570069
vt 0.660093 0.561470
vt 0.650100 0.561470
vt 0.660092 0.552871
vt 0.650100 0.552871
vt 0.660094 0.582144
vt 0.650101 0.582144
vt 0.646044 0.544180
vt 0.648882 0.542740
vt 0.648830 0.546206
vt 0.647101 0.546875
vt 0.646025 0.578993
vt 0.638926 0.572017
vt 0.640714 0.569273
vt 0.647045 0.576226
vt 0.636131 0.561586
vt 0.638122 0.561580
vt 0.638905 0.551153
vt 0.640696 0.553965
vt 0.648901 0.580427
vt 0.648842 0.576914
vt 0.650100 0.552834
vt 0.650100 0.542752
vt 0.660011 0.542752
vt 0.660011 0.552834
vt 0.650100 0.582144
vt 0.650100 0.580193
vt 0.660011 0.580193
vt 0.660011 0.582144
vt 0.650100 0.561470
vt 0.660011 0.561470
vt 0.650100 0.570105
vt 0.660011 0.570105
vt 0.650100 0.540783
vt 0.660011 0.540783
vt 0.610091 0.617805
vt 0.610091 0.611005
vt 0.695284 0.611006
vt 0.700667 0.617805
vt 0.695284 0.510575
vt 0.700667 0.503776
vt 0.610138 0.510569
vt 0.610138 0.503776
s 0
usemtl books
f 1659/3198/851 1651/3199/851 1654/3200/851 1660/3201/851
f 1660/3201/852 1653/3202/852 1652/3203/852 1659/3198/852
f 1651/3204/853 1659/3205/853 1661/3206/853 1655/3207/853
f 1659/3205/854 1652/3208/854 1656/3209/854 1661/3206/854
f 1655/3210/855 1661/3211/855 1662/3201/855 1658/3212/855
f 1661/3211/856 1656/3213/856 1657/3214/856 1662/3201/856
f 1666/3215/857 1681/3216/857 1677/3217/857 1670/3218/857
f 1671/3219/858 1667/3220/858 1680/3221/858 1676/3222/858
f 1673/3223/859 1674/3224/859 1675/3225/859 1672/3226/859
f 1671/3227/860 1676/3228/860 1674/3229/860 1673/3230/860
f 1669/3231/861 1670/3218/861 1677/3217/861 1678/3232/861
f 1668/3233/862 1669/3231/862 1678/3232/862 1679/3234/862
f 1667/3220/863 1668/3233/863 1679/3234/863 1680/3221/863
f 1666/3215/864 1665/3235/864 1682/3236/864 1681/3216/864
f 1665/3237/865 1663/3238/865 1684/3239/865 1682/3240/865
f 1684/3241/859 1663/3242/859 1664/3243/859 1683/3244/859
f 1663/3242/866 1665/3245/866 1693/3246/866 1664/3243/866
f 1671/3247/866 1673/3223/866 1672/3226/866 1687/3248/866
f 1674/3224/867 1676/3249/867 1707/3250/867 1675/3225/867
f 1682/3251/867 1684/3241/867 1683/3244/867 1701/3252/867
f 1675/3253/868 1707/3254/868 1708/3255/868 1685/3256/868
f 1672/3257/865 1675/3253/865 1685/3256/865 1686/3258/865
f 1687/3259/869 1672/3257/869 1686/3258/869 1700/3260/869
f 1666/3261/866 1670/3262/866 1688/3263/866 1692/3264/866
f 1667/3265/866 1671/3266/866 1687/3267/866 1691/3268/866
f 1670/3262/866 1669/3269/866 1689/3270/866 1688/3263/866
f 1669/3269/866 1668/3271/866 1690/3272/866 1689/3270/866
f 1668/3271/866 1667/3265/866 1691/3268/866 1690/3272/866
f 1665/3273/866 1666/3261/866 1692/3264/866 1693/3274/866
f 1693/3275/870 1692/3276/870 1695/3277/870 1694/3278/870
f 1690/3279/871 1691/3280/871 1696/3281/871 1697/3282/871
f 1689/3283/872 1690/3279/872 1697/3282/872 1698/3284/872
f 1688/3285/873 1689/3283/873 1698/3284/873 1699/3286/873
f 1691/3280/874 1687/3287/874 1700/3288/874 1696/3281/874
f 1692/3276/875 1688/3285/875 1699/3286/875 1695/3277/875
f 1681/3289/867 1682/3290/867 1701/3291/867 1702/3292/867
f 1680/3293/867 1679/3294/867 1704/3295/867 1703/3296/867
f 1679/3294/867 1678/3297/867 1705/3298/867 1704/3295/867
f 1678/3297/867 1677/3299/867 1706/3300/867 1705/3298/867
f 1676/3301/867 1680/3293/867 1703/3296/867 1707/3302/867
f 1677/3299/867 1681/3289/867 1702/3292/867 1706/3300/867
f 1706/3303/876 1702/3304/876 1713/3305/876 1709/3306/876
f 1707/3307/877 1703/3308/877 1712/3309/877 1708/3310/877
f 1705/3311/878 1706/3303/878 1709/3306/878 1710/3312/878
f 1704/3313/879 1705/3311/879 1710/3312/879 1711/3314/879
f 1703/3308/880 1704/3313/880 1711/3314/880 1712/3309/880
f 1702/3304/881 1701/3315/881 1714/3316/881 1713/3305/881
f 1693/3317/882 1694/3318/882 1715/3319/882 1664/3320/882
f 1664/3320/883 1715/3319/883 1716/3321/883 1683/3322/883
f 1683/3322/884 1716/3321/884 1714/3323/884 1701/3324/884
o book07
v -0.899011 0.276508 -1.113238
v -0.899011 0.149662 -1.113238
v -0.898533 0.149662 -0.596918
v -0.898534 0.276508 -0.597856
v -1.517045 0.276508 -1.112666
v -1.517045 0.149662 -1.112666
v -1.516567 0.149662 -0.596402
v -1.516567 0.276508 -0.596402
v -0.903514 0.213085 -1.108180
v -0.903012 0.213085 -0.564802
v -1.512532 0.213085 -1.107617
v -1.512030 0.213085 -0.564372
v -0.891234 0.289823 -1.122937
v -0.891234 0.275299 -1.122937
v -0.890765 0.289823 -0.615030
v -0.890754 0.283709 -0.603422
v -0.890755 0.141755 -0.604321
v -0.890727 0.169940 -0.574329
v -0.890717 0.212570 -0.562906
v -0.890727 0.255200 -0.574329
v -0.890765 0.135567 -0.615097
v -0.891235 0.150090 -1.123004
v -0.891235 0.135567 -1.123004
v -1.531262 0.135567 -1.122412
v -1.531262 0.150090 -1.122412
v -1.530792 0.135567 -0.614505
v -1.530755 0.255200 -0.573737
v -1.530744 0.212570 -0.562315
v -1.530754 0.169940 -0.573737
v -1.530782 0.141755 -0.603729
v -1.530781 0.283709 -0.602830
v -1.530792 0.289823 -0.614438
v -1.531262 0.275299 -1.122346
v -1.531262 0.289823 -1.122346
v -1.493073 0.150090 -1.092165
v -0.929367 0.150090 -1.092686
v -0.890764 0.150241 -0.614589
v -0.890734 0.243694 -0.581628
v -0.890724 0.212582 -0.571102
v -0.890734 0.181470 -0.581628
v -0.890758 0.152804 -0.607612
v -0.890758 0.272391 -0.607547
v -0.890764 0.275113 -0.614540
v -0.928932 0.275113 -0.614505
v -0.928926 0.272391 -0.607512
v -0.928926 0.152804 -0.607576
v -0.928902 0.181470 -0.581592
v -0.928892 0.212582 -0.571066
v -0.928902 0.243694 -0.581592
v -0.928932 0.150241 -0.614554
v -1.530792 0.275430 -0.614215
v -1.530785 0.272694 -0.607150
v -1.530785 0.152501 -0.607215
v -1.530761 0.181153 -0.581044
v -1.530751 0.212582 -0.570285
v -1.530761 0.244010 -0.581044
v -1.530792 0.149924 -0.614264
v -1.492665 0.149924 -0.614299
v -1.492634 0.244010 -0.581079
v -1.492624 0.212582 -0.570320
v -1.492634 0.181153 -0.581079
v -1.492658 0.152501 -0.607251
v -1.492658 0.272694 -0.607186
v -1.492665 0.275430 -0.614250
v -0.929367 0.275621 -1.092686
v -1.493073 0.275621 -1.092165
vn 0.9975 -0.0709 -0.0009
vn 0.9975 0.0709 -0.0009
vn -0.0009 -0.0794 -0.9968
vn -0.0009 0.0794 -0.9968
vn -0.9975 -0.0709 0.0009
vn -0.9975 0.0709 0.0009
vn 0.0006 0.7142 0.6999
vn 0.0005 -0.8672 0.4980
vn -0.0009 -0.0000 -1.0000
vn -0.0000 -1.0000 -0.0000
vn 0.0009 0.2588 0.9659
vn 0.0009 -0.2588 0.9659
vn 0.0006 -0.7287 0.6848
vn 0.0004 0.8848 0.4660
vn -0.0000 1.0000 -0.0000
vn 1.0000 -0.0000 -0.0009
vn -1.0000 -0.0000 0.0009
vn -0.0001 1.0000 0.0003
vn -0.0001 1.0000 -0.0003
vn -0.0003 -0.9319 -0.3627
vn -0.0007 0.6716 -0.7409
vn -0.0009 0.3205 -0.9473
vn -0.0009 -0.3205 -0.9473
vn -0.0003 0.9387 -0.3448
vn -0.0007 -0.6703 -0.7421
vn -0.0007 -0.6731 -0.7395
vn -0.0003 0.9392 -0.3433
vn -0.0009 -0.3239 -0.9461
vn -0.0009 0.3239 -0.9461
vn -0.0007 0.6744 -0.7383
vn -0.0003 -0.9325 -0.3611
vn -0.0045 -1.0000 -0.0007
vn -0.0000 -0.9999 0.0107
vn 0.0042 -1.0000 -0.0001
vt 0.487558 0.513335
vt 0.499008 0.512423
vt 0.499008 0.605471
vt 0.487558 0.611437
vt 0.476108 0.605640
vt 0.476108 0.512423
vt 0.475070 0.614996
vt 0.463620 0.614182
vt 0.463620 0.504229
vt 0.475070 0.503415
vt 0.452169 0.614996
vt 0.452169 0.503415
vt 0.476108 0.512447
vt 0.487558 0.513359
vt 0.487558 0.611437
vt 0.476108 0.605654
vt 0.499008 0.512447
vt 0.499008 0.605654
vt 0.269601 0.742669
vt 0.269601 0.628120
vt 0.279908 0.628187
vt 0.279908 0.742697
vt 0.315254 0.742527
vt 0.310930 0.742513
vt 0.310930 0.628340
vt 0.315254 0.628277
vt 0.255277 0.675029
vt 0.255176 0.573564
vt 0.259642 0.573639
vt 0.259743 0.675029
vt 0.264672 0.618302
vt 0.264672 0.503913
vt 0.355448 0.503913
vt 0.355448 0.618302
vt 0.290265 0.742656
vt 0.290265 0.628409
vt 0.300622 0.742494
vt 0.300622 0.628322
vt 0.264876 0.742713
vt 0.264876 0.628064
vt 0.327592 0.632309
vt 0.418367 0.632309
vt 0.418367 0.746698
vt 0.327592 0.746698
vt 0.255277 0.675067
vt 0.255176 0.573584
vt 0.259643 0.573659
vt 0.259744 0.675067
vt 0.255182 0.508064
vt 0.259647 0.508098
vt 0.255176 0.743496
vt 0.259666 0.743589
vt 0.255181 0.508064
vt 0.259644 0.508111
vt 0.255176 0.743540
vt 0.259667 0.743589
vt 0.450655 0.617719
vt 0.360123 0.617719
vt 0.360123 0.610927
vt 0.445260 0.610921
vt 0.450655 0.503691
vt 0.445260 0.510490
vt 0.360076 0.503691
vt 0.360076 0.510491
vt 0.396063 0.578913
vt 0.388944 0.571938
vt 0.390742 0.569198
vt 0.397072 0.576144
vt 0.396078 0.544106
vt 0.398919 0.542666
vt 0.398869 0.546132
vt 0.397135 0.546807
vt 0.386168 0.561504
vt 0.388155 0.561510
vt 0.388944 0.551077
vt 0.390730 0.553898
vt 0.398939 0.580359
vt 0.398877 0.576824
vt 0.410129 0.540708
vt 0.410129 0.542673
vt 0.400136 0.542673
vt 0.400136 0.540709
vt 0.410130 0.569994
vt 0.410131 0.580124
vt 0.400138 0.580124
vt 0.400138 0.569995
vt 0.410130 0.561396
vt 0.400137 0.561396
vt 0.410129 0.552797
vt 0.400137 0.552797
vt 0.410131 0.582070
vt 0.400138 0.582070
vt 0.396081 0.544106
vt 0.398919 0.542666
vt 0.398867 0.546132
vt 0.397138 0.546801
vt 0.396062 0.578919
vt 0.388963 0.571943
vt 0.390750 0.569199
vt 0.397082 0.576152
vt 0.386168 0.561512
vt 0.388159 0.561506
vt 0.388942 0.551079
vt 0.390733 0.553891
vt 0.398938 0.580353
vt 0.398879 0.576840
vt 0.400137 0.552760
vt 0.400137 0.542678
vt 0.410048 0.542678
vt 0.410048 0.552760
vt 0.400136 0.582070
vt 0.400136 0.580119
vt 0.410048 0.580119
vt 0.410048 0.582070
vt 0.400136 0.561396
vt 0.410048 0.561396
vt 0.400136 0.570031
vt 0.410048 0.570031
vt 0.400137 0.540708
vt 0.410048 0.540709
vt 0.360127 0.617731
vt 0.360127 0.610931
vt 0.445321 0.610932
vt 0.450704 0.617731
vt 0.445321 0.510501
vt 0.450704 0.503702
vt 0.360175 0.510495
vt 0.360175 0.503702
s 0
usemtl books
f 1725/3325/885 1717/3326/885 1720/3327/885 1726/3328/885
f 1726/3328/886 1719/3329/886 1718/3330/886 1725/3325/886
f 1717/3331/887 1725/3332/887 1727/3333/887 1721/3334/887
f 1725/3332/888 1718/3335/888 1722/3336/888 1727/3333/888
f 1721/3337/889 1727/3338/889 1728/3339/889 1724/3340/889
f 1727/3338/890 1722/3341/890 1723/3342/890 1728/3339/890
f 1732/3343/891 1747/3344/891 1743/3345/891 1736/3346/891
f 1737/3347/892 1733/3348/892 1746/3349/892 1742/3350/892
f 1739/3351/893 1740/3352/893 1741/3353/893 1738/3354/893
f 1737/3355/894 1742/3356/894 1740/3357/894 1739/3358/894
f 1735/3359/895 1736/3346/895 1743/3345/895 1744/3360/895
f 1734/3361/896 1735/3359/896 1744/3360/896 1745/3362/896
f 1733/3348/897 1734/3361/897 1745/3362/897 1746/3349/897
f 1732/3343/898 1731/3363/898 1748/3364/898 1747/3344/898
f 1731/3365/899 1729/3366/899 1750/3367/899 1748/3368/899
f 1750/3369/893 1729/3370/893 1730/3371/893 1749/3372/893
f 1729/3370/900 1731/3373/900 1759/3374/900 1730/3371/900
f 1737/3375/900 1739/3351/900 1738/3354/900 1753/3376/900
f 1740/3352/901 1742/3377/901 1773/3378/901 1741/3353/901
f 1748/3379/901 1750/3369/901 1749/3372/901 1767/3380/901
f 1741/3381/902 1773/3382/902 1774/3383/902 1751/3384/902
f 1738/3385/899 1741/3381/899 1751/3384/899 1752/3386/899
f 1753/3387/903 1738/3385/903 1752/3386/903 1766/3388/903
f 1732/3389/900 1736/3390/900 1754/3391/900 1758/3392/900
f 1733/3393/900 1737/3394/900 1753/3395/900 1757/3396/900
f 1736/3390/900 1735/3397/900 1755/3398/900 1754/3391/900
f 1735/3397/900 1734/3399/900 1756/3400/900 1755/3398/900
f 1734/3399/900 1733/3393/900 1757/3396/900 1756/3400/900
f 1731/3401/900 1732/3389/900 1758/3392/900 1759/3402/900
f 1759/3403/904 1758/3404/904 1761/3405/904 1760/3406/904
f 1756/3407/905 1757/3408/905 1762/3409/905 1763/3410/905
f 1755/3411/906 1756/3407/906 1763/3410/906 1764/3412/906
f 1754/3413/907 1755/3411/907 1764/3412/907 1765/3414/907
f 1757/3408/908 1753/3415/908 1766/3416/908 1762/3409/908
f 1758/3404/909 1754/3413/909 1765/3414/909 1761/3405/909
f 1747/3417/901 1748/3418/901 1767/3419/901 1768/3420/901
f 1746/3421/901 1745/3422/901 1770/3423/901 1769/3424/901
f 1745/3422/901 1744/3425/901 1771/3426/901 1770/3423/901
f 1744/3425/901 1743/3427/901 1772/3428/901 1771/3426/901
f 1742/3429/901 1746/3421/901 1769/3424/901 1773/3430/901
f 1743/3427/901 1747/3417/901 1768/3420/901 1772/3428/901
f 1772/3431/910 1768/3432/910 1779/3433/910 1775/3434/910
f 1773/3435/911 1769/3436/911 1778/3437/911 1774/3438/911
f 1771/3439/912 1772/3431/912 1775/3434/912 1776/3440/912
f 1770/3441/913 1771/3439/913 1776/3440/913 1777/3442/913
f 1769/3436/914 1770/3441/914 1777/3442/914 1778/3437/914
f 1768/3432/915 1767/3443/915 1780/3444/915 1779/3433/915
f 1759/3445/916 1760/3446/916 1781/3447/916 1730/3448/916
f 1730/3448/917 1781/3447/917 1782/3449/917 1749/3450/917
f 1749/3450/918 1782/3449/918 1780/3451/918 1767/3452/918
o book06
v 0.217258 0.141368 0.074925
v 0.217258 -0.050637 0.074925
v 0.327558 -0.050637 0.709232
v 0.327358 0.141368 0.708080
v -0.542007 0.141368 0.206954
v -0.542007 -0.050637 0.206954
v -0.431719 -0.050637 0.841192
v -0.431719 0.141368 0.841192
v 0.212800 0.045365 0.082096
v 0.328880 0.045365 0.749645
v -0.535389 0.045365 0.212199
v -0.419337 0.045365 0.879584
v 0.224752 0.161522 0.061354
v 0.224752 0.139537 0.061354
v 0.333254 0.161522 0.685327
v 0.335734 0.152268 0.699587
v 0.335542 -0.062607 0.698483
v 0.341949 -0.019942 0.735329
v 0.344389 0.044586 0.749362
v 0.341949 0.109114 0.735329
v 0.333240 -0.071974 0.685245
v 0.224737 -0.049989 0.061272
v 0.224737 -0.071974 0.061272
v -0.561546 -0.071974 0.197999
v -0.561546 -0.049989 0.197999
v -0.453044 -0.071974 0.821972
v -0.444335 0.109114 0.872056
v -0.441894 0.044586 0.886088
v -0.444335 -0.019942 0.872056
v -0.450742 -0.062607 0.835210
v -0.450550 0.152268 0.836314
v -0.453029 0.161522 0.822054
v -0.561532 0.139537 0.198081
v -0.561532 0.161522 0.198081
v -0.508196 -0.049989 0.227050
v 0.184326 -0.049989 0.106628
v 0.333348 -0.049762 0.685868
v 0.340390 0.091698 0.726362
v 0.342639 0.044604 0.739293
v 0.340390 -0.002490 0.726362
v 0.334839 -0.045881 0.694440
v 0.334853 0.135135 0.694519
v 0.333359 0.139255 0.685928
v 0.286469 0.139255 0.694082
v 0.287963 0.135135 0.702673
v 0.287950 -0.045881 0.702594
v 0.293500 -0.002490 0.734516
v 0.295749 0.044604 0.747447
v 0.293500 0.091698 0.734516
v 0.286459 -0.049762 0.694022
v -0.452982 0.139736 0.822328
v -0.451473 0.135595 0.831007
v -0.451486 -0.046341 0.830927
v -0.445895 -0.002970 0.863079
v -0.443597 0.044603 0.876297
v -0.445895 0.092176 0.863079
v -0.452992 -0.050241 0.822268
v -0.406152 -0.050241 0.814123
v -0.399056 0.092176 0.854934
v -0.396757 0.044603 0.868152
v -0.399056 -0.002970 0.854934
v -0.404647 -0.046341 0.822782
v -0.404633 0.135595 0.822862
v -0.406142 0.139736 0.814183
v 0.184326 0.140025 0.106628
v -0.508196 0.140025 0.227050
vn 0.9835 -0.0585 -0.1710
vn 0.9835 0.0585 -0.1710
vn -0.1710 -0.0655 -0.9831
vn -0.1710 0.0655 -0.9831
vn -0.9835 -0.0585 0.1710
vn -0.9835 0.0585 0.1710
vn 0.1311 0.6435 0.7541
vn 0.0980 -0.8204 0.5634
vn -0.1713 -0.0000 -0.9852
vn -0.0000 -1.0000 -0.0000
vn 0.1673 0.2155 0.9621
vn 0.1673 -0.2155 0.9621
vn 0.1288 -0.6592 0.7409
vn 0.0923 0.8425 0.5307
vn -0.0000 1.0000 -0.0000
vn 0.9852 -0.0000 -0.1713
vn -0.9852 -0.0000 0.1713
vn -0.0001 1.0000 0.0004
vn -0.0002 1.0000 -0.0003
vn -0.0732 -0.9042 -0.4209
vn -0.1373 0.5983 -0.7894
vn -0.1650 0.2685 -0.9490
vn -0.1650 -0.2685 -0.9490
vn -0.0698 0.9133 -0.4013
vn -0.1374 -0.5969 -0.7904
vn -0.1371 -0.5999 -0.7883
vn -0.0695 0.9141 -0.3996
vn -0.1649 -0.2714 -0.9482
vn -0.1649 0.2714 -0.9482
vn -0.1369 0.6013 -0.7872
vn -0.0729 -0.9050 -0.4191
vn -0.0055 -1.0000 0.0001
vn 0.0022 -0.9999 0.0127
vn 0.0051 -1.0000 -0.0010
vt 0.237744 0.513240
vt 0.249194 0.512328
vt 0.249194 0.605376
vt 0.237744 0.611343
vt 0.226293 0.605545
vt 0.226293 0.512328
vt 0.225256 0.614901
vt 0.213805 0.614087
vt 0.213805 0.504134
vt 0.225256 0.503320
vt 0.202355 0.614901
vt 0.202355 0.503320
vt 0.226293 0.512352
vt 0.237743 0.513264
vt 0.237743 0.611343
vt 0.226293 0.605559
vt 0.249194 0.512352
vt 0.249194 0.605559
vt 0.019786 0.742574
vt 0.019786 0.628025
vt 0.030093 0.628092
vt 0.030093 0.742602
vt 0.065439 0.742432
vt 0.061116 0.742418
vt 0.061116 0.628245
vt 0.065439 0.628183
vt 0.005463 0.674934
vt 0.005362 0.573469
vt 0.009828 0.573544
vt 0.009929 0.674934
vt 0.014858 0.618207
vt 0.014858 0.503818
vt 0.105634 0.503818
vt 0.105634 0.618207
vt 0.040450 0.742561
vt 0.040450 0.628314
vt 0.050807 0.742399
vt 0.050807 0.628227
vt 0.015061 0.742618
vt 0.015062 0.627970
vt 0.077777 0.632214
vt 0.168553 0.632214
vt 0.168553 0.746604
vt 0.077777 0.746604
vt 0.005463 0.674972
vt 0.005362 0.573489
vt 0.009829 0.573564
vt 0.009929 0.674972
vt 0.005368 0.507969
vt 0.009832 0.508003
vt 0.005362 0.743401
vt 0.009852 0.743494
vt 0.005367 0.507969
vt 0.009829 0.508016
vt 0.005362 0.743445
vt 0.009853 0.743494
vt 0.200841 0.617624
vt 0.110309 0.617624
vt 0.110309 0.610832
vt 0.195446 0.610826
vt 0.200841 0.503596
vt 0.195446 0.510395
vt 0.110261 0.503596
vt 0.110261 0.510396
vt 0.146248 0.578819
vt 0.139130 0.571843
vt 0.140927 0.569103
vt 0.147258 0.576049
vt 0.146264 0.544011
vt 0.149105 0.542571
vt 0.149055 0.546037
vt 0.147321 0.546712
vt 0.136354 0.561409
vt 0.138340 0.561415
vt 0.139130 0.550982
vt 0.140916 0.553803
vt 0.149125 0.580264
vt 0.149063 0.576730
vt 0.160314 0.540614
vt 0.160314 0.542578
vt 0.150322 0.542579
vt 0.150322 0.540614
vt 0.160316 0.569900
vt 0.160316 0.580029
vt 0.150324 0.580029
vt 0.150323 0.569900
vt 0.160315 0.561301
vt 0.150323 0.561301
vt 0.160315 0.552702
vt 0.150322 0.552702
vt 0.160316 0.581975
vt 0.150324 0.581975
vt 0.146267 0.544011
vt 0.149104 0.542571
vt 0.149052 0.546037
vt 0.147324 0.546706
vt 0.146247 0.578824
vt 0.139148 0.571848
vt 0.140936 0.569105
vt 0.147267 0.576057
vt 0.136353 0.561417
vt 0.138344 0.561411
vt 0.139127 0.550984
vt 0.140918 0.553796
vt 0.149123 0.580258
vt 0.149064 0.576746
vt 0.150322 0.552665
vt 0.150322 0.542583
vt 0.160234 0.542583
vt 0.160234 0.552666
vt 0.150322 0.581975
vt 0.150322 0.580024
vt 0.160233 0.580024
vt 0.160233 0.581975
vt 0.150322 0.561301
vt 0.160233 0.561301
vt 0.150322 0.569937
vt 0.160233 0.569937
vt 0.150322 0.540614
vt 0.160234 0.540614
vt 0.110313 0.617636
vt 0.110313 0.610836
vt 0.195506 0.610837
vt 0.200890 0.617636
vt 0.195506 0.510406
vt 0.200890 0.503608
vt 0.110360 0.510400
vt 0.110360 0.503608
s 0
usemtl books
f 1791/3453/919 1783/3454/919 1786/3455/919 1792/3456/919
f 1792/3456/920 1785/3457/920 1784/3458/920 1791/3453/920
f 1783/3459/921 1791/3460/921 1793/3461/921 1787/3462/921
f 1791/3460/922 1784/3463/922 1788/3464/922 1793/3461/922
f 1787/3465/923 1793/3466/923 1794/3467/923 1790/3468/923
f 1793/3466/924 1788/3469/924 1789/3470/924 1794/3467/924
f 1798/3471/925 1813/3472/925 1809/3473/925 1802/3474/925
f 1803/3475/926 1799/3476/926 1812/3477/926 1808/3478/926
f 1805/3479/927 1806/3480/927 1807/3481/927 1804/3482/927
f 1803/3483/928 1808/3484/928 1806/3485/928 1805/3486/928
f 1801/3487/929 1802/3474/929 1809/3473/929 1810/3488/929
f 1800/3489/930 1801/3487/930 1810/3488/930 1811/3490/930
f 1799/3476/931 1800/3489/931 1811/3490/931 1812/3477/931
f 1798/3471/932 1797/3491/932 1814/3492/932 1813/3472/932
f 1797/3493/933 1795/3494/933 1816/3495/933 1814/3496/933
f 1816/3497/927 1795/3498/927 1796/3499/927 1815/3500/927
f 1795/3498/934 1797/3501/934 1825/3502/934 1796/3499/934
f 1803/3503/934 1805/3479/934 1804/3482/934 1819/3504/934
f 1806/3480/935 1808/3505/935 1839/3506/935 1807/3481/935
f 1814/3507/935 1816/3497/935 1815/3500/935 1833/3508/935
f 1807/3509/936 1839/3510/936 1840/3511/936 1817/3512/936
f 1804/3513/933 1807/3509/933 1817/3512/933 1818/3514/933
f 1819/3515/937 1804/3513/937 1818/3514/937 1832/3516/937
f 1798/3517/934 1802/3518/934 1820/3519/934 1824/3520/934
f 1799/3521/934 1803/3522/934 1819/3523/934 1823/3524/934
f 1802/3518/934 1801/3525/934 1821/3526/934 1820/3519/934
f 1801/3525/934 1800/3527/934 1822/3528/934 1821/3526/934
f 1800/3527/934 1799/3521/934 1823/3524/934 1822/3528/934
f 1797/3529/934 1798/3517/934 1824/3520/934 1825/3530/934
f 1825/3531/938 1824/3532/938 1827/3533/938 1826/3534/938
f 1822/3535/939 1823/3536/939 1828/3537/939 1829/3538/939
f 1821/3539/940 1822/3535/940 1829/3538/940 1830/3540/940
f 1820/3541/941 1821/3539/941 1830/3540/941 1831/3542/941
f 1823/3536/942 1819/3543/942 1832/3544/942 1828/3537/942
f 1824/3532/943 1820/3541/943 1831/3542/943 1827/3533/943
f 1813/3545/935 1814/3546/935 1833/3547/935 1834/3548/935
f 1812/3549/935 1811/3550/935 1836/3551/935 1835/3552/935
f 1811/3550/935 1810/3553/935 1837/3554/935 1836/3551/935
f 1810/3553/935 1809/3555/935 1838/3556/935 1837/3554/935
f 1808/3557/935 1812/3549/935 1835/3552/935 1839/3558/935
f 1809/3555/935 1813/3545/935 1834/3548/935 1838/3556/935
f 1838/3559/944 1834/3560/944 1845/3561/944 1841/3562/944
f 1839/3563/945 1835/3564/945 1844/3565/945 1840/3566/945
f 1837/3567/946 1838/3559/946 1841/3562/946 1842/3568/946
f 1836/3569/947 1837/3567/947 1842/3568/947 1843/3570/947
f 1835/3564/948 1836/3569/948 1843/3570/948 1844/3565/948
f 1834/3560/949 1833/3571/949 1846/3572/949 1845/3561/949
f 1825/3573/950 1826/3574/950 1847/3575/950 1796/3576/950
f 1796/3576/951 1847/3575/951 1848/3577/951 1815/3578/951
f 1815/3578/952 1848/3577/952 1846/3579/952 1833/3580/952
o book05
v -0.049003 0.109311 -1.809828
v -0.049003 -0.048859 -1.809828
v -0.321158 -0.048859 -1.226353
v -0.320664 0.109311 -1.227413
v -0.747421 0.109311 -2.135598
v -0.747421 -0.048859 -2.135598
v -1.019547 -0.048859 -1.552187
v -1.019547 0.109311 -1.552187
v -0.056760 0.030226 -1.806494
v -0.343179 0.030226 -1.192441
v -0.744990 0.030226 -2.127512
v -1.031339 0.030226 -1.513610
v -0.035096 0.125913 -1.816678
v -0.035096 0.107803 -1.816678
v -0.302817 0.125914 -1.242710
v -0.308936 0.118290 -1.229592
v -0.308462 -0.058720 -1.230608
v -0.324271 -0.023574 -1.196715
v -0.330292 0.029584 -1.183807
v -0.324271 0.082741 -1.196715
v -0.302782 -0.066436 -1.242785
v -0.035061 -0.048326 -1.816754
v -0.035061 -0.066436 -1.816753
v -0.758333 -0.066436 -2.154116
v -0.758333 -0.048326 -2.154116
v -1.026054 -0.066436 -1.580148
v -1.047543 0.082741 -1.534078
v -1.053564 0.029584 -1.521170
v -1.047543 -0.023574 -1.534078
v -1.031734 -0.058720 -1.567971
v -1.032208 0.118290 -1.566955
v -1.026089 0.125914 -1.580073
v -0.758368 0.107803 -2.154041
v -0.758368 0.125913 -2.154041
v -0.731171 -0.048326 -2.099780
v -0.094147 -0.048326 -1.802646
v -0.303050 -0.048138 -1.242212
v -0.320424 0.068394 -1.204963
v -0.325972 0.029598 -1.193068
v -0.320424 -0.009197 -1.204963
v -0.306728 -0.044942 -1.234327
v -0.306762 0.104177 -1.234254
v -0.303075 0.107571 -1.242157
v -0.346207 0.107571 -1.262275
v -0.349894 0.104177 -1.254372
v -0.349860 -0.044942 -1.254445
v -0.363556 -0.009197 -1.225081
v -0.369104 0.029598 -1.213187
v -0.363556 0.068394 -1.225081
v -0.346182 -0.048138 -1.262330
v -1.026207 0.107966 -1.579820
v -1.029931 0.104555 -1.571837
v -1.029897 -0.045320 -1.571911
v -1.043692 -0.009592 -1.542335
v -1.049363 0.029598 -1.530176
v -1.043692 0.068788 -1.542335
v -1.026181 -0.048533 -1.579876
v -0.983095 -0.048533 -1.559779
v -1.000606 0.068788 -1.522238
v -1.006277 0.029598 -1.510079
v -1.000606 -0.009592 -1.522238
v -0.986810 -0.045320 -1.551813
v -0.986845 0.104555 -1.551740
v -0.983121 0.107966 -1.559723
v -0.094147 0.108205 -1.802646
v -0.731171 0.108205 -2.099780
vn 0.9040 -0.0709 0.4217
vn 0.9040 0.0709 0.4217
vn 0.4214 -0.0794 -0.9034
vn 0.4214 0.0794 -0.9034
vn -0.9040 -0.0709 -0.4217
vn -0.9040 0.0709 -0.4217
vn -0.2959 0.7142 0.6343
vn -0.2105 -0.8672 0.4513
vn 0.4227 -0.0000 -0.9063
vn -0.0000 -1.0000 -0.0000
vn -0.4083 0.2588 0.8754
vn -0.4083 -0.2588 0.8754
vn -0.2895 -0.7287 0.6206
vn -0.1970 0.8848 0.4223
vn -0.0000 1.0000 -0.0000
vn 0.9063 -0.0000 0.4227
vn -0.9063 -0.0000 -0.4227
vn -0.0003 1.0000 0.0002
vn -0.0000 1.0000 -0.0003
vn 0.1533 -0.9319 -0.3287
vn 0.3132 0.6716 -0.6715
vn 0.4004 0.3205 -0.8585
vn 0.4004 -0.3205 -0.8585
vn 0.1458 0.9387 -0.3125
vn 0.3137 -0.6703 -0.6725
vn 0.3126 -0.6731 -0.6702
vn 0.1451 0.9392 -0.3111
vn 0.3999 -0.3239 -0.8574
vn 0.3999 0.3239 -0.8574
vn 0.3121 0.6744 -0.6691
vn 0.1526 -0.9325 -0.3273
vn -0.0038 -1.0000 -0.0025
vn -0.0045 -0.9999 0.0097
vn 0.0039 -1.0000 0.0017
vt 0.987609 0.763451
vt 0.999059 0.762539
vt 0.999059 0.855587
vt 0.987609 0.861554
vt 0.976158 0.855757
vt 0.976158 0.762539
vt 0.975121 0.865112
vt 0.963670 0.864299
vt 0.963670 0.754345
vt 0.975121 0.753531
vt 0.952220 0.865112
vt 0.952220 0.753531
vt 0.976158 0.762563
vt 0.987609 0.763476
vt 0.987609 0.861554
vt 0.976158 0.855770
vt 0.999059 0.762563
vt 0.999059 0.855770
vt 0.769652 0.992785
vt 0.769652 0.878236
vt 0.779959 0.878303
vt 0.779959 0.992814
vt 0.815305 0.992644
vt 0.810981 0.992630
vt 0.810981 0.878457
vt 0.815305 0.878394
vt 0.755328 0.925146
vt 0.755227 0.823681
vt 0.759693 0.823756
vt 0.759794 0.925145
vt 0.764723 0.868418
vt 0.764723 0.754029
vt 0.855499 0.754029
vt 0.855499 0.868418
vt 0.790316 0.992773
vt 0.790316 0.878525
vt 0.800673 0.992611
vt 0.800673 0.878438
vt 0.764927 0.992829
vt 0.764927 0.878181
vt 0.827642 0.882426
vt 0.918418 0.882426
vt 0.918418 0.996815
vt 0.827642 0.996815
vt 0.755328 0.925183
vt 0.755227 0.823700
vt 0.759694 0.823775
vt 0.759795 0.925183
vt 0.755233 0.758180
vt 0.759697 0.758214
vt 0.755227 0.993612
vt 0.759717 0.993705
vt 0.755232 0.758180
vt 0.759694 0.758228
vt 0.755227 0.993656
vt 0.759718 0.993705
vt 0.950706 0.867836
vt 0.860174 0.867836
vt 0.860174 0.861043
vt 0.945311 0.861037
vt 0.950706 0.753808
vt 0.945311 0.760607
vt 0.860126 0.753808
vt 0.860126 0.760608
vt 0.896114 0.829030
vt 0.888995 0.822055
vt 0.890793 0.819315
vt 0.897123 0.826261
vt 0.896129 0.794223
vt 0.898970 0.792783
vt 0.898920 0.796249
vt 0.897186 0.796923
vt 0.886219 0.811620
vt 0.888206 0.811627
vt 0.888995 0.801193
vt 0.890781 0.804014
vt 0.898990 0.830475
vt 0.898928 0.826941
vt 0.910179 0.790825
vt 0.910180 0.792790
vt 0.900187 0.792790
vt 0.900187 0.790825
vt 0.910181 0.820111
vt 0.910181 0.830240
vt 0.900189 0.830241
vt 0.900188 0.820112
vt 0.910180 0.811512
vt 0.900188 0.811513
vt 0.910180 0.802913
vt 0.900188 0.802914
vt 0.910182 0.832186
vt 0.900189 0.832187
vt 0.896132 0.794223
vt 0.898970 0.792783
vt 0.898917 0.796249
vt 0.897189 0.796918
vt 0.896113 0.829036
vt 0.889014 0.822060
vt 0.890801 0.819316
vt 0.897132 0.826269
vt 0.886219 0.811629
vt 0.888210 0.811622
vt 0.888993 0.801195
vt 0.890783 0.804008
vt 0.898988 0.830470
vt 0.898929 0.826957
vt 0.900187 0.802877
vt 0.900188 0.792794
vt 0.910099 0.792795
vt 0.910099 0.802877
vt 0.900187 0.832187
vt 0.900187 0.830236
vt 0.910099 0.830236
vt 0.910099 0.832187
vt 0.900187 0.811513
vt 0.910099 0.811513
vt 0.900187 0.820148
vt 0.910099 0.820148
vt 0.900188 0.790825
vt 0.910099 0.790825
vt 0.860178 0.867847
vt 0.860178 0.861047
vt 0.945372 0.861049
vt 0.950755 0.867847
vt 0.945372 0.760618
vt 0.950755 0.753819
vt 0.860226 0.760612
vt 0.860226 0.753819
s 0
usemtl books
f 1857/3581/953 1849/3582/953 1852/3583/953 1858/3584/953
f 1858/3584/954 1851/3585/954 1850/3586/954 1857/3581/954
f 1849/3587/955 1857/3588/955 1859/3589/955 1853/3590/955
f 1857/3588/956 1850/3591/956 1854/3592/956 1859/3589/956
f 1853/3593/957 1859/3594/957 1860/3595/957 1856/3596/957
f 1859/3594/958 1854/3597/958 1855/3598/958 1860/3595/958
f 1864/3599/959 1879/3600/959 1875/3601/959 1868/3602/959
f 1869/3603/960 1865/3604/960 1878/3605/960 1874/3606/960
f 1871/3607/961 1872/3608/961 1873/3609/961 1870/3610/961
f 1869/3611/962 1874/3612/962 1872/3613/962 1871/3614/962
f 1867/3615/963 1868/3602/963 1875/3601/963 1876/3616/963
f 1866/3617/964 1867/3615/964 1876/3616/964 1877/3618/964
f 1865/3604/965 1866/3617/965 1877/3618/965 1878/3605/965
f 1864/3599/966 1863/3619/966 1880/3620/966 1879/3600/966
f 1863/3621/967 1861/3622/967 1882/3623/967 1880/3624/967
f 1882/3625/961 1861/3626/961 1862/3627/961 1881/3628/961
f 1861/3626/968 1863/3629/968 1891/3630/968 1862/3627/968
f 1869/3631/968 1871/3607/968 1870/3610/968 1885/3632/968
f 1872/3608/969 1874/3633/969 1905/3634/969 1873/3609/969
f 1880/3635/969 1882/3625/969 1881/3628/969 1899/3636/969
f 1873/3637/970 1905/3638/970 1906/3639/970 1883/3640/970
f 1870/3641/967 1873/3637/967 1883/3640/967 1884/3642/967
f 1885/3643/971 1870/3641/971 1884/3642/971 1898/3644/971
f 1864/3645/968 1868/3646/968 1886/3647/968 1890/3648/968
f 1865/3649/968 1869/3650/968 1885/3651/968 1889/3652/968
f 1868/3646/968 1867/3653/968 1887/3654/968 1886/3647/968
f 1867/3653/968 1866/3655/968 1888/3656/968 1887/3654/968
f 1866/3655/968 1865/3649/968 1889/3652/968 1888/3656/968
f 1863/3657/968 1864/3645/968 1890/3648/968 1891/3658/968
f 1891/3659/972 1890/3660/972 1893/3661/972 1892/3662/972
f 1888/3663/973 1889/3664/973 1894/3665/973 1895/3666/973
f 1887/3667/974 1888/3663/974 1895/3666/974 1896/3668/974
f 1886/3669/975 1887/3667/975 1896/3668/975 1897/3670/975
f 1889/3664/976 1885/3671/976 1898/3672/976 1894/3665/976
f 1890/3660/977 1886/3669/977 1897/3670/977 1893/3661/977
f 1879/3673/969 1880/3674/969 1899/3675/969 1900/3676/969
f 1878/3677/969 1877/3678/969 1902/3679/969 1901/3680/969
f 1877/3678/969 1876/3681/969 1903/3682/969 1902/3679/969
f 1876/3681/969 1875/3683/969 1904/3684/969 1903/3682/969
f 1874/3685/969 1878/3677/969 1901/3680/969 1905/3686/969
f 1875/3683/969 1879/3673/969 1900/3676/969 1904/3684/969
f 1904/3687/978 1900/3688/978 1911/3689/978 1907/3690/978
f 1905/3691/979 1901/3692/979 1910/3693/979 1906/3694/979
f 1903/3695/980 1904/3687/980 1907/3690/980 1908/3696/980
f 1902/3697/981 1903/3695/981 1908/3696/981 1909/3698/981
f 1901/3692/982 1902/3697/982 1909/3698/982 1910/3693/982
f 1900/3688/983 1899/3699/983 1912/3700/983 1911/3689/983
f 1891/3701/984 1892/3702/984 1913/3703/984 1862/3704/984
f 1862/3704/985 1913/3703/985 1914/3705/985 1881/3706/985
f 1881/3706/986 1914/3705/986 1912/3707/986 1899/3708/986
o book04
v -1.139727 0.096763 -1.313888
v -1.139727 -0.061407 -1.313888
v -0.673445 -0.061407 -0.869936
v -0.674292 0.096763 -0.870743
v -1.671136 0.096763 -0.755749
v -1.671136 -0.061407 -0.755749
v -1.204905 -0.061407 -0.311846
v -1.204905 0.096763 -0.311846
v -1.139040 0.017678 -1.305472
v -0.648321 0.017678 -0.838254
v -1.662696 0.017678 -0.755475
v -1.172099 0.017678 -0.288372
v -1.141786 0.113366 -1.329252
v -1.141786 0.095255 -1.329252
v -0.683102 0.113366 -0.892534
v -0.672619 0.105743 -0.882553
v -0.673430 -0.071268 -0.883326
v -0.646345 -0.036121 -0.857538
v -0.636029 0.017036 -0.847716
v -0.646345 0.070193 -0.857538
v -0.683162 -0.078984 -0.892592
v -1.141847 -0.060873 -1.329310
v -1.141847 -0.078984 -1.329310
v -1.692166 -0.078984 -0.751309
v -1.692166 -0.060873 -0.751309
v -1.233482 -0.078984 -0.314591
v -1.196665 0.070193 -0.279537
v -1.186349 0.017036 -0.269716
v -1.196665 -0.036121 -0.279537
v -1.223750 -0.071268 -0.305326
v -1.222938 0.105743 -0.304553
v -1.233421 0.113366 -0.314534
v -1.692106 0.095255 -0.751252
v -1.692106 0.113366 -0.751252
v -1.632006 -0.060873 -0.759733
v -1.147310 -0.060873 -1.268809
v -0.682704 -0.060686 -0.892155
v -0.652936 0.055846 -0.863814
v -0.643430 0.017051 -0.854763
v -0.652936 -0.021745 -0.863814
v -0.676402 -0.057490 -0.886156
v -0.676344 0.091629 -0.886100
v -0.682660 0.095023 -0.892113
v -0.715478 0.095023 -0.857645
v -0.709162 0.091629 -0.851632
v -0.709220 -0.057490 -0.851687
v -0.685754 -0.021745 -0.829345
v -0.676248 0.017051 -0.820294
v -0.685754 0.055846 -0.829345
v -0.715521 -0.060686 -0.857687
v -1.233219 0.095419 -0.314342
v -1.226840 0.092007 -0.308267
v -1.226898 -0.057868 -0.308323
v -1.203263 -0.022140 -0.285820
v -1.193547 0.017050 -0.276569
v -1.203263 0.056240 -0.285820
v -1.233264 -0.061081 -0.314384
v -1.200480 -0.061081 -0.348816
v -1.170480 0.056240 -0.320252
v -1.160764 0.017050 -0.311001
v -1.170480 -0.022140 -0.320252
v -1.194115 -0.057868 -0.342756
v -1.194056 0.092007 -0.342700
v -1.200436 0.095419 -0.348774
v -1.147310 0.095657 -1.268809
v -1.632006 0.095657 -0.759733
vn 0.6878 -0.0709 -0.7224
vn 0.6878 0.0709 -0.7224
vn -0.7219 -0.0794 -0.6874
vn -0.7219 0.0794 -0.6874
vn -0.6878 -0.0709 0.7224
vn -0.6878 0.0709 0.7224
vn 0.5069 0.7142 0.4826
vn 0.3607 -0.8672 0.3434
vn -0.7242 -0.0000 -0.6896
vn -0.0000 -1.0000 -0.0000
vn 0.6996 0.2588 0.6661
vn 0.6996 -0.2588 0.6661
vn 0.4960 -0.7287 0.4722
vn 0.3375 0.8848 0.3213
vn -0.0000 1.0000 -0.0000
vn 0.6896 -0.0000 -0.7242
vn -0.6896 -0.0000 0.7242
vn 0.0002 1.0000 0.0003
vn -0.0003 1.0000 -0.0001
vn 0.6895 -0.0000 -0.7242
vn -0.2627 -0.9319 -0.2501
vn -0.5366 0.6716 -0.5109
vn -0.6860 0.3205 -0.6532
vn -0.6860 -0.3205 -0.6532
vn -0.2498 0.9387 -0.2378
vn -0.5375 -0.6703 -0.5117
vn -0.5356 -0.6731 -0.5100
vn -0.2486 0.9392 -0.2367
vn -0.6852 -0.3239 -0.6524
vn -0.6852 0.3239 -0.6524
vn -0.5347 0.6744 -0.5091
vn -0.2615 -0.9325 -0.2490
vn -0.0036 -1.0000 0.0028
vn 0.0077 -0.9999 0.0073
vn 0.0029 -1.0000 -0.0031
vt 0.737888 0.763228
vt 0.749338 0.762316
vt 0.749338 0.855364
vt 0.737888 0.861331
vt 0.726437 0.855533
vt 0.726437 0.762316
vt 0.725400 0.864889
vt 0.713950 0.864075
vt 0.713950 0.754122
vt 0.725400 0.753308
vt 0.702499 0.864889
vt 0.702499 0.753308
vt 0.726437 0.762340
vt 0.737888 0.763252
vt 0.737888 0.861331
vt 0.726437 0.855547
vt 0.749338 0.762340
vt 0.749338 0.855547
vt 0.519931 0.992562
vt 0.519931 0.878013
vt 0.530238 0.878080
vt 0.530238 0.992590
vt 0.565584 0.992420
vt 0.561260 0.992406
vt 0.561260 0.878234
vt 0.565584 0.878171
vt 0.505607 0.924922
vt 0.505506 0.823457
vt 0.509972 0.823532
vt 0.510073 0.924922
vt 0.515002 0.868195
vt 0.515002 0.753806
vt 0.605778 0.753806
vt 0.605778 0.868195
vt 0.540595 0.992549
vt 0.540595 0.878302
vt 0.550952 0.992388
vt 0.550952 0.878215
vt 0.515206 0.992606
vt 0.515206 0.877958
vt 0.577921 0.882203
vt 0.668697 0.882203
vt 0.668697 0.996592
vt 0.577921 0.996592
vt 0.505607 0.924960
vt 0.505506 0.823477
vt 0.509973 0.823552
vt 0.510074 0.924960
vt 0.505512 0.757957
vt 0.509977 0.757991
vt 0.505506 0.993389
vt 0.509996 0.993482
vt 0.505511 0.757957
vt 0.509973 0.758004
vt 0.505506 0.993433
vt 0.509997 0.993482
vt 0.700985 0.867613
vt 0.610453 0.867613
vt 0.610453 0.860820
vt 0.695590 0.860814
vt 0.700985 0.753584
vt 0.695590 0.760383
vt 0.610405 0.753584
vt 0.610405 0.760384
vt 0.646393 0.828807
vt 0.639274 0.821831
vt 0.641072 0.819091
vt 0.647402 0.826037
vt 0.646408 0.793999
vt 0.649249 0.792559
vt 0.649199 0.796025
vt 0.647465 0.796700
vt 0.636498 0.811397
vt 0.638485 0.811403
vt 0.639274 0.800970
vt 0.641060 0.803791
vt 0.649269 0.830252
vt 0.649207 0.826718
vt 0.660459 0.790602
vt 0.660459 0.792566
vt 0.650466 0.792567
vt 0.650466 0.790602
vt 0.660460 0.819888
vt 0.660460 0.830017
vt 0.650468 0.830017
vt 0.650467 0.819888
vt 0.660459 0.811289
vt 0.650467 0.811289
vt 0.660459 0.802690
vt 0.650467 0.802690
vt 0.660461 0.831963
vt 0.650468 0.831963
vt 0.646411 0.793999
vt 0.649249 0.792560
vt 0.649196 0.796025
vt 0.647468 0.796695
vt 0.646392 0.828812
vt 0.639293 0.821836
vt 0.641080 0.819093
vt 0.647411 0.826045
vt 0.636498 0.811405
vt 0.638489 0.811399
vt 0.639272 0.800972
vt 0.641062 0.803784
vt 0.649267 0.830247
vt 0.649208 0.826734
vt 0.650467 0.802653
vt 0.650467 0.792571
vt 0.660378 0.792571
vt 0.660378 0.802654
vt 0.650466 0.831963
vt 0.650466 0.830013
vt 0.660378 0.830013
vt 0.660378 0.831963
vt 0.650466 0.811289
vt 0.660378 0.811289
vt 0.650466 0.819925
vt 0.660378 0.819925
vt 0.650467 0.790602
vt 0.660378 0.790602
vt 0.610457 0.867624
vt 0.610457 0.860824
vt 0.695651 0.860825
vt 0.701034 0.867624
vt 0.695651 0.760394
vt 0.701034 0.753596
vt 0.610505 0.760388
vt 0.610505 0.753596
s 0
usemtl books
f 1923/3709/987 1915/3710/987 1918/3711/987 1924/3712/987
f 1924/3712/988 1917/3713/988 1916/3714/988 1923/3709/988
f 1915/3715/989 1923/3716/989 1925/3717/989 1919/3718/989
f 1923/3716/990 1916/3719/990 1920/3720/990 1925/3717/990
f 1919/3721/991 1925/3722/991 1926/3723/991 1922/3724/991
f 1925/3722/992 1920/3725/992 1921/3726/992 1926/3723/992
f 1930/3727/993 1945/3728/993 1941/3729/993 1934/3730/993
f 1935/3731/994 1931/3732/994 1944/3733/994 1940/3734/994
f 1937/3735/995 1938/3736/995 1939/3737/995 1936/3738/995
f 1935/3739/996 1940/3740/996 1938/3741/996 1937/3742/996
f 1933/3743/997 1934/3730/997 1941/3729/997 1942/3744/997
f 1932/3745/998 1933/3743/998 1942/3744/998 1943/3746/998
f 1931/3732/999 1932/3745/999 1943/3746/999 1944/3733/999
f 1930/3727/1000 1929/3747/1000 1946/3748/1000 1945/3728/1000
f 1929/3749/1001 1927/3750/1001 1948/3751/1001 1946/3752/1001
f 1948/3753/995 1927/3754/995 1928/3755/995 1947/3756/995
f 1927/3754/1002 1929/3757/1002 1957/3758/1002 1928/3755/1002
f 1935/3759/1002 1937/3735/1002 1936/3738/1002 1951/3760/1002
f 1938/3736/1003 1940/3761/1003 1971/3762/1003 1939/3737/1003
f 1946/3763/1003 1948/3753/1003 1947/3756/1003 1965/3764/1003
f 1939/3765/1004 1971/3766/1004 1972/3767/1004 1949/3768/1004
f 1936/3769/1001 1939/3765/1001 1949/3768/1001 1950/3770/1001
f 1951/3771/1005 1936/3769/1005 1950/3770/1005 1964/3772/1005
f 1930/3773/1002 1934/3774/1002 1952/3775/1002 1956/3776/1002
f 1931/3777/1002 1935/3778/1002 1951/3779/1002 1955/3780/1002
f 1934/3774/1002 1933/3781/1002 1953/3782/1002 1952/3775/1002
f 1933/3781/1006 1932/3783/1006 1954/3784/1006 1953/3782/1006
f 1932/3783/1002 1931/3777/1002 1955/3780/1002 1954/3784/1002
f 1929/3785/1002 1930/3773/1002 1956/3776/1002 1957/3786/1002
f 1957/3787/1007 1956/3788/1007 1959/3789/1007 1958/3790/1007
f 1954/3791/1008 1955/3792/1008 1960/3793/1008 1961/3794/1008
f 1953/3795/1009 1954/3791/1009 1961/3794/1009 1962/3796/1009
f 1952/3797/1010 1953/3795/1010 1962/3796/1010 1963/3798/1010
f 1955/3792/1011 1951/3799/1011 1964/3800/1011 1960/3793/1011
f 1956/3788/1012 1952/3797/1012 1963/3798/1012 1959/3789/1012
f 1945/3801/1003 1946/3802/1003 1965/3803/1003 1966/3804/1003
f 1944/3805/1003 1943/3806/1003 1968/3807/1003 1967/3808/1003
f 1943/3806/1003 1942/3809/1003 1969/3810/1003 1968/3807/1003
f 1942/3809/1003 1941/3811/1003 1970/3812/1003 1969/3810/1003
f 1940/3813/1003 1944/3805/1003 1967/3808/1003 1971/3814/1003
f 1941/3811/1003 1945/3801/1003 1966/3804/1003 1970/3812/1003
f 1970/3815/1013 1966/3816/1013 1977/3817/1013 1973/3818/1013
f 1971/3819/1014 1967/3820/1014 1976/3821/1014 1972/3822/1014
f 1969/3823/1015 1970/3815/1015 1973/3818/1015 1974/3824/1015
f 1968/3825/1016 1969/3823/1016 1974/3824/1016 1975/3826/1016
f 1967/3820/1017 1968/3825/1017 1975/3826/1017 1976/3821/1017
f 1966/3816/1018 1965/3827/1018 1978/3828/1018 1977/3817/1018
f 1957/3829/1019 1958/3830/1019 1979/3831/1019 1928/3832/1019
f 1928/3832/1020 1979/3831/1020 1980/3833/1020 1947/3834/1020
f 1947/3834/1021 1980/3833/1021 1978/3835/1021 1965/3836/1021
o book03
v 0.747079 0.266009 -1.200124
v 0.747079 0.129532 -1.200124
v 0.590805 0.129532 -0.575552
v 0.591089 0.266009 -0.576687
v -0.000533 0.266009 -1.387184
v -0.000533 0.129532 -1.387184
v -0.156790 0.129532 -0.762680
v -0.156790 0.266009 -0.762680
v 0.740096 0.197770 -1.195376
v 0.575633 0.197770 -0.538072
v 0.003391 0.197770 -1.379707
v -0.161032 0.197770 -0.722565
v 0.759430 0.280334 -1.209493
v 0.759430 0.264708 -1.209493
v 0.605702 0.280334 -0.595097
v 0.602189 0.273757 -0.581055
v 0.602461 0.121024 -0.582143
v 0.593383 0.151350 -0.545863
v 0.589926 0.197217 -0.532045
v 0.593383 0.243083 -0.545863
v 0.605722 0.114366 -0.595178
v 0.759450 0.129993 -1.209574
v 0.759450 0.114366 -1.209574
v -0.014766 0.114366 -1.403290
v -0.014766 0.129993 -1.403290
v -0.168493 0.114366 -0.788895
v -0.180833 0.243083 -0.739579
v -0.184290 0.197217 -0.725762
v -0.180833 0.151350 -0.739579
v -0.171755 0.121024 -0.775859
v -0.172027 0.273757 -0.774772
v -0.168514 0.280334 -0.788814
v -0.014786 0.264708 -1.403209
v -0.014786 0.280334 -1.403209
v 0.022230 0.129993 -1.355108
v 0.704123 0.129993 -1.184491
v 0.605569 0.130154 -0.594564
v 0.595592 0.230703 -0.554692
v 0.592406 0.197229 -0.541959
v 0.595592 0.163755 -0.554692
v 0.603457 0.132912 -0.586123
v 0.603437 0.261579 -0.586046
v 0.605554 0.264507 -0.594505
v 0.559384 0.264507 -0.606057
v 0.557267 0.261579 -0.597598
v 0.557287 0.132912 -0.597676
v 0.549422 0.163755 -0.566244
v 0.546236 0.197229 -0.553511
v 0.549422 0.230703 -0.566244
v 0.559399 0.130154 -0.606116
v -0.168581 0.264849 -0.788543
v -0.170720 0.261905 -0.779998
v -0.170700 0.132586 -0.780077
v -0.178621 0.163414 -0.748418
v -0.181878 0.197229 -0.735403
v -0.178621 0.231044 -0.748418
v -0.168566 0.129814 -0.788603
v -0.122445 0.129814 -0.777063
v -0.132500 0.231044 -0.736878
v -0.135757 0.197229 -0.723863
v -0.132500 0.163414 -0.736878
v -0.124579 0.132586 -0.768537
v -0.124599 0.261905 -0.768458
v -0.122460 0.264849 -0.777003
v 0.704123 0.265054 -1.184491
v 0.022230 0.265054 -1.355108
vn 0.9668 -0.0821 0.2419
vn 0.9668 0.0821 0.2419
vn 0.2417 -0.0919 -0.9660
vn 0.2417 0.0919 -0.9660
vn -0.9668 -0.0821 -0.2419
vn -0.9668 0.0821 -0.2419
vn -0.1567 0.7636 0.6264
vn -0.1078 -0.8960 0.4307
vn 0.2427 -0.0000 -0.9701
vn -0.0000 -1.0000 -0.0000
vn -0.2318 0.2966 0.9265
vn -0.2318 -0.2966 0.9265
vn -0.1529 -0.7767 0.6110
vn -0.1004 0.9104 0.4013
vn -0.0000 1.0000 -0.0000
vn 0.9701 -0.0000 0.2427
vn -0.9701 -0.0000 -0.2427
vn -0.0002 1.0000 0.0003
vn -0.0000 1.0000 -0.0003
vn 0.0773 -0.9480 -0.3088
vn 0.1674 0.7243 -0.6689
vn 0.2260 0.3650 -0.9031
vn 0.2260 -0.3650 -0.9031
vn 0.0733 0.9533 -0.2931
vn 0.1677 -0.7231 -0.6701
vn 0.1670 -0.7257 -0.6674
vn 0.0730 0.9537 -0.2918
vn 0.2256 -0.3688 -0.9017
vn 0.2256 0.3688 -0.9017
vn 0.1667 0.7269 -0.6662
vn 0.0769 -0.9485 -0.3074
vn -0.0036 -1.0000 -0.0015
vn -0.0022 -1.0000 0.0089
vn 0.0036 -1.0000 0.0008
vt 0.487988 0.763153
vt 0.499438 0.762241
vt 0.499438 0.855289
vt 0.487988 0.861256
vt 0.476537 0.855458
vt 0.476537 0.762241
vt 0.475500 0.864814
vt 0.464049 0.864000
vt 0.464049 0.754047
vt 0.475500 0.753233
vt 0.452599 0.864814
vt 0.452599 0.753233
vt 0.476537 0.762265
vt 0.487987 0.763177
vt 0.487987 0.861256
vt 0.476537 0.855472
vt 0.499438 0.762265
vt 0.499438 0.855472
vt 0.270030 0.992487
vt 0.270030 0.877938
vt 0.280337 0.878005
vt 0.280337 0.992516
vt 0.315683 0.992346
vt 0.311360 0.992331
vt 0.311360 0.878159
vt 0.315683 0.878096
vt 0.255707 0.924847
vt 0.255606 0.823383
vt 0.260072 0.823457
vt 0.260173 0.924847
vt 0.265102 0.868120
vt 0.265102 0.753731
vt 0.355878 0.753731
vt 0.355878 0.868120
vt 0.290694 0.992474
vt 0.290694 0.878227
vt 0.301051 0.992313
vt 0.301051 0.878140
vt 0.265305 0.992531
vt 0.265306 0.877883
vt 0.328021 0.882128
vt 0.418797 0.882128
vt 0.418797 0.996517
vt 0.328021 0.996517
vt 0.255707 0.924885
vt 0.255606 0.823402
vt 0.260073 0.823477
vt 0.260173 0.924885
vt 0.255612 0.757882
vt 0.260076 0.757916
vt 0.255606 0.993314
vt 0.260096 0.993407
vt 0.255611 0.757882
vt 0.260073 0.757929
vt 0.255606 0.993358
vt 0.260097 0.993407
vt 0.451085 0.867538
vt 0.360553 0.867538
vt 0.360553 0.860745
vt 0.445690 0.860739
vt 0.451085 0.753510
vt 0.445690 0.760308
vt 0.360505 0.753510
vt 0.360505 0.760310
vt 0.396492 0.828732
vt 0.389374 0.821756
vt 0.391171 0.819016
vt 0.397502 0.825962
vt 0.396508 0.793925
vt 0.399349 0.792485
vt 0.399299 0.795950
vt 0.397565 0.796625
vt 0.386598 0.811322
vt 0.388584 0.811329
vt 0.389374 0.800895
vt 0.391160 0.803716
vt 0.399369 0.830177
vt 0.399307 0.826643
vt 0.410558 0.790527
vt 0.410558 0.792491
vt 0.400566 0.792492
vt 0.400566 0.790527
vt 0.410560 0.819813
vt 0.410560 0.829942
vt 0.400568 0.829943
vt 0.400567 0.819813
vt 0.410559 0.811214
vt 0.400567 0.811214
vt 0.410559 0.802615
vt 0.400566 0.802616
vt 0.410560 0.831888
vt 0.400568 0.831889
vt 0.396511 0.793925
vt 0.399348 0.792485
vt 0.399296 0.795950
vt 0.397568 0.796620
vt 0.396491 0.828737
vt 0.389392 0.821761
vt 0.391180 0.819018
vt 0.397511 0.825970
vt 0.386597 0.811331
vt 0.388588 0.811324
vt 0.389371 0.800897
vt 0.391162 0.803709
vt 0.399367 0.830172
vt 0.399308 0.826659
vt 0.400566 0.802579
vt 0.400566 0.792496
vt 0.410478 0.792496
vt 0.410478 0.802579
vt 0.400566 0.831889
vt 0.400566 0.829938
vt 0.410477 0.829938
vt 0.410477 0.831889
vt 0.400566 0.811214
vt 0.410477 0.811214
vt 0.400566 0.819850
vt 0.410477 0.819850
vt 0.400566 0.790527
vt 0.410478 0.790527
vt 0.360557 0.867549
vt 0.360557 0.860749
vt 0.445750 0.860750
vt 0.451134 0.867549
vt 0.445750 0.760320
vt 0.451134 0.753521
vt 0.360604 0.760314
vt 0.360604 0.753521
s 0
usemtl books
f 1989/3837/1022 1981/3838/1022 1984/3839/1022 1990/3840/1022
f 1990/3840/1023 1983/3841/1023 1982/3842/1023 1989/3837/1023
f 1981/3843/1024 1989/3844/1024 1991/3845/1024 1985/3846/1024
f 1989/3844/1025 1982/3847/1025 1986/3848/1025 1991/3845/1025
f 1985/3849/1026 1991/3850/1026 1992/3851/1026 1988/3852/1026
f 1991/3850/1027 1986/3853/1027 1987/3854/1027 1992/3851/1027
f 1996/3855/1028 2011/3856/1028 2007/3857/1028 2000/3858/1028
f 2001/3859/1029 1997/3860/1029 2010/3861/1029 2006/3862/1029
f 2003/3863/1030 2004/3864/1030 2005/3865/1030 2002/3866/1030
f 2001/3867/1031 2006/3868/1031 2004/3869/1031 2003/3870/1031
f 1999/3871/1032 2000/3858/1032 2007/3857/1032 2008/3872/1032
f 1998/3873/1033 1999/3871/1033 2008/3872/1033 2009/3874/1033
f 1997/3860/1034 1998/3873/1034 2009/3874/1034 2010/3861/1034
f 1996/3855/1035 1995/3875/1035 2012/3876/1035 2011/3856/1035
f 1995/3877/1036 1993/3878/1036 2014/3879/1036 2012/3880/1036
f 2014/3881/1030 1993/3882/1030 1994/3883/1030 2013/3884/1030
f 1993/3882/1037 1995/3885/1037 2023/3886/1037 1994/3883/1037
f 2001/3887/1037 2003/3863/1037 2002/3866/1037 2017/3888/1037
f 2004/3864/1038 2006/3889/1038 2037/3890/1038 2005/3865/1038
f 2012/3891/1038 2014/3881/1038 2013/3884/1038 2031/3892/1038
f 2005/3893/1039 2037/3894/1039 2038/3895/1039 2015/3896/1039
f 2002/3897/1036 2005/3893/1036 2015/3896/1036 2016/3898/1036
f 2017/3899/1040 2002/3897/1040 2016/3898/1040 2030/3900/1040
f 1996/3901/1037 2000/3902/1037 2018/3903/1037 2022/3904/1037
f 1997/3905/1037 2001/3906/1037 2017/3907/1037 2021/3908/1037
f 2000/3902/1037 1999/3909/1037 2019/3910/1037 2018/3903/1037
f 1999/3909/1037 1998/3911/1037 2020/3912/1037 2019/3910/1037
f 1998/3911/1037 1997/3905/1037 2021/3908/1037 2020/3912/1037
f 1995/3913/1037 1996/3901/1037 2022/3904/1037 2023/3914/1037
f 2023/3915/1041 2022/3916/1041 2025/3917/1041 2024/3918/1041
f 2020/3919/1042 2021/3920/1042 2026/3921/1042 2027/3922/1042
f 2019/3923/1043 2020/3919/1043 2027/3922/1043 2028/3924/1043
f 2018/3925/1044 2019/3923/1044 2028/3924/1044 2029/3926/1044
f 2021/3920/1045 2017/3927/1045 2030/3928/1045 2026/3921/1045
f 2022/3916/1046 2018/3925/1046 2029/3926/1046 2025/3917/1046
f 2011/3929/1038 2012/3930/1038 2031/3931/1038 2032/3932/1038
f 2010/3933/1038 2009/3934/1038 2034/3935/1038 2033/3936/1038
f 2009/3934/1038 2008/3937/1038 2035/3938/1038 2034/3935/1038
f 2008/3937/1038 2007/3939/1038 2036/3940/1038 2035/3938/1038
f 2006/3941/1038 2010/3933/1038 2033/3936/1038 2037/3942/1038
f 2007/3939/1038 2011/3929/1038 2032/3932/1038 2036/3940/1038
f 2036/3943/1047 2032/3944/1047 2043/3945/1047 2039/3946/1047
f 2037/3947/1048 2033/3948/1048 2042/3949/1048 2038/3950/1048
f 2035/3951/1049 2036/3943/1049 2039/3946/1049 2040/3952/1049
f 2034/3953/1050 2035/3951/1050 2040/3952/1050 2041/3954/1050
f 2033/3948/1051 2034/3953/1051 2041/3954/1051 2042/3949/1051
f 2032/3944/1052 2031/3955/1052 2044/3956/1052 2043/3945/1052
f 2023/3957/1053 2024/3958/1053 2045/3959/1053 1994/3960/1053
f 1994/3960/1054 2045/3959/1054 2046/3961/1054 2013/3962/1054
f 2013/3962/1055 2046/3961/1055 2044/3963/1055 2031/3964/1055
o book02
v 0.712832 0.096763 -0.985764
v 0.712832 -0.061407 -0.985764
v 0.457388 -0.061407 -0.394781
v 0.457852 0.096763 -0.395855
v 0.005427 0.096763 -1.291529
v 0.005427 -0.061407 -1.291529
v -0.249989 -0.061407 -0.700611
v -0.249989 0.096763 -0.700611
v 0.705172 0.017678 -0.982210
v 0.436341 0.017678 -0.360256
v 0.008087 0.017678 -1.283515
v -0.260678 0.017678 -0.661714
v 0.726538 0.113366 -0.993006
v 0.726538 0.095255 -0.993006
v 0.475256 0.113366 -0.411653
v 0.469513 0.105743 -0.398366
v 0.469958 -0.071268 -0.399395
v 0.455120 -0.036121 -0.365066
v 0.449469 0.017036 -0.351992
v 0.455120 0.070193 -0.365066
v 0.475289 -0.078984 -0.411729
v 0.726571 -0.060873 -0.993083
v 0.726571 -0.078984 -0.993083
v -0.006007 -0.078984 -1.309729
v -0.006007 -0.060873 -1.309729
v -0.257289 -0.078984 -0.728376
v -0.277458 0.070193 -0.681713
v -0.283110 0.017036 -0.668639
v -0.277458 -0.036121 -0.681713
v -0.262620 -0.071268 -0.716042
v -0.263065 0.105743 -0.715013
v -0.257322 0.113366 -0.728300
v -0.006040 0.095255 -1.309653
v -0.006040 0.113366 -1.309653
v 0.022689 -0.060873 -1.256188
v 0.667911 -0.060873 -0.977300
v 0.475038 -0.060686 -0.411148
v 0.458731 0.055846 -0.373420
v 0.453523 0.017051 -0.361372
v 0.458731 -0.021745 -0.373420
v 0.471586 -0.057490 -0.403162
v 0.471554 0.091629 -0.403088
v 0.475014 0.095023 -0.411093
v 0.431327 0.095023 -0.429976
v 0.427867 0.091629 -0.421971
v 0.427899 -0.057490 -0.422045
v 0.415044 -0.021745 -0.392303
v 0.409836 0.017051 -0.380255
v 0.415044 0.055846 -0.392303
v 0.431351 -0.060686 -0.430031
v -0.257433 0.095419 -0.728044
v -0.260927 0.092007 -0.719958
v -0.260895 -0.057868 -0.720032
v -0.273844 -0.022140 -0.690076
v -0.279166 0.017050 -0.677761
v -0.273844 0.056240 -0.690076
v -0.257408 -0.061081 -0.728100
v -0.213768 -0.061081 -0.709237
v -0.230203 0.056240 -0.671213
v -0.235526 0.017050 -0.658898
v -0.230203 -0.022140 -0.671213
v -0.217255 -0.057868 -0.701169
v -0.217287 0.092007 -0.701095
v -0.213792 0.095419 -0.709181
v 0.667911 0.095657 -0.977300
v 0.022689 0.095657 -1.256188
vn 0.9156 -0.0709 0.3958
vn 0.9156 0.0709 0.3958
vn 0.3955 -0.0794 -0.9150
vn 0.3955 0.0794 -0.9150
vn -0.9156 -0.0709 -0.3958
vn -0.9156 0.0709 -0.3958
vn -0.2777 0.7142 0.6425
vn -0.1976 -0.8672 0.4571
vn 0.3968 -0.0000 -0.9179
vn -0.0000 -1.0000 -0.0000
vn -0.3832 0.2588 0.8866
vn -0.3832 -0.2588 0.8866
vn -0.2717 -0.7287 0.6286
vn -0.1849 0.8848 0.4277
vn -0.0000 1.0000 -0.0000
vn 0.9179 -0.0000 0.3968
vn -0.9179 -0.0000 -0.3968
vn -0.0003 1.0000 0.0003
vn -0.0000 1.0000 -0.0003
vn 0.1439 -0.9319 -0.3329
vn 0.2940 0.6716 -0.6801
vn 0.3758 0.3205 -0.8695
vn 0.3758 -0.3205 -0.8695
vn 0.1368 0.9387 -0.3165
vn 0.2944 -0.6703 -0.6812
vn 0.2934 -0.6731 -0.6788
vn 0.1362 0.9392 -0.3151
vn 0.3754 -0.3239 -0.8684
vn 0.3754 0.3239 -0.8684
vn 0.2929 0.6744 -0.6777
vn 0.1433 -0.9325 -0.3315
vn -0.0038 -1.0000 -0.0024
vn -0.0042 -0.9999 0.0098
vn 0.0039 -1.0000 0.0016
vt 0.237608 0.763458
vt 0.249059 0.762546
vt 0.249059 0.855594
vt 0.237608 0.861561
vt 0.226158 0.855763
vt 0.226158 0.762546
vt 0.225120 0.865119
vt 0.213670 0.864305
vt 0.213670 0.754352
vt 0.225120 0.753538
vt 0.202220 0.865119
vt 0.202220 0.753538
vt 0.226158 0.762570
vt 0.237608 0.763482
vt 0.237608 0.861561
vt 0.226158 0.855777
vt 0.249059 0.762570
vt 0.249059 0.855777
vt 0.019651 0.992792
vt 0.019651 0.878243
vt 0.029958 0.878310
vt 0.029958 0.992821
vt 0.065304 0.992651
vt 0.060980 0.992636
vt 0.060980 0.878464
vt 0.065304 0.878401
vt 0.005327 0.925152
vt 0.005227 0.823687
vt 0.009693 0.823762
vt 0.009793 0.925152
vt 0.014722 0.868425
vt 0.014722 0.754036
vt 0.105498 0.754036
vt 0.105498 0.868425
vt 0.040315 0.992779
vt 0.040315 0.878532
vt 0.050672 0.992618
vt 0.050672 0.878445
vt 0.014926 0.992836
vt 0.014926 0.878188
vt 0.077642 0.882433
vt 0.168418 0.882433
vt 0.168418 0.996822
vt 0.077642 0.996822
vt 0.005327 0.925190
vt 0.005227 0.823707
vt 0.009694 0.823782
vt 0.009794 0.925190
vt 0.005233 0.758187
vt 0.009697 0.758221
vt 0.005227 0.993619
vt 0.009717 0.993712
vt 0.005232 0.758187
vt 0.009694 0.758234
vt 0.005227 0.993663
vt 0.009717 0.993712
vt 0.200706 0.867843
vt 0.110173 0.867843
vt 0.110173 0.861050
vt 0.195311 0.861044
vt 0.200706 0.753815
vt 0.195311 0.760613
vt 0.110126 0.753815
vt 0.110126 0.760614
vt 0.146113 0.829037
vt 0.138995 0.822061
vt 0.140792 0.819321
vt 0.147122 0.826267
vt 0.146128 0.794229
vt 0.148970 0.792790
vt 0.148920 0.796255
vt 0.147186 0.796930
vt 0.136218 0.811627
vt 0.138205 0.811633
vt 0.138995 0.801200
vt 0.140781 0.804021
vt 0.148990 0.830482
vt 0.148928 0.826948
vt 0.160179 0.790832
vt 0.160179 0.792796
vt 0.150187 0.792797
vt 0.150187 0.790832
vt 0.160180 0.820118
vt 0.160181 0.830247
vt 0.150188 0.830247
vt 0.150188 0.820118
vt 0.160180 0.811519
vt 0.150187 0.811519
vt 0.160180 0.802920
vt 0.150187 0.802920
vt 0.160181 0.832193
vt 0.150189 0.832194
vt 0.146131 0.794230
vt 0.148969 0.792790
vt 0.148917 0.796255
vt 0.147188 0.796925
vt 0.146112 0.829042
vt 0.139013 0.822066
vt 0.140801 0.819323
vt 0.147132 0.826275
vt 0.136218 0.811636
vt 0.138209 0.811629
vt 0.138992 0.801202
vt 0.140783 0.804014
vt 0.148988 0.830477
vt 0.148929 0.826964
vt 0.150187 0.802884
vt 0.150187 0.792801
vt 0.160098 0.792801
vt 0.160098 0.802884
vt 0.150187 0.832194
vt 0.150187 0.830243
vt 0.160098 0.830243
vt 0.160098 0.832193
vt 0.150187 0.811519
vt 0.160098 0.811519
vt 0.150187 0.820155
vt 0.160098 0.820155
vt 0.150187 0.790832
vt 0.160098 0.790832
vt 0.110178 0.867854
vt 0.110178 0.861054
vt 0.195371 0.861055
vt 0.200755 0.867854
vt 0.195371 0.760624
vt 0.200755 0.753826
vt 0.110225 0.760619
vt 0.110225 0.753826
s 0
usemtl books
f 2055/3965/1056 2047/3966/1056 2050/3967/1056 2056/3968/1056
f 2056/3968/1057 2049/3969/1057 2048/3970/1057 2055/3965/1057
f 2047/3971/1058 2055/3972/1058 2057/3973/1058 2051/3974/1058
f 2055/3972/1059 2048/3975/1059 2052/3976/1059 2057/3973/1059
f 2051/3977/1060 2057/3978/1060 2058/3979/1060 2054/3980/1060
f 2057/3978/1061 2052/3981/1061 2053/3982/1061 2058/3979/1061
f 2062/3983/1062 2077/3984/1062 2073/3985/1062 2066/3986/1062
f 2067/3987/1063 2063/3988/1063 2076/3989/1063 2072/3990/1063
f 2069/3991/1064 2070/3992/1064 2071/3993/1064 2068/3994/1064
f 2067/3995/1065 2072/3996/1065 2070/3997/1065 2069/3998/1065
f 2065/3999/1066 2066/3986/1066 2073/3985/1066 2074/4000/1066
f 2064/4001/1067 2065/3999/1067 2074/4000/1067 2075/4002/1067
f 2063/3988/1068 2064/4001/1068 2075/4002/1068 2076/3989/1068
f 2062/3983/1069 2061/4003/1069 2078/4004/1069 2077/3984/1069
f 2061/4005/1070 2059/4006/1070 2080/4007/1070 2078/4008/1070
f 2080/4009/1064 2059/4010/1064 2060/4011/1064 2079/4012/1064
f 2059/4010/1071 2061/4013/1071 2089/4014/1071 2060/4011/1071
f 2067/4015/1071 2069/3991/1071 2068/3994/1071 2083/4016/1071
f 2070/3992/1072 2072/4017/1072 2103/4018/1072 2071/3993/1072
f 2078/4019/1072 2080/4009/1072 2079/4012/1072 2097/4020/1072
f 2071/4021/1073 2103/4022/1073 2104/4023/1073 2081/4024/1073
f 2068/4025/1070 2071/4021/1070 2081/4024/1070 2082/4026/1070
f 2083/4027/1074 2068/4025/1074 2082/4026/1074 2096/4028/1074
f 2062/4029/1071 2066/4030/1071 2084/4031/1071 2088/4032/1071
f 2063/4033/1071 2067/4034/1071 2083/4035/1071 2087/4036/1071
f 2066/4030/1071 2065/4037/1071 2085/4038/1071 2084/4031/1071
f 2065/4037/1071 2064/4039/1071 2086/4040/1071 2085/4038/1071
f 2064/4039/1071 2063/4033/1071 2087/4036/1071 2086/4040/1071
f 2061/4041/1071 2062/4029/1071 2088/4032/1071 2089/4042/1071
f 2089/4043/1075 2088/4044/1075 2091/4045/1075 2090/4046/1075
f 2086/4047/1076 2087/4048/1076 2092/4049/1076 2093/4050/1076
f 2085/4051/1077 2086/4047/1077 2093/4050/1077 2094/4052/1077
f 2084/4053/1078 2085/4051/1078 2094/4052/1078 2095/4054/1078
f 2087/4048/1079 2083/4055/1079 2096/4056/1079 2092/4049/1079
f 2088/4044/1080 2084/4053/1080 2095/4054/1080 2091/4045/1080
f 2077/4057/1072 2078/4058/1072 2097/4059/1072 2098/4060/1072
f 2076/4061/1072 2075/4062/1072 2100/4063/1072 2099/4064/1072
f 2075/4062/1072 2074/4065/1072 2101/4066/1072 2100/4063/1072
f 2074/4065/1072 2073/4067/1072 2102/4068/1072 2101/4066/1072
f 2072/4069/1072 2076/4061/1072 2099/4064/1072 2103/4070/1072
f 2073/4067/1072 2077/4057/1072 2098/4060/1072 2102/4068/1072
f 2102/4071/1081 2098/4072/1081 2109/4073/1081 2105/4074/1081
f 2103/4075/1082 2099/4076/1082 2108/4077/1082 2104/4078/1082
f 2101/4079/1083 2102/4071/1083 2105/4074/1083 2106/4080/1083
f 2100/4081/1084 2101/4079/1084 2106/4080/1084 2107/4082/1084
f 2099/4076/1085 2100/4081/1085 2107/4082/1085 2108/4077/1085
f 2098/4072/1086 2097/4083/1086 2110/4084/1086 2109/4073/1086
f 2089/4085/1087 2090/4086/1087 2111/4087/1087 2060/4088/1087
f 2060/4088/1088 2111/4087/1088 2112/4089/1088 2079/4090/1088
f 2079/4090/1089 2112/4089/1089 2110/4091/1089 2097/4092/1089
