# Blender 5.1.1
# www.blender.org
mtllib books.mtl
o book17.001
v 1.923613 -0.016210 -2.854359
v 1.794764 -0.016209 -2.854359
v 1.794764 -0.017672 -2.329885
v 1.923613 -0.017670 -2.330837
v 1.923614 0.611586 -2.852608
v 1.794764 0.611586 -2.852608
v 1.794764 0.610123 -2.328190
v 1.923614 0.610123 -2.328190
v 1.859188 -0.011645 -2.849214
v 1.859188 -0.013184 -2.297253
v 1.859189 0.606992 -2.847488
v 1.859189 0.605453 -2.295663
v 1.937138 -0.024090 -2.864227
v 1.922385 -0.024090 -2.864227
v 1.937138 -0.025529 -2.348298
v 1.930928 -0.025562 -2.336506
v 1.786731 -0.025559 -2.337419
v 1.815362 -0.025644 -2.306954
v 1.858665 -0.025677 -2.295351
v 1.901969 -0.025645 -2.306954
v 1.780445 -0.025529 -2.348366
v 1.795198 -0.024090 -2.864295
v 1.780445 -0.024090 -2.864295
v 1.780446 0.626046 -2.862481
v 1.795199 0.626046 -2.862481
v 1.780446 0.624607 -2.346552
v 1.901969 0.624491 -2.305140
v 1.858666 0.624459 -2.293537
v 1.815363 0.624492 -2.305140
v 1.786732 0.624577 -2.335606
v 1.930929 0.624574 -2.334693
v 1.937139 0.624607 -2.346484
v 1.922386 0.626046 -2.862414
v 1.937139 0.626046 -2.862414
v 1.795199 0.587197 -2.831828
v 1.795198 0.014587 -2.833426
v 1.795351 -0.025530 -2.347850
v 1.890281 -0.025624 -2.314368
v 1.858677 -0.025654 -2.303675
v 1.827074 -0.025624 -2.314368
v 1.797955 -0.025550 -2.340762
v 1.919431 -0.025550 -2.340697
v 1.922196 -0.025531 -2.347800
v 1.922196 0.013240 -2.347692
v 1.919431 0.013220 -2.340589
v 1.797955 0.013220 -2.340654
v 1.827074 0.013147 -2.314260
v 1.858677 0.013117 -2.303567
v 1.890281 0.013147 -2.314260
v 1.795351 0.013240 -2.347742
v 1.922519 0.624606 -2.346257
v 1.919740 0.624586 -2.339081
v 1.797647 0.624586 -2.339147
v 1.826753 0.624512 -2.312562
v 1.858678 0.624482 -2.301633
v 1.890603 0.624512 -2.312562
v 1.795030 0.624606 -2.346307
v 1.795030 0.585877 -2.346415
v 1.890603 0.585783 -2.312670
v 1.858678 0.585752 -2.301741
v 1.826752 0.585783 -2.312670
v 1.797647 0.585857 -2.339255
v 1.919740 0.585857 -2.339189
v 1.922518 0.585877 -2.346365
v 1.922712 0.014587 -2.833426
v 1.922713 0.587197 -2.831828
vn -0.0709 -0.9975 -0.0028
vn 0.0709 -0.9975 -0.0028
vn -0.0794 0.0028 -0.9968
vn 0.0794 0.0028 -0.9968
vn -0.0709 0.9975 0.0028
vn 0.0709 0.9975 0.0028
vn 0.7142 -0.0020 0.6999
vn -0.8672 -0.0014 0.4980
vn -0.0000 0.0028 -1.0000
vn -1.0000 -0.0000 -0.0000
vn 0.2588 -0.0027 0.9659
vn -0.2588 -0.0027 0.9659
vn -0.7287 -0.0019 0.6848
vn 0.8848 -0.0013 0.4660
vn 1.0000 -0.0000 -0.0000
vn -0.0000 -1.0000 -0.0028
vn -0.0000 1.0000 0.0028
vn 1.0000 0.0001 0.0003
vn 1.0000 0.0001 -0.0003
vn -0.9319 0.0010 -0.3627
vn 0.6716 0.0021 -0.7409
vn 0.3205 0.0026 -0.9473
vn -0.3205 0.0026 -0.9473
vn 0.9387 0.0010 -0.3448
vn -0.6703 0.0021 -0.7421
vn -0.6731 0.0021 -0.7395
vn 0.9392 0.0010 -0.3433
vn -0.3239 0.0026 -0.9461
vn 0.3239 0.0026 -0.9461
vn 0.6744 0.0021 -0.7383
vn -0.9325 0.0010 -0.3611
vn -1.0000 0.0045 -0.0007
vn -0.9999 -0.0000 0.0107
vn -1.0000 -0.0042 -0.0001
vt 0.987720 0.013317
vt 0.999170 0.012404
vt 0.999170 0.105452
vt 0.987720 0.111419
vt 0.976269 0.105622
vt 0.976269 0.012404
vt 0.975232 0.114978
vt 0.963781 0.114164
vt 0.963781 0.004210
vt 0.975232 0.003397
vt 0.952331 0.114978
vt 0.952331 0.003397
vt 0.976269 0.012428
vt 0.987720 0.013341
vt 0.987720 0.111419
vt 0.976269 0.105636
vt 0.999170 0.012428
vt 0.999170 0.105636
vt 0.769762 0.242651
vt 0.769763 0.128101
vt 0.780069 0.128168
vt 0.780069 0.242679
vt 0.815416 0.242509
vt 0.811092 0.242495
vt 0.811092 0.128322
vt 0.815416 0.128259
vt 0.755439 0.175011
vt 0.755338 0.073546
vt 0.759804 0.073621
vt 0.759905 0.175010
vt 0.764834 0.118283
vt 0.764834 0.003894
vt 0.855610 0.003894
vt 0.855610 0.118283
vt 0.790426 0.242638
vt 0.790426 0.128390
vt 0.800784 0.242476
vt 0.800784 0.128303
vt 0.765038 0.242694
vt 0.765038 0.128046
vt 0.827753 0.132291
vt 0.918529 0.132291
vt 0.918529 0.246680
vt 0.827753 0.246680
vt 0.755439 0.175048
vt 0.755338 0.073565
vt 0.759805 0.073640
vt 0.759906 0.175048
vt 0.755344 0.008045
vt 0.759808 0.008080
vt 0.755338 0.243478
vt 0.759828 0.243570
vt 0.755343 0.008046
vt 0.759805 0.008093
vt 0.755338 0.243521
vt 0.759829 0.243570
vt 0.950817 0.117701
vt 0.860285 0.117701
vt 0.860285 0.110908
vt 0.945422 0.110902
vt 0.950817 0.003673
vt 0.945422 0.010472
vt 0.860237 0.003673
vt 0.860237 0.010473
vt 0.896224 0.078895
vt 0.889106 0.071920
vt 0.890904 0.069180
vt 0.897234 0.076126
vt 0.896240 0.044088
vt 0.899081 0.042648
vt 0.899031 0.046114
vt 0.897297 0.046789
vt 0.886330 0.061485
vt 0.888316 0.061492
vt 0.889106 0.051059
vt 0.890892 0.053880
vt 0.899101 0.080340
vt 0.899039 0.076806
vt 0.910290 0.040690
vt 0.910290 0.042655
vt 0.900298 0.042655
vt 0.900298 0.040691
vt 0.910292 0.069976
vt 0.910292 0.080105
vt 0.900300 0.080106
vt 0.900299 0.069977
vt 0.910291 0.061377
vt 0.900299 0.061378
vt 0.910291 0.052779
vt 0.900298 0.052779
vt 0.910292 0.082051
vt 0.900300 0.082052
vt 0.896243 0.044088
vt 0.899081 0.042648
vt 0.899028 0.046114
vt 0.897300 0.046783
vt 0.896224 0.078901
vt 0.889124 0.071925
vt 0.890912 0.069181
vt 0.897243 0.076134
vt 0.886330 0.061494
vt 0.888320 0.061488
vt 0.889104 0.051061
vt 0.890894 0.053873
vt 0.899099 0.080335
vt 0.899040 0.076822
vt 0.900298 0.052742
vt 0.900299 0.042659
vt 0.910210 0.042660
vt 0.910210 0.052742
vt 0.900298 0.082052
vt 0.900298 0.080101
vt 0.910210 0.080101
vt 0.910210 0.082052
vt 0.900298 0.061378
vt 0.910210 0.061378
vt 0.900298 0.070013
vt 0.910210 0.070013
vt 0.900299 0.040690
vt 0.910210 0.040690
vt 0.860289 0.117712
vt 0.860289 0.110912
vt 0.945483 0.110914
vt 0.950866 0.117712
vt 0.945483 0.010483
vt 0.950866 0.003684
vt 0.860337 0.010477
vt 0.860337 0.003684
s 0
usemtl books
f 9/1/1 1/2/1 4/3/1 10/4/1
f 10/4/2 3/5/2 2/6/2 9/1/2
f 1/7/3 9/8/3 11/9/3 5/10/3
f 9/8/4 2/11/4 6/12/4 11/9/4
f 5/13/5 11/14/5 12/15/5 8/16/5
f 11/14/6 6/17/6 7/18/6 12/15/6
f 16/19/7 31/20/7 27/21/7 20/22/7
f 21/23/8 17/24/8 30/25/8 26/26/8
f 23/27/9 24/28/9 25/29/9 22/30/9
f 21/31/10 26/32/10 24/33/10 23/34/10
f 19/35/11 20/22/11 27/21/11 28/36/11
f 18/37/12 19/35/12 28/36/12 29/38/12
f 17/24/13 18/37/13 29/38/13 30/25/13
f 16/19/14 15/39/14 32/40/14 31/20/14
f 15/41/15 13/42/15 34/43/15 32/44/15
f 34/45/9 13/46/9 14/47/9 33/48/9
f 13/46/16 15/49/16 43/50/16 14/47/16
f 21/51/16 23/27/16 22/30/16 37/52/16
f 24/28/17 26/53/17 57/54/17 25/29/17
f 32/55/17 34/45/17 33/48/17 51/56/17
f 25/57/18 57/58/18 58/59/18 35/60/18
f 22/61/15 25/57/15 35/60/15 36/62/15
f 37/63/19 22/61/19 36/62/19 50/64/19
f 16/65/16 20/66/16 38/67/16 42/68/16
f 17/69/16 21/70/16 37/71/16 41/72/16
f 20/66/16 19/73/16 39/74/16 38/67/16
f 19/73/16 18/75/16 40/76/16 39/74/16
f 18/75/16 17/69/16 41/72/16 40/76/16
f 15/77/16 16/65/16 42/68/16 43/78/16
f 43/79/20 42/80/20 45/81/20 44/82/20
f 40/83/21 41/84/21 46/85/21 47/86/21
f 39/87/22 40/83/22 47/86/22 48/88/22
f 38/89/23 39/87/23 48/88/23 49/90/23
f 41/84/24 37/91/24 50/92/24 46/85/24
f 42/80/25 38/89/25 49/90/25 45/81/25
f 31/93/17 32/94/17 51/95/17 52/96/17
f 30/97/17 29/98/17 54/99/17 53/100/17
f 29/98/17 28/101/17 55/102/17 54/99/17
f 28/101/17 27/103/17 56/104/17 55/102/17
f 26/105/17 30/97/17 53/100/17 57/106/17
f 27/103/17 31/93/17 52/96/17 56/104/17
f 56/107/26 52/108/26 63/109/26 59/110/26
f 57/111/27 53/112/27 62/113/27 58/114/27
f 55/115/28 56/107/28 59/110/28 60/116/28
f 54/117/29 55/115/29 60/116/29 61/118/29
f 53/112/30 54/117/30 61/118/30 62/113/30
f 52/108/31 51/119/31 64/120/31 63/109/31
f 43/121/32 44/122/32 65/123/32 14/124/32
f 14/124/33 65/123/33 66/125/33 33/126/33
f 33/126/34 66/125/34 64/127/34 51/128/34
o book16.001
v 1.761023 0.006634 -2.944869
v 1.602853 0.006634 -2.944869
v 1.602853 0.003999 -2.301048
v 1.761023 0.004004 -2.302218
v 1.761024 0.777286 -2.941715
v 1.602854 0.777286 -2.941715
v 1.602854 0.774652 -2.297964
v 1.761024 0.774652 -2.297964
v 1.681938 0.012230 -2.938545
v 1.681938 0.009457 -2.260984
v 1.681939 0.771639 -2.935437
v 1.681939 0.768867 -2.258042
v 1.777626 -0.003024 -2.956995
v 1.759515 -0.003024 -2.956995
v 1.777626 -0.005616 -2.323664
v 1.770002 -0.005675 -2.309190
v 1.592992 -0.005670 -2.310310
v 1.628139 -0.005824 -2.272913
v 1.681296 -0.005882 -2.258669
v 1.734453 -0.005824 -2.272913
v 1.585276 -0.005615 -2.323748
v 1.603387 -0.003023 -2.957078
v 1.585276 -0.003023 -2.957078
v 1.585277 0.795053 -2.953811
v 1.603387 0.795053 -2.953811
v 1.585277 0.792461 -2.320481
v 1.734454 0.792252 -2.269646
v 1.681297 0.792194 -2.255403
v 1.628139 0.792253 -2.269646
v 1.592993 0.792406 -2.307044
v 1.770003 0.792401 -2.305923
v 1.777627 0.792460 -2.320398
v 1.759516 0.795052 -2.953728
v 1.777627 0.795052 -2.953728
v 1.603387 0.747315 -2.916245
v 1.603387 0.044406 -2.919122
v 1.603574 -0.005618 -2.323114
v 1.720106 -0.005786 -2.282013
v 1.681310 -0.005840 -2.268888
v 1.642515 -0.005786 -2.282013
v 1.606770 -0.005654 -2.314414
v 1.755889 -0.005654 -2.314334
v 1.759283 -0.005618 -2.323054
v 1.759283 0.041974 -2.322859
v 1.755889 0.041939 -2.314139
v 1.606770 0.041939 -2.314219
v 1.642515 0.041806 -2.281819
v 1.681311 0.041753 -2.268693
v 1.720106 0.041806 -2.281819
v 1.603574 0.041975 -2.322920
v 1.759679 0.792459 -2.320119
v 1.756268 0.792423 -2.311310
v 1.606393 0.792423 -2.311391
v 1.642121 0.792290 -2.278757
v 1.681311 0.792235 -2.265341
v 1.720501 0.792290 -2.278757
v 1.603180 0.792459 -2.320180
v 1.603180 0.744917 -2.320375
v 1.720501 0.744747 -2.278951
v 1.681311 0.744693 -2.265536
v 1.642121 0.744747 -2.278951
v 1.606393 0.744881 -2.311586
v 1.756268 0.744881 -2.311505
v 1.759679 0.744917 -2.320314
v 1.759917 0.044406 -2.919122
v 1.759917 0.747314 -2.916245
vn -0.0709 -0.9975 -0.0041
vn 0.0709 -0.9975 -0.0041
vn -0.0794 0.0041 -0.9968
vn 0.0794 0.0041 -0.9968
vn -0.0709 0.9975 0.0041
vn 0.0709 0.9975 0.0041
vn 0.7142 -0.0029 0.6999
vn -0.8672 -0.0020 0.4980
vn -0.0000 0.0041 -1.0000
vn -1.0000 -0.0000 -0.0000
vn 0.2588 -0.0040 0.9659
vn -0.2588 -0.0040 0.9659
vn -0.7287 -0.0028 0.6848
vn 0.8848 -0.0019 0.4660
vn 1.0000 -0.0000 -0.0000
vn -0.0000 -1.0000 -0.0041
vn -0.0000 1.0000 0.0041
vn 1.0000 0.0001 0.0003
vn 1.0000 0.0001 -0.0003
vn -0.9319 0.0015 -0.3627
vn 0.6716 0.0030 -0.7409
vn 0.3205 0.0039 -0.9472
vn -0.3205 0.0039 -0.9472
vn 0.9387 0.0014 -0.3448
vn -0.6703 0.0030 -0.7421
vn -0.6731 0.0030 -0.7395
vn 0.9392 0.0014 -0.3433
vn -0.3239 0.0039 -0.9461
vn 0.3239 0.0039 -0.9461
vn 0.6744 0.0030 -0.7383
vn -0.9325 0.0015 -0.3611
vn -1.0000 0.0045 -0.0007
vn -0.9999 -0.0000 0.0107
vn -1.0000 -0.0042 -0.0001
vt 0.737693 0.013555
vt 0.749143 0.012642
vt 0.749143 0.105690
vt 0.737693 0.111657
vt 0.726242 0.105860
vt 0.726242 0.012642
vt 0.725205 0.115216
vt 0.713755 0.114402
vt 0.713755 0.004448
vt 0.725205 0.003635
vt 0.702304 0.115216
vt 0.702304 0.003635
vt 0.726242 0.012666
vt 0.737693 0.013579
vt 0.737693 0.111657
vt 0.726242 0.105874
vt 0.749143 0.012666
vt 0.749143 0.105874
vt 0.519736 0.242889
vt 0.519736 0.128339
vt 0.530043 0.128406
vt 0.530043 0.242917
vt 0.565389 0.242747
vt 0.561065 0.242733
vt 0.561065 0.128560
vt 0.565389 0.128497
vt 0.505412 0.175249
vt 0.505311 0.073784
vt 0.509777 0.073859
vt 0.509878 0.175248
vt 0.514807 0.118521
vt 0.514807 0.004132
vt 0.605583 0.004132
vt 0.605583 0.118521
vt 0.540400 0.242876
vt 0.540400 0.128628
vt 0.550757 0.242714
vt 0.550757 0.128541
vt 0.515011 0.242932
vt 0.515011 0.128284
vt 0.577726 0.132529
vt 0.668502 0.132529
vt 0.668502 0.246918
vt 0.577726 0.246918
vt 0.505412 0.175286
vt 0.505311 0.073803
vt 0.509778 0.073878
vt 0.509879 0.175286
vt 0.505317 0.008283
vt 0.509782 0.008318
vt 0.505311 0.243716
vt 0.509801 0.243808
vt 0.505316 0.008284
vt 0.509778 0.008331
vt 0.505311 0.243759
vt 0.509802 0.243808
vt 0.700790 0.117939
vt 0.610258 0.117939
vt 0.610258 0.111146
vt 0.695395 0.111140
vt 0.700790 0.003911
vt 0.695395 0.010710
vt 0.610211 0.003911
vt 0.610211 0.010711
vt 0.646198 0.079133
vt 0.639079 0.072158
vt 0.640877 0.069418
vt 0.647207 0.076364
vt 0.646213 0.044326
vt 0.649054 0.042886
vt 0.649004 0.046352
vt 0.647270 0.047027
vt 0.636303 0.061723
vt 0.638290 0.061730
vt 0.639079 0.051297
vt 0.640865 0.054118
vt 0.649074 0.080578
vt 0.649012 0.077044
vt 0.660264 0.040928
vt 0.660264 0.042893
vt 0.650271 0.042893
vt 0.650271 0.040929
vt 0.660265 0.070214
vt 0.660266 0.080343
vt 0.650273 0.080344
vt 0.650273 0.070215
vt 0.660264 0.061615
vt 0.650272 0.061616
vt 0.660264 0.053017
vt 0.650272 0.053017
vt 0.660266 0.082289
vt 0.650273 0.082290
vt 0.646216 0.044326
vt 0.649054 0.042886
vt 0.649002 0.046352
vt 0.647273 0.047021
vt 0.646197 0.079139
vt 0.639098 0.072163
vt 0.640885 0.069419
vt 0.647217 0.076372
vt 0.636303 0.061732
vt 0.638294 0.061726
vt 0.639077 0.051299
vt 0.640868 0.054111
vt 0.649073 0.080573
vt 0.649014 0.077060
vt 0.650272 0.052980
vt 0.650272 0.042897
vt 0.660183 0.042898
vt 0.660183 0.052980
vt 0.650271 0.082290
vt 0.650271 0.080339
vt 0.660183 0.080339
vt 0.660183 0.082290
vt 0.650271 0.061616
vt 0.660183 0.061616
vt 0.650271 0.070251
vt 0.660183 0.070251
vt 0.650272 0.040928
vt 0.660183 0.040928
vt 0.610262 0.117950
vt 0.610262 0.111150
vt 0.695456 0.111152
vt 0.700839 0.117950
vt 0.695456 0.010721
vt 0.700839 0.003922
vt 0.610310 0.010715
vt 0.610310 0.003922
s 0
usemtl books
f 75/129/35 67/130/35 70/131/35 76/132/35
f 76/132/36 69/133/36 68/134/36 75/129/36
f 67/135/37 75/136/37 77/137/37 71/138/37
f 75/136/38 68/139/38 72/140/38 77/137/38
f 71/141/39 77/142/39 78/143/39 74/144/39
f 77/142/40 72/145/40 73/146/40 78/143/40
f 82/147/41 97/148/41 93/149/41 86/150/41
f 87/151/42 83/152/42 96/153/42 92/154/42
f 89/155/43 90/156/43 91/157/43 88/158/43
f 87/159/44 92/160/44 90/161/44 89/162/44
f 85/163/45 86/150/45 93/149/45 94/164/45
f 84/165/46 85/163/46 94/164/46 95/166/46
f 83/152/47 84/165/47 95/166/47 96/153/47
f 82/147/48 81/167/48 98/168/48 97/148/48
f 81/169/49 79/170/49 100/171/49 98/172/49
f 100/173/43 79/174/43 80/175/43 99/176/43
f 79/174/50 81/177/50 109/178/50 80/175/50
f 87/179/50 89/155/50 88/158/50 103/180/50
f 90/156/51 92/181/51 123/182/51 91/157/51
f 98/183/51 100/173/51 99/176/51 117/184/51
f 91/185/52 123/186/52 124/187/52 101/188/52
f 88/189/49 91/185/49 101/188/49 102/190/49
f 103/191/53 88/189/53 102/190/53 116/192/53
f 82/193/50 86/194/50 104/195/50 108/196/50
f 83/197/50 87/198/50 103/199/50 107/200/50
f 86/194/50 85/201/50 105/202/50 104/195/50
f 85/201/50 84/203/50 106/204/50 105/202/50
f 84/203/50 83/197/50 107/200/50 106/204/50
f 81/205/50 82/193/50 108/196/50 109/206/50
f 109/207/54 108/208/54 111/209/54 110/210/54
f 106/211/55 107/212/55 112/213/55 113/214/55
f 105/215/56 106/211/56 113/214/56 114/216/56
f 104/217/57 105/215/57 114/216/57 115/218/57
f 107/212/58 103/219/58 116/220/58 112/213/58
f 108/208/59 104/217/59 115/218/59 111/209/59
f 97/221/51 98/222/51 117/223/51 118/224/51
f 96/225/51 95/226/51 120/227/51 119/228/51
f 95/226/51 94/229/51 121/230/51 120/227/51
f 94/229/51 93/231/51 122/232/51 121/230/51
f 92/233/51 96/225/51 119/228/51 123/234/51
f 93/231/51 97/221/51 118/224/51 122/232/51
f 122/235/60 118/236/60 129/237/60 125/238/60
f 123/239/61 119/240/61 128/241/61 124/242/61
f 121/243/62 122/235/62 125/238/62 126/244/62
f 120/245/63 121/243/63 126/244/63 127/246/63
f 119/240/64 120/245/64 127/246/64 128/241/64
f 118/236/65 117/247/65 130/248/65 129/237/65
f 109/249/66 110/250/66 131/251/66 80/252/66
f 80/252/67 131/251/67 132/253/67 99/254/67
f 99/254/68 132/253/68 130/255/68 117/256/68
o book15.001
v 1.559224 0.002169 -2.956865
v 1.401054 0.002169 -2.956865
v 1.401054 0.006393 -2.313052
v 1.559224 0.006385 -2.314222
v 1.559225 0.772811 -2.961921
v 1.401055 0.772811 -2.961921
v 1.401055 0.777035 -2.318179
v 1.559225 0.777035 -2.318179
v 1.480139 0.007831 -2.950601
v 1.480139 0.012277 -2.273048
v 1.480140 0.767231 -2.955583
v 1.480140 0.771676 -2.278197
v 1.575827 -0.007618 -2.968887
v 1.557716 -0.007618 -2.968887
v 1.575827 -0.003462 -2.335565
v 1.568203 -0.003368 -2.321090
v 1.391193 -0.003375 -2.322211
v 1.426339 -0.003129 -2.284814
v 1.479497 -0.003036 -2.270570
v 1.532654 -0.003129 -2.284814
v 1.383477 -0.003463 -2.335648
v 1.401587 -0.007618 -2.968970
v 1.383477 -0.007618 -2.968970
v 1.383478 0.790447 -2.974206
v 1.401588 0.790447 -2.974206
v 1.383478 0.794603 -2.340884
v 1.532655 0.794936 -2.290050
v 1.479498 0.795030 -2.275807
v 1.426340 0.794936 -2.290050
v 1.391194 0.794691 -2.327447
v 1.568204 0.794698 -2.326326
v 1.575827 0.794603 -2.340801
v 1.557717 0.790448 -2.974123
v 1.575827 0.790448 -2.974123
v 1.401588 0.743112 -2.936134
v 1.401587 0.040213 -2.931522
v 1.401775 -0.003459 -2.335015
v 1.518307 -0.003189 -2.293915
v 1.479511 -0.003103 -2.280789
v 1.440716 -0.003189 -2.293915
v 1.404971 -0.003402 -2.326314
v 1.554090 -0.003401 -2.326234
v 1.557484 -0.003458 -2.334954
v 1.557484 0.044134 -2.335267
v 1.554090 0.044191 -2.326546
v 1.404971 0.044191 -2.326627
v 1.440716 0.044403 -2.294227
v 1.479511 0.044489 -2.281102
v 1.518307 0.044403 -2.294227
v 1.401775 0.044133 -2.335327
v 1.557880 0.794605 -2.340522
v 1.554469 0.794663 -2.331713
v 1.404594 0.794662 -2.331795
v 1.440322 0.794876 -2.299160
v 1.479512 0.794964 -2.285745
v 1.518702 0.794876 -2.299160
v 1.401381 0.794605 -2.340584
v 1.401381 0.747063 -2.340272
v 1.518702 0.747335 -2.298848
v 1.479512 0.747423 -2.285433
v 1.440322 0.747335 -2.298848
v 1.404594 0.747121 -2.331483
v 1.554469 0.747121 -2.331402
v 1.557880 0.747063 -2.340210
v 1.558118 0.040213 -2.931522
v 1.558118 0.743112 -2.936134
vn -0.0709 -0.9975 0.0065
vn 0.0709 -0.9975 0.0065
vn -0.0794 -0.0065 -0.9968
vn 0.0794 -0.0065 -0.9968
vn -0.0709 0.9975 -0.0065
vn 0.0709 0.9975 -0.0065
vn 0.7142 0.0046 0.6999
vn -0.8672 0.0033 0.4980
vn -0.0000 -0.0066 -1.0000
vn -1.0000 -0.0000 -0.0000
vn 0.2588 0.0063 0.9659
vn -0.2588 0.0063 0.9659
vn -0.7287 0.0045 0.6848
vn 0.8848 0.0031 0.4660
vn 1.0000 -0.0000 -0.0000
vn -0.0000 -1.0000 0.0066
vn -0.0000 1.0000 -0.0066
vn 1.0000 0.0001 0.0003
vn 1.0000 0.0001 -0.0003
vn -0.9319 -0.0024 -0.3627
vn 0.6716 -0.0049 -0.7409
vn 0.3205 -0.0062 -0.9472
vn -0.3205 -0.0062 -0.9472
vn 0.9387 -0.0023 -0.3448
vn -0.6703 -0.0049 -0.7421
vn -0.6731 -0.0049 -0.7395
vn 0.9392 -0.0023 -0.3433
vn -0.3239 -0.0062 -0.9461
vn 0.3239 -0.0062 -0.9461
vn 0.6744 -0.0048 -0.7383
vn -0.9325 -0.0024 -0.3611
vn -1.0000 0.0045 -0.0007
vn -0.9999 0.0001 0.0107
vn -1.0000 -0.0042 -0.0000
vt 0.487702 0.013352
vt 0.499152 0.012440
vt 0.499152 0.105488
vt 0.487702 0.111454
vt 0.476251 0.105657
vt 0.476251 0.012440
vt 0.475214 0.115013
vt 0.463764 0.114199
vt 0.463764 0.004246
vt 0.475214 0.003432
vt 0.452313 0.115013
vt 0.452313 0.003432
vt 0.476251 0.012464
vt 0.487702 0.013376
vt 0.487702 0.111454
vt 0.476251 0.105671
vt 0.499152 0.012464
vt 0.499152 0.105671
vt 0.269745 0.242686
vt 0.269745 0.128137
vt 0.280052 0.128204
vt 0.280051 0.242714
vt 0.315398 0.242544
vt 0.311074 0.242530
vt 0.311074 0.128357
vt 0.315398 0.128294
vt 0.255421 0.175046
vt 0.255320 0.073581
vt 0.259786 0.073656
vt 0.259887 0.175046
vt 0.264816 0.118319
vt 0.264816 0.003930
vt 0.355592 0.003930
vt 0.355592 0.118319
vt 0.290409 0.242673
vt 0.290409 0.128426
vt 0.300766 0.242511
vt 0.300766 0.128339
vt 0.265020 0.242730
vt 0.265020 0.128081
vt 0.327735 0.132326
vt 0.418511 0.132326
vt 0.418511 0.246716
vt 0.327735 0.246716
vt 0.255421 0.175084
vt 0.255320 0.073601
vt 0.259787 0.073676
vt 0.259888 0.175084
vt 0.255326 0.008081
vt 0.259791 0.008115
vt 0.255320 0.243513
vt 0.259810 0.243606
vt 0.255325 0.008081
vt 0.259787 0.008128
vt 0.255320 0.243557
vt 0.259811 0.243606
vt 0.450799 0.117736
vt 0.360267 0.117736
vt 0.360267 0.110944
vt 0.445404 0.110938
vt 0.450799 0.003708
vt 0.445404 0.010507
vt 0.360219 0.003708
vt 0.360219 0.010508
vt 0.396207 0.078930
vt 0.389088 0.071955
vt 0.390886 0.069215
vt 0.397216 0.076161
vt 0.396222 0.044123
vt 0.399063 0.042683
vt 0.399013 0.046149
vt 0.397279 0.046824
vt 0.386312 0.061521
vt 0.388299 0.061527
vt 0.389088 0.051094
vt 0.390874 0.053915
vt 0.399083 0.080376
vt 0.399021 0.076842
vt 0.410273 0.040725
vt 0.410273 0.042690
vt 0.400280 0.042690
vt 0.400280 0.040726
vt 0.410274 0.070011
vt 0.410274 0.080141
vt 0.400282 0.080141
vt 0.400281 0.070012
vt 0.410273 0.061413
vt 0.400281 0.061413
vt 0.410273 0.052814
vt 0.400281 0.052814
vt 0.410275 0.082087
vt 0.400282 0.082087
vt 0.396225 0.044123
vt 0.399063 0.042683
vt 0.399010 0.046149
vt 0.397282 0.046818
vt 0.396206 0.078936
vt 0.389107 0.071960
vt 0.390894 0.069216
vt 0.397225 0.076169
vt 0.386312 0.061529
vt 0.388303 0.061523
vt 0.389086 0.051096
vt 0.390876 0.053908
vt 0.399081 0.080370
vt 0.399022 0.076857
vt 0.400281 0.052777
vt 0.400281 0.042695
vt 0.410192 0.042695
vt 0.410192 0.052777
vt 0.400280 0.082087
vt 0.400280 0.080136
vt 0.410192 0.080136
vt 0.410192 0.082087
vt 0.400280 0.061413
vt 0.410192 0.061413
vt 0.400280 0.070048
vt 0.410192 0.070049
vt 0.400281 0.040725
vt 0.410192 0.040726
vt 0.360271 0.117748
vt 0.360271 0.110948
vt 0.445465 0.110949
vt 0.450848 0.117748
vt 0.445465 0.010518
vt 0.450848 0.003720
vt 0.360319 0.010512
vt 0.360319 0.003720
s 0
usemtl books
f 141/257/69 133/258/69 136/259/69 142/260/69
f 142/260/70 135/261/70 134/262/70 141/257/70
f 133/263/71 141/264/71 143/265/71 137/266/71
f 141/264/72 134/267/72 138/268/72 143/265/72
f 137/269/73 143/270/73 144/271/73 140/272/73
f 143/270/74 138/273/74 139/274/74 144/271/74
f 148/275/75 163/276/75 159/277/75 152/278/75
f 153/279/76 149/280/76 162/281/76 158/282/76
f 155/283/77 156/284/77 157/285/77 154/286/77
f 153/287/78 158/288/78 156/289/78 155/290/78
f 151/291/79 152/278/79 159/277/79 160/292/79
f 150/293/80 151/291/80 160/292/80 161/294/80
f 149/280/81 150/293/81 161/294/81 162/281/81
f 148/275/82 147/295/82 164/296/82 163/276/82
f 147/297/83 145/298/83 166/299/83 164/300/83
f 166/301/77 145/302/77 146/303/77 165/304/77
f 145/302/84 147/305/84 175/306/84 146/303/84
f 153/307/84 155/283/84 154/286/84 169/308/84
f 156/284/85 158/309/85 189/310/85 157/285/85
f 164/311/85 166/301/85 165/304/85 183/312/85
f 157/313/86 189/314/86 190/315/86 167/316/86
f 154/317/83 157/313/83 167/316/83 168/318/83
f 169/319/87 154/317/87 168/318/87 182/320/87
f 148/321/84 152/322/84 170/323/84 174/324/84
f 149/325/84 153/326/84 169/327/84 173/328/84
f 152/322/84 151/329/84 171/330/84 170/323/84
f 151/329/84 150/331/84 172/332/84 171/330/84
f 150/331/84 149/325/84 173/328/84 172/332/84
f 147/333/84 148/321/84 174/324/84 175/334/84
f 175/335/88 174/336/88 177/337/88 176/338/88
f 172/339/89 173/340/89 178/341/89 179/342/89
f 171/343/90 172/339/90 179/342/90 180/344/90
f 170/345/91 171/343/91 180/344/91 181/346/91
f 173/340/92 169/347/92 182/348/92 178/341/92
f 174/336/93 170/345/93 181/346/93 177/337/93
f 163/349/85 164/350/85 183/351/85 184/352/85
f 162/353/85 161/354/85 186/355/85 185/356/85
f 161/354/85 160/357/85 187/358/85 186/355/85
f 160/357/85 159/359/85 188/360/85 187/358/85
f 158/361/85 162/353/85 185/356/85 189/362/85
f 159/359/85 163/349/85 184/352/85 188/360/85
f 188/363/94 184/364/94 195/365/94 191/366/94
f 189/367/95 185/368/95 194/369/95 190/370/95
f 187/371/96 188/363/96 191/366/96 192/372/96
f 186/373/97 187/371/97 192/372/97 193/374/97
f 185/368/98 186/373/98 193/374/98 194/369/98
f 184/364/99 183/375/99 196/376/99 195/365/99
f 175/377/100 176/378/100 197/379/100 146/380/100
f 146/380/101 197/379/101 198/381/101 165/382/101
f 165/382/102 198/381/102 196/383/102 183/384/102
o book14.001
v 1.359251 0.010856 -2.964684
v 1.201081 0.010856 -2.964684
v 1.201081 0.008025 -2.320864
v 1.359251 0.008030 -2.322033
v 1.359252 0.781507 -2.961295
v 1.201082 0.781507 -2.961295
v 1.201082 0.778677 -2.317545
v 1.359252 0.778677 -2.317545
v 1.280166 0.016449 -2.958358
v 1.280166 0.013470 -2.280798
v 1.280167 0.775858 -2.955019
v 1.280167 0.772880 -2.277625
v 1.375854 0.001201 -2.976812
v 1.357743 0.001202 -2.976812
v 1.375854 -0.001583 -2.343483
v 1.368230 -0.001647 -2.329008
v 1.191220 -0.001642 -2.330129
v 1.226367 -0.001806 -2.292731
v 1.279524 -0.001869 -2.278487
v 1.332681 -0.001806 -2.292731
v 1.183504 -0.001583 -2.343566
v 1.201614 0.001202 -2.976896
v 1.183504 0.001202 -2.976896
v 1.183505 0.799277 -2.973387
v 1.201615 0.799277 -2.973387
v 1.183505 0.796493 -2.340057
v 1.332682 0.796269 -2.289222
v 1.279525 0.796206 -2.274979
v 1.226367 0.796269 -2.289222
v 1.191221 0.796433 -2.326620
v 1.368231 0.796428 -2.325499
v 1.375855 0.796492 -2.339974
v 1.357744 0.799277 -2.973303
v 1.375854 0.799277 -2.973303
v 1.201615 0.751528 -2.935835
v 1.201614 0.048620 -2.938925
v 1.201802 -0.001585 -2.342933
v 1.318334 -0.001766 -2.301832
v 1.279538 -0.001824 -2.288707
v 1.240743 -0.001766 -2.301832
v 1.204998 -0.001624 -2.334232
v 1.354117 -0.001624 -2.334152
v 1.357511 -0.001586 -2.342872
v 1.357511 0.046007 -2.342663
v 1.354117 0.045969 -2.333943
v 1.204998 0.045969 -2.334023
v 1.240743 0.045827 -2.301623
v 1.279539 0.045769 -2.288497
v 1.318334 0.045827 -2.301623
v 1.201802 0.046007 -2.342724
v 1.357907 0.796491 -2.339695
v 1.354496 0.796452 -2.330886
v 1.204621 0.796453 -2.330967
v 1.240349 0.796309 -2.298333
v 1.279539 0.796250 -2.284917
v 1.318729 0.796309 -2.298333
v 1.201408 0.796491 -2.339756
v 1.201408 0.748949 -2.339965
v 1.318729 0.748767 -2.298542
v 1.279539 0.748708 -2.285126
v 1.240349 0.748767 -2.298542
v 1.204621 0.748910 -2.331176
v 1.354496 0.748910 -2.331095
v 1.357907 0.748948 -2.339904
v 1.358145 0.048620 -2.938925
v 1.358145 0.751527 -2.935835
vn -0.0709 -0.9975 -0.0044
vn 0.0709 -0.9975 -0.0044
vn -0.0794 0.0044 -0.9968
vn 0.0794 0.0044 -0.9968
vn -0.0709 0.9975 0.0044
vn 0.0709 0.9975 0.0044
vn 0.7142 -0.0031 0.6999
vn -0.8672 -0.0022 0.4980
vn -0.0000 0.0044 -1.0000
vn -1.0000 -0.0000 -0.0000
vn 0.2588 -0.0042 0.9659
vn -0.2588 -0.0042 0.9659
vn -0.7287 -0.0030 0.6848
vn 0.8848 -0.0020 0.4660
vn 1.0000 -0.0000 -0.0000
vn -0.0000 -1.0000 -0.0044
vn -0.0000 1.0000 0.0044
vn 1.0000 0.0001 0.0003
vn 1.0000 0.0001 -0.0003
vn -0.9319 0.0016 -0.3627
vn 0.6716 0.0033 -0.7409
vn 0.3205 0.0042 -0.9472
vn -0.3205 0.0042 -0.9472
vn 0.9387 0.0015 -0.3448
vn -0.6703 0.0033 -0.7421
vn -0.6731 0.0033 -0.7395
vn 0.9392 0.0015 -0.3433
vn -0.3239 0.0042 -0.9461
vn 0.3239 0.0042 -0.9461
vn 0.6744 0.0032 -0.7383
vn -0.9325 0.0016 -0.3611
vn -1.0000 0.0045 -0.0007
vn -0.9999 -0.0000 0.0107
vn -1.0000 -0.0042 -0.0001
vt 0.237550 0.013329
vt 0.249001 0.012416
vt 0.249001 0.105464
vt 0.237550 0.111431
vt 0.226100 0.105634
vt 0.226100 0.012416
vt 0.225062 0.114990
vt 0.213612 0.114176
vt 0.213612 0.004223
vt 0.225062 0.003409
vt 0.202161 0.114990
vt 0.202161 0.003409
vt 0.226100 0.012440
vt 0.237550 0.013353
vt 0.237550 0.111431
vt 0.226100 0.105648
vt 0.249001 0.012440
vt 0.249001 0.105648
vt 0.019593 0.242663
vt 0.019593 0.128114
vt 0.029900 0.128181
vt 0.029900 0.242691
vt 0.065246 0.242521
vt 0.060922 0.242507
vt 0.060922 0.128334
vt 0.065246 0.128271
vt 0.005269 0.175023
vt 0.005169 0.073558
vt 0.009635 0.073633
vt 0.009735 0.175023
vt 0.014664 0.118296
vt 0.014664 0.003906
vt 0.105440 0.003906
vt 0.105440 0.118296
vt 0.040257 0.242650
vt 0.040257 0.128402
vt 0.050614 0.242488
vt 0.050614 0.128315
vt 0.014868 0.242707
vt 0.014868 0.128058
vt 0.077584 0.132303
vt 0.168360 0.132303
vt 0.168360 0.246692
vt 0.077584 0.246692
vt 0.005269 0.175061
vt 0.005169 0.073578
vt 0.009636 0.073653
vt 0.009736 0.175061
vt 0.005175 0.008057
vt 0.009639 0.008092
vt 0.005169 0.243490
vt 0.009659 0.243583
vt 0.005174 0.008058
vt 0.009636 0.008105
vt 0.005169 0.243533
vt 0.009659 0.243583
vt 0.200648 0.117713
vt 0.110115 0.117713
vt 0.110115 0.110920
vt 0.195252 0.110915
vt 0.200648 0.003685
vt 0.195252 0.010484
vt 0.110068 0.003685
vt 0.110068 0.010485
vt 0.146055 0.078907
vt 0.138937 0.071932
vt 0.140734 0.069192
vt 0.147064 0.076138
vt 0.146070 0.044100
vt 0.148912 0.042660
vt 0.148862 0.046126
vt 0.147128 0.046801
vt 0.136160 0.061498
vt 0.138147 0.061504
vt 0.138937 0.051071
vt 0.140723 0.053892
vt 0.148932 0.080352
vt 0.148870 0.076818
vt 0.160121 0.040702
vt 0.160121 0.042667
vt 0.150129 0.042667
vt 0.150129 0.040703
vt 0.160122 0.069988
vt 0.160123 0.080117
vt 0.150130 0.080118
vt 0.150130 0.069989
vt 0.160122 0.061389
vt 0.150129 0.061390
vt 0.160122 0.052791
vt 0.150129 0.052791
vt 0.160123 0.082064
vt 0.150131 0.082064
vt 0.146073 0.044100
vt 0.148911 0.042660
vt 0.148859 0.046126
vt 0.147130 0.046795
vt 0.146054 0.078913
vt 0.138955 0.071937
vt 0.140743 0.069193
vt 0.147074 0.076146
vt 0.136160 0.061506
vt 0.138151 0.061500
vt 0.138934 0.051073
vt 0.140725 0.053885
vt 0.148930 0.080347
vt 0.148871 0.076834
vt 0.150129 0.052754
vt 0.150129 0.042672
vt 0.160040 0.042672
vt 0.160040 0.052754
vt 0.150129 0.082064
vt 0.150129 0.080113
vt 0.160040 0.080113
vt 0.160040 0.082064
vt 0.150129 0.061390
vt 0.160040 0.061390
vt 0.150129 0.070025
vt 0.160040 0.070025
vt 0.150129 0.040702
vt 0.160040 0.040703
vt 0.110120 0.117724
vt 0.110120 0.110925
vt 0.195313 0.110926
vt 0.200696 0.117724
vt 0.195313 0.010495
vt 0.200696 0.003696
vt 0.110167 0.010489
vt 0.110167 0.003696
s 0
usemtl books
f 207/385/103 199/386/103 202/387/103 208/388/103
f 208/388/104 201/389/104 200/390/104 207/385/104
f 199/391/105 207/392/105 209/393/105 203/394/105
f 207/392/106 200/395/106 204/396/106 209/393/106
f 203/397/107 209/398/107 210/399/107 206/400/107
f 209/398/108 204/401/108 205/402/108 210/399/108
f 214/403/109 229/404/109 225/405/109 218/406/109
f 219/407/110 215/408/110 228/409/110 224/410/110
f 221/411/111 222/412/111 223/413/111 220/414/111
f 219/415/112 224/416/112 222/417/112 221/418/112
f 217/419/113 218/406/113 225/405/113 226/420/113
f 216/421/114 217/419/114 226/420/114 227/422/114
f 215/408/115 216/421/115 227/422/115 228/409/115
f 214/403/116 213/423/116 230/424/116 229/404/116
f 213/425/117 211/426/117 232/427/117 230/428/117
f 232/429/111 211/430/111 212/431/111 231/432/111
f 211/430/118 213/433/118 241/434/118 212/431/118
f 219/435/118 221/411/118 220/414/118 235/436/118
f 222/412/119 224/437/119 255/438/119 223/413/119
f 230/439/119 232/429/119 231/432/119 249/440/119
f 223/441/120 255/442/120 256/443/120 233/444/120
f 220/445/117 223/441/117 233/444/117 234/446/117
f 235/447/121 220/445/121 234/446/121 248/448/121
f 214/449/118 218/450/118 236/451/118 240/452/118
f 215/453/118 219/454/118 235/455/118 239/456/118
f 218/450/118 217/457/118 237/458/118 236/451/118
f 217/457/118 216/459/118 238/460/118 237/458/118
f 216/459/118 215/453/118 239/456/118 238/460/118
f 213/461/118 214/449/118 240/452/118 241/462/118
f 241/463/122 240/464/122 243/465/122 242/466/122
f 238/467/123 239/468/123 244/469/123 245/470/123
f 237/471/124 238/467/124 245/470/124 246/472/124
f 236/473/125 237/471/125 246/472/125 247/474/125
f 239/468/126 235/475/126 248/476/126 244/469/126
f 240/464/127 236/473/127 247/474/127 243/465/127
f 229/477/119 230/478/119 249/479/119 250/480/119
f 228/481/119 227/482/119 252/483/119 251/484/119
f 227/482/119 226/485/119 253/486/119 252/483/119
f 226/485/119 225/487/119 254/488/119 253/486/119
f 224/489/119 228/481/119 251/484/119 255/490/119
f 225/487/119 229/477/119 250/480/119 254/488/119
f 254/491/128 250/492/128 261/493/128 257/494/128
f 255/495/129 251/496/129 260/497/129 256/498/129
f 253/499/130 254/491/130 257/494/130 258/500/130
f 252/501/131 253/499/131 258/500/131 259/502/131
f 251/496/132 252/501/132 259/502/132 260/497/132
f 250/492/133 249/503/133 262/504/133 261/493/133
f 241/505/134 242/506/134 263/507/134 212/508/134
f 212/508/135 263/507/135 264/509/135 231/510/135
f 231/510/136 264/509/136 262/511/136 249/512/136
o book13.001
v 1.164688 0.005717 -2.877606
v 1.043041 0.005717 -2.877606
v 1.043041 0.005597 -2.382444
v 1.164688 0.005597 -2.383344
v 1.164689 0.598424 -2.877461
v 1.043042 0.598424 -2.877461
v 1.043042 0.598304 -2.382354
v 1.164689 0.598304 -2.382354
v 1.103865 0.010039 -2.872758
v 1.103865 0.009913 -2.351648
v 1.103865 0.594100 -2.872617
v 1.103865 0.593973 -2.351634
v 1.177457 -0.001747 -2.886903
v 1.163529 -0.001747 -2.886903
v 1.177457 -0.001865 -2.399810
v 1.171594 -0.001868 -2.388677
v 1.035457 -0.001867 -2.389539
v 1.062488 -0.001874 -2.360776
v 1.103371 -0.001877 -2.349822
v 1.144254 -0.001874 -2.360776
v 1.029523 -0.001865 -2.399874
v 1.043452 -0.001746 -2.886967
v 1.029523 -0.001746 -2.886967
v 1.029524 0.612052 -2.886818
v 1.043452 0.612052 -2.886818
v 1.029524 0.611934 -2.399724
v 1.144255 0.611924 -2.360627
v 1.103372 0.611922 -2.349673
v 1.062489 0.611925 -2.360627
v 1.035458 0.611932 -2.389390
v 1.171595 0.611931 -2.388528
v 1.177458 0.611934 -2.399660
v 1.163529 0.612052 -2.886754
v 1.177458 0.612052 -2.886754
v 1.043452 0.575449 -2.857785
v 1.043452 0.034843 -2.857916
v 1.043596 -0.001865 -2.399387
v 1.133219 -0.001873 -2.367776
v 1.103382 -0.001875 -2.357682
v 1.073545 -0.001873 -2.367776
v 1.046054 -0.001867 -2.392695
v 1.160740 -0.001867 -2.392633
v 1.163350 -0.001865 -2.399340
v 1.163350 0.034738 -2.399331
v 1.160740 0.034737 -2.392625
v 1.046054 0.034737 -2.392686
v 1.073545 0.034731 -2.367767
v 1.103382 0.034728 -2.357672
v 1.133219 0.034731 -2.367767
v 1.043596 0.034739 -2.399378
v 1.163655 0.611934 -2.399446
v 1.161031 0.611932 -2.392671
v 1.045764 0.611932 -2.392734
v 1.073242 0.611926 -2.367634
v 1.103382 0.611924 -2.357316
v 1.133523 0.611926 -2.367634
v 1.043293 0.611934 -2.399493
v 1.043293 0.575369 -2.399502
v 1.133523 0.575361 -2.367643
v 1.103382 0.575359 -2.357325
v 1.073242 0.575361 -2.367643
v 1.045764 0.575368 -2.392742
v 1.161031 0.575367 -2.392680
v 1.163655 0.575369 -2.399455
v 1.163838 0.034843 -2.857916
v 1.163838 0.575449 -2.857785
vn -0.0709 -0.9975 -0.0002
vn 0.0709 -0.9975 -0.0002
vn -0.0794 0.0002 -0.9968
vn 0.0794 0.0002 -0.9968
vn -0.0709 0.9975 0.0002
vn 0.0709 0.9975 0.0002
vn 0.7142 -0.0002 0.6999
vn -0.8672 -0.0001 0.4980
vn -0.0000 0.0002 -1.0000
vn -1.0000 -0.0000 -0.0000
vn 0.2588 -0.0002 0.9659
vn -0.2588 -0.0002 0.9659
vn -0.7287 -0.0002 0.6848
vn 0.8848 -0.0001 0.4660
vn 1.0000 -0.0000 -0.0000
vn -0.0000 -1.0000 -0.0002
vn -0.0000 1.0000 0.0002
vn 1.0000 0.0001 0.0003
vn 1.0000 0.0001 -0.0003
vn -0.9319 0.0001 -0.3627
vn 0.6716 0.0002 -0.7409
vn 0.3205 0.0002 -0.9473
vn -0.3205 0.0002 -0.9473
vn 0.9387 0.0001 -0.3448
vn -0.6703 0.0002 -0.7421
vn -0.6731 0.0002 -0.7395
vn 0.9392 0.0001 -0.3433
vn -0.3239 0.0002 -0.9461
vn 0.3239 0.0002 -0.9461
vn 0.6744 0.0002 -0.7383
vn -0.9325 0.0001 -0.3611
vn -1.0000 0.0045 -0.0007
vn -0.9999 -0.0000 0.0107
vn -1.0000 -0.0042 -0.0001
vt 0.987665 0.263225
vt 0.999115 0.262312
vt 0.999115 0.355360
vt 0.987665 0.361327
vt 0.976215 0.355530
vt 0.976215 0.262312
vt 0.975177 0.364886
vt 0.963727 0.364072
vt 0.963727 0.254119
vt 0.975177 0.253305
vt 0.952276 0.364886
vt 0.952276 0.253305
vt 0.976215 0.262336
vt 0.987665 0.263249
vt 0.987665 0.361327
vt 0.976215 0.355544
vt 0.999115 0.262336
vt 0.999115 0.355544
vt 0.769708 0.492559
vt 0.769708 0.378009
vt 0.780015 0.378076
vt 0.780015 0.492587
vt 0.815361 0.492417
vt 0.811037 0.492403
vt 0.811037 0.378230
vt 0.815361 0.378167
vt 0.755384 0.424919
vt 0.755283 0.323454
vt 0.759749 0.323529
vt 0.759850 0.424919
vt 0.764779 0.368192
vt 0.764779 0.253802
vt 0.855555 0.253802
vt 0.855555 0.368192
vt 0.790372 0.492546
vt 0.790372 0.378298
vt 0.800729 0.492384
vt 0.800729 0.378211
vt 0.764983 0.492602
vt 0.764983 0.377954
vt 0.827699 0.382199
vt 0.918474 0.382199
vt 0.918474 0.496588
vt 0.827699 0.496588
vt 0.755384 0.424957
vt 0.755283 0.323474
vt 0.759750 0.323548
vt 0.759851 0.424956
vt 0.755289 0.257953
vt 0.759754 0.257988
vt 0.755283 0.493386
vt 0.759773 0.493479
vt 0.755288 0.257954
vt 0.759751 0.258001
vt 0.755283 0.493429
vt 0.759774 0.493479
vt 0.950763 0.367609
vt 0.860230 0.367609
vt 0.860230 0.360816
vt 0.945367 0.360810
vt 0.950763 0.253581
vt 0.945367 0.260380
vt 0.860183 0.253581
vt 0.860183 0.260381
vt 0.896170 0.328803
vt 0.889051 0.321828
vt 0.890849 0.319088
vt 0.897179 0.326034
vt 0.896185 0.293996
vt 0.899026 0.292556
vt 0.898976 0.296022
vt 0.897242 0.296697
vt 0.886275 0.311393
vt 0.888262 0.311400
vt 0.889051 0.300967
vt 0.890837 0.303788
vt 0.899046 0.330248
vt 0.898984 0.326714
vt 0.910236 0.290598
vt 0.910236 0.292563
vt 0.900243 0.292563
vt 0.900243 0.290599
vt 0.910237 0.319884
vt 0.910238 0.330013
vt 0.900245 0.330014
vt 0.900245 0.319885
vt 0.910237 0.311285
vt 0.900244 0.311286
vt 0.910236 0.302687
vt 0.900244 0.302687
vt 0.910238 0.331959
vt 0.900245 0.331960
vt 0.896188 0.293996
vt 0.899026 0.292556
vt 0.898974 0.296022
vt 0.897245 0.296691
vt 0.896169 0.328809
vt 0.889070 0.321833
vt 0.890857 0.319089
vt 0.897189 0.326042
vt 0.886275 0.311402
vt 0.888266 0.311396
vt 0.889049 0.300969
vt 0.890840 0.303781
vt 0.899045 0.330243
vt 0.898986 0.326730
vt 0.900244 0.302650
vt 0.900244 0.292568
vt 0.910155 0.292568
vt 0.910155 0.302650
vt 0.900243 0.331960
vt 0.900243 0.330009
vt 0.910155 0.330009
vt 0.910155 0.331960
vt 0.900243 0.311286
vt 0.910155 0.311286
vt 0.900243 0.319921
vt 0.910155 0.319921
vt 0.900244 0.290598
vt 0.910155 0.290598
vt 0.860234 0.367620
vt 0.860234 0.360820
vt 0.945428 0.360822
vt 0.950811 0.367620
vt 0.945428 0.260391
vt 0.950811 0.253592
vt 0.860282 0.260385
vt 0.860282 0.253592
s 0
usemtl books
f 273/513/137 265/514/137 268/515/137 274/516/137
f 274/516/138 267/517/138 266/518/138 273/513/138
f 265/519/139 273/520/139 275/521/139 269/522/139
f 273/520/140 266/523/140 270/524/140 275/521/140
f 269/525/141 275/526/141 276/527/141 272/528/141
f 275/526/142 270/529/142 271/530/142 276/527/142
f 280/531/143 295/532/143 291/533/143 284/534/143
f 285/535/144 281/536/144 294/537/144 290/538/144
f 287/539/145 288/540/145 289/541/145 286/542/145
f 285/543/146 290/544/146 288/545/146 287/546/146
f 283/547/147 284/534/147 291/533/147 292/548/147
f 282/549/148 283/547/148 292/548/148 293/550/148
f 281/536/149 282/549/149 293/550/149 294/537/149
f 280/531/150 279/551/150 296/552/150 295/532/150
f 279/553/151 277/554/151 298/555/151 296/556/151
f 298/557/145 277/558/145 278/559/145 297/560/145
f 277/558/152 279/561/152 307/562/152 278/559/152
f 285/563/152 287/539/152 286/542/152 301/564/152
f 288/540/153 290/565/153 321/566/153 289/541/153
f 296/567/153 298/557/153 297/560/153 315/568/153
f 289/569/154 321/570/154 322/571/154 299/572/154
f 286/573/151 289/569/151 299/572/151 300/574/151
f 301/575/155 286/573/155 300/574/155 314/576/155
f 280/577/152 284/578/152 302/579/152 306/580/152
f 281/581/152 285/582/152 301/583/152 305/584/152
f 284/578/152 283/585/152 303/586/152 302/579/152
f 283/585/152 282/587/152 304/588/152 303/586/152
f 282/587/152 281/581/152 305/584/152 304/588/152
f 279/589/152 280/577/152 306/580/152 307/590/152
f 307/591/156 306/592/156 309/593/156 308/594/156
f 304/595/157 305/596/157 310/597/157 311/598/157
f 303/599/158 304/595/158 311/598/158 312/600/158
f 302/601/159 303/599/159 312/600/159 313/602/159
f 305/596/160 301/603/160 314/604/160 310/597/160
f 306/592/161 302/601/161 313/602/161 309/593/161
f 295/605/153 296/606/153 315/607/153 316/608/153
f 294/609/153 293/610/153 318/611/153 317/612/153
f 293/610/153 292/613/153 319/614/153 318/611/153
f 292/613/153 291/615/153 320/616/153 319/614/153
f 290/617/153 294/609/153 317/612/153 321/618/153
f 291/615/153 295/605/153 316/608/153 320/616/153
f 320/619/162 316/620/162 327/621/162 323/622/162
f 321/623/163 317/624/163 326/625/163 322/626/163
f 319/627/164 320/619/164 323/622/164 324/628/164
f 318/629/165 319/627/165 324/628/165 325/630/165
f 317/624/166 318/629/166 325/630/166 326/625/166
f 316/620/167 315/631/167 328/632/167 327/621/167
f 307/633/168 308/634/168 329/635/168 278/636/168
f 278/636/169 329/635/169 330/637/169 297/638/169
f 297/638/170 330/637/170 328/639/170 315/640/170
o book12.001
v 1.007639 0.022899 -2.982441
v 0.849469 0.022900 -2.982441
v 0.849469 0.025372 -2.338620
v 1.007639 0.025367 -2.339789
v 1.007640 0.793552 -2.985400
v 0.849470 0.793552 -2.985400
v 0.849470 0.796024 -2.341649
v 1.007640 0.796024 -2.341649
v 0.928554 0.028545 -2.976161
v 0.928554 0.031147 -2.298600
v 0.928555 0.787955 -2.979078
v 0.928555 0.790557 -2.301682
v 1.024242 0.013145 -2.994490
v 1.006132 0.013145 -2.994490
v 1.024242 0.015577 -2.361159
v 1.016619 0.015633 -2.346684
v 0.839609 0.015629 -2.347805
v 0.874755 0.015772 -2.310407
v 0.927912 0.015827 -2.296163
v 0.981070 0.015772 -2.310407
v 0.831892 0.015577 -2.361242
v 0.850003 0.013145 -2.994573
v 0.831892 0.013145 -2.994573
v 0.831893 0.811222 -2.997638
v 0.850004 0.811222 -2.997638
v 0.831893 0.813654 -2.364307
v 0.981071 0.813849 -2.313472
v 0.927913 0.813904 -2.299228
v 0.874756 0.813849 -2.313472
v 0.839610 0.813706 -2.350869
v 1.016620 0.813710 -2.349749
v 1.024243 0.813654 -2.364223
v 1.006132 0.811222 -2.997554
v 1.024243 0.811222 -2.997554
v 0.850004 0.763783 -2.959694
v 0.850003 0.060874 -2.956995
v 0.850190 0.015580 -2.360609
v 0.966722 0.015737 -2.319508
v 0.927927 0.015788 -2.306382
v 0.889131 0.015738 -2.319508
v 0.853387 0.015613 -2.351908
v 1.002505 0.015613 -2.351828
v 1.005899 0.015580 -2.360548
v 1.005899 0.063173 -2.360731
v 1.002505 0.063206 -2.352011
v 0.853387 0.063206 -2.352091
v 0.889131 0.063330 -2.319691
v 0.927927 0.063381 -2.306565
v 0.966722 0.063330 -2.319691
v 0.850190 0.063173 -2.360792
v 1.006296 0.813655 -2.363945
v 1.002885 0.813689 -2.355136
v 0.853009 0.813689 -2.355217
v 0.888737 0.813814 -2.322582
v 0.927927 0.813866 -2.309166
v 0.967117 0.813814 -2.322582
v 0.849797 0.813655 -2.364006
v 0.849797 0.766113 -2.363823
v 0.967117 0.766272 -2.322400
v 0.927927 0.766323 -2.308984
v 0.888737 0.766272 -2.322400
v 0.853009 0.766147 -2.355034
v 1.002885 0.766147 -2.354953
v 1.006296 0.766113 -2.363762
v 1.006533 0.060874 -2.956995
v 1.006534 0.763783 -2.959694
vn -0.0709 -0.9975 0.0038
vn 0.0709 -0.9975 0.0038
vn -0.0794 -0.0038 -0.9968
vn 0.0794 -0.0038 -0.9968
vn -0.0709 0.9975 -0.0038
vn 0.0709 0.9975 -0.0038
vn 0.7142 0.0027 0.6999
vn -0.8672 0.0019 0.4980
vn -0.0000 -0.0038 -1.0000
vn -1.0000 -0.0000 -0.0000
vn 0.2588 0.0037 0.9659
vn -0.2588 0.0037 0.9659
vn -0.7287 0.0026 0.6848
vn 0.8848 0.0018 0.4660
vn 1.0000 -0.0000 -0.0000
vn -0.0000 -1.0000 0.0038
vn -0.0000 1.0000 -0.0038
vn 1.0000 0.0001 0.0003
vn 1.0000 0.0001 -0.0003
vn -0.9319 -0.0014 -0.3627
vn 0.6716 -0.0028 -0.7409
vn 0.3205 -0.0036 -0.9472
vn -0.3205 -0.0036 -0.9472
vn 0.9387 -0.0013 -0.3448
vn -0.6703 -0.0028 -0.7421
vn -0.6731 -0.0028 -0.7395
vn 0.9392 -0.0013 -0.3433
vn -0.3239 -0.0036 -0.9461
vn 0.3239 -0.0036 -0.9461
vn 0.6744 -0.0028 -0.7383
vn -0.9325 -0.0014 -0.3611
vn -1.0000 0.0045 -0.0007
vn -0.9999 -0.0000 0.0107
vn -1.0000 -0.0042 -0.0000
vt 0.737595 0.263500
vt 0.749045 0.262587
vt 0.749045 0.355635
vt 0.737595 0.361602
vt 0.726144 0.355805
vt 0.726144 0.262587
vt 0.725107 0.365160
vt 0.713656 0.364347
vt 0.713656 0.254393
vt 0.725107 0.253579
vt 0.702206 0.365160
vt 0.702206 0.253579
vt 0.726144 0.262611
vt 0.737595 0.263524
vt 0.737595 0.361602
vt 0.726144 0.355819
vt 0.749045 0.262611
vt 0.749045 0.355819
vt 0.519637 0.492833
vt 0.519637 0.378284
vt 0.529944 0.378351
vt 0.529944 0.492862
vt 0.565291 0.492692
vt 0.560967 0.492678
vt 0.560967 0.378505
vt 0.565291 0.378442
vt 0.505314 0.425194
vt 0.505213 0.323729
vt 0.509679 0.323804
vt 0.509780 0.425193
vt 0.514709 0.368466
vt 0.514709 0.254077
vt 0.605485 0.254077
vt 0.605485 0.368466
vt 0.540301 0.492821
vt 0.540302 0.378573
vt 0.550658 0.492659
vt 0.550658 0.378486
vt 0.514913 0.492877
vt 0.514913 0.378229
vt 0.577628 0.382474
vt 0.668404 0.382474
vt 0.668404 0.496863
vt 0.577628 0.496863
vt 0.505314 0.425231
vt 0.505213 0.323748
vt 0.509680 0.323823
vt 0.509781 0.425231
vt 0.505219 0.258228
vt 0.509683 0.258262
vt 0.505213 0.493660
vt 0.509703 0.493753
vt 0.505218 0.258229
vt 0.509680 0.258276
vt 0.505213 0.493704
vt 0.509704 0.493753
vt 0.700692 0.367884
vt 0.610160 0.367884
vt 0.610160 0.361091
vt 0.695297 0.361085
vt 0.700692 0.253856
vt 0.695297 0.260655
vt 0.610112 0.253856
vt 0.610112 0.260656
vt 0.646099 0.329078
vt 0.638981 0.322103
vt 0.640778 0.319363
vt 0.647109 0.326309
vt 0.646115 0.294271
vt 0.648956 0.292831
vt 0.648906 0.296297
vt 0.647172 0.296971
vt 0.636205 0.311668
vt 0.638191 0.311675
vt 0.638981 0.301241
vt 0.640767 0.304062
vt 0.648976 0.330523
vt 0.648914 0.326989
vt 0.660165 0.290873
vt 0.660165 0.292838
vt 0.650173 0.292838
vt 0.650173 0.290873
vt 0.660167 0.320159
vt 0.660167 0.330288
vt 0.650175 0.330289
vt 0.650174 0.320160
vt 0.660166 0.311560
vt 0.650174 0.311561
vt 0.660166 0.302961
vt 0.650173 0.302962
vt 0.660167 0.332234
vt 0.650175 0.332235
vt 0.646118 0.294271
vt 0.648956 0.292831
vt 0.648903 0.296297
vt 0.647175 0.296966
vt 0.646099 0.329084
vt 0.638999 0.322108
vt 0.640787 0.319364
vt 0.647118 0.326317
vt 0.636204 0.311677
vt 0.638195 0.311670
vt 0.638979 0.301243
vt 0.640769 0.304056
vt 0.648974 0.330518
vt 0.648915 0.327005
vt 0.650173 0.302925
vt 0.650173 0.292842
vt 0.660085 0.292843
vt 0.660085 0.302925
vt 0.650173 0.332235
vt 0.650173 0.330284
vt 0.660085 0.330284
vt 0.660085 0.332235
vt 0.650173 0.311561
vt 0.660085 0.311561
vt 0.650173 0.320196
vt 0.660084 0.320196
vt 0.650174 0.290873
vt 0.660085 0.290873
vt 0.610164 0.367895
vt 0.610164 0.361095
vt 0.695358 0.361097
vt 0.700741 0.367895
vt 0.695358 0.260666
vt 0.700741 0.253867
vt 0.610212 0.260660
vt 0.610212 0.253867
s 0
usemtl books
f 339/641/171 331/642/171 334/643/171 340/644/171
f 340/644/172 333/645/172 332/646/172 339/641/172
f 331/647/173 339/648/173 341/649/173 335/650/173
f 339/648/174 332/651/174 336/652/174 341/649/174
f 335/653/175 341/654/175 342/655/175 338/656/175
f 341/654/176 336/657/176 337/658/176 342/655/176
f 346/659/177 361/660/177 357/661/177 350/662/177
f 351/663/178 347/664/178 360/665/178 356/666/178
f 353/667/179 354/668/179 355/669/179 352/670/179
f 351/671/180 356/672/180 354/673/180 353/674/180
f 349/675/181 350/662/181 357/661/181 358/676/181
f 348/677/182 349/675/182 358/676/182 359/678/182
f 347/664/183 348/677/183 359/678/183 360/665/183
f 346/659/184 345/679/184 362/680/184 361/660/184
f 345/681/185 343/682/185 364/683/185 362/684/185
f 364/685/179 343/686/179 344/687/179 363/688/179
f 343/686/186 345/689/186 373/690/186 344/687/186
f 351/691/186 353/667/186 352/670/186 367/692/186
f 354/668/187 356/693/187 387/694/187 355/669/187
f 362/695/187 364/685/187 363/688/187 381/696/187
f 355/697/188 387/698/188 388/699/188 365/700/188
f 352/701/185 355/697/185 365/700/185 366/702/185
f 367/703/189 352/701/189 366/702/189 380/704/189
f 346/705/186 350/706/186 368/707/186 372/708/186
f 347/709/186 351/710/186 367/711/186 371/712/186
f 350/706/186 349/713/186 369/714/186 368/707/186
f 349/713/186 348/715/186 370/716/186 369/714/186
f 348/715/186 347/709/186 371/712/186 370/716/186
f 345/717/186 346/705/186 372/708/186 373/718/186
f 373/719/190 372/720/190 375/721/190 374/722/190
f 370/723/191 371/724/191 376/725/191 377/726/191
f 369/727/192 370/723/192 377/726/192 378/728/192
f 368/729/193 369/727/193 378/728/193 379/730/193
f 371/724/194 367/731/194 380/732/194 376/725/194
f 372/720/195 368/729/195 379/730/195 375/721/195
f 361/733/187 362/734/187 381/735/187 382/736/187
f 360/737/187 359/738/187 384/739/187 383/740/187
f 359/738/187 358/741/187 385/742/187 384/739/187
f 358/741/187 357/743/187 386/744/187 385/742/187
f 356/745/187 360/737/187 383/740/187 387/746/187
f 357/743/187 361/733/187 382/736/187 386/744/187
f 386/747/196 382/748/196 393/749/196 389/750/196
f 387/751/197 383/752/197 392/753/197 388/754/197
f 385/755/198 386/747/198 389/750/198 390/756/198
f 384/757/199 385/755/199 390/756/199 391/758/199
f 383/752/200 384/757/200 391/758/200 392/753/200
f 382/748/201 381/759/201 394/760/201 393/749/201
f 373/761/202 374/762/202 395/763/202 344/764/202
f 344/764/203 395/763/203 396/765/203 363/766/203
f 363/766/204 396/765/204 394/767/204 381/768/204
o book11.001
v 0.809899 0.005192 -2.933635
v 0.663970 0.005192 -2.933635
v 0.663970 0.007855 -2.339641
v 0.809899 0.007850 -2.340720
v 0.809900 0.716202 -2.936823
v 0.663971 0.716202 -2.936823
v 0.663971 0.718865 -2.342893
v 0.809900 0.718864 -2.342893
v 0.736935 0.010404 -2.927845
v 0.736935 0.013206 -2.302722
v 0.736935 0.711042 -2.930986
v 0.736935 0.713844 -2.306016
v 0.825217 -0.003815 -2.944746
v 0.808508 -0.003815 -2.944746
v 0.825217 -0.001195 -2.360430
v 0.818184 -0.001135 -2.347075
v 0.654873 -0.001140 -2.348109
v 0.687299 -0.000985 -2.313606
v 0.736342 -0.000926 -2.300465
v 0.785386 -0.000985 -2.313606
v 0.647753 -0.001195 -2.360507
v 0.664462 -0.003815 -2.944823
v 0.647754 -0.003815 -2.944823
v 0.647754 0.732497 -2.948123
v 0.664463 0.732497 -2.948123
v 0.647754 0.735117 -2.363807
v 0.785387 0.735327 -2.316906
v 0.736343 0.735386 -2.303766
v 0.687300 0.735327 -2.316906
v 0.654873 0.735172 -2.351410
v 0.818185 0.735177 -2.350376
v 0.825218 0.735117 -2.363731
v 0.808509 0.732497 -2.948047
v 0.825218 0.732497 -2.948047
v 0.664463 0.688752 -2.913088
v 0.664462 0.040243 -2.910181
v 0.664635 -0.001193 -2.359923
v 0.772149 -0.001023 -2.322002
v 0.736356 -0.000969 -2.309893
v 0.700563 -0.001023 -2.322002
v 0.667584 -0.001157 -2.351896
v 0.805163 -0.001157 -2.351821
v 0.808294 -0.001193 -2.359867
v 0.808294 0.042717 -2.360064
v 0.805163 0.042753 -2.352018
v 0.667584 0.042753 -2.352092
v 0.700563 0.042887 -2.322199
v 0.736356 0.042941 -2.310090
v 0.772149 0.042887 -2.322199
v 0.664635 0.042717 -2.360120
v 0.808660 0.735118 -2.363473
v 0.805513 0.735154 -2.355346
v 0.667236 0.735154 -2.355421
v 0.700199 0.735289 -2.325312
v 0.736356 0.735345 -2.312935
v 0.772513 0.735289 -2.325312
v 0.664272 0.735118 -2.363530
v 0.664272 0.691255 -2.363333
v 0.772513 0.691426 -2.325116
v 0.736356 0.691482 -2.312738
v 0.700199 0.691426 -2.325116
v 0.667236 0.691291 -2.355225
v 0.805513 0.691291 -2.355150
v 0.808660 0.691255 -2.363277
v 0.808879 0.040242 -2.910181
v 0.808880 0.688752 -2.913088
vn -0.0709 -0.9975 0.0045
vn 0.0709 -0.9975 0.0045
vn -0.0794 -0.0045 -0.9968
vn 0.0794 -0.0045 -0.9968
vn -0.0709 0.9975 -0.0045
vn 0.0709 0.9975 -0.0045
vn 0.7142 0.0031 0.6999
vn -0.8672 0.0022 0.4980
vn -0.0000 -0.0045 -1.0000
vn -1.0000 -0.0000 -0.0000
vn 0.2588 0.0043 0.9659
vn -0.2588 0.0043 0.9659
vn -0.7287 0.0031 0.6848
vn 0.8848 0.0021 0.4660
vn 1.0000 -0.0000 -0.0000
vn -0.0000 -1.0000 0.0045
vn -0.0000 1.0000 -0.0045
vn 1.0000 0.0001 0.0003
vn 1.0000 0.0001 -0.0003
vn -0.9319 -0.0016 -0.3627
vn 0.6716 -0.0033 -0.7409
vn 0.3205 -0.0042 -0.9472
vn -0.3205 -0.0042 -0.9472
vn 0.9387 -0.0015 -0.3448
vn -0.6703 -0.0033 -0.7421
vn -0.6731 -0.0033 -0.7395
vn 0.9392 -0.0015 -0.3433
vn -0.3239 -0.0042 -0.9461
vn 0.3239 -0.0042 -0.9461
vn 0.6744 -0.0033 -0.7383
vn -0.9325 -0.0016 -0.3611
vn -1.0000 0.0045 -0.0007
vn -0.9999 -0.0000 0.0107
vn -1.0000 -0.0042 -0.0000
vt 0.487695 0.263431
vt 0.499146 0.262518
vt 0.499146 0.355566
vt 0.487695 0.361533
vt 0.476245 0.355736
vt 0.476245 0.262518
vt 0.475207 0.365092
vt 0.463757 0.364278
vt 0.463757 0.254324
vt 0.475207 0.253511
vt 0.452306 0.365092
vt 0.452306 0.253511
vt 0.476245 0.262542
vt 0.487695 0.263455
vt 0.487695 0.361533
vt 0.476245 0.355750
vt 0.499146 0.262542
vt 0.499146 0.355750
vt 0.269738 0.492765
vt 0.269738 0.378215
vt 0.280045 0.378282
vt 0.280045 0.492793
vt 0.315391 0.492623
vt 0.311067 0.492609
vt 0.311067 0.378436
vt 0.315391 0.378373
vt 0.255414 0.425125
vt 0.255314 0.323660
vt 0.259780 0.323735
vt 0.259880 0.425124
vt 0.264809 0.368397
vt 0.264809 0.254008
vt 0.355585 0.254008
vt 0.355585 0.368397
vt 0.290402 0.492752
vt 0.290402 0.378504
vt 0.300759 0.492590
vt 0.300759 0.378417
vt 0.265013 0.492808
vt 0.265013 0.378160
vt 0.327729 0.382405
vt 0.418505 0.382405
vt 0.418505 0.496794
vt 0.327729 0.496794
vt 0.255414 0.425162
vt 0.255314 0.323679
vt 0.259781 0.323754
vt 0.259881 0.425162
vt 0.255320 0.258159
vt 0.259784 0.258194
vt 0.255314 0.493592
vt 0.259804 0.493684
vt 0.255319 0.258160
vt 0.259781 0.258207
vt 0.255314 0.493635
vt 0.259804 0.493684
vt 0.450793 0.367815
vt 0.360260 0.367815
vt 0.360260 0.361022
vt 0.445397 0.361016
vt 0.450793 0.253787
vt 0.445397 0.260586
vt 0.360213 0.253787
vt 0.360213 0.260587
vt 0.396200 0.329009
vt 0.389082 0.322034
vt 0.390879 0.319294
vt 0.397209 0.326240
vt 0.396215 0.294202
vt 0.399057 0.292762
vt 0.399007 0.296228
vt 0.397273 0.296903
vt 0.386305 0.311599
vt 0.388292 0.311606
vt 0.389082 0.301173
vt 0.390868 0.303993
vt 0.399077 0.330454
vt 0.399015 0.326920
vt 0.410266 0.290804
vt 0.410266 0.292769
vt 0.400274 0.292769
vt 0.400274 0.290805
vt 0.410267 0.320090
vt 0.410268 0.330219
vt 0.400275 0.330220
vt 0.400275 0.320091
vt 0.410267 0.311491
vt 0.400274 0.311492
vt 0.410266 0.302893
vt 0.400274 0.302893
vt 0.410268 0.332165
vt 0.400276 0.332166
vt 0.396218 0.294202
vt 0.399056 0.292762
vt 0.399004 0.296228
vt 0.397275 0.296897
vt 0.396199 0.329015
vt 0.389100 0.322039
vt 0.390888 0.319295
vt 0.397219 0.326248
vt 0.386305 0.311608
vt 0.388296 0.311602
vt 0.389079 0.301175
vt 0.390870 0.303987
vt 0.399075 0.330449
vt 0.399016 0.326936
vt 0.400274 0.302856
vt 0.400274 0.292773
vt 0.410185 0.292774
vt 0.410185 0.302856
vt 0.400274 0.332166
vt 0.400274 0.330215
vt 0.410185 0.330215
vt 0.410185 0.332166
vt 0.400274 0.311492
vt 0.410185 0.311492
vt 0.400274 0.320127
vt 0.410185 0.320127
vt 0.400274 0.290804
vt 0.410185 0.290804
vt 0.360265 0.367826
vt 0.360265 0.361026
vt 0.445458 0.361028
vt 0.450841 0.367826
vt 0.445458 0.260597
vt 0.450841 0.253798
vt 0.360312 0.260591
vt 0.360312 0.253798
s 0
usemtl books
f 405/769/205 397/770/205 400/771/205 406/772/205
f 406/772/206 399/773/206 398/774/206 405/769/206
f 397/775/207 405/776/207 407/777/207 401/778/207
f 405/776/208 398/779/208 402/780/208 407/777/208
f 401/781/209 407/782/209 408/783/209 404/784/209
f 407/782/210 402/785/210 403/786/210 408/783/210
f 412/787/211 427/788/211 423/789/211 416/790/211
f 417/791/212 413/792/212 426/793/212 422/794/212
f 419/795/213 420/796/213 421/797/213 418/798/213
f 417/799/214 422/800/214 420/801/214 419/802/214
f 415/803/215 416/790/215 423/789/215 424/804/215
f 414/805/216 415/803/216 424/804/216 425/806/216
f 413/792/217 414/805/217 425/806/217 426/793/217
f 412/787/218 411/807/218 428/808/218 427/788/218
f 411/809/219 409/810/219 430/811/219 428/812/219
f 430/813/213 409/814/213 410/815/213 429/816/213
f 409/814/220 411/817/220 439/818/220 410/815/220
f 417/819/220 419/795/220 418/798/220 433/820/220
f 420/796/221 422/821/221 453/822/221 421/797/221
f 428/823/221 430/813/221 429/816/221 447/824/221
f 421/825/222 453/826/222 454/827/222 431/828/222
f 418/829/219 421/825/219 431/828/219 432/830/219
f 433/831/223 418/829/223 432/830/223 446/832/223
f 412/833/220 416/834/220 434/835/220 438/836/220
f 413/837/220 417/838/220 433/839/220 437/840/220
f 416/834/220 415/841/220 435/842/220 434/835/220
f 415/841/220 414/843/220 436/844/220 435/842/220
f 414/843/220 413/837/220 437/840/220 436/844/220
f 411/845/220 412/833/220 438/836/220 439/846/220
f 439/847/224 438/848/224 441/849/224 440/850/224
f 436/851/225 437/852/225 442/853/225 443/854/225
f 435/855/226 436/851/226 443/854/226 444/856/226
f 434/857/227 435/855/227 444/856/227 445/858/227
f 437/852/228 433/859/228 446/860/228 442/853/228
f 438/848/229 434/857/229 445/858/229 441/849/229
f 427/861/221 428/862/221 447/863/221 448/864/221
f 426/865/221 425/866/221 450/867/221 449/868/221
f 425/866/221 424/869/221 451/870/221 450/867/221
f 424/869/221 423/871/221 452/872/221 451/870/221
f 422/873/221 426/865/221 449/868/221 453/874/221
f 423/871/221 427/861/221 448/864/221 452/872/221
f 452/875/230 448/876/230 459/877/230 455/878/230
f 453/879/231 449/880/231 458/881/231 454/882/231
f 451/883/232 452/875/232 455/878/232 456/884/232
f 450/885/233 451/883/233 456/884/233 457/886/233
f 449/880/234 450/885/234 457/886/234 458/881/234
f 448/876/235 447/887/235 460/888/235 459/877/235
f 439/889/236 440/890/236 461/891/236 410/892/236
f 410/892/237 461/891/237 462/893/237 429/894/237
f 429/894/238 462/893/238 460/895/238 447/896/238
o book10.001
v 0.617302 0.017003 -2.985683
v 0.459132 0.017003 -2.985683
v 0.459132 0.021974 -2.341876
v 0.617302 0.021965 -2.343046
v 0.617303 0.787639 -2.991633
v 0.459133 0.787639 -2.991633
v 0.459133 0.792609 -2.347896
v 0.617303 0.792609 -2.347896
v 0.538217 0.022673 -2.979425
v 0.538217 0.027904 -2.301879
v 0.538218 0.782066 -2.985288
v 0.538218 0.787296 -2.307908
v 0.633905 0.007203 -2.997694
v 0.615794 0.007203 -2.997694
v 0.633905 0.012092 -2.364377
v 0.626282 0.012204 -2.349903
v 0.449271 0.012195 -2.351023
v 0.484418 0.012484 -2.313626
v 0.537575 0.012594 -2.299383
v 0.590732 0.012484 -2.313626
v 0.441555 0.012092 -2.364460
v 0.459666 0.007202 -2.997777
v 0.441555 0.007202 -2.997777
v 0.441556 0.805261 -3.003939
v 0.459667 0.805261 -3.003939
v 0.441556 0.810151 -2.370622
v 0.590733 0.810543 -2.319788
v 0.537576 0.810653 -2.305545
v 0.484419 0.810543 -2.319788
v 0.449272 0.810254 -2.357185
v 0.626282 0.810263 -2.356064
v 0.633906 0.810151 -2.370538
v 0.615795 0.805262 -3.003855
v 0.633906 0.805262 -3.003855
v 0.459666 0.757970 -2.965811
v 0.459666 0.055076 -2.960384
v 0.459853 0.012097 -2.363827
v 0.576385 0.012414 -2.322727
v 0.537590 0.012515 -2.309602
v 0.498794 0.012414 -2.322727
v 0.463049 0.012164 -2.355127
v 0.612168 0.012164 -2.355047
v 0.615562 0.012097 -2.363766
v 0.615562 0.059689 -2.364134
v 0.612168 0.059756 -2.355414
v 0.463050 0.059756 -2.355494
v 0.498794 0.060006 -2.323094
v 0.537590 0.060107 -2.309969
v 0.576385 0.060006 -2.323094
v 0.459853 0.059688 -2.364195
v 0.615959 0.810153 -2.370260
v 0.612547 0.810221 -2.361451
v 0.462672 0.810221 -2.361532
v 0.498400 0.810473 -2.328898
v 0.537590 0.810576 -2.315483
v 0.576780 0.810473 -2.328898
v 0.459459 0.810153 -2.370321
v 0.459459 0.762612 -2.369954
v 0.576780 0.762931 -2.328531
v 0.537590 0.763035 -2.315116
v 0.498400 0.762931 -2.328531
v 0.462672 0.762680 -2.361165
v 0.612547 0.762680 -2.361084
v 0.615959 0.762612 -2.369893
v 0.616196 0.055076 -2.960384
v 0.616197 0.757970 -2.965811
vn -0.0709 -0.9975 0.0077
vn 0.0709 -0.9975 0.0077
vn -0.0794 -0.0077 -0.9968
vn 0.0794 -0.0077 -0.9968
vn -0.0709 0.9975 -0.0077
vn 0.0709 0.9975 -0.0077
vn 0.7142 0.0054 0.6999
vn -0.8672 0.0038 0.4980
vn -0.0000 -0.0077 -1.0000
vn -1.0000 -0.0000 -0.0000
vn 0.2588 0.0075 0.9659
vn -0.2588 0.0075 0.9659
vn -0.7287 0.0053 0.6848
vn 0.8848 0.0036 0.4660
vn 1.0000 -0.0000 -0.0000
vn -0.0000 -1.0000 0.0077
vn -0.0000 1.0000 -0.0077
vn 1.0000 0.0001 0.0003
vn 1.0000 0.0001 -0.0003
vn -0.9319 -0.0028 -0.3627
vn 0.6716 -0.0057 -0.7409
vn 0.3205 -0.0073 -0.9472
vn -0.3205 -0.0073 -0.9472
vn 0.9387 -0.0027 -0.3448
vn -0.6703 -0.0057 -0.7421
vn -0.6731 -0.0057 -0.7395
vn 0.9392 -0.0027 -0.3433
vn -0.3239 -0.0073 -0.9461
vn 0.3239 -0.0073 -0.9461
vn 0.6744 -0.0057 -0.7383
vn -0.9325 -0.0028 -0.3611
vn -1.0000 0.0045 -0.0007
vn -0.9999 0.0001 0.0107
vn -1.0000 -0.0042 -0.0000
vt 0.237672 0.263323
vt 0.249123 0.262411
vt 0.249123 0.355459
vt 0.237672 0.361426
vt 0.226222 0.355628
vt 0.226222 0.262411
vt 0.225185 0.364984
vt 0.213734 0.364170
vt 0.213734 0.254217
vt 0.225185 0.253403
vt 0.202284 0.364984
vt 0.202284 0.253403
vt 0.226222 0.262435
vt 0.237672 0.263347
vt 0.237672 0.361426
vt 0.226222 0.355642
vt 0.249123 0.262435
vt 0.249123 0.355642
vt 0.019715 0.492657
vt 0.019715 0.378108
vt 0.030022 0.378175
vt 0.030022 0.492686
vt 0.065368 0.492516
vt 0.061045 0.492502
vt 0.061045 0.378329
vt 0.065368 0.378266
vt 0.005392 0.425017
vt 0.005291 0.323553
vt 0.009757 0.323627
vt 0.009858 0.425017
vt 0.014787 0.368290
vt 0.014787 0.253901
vt 0.105562 0.253901
vt 0.105562 0.368290
vt 0.040379 0.492645
vt 0.040379 0.378397
vt 0.050736 0.492483
vt 0.050736 0.378310
vt 0.014990 0.492701
vt 0.014991 0.378053
vt 0.077706 0.382298
vt 0.168482 0.382298
vt 0.168482 0.496687
vt 0.077706 0.496687
vt 0.005392 0.425055
vt 0.005291 0.323572
vt 0.009758 0.323647
vt 0.009858 0.425055
vt 0.005297 0.258052
vt 0.009761 0.258086
vt 0.005291 0.493484
vt 0.009781 0.493577
vt 0.005296 0.258052
vt 0.009758 0.258099
vt 0.005291 0.493528
vt 0.009782 0.493577
vt 0.200770 0.367708
vt 0.110238 0.367708
vt 0.110238 0.360915
vt 0.195375 0.360909
vt 0.200770 0.253680
vt 0.195375 0.260478
vt 0.110190 0.253680
vt 0.110190 0.260480
vt 0.146177 0.328902
vt 0.139059 0.321926
vt 0.140856 0.319186
vt 0.147187 0.326133
vt 0.146193 0.294095
vt 0.149034 0.292655
vt 0.148984 0.296121
vt 0.147250 0.296795
vt 0.136283 0.311492
vt 0.138269 0.311499
vt 0.139059 0.301065
vt 0.140845 0.303886
vt 0.149054 0.330347
vt 0.148992 0.326813
vt 0.160243 0.290697
vt 0.160243 0.292662
vt 0.150251 0.292662
vt 0.150251 0.290697
vt 0.160244 0.319983
vt 0.160245 0.330112
vt 0.150253 0.330113
vt 0.150252 0.319983
vt 0.160244 0.311384
vt 0.150252 0.311384
vt 0.160244 0.302785
vt 0.150251 0.302786
vt 0.160245 0.332058
vt 0.150253 0.332059
vt 0.146196 0.294095
vt 0.149033 0.292655
vt 0.148981 0.296121
vt 0.147253 0.296790
vt 0.146176 0.328907
vt 0.139077 0.321931
vt 0.140865 0.319188
vt 0.147196 0.326141
vt 0.136282 0.311501
vt 0.138273 0.311494
vt 0.139056 0.301067
vt 0.140847 0.303879
vt 0.149052 0.330342
vt 0.148993 0.326829
vt 0.150251 0.302749
vt 0.150251 0.292666
vt 0.160163 0.292666
vt 0.160162 0.302749
vt 0.150251 0.332059
vt 0.150251 0.330108
vt 0.160162 0.330108
vt 0.160162 0.332059
vt 0.150251 0.311384
vt 0.160162 0.311384
vt 0.150251 0.320020
vt 0.160162 0.320020
vt 0.150251 0.290697
vt 0.160163 0.290697
vt 0.110242 0.367719
vt 0.110242 0.360919
vt 0.195435 0.360920
vt 0.200819 0.367719
vt 0.195435 0.260490
vt 0.200819 0.253691
vt 0.110289 0.260484
vt 0.110289 0.253691
s 0
usemtl books
f 471/897/239 463/898/239 466/899/239 472/900/239
f 472/900/240 465/901/240 464/902/240 471/897/240
f 463/903/241 471/904/241 473/905/241 467/906/241
f 471/904/242 464/907/242 468/908/242 473/905/242
f 467/909/243 473/910/243 474/911/243 470/912/243
f 473/910/244 468/913/244 469/914/244 474/911/244
f 478/915/245 493/916/245 489/917/245 482/918/245
f 483/919/246 479/920/246 492/921/246 488/922/246
f 485/923/247 486/924/247 487/925/247 484/926/247
f 483/927/248 488/928/248 486/929/248 485/930/248
f 481/931/249 482/918/249 489/917/249 490/932/249
f 480/933/250 481/931/250 490/932/250 491/934/250
f 479/920/251 480/933/251 491/934/251 492/921/251
f 478/915/252 477/935/252 494/936/252 493/916/252
f 477/937/253 475/938/253 496/939/253 494/940/253
f 496/941/247 475/942/247 476/943/247 495/944/247
f 475/942/254 477/945/254 505/946/254 476/943/254
f 483/947/254 485/923/254 484/926/254 499/948/254
f 486/924/255 488/949/255 519/950/255 487/925/255
f 494/951/255 496/941/255 495/944/255 513/952/255
f 487/953/256 519/954/256 520/955/256 497/956/256
f 484/957/253 487/953/253 497/956/253 498/958/253
f 499/959/257 484/957/257 498/958/257 512/960/257
f 478/961/254 482/962/254 500/963/254 504/964/254
f 479/965/254 483/966/254 499/967/254 503/968/254
f 482/962/254 481/969/254 501/970/254 500/963/254
f 481/969/254 480/971/254 502/972/254 501/970/254
f 480/971/254 479/965/254 503/968/254 502/972/254
f 477/973/254 478/961/254 504/964/254 505/974/254
f 505/975/258 504/976/258 507/977/258 506/978/258
f 502/979/259 503/980/259 508/981/259 509/982/259
f 501/983/260 502/979/260 509/982/260 510/984/260
f 500/985/261 501/983/261 510/984/261 511/986/261
f 503/980/262 499/987/262 512/988/262 508/981/262
f 504/976/263 500/985/263 511/986/263 507/977/263
f 493/989/255 494/990/255 513/991/255 514/992/255
f 492/993/255 491/994/255 516/995/255 515/996/255
f 491/994/255 490/997/255 517/998/255 516/995/255
f 490/997/255 489/999/255 518/1000/255 517/998/255
f 488/1001/255 492/993/255 515/996/255 519/1002/255
f 489/999/255 493/989/255 514/992/255 518/1000/255
f 518/1003/264 514/1004/264 525/1005/264 521/1006/264
f 519/1007/265 515/1008/265 524/1009/265 520/1010/265
f 517/1011/266 518/1003/266 521/1006/266 522/1012/266
f 516/1013/267 517/1011/267 522/1012/267 523/1014/267
f 515/1008/268 516/1013/268 523/1014/268 524/1009/268
f 514/1004/269 513/1015/269 526/1016/269 525/1005/269
f 505/1017/270 506/1018/270 527/1019/270 476/1020/270
f 476/1020/271 527/1019/271 528/1021/271 495/1022/271
f 495/1022/272 528/1021/272 526/1023/272 513/1024/272
o book09.001
v 0.420494 0.015920 -2.999464
v 0.262324 0.015921 -2.999464
v 0.262324 0.013676 -2.355641
v 0.420494 0.013680 -2.356811
v 0.420495 0.786574 -2.996777
v 0.262325 0.786574 -2.996777
v 0.262325 0.784330 -2.353025
v 0.420495 0.784330 -2.353025
v 0.341409 0.021520 -2.993143
v 0.341409 0.019158 -2.315580
v 0.341410 0.780931 -2.990495
v 0.341410 0.778570 -2.313099
v 0.437097 0.006255 -3.011583
v 0.418986 0.006255 -3.011583
v 0.437097 0.004047 -2.378252
v 0.429474 0.003997 -2.363777
v 0.252464 0.004001 -2.364897
v 0.287610 0.003870 -2.327500
v 0.340767 0.003821 -2.313256
v 0.393925 0.003870 -2.327500
v 0.244747 0.004048 -2.378335
v 0.262858 0.006255 -3.011667
v 0.244747 0.006255 -3.011667
v 0.244748 0.804333 -3.008884
v 0.262859 0.804333 -3.008884
v 0.244748 0.802126 -2.375553
v 0.393925 0.801948 -2.324718
v 0.340768 0.801899 -2.310474
v 0.287611 0.801948 -2.324718
v 0.252464 0.802079 -2.362115
v 0.429475 0.802075 -2.360995
v 0.437098 0.802125 -2.375469
v 0.418987 0.804333 -3.008801
v 0.437098 0.804333 -3.008801
v 0.262859 0.756618 -2.971289
v 0.262858 0.053708 -2.973740
v 0.263045 0.004045 -2.377702
v 0.379577 0.003902 -2.336601
v 0.340782 0.003856 -2.323475
v 0.301986 0.003902 -2.336601
v 0.266242 0.004015 -2.369001
v 0.415360 0.004015 -2.368921
v 0.418754 0.004045 -2.377641
v 0.418754 0.051638 -2.377475
v 0.415360 0.051608 -2.368755
v 0.266242 0.051608 -2.368835
v 0.301986 0.051495 -2.336435
v 0.340782 0.051449 -2.323309
v 0.379577 0.051495 -2.336435
v 0.263045 0.051638 -2.377536
v 0.419151 0.802124 -2.375191
v 0.415740 0.802093 -2.366382
v 0.265864 0.802094 -2.366463
v 0.301592 0.801980 -2.333828
v 0.340782 0.801933 -2.320412
v 0.379972 0.801980 -2.333828
v 0.262652 0.802125 -2.375252
v 0.262651 0.754582 -2.375418
v 0.379972 0.754437 -2.333994
v 0.340782 0.754391 -2.320578
v 0.301592 0.754438 -2.333994
v 0.265864 0.754551 -2.366629
v 0.415739 0.754551 -2.366548
v 0.419151 0.754582 -2.375356
v 0.419388 0.053707 -2.973740
v 0.419389 0.756618 -2.971289
vn -0.0709 -0.9975 -0.0035
vn 0.0709 -0.9975 -0.0035
vn -0.0794 0.0035 -0.9968
vn 0.0794 0.0035 -0.9968
vn -0.0709 0.9975 0.0035
vn 0.0709 0.9975 0.0035
vn 0.7142 -0.0024 0.6999
vn -0.8672 -0.0017 0.4980
vn -0.0000 0.0035 -1.0000
vn -1.0000 -0.0000 -0.0000
vn 0.2588 -0.0034 0.9659
vn -0.2588 -0.0034 0.9659
vn -0.7287 -0.0024 0.6848
vn 0.8848 -0.0016 0.4660
vn 1.0000 -0.0000 -0.0000
vn -0.0000 -1.0000 -0.0035
vn -0.0000 1.0000 0.0035
vn 1.0000 0.0001 0.0003
vn 1.0000 0.0001 -0.0003
vn -0.9319 0.0013 -0.3627
vn 0.6716 0.0026 -0.7409
vn 0.3205 0.0033 -0.9472
vn -0.3205 0.0033 -0.9472
vn 0.9387 0.0012 -0.3448
vn -0.6703 0.0026 -0.7421
vn -0.6731 0.0026 -0.7395
vn 0.9392 0.0012 -0.3433
vn -0.3239 0.0033 -0.9461
vn 0.3239 0.0033 -0.9461
vn 0.6744 0.0026 -0.7383
vn -0.9325 0.0013 -0.3611
vn -1.0000 0.0045 -0.0007
vn -0.9999 -0.0000 0.0107
vn -1.0000 -0.0042 -0.0001
vt 0.987788 0.513359
vt 0.999239 0.512446
vt 0.999239 0.605494
vt 0.987788 0.611461
vt 0.976338 0.605664
vt 0.976338 0.512446
vt 0.975300 0.615020
vt 0.963850 0.614206
vt 0.963850 0.504252
vt 0.975300 0.503439
vt 0.952400 0.615020
vt 0.952400 0.503439
vt 0.976338 0.512470
vt 0.987788 0.513383
vt 0.976338 0.605678
vt 0.999239 0.512470
vt 0.999239 0.605678
vt 0.769831 0.742693
vt 0.769831 0.628143
vt 0.780138 0.628210
vt 0.780138 0.742721
vt 0.815484 0.742551
vt 0.811160 0.742537
vt 0.811160 0.628364
vt 0.815484 0.628301
vt 0.755507 0.675053
vt 0.755407 0.573588
vt 0.759873 0.573663
vt 0.759973 0.675052
vt 0.764902 0.618325
vt 0.764902 0.503936
vt 0.855678 0.503936
vt 0.855678 0.618325
vt 0.790495 0.742680
vt 0.790495 0.628432
vt 0.800852 0.742518
vt 0.800852 0.628345
vt 0.765106 0.742736
vt 0.765106 0.628088
vt 0.827822 0.632333
vt 0.918598 0.632333
vt 0.918598 0.746722
vt 0.827822 0.746722
vt 0.755507 0.675090
vt 0.755407 0.573607
vt 0.759874 0.573682
vt 0.759974 0.675090
vt 0.755413 0.508087
vt 0.759877 0.508121
vt 0.755407 0.743519
vt 0.759897 0.743612
vt 0.755412 0.508088
vt 0.759874 0.508135
vt 0.755407 0.743563
vt 0.759897 0.743612
vt 0.950886 0.617743
vt 0.860353 0.617743
vt 0.860353 0.610950
vt 0.945491 0.610944
vt 0.950886 0.503715
vt 0.945491 0.510514
vt 0.860306 0.503715
vt 0.860306 0.510515
vt 0.896293 0.578937
vt 0.889175 0.571962
vt 0.890972 0.569222
vt 0.897302 0.576168
vt 0.896308 0.544130
vt 0.899150 0.542690
vt 0.899100 0.546156
vt 0.897366 0.546830
vt 0.886398 0.561527
vt 0.888385 0.561534
vt 0.889175 0.551100
vt 0.890961 0.553921
vt 0.899170 0.580382
vt 0.899108 0.576848
vt 0.910359 0.540732
vt 0.910359 0.542697
vt 0.900367 0.542697
vt 0.900367 0.540733
vt 0.910360 0.570018
vt 0.910361 0.580147
vt 0.900368 0.580148
vt 0.900368 0.570019
vt 0.910360 0.561419
vt 0.900367 0.561420
vt 0.910360 0.552821
vt 0.900367 0.552821
vt 0.910361 0.582093
vt 0.900369 0.582094
vt 0.896311 0.544130
vt 0.899149 0.542690
vt 0.899097 0.546156
vt 0.897368 0.546825
vt 0.896292 0.578943
vt 0.889193 0.571967
vt 0.890981 0.569223
vt 0.897312 0.576176
vt 0.886398 0.561536
vt 0.888389 0.561530
vt 0.889172 0.551103
vt 0.890963 0.553915
vt 0.899168 0.580377
vt 0.899109 0.576864
vt 0.900367 0.552784
vt 0.900367 0.542701
vt 0.910278 0.542702
vt 0.910278 0.552784
vt 0.900367 0.582094
vt 0.900367 0.580143
vt 0.910278 0.580143
vt 0.910278 0.582094
vt 0.900367 0.561420
vt 0.910278 0.561420
vt 0.900367 0.570055
vt 0.910278 0.570055
vt 0.900367 0.540732
vt 0.910278 0.540732
vt 0.860358 0.617754
vt 0.860358 0.610954
vt 0.945551 0.610956
vt 0.950934 0.617754
vt 0.945551 0.510525
vt 0.950934 0.503726
vt 0.860405 0.510519
vt 0.860405 0.503726
s 0
usemtl books
f 537/1025/273 529/1026/273 532/1027/273 538/1028/273
f 538/1028/274 531/1029/274 530/1030/274 537/1025/274
f 529/1031/275 537/1032/275 539/1033/275 533/1034/275
f 537/1032/276 530/1035/276 534/1036/276 539/1033/276
f 533/1037/277 539/1038/277 540/1028/277 536/1039/277
f 539/1038/278 534/1040/278 535/1041/278 540/1028/278
f 544/1042/279 559/1043/279 555/1044/279 548/1045/279
f 549/1046/280 545/1047/280 558/1048/280 554/1049/280
f 551/1050/281 552/1051/281 553/1052/281 550/1053/281
f 549/1054/282 554/1055/282 552/1056/282 551/1057/282
f 547/1058/283 548/1045/283 555/1044/283 556/1059/283
f 546/1060/284 547/1058/284 556/1059/284 557/1061/284
f 545/1047/285 546/1060/285 557/1061/285 558/1048/285
f 544/1042/286 543/1062/286 560/1063/286 559/1043/286
f 543/1064/287 541/1065/287 562/1066/287 560/1067/287
f 562/1068/281 541/1069/281 542/1070/281 561/1071/281
f 541/1069/288 543/1072/288 571/1073/288 542/1070/288
f 549/1074/288 551/1050/288 550/1053/288 565/1075/288
f 552/1051/289 554/1076/289 585/1077/289 553/1052/289
f 560/1078/289 562/1068/289 561/1071/289 579/1079/289
f 553/1080/290 585/1081/290 586/1082/290 563/1083/290
f 550/1084/287 553/1080/287 563/1083/287 564/1085/287
f 565/1086/291 550/1084/291 564/1085/291 578/1087/291
f 544/1088/288 548/1089/288 566/1090/288 570/1091/288
f 545/1092/288 549/1093/288 565/1094/288 569/1095/288
f 548/1089/288 547/1096/288 567/1097/288 566/1090/288
f 547/1096/288 546/1098/288 568/1099/288 567/1097/288
f 546/1098/288 545/1092/288 569/1095/288 568/1099/288
f 543/1100/288 544/1088/288 570/1091/288 571/1101/288
f 571/1102/292 570/1103/292 573/1104/292 572/1105/292
f 568/1106/293 569/1107/293 574/1108/293 575/1109/293
f 567/1110/294 568/1106/294 575/1109/294 576/1111/294
f 566/1112/295 567/1110/295 576/1111/295 577/1113/295
f 569/1107/296 565/1114/296 578/1115/296 574/1108/296
f 570/1103/297 566/1112/297 577/1113/297 573/1104/297
f 559/1116/289 560/1117/289 579/1118/289 580/1119/289
f 558/1120/289 557/1121/289 582/1122/289 581/1123/289
f 557/1121/289 556/1124/289 583/1125/289 582/1122/289
f 556/1124/289 555/1126/289 584/1127/289 583/1125/289
f 554/1128/289 558/1120/289 581/1123/289 585/1129/289
f 555/1126/289 559/1116/289 580/1119/289 584/1127/289
f 584/1130/298 580/1131/298 591/1132/298 587/1133/298
f 585/1134/299 581/1135/299 590/1136/299 586/1137/299
f 583/1138/300 584/1130/300 587/1133/300 588/1139/300
f 582/1140/301 583/1138/301 588/1139/301 589/1141/301
f 581/1135/302 582/1140/302 589/1141/302 590/1136/302
f 580/1131/303 579/1142/303 592/1143/303 591/1132/303
f 571/1144/304 572/1145/304 593/1146/304 542/1147/304
f 542/1147/305 593/1146/305 594/1148/305 561/1149/305
f 561/1149/306 594/1148/306 592/1150/306 579/1151/306
o book08.001
v 0.222688 0.003035 -2.998140
v 0.089339 0.003035 -2.998140
v 0.089339 0.004397 -2.354315
v 0.222688 0.004394 -2.355485
v 0.222689 0.773692 -2.999769
v 0.089340 0.773692 -2.999769
v 0.089340 0.775054 -2.356015
v 0.222689 0.775053 -2.356015
v 0.156014 0.008670 -2.991850
v 0.156014 0.010103 -2.314285
v 0.156014 0.768084 -2.993457
v 0.156014 0.769517 -2.316058
v 0.236686 -0.006698 -3.010205
v 0.221417 -0.006698 -3.010205
v 0.236686 -0.005359 -2.376871
v 0.230259 -0.005328 -2.362396
v 0.081026 -0.005330 -2.363517
v 0.110657 -0.005251 -2.326119
v 0.155472 -0.005221 -2.311875
v 0.200288 -0.005251 -2.326119
v 0.074520 -0.005359 -2.376954
v 0.089789 -0.006698 -3.010288
v 0.074520 -0.006698 -3.010288
v 0.074521 0.791383 -3.011976
v 0.089790 0.791383 -3.011976
v 0.074521 0.792722 -2.378642
v 0.200289 0.792830 -2.327807
v 0.155473 0.792860 -2.313563
v 0.110657 0.792830 -2.327807
v 0.081026 0.792751 -2.365205
v 0.230260 0.792753 -2.364084
v 0.236687 0.792722 -2.378559
v 0.221418 0.791383 -3.011893
v 0.236687 0.791383 -3.011893
v 0.089790 0.743879 -2.974114
v 0.089789 0.040966 -2.972628
v 0.089947 -0.005357 -2.376321
v 0.188192 -0.005270 -2.335220
v 0.155485 -0.005243 -2.322094
v 0.122777 -0.005270 -2.335220
v 0.092641 -0.005339 -2.367620
v 0.218360 -0.005339 -2.367540
v 0.221221 -0.005357 -2.376261
v 0.221221 0.042236 -2.376361
v 0.218360 0.042254 -2.367641
v 0.092642 0.042254 -2.367721
v 0.122777 0.042323 -2.335320
v 0.155485 0.042350 -2.322195
v 0.188192 0.042323 -2.335320
v 0.089947 0.042236 -2.376422
v 0.221556 0.792723 -2.378280
v 0.218680 0.792742 -2.369471
v 0.092323 0.792742 -2.369552
v 0.122445 0.792811 -2.336917
v 0.155485 0.792839 -2.323502
v 0.188525 0.792810 -2.336917
v 0.089615 0.792723 -2.378341
v 0.089615 0.745180 -2.378241
v 0.188525 0.745268 -2.336817
v 0.155485 0.745296 -2.323401
v 0.122445 0.745268 -2.336817
v 0.092323 0.745199 -2.369452
v 0.218680 0.745199 -2.369371
v 0.221556 0.745180 -2.378180
v 0.221756 0.040966 -2.972628
v 0.221757 0.743879 -2.974114
vn -0.0840 -0.9965 0.0021
vn 0.0840 -0.9965 0.0021
vn -0.0941 -0.0021 -0.9956
vn 0.0941 -0.0021 -0.9956
vn -0.0840 0.9965 -0.0021
vn 0.0840 0.9965 -0.0021
vn 0.7709 0.0013 0.6369
vn -0.9001 0.0009 0.4357
vn -0.0000 -0.0021 -1.0000
vn -1.0000 -0.0000 -0.0000
vn 0.3029 0.0020 0.9530
vn -0.3029 0.0020 0.9530
vn -0.7838 0.0013 0.6210
vn 0.9140 0.0009 0.4058
vn 1.0000 -0.0000 -0.0000
vn -0.0000 -1.0000 0.0021
vn -0.0000 1.0000 -0.0021
vn 1.0000 0.0001 0.0003
vn 1.0000 0.0001 -0.0003
vn -0.9502 -0.0007 -0.3118
vn 0.7322 -0.0014 -0.6810
vn 0.3724 -0.0020 -0.9281
vn -0.3724 -0.0020 -0.9281
vn 0.9552 -0.0006 -0.2959
vn -0.7310 -0.0014 -0.6823
vn -0.7336 -0.0014 -0.6796
vn 0.9557 -0.0006 -0.2945
vn -0.3762 -0.0020 -0.9265
vn 0.3762 -0.0020 -0.9265
vn 0.7348 -0.0014 -0.6782
vn -0.9506 -0.0007 -0.3104
vn -1.0000 0.0038 -0.0006
vn -1.0000 -0.0000 0.0090
vn -1.0000 -0.0036 -0.0000
vt 0.737521 0.513409
vt 0.748972 0.512497
vt 0.748972 0.605545
vt 0.737521 0.611511
vt 0.726071 0.605714
vt 0.726071 0.512497
vt 0.725033 0.615070
vt 0.713583 0.614256
vt 0.713583 0.504303
vt 0.725033 0.503489
vt 0.702132 0.615070
vt 0.702132 0.503489
vt 0.726071 0.512521
vt 0.737521 0.513433
vt 0.726071 0.605728
vt 0.748972 0.512521
vt 0.748972 0.605728
vt 0.519564 0.742743
vt 0.519564 0.628194
vt 0.529871 0.628261
vt 0.529871 0.742771
vt 0.565217 0.742601
vt 0.560893 0.742587
vt 0.560893 0.628414
vt 0.565217 0.628351
vt 0.505240 0.675103
vt 0.505140 0.573638
vt 0.509606 0.573713
vt 0.509706 0.675103
vt 0.514635 0.618376
vt 0.514635 0.503987
vt 0.605411 0.503987
vt 0.605411 0.618376
vt 0.540228 0.742730
vt 0.540228 0.628483
vt 0.550585 0.742568
vt 0.550585 0.628396
vt 0.514839 0.742787
vt 0.514839 0.628138
vt 0.577555 0.632383
vt 0.668331 0.632383
vt 0.668331 0.746773
vt 0.577555 0.746773
vt 0.505240 0.675141
vt 0.505140 0.573658
vt 0.509606 0.573733
vt 0.509707 0.675141
vt 0.505145 0.508138
vt 0.509610 0.508172
vt 0.505140 0.743570
vt 0.509630 0.743663
vt 0.505144 0.508138
vt 0.509607 0.508185
vt 0.505140 0.743614
vt 0.509630 0.743663
vt 0.700619 0.617793
vt 0.610086 0.617793
vt 0.610086 0.611001
vt 0.695223 0.610995
vt 0.700619 0.503765
vt 0.695223 0.510564
vt 0.610039 0.503765
vt 0.610039 0.510565
vt 0.646026 0.578987
vt 0.638907 0.572012
vt 0.640705 0.569272
vt 0.647035 0.576218
vt 0.646041 0.544180
vt 0.648883 0.542740
vt 0.648832 0.546206
vt 0.647099 0.546881
vt 0.636131 0.561578
vt 0.638118 0.561584
vt 0.638907 0.551151
vt 0.640693 0.553972
vt 0.648902 0.580433
vt 0.648841 0.576899
vt 0.660092 0.540783
vt 0.660092 0.542747
vt 0.650100 0.542747
vt 0.650100 0.540783
vt 0.660093 0.570068
vt 0.660094 0.580198
vt 0.650101 0.580198
vt 0.650101 0.570069
vt 0.660093 0.561470
vt 0.650100 0.561470
vt 0.660092 0.552871
vt 0.650100 0.552871
vt 0.660094 0.582144
vt 0.650101 0.582144
vt 0.646044 0.544180
vt 0.648882 0.542740
vt 0.648830 0.546206
vt 0.647101 0.546875
vt 0.646025 0.578993
vt 0.638926 0.572017
vt 0.640714 0.569273
vt 0.647045 0.576226
vt 0.636131 0.561586
vt 0.638122 0.561580
vt 0.638905 0.551153
vt 0.640696 0.553965
vt 0.648901 0.580427
vt 0.648842 0.576914
vt 0.650100 0.552834
vt 0.650100 0.542752
vt 0.660011 0.542752
vt 0.660011 0.552834
vt 0.650100 0.582144
vt 0.650100 0.580193
vt 0.660011 0.580193
vt 0.660011 0.582144
vt 0.650100 0.561470
vt 0.660011 0.561470
vt 0.650100 0.570105
vt 0.660011 0.570105
vt 0.650100 0.540783
vt 0.660011 0.540783
vt 0.610091 0.617805
vt 0.610091 0.611005
vt 0.695284 0.611006
vt 0.700667 0.617805
vt 0.695284 0.510575
vt 0.700667 0.503776
vt 0.610138 0.510569
vt 0.610138 0.503776
s 0
usemtl books
f 603/1152/307 595/1153/307 598/1154/307 604/1155/307
f 604/1155/308 597/1156/308 596/1157/308 603/1152/308
f 595/1158/309 603/1159/309 605/1160/309 599/1161/309
f 603/1159/310 596/1162/310 600/1163/310 605/1160/310
f 599/1164/311 605/1165/311 606/1155/311 602/1166/311
f 605/1165/312 600/1167/312 601/1168/312 606/1155/312
f 610/1169/313 625/1170/313 621/1171/313 614/1172/313
f 615/1173/314 611/1174/314 624/1175/314 620/1176/314
f 617/1177/315 618/1178/315 619/1179/315 616/1180/315
f 615/1181/316 620/1182/316 618/1183/316 617/1184/316
f 613/1185/317 614/1172/317 621/1171/317 622/1186/317
f 612/1187/318 613/1185/318 622/1186/318 623/1188/318
f 611/1174/319 612/1187/319 623/1188/319 624/1175/319
f 610/1169/320 609/1189/320 626/1190/320 625/1170/320
f 609/1191/321 607/1192/321 628/1193/321 626/1194/321
f 628/1195/315 607/1196/315 608/1197/315 627/1198/315
f 607/1196/322 609/1199/322 637/1200/322 608/1197/322
f 615/1201/322 617/1177/322 616/1180/322 631/1202/322
f 618/1178/323 620/1203/323 651/1204/323 619/1179/323
f 626/1205/323 628/1195/323 627/1198/323 645/1206/323
f 619/1207/324 651/1208/324 652/1209/324 629/1210/324
f 616/1211/321 619/1207/321 629/1210/321 630/1212/321
f 631/1213/325 616/1211/325 630/1212/325 644/1214/325
f 610/1215/322 614/1216/322 632/1217/322 636/1218/322
f 611/1219/322 615/1220/322 631/1221/322 635/1222/322
f 614/1216/322 613/1223/322 633/1224/322 632/1217/322
f 613/1223/322 612/1225/322 634/1226/322 633/1224/322
f 612/1225/322 611/1219/322 635/1222/322 634/1226/322
f 609/1227/322 610/1215/322 636/1218/322 637/1228/322
f 637/1229/326 636/1230/326 639/1231/326 638/1232/326
f 634/1233/327 635/1234/327 640/1235/327 641/1236/327
f 633/1237/328 634/1233/328 641/1236/328 642/1238/328
f 632/1239/329 633/1237/329 642/1238/329 643/1240/329
f 635/1234/330 631/1241/330 644/1242/330 640/1235/330
f 636/1230/331 632/1239/331 643/1240/331 639/1231/331
f 625/1243/323 626/1244/323 645/1245/323 646/1246/323
f 624/1247/323 623/1248/323 648/1249/323 647/1250/323
f 623/1248/323 622/1251/323 649/1252/323 648/1249/323
f 622/1251/323 621/1253/323 650/1254/323 649/1252/323
f 620/1255/323 624/1247/323 647/1250/323 651/1256/323
f 621/1253/323 625/1243/323 646/1246/323 650/1254/323
f 650/1257/332 646/1258/332 657/1259/332 653/1260/332
f 651/1261/333 647/1262/333 656/1263/333 652/1264/333
f 649/1265/334 650/1257/334 653/1260/334 654/1266/334
f 648/1267/335 649/1265/335 654/1266/335 655/1268/335
f 647/1262/336 648/1267/336 655/1268/336 656/1263/336
f 646/1258/337 645/1269/337 658/1270/337 657/1259/337
f 637/1271/338 638/1272/338 659/1273/338 608/1274/338
f 608/1274/339 659/1273/339 660/1275/339 627/1276/339
f 627/1276/340 660/1275/340 658/1277/340 645/1278/340
o book07.001
v 0.056263 -0.008042 -2.881559
v -0.070582 -0.008042 -2.881559
v -0.070582 -0.008519 -2.365239
v 0.056263 -0.008518 -2.366177
v 0.056264 0.609992 -2.880988
v -0.070581 0.609993 -2.880988
v -0.070581 0.609515 -2.364724
v 0.056264 0.609515 -2.364724
v -0.007159 -0.003538 -2.876502
v -0.007159 -0.004041 -2.333123
v -0.007159 0.605480 -2.875939
v -0.007159 0.604977 -2.332694
v 0.069578 -0.015818 -2.891259
v 0.055054 -0.015818 -2.891259
v 0.069578 -0.016288 -2.383352
v 0.063465 -0.016298 -2.371743
v -0.078490 -0.016297 -2.372642
v -0.050304 -0.016325 -2.342650
v -0.007674 -0.016336 -2.331228
v 0.034956 -0.016325 -2.342650
v -0.084678 -0.016287 -2.383418
v -0.070154 -0.015818 -2.891326
v -0.084678 -0.015818 -2.891326
v -0.084677 0.624210 -2.890734
v -0.070153 0.624209 -2.890734
v -0.084677 0.623740 -2.382827
v 0.034956 0.623702 -2.342059
v -0.007673 0.623692 -2.330636
v -0.050303 0.623702 -2.342059
v -0.078489 0.623730 -2.372051
v 0.063465 0.623729 -2.371152
v 0.069579 0.623740 -2.382760
v 0.055055 0.624209 -2.890667
v 0.069579 0.624209 -2.890667
v -0.070153 0.586021 -2.860486
v -0.070154 0.022315 -2.861007
v -0.070004 -0.016288 -2.382911
v 0.023450 -0.016318 -2.349949
v -0.007663 -0.016328 -2.339423
v -0.038775 -0.016318 -2.349949
v -0.067440 -0.016294 -2.375933
v 0.052146 -0.016294 -2.375869
v 0.054868 -0.016288 -2.382862
v 0.054868 0.021880 -2.382827
v 0.052146 0.021873 -2.375834
v -0.067440 0.021873 -2.375898
v -0.038775 0.021849 -2.349914
v -0.007663 0.021840 -2.339388
v 0.023450 0.021849 -2.349914
v -0.070004 0.021880 -2.382875
v 0.055186 0.623739 -2.382536
v 0.052450 0.623733 -2.375472
v -0.067743 0.623733 -2.375537
v -0.039091 0.623709 -2.349365
v -0.007662 0.623699 -2.338606
v 0.023766 0.623709 -2.349365
v -0.070320 0.623740 -2.382586
v -0.070320 0.585612 -2.382621
v 0.023766 0.585582 -2.349401
v -0.007662 0.585572 -2.338642
v -0.039091 0.585582 -2.349401
v -0.067743 0.585606 -2.375572
v 0.052450 0.585606 -2.375507
v 0.055186 0.585612 -2.382572
v 0.055376 0.022314 -2.861007
v 0.055377 0.586021 -2.860486
vn -0.0709 -0.9975 -0.0009
vn 0.0709 -0.9975 -0.0009
vn -0.0794 0.0009 -0.9968
vn 0.0794 0.0009 -0.9968
vn -0.0709 0.9975 0.0009
vn 0.0709 0.9975 0.0009
vn 0.7142 -0.0006 0.6999
vn -0.8672 -0.0005 0.4980
vn -0.0000 0.0009 -1.0000
vn -1.0000 -0.0000 -0.0000
vn 0.2588 -0.0009 0.9659
vn -0.2588 -0.0009 0.9659
vn -0.7287 -0.0006 0.6848
vn 0.8848 -0.0004 0.4660
vn 1.0000 -0.0000 -0.0000
vn -0.0000 -1.0000 -0.0009
vn -0.0000 1.0000 0.0009
vn 1.0000 0.0001 0.0003
vn 1.0000 0.0001 -0.0003
vn -0.9319 0.0003 -0.3627
vn 0.6716 0.0007 -0.7409
vn 0.3205 0.0009 -0.9473
vn -0.3205 0.0009 -0.9473
vn 0.9387 0.0003 -0.3448
vn -0.6703 0.0007 -0.7421
vn -0.6731 0.0007 -0.7395
vn 0.9392 0.0003 -0.3433
vn -0.3239 0.0009 -0.9461
vn 0.3239 0.0009 -0.9461
vn 0.6744 0.0007 -0.7383
vn -0.9325 0.0003 -0.3611
vn -1.0000 0.0045 -0.0007
vn -0.9999 -0.0000 0.0107
vn -1.0000 -0.0042 -0.0001
vt 0.487558 0.513335
vt 0.499008 0.512423
vt 0.499008 0.605471
vt 0.487558 0.611437
vt 0.476108 0.605640
vt 0.476108 0.512423
vt 0.475070 0.614996
vt 0.463620 0.614182
vt 0.463620 0.504229
vt 0.475070 0.503415
vt 0.452169 0.614996
vt 0.452169 0.503415
vt 0.476108 0.512447
vt 0.487558 0.513359
vt 0.487558 0.611437
vt 0.476108 0.605654
vt 0.499008 0.512447
vt 0.499008 0.605654
vt 0.269601 0.742669
vt 0.269601 0.628120
vt 0.279908 0.628187
vt 0.279908 0.742697
vt 0.315254 0.742527
vt 0.310930 0.742513
vt 0.310930 0.628340
vt 0.315254 0.628277
vt 0.255277 0.675029
vt 0.255176 0.573564
vt 0.259642 0.573639
vt 0.259743 0.675029
vt 0.264672 0.618302
vt 0.264672 0.503913
vt 0.355448 0.503913
vt 0.355448 0.618302
vt 0.290265 0.742656
vt 0.290265 0.628409
vt 0.300622 0.742494
vt 0.300622 0.628322
vt 0.264876 0.742713
vt 0.264876 0.628064
vt 0.327592 0.632309
vt 0.418367 0.632309
vt 0.418367 0.746698
vt 0.327592 0.746698
vt 0.255277 0.675067
vt 0.255176 0.573584
vt 0.259643 0.573659
vt 0.259744 0.675067
vt 0.255182 0.508064
vt 0.259647 0.508098
vt 0.255176 0.743496
vt 0.259666 0.743589
vt 0.255181 0.508064
vt 0.259644 0.508111
vt 0.255176 0.743540
vt 0.259667 0.743589
vt 0.450655 0.617719
vt 0.360123 0.617719
vt 0.360123 0.610927
vt 0.445260 0.610921
vt 0.450655 0.503691
vt 0.445260 0.510490
vt 0.360076 0.503691
vt 0.360076 0.510491
vt 0.396063 0.578913
vt 0.388944 0.571938
vt 0.390742 0.569198
vt 0.397072 0.576144
vt 0.396078 0.544106
vt 0.398919 0.542666
vt 0.398869 0.546132
vt 0.397135 0.546807
vt 0.386168 0.561504
vt 0.388155 0.561510
vt 0.388944 0.551077
vt 0.390730 0.553898
vt 0.398939 0.580359
vt 0.398877 0.576824
vt 0.410129 0.540708
vt 0.410129 0.542673
vt 0.400136 0.542673
vt 0.400136 0.540709
vt 0.410130 0.569994
vt 0.410131 0.580124
vt 0.400138 0.580124
vt 0.400138 0.569995
vt 0.410130 0.561396
vt 0.400137 0.561396
vt 0.410129 0.552797
vt 0.400137 0.552797
vt 0.410131 0.582070
vt 0.400138 0.582070
vt 0.396081 0.544106
vt 0.398919 0.542666
vt 0.398867 0.546132
vt 0.397138 0.546801
vt 0.396062 0.578919
vt 0.388963 0.571943
vt 0.390750 0.569199
vt 0.397082 0.576152
vt 0.386168 0.561512
vt 0.388159 0.561506
vt 0.388942 0.551079
vt 0.390733 0.553891
vt 0.398938 0.580353
vt 0.398879 0.576840
vt 0.400137 0.552760
vt 0.400137 0.542678
vt 0.410048 0.542678
vt 0.410048 0.552760
vt 0.400136 0.582070
vt 0.400136 0.580119
vt 0.410048 0.580119
vt 0.410048 0.582070
vt 0.400136 0.561396
vt 0.410048 0.561396
vt 0.400136 0.570031
vt 0.410048 0.570031
vt 0.400137 0.540708
vt 0.410048 0.540709
vt 0.360127 0.617731
vt 0.360127 0.610931
vt 0.445321 0.610932
vt 0.450704 0.617731
vt 0.445321 0.510501
vt 0.450704 0.503702
vt 0.360175 0.510495
vt 0.360175 0.503702
s 0
usemtl books
f 669/1279/341 661/1280/341 664/1281/341 670/1282/341
f 670/1282/342 663/1283/342 662/1284/342 669/1279/342
f 661/1285/343 669/1286/343 671/1287/343 665/1288/343
f 669/1286/344 662/1289/344 666/1290/344 671/1287/344
f 665/1291/345 671/1292/345 672/1293/345 668/1294/345
f 671/1292/346 666/1295/346 667/1296/346 672/1293/346
f 676/1297/347 691/1298/347 687/1299/347 680/1300/347
f 681/1301/348 677/1302/348 690/1303/348 686/1304/348
f 683/1305/349 684/1306/349 685/1307/349 682/1308/349
f 681/1309/350 686/1310/350 684/1311/350 683/1312/350
f 679/1313/351 680/1300/351 687/1299/351 688/1314/351
f 678/1315/352 679/1313/352 688/1314/352 689/1316/352
f 677/1302/353 678/1315/353 689/1316/353 690/1303/353
f 676/1297/354 675/1317/354 692/1318/354 691/1298/354
f 675/1319/355 673/1320/355 694/1321/355 692/1322/355
f 694/1323/349 673/1324/349 674/1325/349 693/1326/349
f 673/1324/356 675/1327/356 703/1328/356 674/1325/356
f 681/1329/356 683/1305/356 682/1308/356 697/1330/356
f 684/1306/357 686/1331/357 717/1332/357 685/1307/357
f 692/1333/357 694/1323/357 693/1326/357 711/1334/357
f 685/1335/358 717/1336/358 718/1337/358 695/1338/358
f 682/1339/355 685/1335/355 695/1338/355 696/1340/355
f 697/1341/359 682/1339/359 696/1340/359 710/1342/359
f 676/1343/356 680/1344/356 698/1345/356 702/1346/356
f 677/1347/356 681/1348/356 697/1349/356 701/1350/356
f 680/1344/356 679/1351/356 699/1352/356 698/1345/356
f 679/1351/356 678/1353/356 700/1354/356 699/1352/356
f 678/1353/356 677/1347/356 701/1350/356 700/1354/356
f 675/1355/356 676/1343/356 702/1346/356 703/1356/356
f 703/1357/360 702/1358/360 705/1359/360 704/1360/360
f 700/1361/361 701/1362/361 706/1363/361 707/1364/361
f 699/1365/362 700/1361/362 707/1364/362 708/1366/362
f 698/1367/363 699/1365/363 708/1366/363 709/1368/363
f 701/1362/364 697/1369/364 710/1370/364 706/1363/364
f 702/1358/365 698/1367/365 709/1368/365 705/1359/365
f 691/1371/357 692/1372/357 711/1373/357 712/1374/357
f 690/1375/357 689/1376/357 714/1377/357 713/1378/357
f 689/1376/357 688/1379/357 715/1380/357 714/1377/357
f 688/1379/357 687/1381/357 716/1382/357 715/1380/357
f 686/1383/357 690/1375/357 713/1378/357 717/1384/357
f 687/1381/357 691/1371/357 712/1374/357 716/1382/357
f 716/1385/366 712/1386/366 723/1387/366 719/1388/366
f 717/1389/367 713/1390/367 722/1391/367 718/1392/367
f 715/1393/368 716/1385/368 719/1388/368 720/1394/368
f 714/1395/369 715/1393/369 720/1394/369 721/1396/369
f 713/1390/370 714/1395/370 721/1396/370 722/1391/370
f 712/1386/371 711/1397/371 724/1398/371 723/1387/371
f 703/1399/372 704/1400/372 725/1401/372 674/1402/372
f 674/1402/373 725/1401/373 726/1403/373 693/1404/373
f 693/1404/374 726/1403/374 724/1405/374 711/1406/374
o book06.001
v -0.110847 0.004238 -2.996524
v -0.302851 0.004238 -2.996524
v -0.302851 0.002121 -2.352701
v -0.110847 0.002125 -2.353871
v -0.110846 0.774892 -2.993990
v -0.302851 0.774892 -2.993990
v -0.302851 0.772776 -2.350237
v -0.110846 0.772776 -2.350237
v -0.206849 0.009838 -2.990204
v -0.206849 0.007611 -2.312641
v -0.206848 0.769250 -2.987707
v -0.206848 0.767023 -2.310311
v -0.090693 -0.005430 -3.008641
v -0.112677 -0.005430 -3.008641
v -0.090693 -0.007512 -2.375309
v -0.099947 -0.007560 -2.360835
v -0.314821 -0.007556 -2.361955
v -0.272157 -0.007679 -2.324557
v -0.207628 -0.007726 -2.310314
v -0.143100 -0.007679 -2.324557
v -0.324188 -0.007512 -2.375393
v -0.302204 -0.005430 -3.008725
v -0.324188 -0.005430 -3.008725
v -0.324187 0.792649 -3.006101
v -0.302203 0.792649 -3.006101
v -0.324187 0.790567 -2.372769
v -0.143099 0.790399 -2.321934
v -0.207628 0.790353 -2.307690
v -0.272156 0.790400 -2.321934
v -0.314820 0.790523 -2.359331
v -0.099946 0.790519 -2.358211
v -0.090692 0.790566 -2.372685
v -0.112676 0.792649 -3.006018
v -0.090692 0.792648 -3.006018
v -0.302203 0.744941 -2.968496
v -0.302204 0.042030 -2.970807
v -0.301976 -0.007514 -2.374759
v -0.160517 -0.007649 -2.333658
v -0.207611 -0.007692 -2.320533
v -0.254705 -0.007649 -2.333658
v -0.298096 -0.007542 -2.366059
v -0.117079 -0.007543 -2.365978
v -0.112959 -0.007514 -2.374699
v -0.112959 0.040079 -2.374542
v -0.117079 0.040050 -2.365822
v -0.298096 0.040050 -2.365902
v -0.254705 0.039944 -2.333502
v -0.207611 0.039901 -2.320376
v -0.160517 0.039944 -2.333502
v -0.301976 0.040079 -2.374603
v -0.112478 0.790565 -2.372407
v -0.116619 0.790536 -2.363598
v -0.298554 0.790537 -2.363679
v -0.255184 0.790430 -2.331044
v -0.207610 0.790385 -2.317628
v -0.160037 0.790429 -2.331044
v -0.302454 0.790566 -2.372468
v -0.302454 0.743023 -2.372624
v -0.160037 0.742887 -2.331201
v -0.207610 0.742843 -2.317785
v -0.255184 0.742887 -2.331201
v -0.298554 0.742994 -2.363835
v -0.116619 0.742994 -2.363754
v -0.112478 0.743023 -2.372563
v -0.112190 0.042030 -2.970807
v -0.112189 0.744941 -2.968496
vn -0.0585 -0.9983 -0.0033
vn 0.0585 -0.9983 -0.0033
vn -0.0655 0.0033 -0.9978
vn 0.0655 0.0033 -0.9978
vn -0.0585 0.9983 0.0033
vn 0.0585 0.9983 0.0033
vn 0.6435 -0.0025 0.7655
vn -0.8204 -0.0019 0.5718
vn -0.0000 0.0033 -1.0000
vn -1.0000 -0.0000 -0.0000
vn 0.2155 -0.0032 0.9765
vn -0.2155 -0.0032 0.9765
vn -0.6592 -0.0025 0.7520
vn 0.8425 -0.0018 0.5386
vn 1.0000 -0.0000 -0.0000
vn -0.0000 -1.0000 -0.0033
vn -0.0000 1.0000 0.0033
vn 1.0000 0.0002 0.0004
vn 1.0000 0.0001 -0.0004
vn -0.9042 0.0014 -0.4272
vn 0.5983 0.0026 -0.8013
vn 0.2685 0.0032 -0.9633
vn -0.2685 0.0032 -0.9633
vn 0.9133 0.0013 -0.4073
vn -0.5969 0.0026 -0.8023
vn -0.5999 0.0026 -0.8001
vn 0.9141 0.0013 -0.4056
vn -0.2714 0.0032 -0.9625
vn 0.2714 0.0032 -0.9625
vn 0.6013 0.0026 -0.7991
vn -0.9050 0.0014 -0.4254
vn -1.0000 0.0055 -0.0008
vn -0.9999 -0.0000 0.0129
vn -1.0000 -0.0052 -0.0001
vt 0.237744 0.513240
vt 0.249194 0.512328
vt 0.249194 0.605376
vt 0.237744 0.611343
vt 0.226293 0.605545
vt 0.226293 0.512328
vt 0.225256 0.614901
vt 0.213805 0.614087
vt 0.213805 0.504134
vt 0.225256 0.503320
vt 0.202355 0.614901
vt 0.202355 0.503320
vt 0.226293 0.512352
vt 0.237743 0.513264
vt 0.237743 0.611343
vt 0.226293 0.605559
vt 0.249194 0.512352
vt 0.249194 0.605559
vt 0.019786 0.742574
vt 0.019786 0.628025
vt 0.030093 0.628092
vt 0.030093 0.742602
vt 0.065439 0.742432
vt 0.061116 0.742418
vt 0.061116 0.628245
vt 0.065439 0.628183
vt 0.005463 0.674934
vt 0.005362 0.573469
vt 0.009828 0.573544
vt 0.009929 0.674934
vt 0.014858 0.618207
vt 0.014858 0.503818
vt 0.105634 0.503818
vt 0.105634 0.618207
vt 0.040450 0.742561
vt 0.040450 0.628314
vt 0.050807 0.742399
vt 0.050807 0.628227
vt 0.015061 0.742618
vt 0.015062 0.627970
vt 0.077777 0.632214
vt 0.168553 0.632214
vt 0.168553 0.746604
vt 0.077777 0.746604
vt 0.005463 0.674972
vt 0.005362 0.573489
vt 0.009829 0.573564
vt 0.009929 0.674972
vt 0.005368 0.507969
vt 0.009832 0.508003
vt 0.005362 0.743401
vt 0.009852 0.743494
vt 0.005367 0.507969
vt 0.009829 0.508016
vt 0.005362 0.743445
vt 0.009853 0.743494
vt 0.200841 0.617624
vt 0.110309 0.617624
vt 0.110309 0.610832
vt 0.195446 0.610826
vt 0.200841 0.503596
vt 0.195446 0.510395
vt 0.110261 0.503596
vt 0.110261 0.510396
vt 0.146248 0.578819
vt 0.139130 0.571843
vt 0.140927 0.569103
vt 0.147258 0.576049
vt 0.146264 0.544011
vt 0.149105 0.542571
vt 0.149055 0.546037
vt 0.147321 0.546712
vt 0.136354 0.561409
vt 0.138340 0.561415
vt 0.139130 0.550982
vt 0.140916 0.553803
vt 0.149125 0.580264
vt 0.149063 0.576730
vt 0.160314 0.540614
vt 0.160314 0.542578
vt 0.150322 0.542579
vt 0.150322 0.540614
vt 0.160316 0.569900
vt 0.160316 0.580029
vt 0.150324 0.580029
vt 0.150323 0.569900
vt 0.160315 0.561301
vt 0.150323 0.561301
vt 0.160315 0.552702
vt 0.150322 0.552702
vt 0.160316 0.581975
vt 0.150324 0.581975
vt 0.146267 0.544011
vt 0.149104 0.542571
vt 0.149052 0.546037
vt 0.147324 0.546706
vt 0.146247 0.578824
vt 0.139148 0.571848
vt 0.140936 0.569105
vt 0.147267 0.576057
vt 0.136353 0.561417
vt 0.138344 0.561411
vt 0.139127 0.550984
vt 0.140918 0.553796
vt 0.149123 0.580258
vt 0.149064 0.576746
vt 0.150322 0.552665
vt 0.150322 0.542583
vt 0.160234 0.542583
vt 0.160234 0.552666
vt 0.150322 0.581975
vt 0.150322 0.580024
vt 0.160233 0.580024
vt 0.160233 0.581975
vt 0.150322 0.561301
vt 0.160233 0.561301
vt 0.150322 0.569937
vt 0.160233 0.569937
vt 0.150322 0.540614
vt 0.160234 0.540614
vt 0.110313 0.617636
vt 0.110313 0.610836
vt 0.195506 0.610837
vt 0.200890 0.617636
vt 0.195506 0.510406
vt 0.200890 0.503608
vt 0.110360 0.510400
vt 0.110360 0.503608
s 0
usemtl books
f 735/1407/375 727/1408/375 730/1409/375 736/1410/375
f 736/1410/376 729/1411/376 728/1412/376 735/1407/376
f 727/1413/377 735/1414/377 737/1415/377 731/1416/377
f 735/1414/378 728/1417/378 732/1418/378 737/1415/378
f 731/1419/379 737/1420/379 738/1421/379 734/1422/379
f 737/1420/380 732/1423/380 733/1424/380 738/1421/380
f 742/1425/381 757/1426/381 753/1427/381 746/1428/381
f 747/1429/382 743/1430/382 756/1431/382 752/1432/382
f 749/1433/383 750/1434/383 751/1435/383 748/1436/383
f 747/1437/384 752/1438/384 750/1439/384 749/1440/384
f 745/1441/385 746/1428/385 753/1427/385 754/1442/385
f 744/1443/386 745/1441/386 754/1442/386 755/1444/386
f 743/1430/387 744/1443/387 755/1444/387 756/1431/387
f 742/1425/388 741/1445/388 758/1446/388 757/1426/388
f 741/1447/389 739/1448/389 760/1449/389 758/1450/389
f 760/1451/383 739/1452/383 740/1453/383 759/1454/383
f 739/1452/390 741/1455/390 769/1456/390 740/1453/390
f 747/1457/390 749/1433/390 748/1436/390 763/1458/390
f 750/1434/391 752/1459/391 783/1460/391 751/1435/391
f 758/1461/391 760/1451/391 759/1454/391 777/1462/391
f 751/1463/392 783/1464/392 784/1465/392 761/1466/392
f 748/1467/389 751/1463/389 761/1466/389 762/1468/389
f 763/1469/393 748/1467/393 762/1468/393 776/1470/393
f 742/1471/390 746/1472/390 764/1473/390 768/1474/390
f 743/1475/390 747/1476/390 763/1477/390 767/1478/390
f 746/1472/390 745/1479/390 765/1480/390 764/1473/390
f 745/1479/390 744/1481/390 766/1482/390 765/1480/390
f 744/1481/390 743/1475/390 767/1478/390 766/1482/390
f 741/1483/390 742/1471/390 768/1474/390 769/1484/390
f 769/1485/394 768/1486/394 771/1487/394 770/1488/394
f 766/1489/395 767/1490/395 772/1491/395 773/1492/395
f 765/1493/396 766/1489/396 773/1492/396 774/1494/396
f 764/1495/397 765/1493/397 774/1494/397 775/1496/397
f 767/1490/398 763/1497/398 776/1498/398 772/1491/398
f 768/1486/399 764/1495/399 775/1496/399 771/1487/399
f 757/1499/391 758/1500/391 777/1501/391 778/1502/391
f 756/1503/391 755/1504/391 780/1505/391 779/1506/391
f 755/1504/391 754/1507/391 781/1508/391 780/1505/391
f 754/1507/391 753/1509/391 782/1510/391 781/1508/391
f 752/1511/391 756/1503/391 779/1506/391 783/1512/391
f 753/1509/391 757/1499/391 778/1502/391 782/1510/391
f 782/1513/400 778/1514/400 789/1515/400 785/1516/400
f 783/1517/401 779/1518/401 788/1519/401 784/1520/401
f 781/1521/402 782/1513/402 785/1516/402 786/1522/402
f 780/1523/403 781/1521/403 786/1522/403 787/1524/403
f 779/1518/404 780/1523/404 787/1524/404 788/1519/404
f 778/1514/405 777/1525/405 790/1526/405 789/1515/405
f 769/1527/406 770/1528/406 791/1529/406 740/1530/406
f 740/1530/407 791/1529/407 792/1531/407 759/1532/407
f 759/1532/408 792/1531/408 790/1533/408 777/1534/408
o book05.001
v -0.344515 0.003764 -3.009070
v -0.502685 0.003765 -3.009070
v -0.502685 0.009087 -2.365267
v -0.344515 0.009077 -2.366436
v -0.344514 0.774397 -3.015441
v -0.502684 0.774397 -3.015441
v -0.502684 0.779718 -2.371707
v -0.344514 0.779718 -2.371707
v -0.423600 0.009438 -3.002816
v -0.423600 0.015039 -2.325273
v -0.423599 0.768828 -3.009094
v -0.423599 0.774427 -2.331717
v -0.327912 -0.006043 -3.021076
v -0.346022 -0.006043 -3.021076
v -0.327912 -0.000807 -2.387762
v -0.335535 -0.000688 -2.373288
v -0.512545 -0.000697 -2.374408
v -0.477399 -0.000388 -2.337011
v -0.424242 -0.000270 -2.322768
v -0.371084 -0.000388 -2.337011
v -0.520261 -0.000808 -2.387845
v -0.502151 -0.006043 -3.021159
v -0.520261 -0.006043 -3.021159
v -0.520261 0.792012 -3.027756
v -0.502150 0.792012 -3.027756
v -0.520261 0.797248 -2.394442
v -0.371083 0.797668 -2.343609
v -0.424241 0.797786 -2.329365
v -0.477398 0.797668 -2.343609
v -0.512544 0.797359 -2.381006
v -0.335534 0.797368 -2.379885
v -0.327911 0.797248 -2.394359
v -0.346021 0.792013 -3.027673
v -0.327911 0.792013 -3.027673
v -0.502150 0.744742 -2.989603
v -0.502151 0.041851 -2.983793
v -0.501964 -0.000803 -2.387212
v -0.385432 -0.000463 -2.346112
v -0.424227 -0.000355 -2.332987
v -0.463022 -0.000463 -2.346112
v -0.498767 -0.000731 -2.378512
v -0.349649 -0.000730 -2.378432
v -0.346255 -0.000802 -2.387151
v -0.346254 0.046789 -2.387545
v -0.349648 0.046861 -2.378825
v -0.498767 0.046861 -2.378905
v -0.463022 0.047129 -2.346506
v -0.424227 0.047237 -2.333381
v -0.385432 0.047128 -2.346506
v -0.501964 0.046789 -2.387606
v -0.345858 0.797250 -2.394080
v -0.349269 0.797323 -2.385272
v -0.499145 0.797323 -2.385353
v -0.463417 0.797593 -2.352719
v -0.424227 0.797703 -2.339304
v -0.385037 0.797592 -2.352719
v -0.502357 0.797250 -2.394142
v -0.502357 0.749709 -2.393749
v -0.385037 0.750051 -2.352326
v -0.424227 0.750162 -2.338911
v -0.463417 0.750051 -2.352326
v -0.499145 0.749782 -2.384960
v -0.349269 0.749782 -2.384879
v -0.345858 0.749709 -2.393687
v -0.345621 0.041851 -2.983793
v -0.345620 0.744742 -2.989603
vn -0.0709 -0.9974 0.0082
vn 0.0709 -0.9974 0.0082
vn -0.0794 -0.0082 -0.9968
vn 0.0794 -0.0082 -0.9968
vn -0.0709 0.9974 -0.0082
vn 0.0709 0.9974 -0.0082
vn 0.7142 0.0058 0.6999
vn -0.8672 0.0041 0.4980
vn -0.0000 -0.0083 -1.0000
vn -1.0000 -0.0000 -0.0000
vn 0.2588 0.0080 0.9659
vn -0.2588 0.0080 0.9659
vn -0.7287 0.0057 0.6848
vn 0.8848 0.0039 0.4660
vn 1.0000 -0.0000 -0.0000
vn -0.0000 -1.0000 0.0083
vn -0.0000 1.0000 -0.0083
vn 1.0000 0.0001 0.0003
vn 1.0000 0.0001 -0.0003
vn -0.9319 -0.0030 -0.3627
vn 0.6716 -0.0061 -0.7409
vn 0.3205 -0.0078 -0.9472
vn -0.3205 -0.0078 -0.9472
vn 0.9387 -0.0029 -0.3448
vn -0.6703 -0.0061 -0.7421
vn -0.6731 -0.0061 -0.7395
vn 0.9392 -0.0028 -0.3433
vn -0.3239 -0.0078 -0.9461
vn 0.3239 -0.0078 -0.9461
vn 0.6744 -0.0061 -0.7383
vn -0.9325 -0.0030 -0.3611
vn -1.0000 0.0045 -0.0007
vn -0.9999 0.0001 0.0107
vn -1.0000 -0.0042 -0.0000
vt 0.987609 0.763451
vt 0.999059 0.762539
vt 0.999059 0.855587
vt 0.987609 0.861554
vt 0.976158 0.855757
vt 0.976158 0.762539
vt 0.975121 0.865112
vt 0.963670 0.864299
vt 0.963670 0.754345
vt 0.975121 0.753531
vt 0.952220 0.865112
vt 0.952220 0.753531
vt 0.976158 0.762563
vt 0.987609 0.763476
vt 0.987609 0.861554
vt 0.976158 0.855770
vt 0.999059 0.762563
vt 0.999059 0.855770
vt 0.769652 0.992785
vt 0.769652 0.878236
vt 0.779959 0.878303
vt 0.779959 0.992814
vt 0.815305 0.992644
vt 0.810981 0.992630
vt 0.810981 0.878457
vt 0.815305 0.878394
vt 0.755328 0.925146
vt 0.755227 0.823681
vt 0.759693 0.823756
vt 0.759794 0.925145
vt 0.764723 0.868418
vt 0.764723 0.754029
vt 0.855499 0.754029
vt 0.855499 0.868418
vt 0.790316 0.992773
vt 0.790316 0.878525
vt 0.800673 0.992611
vt 0.800673 0.878438
vt 0.764927 0.992829
vt 0.764927 0.878181
vt 0.827642 0.882426
vt 0.918418 0.882426
vt 0.918418 0.996815
vt 0.827642 0.996815
vt 0.755328 0.925183
vt 0.755227 0.823700
vt 0.759694 0.823775
vt 0.759795 0.925183
vt 0.755233 0.758180
vt 0.759697 0.758214
vt 0.755227 0.993612
vt 0.759717 0.993705
vt 0.755232 0.758180
vt 0.759694 0.758228
vt 0.755227 0.993656
vt 0.759718 0.993705
vt 0.950706 0.867836
vt 0.860174 0.867836
vt 0.860174 0.861043
vt 0.945311 0.861037
vt 0.950706 0.753808
vt 0.945311 0.760607
vt 0.860126 0.753808
vt 0.860126 0.760608
vt 0.896114 0.829030
vt 0.888995 0.822055
vt 0.890793 0.819315
vt 0.897123 0.826261
vt 0.896129 0.794223
vt 0.898970 0.792783
vt 0.898920 0.796249
vt 0.897186 0.796923
vt 0.886219 0.811620
vt 0.888206 0.811627
vt 0.888995 0.801193
vt 0.890781 0.804014
vt 0.898990 0.830475
vt 0.898928 0.826941
vt 0.910179 0.790825
vt 0.910180 0.792790
vt 0.900187 0.792790
vt 0.900187 0.790825
vt 0.910181 0.820111
vt 0.910181 0.830240
vt 0.900189 0.830241
vt 0.900188 0.820112
vt 0.910180 0.811512
vt 0.900188 0.811513
vt 0.910180 0.802913
vt 0.900188 0.802914
vt 0.910182 0.832186
vt 0.900189 0.832187
vt 0.896132 0.794223
vt 0.898970 0.792783
vt 0.898917 0.796249
vt 0.897189 0.796918
vt 0.896113 0.829036
vt 0.889014 0.822060
vt 0.890801 0.819316
vt 0.897132 0.826269
vt 0.886219 0.811629
vt 0.888210 0.811622
vt 0.888993 0.801195
vt 0.890783 0.804008
vt 0.898988 0.830470
vt 0.898929 0.826957
vt 0.900187 0.802877
vt 0.900188 0.792794
vt 0.910099 0.792795
vt 0.910099 0.802877
vt 0.900187 0.832187
vt 0.900187 0.830236
vt 0.910099 0.830236
vt 0.910099 0.832187
vt 0.900187 0.811513
vt 0.910099 0.811513
vt 0.900187 0.820148
vt 0.910099 0.820148
vt 0.900188 0.790825
vt 0.910099 0.790825
vt 0.860178 0.867847
vt 0.860178 0.861047
vt 0.945372 0.861049
vt 0.950755 0.867847
vt 0.945372 0.760618
vt 0.950755 0.753819
vt 0.860226 0.760612
vt 0.860226 0.753819
s 0
usemtl books
f 801/1535/409 793/1536/409 796/1537/409 802/1538/409
f 802/1538/410 795/1539/410 794/1540/410 801/1535/410
f 793/1541/411 801/1542/411 803/1543/411 797/1544/411
f 801/1542/412 794/1545/412 798/1546/412 803/1543/412
f 797/1547/413 803/1548/413 804/1549/413 800/1550/413
f 803/1548/414 798/1551/414 799/1552/414 804/1549/414
f 808/1553/415 823/1554/415 819/1555/415 812/1556/415
f 813/1557/416 809/1558/416 822/1559/416 818/1560/416
f 815/1561/417 816/1562/417 817/1563/417 814/1564/417
f 813/1565/418 818/1566/418 816/1567/418 815/1568/418
f 811/1569/419 812/1556/419 819/1555/419 820/1570/419
f 810/1571/420 811/1569/420 820/1570/420 821/1572/420
f 809/1558/421 810/1571/421 821/1572/421 822/1559/421
f 808/1553/422 807/1573/422 824/1574/422 823/1554/422
f 807/1575/423 805/1576/423 826/1577/423 824/1578/423
f 826/1579/417 805/1580/417 806/1581/417 825/1582/417
f 805/1580/424 807/1583/424 835/1584/424 806/1581/424
f 813/1585/424 815/1561/424 814/1564/424 829/1586/424
f 816/1562/425 818/1587/425 849/1588/425 817/1563/425
f 824/1589/425 826/1579/425 825/1582/425 843/1590/425
f 817/1591/426 849/1592/426 850/1593/426 827/1594/426
f 814/1595/423 817/1591/423 827/1594/423 828/1596/423
f 829/1597/427 814/1595/427 828/1596/427 842/1598/427
f 808/1599/424 812/1600/424 830/1601/424 834/1602/424
f 809/1603/424 813/1604/424 829/1605/424 833/1606/424
f 812/1600/424 811/1607/424 831/1608/424 830/1601/424
f 811/1607/424 810/1609/424 832/1610/424 831/1608/424
f 810/1609/424 809/1603/424 833/1606/424 832/1610/424
f 807/1611/424 808/1599/424 834/1602/424 835/1612/424
f 835/1613/428 834/1614/428 837/1615/428 836/1616/428
f 832/1617/429 833/1618/429 838/1619/429 839/1620/429
f 831/1621/430 832/1617/430 839/1620/430 840/1622/430
f 830/1623/431 831/1621/431 840/1622/431 841/1624/431
f 833/1618/432 829/1625/432 842/1626/432 838/1619/432
f 834/1614/433 830/1623/433 841/1624/433 837/1615/433
f 823/1627/425 824/1628/425 843/1629/425 844/1630/425
f 822/1631/425 821/1632/425 846/1633/425 845/1634/425
f 821/1632/425 820/1635/425 847/1636/425 846/1633/425
f 820/1635/425 819/1637/425 848/1638/425 847/1636/425
f 818/1639/425 822/1631/425 845/1634/425 849/1640/425
f 819/1637/425 823/1627/425 844/1630/425 848/1638/425
f 848/1641/434 844/1642/434 855/1643/434 851/1644/434
f 849/1645/435 845/1646/435 854/1647/435 850/1648/435
f 847/1649/436 848/1641/436 851/1644/436 852/1650/436
f 846/1651/437 847/1649/437 852/1650/437 853/1652/437
f 845/1646/438 846/1651/438 853/1652/438 854/1647/438
f 844/1642/439 843/1653/439 856/1654/439 855/1643/439
f 835/1655/440 836/1656/440 857/1657/440 806/1658/440
f 806/1658/441 857/1657/441 858/1659/441 825/1660/441
f 825/1660/442 858/1659/442 856/1661/442 843/1662/442
o book04.001
v -0.539329 0.003719 -3.017504
v -0.697499 0.003719 -3.017504
v -0.697499 0.005603 -2.373681
v -0.539329 0.005600 -2.374851
v -0.539328 0.774374 -3.019759
v -0.697498 0.774374 -3.019759
v -0.697498 0.776258 -2.376006
v -0.539328 0.776258 -2.376006
v -0.618414 0.009359 -3.011220
v -0.618414 0.011341 -2.333656
v -0.618413 0.768772 -3.013442
v -0.618413 0.770754 -2.336044
v -0.522726 -0.006024 -3.029562
v -0.540837 -0.006024 -3.029562
v -0.522726 -0.004171 -2.396229
v -0.530349 -0.004128 -2.381754
v -0.707360 -0.004131 -2.382875
v -0.672213 -0.004022 -2.345477
v -0.619056 -0.003980 -2.331233
v -0.565898 -0.004022 -2.345477
v -0.715076 -0.004171 -2.396312
v -0.696965 -0.006024 -3.029645
v -0.715076 -0.006024 -3.029645
v -0.715075 0.792055 -3.031981
v -0.696964 0.792055 -3.031981
v -0.715075 0.793909 -2.398648
v -0.565898 0.794057 -2.347812
v -0.619055 0.794099 -2.333569
v -0.672212 0.794057 -2.347812
v -0.707359 0.793948 -2.385210
v -0.530348 0.793951 -2.384089
v -0.522725 0.793909 -2.398564
v -0.540836 0.792055 -3.031897
v -0.522725 0.792055 -3.031897
v -0.696964 0.744582 -2.994080
v -0.696965 0.041670 -2.992023
v -0.696778 -0.004169 -2.395679
v -0.580246 -0.004049 -2.354578
v -0.619041 -0.004010 -2.341453
v -0.657837 -0.004049 -2.354578
v -0.693581 -0.004143 -2.386978
v -0.544463 -0.004143 -2.386898
v -0.541069 -0.004169 -2.395618
v -0.541069 0.043424 -2.395758
v -0.544463 0.043450 -2.387037
v -0.693581 0.043450 -2.387118
v -0.657837 0.043544 -2.354717
v -0.619041 0.043583 -2.341592
v -0.580246 0.043544 -2.354717
v -0.696778 0.043424 -2.395818
v -0.540672 0.793910 -2.398285
v -0.544084 0.793935 -2.389477
v -0.693959 0.793935 -2.389558
v -0.658231 0.794031 -2.356923
v -0.619041 0.794070 -2.343507
v -0.579851 0.794031 -2.356923
v -0.697172 0.793910 -2.398347
v -0.697172 0.746367 -2.398208
v -0.579851 0.746488 -2.356784
v -0.619041 0.746527 -2.343368
v -0.658231 0.746488 -2.356784
v -0.693959 0.746393 -2.389419
v -0.544084 0.746393 -2.389338
v -0.540672 0.746367 -2.398146
v -0.540435 0.041670 -2.992023
v -0.540434 0.744582 -2.994080
vn -0.0709 -0.9975 0.0029
vn 0.0709 -0.9975 0.0029
vn -0.0794 -0.0029 -0.9968
vn 0.0794 -0.0029 -0.9968
vn -0.0709 0.9975 -0.0029
vn 0.0709 0.9975 -0.0029
vn 0.7142 0.0020 0.6999
vn -0.8672 0.0015 0.4980
vn -0.0000 -0.0029 -1.0000
vn -1.0000 -0.0000 -0.0000
vn 0.2588 0.0028 0.9659
vn -0.2588 0.0028 0.9659
vn -0.7287 0.0020 0.6848
vn 0.8848 0.0014 0.4660
vn 1.0000 -0.0000 -0.0000
vn -0.0000 -1.0000 0.0029
vn -0.0000 1.0000 -0.0029
vn 1.0000 0.0001 0.0003
vn 1.0000 0.0001 -0.0003
vn -0.9319 -0.0011 -0.3627
vn 0.6716 -0.0022 -0.7409
vn 0.3205 -0.0028 -0.9473
vn -0.3205 -0.0028 -0.9473
vn 0.9387 -0.0010 -0.3448
vn -0.6703 -0.0022 -0.7421
vn -0.6731 -0.0022 -0.7395
vn 0.9392 -0.0010 -0.3433
vn -0.3239 -0.0028 -0.9461
vn 0.3239 -0.0028 -0.9461
vn 0.6744 -0.0022 -0.7383
vn -0.9325 -0.0011 -0.3611
vn -1.0000 0.0045 -0.0007
vn -0.9999 -0.0000 0.0107
vn -1.0000 -0.0042 -0.0000
vt 0.737888 0.763228
vt 0.749338 0.762316
vt 0.749338 0.855364
vt 0.737888 0.861331
vt 0.726437 0.855533
vt 0.726437 0.762316
vt 0.725400 0.864889
vt 0.713950 0.864075
vt 0.713950 0.754122
vt 0.725400 0.753308
vt 0.702499 0.864889
vt 0.702499 0.753308
vt 0.726437 0.762340
vt 0.737888 0.763252
vt 0.737888 0.861331
vt 0.726437 0.855547
vt 0.749338 0.762340
vt 0.749338 0.855547
vt 0.519931 0.992562
vt 0.519931 0.878013
vt 0.530238 0.878080
vt 0.530238 0.992590
vt 0.565584 0.992420
vt 0.561260 0.992406
vt 0.561260 0.878234
vt 0.565584 0.878171
vt 0.505607 0.924922
vt 0.505506 0.823457
vt 0.509972 0.823532
vt 0.510073 0.924922
vt 0.515002 0.868195
vt 0.515002 0.753806
vt 0.605778 0.753806
vt 0.605778 0.868195
vt 0.540595 0.992549
vt 0.540595 0.878302
vt 0.550952 0.992388
vt 0.550952 0.878215
vt 0.515206 0.992606
vt 0.515206 0.877958
vt 0.577921 0.882203
vt 0.668697 0.882203
vt 0.668697 0.996592
vt 0.577921 0.996592
vt 0.505607 0.924960
vt 0.505506 0.823477
vt 0.509973 0.823552
vt 0.510074 0.924960
vt 0.505512 0.757957
vt 0.509977 0.757991
vt 0.505506 0.993389
vt 0.509996 0.993482
vt 0.505511 0.757957
vt 0.509973 0.758004
vt 0.505506 0.993433
vt 0.509997 0.993482
vt 0.700985 0.867613
vt 0.610453 0.867613
vt 0.610453 0.860820
vt 0.695590 0.860814
vt 0.700985 0.753584
vt 0.695590 0.760383
vt 0.610405 0.753584
vt 0.610405 0.760384
vt 0.646393 0.828807
vt 0.639274 0.821831
vt 0.641072 0.819091
vt 0.647402 0.826037
vt 0.646408 0.793999
vt 0.649249 0.792559
vt 0.649199 0.796025
vt 0.647465 0.796700
vt 0.636498 0.811397
vt 0.638485 0.811403
vt 0.639274 0.800970
vt 0.641060 0.803791
vt 0.649269 0.830252
vt 0.649207 0.826718
vt 0.660459 0.790602
vt 0.660459 0.792566
vt 0.650466 0.792567
vt 0.650466 0.790602
vt 0.660460 0.819888
vt 0.660460 0.830017
vt 0.650468 0.830017
vt 0.650467 0.819888
vt 0.660459 0.811289
vt 0.650467 0.811289
vt 0.660459 0.802690
vt 0.650467 0.802690
vt 0.660461 0.831963
vt 0.650468 0.831963
vt 0.646411 0.793999
vt 0.649249 0.792560
vt 0.649196 0.796025
vt 0.647468 0.796695
vt 0.646392 0.828812
vt 0.639293 0.821836
vt 0.641080 0.819093
vt 0.647411 0.826045
vt 0.636498 0.811405
vt 0.638489 0.811399
vt 0.639272 0.800972
vt 0.641062 0.803784
vt 0.649267 0.830247
vt 0.649208 0.826734
vt 0.650467 0.802653
vt 0.650467 0.792571
vt 0.660378 0.792571
vt 0.660378 0.802654
vt 0.650466 0.831963
vt 0.650466 0.830013
vt 0.660378 0.830013
vt 0.660378 0.831963
vt 0.650466 0.811289
vt 0.660378 0.811289
vt 0.650466 0.819925
vt 0.660378 0.819925
vt 0.650467 0.790602
vt 0.660378 0.790602
vt 0.610457 0.867624
vt 0.610457 0.860824
vt 0.695651 0.860825
vt 0.701034 0.867624
vt 0.695651 0.760394
vt 0.701034 0.753596
vt 0.610505 0.760388
vt 0.610505 0.753596
s 0
usemtl books
f 867/1663/443 859/1664/443 862/1665/443 868/1666/443
f 868/1666/444 861/1667/444 860/1668/444 867/1663/444
f 859/1669/445 867/1670/445 869/1671/445 863/1672/445
f 867/1670/446 860/1673/446 864/1674/446 869/1671/446
f 863/1675/447 869/1676/447 870/1677/447 866/1678/447
f 869/1676/448 864/1679/448 865/1680/448 870/1677/448
f 874/1681/449 889/1682/449 885/1683/449 878/1684/449
f 879/1685/450 875/1686/450 888/1687/450 884/1688/450
f 881/1689/451 882/1690/451 883/1691/451 880/1692/451
f 879/1693/452 884/1694/452 882/1695/452 881/1696/452
f 877/1697/453 878/1684/453 885/1683/453 886/1698/453
f 876/1699/454 877/1697/454 886/1698/454 887/1700/454
f 875/1686/455 876/1699/455 887/1700/455 888/1687/455
f 874/1681/456 873/1701/456 890/1702/456 889/1682/456
f 873/1703/457 871/1704/457 892/1705/457 890/1706/457
f 892/1707/451 871/1708/451 872/1709/451 891/1710/451
f 871/1708/458 873/1711/458 901/1712/458 872/1709/458
f 879/1713/458 881/1689/458 880/1692/458 895/1714/458
f 882/1690/459 884/1715/459 915/1716/459 883/1691/459
f 890/1717/459 892/1707/459 891/1710/459 909/1718/459
f 883/1719/460 915/1720/460 916/1721/460 893/1722/460
f 880/1723/457 883/1719/457 893/1722/457 894/1724/457
f 895/1725/461 880/1723/461 894/1724/461 908/1726/461
f 874/1727/458 878/1728/458 896/1729/458 900/1730/458
f 875/1731/458 879/1732/458 895/1733/458 899/1734/458
f 878/1728/458 877/1735/458 897/1736/458 896/1729/458
f 877/1735/458 876/1737/458 898/1738/458 897/1736/458
f 876/1737/458 875/1731/458 899/1734/458 898/1738/458
f 873/1739/458 874/1727/458 900/1730/458 901/1740/458
f 901/1741/462 900/1742/462 903/1743/462 902/1744/462
f 898/1745/463 899/1746/463 904/1747/463 905/1748/463
f 897/1749/464 898/1745/464 905/1748/464 906/1750/464
f 896/1751/465 897/1749/465 906/1750/465 907/1752/465
f 899/1746/466 895/1753/466 908/1754/466 904/1747/466
f 900/1742/467 896/1751/467 907/1752/467 903/1743/467
f 889/1755/459 890/1756/459 909/1757/459 910/1758/459
f 888/1759/459 887/1760/459 912/1761/459 911/1762/459
f 887/1760/459 886/1763/459 913/1764/459 912/1761/459
f 886/1763/459 885/1765/459 914/1766/459 913/1764/459
f 884/1767/459 888/1759/459 911/1762/459 915/1768/459
f 885/1765/459 889/1755/459 910/1758/459 914/1766/459
f 914/1769/468 910/1770/468 921/1771/468 917/1772/468
f 915/1773/469 911/1774/469 920/1775/469 916/1776/469
f 913/1777/470 914/1769/470 917/1772/470 918/1778/470
f 912/1779/471 913/1777/471 918/1778/471 919/1780/471
f 911/1774/472 912/1779/472 919/1780/472 920/1775/472
f 910/1770/473 909/1781/473 922/1782/473 921/1771/473
f 901/1783/474 902/1784/474 923/1785/474 872/1786/474
f 872/1786/475 923/1785/475 924/1787/475 891/1788/475
f 891/1788/476 924/1787/476 922/1789/476 909/1790/476
o book03.001
v -0.733519 -0.002629 -2.994338
v -0.869996 -0.002629 -2.994338
v -0.869996 0.005627 -2.350565
v -0.733519 0.005612 -2.351735
v -0.733518 0.767966 -3.004221
v -0.869995 0.767966 -3.004221
v -0.869995 0.776221 -2.360518
v -0.733518 0.776221 -2.360518
v -0.801757 0.003072 -2.988110
v -0.801757 0.011761 -2.310599
v -0.801757 0.762426 -2.997849
v -0.801757 0.771113 -2.320504
v -0.719194 -0.012491 -3.006299
v -0.734820 -0.012491 -3.006299
v -0.719193 -0.004369 -2.373015
v -0.725771 -0.004184 -2.358542
v -0.878504 -0.004198 -2.359662
v -0.848178 -0.003718 -2.322267
v -0.802311 -0.003536 -2.308025
v -0.756445 -0.003718 -2.322267
v -0.885162 -0.004370 -2.373099
v -0.869535 -0.012492 -3.006382
v -0.885162 -0.012492 -3.006382
v -0.885161 0.785525 -3.016617
v -0.869534 0.785525 -3.016617
v -0.885161 0.793647 -2.383333
v -0.756444 0.794299 -2.332502
v -0.802310 0.794481 -2.318259
v -0.848177 0.794299 -2.332502
v -0.878503 0.793819 -2.369897
v -0.725770 0.793833 -2.368776
v -0.719193 0.793648 -2.383250
v -0.734819 0.785526 -3.016533
v -0.719193 0.785526 -3.016533
v -0.869534 0.738429 -2.978248
v -0.869535 0.035572 -2.969234
v -0.869373 -0.004362 -2.372466
v -0.768824 -0.003835 -2.331367
v -0.802299 -0.003667 -2.318243
v -0.835773 -0.003835 -2.331367
v -0.866615 -0.004251 -2.363766
v -0.737949 -0.004250 -2.363685
v -0.735021 -0.004361 -2.372405
v -0.735020 0.043228 -2.373015
v -0.737949 0.043340 -2.364296
v -0.866615 0.043339 -2.364376
v -0.835773 0.043754 -2.331978
v -0.802299 0.043922 -2.318854
v -0.768824 0.043754 -2.331978
v -0.869373 0.043227 -2.373076
v -0.734678 0.793651 -2.382971
v -0.737622 0.793764 -2.374163
v -0.866941 0.793764 -2.374244
v -0.836113 0.794182 -2.341612
v -0.802298 0.794354 -2.328197
v -0.768483 0.794182 -2.341612
v -0.869713 0.793651 -2.383033
v -0.869713 0.746112 -2.382423
v -0.768483 0.746643 -2.341002
v -0.802298 0.746815 -2.327587
v -0.836113 0.746643 -2.341002
v -0.866941 0.746225 -2.373634
v -0.737622 0.746225 -2.373553
v -0.734678 0.746113 -2.382361
v -0.734474 0.035572 -2.969234
v -0.734473 0.738429 -2.978248
vn -0.0821 -0.9965 0.0128
vn 0.0821 -0.9965 0.0128
vn -0.0919 -0.0128 -0.9957
vn 0.0919 -0.0128 -0.9957
vn -0.0821 0.9965 -0.0128
vn 0.0821 0.9965 -0.0128
vn 0.7636 0.0083 0.6456
vn -0.8960 0.0057 0.4439
vn -0.0000 -0.0128 -0.9999
vn -1.0000 -0.0000 -0.0000
vn 0.2966 0.0122 0.9549
vn -0.2966 0.0122 0.9549
vn -0.7767 0.0081 0.6298
vn 0.9104 0.0053 0.4137
vn 1.0000 -0.0000 -0.0000
vn -0.0000 -0.9999 0.0128
vn -0.0000 0.9999 -0.0128
vn 1.0000 0.0001 0.0003
vn 1.0000 0.0001 -0.0003
vn -0.9480 -0.0041 -0.3183
vn 0.7243 -0.0088 -0.6894
vn 0.3650 -0.0119 -0.9309
vn -0.3650 -0.0119 -0.9309
vn 0.9533 -0.0039 -0.3022
vn -0.7231 -0.0089 -0.6907
vn -0.7257 -0.0088 -0.6879
vn 0.9537 -0.0039 -0.3008
vn -0.3688 -0.0119 -0.9294
vn 0.3688 -0.0119 -0.9294
vn 0.7269 -0.0088 -0.6866
vn -0.9485 -0.0041 -0.3169
vn -1.0000 0.0039 -0.0007
vn -1.0000 0.0001 0.0092
vn -1.0000 -0.0037 -0.0000
vt 0.487988 0.763153
vt 0.499438 0.762241
vt 0.499438 0.855289
vt 0.487988 0.861256
vt 0.476537 0.855458
vt 0.476537 0.762241
vt 0.475500 0.864814
vt 0.464049 0.864000
vt 0.464049 0.754047
vt 0.475500 0.753233
vt 0.452599 0.864814
vt 0.452599 0.753233
vt 0.476537 0.762265
vt 0.487987 0.763177
vt 0.487987 0.861256
vt 0.476537 0.855472
vt 0.499438 0.762265
vt 0.499438 0.855472
vt 0.270030 0.992487
vt 0.270030 0.877938
vt 0.280337 0.878005
vt 0.280337 0.992516
vt 0.315683 0.992346
vt 0.311360 0.992331
vt 0.311360 0.878159
vt 0.315683 0.878096
vt 0.255707 0.924847
vt 0.255606 0.823383
vt 0.260072 0.823457
vt 0.260173 0.924847
vt 0.265102 0.868120
vt 0.265102 0.753731
vt 0.355878 0.753731
vt 0.355878 0.868120
vt 0.290694 0.992474
vt 0.290694 0.878227
vt 0.301051 0.992313
vt 0.301051 0.878140
vt 0.265305 0.992531
vt 0.265306 0.877883
vt 0.328021 0.882128
vt 0.418797 0.882128
vt 0.418797 0.996517
vt 0.328021 0.996517
vt 0.255707 0.924885
vt 0.255606 0.823402
vt 0.260073 0.823477
vt 0.260173 0.924885
vt 0.255612 0.757882
vt 0.260076 0.757916
vt 0.255606 0.993314
vt 0.260096 0.993407
vt 0.255611 0.757882
vt 0.260073 0.757929
vt 0.255606 0.993358
vt 0.260097 0.993407
vt 0.451085 0.867538
vt 0.360553 0.867538
vt 0.360553 0.860745
vt 0.445690 0.860739
vt 0.451085 0.753510
vt 0.445690 0.760308
vt 0.360505 0.753510
vt 0.360505 0.760310
vt 0.396492 0.828732
vt 0.389374 0.821756
vt 0.391171 0.819016
vt 0.397502 0.825962
vt 0.396508 0.793925
vt 0.399349 0.792485
vt 0.399299 0.795950
vt 0.397565 0.796625
vt 0.386598 0.811322
vt 0.388584 0.811329
vt 0.389374 0.800895
vt 0.391160 0.803716
vt 0.399369 0.830177
vt 0.399307 0.826643
vt 0.410558 0.790527
vt 0.410558 0.792491
vt 0.400566 0.792492
vt 0.400566 0.790527
vt 0.410560 0.819813
vt 0.410560 0.829942
vt 0.400568 0.829943
vt 0.400567 0.819813
vt 0.410559 0.811214
vt 0.400567 0.811214
vt 0.410559 0.802615
vt 0.400566 0.802616
vt 0.410560 0.831888
vt 0.400568 0.831889
vt 0.396511 0.793925
vt 0.399348 0.792485
vt 0.399296 0.795950
vt 0.397568 0.796620
vt 0.396491 0.828737
vt 0.389392 0.821761
vt 0.391180 0.819018
vt 0.397511 0.825970
vt 0.386597 0.811331
vt 0.388588 0.811324
vt 0.389371 0.800897
vt 0.391162 0.803709
vt 0.399367 0.830172
vt 0.399308 0.826659
vt 0.400566 0.802579
vt 0.400566 0.792496
vt 0.410478 0.792496
vt 0.410478 0.802579
vt 0.400566 0.831889
vt 0.400566 0.829938
vt 0.410477 0.829938
vt 0.410477 0.831889
vt 0.400566 0.811214
vt 0.410477 0.811214
vt 0.400566 0.819850
vt 0.410477 0.819850
vt 0.400566 0.790527
vt 0.410478 0.790527
vt 0.360557 0.867549
vt 0.360557 0.860749
vt 0.445750 0.860750
vt 0.451134 0.867549
vt 0.445750 0.760320
vt 0.451134 0.753521
vt 0.360604 0.760314
vt 0.360604 0.753521
s 0
usemtl books
f 933/1791/477 925/1792/477 928/1793/477 934/1794/477
f 934/1794/478 927/1795/478 926/1796/478 933/1791/478
f 925/1797/479 933/1798/479 935/1799/479 929/1800/479
f 933/1798/480 926/1801/480 930/1802/480 935/1799/480
f 929/1803/481 935/1804/481 936/1805/481 932/1806/481
f 935/1804/482 930/1807/482 931/1808/482 936/1805/482
f 940/1809/483 955/1810/483 951/1811/483 944/1812/483
f 945/1813/484 941/1814/484 954/1815/484 950/1816/484
f 947/1817/485 948/1818/485 949/1819/485 946/1820/485
f 945/1821/486 950/1822/486 948/1823/486 947/1824/486
f 943/1825/487 944/1812/487 951/1811/487 952/1826/487
f 942/1827/488 943/1825/488 952/1826/488 953/1828/488
f 941/1814/489 942/1827/489 953/1828/489 954/1815/489
f 940/1809/490 939/1829/490 956/1830/490 955/1810/490
f 939/1831/491 937/1832/491 958/1833/491 956/1834/491
f 958/1835/485 937/1836/485 938/1837/485 957/1838/485
f 937/1836/492 939/1839/492 967/1840/492 938/1837/492
f 945/1841/492 947/1817/492 946/1820/492 961/1842/492
f 948/1818/493 950/1843/493 981/1844/493 949/1819/493
f 956/1845/493 958/1835/493 957/1838/493 975/1846/493
f 949/1847/494 981/1848/494 982/1849/494 959/1850/494
f 946/1851/491 949/1847/491 959/1850/491 960/1852/491
f 961/1853/495 946/1851/495 960/1852/495 974/1854/495
f 940/1855/492 944/1856/492 962/1857/492 966/1858/492
f 941/1859/492 945/1860/492 961/1861/492 965/1862/492
f 944/1856/492 943/1863/492 963/1864/492 962/1857/492
f 943/1863/492 942/1865/492 964/1866/492 963/1864/492
f 942/1865/492 941/1859/492 965/1862/492 964/1866/492
f 939/1867/492 940/1855/492 966/1858/492 967/1868/492
f 967/1869/496 966/1870/496 969/1871/496 968/1872/496
f 964/1873/497 965/1874/497 970/1875/497 971/1876/497
f 963/1877/498 964/1873/498 971/1876/498 972/1878/498
f 962/1879/499 963/1877/499 972/1878/499 973/1880/499
f 965/1874/500 961/1881/500 974/1882/500 970/1875/500
f 966/1870/501 962/1879/501 973/1880/501 969/1871/501
f 955/1883/493 956/1884/493 975/1885/493 976/1886/493
f 954/1887/493 953/1888/493 978/1889/493 977/1890/493
f 953/1888/493 952/1891/493 979/1892/493 978/1889/493
f 952/1891/493 951/1893/493 980/1894/493 979/1892/493
f 950/1895/493 954/1887/493 977/1890/493 981/1896/493
f 951/1893/493 955/1883/493 976/1886/493 980/1894/493
f 980/1897/502 976/1898/502 987/1899/502 983/1900/502
f 981/1901/503 977/1902/503 986/1903/503 982/1904/503
f 979/1905/504 980/1897/504 983/1900/504 984/1906/504
f 978/1907/505 979/1905/505 984/1906/505 985/1908/505
f 977/1902/506 978/1907/506 985/1908/506 986/1903/506
f 976/1898/507 975/1909/507 988/1910/507 987/1899/507
f 967/1911/508 968/1912/508 989/1913/508 938/1914/508
f 938/1914/509 989/1913/509 990/1915/509 957/1916/509
f 957/1916/510 990/1915/510 988/1917/510 975/1918/510
o book02.001
v -0.905549 0.010349 -3.020515
v -1.063720 0.010349 -3.020515
v -1.063720 0.003196 -2.376729
v -0.905549 0.003209 -2.377898
v -0.905549 0.780960 -3.011953
v -1.063719 0.780960 -3.011953
v -1.063719 0.773808 -2.368237
v -0.905549 0.773808 -2.368237
v -0.984635 0.015900 -3.014152
v -0.984634 0.008372 -2.336627
v -0.984634 0.775269 -3.005715
v -0.984634 0.767743 -2.328356
v -0.888947 0.000776 -3.032708
v -0.907057 0.000776 -3.032708
v -0.888947 -0.006260 -2.399412
v -0.896570 -0.006421 -2.384938
v -1.073580 -0.006408 -2.386058
v -1.038434 -0.006824 -2.348662
v -0.985276 -0.006982 -2.334420
v -0.932119 -0.006824 -2.348662
v -1.081296 -0.006259 -2.399495
v -1.063186 0.000777 -3.032791
v -1.081296 0.000777 -3.032791
v -1.081295 0.798811 -3.023925
v -1.063185 0.798811 -3.023925
v -1.081295 0.791775 -2.390628
v -0.932118 0.791210 -2.339796
v -0.985276 0.791051 -2.325553
v -1.038433 0.791210 -2.339796
v -1.073579 0.791625 -2.377192
v -0.896569 0.791613 -2.376071
v -0.888946 0.791773 -2.390545
v -0.907056 0.798810 -3.023841
v -0.888946 0.798810 -3.023841
v -1.063185 0.750810 -2.986694
v -1.063186 0.047939 -2.994504
v -1.062999 -0.006266 -2.398862
v -0.946467 -0.006723 -2.357763
v -0.985262 -0.006869 -2.344638
v -1.024057 -0.006723 -2.357763
v -1.059802 -0.006363 -2.390162
v -0.910683 -0.006364 -2.390081
v -0.907289 -0.006267 -2.398801
v -0.907289 0.041323 -2.398272
v -0.910683 0.041226 -2.389553
v -1.059802 0.041228 -2.389633
v -1.024057 0.040868 -2.357234
v -0.985262 0.040722 -2.344110
v -0.946467 0.040867 -2.357234
v -1.062999 0.041324 -2.398333
v -0.906893 0.791770 -2.390266
v -0.910304 0.791672 -2.381458
v -1.060179 0.791674 -2.381539
v -1.024451 0.791311 -2.348906
v -0.985261 0.791162 -2.335491
v -0.946072 0.791311 -2.348906
v -1.063392 0.791771 -2.390327
v -1.063392 0.744231 -2.390856
v -0.946072 0.743771 -2.349434
v -0.985261 0.743622 -2.336019
v -1.024451 0.743771 -2.349434
v -1.060179 0.744134 -2.382067
v -0.910304 0.744133 -2.381986
v -0.906893 0.744231 -2.390794
v -0.906656 0.047939 -2.994504
v -0.906655 0.750810 -2.986694
vn -0.0709 -0.9974 -0.0111
vn 0.0709 -0.9974 -0.0111
vn -0.0794 0.0111 -0.9968
vn 0.0794 0.0111 -0.9968
vn -0.0709 0.9974 0.0111
vn 0.0709 0.9974 0.0111
vn 0.7142 -0.0078 0.6999
vn -0.8672 -0.0055 0.4979
vn -0.0000 0.0111 -0.9999
vn -1.0000 -0.0000 -0.0000
vn 0.2588 -0.0107 0.9659
vn -0.2588 -0.0107 0.9659
vn -0.7287 -0.0076 0.6848
vn 0.8848 -0.0052 0.4660
vn 1.0000 -0.0000 -0.0000
vn -0.0000 -0.9999 -0.0111
vn -0.0000 0.9999 0.0111
vn 1.0000 0.0001 0.0003
vn 1.0000 0.0001 -0.0003
vn -0.9319 0.0040 -0.3627
vn 0.6716 0.0082 -0.7409
vn 0.3205 0.0105 -0.9472
vn -0.3205 0.0105 -0.9472
vn 0.9387 0.0038 -0.3448
vn -0.6703 0.0082 -0.7421
vn -0.6731 0.0082 -0.7395
vn 0.9392 0.0038 -0.3433
vn -0.3239 0.0105 -0.9460
vn 0.3239 0.0105 -0.9460
vn 0.6744 0.0082 -0.7383
vn -0.9325 0.0040 -0.3611
vn -1.0000 0.0045 -0.0007
vn -0.9999 -0.0001 0.0107
vn -1.0000 -0.0042 -0.0001
vt 0.237608 0.763458
vt 0.249059 0.762546
vt 0.249059 0.855594
vt 0.237608 0.861561
vt 0.226158 0.855763
vt 0.226158 0.762546
vt 0.225120 0.865119
vt 0.213670 0.864305
vt 0.213670 0.754352
vt 0.225120 0.753538
vt 0.202220 0.865119
vt 0.202220 0.753538
vt 0.226158 0.762570
vt 0.237608 0.763482
vt 0.237608 0.861561
vt 0.226158 0.855777
vt 0.249059 0.762570
vt 0.249059 0.855777
vt 0.019651 0.992792
vt 0.019651 0.878243
vt 0.029958 0.878310
vt 0.029958 0.992821
vt 0.065304 0.992651
vt 0.060980 0.992636
vt 0.060980 0.878464
vt 0.065304 0.878401
vt 0.005327 0.925152
vt 0.005227 0.823687
vt 0.009693 0.823762
vt 0.009793 0.925152
vt 0.014722 0.868425
vt 0.014722 0.754036
vt 0.105498 0.754036
vt 0.105498 0.868425
vt 0.040315 0.992779
vt 0.040315 0.878532
vt 0.050672 0.992618
vt 0.050672 0.878445
vt 0.014926 0.992836
vt 0.014926 0.878188
vt 0.077642 0.882433
vt 0.168418 0.882433
vt 0.168418 0.996822
vt 0.077642 0.996822
vt 0.005327 0.925190
vt 0.005227 0.823707
vt 0.009694 0.823782
vt 0.009794 0.925190
vt 0.005233 0.758187
vt 0.009697 0.758221
vt 0.005227 0.993619
vt 0.009717 0.993712
vt 0.005232 0.758187
vt 0.009694 0.758234
vt 0.005227 0.993663
vt 0.009717 0.993712
vt 0.200706 0.867843
vt 0.110173 0.867843
vt 0.110173 0.861050
vt 0.195311 0.861044
vt 0.200706 0.753815
vt 0.195311 0.760613
vt 0.110126 0.753815
vt 0.110126 0.760614
vt 0.146113 0.829037
vt 0.138995 0.822061
vt 0.140792 0.819321
vt 0.147122 0.826267
vt 0.146128 0.794229
vt 0.148970 0.792790
vt 0.148920 0.796255
vt 0.147186 0.796930
vt 0.136218 0.811627
vt 0.138205 0.811633
vt 0.138995 0.801200
vt 0.140781 0.804021
vt 0.148990 0.830482
vt 0.148928 0.826948
vt 0.160179 0.790832
vt 0.160179 0.792796
vt 0.150187 0.792797
vt 0.150187 0.790832
vt 0.160180 0.820118
vt 0.160181 0.830247
vt 0.150188 0.830247
vt 0.150188 0.820118
vt 0.160180 0.811519
vt 0.150187 0.811519
vt 0.160180 0.802920
vt 0.150187 0.802920
vt 0.160181 0.832193
vt 0.150189 0.832194
vt 0.146131 0.794230
vt 0.148969 0.792790
vt 0.148917 0.796255
vt 0.147188 0.796925
vt 0.146112 0.829042
vt 0.139013 0.822066
vt 0.140801 0.819323
vt 0.147132 0.826275
vt 0.136218 0.811636
vt 0.138209 0.811629
vt 0.138992 0.801202
vt 0.140783 0.804014
vt 0.148988 0.830477
vt 0.148929 0.826964
vt 0.150187 0.802884
vt 0.150187 0.792801
vt 0.160098 0.792801
vt 0.160098 0.802884
vt 0.150187 0.832194
vt 0.150187 0.830243
vt 0.160098 0.830243
vt 0.160098 0.832193
vt 0.150187 0.811519
vt 0.160098 0.811519
vt 0.150187 0.820155
vt 0.160098 0.820155
vt 0.150187 0.790832
vt 0.160098 0.790832
vt 0.110178 0.867854
vt 0.110178 0.861054
vt 0.195371 0.861055
vt 0.200755 0.867854
vt 0.195371 0.760624
vt 0.200755 0.753826
vt 0.110225 0.760619
vt 0.110225 0.753826
s 0
usemtl books
f 999/1919/511 991/1920/511 994/1921/511 1000/1922/511
f 1000/1922/512 993/1923/512 992/1924/512 999/1919/512
f 991/1925/513 999/1926/513 1001/1927/513 995/1928/513
f 999/1926/514 992/1929/514 996/1930/514 1001/1927/514
f 995/1931/515 1001/1932/515 1002/1933/515 998/1934/515
f 1001/1932/516 996/1935/516 997/1936/516 1002/1933/516
f 1006/1937/517 1021/1938/517 1017/1939/517 1010/1940/517
f 1011/1941/518 1007/1942/518 1020/1943/518 1016/1944/518
f 1013/1945/519 1014/1946/519 1015/1947/519 1012/1948/519
f 1011/1949/520 1016/1950/520 1014/1951/520 1013/1952/520
f 1009/1953/521 1010/1940/521 1017/1939/521 1018/1954/521
f 1008/1955/522 1009/1953/522 1018/1954/522 1019/1956/522
f 1007/1942/523 1008/1955/523 1019/1956/523 1020/1943/523
f 1006/1937/524 1005/1957/524 1022/1958/524 1021/1938/524
f 1005/1959/525 1003/1960/525 1024/1961/525 1022/1962/525
f 1024/1963/519 1003/1964/519 1004/1965/519 1023/1966/519
f 1003/1964/526 1005/1967/526 1033/1968/526 1004/1965/526
f 1011/1969/526 1013/1945/526 1012/1948/526 1027/1970/526
f 1014/1946/527 1016/1971/527 1047/1972/527 1015/1947/527
f 1022/1973/527 1024/1963/527 1023/1966/527 1041/1974/527
f 1015/1975/528 1047/1976/528 1048/1977/528 1025/1978/528
f 1012/1979/525 1015/1975/525 1025/1978/525 1026/1980/525
f 1027/1981/529 1012/1979/529 1026/1980/529 1040/1982/529
f 1006/1983/526 1010/1984/526 1028/1985/526 1032/1986/526
f 1007/1987/526 1011/1988/526 1027/1989/526 1031/1990/526
f 1010/1984/526 1009/1991/526 1029/1992/526 1028/1985/526
f 1009/1991/526 1008/1993/526 1030/1994/526 1029/1992/526
f 1008/1993/526 1007/1987/526 1031/1990/526 1030/1994/526
f 1005/1995/526 1006/1983/526 1032/1986/526 1033/1996/526
f 1033/1997/530 1032/1998/530 1035/1999/530 1034/2000/530
f 1030/2001/531 1031/2002/531 1036/2003/531 1037/2004/531
f 1029/2005/532 1030/2001/532 1037/2004/532 1038/2006/532
f 1028/2007/533 1029/2005/533 1038/2006/533 1039/2008/533
f 1031/2002/534 1027/2009/534 1040/2010/534 1036/2003/534
f 1032/1998/535 1028/2007/535 1039/2008/535 1035/1999/535
f 1021/2011/527 1022/2012/527 1041/2013/527 1042/2014/527
f 1020/2015/527 1019/2016/527 1044/2017/527 1043/2018/527
f 1019/2016/527 1018/2019/527 1045/2020/527 1044/2017/527
f 1018/2019/527 1017/2021/527 1046/2022/527 1045/2020/527
f 1016/2023/527 1020/2015/527 1043/2018/527 1047/2024/527
f 1017/2021/527 1021/2011/527 1042/2014/527 1046/2022/527
f 1046/2025/536 1042/2026/536 1053/2027/536 1049/2028/536
f 1047/2029/537 1043/2030/537 1052/2031/537 1048/2032/537
f 1045/2033/538 1046/2025/538 1049/2028/538 1050/2034/538
f 1044/2035/539 1045/2033/539 1050/2034/539 1051/2036/539
f 1043/2030/540 1044/2035/540 1051/2036/540 1052/2031/540
f 1042/2026/541 1041/2037/541 1054/2038/541 1053/2027/541
f 1033/2039/542 1034/2040/542 1055/2041/542 1004/2042/542
f 1004/2042/543 1055/2041/543 1056/2043/543 1023/2044/543
f 1023/2044/544 1056/2043/544 1054/2045/544 1041/2046/544
