# Blender 5.1.1
# www.blender.org
mtllib CastIronStove_pieces.mtl
o CastIronStove_AshChamberDoor
v -0.484968 0.137886 0.388804
v -0.525222 0.114091 0.364850
v -0.484968 0.411753 0.388804
v -0.525222 0.435547 0.364850
v -0.118747 0.137886 0.388804
v -0.078493 0.114091 0.364850
v -0.118747 0.411753 0.388804
v -0.078493 0.435547 0.364850
v -0.575096 0.199711 0.367661
v -0.564598 0.199711 0.358293
v -0.575896 0.199711 0.381709
v -0.566528 0.199711 0.392208
v -0.552480 0.199711 0.393007
v -0.541981 0.199711 0.383639
v -0.541182 0.199711 0.369591
v -0.550550 0.199711 0.359093
v -0.568518 0.199711 0.370836
v -0.562190 0.199711 0.365190
v -0.568999 0.199711 0.379302
v -0.563353 0.199711 0.385629
v -0.554887 0.199711 0.386111
v -0.548560 0.199711 0.380465
v -0.548078 0.199711 0.371999
v -0.553724 0.199711 0.365671
v -0.568518 0.166974 0.370836
v -0.562190 0.166974 0.365190
v -0.568999 0.166974 0.379302
v -0.563353 0.166974 0.385629
v -0.554887 0.166974 0.386111
v -0.548560 0.166974 0.380465
v -0.548078 0.166974 0.371999
v -0.553724 0.166974 0.365671
v -0.575096 0.166974 0.367661
v -0.564598 0.166974 0.358293
v -0.575896 0.166974 0.381709
v -0.566528 0.166974 0.392208
v -0.552480 0.166974 0.393007
v -0.541981 0.166974 0.383639
v -0.541182 0.166974 0.369591
v -0.550550 0.166974 0.359093
v -0.476424 0.199711 0.385117
v -0.481828 0.199711 0.390277
v -0.476424 0.166974 0.385117
v -0.481828 0.166974 0.390277
v -0.575096 0.382197 0.367661
v -0.564598 0.382197 0.358293
v -0.575896 0.382197 0.381709
v -0.566528 0.382197 0.392208
v -0.552480 0.382197 0.393007
v -0.541981 0.382197 0.383639
v -0.541182 0.382197 0.369591
v -0.550550 0.382197 0.359093
v -0.568518 0.382197 0.370836
v -0.562190 0.382197 0.365190
v -0.568999 0.382197 0.379302
v -0.563353 0.382197 0.385629
v -0.554887 0.382197 0.386111
v -0.548560 0.382197 0.380465
v -0.548078 0.382197 0.371999
v -0.553724 0.382197 0.365671
v -0.568518 0.349461 0.370836
v -0.562190 0.349461 0.365190
v -0.568999 0.349461 0.379302
v -0.563353 0.349461 0.385629
v -0.554887 0.349461 0.386111
v -0.548560 0.349461 0.380465
v -0.548078 0.349461 0.371999
v -0.553724 0.349461 0.365671
v -0.575096 0.349461 0.367661
v -0.564598 0.349461 0.358293
v -0.575896 0.349461 0.381709
v -0.566528 0.349461 0.392208
v -0.552480 0.349461 0.393007
v -0.541981 0.349461 0.383639
v -0.541182 0.349461 0.369591
v -0.550550 0.349461 0.359093
v -0.476424 0.382197 0.385117
v -0.481828 0.382197 0.390277
v -0.476424 0.349461 0.385117
v -0.481828 0.349461 0.390277
v -0.140808 0.322059 0.440785
v -0.119702 0.322059 0.440785
v -0.119702 0.194807 0.431223
v -0.140808 0.194807 0.431223
v -0.115570 0.215873 0.384583
v -0.140808 0.215873 0.440785
v -0.140808 0.345228 0.426204
v -0.119702 0.345228 0.426204
v -0.115570 0.322059 0.384583
v -0.136676 0.322059 0.384583
v -0.136676 0.215873 0.384583
v -0.119702 0.215873 0.440785
v -0.136676 0.352936 0.384583
v -0.115570 0.352936 0.384583
v -0.115570 0.187099 0.384583
v -0.136676 0.187099 0.384583
v -0.119702 0.322059 0.411863
v -0.119702 0.215873 0.411863
v -0.140808 0.215873 0.411863
v -0.140808 0.322059 0.411863
v -0.119702 0.352936 0.411863
v -0.140808 0.352936 0.411863
v -0.140808 0.187099 0.411863
v -0.119702 0.187099 0.411863
v -0.524534 0.382197 0.364896
v -0.524534 0.349461 0.364896
v -0.525334 0.349461 0.384646
v -0.525334 0.382197 0.384646
v -0.524534 0.199711 0.360146
v -0.524534 0.166974 0.360146
v -0.525334 0.166974 0.379896
v -0.525334 0.199711 0.379896
v -0.483049 0.141074 0.379523
v -0.521751 0.117145 0.355983
v -0.483049 0.408564 0.379523
v -0.521751 0.432493 0.355983
v -0.120666 0.141074 0.379523
v -0.081964 0.117145 0.355983
v -0.120666 0.408564 0.379523
v -0.081964 0.432493 0.355983
v -0.568104 0.193408 0.371035
v -0.562039 0.193408 0.365623
v -0.568566 0.193408 0.379151
v -0.563154 0.193408 0.385215
v -0.555039 0.193408 0.385677
v -0.544908 0.192029 0.377945
v -0.541957 0.190924 0.374301
v -0.553924 0.193408 0.366085
v -0.568518 0.189711 0.370836
v -0.562190 0.189711 0.365190
v -0.568999 0.189711 0.379302
v -0.563353 0.189711 0.385629
v -0.554887 0.189711 0.386111
v -0.544852 0.190426 0.380676
v -0.544370 0.190426 0.372210
v -0.553724 0.189711 0.365671
v -0.568518 0.176974 0.370836
v -0.562190 0.176974 0.365190
v -0.568999 0.176974 0.379302
v -0.563353 0.176974 0.385629
v -0.554887 0.176974 0.386111
v -0.544852 0.176259 0.380676
v -0.544370 0.176259 0.372210
v -0.553724 0.176974 0.365671
v -0.568104 0.173277 0.371035
v -0.562039 0.173277 0.365623
v -0.568566 0.173277 0.379151
v -0.563154 0.173277 0.385215
v -0.555039 0.173277 0.385677
v -0.544908 0.174656 0.377945
v -0.541957 0.175762 0.374301
v -0.553924 0.173277 0.366085
v -0.484613 0.194091 0.386286
v -0.483888 0.193574 0.382655
v -0.484613 0.172594 0.386286
v -0.483888 0.173111 0.382655
v -0.568104 0.375894 0.371035
v -0.562039 0.375894 0.365623
v -0.568566 0.375894 0.379151
v -0.563154 0.375894 0.385215
v -0.555039 0.375894 0.385677
v -0.543928 0.374150 0.378030
v -0.542666 0.373719 0.374683
v -0.553924 0.375894 0.366085
v -0.568518 0.372197 0.370836
v -0.562190 0.372197 0.365190
v -0.568999 0.372197 0.379302
v -0.563353 0.372197 0.385629
v -0.554887 0.372197 0.386111
v -0.544852 0.372912 0.380676
v -0.544370 0.372912 0.372210
v -0.553724 0.372197 0.365671
v -0.568518 0.359461 0.370836
v -0.562190 0.359461 0.365190
v -0.568999 0.359461 0.379302
v -0.563353 0.359461 0.385629
v -0.554887 0.359461 0.386111
v -0.544852 0.358745 0.380676
v -0.544370 0.358745 0.372210
v -0.553724 0.359461 0.365671
v -0.568104 0.355763 0.371035
v -0.562039 0.355763 0.365623
v -0.568566 0.355763 0.379151
v -0.563154 0.355763 0.385215
v -0.555039 0.355763 0.385677
v -0.543928 0.357507 0.378030
v -0.542666 0.357938 0.374683
v -0.553924 0.355763 0.366085
v -0.484580 0.376609 0.386620
v -0.484268 0.375979 0.382834
v -0.484580 0.355048 0.386620
v -0.484268 0.355678 0.382834
v -0.134311 0.319952 0.433481
v -0.126199 0.319952 0.433481
v -0.126021 0.200415 0.425874
v -0.134490 0.200415 0.425874
v -0.122903 0.209166 0.383472
v -0.134184 0.217457 0.433463
v -0.134269 0.339698 0.421041
v -0.126242 0.339698 0.421041
v -0.122903 0.328767 0.383472
v -0.130011 0.329446 0.385593
v -0.130011 0.208487 0.385593
v -0.126327 0.217457 0.433463
v -0.130011 0.345550 0.385593
v -0.122903 0.346229 0.383472
v -0.122903 0.193806 0.383472
v -0.130011 0.194485 0.385593
v -0.128773 0.325385 0.414444
v -0.128773 0.212548 0.414444
v -0.131827 0.213155 0.415319
v -0.131827 0.324777 0.415319
v -0.125987 0.345518 0.409524
v -0.134026 0.345706 0.410552
v -0.133935 0.194310 0.410997
v -0.126116 0.194530 0.409956
v -0.525007 0.375799 0.372567
v -0.525007 0.355859 0.372567
v -0.524674 0.356609 0.377685
v -0.524674 0.375048 0.377685
v -0.524387 0.193572 0.368039
v -0.524387 0.173113 0.368039
v -0.525291 0.174591 0.373416
v -0.525291 0.192095 0.373416
vn -0.5114 -0.0000 0.8594
vn 0.5114 -0.0000 0.8594
vn -0.0000 -0.7095 0.7047
vn -0.0000 0.7095 0.7047
vn -0.0000 -0.0000 1.0000
vn -0.0000 1.0000 -0.0000
vn 0.4661 0.7809 -0.4159
vn -0.5969 0.6000 0.5326
vn -0.3374 0.6302 0.6993
vn 0.2583 0.8042 -0.5353
vn 0.2559 0.6302 0.7330
vn -0.1633 0.7838 -0.5992
vn 0.5326 0.6000 0.5969
vn -0.4020 0.6926 -0.5990
vn -0.0000 -1.0000 -0.0000
vn 0.4661 -0.7809 -0.4159
vn 0.2583 -0.8042 -0.5353
vn -0.3374 -0.6302 0.6993
vn -0.5969 -0.6000 0.5326
vn -0.1633 -0.7838 -0.5992
vn 0.2559 -0.6302 0.7330
vn -0.4020 -0.6926 -0.5990
vn 0.5326 -0.6000 0.5969
vn -0.9984 -0.0000 -0.0568
vn 0.4607 -0.0000 -0.8876
vn 0.7461 -0.0000 -0.6658
vn 0.0568 -0.0000 -0.9984
vn -0.6658 -0.0000 -0.7461
vn 0.6906 -0.0000 0.7232
vn -0.2321 -0.0000 0.9727
vn 0.3875 -0.0000 -0.9219
vn -0.1284 -0.0000 0.9917
vn 1.0000 -0.0000 -0.0000
vn -1.0000 -0.0000 -0.0000
vn -0.0000 -0.4133 0.9106
vn -0.0000 0.8808 0.4734
vn -0.0000 -0.9291 0.3699
vn -0.0000 0.5326 0.8464
vn 0.9887 -0.0000 0.1498
vn -0.9887 -0.0000 -0.1498
vn -0.0000 -0.0000 -1.0000
vn -0.0604 -0.0000 0.9982
vn -0.2715 -0.0000 -0.9624
vn 0.2194 -0.0000 0.9756
vn -0.4935 -0.0000 -0.8698
vn 0.5197 -0.0000 -0.8544
vn -0.5197 -0.0000 -0.8544
vn -0.0000 0.7013 -0.7129
vn -0.0000 -0.7013 -0.7129
vn -0.6614 0.1140 -0.7413
vn -0.9919 0.1140 -0.0564
vn 0.2329 0.9500 -0.2079
vn 0.1262 0.9569 -0.2617
vn -0.0783 0.9836 0.1624
vn -0.1452 0.9809 0.1296
vn -0.1290 0.9503 -0.2835
vn -0.1629 0.9864 -0.0222
vn 0.2988 0.8471 0.4394
vn -0.5440 0.5840 -0.6025
vn 0.6809 -0.6863 0.2557
vn 0.5699 0.1783 -0.8021
vn 0.0564 0.1140 -0.9919
vn -0.6614 -0.1140 -0.7413
vn -0.9919 -0.1140 -0.0564
vn 0.2330 -0.9500 -0.2079
vn -0.1452 -0.9809 0.1296
vn -0.0783 -0.9836 0.1624
vn 0.1262 -0.9569 -0.2617
vn -0.1629 -0.9864 -0.0222
vn -0.1290 -0.9503 -0.2835
vn -0.5440 -0.5840 -0.6025
vn 0.2988 -0.8471 0.4394
vn 0.6809 0.6863 0.2557
vn 0.5699 -0.1783 -0.8021
vn 0.0564 -0.1140 -0.9919
vn 0.9984 -0.0000 0.0568
vn -0.4170 -0.0000 0.9089
vn -0.5660 -0.0000 0.8244
vn -0.0568 -0.0000 0.9984
vn 0.6658 -0.0000 0.7461
vn 0.9807 -0.0000 0.1957
vn 0.2178 -0.0000 -0.9760
vn 0.2582 0.6492 -0.7154
vn 0.2582 -0.6492 -0.7154
vn -0.6615 0.1140 -0.7413
vn -0.1494 0.9572 -0.2479
vn -0.1127 0.9934 -0.0202
vn 0.3773 0.6837 0.6247
vn -0.5539 0.3303 -0.7642
vn 0.6146 -0.7798 0.1192
vn 0.5792 0.2938 -0.7604
vn -0.6615 -0.1140 -0.7413
vn 0.2329 -0.9500 -0.2079
vn -0.1127 -0.9934 -0.0202
vn -0.1494 -0.9572 -0.2479
vn -0.5539 -0.3303 -0.7642
vn 0.3773 -0.6837 0.6247
vn 0.6146 0.7798 0.1192
vn 0.5792 -0.2938 -0.7604
vn -0.3284 -0.0000 0.9446
vn -0.6069 -0.0000 0.7947
vn 0.9966 -0.0000 0.0823
vn 0.1264 -0.0000 -0.9920
vn 0.1917 0.6336 -0.7495
vn 0.1917 -0.6336 -0.7495
vn -0.9866 -0.1210 0.1091
vn 0.9870 -0.1064 0.1206
vn -0.0000 0.4068 -0.9135
vn -0.9914 0.0006 0.1308
vn 0.9912 0.0006 0.1322
vn -0.0000 0.0002 -1.0000
vn 0.9848 0.1094 0.1351
vn -0.0406 -0.8797 -0.4737
vn -0.0358 0.9311 -0.3630
vn -0.9857 0.1195 0.1189
vn -0.0000 -0.5330 -0.8461
vn -0.9871 0.0534 -0.1512
vn 0.0293 0.9995 -0.0065
vn 0.0310 -0.9995 -0.0065
vn 0.9910 0.0732 0.1117
vn 0.9909 -0.0780 0.1095
vn -0.9867 -0.0581 -0.1518
vn 0.0474 -0.9894 0.1372
vn 0.2754 -0.0000 0.9613
vn 0.0474 0.9894 0.1372
vn 0.0784 -0.9965 -0.0290
vn 0.0784 0.9965 -0.0290
vn -0.0179 -0.0000 -0.9998
vn 0.1190 -0.0000 0.9929
vn 0.0695 -0.9975 -0.0115
vn 0.0695 0.9975 -0.0115
vn -0.2250 -0.0000 -0.9744
vn 0.3357 -0.0000 0.9420
vn -0.9312 -0.0000 -0.3646
vn 0.9312 -0.0000 -0.3646
vn -0.0000 -0.9455 -0.3256
vn -0.0000 0.9455 -0.3256
vn -0.6435 -0.1154 0.7567
vn -0.6435 0.1154 0.7567
vn -0.0752 0.0107 -0.9971
vn -0.0752 -0.0107 -0.9971
vn 0.1498 -0.0000 -0.9887
vt 0.209998 0.423533
vt 0.288002 0.423533
vt 0.294780 0.432461
vt 0.203220 0.432461
vt 0.288002 0.349828
vt 0.209998 0.349828
vt 0.203220 0.334206
vt 0.294780 0.334206
vt 0.872070 0.879986
vt 0.872070 0.886405
vt 0.883494 0.881673
vt 0.878955 0.877134
vt 0.888225 0.870250
vt 0.881806 0.870250
vt 0.883494 0.858826
vt 0.878955 0.863365
vt 0.872070 0.854094
vt 0.872070 0.860513
vt 0.860646 0.858826
vt 0.865185 0.863365
vt 0.855915 0.870250
vt 0.862334 0.870250
vt 0.860646 0.881673
vt 0.865185 0.877134
vt 0.855915 0.870250
vt 0.855915 0.870250
vt 0.860646 0.858826
vt 0.873227 0.928881
vt 0.873227 0.914785
vt 0.887395 0.914785
vt 0.882711 0.925105
vt 0.901563 0.928881
vt 0.892079 0.925105
vt 0.901563 0.914785
vt 0.924831 0.921366
vt 0.924831 0.911258
vt 0.949788 0.911258
vt 0.949788 0.921366
vt 0.873227 0.862765
vt 0.887395 0.862765
vt 0.901563 0.862765
vt 0.924831 0.859288
vt 0.949788 0.859288
vt 0.894538 0.851415
vt 0.901563 0.847639
vt 0.849960 0.951840
vt 0.874917 0.951840
vt 0.874917 0.959385
vt 0.849960 0.959385
vt 0.949788 0.931249
vt 0.924831 0.931249
vt 0.873227 0.847639
vt 0.880253 0.851415
vt 0.924831 0.847639
vt 0.949788 0.847639
vt 0.849960 0.862765
vt 0.849960 0.847639
vt 0.949788 0.954333
vt 0.924831 0.954333
vt 0.849960 0.928881
vt 0.874917 0.928881
vt 0.924831 0.862765
vt 0.924831 0.928881
vt 0.924831 0.914785
vt 0.849960 0.914785
vt 0.920960 0.928881
vt 0.920960 0.953838
vt 0.898001 0.953838
vt 0.898001 0.928881
vt 0.949788 0.899659
vt 0.974745 0.847639
vt 0.974745 0.899659
vt 0.874917 0.953838
s 0
usemtl StoveBodyMaterial
f 1/1/1 3/2/1 4/3/1 2/4/1
f 7/5/2 5/6/2 6/7/2 8/8/2
f 2/4/3 6/7/3 5/6/3 1/1/3
f 8/8/4 4/3/4 3/2/4 7/5/4
f 5/6/5 7/5/5 3/2/5 1/1/5
f 18/9/6 10/10/6 9/11/6 17/12/6
f 17/12/6 9/11/6 11/13/6 19/14/6
s 1
f 19/14/7 11/13/8 12/15/9 20/16/10
f 20/16/10 12/15/9 13/17/11 21/18/12
f 21/18/12 13/17/11 14/19/13 22/20/14
s 0
f 22/20/6 14/19/6 15/21/6 23/22/6
f 23/22/6 15/21/6 16/23/6 24/24/6
f 24/24/6 16/23/6 10/10/6 18/9/6
f 26/9/15 25/12/15 33/11/15 34/10/15
f 25/12/15 27/14/15 35/13/15 33/11/15
s 1
f 27/14/16 28/16/17 36/15/18 35/13/19
f 28/16/17 29/18/20 37/17/21 36/15/18
f 29/18/20 30/20/22 38/19/23 37/17/21
s 0
f 30/20/15 31/22/15 39/21/15 38/19/15
f 31/22/15 32/24/15 40/23/15 39/21/15
f 32/24/15 26/9/15 34/10/15 40/23/15
s 1
f 13/17/11 12/15/9 36/15/18 37/17/21
f 14/19/13 13/17/11 37/17/21 38/19/23
s 0
f 22/20/24 23/22/24 31/22/24 30/20/24
f 110/25/25 109/21/25 41/21/25 43/21/25
f 16/23/26 15/21/26 39/21/26 40/23/26
f 10/10/27 16/23/27 40/23/27 34/10/27
f 9/11/28 10/10/28 34/10/28 33/11/28
f 11/13/24 9/11/24 33/11/24 35/13/24
s 1
f 12/15/9 11/13/8 35/13/19 36/15/18
s 0
f 41/21/29 42/19/29 44/19/29 43/21/29
f 112/19/30 111/19/30 44/19/30 42/19/30
f 111/19/15 110/25/15 43/21/15 44/19/15
f 109/21/6 112/19/6 42/19/6 41/21/6
f 54/9/6 46/10/6 45/11/6 53/12/6
f 53/12/6 45/11/6 47/13/6 55/14/6
s 1
f 55/14/7 47/13/8 48/15/9 56/16/10
f 56/16/10 48/15/9 49/17/11 57/18/12
f 57/18/12 49/17/11 50/19/13 58/20/14
s 0
f 58/20/6 50/19/6 51/21/6 59/22/6
f 59/22/6 51/21/6 52/23/6 60/24/6
f 60/24/6 52/23/6 46/10/6 54/9/6
f 62/9/15 61/12/15 69/11/15 70/10/15
f 61/12/15 63/14/15 71/13/15 69/11/15
s 1
f 63/14/16 64/16/17 72/15/18 71/13/19
f 64/16/17 65/18/20 73/17/21 72/15/18
f 65/18/20 66/20/22 74/19/23 73/17/21
s 0
f 66/20/15 67/22/15 75/21/15 74/19/15
f 67/22/15 68/24/15 76/23/15 75/21/15
f 68/24/15 62/9/15 70/10/15 76/23/15
s 1
f 49/17/11 48/15/9 72/15/18 73/17/21
f 50/19/13 49/17/11 73/17/21 74/19/23
s 0
f 58/20/24 59/22/24 67/22/24 66/20/24
f 106/26/31 105/26/31 77/21/31 79/21/31
f 52/23/26 51/21/26 75/21/26 76/23/26
f 46/10/27 52/23/27 76/23/27 70/10/27
f 45/11/28 46/10/28 70/10/28 69/11/28
f 47/13/24 45/11/24 69/11/24 71/13/24
s 1
f 48/15/9 47/13/8 71/13/19 72/15/18
s 0
f 77/21/29 78/19/29 80/19/29 79/21/29
f 108/27/32 107/19/32 80/19/32 78/19/32
f 107/19/15 106/26/15 79/21/15 80/19/15
f 105/26/6 108/27/6 78/19/6 77/21/6
f 104/28/33 98/29/33 92/30/33 83/31/33
f 103/32/34 84/33/34 86/30/34 99/34/34
f 83/35/35 92/36/35 86/37/35 84/38/35
f 98/29/33 97/39/33 82/40/33 92/30/33
f 99/34/34 86/30/34 81/40/34 100/41/34
f 92/36/5 82/42/5 81/43/5 86/37/5
f 100/41/34 81/40/34 87/44/34 102/45/34
f 101/46/36 102/47/36 87/48/36 88/49/36
f 103/50/37 104/51/37 83/35/37 84/38/37
f 97/39/33 101/52/33 88/53/33 82/40/33
f 82/42/38 88/54/38 87/55/38 81/43/38
f 89/56/39 94/57/39 101/52/39 97/39/39
f 96/58/15 95/59/15 104/51/15 103/50/15
f 94/60/6 93/61/6 102/47/6 101/46/6
f 90/62/40 100/41/40 102/45/40 93/54/40
f 96/63/40 103/32/40 99/34/40 91/64/40
f 95/60/39 85/65/39 98/29/39 104/28/39
f 99/66/6 98/67/6 85/68/6 91/69/6
f 99/70/41 100/55/41 97/71/41 98/72/41
f 100/61/15 90/69/15 89/68/15 97/73/15
f 51/21/6 50/19/6 108/27/6 105/26/6
f 74/19/15 75/21/15 106/26/15 107/19/15
f 50/19/42 74/19/42 107/19/42 108/27/42
f 75/21/43 51/21/43 105/26/43 106/26/43
f 15/21/6 14/19/6 112/19/6 109/21/6
f 38/19/15 39/21/15 110/25/15 111/19/15
f 14/19/44 38/19/44 111/19/44 112/19/44
f 39/21/45 15/21/45 109/21/45 110/25/45
f 113/1/46 114/4/46 116/3/46 115/2/46
f 119/5/47 120/8/47 118/7/47 117/6/47
f 114/4/48 113/1/48 117/6/48 118/7/48
f 120/8/49 119/5/49 115/2/49 116/3/49
f 117/6/41 113/1/41 115/2/41 119/5/41
f 130/9/50 129/12/50 121/11/50 122/10/50
f 129/12/51 131/14/51 123/13/51 121/11/51
s 1
f 131/14/52 132/16/53 124/15/54 123/13/55
f 132/16/53 133/18/56 125/17/57 124/15/54
f 133/18/56 134/20/58 126/19/59 125/17/57
s 0
f 134/20/60 135/22/60 127/21/60 126/19/60
f 135/22/61 136/24/61 128/23/61 127/21/61
f 136/24/62 130/9/62 122/10/62 128/23/62
f 138/9/63 146/10/63 145/11/63 137/12/63
f 137/12/64 145/11/64 147/13/64 139/14/64
s 1
f 139/14/65 147/13/66 148/15/67 140/16/68
f 140/16/68 148/15/67 149/17/69 141/18/70
f 141/18/70 149/17/69 150/19/71 142/20/72
s 0
f 142/20/73 150/19/73 151/21/73 143/22/73
f 143/22/74 151/21/74 152/23/74 144/24/74
f 144/24/75 152/23/75 146/10/75 138/9/75
s 1
f 125/17/57 149/17/69 148/15/67 124/15/54
f 126/19/59 150/19/71 149/17/69 125/17/57
s 0
f 134/20/76 142/20/76 143/22/76 135/22/76
f 222/25/77 155/21/77 153/21/77 221/21/77
f 128/23/78 152/23/78 151/21/78 127/21/78
f 122/10/79 146/10/79 152/23/79 128/23/79
f 121/11/80 145/11/80 146/10/80 122/10/80
f 123/13/76 147/13/76 145/11/76 121/11/76
s 1
f 124/15/54 148/15/67 147/13/66 123/13/55
s 0
f 153/21/81 155/21/81 156/19/81 154/19/81
f 224/19/82 154/19/82 156/19/82 223/19/82
f 223/19/83 156/19/83 155/21/83 222/25/83
f 221/21/84 153/21/84 154/19/84 224/19/84
f 166/9/85 165/12/85 157/11/85 158/10/85
f 165/12/51 167/14/51 159/13/51 157/11/51
s 1
f 167/14/52 168/16/53 160/15/54 159/13/55
f 168/16/53 169/18/86 161/17/87 160/15/54
f 169/18/86 170/20/88 162/19/89 161/17/87
s 0
f 170/20/90 171/22/90 163/21/90 162/19/90
f 171/22/91 172/24/91 164/23/91 163/21/91
f 172/24/62 166/9/62 158/10/62 164/23/62
f 174/9/92 182/10/92 181/11/92 173/12/92
f 173/12/64 181/11/64 183/13/64 175/14/64
s 1
f 175/14/93 183/13/66 184/15/67 176/16/68
f 176/16/68 184/15/67 185/17/94 177/18/95
f 177/18/95 185/17/94 186/19/96 178/20/97
s 0
f 178/20/98 186/19/98 187/21/98 179/22/98
f 179/22/99 187/21/99 188/23/99 180/24/99
f 180/24/75 188/23/75 182/10/75 174/9/75
s 1
f 161/17/87 185/17/94 184/15/67 160/15/54
f 162/19/89 186/19/96 185/17/94 161/17/87
s 0
f 170/20/76 178/20/76 179/22/76 171/22/76
f 218/26/100 191/21/100 189/21/100 217/26/100
f 164/23/101 188/23/101 187/21/101 163/21/101
f 158/10/79 182/10/79 188/23/79 164/23/79
f 157/11/80 181/11/80 182/10/80 158/10/80
f 159/13/76 183/13/76 181/11/76 157/11/76
s 1
f 160/15/54 184/15/67 183/13/66 159/13/55
s 0
f 189/21/102 191/21/102 192/19/102 190/19/102
f 220/27/103 190/19/103 192/19/103 219/19/103
f 219/19/104 192/19/104 191/21/104 218/26/104
f 217/26/105 189/21/105 190/19/105 220/27/105
f 216/28/106 195/31/106 204/30/106 210/29/106
f 215/32/107 211/34/107 198/30/107 196/33/107
f 195/35/108 196/38/108 198/37/108 204/36/108
f 210/29/109 204/30/109 194/40/109 209/39/109
f 211/34/110 212/41/110 193/40/110 198/30/110
f 204/36/111 198/37/111 193/43/111 194/42/111
f 212/41/112 214/45/112 199/44/112 193/40/112
f 213/46/113 200/49/113 199/48/113 214/47/113
f 215/50/114 196/38/114 195/35/114 216/51/114
f 209/39/115 194/40/115 200/53/115 213/52/115
f 194/42/116 193/43/116 199/55/116 200/54/116
f 201/56/117 209/39/117 213/52/117 206/57/117
f 208/58/118 215/50/118 216/51/118 207/59/118
f 206/60/119 213/46/119 214/47/119 205/61/119
f 202/62/120 205/54/120 214/45/120 212/41/120
f 208/63/121 203/64/121 211/34/121 215/32/121
f 207/60/122 216/28/122 210/29/122 197/65/122
f 211/66/123 203/69/123 197/68/123 210/67/123
f 211/70/124 210/72/124 209/71/124 212/55/124
f 212/61/125 209/73/125 201/68/125 202/69/125
f 163/21/126 217/26/126 220/27/126 162/19/126
f 186/19/127 219/19/127 218/26/127 187/21/127
f 162/19/128 220/27/128 219/19/128 186/19/128
f 187/21/129 218/26/129 217/26/129 163/21/129
f 127/21/130 221/21/130 224/19/130 126/19/130
f 150/19/131 223/19/131 222/25/131 151/21/131
f 126/19/132 224/19/132 223/19/132 150/19/132
f 151/21/133 222/25/133 221/21/133 127/21/133
f 2/4/134 4/3/134 116/3/134 114/4/134
f 8/8/135 6/7/135 118/7/135 120/8/135
f 6/7/136 2/4/136 114/4/136 118/7/136
f 4/3/137 8/8/137 120/8/137 116/3/137
f 18/9/80 17/12/80 129/12/80 130/9/80
f 17/12/76 19/14/76 131/14/76 129/12/76
s 1
f 19/14/7 20/16/10 132/16/53 131/14/52
f 20/16/10 21/18/12 133/18/56 132/16/53
f 21/18/12 22/20/14 134/20/58 133/18/56
s 0
f 23/22/138 24/24/138 136/24/138 135/22/138
f 24/24/79 18/9/79 130/9/79 136/24/79
f 25/12/80 26/9/80 138/9/80 137/12/80
f 27/14/76 25/12/76 137/12/76 139/14/76
s 1
f 28/16/17 27/14/16 139/14/65 140/16/68
f 29/18/20 28/16/17 140/16/68 141/18/70
f 30/20/22 29/18/20 141/18/70 142/20/72
s 0
f 32/24/139 31/22/139 143/22/139 144/24/139
f 26/9/79 32/24/79 144/24/79 138/9/79
f 22/20/79 30/20/79 142/20/79 134/20/79
f 31/22/27 23/22/27 135/22/27 143/22/27
f 54/9/80 53/12/80 165/12/80 166/9/80
f 53/12/76 55/14/76 167/14/76 165/12/76
s 1
f 55/14/7 56/16/10 168/16/53 167/14/52
f 56/16/10 57/18/12 169/18/86 168/16/53
f 57/18/12 58/20/14 170/20/88 169/18/86
s 0
f 59/22/138 60/24/138 172/24/138 171/22/138
f 60/24/79 54/9/79 166/9/79 172/24/79
f 61/12/80 62/9/80 174/9/80 173/12/80
f 63/14/76 61/12/76 173/12/76 175/14/76
s 1
f 64/16/17 63/14/16 175/14/93 176/16/68
f 65/18/20 64/16/17 176/16/68 177/18/95
f 66/20/22 65/18/20 177/18/95 178/20/97
s 0
f 68/24/139 67/22/139 179/22/139 180/24/139
f 62/9/79 68/24/79 180/24/79 174/9/79
f 58/20/79 66/20/79 178/20/79 170/20/79
f 67/22/27 59/22/27 171/22/27 179/22/27
f 93/61/140 94/60/140 206/60/140 205/61/140
f 95/59/141 96/58/141 208/58/141 207/59/141
f 94/57/142 89/56/142 201/56/142 206/57/142
f 90/62/142 93/54/142 205/54/142 202/62/142
f 96/63/142 91/64/142 203/64/142 208/63/142
f 85/65/142 95/60/142 207/60/142 197/65/142
f 91/69/140 85/68/140 197/68/140 203/69/140
f 89/68/141 90/69/141 202/69/141 201/68/141
o CastIronStove_OvenDoor
v 0.106327 0.579630 0.386668
v -0.019204 0.467456 0.364850
v 0.106327 0.899682 0.386668
v -0.019204 1.011856 0.364850
v 0.416497 0.579630 0.386668
v 0.542028 0.467456 0.364850
v 0.416497 0.899682 0.386668
v 0.542028 1.011856 0.364850
v 0.588475 0.588063 0.367661
v 0.577976 0.588063 0.358293
v 0.589274 0.588063 0.381709
v 0.579906 0.588063 0.392208
v 0.565858 0.588063 0.393007
v 0.555359 0.588063 0.383639
v 0.554560 0.588063 0.369591
v 0.563928 0.588063 0.359093
v 0.581896 0.588063 0.370836
v 0.575569 0.588063 0.365190
v 0.582378 0.588063 0.379302
v 0.576732 0.588063 0.385629
v 0.568265 0.588063 0.386111
v 0.561938 0.588063 0.380465
v 0.561456 0.588063 0.371999
v 0.567102 0.588063 0.365671
v 0.581896 0.555326 0.370836
v 0.575569 0.555326 0.365190
v 0.582378 0.555326 0.379302
v 0.576732 0.555326 0.385629
v 0.568265 0.555326 0.386111
v 0.561938 0.555326 0.380465
v 0.561456 0.555326 0.371999
v 0.567102 0.555326 0.365671
v 0.588475 0.555326 0.367661
v 0.577976 0.555326 0.358293
v 0.589274 0.555326 0.381709
v 0.579906 0.555326 0.392208
v 0.565858 0.555326 0.393007
v 0.555359 0.555326 0.383639
v 0.554560 0.555326 0.369591
v 0.563928 0.555326 0.359093
v 0.517280 0.588063 0.371752
v 0.487140 0.588063 0.390818
v 0.517280 0.555326 0.371752
v 0.487140 0.555326 0.390818
v 0.588475 0.911775 0.367661
v 0.577976 0.911775 0.358293
v 0.589274 0.911775 0.381709
v 0.579906 0.911775 0.392208
v 0.565858 0.911775 0.393007
v 0.555359 0.911775 0.383639
v 0.554560 0.911775 0.369591
v 0.563928 0.911775 0.359093
v 0.581896 0.911775 0.370836
v 0.575569 0.911775 0.365190
v 0.582378 0.911775 0.379302
v 0.576732 0.911775 0.385629
v 0.568265 0.911775 0.386111
v 0.561938 0.911775 0.380465
v 0.561456 0.911775 0.371999
v 0.567102 0.911775 0.365671
v 0.581896 0.879038 0.370836
v 0.575569 0.879038 0.365190
v 0.582378 0.879038 0.379302
v 0.576732 0.879038 0.385629
v 0.568265 0.879038 0.386111
v 0.561938 0.879038 0.380465
v 0.561456 0.879038 0.371999
v 0.567102 0.879038 0.365671
v 0.588475 0.879038 0.367661
v 0.577976 0.879038 0.358293
v 0.589274 0.879038 0.381709
v 0.579906 0.879038 0.392208
v 0.565858 0.879038 0.393007
v 0.555359 0.879038 0.383639
v 0.554560 0.879038 0.369591
v 0.563928 0.879038 0.359093
v 0.517280 0.911775 0.370715
v 0.487140 0.911775 0.389781
v 0.517280 0.879038 0.370715
v 0.487140 0.879038 0.389781
v 0.041303 0.781338 0.440785
v 0.062409 0.781338 0.440785
v 0.062409 0.654085 0.431223
v 0.041303 0.654085 0.431223
v 0.060809 0.675151 0.385022
v 0.041303 0.675151 0.440785
v 0.041303 0.804506 0.426204
v 0.062409 0.804506 0.426204
v 0.060809 0.781338 0.385022
v 0.039702 0.781338 0.385022
v 0.039702 0.675151 0.385022
v 0.062409 0.675151 0.440785
v 0.039702 0.812214 0.385022
v 0.060809 0.812214 0.385022
v 0.060809 0.646377 0.385022
v 0.039702 0.646377 0.385022
v 0.061539 0.781338 0.423094
v 0.061539 0.675151 0.423094
v 0.040433 0.675151 0.423094
v 0.040433 0.781338 0.423094
v 0.061539 0.812214 0.423094
v 0.040433 0.812214 0.423094
v 0.040433 0.646377 0.423094
v 0.061539 0.646377 0.423094
v 0.035516 0.507753 0.388804
v 0.035516 0.971559 0.388804
v 0.487308 0.971559 0.388804
v 0.487308 0.507753 0.388804
v 0.106327 0.579630 0.364958
v 0.106327 0.899682 0.364958
v 0.416497 0.899682 0.364958
v 0.416497 0.579630 0.364958
v 0.542186 0.588063 0.364631
v 0.542186 0.555326 0.364631
v 0.542985 0.555326 0.380557
v 0.542985 0.588063 0.380557
v 0.541939 0.911775 0.364369
v 0.541939 0.879038 0.364369
v 0.542739 0.879038 0.380320
v 0.542739 0.911775 0.380320
v 0.103200 0.576505 0.377698
v -0.016749 0.469724 0.355425
v 0.103200 0.902807 0.377698
v -0.016749 1.009588 0.355425
v 0.419624 0.576505 0.377698
v 0.539572 0.469724 0.355425
v 0.419624 0.902807 0.377698
v 0.539572 1.009588 0.355425
v 0.581482 0.581760 0.371035
v 0.575417 0.581760 0.365623
v 0.581944 0.581760 0.379151
v 0.576532 0.581760 0.385215
v 0.568417 0.581760 0.385677
v 0.558368 0.580410 0.377948
v 0.555720 0.579447 0.374533
v 0.567302 0.581760 0.366085
v 0.581896 0.578063 0.370836
v 0.575569 0.578063 0.365190
v 0.582378 0.578063 0.379302
v 0.576732 0.578063 0.385629
v 0.568265 0.578063 0.386111
v 0.561938 0.578063 0.380465
v 0.561456 0.578063 0.371999
v 0.567102 0.578063 0.365671
v 0.581896 0.565326 0.370836
v 0.575569 0.565326 0.365190
v 0.582378 0.565326 0.379302
v 0.576732 0.565326 0.385629
v 0.568265 0.565326 0.386111
v 0.561938 0.565326 0.380465
v 0.561456 0.565326 0.371999
v 0.567102 0.565326 0.365671
v 0.581482 0.561629 0.371035
v 0.575417 0.561629 0.365623
v 0.581944 0.561629 0.379151
v 0.576532 0.561629 0.385215
v 0.568417 0.561629 0.385677
v 0.558368 0.562979 0.377948
v 0.555720 0.563942 0.374533
v 0.567302 0.561629 0.366085
v 0.520292 0.581298 0.378473
v 0.494983 0.582669 0.387750
v 0.520292 0.562091 0.378473
v 0.494983 0.560720 0.387750
v 0.581482 0.905472 0.371035
v 0.575417 0.905472 0.365623
v 0.581944 0.905472 0.379151
v 0.576532 0.905472 0.385215
v 0.568417 0.905472 0.385677
v 0.558414 0.904138 0.377951
v 0.555687 0.903145 0.374516
v 0.567302 0.905472 0.366085
v 0.581896 0.901775 0.370836
v 0.575569 0.901775 0.365190
v 0.582378 0.901775 0.379302
v 0.576732 0.901775 0.385629
v 0.568265 0.901775 0.386111
v 0.558230 0.902490 0.380676
v 0.557748 0.902490 0.372210
v 0.567102 0.901775 0.365671
v 0.581896 0.889038 0.370836
v 0.575569 0.889038 0.365190
v 0.582378 0.889038 0.379302
v 0.576732 0.889038 0.385629
v 0.568265 0.889038 0.386111
v 0.558230 0.888323 0.380676
v 0.557748 0.888323 0.372210
v 0.567102 0.889038 0.365671
v 0.581482 0.885341 0.371035
v 0.575417 0.885341 0.365623
v 0.581944 0.885341 0.379151
v 0.576532 0.885341 0.385215
v 0.568417 0.885341 0.385677
v 0.558414 0.886675 0.377951
v 0.555687 0.887668 0.374516
v 0.567302 0.885341 0.366085
v 0.520212 0.905037 0.377498
v 0.495002 0.906380 0.386765
v 0.520212 0.885776 0.377498
v 0.495002 0.884433 0.386765
v 0.047583 0.779235 0.433292
v 0.055703 0.779224 0.433674
v 0.055447 0.658390 0.425479
v 0.047645 0.658441 0.424836
v 0.053782 0.668037 0.385157
v 0.047733 0.676728 0.433290
v 0.047702 0.801141 0.419296
v 0.055128 0.801237 0.420180
v 0.053782 0.788451 0.385157
v 0.046815 0.788365 0.384886
v 0.046815 0.668124 0.384886
v 0.055595 0.676744 0.433641
v 0.046815 0.805187 0.384886
v 0.053782 0.805100 0.385157
v 0.053782 0.653490 0.385157
v 0.046815 0.653404 0.384886
v 0.052647 0.784345 0.426542
v 0.052618 0.672169 0.426488
v 0.049586 0.672101 0.425723
v 0.049610 0.784364 0.425666
v 0.055551 0.805608 0.418566
v 0.046494 0.805588 0.418694
v 0.046772 0.653518 0.420126
v 0.055228 0.653623 0.420325
v 0.036963 0.509843 0.379133
v 0.036963 0.969469 0.379133
v 0.485861 0.969469 0.379133
v 0.485861 0.509843 0.379133
v 0.100554 0.573856 0.359184
v 0.100554 0.905456 0.359184
v 0.422270 0.905456 0.359184
v 0.422270 0.573856 0.359184
v 0.541792 0.581653 0.372297
v 0.541792 0.561736 0.372297
v 0.543189 0.562906 0.374036
v 0.543189 0.580484 0.374036
v 0.541402 0.905352 0.372015
v 0.541402 0.885462 0.372015
v 0.543028 0.886617 0.373802
v 0.543028 0.904196 0.373802
vn -0.4010 -0.0000 0.9161
vn 0.4010 -0.0000 0.9161
vn -0.0000 -0.5110 0.8596
vn -0.0000 0.5110 0.8596
vn -0.0000 1.0000 -0.0000
vn -0.1959 0.8042 0.5612
vn -0.5353 0.8042 0.2583
vn 0.6993 0.6302 -0.3374
vn 0.2559 0.6302 -0.7330
vn -0.5612 0.8042 -0.1959
vn 0.7330 0.6302 0.2559
vn -0.2583 0.8042 -0.5353
vn 0.3374 0.6302 0.6993
vn 0.1959 0.8042 -0.5612
vn -0.2559 0.6302 0.7330
vn 0.5353 0.8042 -0.2583
vn -0.3693 0.8320 0.4139
vn 0.5612 0.8042 0.1959
vn -0.4139 0.8320 -0.3693
vn 0.2583 0.8042 0.5353
vn -0.3374 0.6302 -0.6993
vn -0.1959 -0.8042 0.5612
vn 0.2559 -0.6302 -0.7330
vn 0.6993 -0.6302 -0.3374
vn -0.5353 -0.8042 0.2583
vn 0.7330 -0.6302 0.2559
vn -0.5612 -0.8042 -0.1959
vn 0.3374 -0.6302 0.6993
vn -0.2583 -0.8042 -0.5353
vn -0.2559 -0.6302 0.7330
vn 0.1959 -0.8042 -0.5612
vn -0.3693 -0.8320 0.4139
vn 0.5353 -0.8042 -0.2583
vn -0.4139 -0.8320 -0.3693
vn 0.5612 -0.8042 0.1959
vn -0.3374 -0.6302 -0.6993
vn 0.2583 -0.8042 0.5353
vn -0.2749 -0.0000 -0.9615
vn -0.5346 -0.0000 -0.8451
vn 0.1807 -0.0000 0.9835
vn -0.0000 -1.0000 -0.0000
vn 0.1633 0.7838 -0.5992
vn 0.5545 0.7904 -0.2604
vn 0.5805 0.7904 0.1959
vn 0.2302 0.7838 0.5768
vn 0.1633 -0.7838 -0.5992
vn 0.5545 -0.7904 -0.2604
vn 0.5805 -0.7904 0.1959
vn 0.2302 -0.7838 0.5768
vn -0.2492 -0.0000 -0.9685
vn 0.1678 -0.0000 0.9858
vn 0.9974 0.0137 -0.0713
vn -0.9974 -0.0137 0.0713
vn -0.0000 -0.4133 0.9106
vn 0.9988 -0.0000 -0.0491
vn -0.9988 -0.0000 0.0491
vn -0.0000 -0.0000 1.0000
vn -0.9954 0.0250 0.0925
vn -0.0000 0.3742 0.9273
vn -0.0000 -0.7257 0.6881
vn 0.9954 -0.0250 -0.0925
vn -0.0000 0.5326 0.8464
vn 0.9998 -0.0000 -0.0192
vn -0.9998 -0.0000 0.0192
vn -0.0000 -0.0000 -1.0000
vn 0.0302 -0.0000 0.9995
vn -0.0302 -0.0000 0.9995
vn -0.0000 0.0297 0.9996
vn -0.0000 -0.0297 0.9996
vn 1.0000 -0.0000 -0.0000
vn -1.0000 -0.0000 -0.0000
vn -0.2417 -0.0000 0.9703
vn 0.3721 -0.0000 -0.9282
vn -0.2544 -0.0000 0.9671
vn 0.3823 -0.0000 -0.9240
vn 0.4038 -0.0000 -0.9148
vn -0.4038 -0.0000 -0.9148
vn -0.0000 0.5087 -0.8609
vn -0.0000 -0.5087 -0.8609
vn -0.0000 -0.9899 0.1416
vn -0.0958 0.9569 0.2743
vn 0.0594 0.9836 -0.1702
vn 0.1624 0.9836 -0.0784
vn -0.2617 0.9569 0.1263
vn 0.1702 0.9836 0.0594
vn -0.2743 0.9569 -0.0957
vn 0.0783 0.9836 0.1624
vn -0.1262 0.9569 -0.2617
vn -0.2569 0.9506 0.1743
vn 0.3473 0.9102 -0.2256
vn -0.1026 -0.9729 -0.2071
vn 0.4142 -0.6101 0.6754
vn 0.1285 -0.7169 0.6852
vn 0.3206 -0.8520 -0.4140
vn -0.3284 -0.9338 0.1419
vn 0.7875 -0.5981 -0.1491
vn -0.0958 -0.9569 0.2743
vn -0.2616 -0.9569 0.1263
vn 0.1624 -0.9836 -0.0784
vn 0.0594 -0.9836 -0.1702
vn -0.2743 -0.9569 -0.0958
vn 0.1702 -0.9836 0.0594
vn -0.1262 -0.9569 -0.2617
vn 0.0783 -0.9836 0.1624
vn 0.3473 -0.9102 -0.2256
vn -0.2569 -0.9506 0.1743
vn 0.4142 0.6101 0.6754
vn -0.1026 0.9729 -0.2071
vn 0.3206 0.8520 -0.4140
vn 0.1285 0.7169 0.6852
vn 0.7875 0.5981 -0.1491
vn -0.3284 0.9338 0.1419
vn 0.2761 -0.0000 0.9611
vn 0.3442 -0.0000 0.9389
vn -0.2736 -0.0000 -0.9618
vn -0.0549 0.9934 -0.1010
vn -0.0549 -0.9934 -0.1010
vn -0.2616 0.9569 0.1263
vn -0.2743 0.9569 -0.0958
vn 0.1685 0.9855 -0.0213
vn 0.1275 0.9495 -0.2867
vn -0.8577 -0.5130 0.0346
vn -0.5261 0.1106 0.8432
vn -0.3187 -0.4947 0.8085
vn -0.6482 0.0148 -0.7614
vn 0.0013 0.9996 -0.0274
vn 0.3060 0.9474 0.0936
vn 0.1275 -0.9495 -0.2867
vn 0.1685 -0.9855 -0.0213
vn -0.5261 -0.1106 0.8432
vn -0.8577 0.5130 0.0346
vn -0.6482 -0.0148 -0.7614
vn -0.3187 0.4947 0.8085
vn 0.3060 -0.9474 0.0936
vn 0.0013 -0.9996 -0.0274
vn 0.2505 -0.0000 0.9681
vn 0.3450 -0.0000 0.9386
vn -0.2606 -0.0000 -0.9655
vn -0.0519 0.9942 -0.0939
vn -0.0519 -0.9942 -0.0939
vn -0.8944 -0.2125 0.3936
vn 0.9693 -0.1503 0.1943
vn 0.0586 0.4120 -0.9093
vn -0.9212 0.0004 0.3891
vn 0.9689 0.0006 0.2475
vn 0.0458 0.0002 -0.9990
vn 0.8957 0.2432 0.3722
vn 0.0461 -0.2396 -0.9698
vn 0.0340 0.7111 -0.7023
vn -0.7452 0.3281 0.5805
vn 0.0717 -0.5287 -0.8458
vn -0.9968 0.0789 0.0123
vn -0.0123 0.9999 -0.0033
vn -0.0043 -0.9999 0.0136
vn 0.9967 0.0763 -0.0294
vn 0.9964 -0.0789 -0.0315
vn -0.9967 -0.0802 0.0081
vn -0.0120 -0.9951 0.0984
vn -0.2609 0.0001 0.9654
vn -0.0181 0.9950 0.0985
vn -0.0217 -0.0000 -0.9998
vn 0.0217 -0.0000 -0.9998
vn -0.0000 -0.0215 -0.9998
vn -0.0000 0.0215 -0.9998
vn -0.9899 -0.0000 0.1415
vn -0.0000 0.9899 0.1416
vn 0.9899 -0.0000 0.1415
vn -0.0834 -0.9962 0.0255
vn -0.0834 0.9962 0.0255
vn 0.2496 -0.0000 -0.9684
vn -0.1586 -0.0000 0.9873
vn -0.0849 -0.9956 0.0399
vn -0.0849 0.9956 0.0399
vn 0.2603 -0.0000 -0.9655
vn -0.1725 -0.0000 0.9850
vn -0.9677 -0.0000 -0.2521
vn 0.9677 -0.0000 -0.2521
vn -0.0000 -0.9722 -0.2340
vn -0.0000 0.9722 -0.2340
vn 0.0097 0.0002 -1.0000
vn 0.0097 -0.0002 -1.0000
vn -0.0192 -0.0000 -0.9998
vt 0.162774 0.401697
vt 0.231874 0.401697
vt 0.237877 0.409605
vt 0.156770 0.409605
vt 0.231874 0.336406
vt 0.162774 0.336406
vt 0.156770 0.322567
vt 0.237877 0.322567
vt 0.168342 0.396296
vt 0.168342 0.341807
vt 0.872070 0.879986
vt 0.878955 0.877134
vt 0.883494 0.881673
vt 0.872070 0.886405
vt 0.881806 0.870250
vt 0.888225 0.870250
vt 0.878955 0.863365
vt 0.883494 0.858826
vt 0.872070 0.860513
vt 0.872070 0.854094
vt 0.865185 0.863365
vt 0.860646 0.858826
vt 0.862334 0.870250
vt 0.855915 0.870250
vt 0.865185 0.877134
vt 0.860646 0.881673
vt 0.856093 0.869819
vt 0.856093 0.869819
vt 0.860647 0.858826
vt 0.860646 0.858826
vt 0.855915 0.870250
vt 0.855915 0.870250
vt 0.860646 0.858826
vt 0.860646 0.858826
vt 0.873227 0.922680
vt 0.873227 0.908584
vt 0.887395 0.908584
vt 0.882711 0.918904
vt 0.901563 0.922680
vt 0.892079 0.918904
vt 0.901563 0.908584
vt 0.924831 0.915166
vt 0.924831 0.905057
vt 0.949788 0.905057
vt 0.949788 0.915166
vt 0.873227 0.856565
vt 0.887395 0.856565
vt 0.901563 0.856565
vt 0.924831 0.853087
vt 0.949788 0.853087
vt 0.894538 0.845214
vt 0.901563 0.841439
vt 0.849960 0.945640
vt 0.874917 0.945640
vt 0.874917 0.953185
vt 0.849960 0.953185
vt 0.949788 0.925048
vt 0.924831 0.925048
vt 0.873227 0.841439
vt 0.880253 0.845214
vt 0.924831 0.841439
vt 0.949788 0.841439
vt 0.849960 0.856565
vt 0.849960 0.841439
vt 0.949788 0.948132
vt 0.924831 0.948132
vt 0.849960 0.922680
vt 0.874917 0.922680
vt 0.924831 0.856565
vt 0.924831 0.922680
vt 0.924831 0.908584
vt 0.849960 0.908584
vt 0.920960 0.922680
vt 0.920960 0.947637
vt 0.898001 0.947637
vt 0.898001 0.922680
vt 0.949788 0.893458
vt 0.974745 0.841439
vt 0.974745 0.893458
vt 0.874917 0.947637
vt 0.226306 0.396296
vt 0.226306 0.341807
s 0
usemtl StoveBodyMaterial
f 329/74/143 330/75/143 228/76/143 226/77/143
f 331/78/144 332/79/144 230/80/144 232/81/144
f 226/77/145 230/80/145 332/79/145 329/74/145
f 232/81/146 228/76/146 330/75/146 331/78/146
f 225/82/147 229/83/147 336/83/147 333/82/147
s 1
f 242/84/148 241/85/149 233/86/150 234/87/151
f 241/85/149 243/88/152 235/89/153 233/86/150
f 243/88/152 244/90/154 236/91/155 235/89/153
f 244/90/154 245/92/156 237/93/157 236/91/155
f 245/92/156 246/94/158 238/95/159 237/93/157
f 246/94/158 247/96/160 239/97/161 238/95/159
f 247/96/160 248/98/162 240/99/163 239/97/161
f 248/98/162 242/84/148 234/87/151 240/99/163
f 250/84/164 258/87/165 257/86/166 249/85/167
f 249/85/167 257/86/166 259/89/168 251/88/169
f 251/88/169 259/89/168 260/91/170 252/90/171
f 252/90/171 260/91/170 261/93/172 253/92/173
f 253/92/173 261/93/172 262/95/174 254/94/175
f 254/94/175 262/95/174 263/97/176 255/96/177
f 255/96/177 263/97/176 264/99/178 256/98/179
f 256/98/179 264/99/178 258/87/165 250/84/164
f 237/93/157 261/93/172 260/91/170 236/91/155
f 238/95/159 262/95/174 261/93/172 237/93/157
s 0
f 338/100/180 267/97/180 265/97/180 337/101/180
s 1
f 240/99/163 264/99/178 263/97/176 239/97/161
f 234/87/151 258/87/165 264/99/178 240/99/163
f 233/86/150 257/86/166 258/87/165 234/87/151
f 235/89/153 259/89/168 257/86/166 233/86/150
f 236/91/155 260/91/170 259/89/168 235/89/153
s 0
f 265/97/181 267/97/181 268/95/181 266/95/181
f 340/102/182 266/95/182 268/95/182 339/103/182
f 339/103/183 268/95/183 267/97/183 338/100/183
f 337/101/147 265/97/147 266/95/147 340/102/147
s 1
f 278/84/148 277/85/149 269/86/150 270/87/151
f 277/85/149 279/88/152 271/89/153 269/86/150
f 279/88/152 280/90/154 272/91/155 271/89/153
f 280/90/154 281/92/184 273/93/157 272/91/155
f 281/92/184 282/94/185 274/95/159 273/93/157
f 282/94/185 283/96/186 275/97/161 274/95/159
f 283/96/186 284/98/187 276/99/163 275/97/161
f 284/98/187 278/84/148 270/87/151 276/99/163
f 286/84/164 294/87/165 293/86/166 285/85/167
f 285/85/167 293/86/166 295/89/168 287/88/169
f 287/88/169 295/89/168 296/91/170 288/90/171
f 288/90/171 296/91/170 297/93/172 289/92/188
f 289/92/188 297/93/172 298/95/174 290/94/189
f 290/94/189 298/95/174 299/97/176 291/96/190
f 291/96/190 299/97/176 300/99/178 292/98/191
f 292/98/191 300/99/178 294/87/165 286/84/164
f 273/93/157 297/93/172 296/91/170 272/91/155
f 274/95/159 298/95/174 297/93/172 273/93/157
f 282/94/185 290/94/189 291/96/190 283/96/186
s 0
f 342/104/192 303/97/192 301/97/192 341/105/192
s 1
f 276/99/163 300/99/178 299/97/176 275/97/161
f 270/87/151 294/87/165 300/99/178 276/99/163
f 269/86/150 293/86/166 294/87/165 270/87/151
f 271/89/153 295/89/168 293/86/166 269/86/150
f 272/91/155 296/91/170 295/89/168 271/89/153
s 0
f 301/97/181 303/97/181 304/95/181 302/95/181
f 344/106/193 302/95/193 304/95/193 343/107/193
f 343/107/183 304/95/183 303/97/183 342/104/183
f 341/105/147 301/97/147 302/95/147 344/106/147
f 328/108/194 322/109/194 316/110/194 307/111/194
f 327/112/195 308/113/195 310/110/195 323/114/195
f 307/115/196 316/116/196 310/117/196 308/118/196
f 322/109/197 321/119/197 306/120/197 316/110/197
f 323/114/198 310/110/198 305/120/198 324/121/198
f 316/116/199 306/122/199 305/123/199 310/117/199
f 324/121/200 305/120/200 311/124/200 326/125/200
f 325/126/201 326/127/201 311/128/201 312/129/201
f 327/130/202 328/131/202 307/115/202 308/118/202
f 321/119/203 325/132/203 312/133/203 306/120/203
f 306/122/204 312/134/204 311/135/204 305/123/204
f 313/136/205 318/137/205 325/132/205 321/119/205
f 320/138/183 319/139/183 328/131/183 327/130/183
f 318/140/147 317/141/147 326/127/147 325/126/147
f 314/142/206 324/121/206 326/125/206 317/134/206
f 320/143/206 327/112/206 323/114/206 315/144/206
f 319/140/205 309/145/205 322/109/205 328/108/205
f 323/146/147 322/147/147 309/148/147 315/149/147
f 323/150/207 324/135/207 321/151/207 322/152/207
f 324/141/183 314/149/183 313/148/183 321/153/183
f 225/82/208 227/154/208 330/75/208 329/74/208
f 231/155/209 229/83/209 332/79/209 331/78/209
f 229/83/210 225/82/210 329/74/210 332/79/210
f 227/154/211 231/155/211 331/78/211 330/75/211
f 227/154/212 225/82/212 333/82/212 334/154/212
f 231/155/183 227/154/183 334/154/183 335/155/183
f 229/83/213 231/155/213 335/155/213 336/83/213
f 239/97/147 337/101/147 340/102/147 238/95/147
f 262/95/183 339/103/183 338/100/183 263/97/183
f 238/95/214 340/102/214 339/103/214 262/95/214
f 263/97/215 338/100/215 337/101/215 239/97/215
f 275/97/147 341/105/147 344/106/147 274/95/147
f 298/95/183 343/107/183 342/104/183 299/97/183
f 274/95/216 344/106/216 343/107/216 298/95/216
f 299/97/217 342/104/217 341/105/217 275/97/217
f 449/74/218 346/77/218 348/76/218 450/75/218
f 451/78/219 352/81/219 350/80/219 452/79/219
f 346/77/220 449/74/220 452/79/220 350/80/220
f 352/81/221 451/78/221 450/75/221 348/76/221
f 345/82/222 453/82/222 456/83/222 349/83/222
s 1
f 362/84/223 354/87/224 353/86/225 361/85/226
f 361/85/226 353/86/225 355/89/227 363/88/228
f 363/88/228 355/89/227 356/91/229 364/90/230
f 364/90/230 356/91/229 357/93/231 365/92/232
f 365/92/232 357/93/231 358/95/233 366/94/234
f 366/94/234 358/95/233 359/97/235 367/96/236
f 367/96/236 359/97/235 360/99/237 368/98/238
f 368/98/238 360/99/237 354/87/224 362/84/223
f 370/84/239 369/85/240 377/86/241 378/87/242
f 369/85/240 371/88/243 379/89/244 377/86/241
f 371/88/243 372/90/245 380/91/246 379/89/244
f 372/90/245 373/92/247 381/93/248 380/91/246
f 373/92/247 374/94/249 382/95/250 381/93/248
f 374/94/249 375/96/251 383/97/252 382/95/250
f 375/96/251 376/98/253 384/99/254 383/97/252
f 376/98/253 370/84/239 378/87/242 384/99/254
f 357/93/231 356/91/229 380/91/246 381/93/248
f 358/95/233 357/93/231 381/93/248 382/95/250
s 0
f 458/100/255 457/101/255 385/97/255 387/97/255
s 1
f 360/99/237 359/97/235 383/97/252 384/99/254
f 354/87/224 360/99/237 384/99/254 378/87/242
f 353/86/225 354/87/224 378/87/242 377/86/241
f 355/89/227 353/86/225 377/86/241 379/89/244
f 356/91/229 355/89/227 379/89/244 380/91/246
s 0
f 385/97/256 386/95/256 388/95/256 387/97/256
f 460/102/257 459/103/257 388/95/257 386/95/257
f 459/103/258 458/100/258 387/97/258 388/95/258
f 457/101/259 460/102/259 386/95/259 385/97/259
s 1
f 398/84/223 390/87/224 389/86/225 397/85/260
f 397/85/260 389/86/225 391/89/227 399/88/261
f 399/88/261 391/89/227 392/91/229 400/90/230
f 400/90/230 392/91/229 393/93/262 401/92/263
f 401/92/263 393/93/262 394/95/264 402/94/265
f 402/94/265 394/95/264 395/97/266 403/96/267
f 403/96/267 395/97/266 396/99/268 404/98/269
f 404/98/269 396/99/268 390/87/224 398/84/223
f 406/84/239 405/85/240 413/86/241 414/87/242
f 405/85/240 407/88/243 415/89/244 413/86/241
f 407/88/243 408/90/245 416/91/246 415/89/244
f 408/90/245 409/92/270 417/93/271 416/91/246
f 409/92/270 410/94/272 418/95/273 417/93/271
f 410/94/272 411/96/274 419/97/275 418/95/273
f 411/96/274 412/98/276 420/99/277 419/97/275
f 412/98/276 406/84/239 414/87/242 420/99/277
f 393/93/262 392/91/229 416/91/246 417/93/271
f 394/95/264 393/93/262 417/93/271 418/95/273
f 402/94/265 403/96/267 411/96/274 410/94/272
s 0
f 462/104/278 461/105/278 421/97/278 423/97/278
s 1
f 396/99/268 395/97/266 419/97/275 420/99/277
f 390/87/224 396/99/268 420/99/277 414/87/242
f 389/86/225 390/87/224 414/87/242 413/86/241
f 391/89/227 389/86/225 413/86/241 415/89/244
f 392/91/229 391/89/227 415/89/244 416/91/246
s 0
f 421/97/279 422/95/279 424/95/279 423/97/279
f 464/106/280 463/107/280 424/95/280 422/95/280
f 463/107/281 462/104/281 423/97/281 424/95/281
f 461/105/282 464/106/282 422/95/282 421/97/282
f 448/108/283 427/111/283 436/110/283 442/109/283
f 447/112/284 443/114/284 430/110/284 428/113/284
f 427/115/285 428/118/285 430/117/285 436/116/285
f 442/109/286 436/110/286 426/120/286 441/119/286
f 443/114/287 444/121/287 425/120/287 430/110/287
f 436/116/288 430/117/288 425/123/288 426/122/288
f 444/121/289 446/125/289 431/124/289 425/120/289
f 445/126/290 432/129/290 431/128/290 446/127/290
f 447/130/291 428/118/291 427/115/291 448/131/291
f 441/119/292 426/120/292 432/133/292 445/132/292
f 426/122/293 425/123/293 431/135/293 432/134/293
f 433/136/294 441/119/294 445/132/294 438/137/294
f 440/138/295 447/130/295 448/131/295 439/139/295
f 438/140/296 445/126/296 446/127/296 437/141/296
f 434/142/297 437/134/297 446/125/297 444/121/297
f 440/143/298 435/144/298 443/114/298 447/112/298
f 439/140/299 448/108/299 442/109/299 429/145/299
f 443/146/300 435/149/300 429/148/300 442/147/300
f 443/150/301 442/152/301 441/151/301 444/135/301
f 444/141/302 441/153/302 433/148/302 434/149/302
f 345/82/303 449/74/303 450/75/303 347/154/303
f 351/155/304 451/78/304 452/79/304 349/83/304
f 349/83/305 452/79/305 449/74/305 345/82/305
f 347/154/306 450/75/306 451/78/306 351/155/306
f 347/154/307 454/154/307 453/82/307 345/82/307
f 351/155/308 455/155/308 454/154/308 347/154/308
f 349/83/309 456/83/309 455/155/309 351/155/309
f 359/97/310 358/95/310 460/102/310 457/101/310
f 382/95/311 383/97/311 458/100/311 459/103/311
f 358/95/312 382/95/312 459/103/312 460/102/312
f 383/97/313 359/97/313 457/101/313 458/100/313
f 395/97/314 394/95/314 464/106/314 461/105/314
f 418/95/315 419/97/315 462/104/315 463/107/315
f 394/95/316 418/95/316 463/107/316 464/106/316
f 419/97/317 395/97/317 461/105/317 462/104/317
f 226/77/318 228/76/318 348/76/318 346/77/318
f 232/81/319 230/80/319 350/80/319 352/81/319
f 230/80/320 226/77/320 346/77/320 350/80/320
f 228/76/321 232/81/321 352/81/321 348/76/321
s 1
f 241/85/149 242/84/148 362/84/223 361/85/226
f 243/88/152 241/85/149 361/85/226 363/88/228
f 244/90/154 243/88/152 363/88/228 364/90/230
f 245/92/156 244/90/154 364/90/230 365/92/232
f 246/94/158 245/92/156 365/92/232 366/94/234
f 247/96/160 246/94/158 366/94/234 367/96/236
f 248/98/162 247/96/160 367/96/236 368/98/238
f 242/84/148 248/98/162 368/98/238 362/84/223
f 250/84/164 249/85/167 369/85/240 370/84/239
f 249/85/167 251/88/169 371/88/243 369/85/240
f 251/88/169 252/90/171 372/90/245 371/88/243
f 252/90/171 253/92/173 373/92/247 372/90/245
f 253/92/173 254/94/175 374/94/249 373/92/247
f 254/94/175 255/96/177 375/96/251 374/94/249
f 255/96/177 256/98/179 376/98/253 375/96/251
f 256/98/179 250/84/164 370/84/239 376/98/253
f 277/85/149 278/84/148 398/84/223 397/85/260
f 279/88/152 277/85/149 397/85/260 399/88/261
f 280/90/154 279/88/152 399/88/261 400/90/230
f 281/92/184 280/90/154 400/90/230 401/92/263
f 282/94/185 281/92/184 401/92/263 402/94/265
f 284/98/187 283/96/186 403/96/267 404/98/269
f 278/84/148 284/98/187 404/98/269 398/84/223
f 286/84/164 285/85/167 405/85/240 406/84/239
f 285/85/167 287/88/169 407/88/243 405/85/240
f 287/88/169 288/90/171 408/90/245 407/88/243
f 288/90/171 289/92/188 409/92/270 408/90/245
f 289/92/188 290/94/189 410/94/272 409/92/270
f 291/96/190 292/98/191 412/98/276 411/96/274
f 292/98/191 286/84/164 406/84/239 412/98/276
f 290/94/189 282/94/185 402/94/265 410/94/272
f 283/96/186 291/96/190 411/96/274 403/96/267
s 0
f 317/141/322 318/140/322 438/140/322 437/141/322
f 319/139/323 320/138/323 440/138/323 439/139/323
f 318/137/324 313/136/324 433/136/324 438/137/324
f 314/142/324 317/134/324 437/134/324 434/142/324
f 320/143/324 315/144/324 435/144/324 440/143/324
f 309/145/324 319/140/324 439/140/324 429/145/324
f 315/149/322 309/148/322 429/148/322 435/149/322
f 313/148/323 314/149/323 434/149/323 433/148/323
usemtl OvenGlassMaterial
f 336/83/199 335/155/199 334/154/199 333/82/199
f 456/83/207 453/82/207 454/154/207 455/155/207
o CastIronStove_SmallOvenDoor
v 0.035516 0.137886 0.388804
v -0.019204 0.114091 0.364850
v 0.035516 0.411753 0.388804
v -0.019204 0.435547 0.364850
v 0.487308 0.137886 0.388804
v 0.542028 0.114091 0.364850
v 0.487308 0.411753 0.388804
v 0.542028 0.435547 0.364850
v 0.588475 0.199711 0.367661
v 0.577976 0.199711 0.358293
v 0.589274 0.199711 0.381709
v 0.579906 0.199711 0.392208
v 0.565858 0.199711 0.393007
v 0.555359 0.199711 0.383639
v 0.554560 0.199711 0.369591
v 0.563928 0.199711 0.359093
v 0.581896 0.199711 0.370836
v 0.575569 0.199711 0.365190
v 0.582378 0.199711 0.379302
v 0.576732 0.199711 0.385629
v 0.568265 0.199711 0.386111
v 0.561938 0.199711 0.380465
v 0.561456 0.199711 0.371999
v 0.567102 0.199711 0.365671
v 0.581896 0.166974 0.370836
v 0.575569 0.166974 0.365190
v 0.582378 0.166974 0.379302
v 0.576732 0.166974 0.385629
v 0.568265 0.166974 0.386111
v 0.561938 0.166974 0.380465
v 0.561456 0.166974 0.371999
v 0.567102 0.166974 0.365671
v 0.588475 0.166974 0.367661
v 0.577976 0.166974 0.358293
v 0.589274 0.166974 0.381709
v 0.579906 0.166974 0.392208
v 0.565858 0.166974 0.393007
v 0.555359 0.166974 0.383639
v 0.554560 0.166974 0.369591
v 0.563928 0.166974 0.359093
v 0.486601 0.199711 0.387073
v 0.487140 0.199711 0.390818
v 0.486601 0.166974 0.387073
v 0.487140 0.166974 0.390818
v 0.588475 0.382197 0.367661
v 0.577976 0.382197 0.358293
v 0.589274 0.382197 0.381709
v 0.579906 0.382197 0.392208
v 0.565858 0.382197 0.393007
v 0.555359 0.382197 0.383639
v 0.554560 0.382197 0.369591
v 0.563928 0.382197 0.359093
v 0.581896 0.382197 0.370836
v 0.575569 0.382197 0.365190
v 0.582378 0.382197 0.379302
v 0.576732 0.382197 0.385629
v 0.568265 0.382197 0.386111
v 0.561938 0.382197 0.380465
v 0.561456 0.382197 0.371999
v 0.567102 0.382197 0.365671
v 0.581896 0.349461 0.370836
v 0.575569 0.349461 0.365190
v 0.582378 0.349461 0.379302
v 0.576732 0.349461 0.385629
v 0.568265 0.349461 0.386111
v 0.561938 0.349461 0.380465
v 0.561456 0.349461 0.371999
v 0.567102 0.349461 0.365671
v 0.588475 0.349461 0.367661
v 0.577976 0.349461 0.358293
v 0.589274 0.349461 0.381709
v 0.579906 0.349461 0.392208
v 0.565858 0.349461 0.393007
v 0.555359 0.349461 0.383639
v 0.554560 0.349461 0.369591
v 0.563928 0.349461 0.359093
v 0.486601 0.382197 0.387073
v 0.487140 0.382197 0.390818
v 0.486601 0.349461 0.387073
v 0.487140 0.349461 0.390818
v 0.041303 0.322059 0.440785
v 0.062409 0.322059 0.440785
v 0.062409 0.194807 0.431223
v 0.041303 0.194807 0.431223
v 0.062724 0.215873 0.385817
v 0.041303 0.215873 0.440785
v 0.041303 0.345228 0.426204
v 0.062409 0.345228 0.426204
v 0.062724 0.322059 0.385817
v 0.041618 0.322059 0.385817
v 0.041618 0.215873 0.385817
v 0.062409 0.215873 0.440785
v 0.041618 0.352936 0.385817
v 0.062724 0.352936 0.385817
v 0.062724 0.187099 0.385817
v 0.041618 0.187099 0.385817
v 0.062409 0.322059 0.411863
v 0.062409 0.215873 0.411863
v 0.041303 0.215873 0.411863
v 0.041303 0.322059 0.411863
v 0.062409 0.352936 0.411863
v 0.041303 0.352936 0.411863
v 0.041303 0.187099 0.411863
v 0.062409 0.187099 0.411863
v 0.542186 0.199711 0.364631
v 0.542186 0.166974 0.364631
v 0.542985 0.166974 0.380557
v 0.542985 0.199711 0.380557
v 0.542186 0.382197 0.364631
v 0.542186 0.349461 0.364631
v 0.542985 0.349461 0.380557
v 0.542985 0.382197 0.380557
v 0.036924 0.141193 0.379473
v -0.016227 0.116535 0.355621
v 0.036924 0.408445 0.379473
v -0.016227 0.433104 0.355621
v 0.485900 0.141193 0.379473
v 0.539051 0.116535 0.355621
v 0.485900 0.408445 0.379473
v 0.539051 0.433104 0.355621
v 0.581482 0.193408 0.371035
v 0.575417 0.193408 0.365623
v 0.581944 0.193408 0.379151
v 0.576532 0.193408 0.385215
v 0.568417 0.193408 0.385677
v 0.558368 0.192058 0.377948
v 0.555720 0.191095 0.374533
v 0.567302 0.193408 0.366085
v 0.581896 0.189711 0.370836
v 0.575569 0.189711 0.365190
v 0.582378 0.189711 0.379302
v 0.576732 0.189711 0.385629
v 0.568265 0.189711 0.386111
v 0.558230 0.190426 0.380676
v 0.557748 0.190426 0.372210
v 0.567102 0.189711 0.365671
v 0.581896 0.176974 0.370836
v 0.575569 0.176974 0.365190
v 0.582378 0.176974 0.379302
v 0.576732 0.176974 0.385629
v 0.568265 0.176974 0.386111
v 0.558230 0.176259 0.380676
v 0.557748 0.176259 0.372210
v 0.567102 0.176974 0.365671
v 0.581482 0.173277 0.371035
v 0.575417 0.173277 0.365623
v 0.581944 0.173277 0.379151
v 0.576532 0.173277 0.385215
v 0.568417 0.173277 0.385677
v 0.558368 0.174627 0.377948
v 0.555720 0.175590 0.374533
v 0.567302 0.173277 0.366085
v 0.493593 0.193800 0.391095
v 0.491913 0.193957 0.384176
v 0.493593 0.172885 0.391095
v 0.491913 0.172728 0.384176
v 0.581482 0.375894 0.371035
v 0.575417 0.375894 0.365623
v 0.581944 0.375894 0.379151
v 0.576532 0.375894 0.385215
v 0.568417 0.375894 0.385677
v 0.558368 0.374544 0.377948
v 0.555720 0.373581 0.374533
v 0.567302 0.375894 0.366085
v 0.581896 0.372197 0.370836
v 0.575569 0.372197 0.365190
v 0.582378 0.372197 0.379302
v 0.576732 0.372197 0.385629
v 0.568265 0.372197 0.386111
v 0.558230 0.372912 0.380676
v 0.557748 0.372912 0.372210
v 0.567102 0.372197 0.365671
v 0.581896 0.359461 0.370836
v 0.575569 0.359461 0.365190
v 0.582378 0.359461 0.379302
v 0.576732 0.359461 0.385629
v 0.568265 0.359461 0.386111
v 0.558230 0.358745 0.380676
v 0.557748 0.358745 0.372210
v 0.567102 0.359461 0.365671
v 0.581482 0.355763 0.371035
v 0.575417 0.355763 0.365623
v 0.581944 0.355763 0.379151
v 0.576532 0.355763 0.385215
v 0.568417 0.355763 0.385677
v 0.558368 0.357113 0.377948
v 0.555720 0.358076 0.374533
v 0.567302 0.355763 0.366085
v 0.493593 0.376286 0.391095
v 0.491913 0.376443 0.384176
v 0.493593 0.355371 0.391095
v 0.491913 0.355214 0.384176
v 0.047800 0.319952 0.433481
v 0.055912 0.319952 0.433481
v 0.056090 0.200415 0.425874
v 0.047621 0.200415 0.425873
v 0.055627 0.208829 0.385731
v 0.047927 0.217457 0.433463
v 0.047842 0.339698 0.421041
v 0.055870 0.339698 0.421041
v 0.055627 0.329103 0.385731
v 0.048661 0.329158 0.385902
v 0.048661 0.208775 0.385902
v 0.055784 0.217457 0.433463
v 0.048661 0.345838 0.385902
v 0.055627 0.345892 0.385731
v 0.055627 0.194142 0.385731
v 0.048661 0.194197 0.385902
v 0.053360 0.325099 0.414843
v 0.053360 0.212834 0.414843
v 0.050344 0.212882 0.414914
v 0.050344 0.325050 0.414914
v 0.055869 0.345610 0.409980
v 0.047883 0.345625 0.410063
v 0.047992 0.194406 0.410502
v 0.055757 0.194424 0.410418
v 0.542196 0.193391 0.372381
v 0.542196 0.173294 0.372381
v 0.543189 0.174553 0.374036
v 0.543189 0.192132 0.374036
v 0.542196 0.375877 0.372381
v 0.542196 0.355780 0.372381
v 0.543189 0.357040 0.374036
v 0.543189 0.374618 0.374036
vn -0.4010 -0.0000 0.9161
vn 0.4010 -0.0000 0.9161
vn -0.0000 -0.7095 0.7047
vn -0.0000 0.7095 0.7047
vn -0.0000 -0.0000 1.0000
vn -0.1959 0.8042 0.5612
vn -0.5353 0.8042 0.2583
vn 0.6993 0.6302 -0.3374
vn 0.2559 0.6302 -0.7330
vn -0.5612 0.8042 -0.1959
vn 0.7330 0.6302 0.2559
vn -0.2583 0.8042 -0.5353
vn 0.3374 0.6302 0.6993
vn 0.1633 0.7838 -0.5992
vn -0.2559 0.6302 0.7330
vn 0.5545 0.7904 -0.2604
vn -0.3693 0.8320 0.4139
vn 0.5805 0.7904 0.1959
vn -0.4139 0.8320 -0.3693
vn 0.2302 0.7838 0.5768
vn -0.3374 0.6302 -0.6993
vn -0.1959 -0.8042 0.5612
vn 0.2559 -0.6302 -0.7330
vn 0.6993 -0.6302 -0.3374
vn -0.5353 -0.8042 0.2583
vn 0.7330 -0.6302 0.2559
vn -0.5612 -0.8042 -0.1959
vn 0.3374 -0.6302 0.6993
vn -0.2583 -0.8042 -0.5353
vn -0.2559 -0.6302 0.7330
vn 0.1633 -0.7838 -0.5992
vn -0.3693 -0.8320 0.4139
vn 0.5545 -0.7904 -0.2604
vn -0.4139 -0.8320 -0.3693
vn 0.5805 -0.7904 0.1959
vn -0.3374 -0.6302 -0.6993
vn 0.2302 -0.7838 0.5768
vn -0.3744 -0.0000 -0.9273
vn -0.9898 -0.0000 0.1424
vn 0.1807 -0.0000 0.9835
vn -0.0000 -1.0000 -0.0000
vn -0.0000 1.0000 -0.0000
vn 1.0000 -0.0000 -0.0000
vn -1.0000 -0.0000 -0.0000
vn -0.0000 -0.4133 0.9106
vn -0.0000 0.8808 0.4734
vn -0.0000 -0.9291 0.3699
vn -0.0000 0.5326 0.8464
vn 0.9999 -0.0000 0.0121
vn -0.9999 -0.0000 -0.0121
vn -0.0000 -0.0000 -1.0000
vn -0.2417 -0.0000 0.9703
vn 0.3721 -0.0000 -0.9282
vn 0.4094 -0.0000 -0.9124
vn -0.4094 -0.0000 -0.9124
vn -0.0000 0.6952 -0.7188
vn -0.0000 -0.6952 -0.7188
vn -0.0958 0.9569 0.2743
vn 0.0594 0.9836 -0.1702
vn 0.1624 0.9836 -0.0784
vn -0.2617 0.9569 0.1263
vn 0.1702 0.9836 0.0594
vn -0.2743 0.9569 -0.0958
vn 0.0783 0.9836 0.1624
vn -0.1262 0.9569 -0.2617
vn 0.1665 0.9858 -0.0217
vn 0.1280 0.9498 -0.2856
vn -0.8485 -0.5287 0.0206
vn -0.5253 0.1115 0.8436
vn -0.3262 -0.5042 0.7996
vn -0.6470 0.0175 -0.7623
vn 0.0048 0.9997 -0.0258
vn 0.2986 0.9492 0.0992
vn -0.0958 -0.9569 0.2743
vn -0.2617 -0.9569 0.1263
vn 0.1624 -0.9836 -0.0784
vn 0.0594 -0.9836 -0.1702
vn -0.2743 -0.9569 -0.0958
vn 0.1702 -0.9836 0.0594
vn -0.1262 -0.9569 -0.2617
vn 0.0783 -0.9836 0.1624
vn 0.1280 -0.9498 -0.2856
vn 0.1665 -0.9858 -0.0217
vn -0.5253 -0.1115 0.8436
vn -0.8485 0.5287 0.0206
vn -0.6470 -0.0175 -0.7623
vn -0.3262 0.5042 0.7996
vn 0.2986 -0.9492 0.0992
vn 0.0048 -0.9997 -0.0258
vn 0.3593 -0.0000 0.9332
vn -0.9718 -0.0000 0.2359
vn -0.1940 -0.0000 -0.9810
vn -0.0360 -0.9791 -0.2003
vn -0.0360 0.9791 -0.2003
vn -0.2616 0.9569 0.1263
vn -0.2616 -0.9569 0.1263
vn -0.9867 -0.1144 0.1155
vn 0.9867 -0.1132 0.1164
vn -0.0000 0.4068 -0.9135
vn -0.9912 0.0006 0.1324
vn 0.9912 0.0006 0.1325
vn -0.0000 0.0002 -1.0000
vn 0.9850 0.1144 0.1289
vn -0.0033 -0.8810 -0.4732
vn -0.0029 0.9319 -0.3627
vn -0.9851 0.1152 0.1276
vn -0.0000 -0.5330 -0.8461
vn -0.9975 0.0628 -0.0328
vn 0.0023 0.9999 -0.0099
vn 0.0025 -0.9999 -0.0102
vn 0.9979 0.0644 -0.0118
vn 0.9975 -0.0692 -0.0133
vn -0.9971 -0.0676 -0.0342
vn 0.0039 -0.9904 0.1383
vn 0.0234 -0.0000 0.9997
vn 0.0039 0.9904 0.1383
vn -0.0825 -0.9966 0.0009
vn -0.0825 0.9966 0.0009
vn 0.2496 -0.0000 -0.9684
vn -0.1572 -0.0000 0.9876
vn -0.9517 -0.0000 -0.3070
vn 0.9517 -0.0000 -0.3070
vn -0.0000 -0.9667 -0.2560
vn -0.0000 0.9667 -0.2560
vn -0.0061 0.0001 -1.0000
vn -0.0061 -0.0001 -1.0000
vn 0.0121 -0.0000 -0.9999
vt 0.217810 0.336994
vt 0.275269 0.336994
vt 0.280261 0.343570
vt 0.212818 0.343570
vt 0.275269 0.282703
vt 0.217810 0.282703
vt 0.212818 0.271195
vt 0.280261 0.271195
vt 0.872070 0.879986
vt 0.878955 0.877134
vt 0.883494 0.881673
vt 0.872070 0.886405
vt 0.881806 0.870250
vt 0.888225 0.870250
vt 0.878955 0.863365
vt 0.883494 0.858826
vt 0.872070 0.860513
vt 0.872070 0.854094
vt 0.865185 0.863365
vt 0.860646 0.858826
vt 0.862334 0.870250
vt 0.855915 0.870250
vt 0.865185 0.877134
vt 0.860646 0.881673
vt 0.856093 0.869819
vt 0.856093 0.869819
vt 0.860647 0.858826
vt 0.856093 0.869819
vt 0.860646 0.858826
vt 0.870127 0.919580
vt 0.870127 0.905484
vt 0.884295 0.905484
vt 0.879611 0.915804
vt 0.898463 0.919580
vt 0.888979 0.915804
vt 0.898463 0.905484
vt 0.921730 0.912065
vt 0.921730 0.901957
vt 0.946687 0.901957
vt 0.946687 0.912065
vt 0.870127 0.853464
vt 0.884295 0.853464
vt 0.898463 0.853464
vt 0.921730 0.849986
vt 0.946687 0.849986
vt 0.891437 0.842114
vt 0.898463 0.838338
vt 0.846859 0.942539
vt 0.871816 0.942539
vt 0.871816 0.950084
vt 0.846859 0.950084
vt 0.946687 0.921948
vt 0.921730 0.921948
vt 0.870127 0.838338
vt 0.877152 0.842114
vt 0.921730 0.838338
vt 0.946687 0.838338
vt 0.846859 0.853464
vt 0.846859 0.838338
vt 0.946687 0.945032
vt 0.921730 0.945032
vt 0.846859 0.919580
vt 0.871816 0.919580
vt 0.921730 0.853464
vt 0.921730 0.919580
vt 0.921730 0.905484
vt 0.846859 0.905484
vt 0.917860 0.919580
vt 0.917860 0.944537
vt 0.894900 0.944537
vt 0.894900 0.919580
vt 0.946687 0.890357
vt 0.971644 0.838338
vt 0.971644 0.890357
vt 0.871816 0.944537
s 0
usemtl StoveBodyMaterial
f 465/156/325 467/157/325 468/158/325 466/159/325
f 471/160/326 469/161/326 470/162/326 472/163/326
f 466/159/327 470/162/327 469/161/327 465/156/327
f 472/163/328 468/158/328 467/157/328 471/160/328
f 469/161/329 471/160/329 467/157/329 465/156/329
s 1
f 482/164/330 481/165/331 473/166/332 474/167/333
f 481/165/331 483/168/334 475/169/335 473/166/332
f 483/168/334 484/170/336 476/171/337 475/169/335
f 484/170/336 485/172/338 477/173/339 476/171/337
f 485/172/338 486/174/340 478/175/341 477/173/339
f 486/174/340 487/176/342 479/177/343 478/175/341
f 487/176/342 488/178/344 480/179/345 479/177/343
f 488/178/344 482/164/330 474/167/333 480/179/345
f 490/164/346 498/167/347 497/166/348 489/165/349
f 489/165/349 497/166/348 499/169/350 491/168/351
f 491/168/351 499/169/350 500/171/352 492/170/353
f 492/170/353 500/171/352 501/173/354 493/172/355
f 493/172/355 501/173/354 502/175/356 494/174/357
f 494/174/357 502/175/356 503/177/358 495/176/359
f 495/176/359 503/177/358 504/179/360 496/178/361
f 496/178/361 504/179/360 498/167/347 490/164/346
f 477/173/339 501/173/354 500/171/352 476/171/337
f 478/175/341 502/175/356 501/173/354 477/173/339
f 486/174/340 494/174/357 495/176/359 487/176/342
s 0
f 570/180/362 507/177/362 505/177/362 569/181/362
s 1
f 480/179/345 504/179/360 503/177/358 479/177/343
f 474/167/333 498/167/347 504/179/360 480/179/345
f 473/166/332 497/166/348 498/167/347 474/167/333
f 475/169/335 499/169/350 497/166/348 473/166/332
f 476/171/337 500/171/352 499/169/350 475/169/335
s 0
f 505/177/363 507/177/363 508/175/363 506/175/363
f 572/182/364 506/175/364 508/175/364 571/175/364
f 571/175/365 508/175/365 507/177/365 570/180/365
f 569/181/366 505/177/366 506/175/366 572/182/366
s 1
f 518/164/330 517/165/331 509/166/332 510/167/333
f 517/165/331 519/168/334 511/169/335 509/166/332
f 519/168/334 520/170/336 512/171/337 511/169/335
f 520/170/336 521/172/338 513/173/339 512/171/337
f 521/172/338 522/174/340 514/175/341 513/173/339
f 522/174/340 523/176/342 515/177/343 514/175/341
f 523/176/342 524/178/344 516/179/345 515/177/343
f 524/178/344 518/164/330 510/167/333 516/179/345
f 526/164/346 534/167/347 533/166/348 525/165/349
f 525/165/349 533/166/348 535/169/350 527/168/351
f 527/168/351 535/169/350 536/171/352 528/170/353
f 528/170/353 536/171/352 537/173/354 529/172/355
f 529/172/355 537/173/354 538/175/356 530/174/357
f 530/174/357 538/175/356 539/177/358 531/176/359
f 531/176/359 539/177/358 540/179/360 532/178/361
f 532/178/361 540/179/360 534/167/347 526/164/346
f 513/173/339 537/173/354 536/171/352 512/171/337
f 514/175/341 538/175/356 537/173/354 513/173/339
f 522/174/340 530/174/357 531/176/359 523/176/342
s 0
f 574/183/362 543/177/362 541/177/362 573/183/362
s 1
f 516/179/345 540/179/360 539/177/358 515/177/343
f 510/167/333 534/167/347 540/179/360 516/179/345
f 509/166/332 533/166/348 534/167/347 510/167/333
f 511/169/335 535/169/350 533/166/348 509/166/332
f 512/171/337 536/171/352 535/169/350 511/169/335
s 0
f 541/177/363 543/177/363 544/175/363 542/175/363
f 576/184/364 542/175/364 544/175/364 575/175/364
f 575/175/365 544/175/365 543/177/365 574/183/365
f 573/183/366 541/177/366 542/175/366 576/184/366
f 568/185/367 562/186/367 556/187/367 547/188/367
f 567/189/368 548/190/368 550/187/368 563/191/368
f 547/192/369 556/193/369 550/194/369 548/195/369
f 562/186/367 561/196/367 546/197/367 556/187/367
f 563/191/368 550/187/368 545/197/368 564/198/368
f 556/193/329 546/199/329 545/200/329 550/194/329
f 564/198/368 545/197/368 551/201/368 566/202/368
f 565/203/370 566/204/370 551/205/370 552/206/370
f 567/207/371 568/208/371 547/192/371 548/195/371
f 561/196/367 565/209/367 552/210/367 546/197/367
f 546/199/372 552/211/372 551/212/372 545/200/372
f 553/213/373 558/214/373 565/209/373 561/196/373
f 560/215/365 559/216/365 568/208/365 567/207/365
f 558/217/366 557/218/366 566/204/366 565/203/366
f 554/219/374 564/198/374 566/202/374 557/211/374
f 560/220/374 567/189/374 563/191/374 555/221/374
f 559/217/373 549/222/373 562/186/373 568/185/373
f 563/223/366 562/224/366 549/225/366 555/226/366
f 563/227/375 564/212/375 561/228/375 562/229/375
f 564/218/365 554/226/365 553/225/365 561/230/365
f 479/177/366 569/181/366 572/182/366 478/175/366
f 502/175/365 571/175/365 570/180/365 503/177/365
f 478/175/376 572/182/376 571/175/376 502/175/376
f 503/177/377 570/180/377 569/181/377 479/177/377
f 515/177/366 573/183/366 576/184/366 514/175/366
f 538/175/365 575/175/365 574/183/365 539/177/365
f 514/175/376 576/184/376 575/175/376 538/175/376
f 539/177/377 574/183/377 573/183/377 515/177/377
f 577/156/378 578/159/378 580/158/378 579/157/378
f 583/160/379 584/163/379 582/162/379 581/161/379
f 578/159/380 577/156/380 581/161/380 582/162/380
f 584/163/381 583/160/381 579/157/381 580/158/381
f 581/161/375 577/156/375 579/157/375 583/160/375
s 1
f 594/164/382 586/167/383 585/166/384 593/165/385
f 593/165/385 585/166/384 587/169/386 595/168/387
f 595/168/387 587/169/386 588/171/388 596/170/389
f 596/170/389 588/171/388 589/173/390 597/172/391
f 597/172/391 589/173/390 590/175/392 598/174/393
f 598/174/393 590/175/392 591/177/394 599/176/395
f 599/176/395 591/177/394 592/179/396 600/178/397
f 600/178/397 592/179/396 586/167/383 594/164/382
f 602/164/398 601/165/399 609/166/400 610/167/401
f 601/165/399 603/168/402 611/169/403 609/166/400
f 603/168/402 604/170/404 612/171/405 611/169/403
f 604/170/404 605/172/406 613/173/407 612/171/405
f 605/172/406 606/174/408 614/175/409 613/173/407
f 606/174/408 607/176/410 615/177/411 614/175/409
f 607/176/410 608/178/412 616/179/413 615/177/411
f 608/178/412 602/164/398 610/167/401 616/179/413
f 589/173/390 588/171/388 612/171/405 613/173/407
f 590/175/392 589/173/390 613/173/407 614/175/409
f 598/174/393 599/176/395 607/176/410 606/174/408
s 0
f 682/180/414 681/181/414 617/177/414 619/177/414
s 1
f 592/179/396 591/177/394 615/177/411 616/179/413
f 586/167/383 592/179/396 616/179/413 610/167/401
f 585/166/384 586/167/383 610/167/401 609/166/400
f 587/169/386 585/166/384 609/166/400 611/169/403
f 588/171/388 587/169/386 611/169/403 612/171/405
s 0
f 617/177/415 618/175/415 620/175/415 619/177/415
f 684/182/416 683/175/416 620/175/416 618/175/416
f 683/175/417 682/180/417 619/177/417 620/175/417
f 681/181/418 684/182/418 618/175/418 617/177/418
s 1
f 630/164/382 622/167/383 621/166/384 629/165/419
f 629/165/419 621/166/384 623/169/386 631/168/387
f 631/168/387 623/169/386 624/171/388 632/170/389
f 632/170/389 624/171/388 625/173/390 633/172/391
f 633/172/391 625/173/390 626/175/392 634/174/393
f 634/174/393 626/175/392 627/177/394 635/176/395
f 635/176/395 627/177/394 628/179/396 636/178/397
f 636/178/397 628/179/396 622/167/383 630/164/382
f 638/164/398 637/165/420 645/166/400 646/167/401
f 637/165/420 639/168/402 647/169/403 645/166/400
f 639/168/402 640/170/404 648/171/405 647/169/403
f 640/170/404 641/172/406 649/173/407 648/171/405
f 641/172/406 642/174/408 650/175/409 649/173/407
f 642/174/408 643/176/410 651/177/411 650/175/409
f 643/176/410 644/178/412 652/179/413 651/177/411
f 644/178/412 638/164/398 646/167/401 652/179/413
f 625/173/390 624/171/388 648/171/405 649/173/407
f 626/175/392 625/173/390 649/173/407 650/175/409
f 634/174/393 635/176/395 643/176/410 642/174/408
s 0
f 686/183/414 685/183/414 653/177/414 655/177/414
s 1
f 628/179/396 627/177/394 651/177/411 652/179/413
f 622/167/383 628/179/396 652/179/413 646/167/401
f 621/166/384 622/167/383 646/167/401 645/166/400
f 623/169/386 621/166/384 645/166/400 647/169/403
f 624/171/388 623/169/386 647/169/403 648/171/405
s 0
f 653/177/415 654/175/415 656/175/415 655/177/415
f 688/184/416 687/175/416 656/175/416 654/175/416
f 687/175/417 686/183/417 655/177/417 656/175/417
f 685/183/418 688/184/418 654/175/418 653/177/418
f 680/185/421 659/188/421 668/187/421 674/186/421
f 679/189/422 675/191/422 662/187/422 660/190/422
f 659/192/423 660/195/423 662/194/423 668/193/423
f 674/186/424 668/187/424 658/197/424 673/196/424
f 675/191/425 676/198/425 657/197/425 662/187/425
f 668/193/426 662/194/426 657/200/426 658/199/426
f 676/198/427 678/202/427 663/201/427 657/197/427
f 677/203/428 664/206/428 663/205/428 678/204/428
f 679/207/429 660/195/429 659/192/429 680/208/429
f 673/196/430 658/197/430 664/210/430 677/209/430
f 658/199/431 657/200/431 663/212/431 664/211/431
f 665/213/432 673/196/432 677/209/432 670/214/432
f 672/215/433 679/207/433 680/208/433 671/216/433
f 670/217/434 677/203/434 678/204/434 669/218/434
f 666/219/435 669/211/435 678/202/435 676/198/435
f 672/220/436 667/221/436 675/191/436 679/189/436
f 671/217/437 680/185/437 674/186/437 661/222/437
f 675/223/438 667/226/438 661/225/438 674/224/438
f 675/227/439 674/229/439 673/228/439 676/212/439
f 676/218/440 673/230/440 665/225/440 666/226/440
f 591/177/441 590/175/441 684/182/441 681/181/441
f 614/175/442 615/177/442 682/180/442 683/175/442
f 590/175/443 614/175/443 683/175/443 684/182/443
f 615/177/444 591/177/444 681/181/444 682/180/444
f 627/177/441 626/175/441 688/184/441 685/183/441
f 650/175/442 651/177/442 686/183/442 687/175/442
f 626/175/443 650/175/443 687/175/443 688/184/443
f 651/177/444 627/177/444 685/183/444 686/183/444
f 466/159/445 468/158/445 580/158/445 578/159/445
f 472/163/446 470/162/446 582/162/446 584/163/446
f 470/162/447 466/159/447 578/159/447 582/162/447
f 468/158/448 472/163/448 584/163/448 580/158/448
s 1
f 481/165/331 482/164/330 594/164/382 593/165/385
f 483/168/334 481/165/331 593/165/385 595/168/387
f 484/170/336 483/168/334 595/168/387 596/170/389
f 485/172/338 484/170/336 596/170/389 597/172/391
f 486/174/340 485/172/338 597/172/391 598/174/393
f 488/178/344 487/176/342 599/176/395 600/178/397
f 482/164/330 488/178/344 600/178/397 594/164/382
f 490/164/346 489/165/349 601/165/399 602/164/398
f 489/165/349 491/168/351 603/168/402 601/165/399
f 491/168/351 492/170/353 604/170/404 603/168/402
f 492/170/353 493/172/355 605/172/406 604/170/404
f 493/172/355 494/174/357 606/174/408 605/172/406
f 495/176/359 496/178/361 608/178/412 607/176/410
f 496/178/361 490/164/346 602/164/398 608/178/412
f 494/174/357 486/174/340 598/174/393 606/174/408
f 487/176/342 495/176/359 607/176/410 599/176/395
f 517/165/331 518/164/330 630/164/382 629/165/419
f 519/168/334 517/165/331 629/165/419 631/168/387
f 520/170/336 519/168/334 631/168/387 632/170/389
f 521/172/338 520/170/336 632/170/389 633/172/391
f 522/174/340 521/172/338 633/172/391 634/174/393
f 524/178/344 523/176/342 635/176/395 636/178/397
f 518/164/330 524/178/344 636/178/397 630/164/382
f 526/164/346 525/165/349 637/165/420 638/164/398
f 525/165/349 527/168/351 639/168/402 637/165/420
f 527/168/351 528/170/353 640/170/404 639/168/402
f 528/170/353 529/172/355 641/172/406 640/170/404
f 529/172/355 530/174/357 642/174/408 641/172/406
f 531/176/359 532/178/361 644/178/412 643/176/410
f 532/178/361 526/164/346 638/164/398 644/178/412
f 530/174/357 522/174/340 634/174/393 642/174/408
f 523/176/342 531/176/359 643/176/410 635/176/395
s 0
f 557/218/449 558/217/449 670/217/449 669/218/449
f 559/216/450 560/215/450 672/215/450 671/216/450
f 558/214/451 553/213/451 665/213/451 670/214/451
f 554/219/451 557/211/451 669/211/451 666/219/451
f 560/220/451 555/221/451 667/221/451 672/220/451
f 549/222/451 559/217/451 671/217/451 661/222/451
f 555/226/449 549/225/449 661/225/449 667/226/449
f 553/225/450 554/226/450 666/226/450 665/225/450
o CastIronStove_Tray
v 0.045241 0.603243 0.324635
v 0.482801 0.602234 0.324635
v 0.045241 0.603243 -0.170250
v 0.482801 0.602234 -0.170250
v 0.067305 0.592443 0.303576
v 0.460737 0.591537 0.303576
v 0.067305 0.592443 -0.149191
v 0.460737 0.591537 -0.149191
v 0.042917 0.593793 0.326831
v 0.485083 0.592775 0.326834
v 0.042917 0.593792 -0.172446
v 0.485083 0.592775 -0.172449
v 0.065572 0.582745 0.305212
v 0.462430 0.581831 0.305211
v 0.065572 0.582745 -0.150826
v 0.462430 0.581831 -0.150826
vn 0.0023 1.0000 -0.0000
vn 0.0021 0.8907 -0.4546
vn 0.0021 0.8907 0.4546
vn -0.4363 0.8998 -0.0000
vn 0.4396 0.8982 -0.0000
vn -0.0023 -1.0000 -0.0000
vn -0.0021 -0.8914 0.4533
vn -0.0021 -0.8914 -0.4533
vn 0.4350 -0.9004 -0.0000
vn -0.4383 -0.8988 -0.0000
vn 0.0005 0.2264 0.9740
vn 0.0005 0.2264 -0.9740
vn 0.9721 0.2345 -0.0000
vn -0.9711 0.2388 -0.0000
vt 0.244816 0.739682
vt 0.281258 0.734726
vt 0.281258 0.734726
vt 0.244816 0.739682
vt 0.242772 0.739960
vt 0.283302 0.734448
s 0
usemtl StoveBodyMaterial
f 693/231/452 694/232/452 696/233/452 695/234/452
f 694/232/453 693/231/453 689/235/453 690/236/453
f 695/234/454 696/233/454 692/236/454 691/235/454
f 696/233/455 694/232/455 690/236/455 692/236/455
f 693/231/456 695/234/456 691/235/456 689/235/456
f 701/231/457 703/234/457 704/233/457 702/232/457
f 702/232/458 698/236/458 697/235/458 701/231/458
f 703/234/459 699/235/459 700/236/459 704/233/459
f 704/233/460 700/236/460 698/236/460 702/232/460
f 701/231/461 697/235/461 699/235/461 703/234/461
f 690/236/462 689/235/462 697/235/462 698/236/462
f 691/235/463 692/236/463 700/236/463 699/235/463
f 692/236/464 690/236/464 698/236/464 700/236/464
f 689/235/465 691/235/465 699/235/465 697/235/465
o CastIronStove_WithoutDoors
v -0.100127 1.060192 -0.094954
v -0.076479 1.240911 -0.118602
v -0.100127 1.060192 -0.303382
v -0.076479 1.240911 -0.279735
v 0.108301 1.060192 -0.094954
v 0.084653 1.240911 -0.118602
v 0.108301 1.060192 -0.303382
v 0.084653 1.240911 -0.279735
v -0.091527 1.213889 -0.103555
v -0.091527 1.213889 -0.294782
v 0.099700 1.213889 -0.294782
v 0.099700 1.213889 -0.103555
v 0.004087 1.168744 -0.269348
v 0.004087 3.599807 -0.277165
v 0.040214 1.168744 -0.259668
v 0.044122 3.599807 -0.266438
v 0.066661 1.168744 -0.233221
v 0.073431 3.599807 -0.237130
v 0.076341 1.168744 -0.197094
v 0.084158 3.599807 -0.197094
v 0.066661 1.168744 -0.160967
v 0.073431 3.599807 -0.157059
v 0.040214 1.168744 -0.134520
v 0.044122 3.599807 -0.127750
v 0.004087 1.168744 -0.124840
v 0.004087 3.599807 -0.117023
v -0.032040 1.168744 -0.134520
v -0.035949 3.599807 -0.127750
v -0.058487 1.168744 -0.160967
v -0.065257 3.599807 -0.157059
v -0.068167 1.168744 -0.197094
v -0.075984 3.599807 -0.197094
v -0.058487 1.168744 -0.233221
v -0.065257 3.599807 -0.237130
v -0.032040 1.168744 -0.259668
v -0.035949 3.599807 -0.266438
v -0.571897 1.057020 0.320289
v -0.571897 1.087642 0.320289
v -0.571897 1.057020 -0.302463
v -0.571897 1.087642 -0.302463
v -0.132245 1.057020 0.320289
v -0.132245 1.087642 0.320289
v -0.132245 1.057020 -0.302463
v -0.132245 1.087642 -0.302463
v -0.571897 1.057020 -0.064483
v -0.571897 1.087642 -0.064483
v -0.132245 1.057020 -0.064483
v -0.132245 1.087642 -0.064483
v 0.146292 1.087642 -0.064483
v 0.146292 1.087642 0.320289
v 0.146292 1.057020 0.320289
v 0.146292 1.057020 -0.064483
v 0.574125 1.087642 -0.064483
v 0.574125 1.087642 0.320289
v 0.574125 1.057020 0.320289
v 0.574125 1.057020 -0.064483
v 0.146292 1.087642 -0.300682
v 0.146292 1.057020 -0.300682
v 0.574125 1.087642 -0.300682
v 0.574125 1.057020 -0.300682
v 0.618446 1.077026 -0.359009
v 0.630139 0.000000 -0.365796
v 0.618446 1.077026 0.357002
v 0.630139 0.000000 0.365796
v -0.618446 1.077026 -0.359009
v -0.630139 0.000000 -0.365796
v -0.618446 1.077026 0.357002
v -0.630139 0.000000 0.365796
v 0.618446 0.064439 -0.359009
v -0.618446 0.064439 0.357002
v 0.618446 0.064439 0.357002
v -0.618446 0.064439 -0.359009
v 0.629758 0.032219 -0.365575
v 0.629758 0.032219 0.365575
v -0.629758 0.032219 -0.365575
v -0.629758 0.032219 0.365575
v -0.555002 1.076453 0.310447
v -0.555002 1.076453 -0.294038
v -0.142388 1.076453 -0.057553
v 0.156262 1.076453 -0.292309
v -0.142388 1.076453 -0.294038
v 0.156262 1.076453 -0.057553
v 0.557403 1.076453 0.310447
v 0.557403 1.076453 -0.292309
v -0.491582 0.396130 -0.149176
v -0.133180 0.396130 -0.149176
v -0.119976 0.144569 0.357002
v -0.133180 0.153508 -0.156991
v -0.491582 0.153508 -0.149176
v -0.504786 0.405069 0.357002
v -0.504786 0.144569 0.357002
v -0.119976 0.405069 0.357002
v -0.567244 0.854791 0.350713
v -0.562287 0.873925 0.364914
v -0.582327 0.854791 0.355568
v -0.568781 0.873925 0.370709
v -0.583476 0.854791 0.384355
v -0.569275 0.873925 0.379398
v -0.570016 0.854791 0.399439
v -0.563480 0.873925 0.385892
v -0.549834 0.854791 0.400587
v -0.554791 0.873925 0.386387
v -0.534750 0.854791 0.387128
v -0.548297 0.873925 0.380592
v -0.533602 0.854791 0.356775
v -0.547802 0.873925 0.371902
v -0.547061 0.854791 0.351862
v -0.553597 0.873925 0.365408
v -0.582327 0.873925 0.355568
v -0.567244 0.873925 0.350713
v -0.583476 0.873925 0.384355
v -0.570016 0.873925 0.399439
v -0.549834 0.873925 0.400587
v -0.534750 0.873925 0.387128
v -0.533602 0.873925 0.356775
v -0.547061 0.873925 0.351862
v -0.568781 0.933317 0.370709
v -0.562287 0.933317 0.364914
v -0.569275 0.933317 0.379398
v -0.563480 0.933317 0.385892
v -0.554791 0.933317 0.386387
v -0.548297 0.933317 0.380592
v -0.547802 0.933317 0.371902
v -0.553597 0.933317 0.365408
v 0.580622 0.531079 0.350713
v 0.575665 0.550213 0.364914
v 0.595705 0.531079 0.355568
v 0.582159 0.550213 0.370709
v 0.596854 0.531079 0.384355
v 0.582653 0.550213 0.379398
v 0.583395 0.531079 0.399439
v 0.576859 0.550213 0.385892
v 0.563212 0.531079 0.400587
v 0.568169 0.550213 0.386387
v 0.548128 0.531079 0.387128
v 0.561675 0.550213 0.380592
v 0.546980 0.531079 0.356775
v 0.561181 0.550213 0.371902
v 0.560439 0.531079 0.351862
v 0.566975 0.550213 0.365408
v 0.595705 0.550213 0.355568
v 0.580622 0.550213 0.350713
v 0.596854 0.550213 0.384355
v 0.583395 0.550213 0.399439
v 0.563212 0.550213 0.400587
v 0.548128 0.550213 0.387128
v 0.546980 0.550213 0.356775
v 0.560439 0.550213 0.351862
v 0.582159 0.609605 0.370709
v 0.575665 0.609605 0.364914
v 0.582653 0.609605 0.379398
v 0.576859 0.609605 0.385892
v 0.568169 0.609605 0.386387
v 0.561675 0.609605 0.380592
v 0.561181 0.609605 0.371902
v 0.566975 0.609605 0.365408
v 0.581896 0.588063 0.370836
v 0.575569 0.588063 0.365190
v 0.582378 0.588063 0.379302
v 0.576732 0.588063 0.385629
v 0.568265 0.588063 0.386111
v 0.561938 0.588063 0.380465
v 0.561456 0.588063 0.371999
v 0.567102 0.588063 0.365671
v 0.581896 0.555326 0.370836
v 0.575569 0.555326 0.365190
v 0.582378 0.555326 0.379302
v 0.576732 0.555326 0.385629
v 0.568265 0.555326 0.386111
v 0.561938 0.555326 0.380465
v 0.561456 0.555326 0.371999
v 0.567102 0.555326 0.365671
v 0.580622 0.854791 0.350713
v 0.575665 0.873925 0.364914
v 0.595705 0.854791 0.355568
v 0.582159 0.873925 0.370709
v 0.596854 0.854791 0.384355
v 0.582653 0.873925 0.379398
v 0.583395 0.854791 0.399439
v 0.576859 0.873925 0.385892
v 0.563212 0.854791 0.400587
v 0.568169 0.873925 0.386387
v 0.548128 0.854791 0.387128
v 0.561675 0.873925 0.380592
v 0.546980 0.854791 0.356775
v 0.561181 0.873925 0.371902
v 0.560439 0.854791 0.351862
v 0.566975 0.873925 0.365408
v 0.595705 0.873925 0.355568
v 0.580622 0.873925 0.350713
v 0.596854 0.873925 0.384355
v 0.583395 0.873925 0.399439
v 0.563212 0.873925 0.400587
v 0.548128 0.873925 0.387128
v 0.546980 0.873925 0.356775
v 0.560439 0.873925 0.351862
v 0.582159 0.933317 0.370709
v 0.575665 0.933317 0.364914
v 0.582653 0.933317 0.379398
v 0.576859 0.933317 0.385892
v 0.568169 0.933317 0.386387
v 0.561675 0.933317 0.380592
v 0.561181 0.933317 0.371902
v 0.566975 0.933317 0.365408
v 0.581896 0.911775 0.370836
v 0.575569 0.911775 0.365190
v 0.582378 0.911775 0.379302
v 0.576732 0.911775 0.385629
v 0.568265 0.911775 0.386111
v 0.561938 0.911775 0.380465
v 0.561456 0.911775 0.371999
v 0.567102 0.911775 0.365671
v 0.581896 0.879038 0.370836
v 0.575569 0.879038 0.365190
v 0.582378 0.879038 0.379302
v 0.576732 0.879038 0.385629
v 0.568265 0.879038 0.386111
v 0.561938 0.879038 0.380465
v 0.561456 0.879038 0.371999
v 0.567102 0.879038 0.365671
v 0.580622 0.142727 0.350713
v 0.575665 0.161861 0.364914
v 0.595705 0.142727 0.355568
v 0.582159 0.161861 0.370709
v 0.596854 0.142727 0.384355
v 0.582653 0.161861 0.379398
v 0.583395 0.142727 0.399439
v 0.576859 0.161861 0.385892
v 0.563212 0.142727 0.400587
v 0.568169 0.161861 0.386387
v 0.548128 0.142727 0.387128
v 0.561675 0.161861 0.380592
v 0.546980 0.142727 0.356775
v 0.561181 0.161861 0.371902
v 0.560439 0.142727 0.351862
v 0.566975 0.161861 0.365408
v 0.595705 0.161861 0.355568
v 0.580622 0.161861 0.350713
v 0.596854 0.161861 0.384355
v 0.583395 0.161861 0.399439
v 0.563212 0.161861 0.400587
v 0.548128 0.161861 0.387128
v 0.546980 0.161861 0.356775
v 0.560439 0.161861 0.351862
v 0.582159 0.221253 0.370709
v 0.575665 0.221253 0.364914
v 0.582653 0.221253 0.379398
v 0.576859 0.221253 0.385892
v 0.568169 0.221253 0.386387
v 0.561675 0.221253 0.380592
v 0.561181 0.221253 0.371902
v 0.566975 0.221253 0.365408
v 0.581896 0.199711 0.370836
v 0.575569 0.199711 0.365190
v 0.582378 0.199711 0.379302
v 0.576732 0.199711 0.385629
v 0.568265 0.199711 0.386111
v 0.561938 0.199711 0.380465
v 0.561456 0.199711 0.371999
v 0.567102 0.199711 0.365671
v 0.581896 0.166974 0.370836
v 0.575569 0.166974 0.365190
v 0.582378 0.166974 0.379302
v 0.576732 0.166974 0.385629
v 0.568265 0.166974 0.386111
v 0.561938 0.166974 0.380465
v 0.561456 0.166974 0.371999
v 0.567102 0.166974 0.365671
v 0.580622 0.325213 0.350713
v 0.575665 0.344347 0.364914
v 0.595705 0.325213 0.355568
v 0.582159 0.344347 0.370709
v 0.596854 0.325213 0.384355
v 0.582653 0.344347 0.379398
v 0.583395 0.325213 0.399439
v 0.576859 0.344347 0.385892
v 0.563212 0.325213 0.400587
v 0.568169 0.344347 0.386387
v 0.548128 0.325213 0.387128
v 0.561675 0.344347 0.380592
v 0.546980 0.325213 0.356775
v 0.561181 0.344347 0.371902
v 0.560439 0.325213 0.351862
v 0.566975 0.344347 0.365408
v 0.595705 0.344347 0.355568
v 0.580622 0.344347 0.350713
v 0.596854 0.344347 0.384355
v 0.583395 0.344347 0.399439
v 0.563212 0.344347 0.400587
v 0.548128 0.344347 0.387128
v 0.546980 0.344347 0.356775
v 0.560439 0.344347 0.351862
v 0.582159 0.403739 0.370709
v 0.575665 0.403739 0.364914
v 0.582653 0.403739 0.379398
v 0.576859 0.403739 0.385892
v 0.568169 0.403739 0.386387
v 0.561675 0.403739 0.380592
v 0.561181 0.403739 0.371902
v 0.566975 0.403739 0.365408
v 0.581896 0.382197 0.370836
v 0.575569 0.382197 0.365190
v 0.582378 0.382197 0.379302
v 0.576732 0.382197 0.385629
v 0.568265 0.382197 0.386111
v 0.561938 0.382197 0.380465
v 0.561456 0.382197 0.371999
v 0.567102 0.382197 0.365671
v 0.581896 0.349461 0.370836
v 0.575569 0.349461 0.365190
v 0.582378 0.349461 0.379302
v 0.576732 0.349461 0.385629
v 0.568265 0.349461 0.386111
v 0.561938 0.349461 0.380465
v 0.561456 0.349461 0.371999
v 0.567102 0.349461 0.365671
v -0.567244 0.531079 0.350713
v -0.562287 0.550213 0.364914
v -0.582327 0.531079 0.355568
v -0.568781 0.550213 0.370709
v -0.583476 0.531079 0.384355
v -0.569275 0.550213 0.379398
v -0.570016 0.531079 0.399439
v -0.563480 0.550213 0.385892
v -0.549834 0.531079 0.400587
v -0.554791 0.550213 0.386387
v -0.534750 0.531079 0.387128
v -0.548297 0.550213 0.380592
v -0.533602 0.531079 0.356775
v -0.547802 0.550213 0.371902
v -0.547061 0.531079 0.351862
v -0.553597 0.550213 0.365408
v -0.582327 0.550213 0.355568
v -0.567244 0.550213 0.350713
v -0.583476 0.550213 0.384355
v -0.570016 0.550213 0.399439
v -0.549834 0.550213 0.400587
v -0.534750 0.550213 0.387128
v -0.533602 0.550213 0.356775
v -0.547061 0.550213 0.351862
v -0.568781 0.609605 0.370709
v -0.562287 0.609605 0.364914
v -0.569275 0.609605 0.379398
v -0.563480 0.609605 0.385892
v -0.554791 0.609605 0.386387
v -0.548297 0.609605 0.380592
v -0.547802 0.609605 0.371902
v -0.553597 0.609605 0.365408
v -0.567244 0.142727 0.350713
v -0.562287 0.161861 0.364914
v -0.582327 0.142727 0.355568
v -0.568781 0.161861 0.370709
v -0.583476 0.142727 0.384355
v -0.569275 0.161861 0.379398
v -0.570016 0.142727 0.399439
v -0.563480 0.161861 0.385892
v -0.549834 0.142727 0.400587
v -0.554791 0.161861 0.386387
v -0.534750 0.142727 0.387128
v -0.548297 0.161861 0.380592
v -0.533602 0.142727 0.356775
v -0.547802 0.161861 0.371902
v -0.547061 0.142727 0.351862
v -0.553597 0.161861 0.365408
v -0.582327 0.161861 0.355568
v -0.567244 0.161861 0.350713
v -0.583476 0.161861 0.384355
v -0.570016 0.161861 0.399439
v -0.549834 0.161861 0.400587
v -0.534750 0.161861 0.387128
v -0.533602 0.161861 0.356775
v -0.547061 0.161861 0.351862
v -0.568781 0.221253 0.370709
v -0.562287 0.221253 0.364914
v -0.569275 0.221253 0.379398
v -0.563480 0.221253 0.385892
v -0.554791 0.221253 0.386387
v -0.548297 0.221253 0.380592
v -0.547802 0.221253 0.371902
v -0.553597 0.221253 0.365408
v -0.568518 0.199711 0.370836
v -0.562190 0.199711 0.365190
v -0.568999 0.199711 0.379302
v -0.563353 0.199711 0.385629
v -0.554887 0.199711 0.386111
v -0.548560 0.199711 0.380465
v -0.548078 0.199711 0.371999
v -0.553724 0.199711 0.365671
v -0.568518 0.166974 0.370836
v -0.562190 0.166974 0.365190
v -0.568999 0.166974 0.379302
v -0.563353 0.166974 0.385629
v -0.554887 0.166974 0.386111
v -0.548560 0.166974 0.380465
v -0.548078 0.166974 0.371999
v -0.553724 0.166974 0.365671
v -0.567244 0.325213 0.350713
v -0.562287 0.344347 0.364914
v -0.582327 0.325213 0.355568
v -0.568781 0.344347 0.370709
v -0.583476 0.325213 0.384355
v -0.569275 0.344347 0.379398
v -0.570016 0.325213 0.399439
v -0.563480 0.344347 0.385892
v -0.549834 0.325213 0.400587
v -0.554791 0.344347 0.386387
v -0.534750 0.325213 0.387128
v -0.548297 0.344347 0.380592
v -0.533602 0.325213 0.356775
v -0.547802 0.344347 0.371902
v -0.547061 0.325213 0.351862
v -0.553597 0.344347 0.365408
v -0.582327 0.344347 0.355568
v -0.567244 0.344347 0.350713
v -0.583476 0.344347 0.384355
v -0.570016 0.344347 0.399439
v -0.549834 0.344347 0.400587
v -0.534750 0.344347 0.387128
v -0.533602 0.344347 0.356775
v -0.547061 0.344347 0.351862
v -0.568781 0.403739 0.370709
v -0.562287 0.403739 0.364914
v -0.569275 0.403739 0.379398
v -0.563480 0.403739 0.385892
v -0.554791 0.403739 0.386387
v -0.548297 0.403739 0.380592
v -0.547802 0.403739 0.371902
v -0.553597 0.403739 0.365408
v -0.568518 0.382197 0.370836
v -0.562190 0.382197 0.365190
v -0.568999 0.382197 0.379302
v -0.563353 0.382197 0.385629
v -0.554887 0.382197 0.386111
v -0.548560 0.382197 0.380465
v -0.548078 0.382197 0.371999
v -0.553724 0.382197 0.365671
v -0.568518 0.349461 0.370836
v -0.562190 0.349461 0.365190
v -0.568999 0.349461 0.379302
v -0.563353 0.349461 0.385629
v -0.554887 0.349461 0.386111
v -0.548560 0.349461 0.380465
v -0.548078 0.349461 0.371999
v -0.553724 0.349461 0.365671
v 0.558439 1.025350 0.360795
v 0.549960 1.030138 0.360795
v 0.558439 1.058701 0.360795
v 0.549960 1.053913 0.360795
v 0.587149 1.025350 0.360795
v 0.595628 1.030138 0.360795
v 0.587149 1.058701 0.360795
v 0.595628 1.053913 0.360795
v 0.567232 1.032149 0.364778
v 0.578356 1.032149 0.364778
v 0.584102 1.037578 0.364778
v 0.584102 1.046473 0.364778
v 0.578356 1.051902 0.364778
v 0.567232 1.051902 0.364778
v 0.561487 1.046473 0.364778
v 0.561487 1.037578 0.364778
v 0.567505 1.089844 0.404630
v 0.578083 1.089844 0.404630
v 0.583547 1.089844 0.409793
v 0.583547 1.089844 0.418250
v 0.578083 1.089844 0.423413
v 0.567505 1.089844 0.423413
v 0.562042 1.089844 0.418250
v 0.562042 1.089844 0.409793
v 0.577799 1.034759 0.395389
v 0.578354 1.045277 0.413290
v 0.577778 1.064049 0.422569
v 0.582970 1.039480 0.394342
v 0.583425 1.048423 0.409862
v 0.582926 1.064657 0.417742
v 0.582970 1.047214 0.392626
v 0.583425 1.053578 0.404247
v 0.582926 1.065653 0.409835
v 0.577799 1.051935 0.391579
v 0.578354 1.056725 0.400820
v 0.577778 1.066261 0.405008
v 0.567789 1.051935 0.391579
v 0.568536 1.056725 0.400820
v 0.567810 1.066261 0.405008
v 0.562619 1.047214 0.392626
v 0.563465 1.053578 0.404247
v 0.562662 1.065653 0.409835
v 0.562619 1.039480 0.394342
v 0.563465 1.048423 0.409862
v 0.562662 1.064657 0.417742
v 0.567810 1.064049 0.422569
v 0.568536 1.045277 0.413290
v 0.567789 1.034759 0.395389
v -0.544778 1.025350 0.360795
v -0.536299 1.030138 0.360795
v -0.544778 1.058701 0.360795
v -0.536299 1.053913 0.360795
v -0.573488 1.025350 0.360795
v -0.581967 1.030138 0.360795
v -0.573488 1.058701 0.360795
v -0.581967 1.053913 0.360795
v -0.553571 1.032149 0.364778
v -0.564695 1.032149 0.364778
v -0.570441 1.037578 0.364778
v -0.570441 1.046473 0.364778
v -0.564695 1.051902 0.364778
v -0.553571 1.051902 0.364778
v -0.547826 1.046473 0.364778
v -0.547826 1.037578 0.364778
v -0.553844 1.089844 0.404630
v -0.564422 1.089844 0.404630
v -0.569885 1.089844 0.409793
v -0.569885 1.089844 0.418250
v -0.564422 1.089844 0.423413
v -0.553844 1.089844 0.423413
v -0.548381 1.089844 0.418250
v -0.548381 1.089844 0.409793
v -0.564138 1.034759 0.395389
v -0.564693 1.045277 0.413290
v -0.564117 1.064049 0.422569
v -0.569309 1.039480 0.394342
v -0.569764 1.048423 0.409862
v -0.569265 1.064657 0.417742
v -0.569309 1.047214 0.392626
v -0.569764 1.053578 0.404247
v -0.569265 1.065653 0.409835
v -0.564138 1.051935 0.391579
v -0.564693 1.056725 0.400820
v -0.564117 1.066261 0.405008
v -0.554128 1.051935 0.391579
v -0.554875 1.056725 0.400820
v -0.554149 1.066261 0.405008
v -0.548958 1.047214 0.392626
v -0.549804 1.053578 0.404247
v -0.549001 1.065653 0.409835
v -0.548958 1.039480 0.394342
v -0.549804 1.048423 0.409862
v -0.549001 1.064657 0.417742
v -0.554149 1.064049 0.422569
v -0.554875 1.045277 0.413290
v -0.554128 1.034759 0.395389
v -0.549439 1.104655 0.399577
v 0.554926 1.104655 0.399577
v -0.549439 1.097383 0.401526
v 0.554926 1.097383 0.401526
v -0.549439 1.092059 0.406850
v 0.554926 1.092059 0.406850
v -0.549439 1.090110 0.414122
v 0.554926 1.090110 0.414122
v -0.549439 1.092059 0.421394
v 0.554926 1.092059 0.421394
v -0.549439 1.097383 0.426718
v 0.554926 1.097383 0.426718
v -0.549439 1.104655 0.428667
v 0.554926 1.104655 0.428667
v -0.549439 1.111928 0.426718
v 0.554926 1.111928 0.426718
v -0.549439 1.117251 0.421394
v 0.554926 1.117251 0.421394
v -0.549439 1.119200 0.414122
v 0.554926 1.119200 0.414122
v -0.549439 1.117251 0.406850
v 0.554926 1.117251 0.406850
v -0.549439 1.111928 0.401526
v 0.554926 1.111928 0.401526
v 0.551172 1.084087 0.435306
v 0.551172 1.126456 0.435306
v 0.551172 1.084087 0.392938
v 0.551172 1.126456 0.392938
v 0.593541 1.084087 0.435306
v 0.593541 1.126456 0.435306
v 0.593541 1.084087 0.392938
v 0.593541 1.126456 0.392938
v -0.537511 1.084087 0.435306
v -0.537511 1.126456 0.435306
v -0.537511 1.084087 0.392938
v -0.537511 1.126456 0.392938
v -0.579880 1.084087 0.435306
v -0.579880 1.126456 0.435306
v -0.579880 1.084087 0.392938
v -0.579880 1.126456 0.392938
v 0.548082 1.080997 0.401553
v 0.546530 1.079445 0.414122
v 0.548082 1.080997 0.426691
v 0.548082 1.092703 0.438396
v 0.546530 1.105271 0.439948
v 0.548082 1.117840 0.438396
v 0.548082 1.129546 0.426691
v 0.546530 1.131098 0.414122
v 0.548082 1.129546 0.401553
v 0.548082 1.117840 0.389848
v 0.546530 1.105271 0.388295
v 0.548082 1.092703 0.389848
v 0.584925 1.080997 0.389848
v 0.572357 1.079445 0.388295
v 0.559788 1.080997 0.389848
v 0.559788 1.129546 0.389848
v 0.572357 1.131098 0.388295
v 0.584925 1.129546 0.389848
v 0.596631 1.117840 0.389848
v 0.598183 1.105271 0.388295
v 0.596631 1.092703 0.389848
v 0.596631 1.080997 0.426691
v 0.598183 1.079445 0.414122
v 0.596631 1.080997 0.401553
v 0.596631 1.129546 0.401553
v 0.598183 1.131098 0.414122
v 0.596631 1.129546 0.426691
v 0.596631 1.117840 0.438396
v 0.598183 1.105271 0.439948
v 0.596631 1.092703 0.438396
v 0.559788 1.080997 0.438396
v 0.572357 1.079445 0.439948
v 0.584925 1.080997 0.438396
v 0.584925 1.129546 0.438396
v 0.572357 1.131098 0.439948
v 0.559788 1.129546 0.438396
v -0.534421 1.080997 0.401553
v -0.532869 1.079445 0.414122
v -0.534421 1.080997 0.426691
v -0.534421 1.092703 0.438396
v -0.532869 1.105271 0.439948
v -0.534421 1.117840 0.438396
v -0.534421 1.129546 0.426691
v -0.532869 1.131098 0.414122
v -0.534422 1.129546 0.401553
v -0.534421 1.117840 0.389848
v -0.532869 1.105271 0.388295
v -0.534421 1.092703 0.389848
v -0.571264 1.080997 0.389848
v -0.558696 1.079445 0.388295
v -0.546127 1.080997 0.389848
v -0.546127 1.129546 0.389848
v -0.558696 1.131098 0.388295
v -0.571264 1.129546 0.389848
v -0.582970 1.117840 0.389848
v -0.584522 1.105271 0.388295
v -0.582970 1.092703 0.389848
v -0.582970 1.080997 0.426691
v -0.584522 1.079445 0.414122
v -0.582970 1.080997 0.401553
v -0.582970 1.129546 0.401553
v -0.584522 1.131098 0.414122
v -0.582970 1.129546 0.426691
v -0.582970 1.117840 0.438396
v -0.584522 1.105271 0.439948
v -0.582970 1.092703 0.438396
v -0.546127 1.080997 0.438396
v -0.558696 1.079445 0.439948
v -0.571264 1.080997 0.438396
v -0.571264 1.129546 0.438396
v -0.558696 1.131098 0.439948
v -0.546127 1.129546 0.438396
v 0.541470 1.091876 0.427517
v 0.539232 1.105271 0.428237
v 0.541470 1.118666 0.427517
v 0.539232 1.091157 0.414122
v 0.536788 1.105271 0.414122
v 0.539232 1.119386 0.414122
v 0.541470 1.091876 0.400727
v 0.539232 1.105271 0.400007
v 0.541470 1.118666 0.400727
v 0.558962 1.091876 0.383236
v 0.558242 1.105271 0.380997
v 0.558962 1.118666 0.383236
v 0.572357 1.091157 0.380997
v 0.572357 1.105271 0.378553
v 0.572357 1.119386 0.380997
v 0.585752 1.091876 0.383236
v 0.586471 1.105271 0.380997
v 0.585752 1.118666 0.383236
v 0.603243 1.091876 0.400727
v 0.605482 1.105271 0.400007
v 0.603243 1.118666 0.400727
v 0.605482 1.091157 0.414122
v 0.607925 1.105271 0.414122
v 0.605482 1.119386 0.414122
v 0.603243 1.091876 0.427517
v 0.605482 1.105271 0.428237
v 0.603243 1.118666 0.427517
v 0.585752 1.091876 0.445008
v 0.586471 1.105271 0.447247
v 0.585752 1.118666 0.445008
v 0.572357 1.091157 0.447247
v 0.572357 1.105271 0.449691
v 0.572357 1.119386 0.447247
v 0.558962 1.091876 0.445008
v 0.558242 1.105271 0.447247
v 0.558962 1.118666 0.445008
v 0.558962 1.074385 0.400727
v 0.572357 1.072146 0.400007
v 0.585752 1.074385 0.400727
v 0.558242 1.072146 0.414122
v 0.572357 1.069703 0.414122
v 0.586471 1.072146 0.414122
v 0.558962 1.074385 0.427517
v 0.572357 1.072146 0.428237
v 0.585752 1.074385 0.427517
v 0.585752 1.136158 0.400727
v 0.572357 1.138396 0.400007
v 0.558962 1.136158 0.400727
v 0.586471 1.138396 0.414122
v 0.572357 1.140840 0.414122
v 0.558242 1.138396 0.414122
v 0.585752 1.136158 0.427517
v 0.572357 1.138396 0.428237
v 0.558962 1.136158 0.427517
v -0.527810 1.091876 0.427517
v -0.525571 1.091157 0.414122
v -0.527810 1.091876 0.400727
v -0.525571 1.105271 0.428237
v -0.523127 1.105271 0.414122
v -0.525571 1.105271 0.400007
v -0.527810 1.118666 0.427517
v -0.525571 1.119386 0.414122
v -0.527810 1.118666 0.400727
v -0.545301 1.091876 0.383236
v -0.558696 1.091157 0.380997
v -0.572091 1.091876 0.383236
v -0.544581 1.105271 0.380997
v -0.558696 1.105271 0.378553
v -0.572810 1.105271 0.380997
v -0.545301 1.118666 0.383236
v -0.558696 1.119386 0.380997
v -0.572091 1.118666 0.383236
v -0.589582 1.091876 0.400727
v -0.591821 1.091157 0.414122
v -0.589582 1.091876 0.427517
v -0.591821 1.105271 0.400007
v -0.594264 1.105271 0.414122
v -0.591821 1.105271 0.428237
v -0.589582 1.118666 0.400727
v -0.591821 1.119386 0.414122
v -0.589582 1.118666 0.427517
v -0.572091 1.091876 0.445008
v -0.558696 1.091157 0.447247
v -0.545301 1.091876 0.445008
v -0.572810 1.105271 0.447247
v -0.558696 1.105271 0.449691
v -0.544581 1.105271 0.447247
v -0.572091 1.118666 0.445008
v -0.558696 1.119386 0.447247
v -0.545301 1.118666 0.445008
v -0.545301 1.074385 0.400727
v -0.544581 1.072146 0.414122
v -0.545301 1.074385 0.427517
v -0.558696 1.072146 0.400007
v -0.558696 1.069703 0.414122
v -0.558696 1.072146 0.428237
v -0.572091 1.074385 0.400727
v -0.572810 1.072146 0.414122
v -0.572091 1.074385 0.427517
v -0.572091 1.136158 0.400727
v -0.572810 1.138396 0.414122
v -0.572091 1.136158 0.427517
v -0.558696 1.138396 0.400007
v -0.558696 1.140840 0.414122
v -0.558696 1.138396 0.428237
v -0.545301 1.136158 0.400727
v -0.544581 1.138396 0.414122
v -0.545301 1.136158 0.427517
v 0.496851 0.960168 0.357002
v 0.032596 0.960168 0.357002
v 0.031178 0.507352 0.357002
v 0.496851 0.506279 0.357002
v 0.480896 0.944612 -0.182006
v 0.048502 0.944612 -0.182006
v 0.047181 0.522871 -0.182006
v 0.480896 0.521872 -0.182006
v -0.120646 0.960163 0.357002
v -0.509944 0.960163 0.357002
v -0.509944 0.507347 0.357002
v -0.120646 0.507347 0.357002
v -0.134004 0.944625 -0.170710
v -0.496585 0.944625 -0.170710
v -0.496585 0.522884 -0.170710
v -0.134004 0.522884 -0.170710
v 0.031184 0.144569 0.357002
v 0.496858 0.144569 0.357002
v 0.496858 0.405069 0.357002
v 0.047163 0.396130 -0.174251
v 0.047163 0.153508 -0.174251
v 0.480879 0.153508 -0.174251
v 0.480879 0.396130 -0.174251
v 0.031184 0.405069 0.357002
v -0.133180 0.153508 0.343445
v -0.491582 0.396130 0.343445
v -0.491582 0.153508 0.343445
v -0.133180 0.396130 0.343445
v -0.134004 0.944625 0.343445
v -0.496585 0.944625 0.343445
v -0.496585 0.522884 0.343445
v -0.134004 0.522884 0.343445
v 0.480896 0.944612 0.343445
v 0.048502 0.944612 0.343445
v 0.047181 0.522871 0.343445
v 0.480896 0.521872 0.343445
v 0.047163 0.153508 0.343445
v 0.480879 0.153508 0.343445
v 0.480879 0.396130 0.343445
v 0.047163 0.396130 0.343445
vn -0.9984 0.0559 -0.0000
vn -0.0000 0.0559 -0.9984
vn 0.9984 0.0559 -0.0000
vn -0.0000 0.0559 0.9984
vn -0.0000 1.0000 -0.0000
vn -0.8737 0.4865 -0.0000
vn -0.0000 0.4865 -0.8737
vn 0.8737 0.4865 -0.0000
vn -0.0000 0.4865 0.8737
vn -0.0000 -0.0032 -1.0000
vn 0.5000 -0.0032 -0.8660
vn 0.8660 -0.0032 -0.5000
vn 1.0000 -0.0032 -0.0000
vn 0.8660 -0.0032 0.5000
vn 0.5000 -0.0032 0.8660
vn -0.0000 -0.0032 1.0000
vn -0.5000 -0.0032 0.8660
vn -0.8660 -0.0032 0.5000
vn -1.0000 -0.0032 -0.0000
vn -0.8660 -0.0032 -0.5000
vn -0.5000 -0.0032 -0.8660
vn -1.0000 -0.0000 -0.0000
vn -0.0000 -0.0000 -1.0000
vn -0.0000 -0.0000 1.0000
vn 1.0000 -0.0000 -0.0000
vn -0.0000 0.9999 -0.0123
vn -0.0000 1.0000 0.0029
vn -0.0000 0.1997 -0.9799
vn 0.9435 0.3313 -0.0000
vn -0.9435 0.3313 -0.0000
vn -0.0000 0.2571 0.9664
vn -0.0000 0.0069 1.0000
vn -0.9999 0.0118 -0.0000
vn 0.9999 0.0118 -0.0000
vn -0.0000 0.0069 -1.0000
vn 0.0109 -0.0161 0.9998
vn -0.0000 -1.0000 -0.0000
vn -0.9992 -0.0000 -0.0399
vn -0.9413 -0.0000 0.3376
vn -0.4346 -0.0000 0.9006
vn -0.4026 0.3761 0.8345
vn 0.3296 -0.0000 0.9441
vn 0.2559 0.6302 0.7330
vn 0.9047 -0.0000 0.4260
vn 0.8378 0.3774 0.3945
vn 0.9993 -0.0000 0.0378
vn -0.9984 -0.0000 -0.0568
vn -0.0355 0.7809 0.6237
vn 0.1959 0.8042 0.5612
vn 0.4159 0.7809 0.4661
vn 0.7461 -0.0000 -0.6658
vn 0.6658 -0.0000 0.7461
vn -0.7461 -0.0000 0.6658
vn -0.6658 -0.0000 -0.7461
vn 0.0568 -0.0000 -0.9984
vn 0.9984 -0.0000 0.0568
vn -0.0568 -0.0000 0.9984
vn 0.6323 -0.7743 -0.0252
vn 0.6323 0.7743 -0.0252
vn 0.7297 0.6317 0.2617
vn 0.7297 -0.6317 0.2617
vn 0.3374 0.6302 0.6993
vn 0.3374 -0.6303 0.6993
vn -0.2559 0.6302 0.7330
vn -0.2559 -0.6303 0.7330
vn -0.7036 0.6287 0.3313
vn -0.7036 -0.6287 0.3313
vn -0.6401 0.7679 0.0242
vn -0.6401 -0.7679 0.0242
vn 0.5612 0.8042 0.1959
vn 0.5353 0.8042 -0.2583
vn 0.6993 0.6303 -0.3374
vn 0.7330 0.6303 0.2559
vn 0.1959 0.8042 -0.5612
vn 0.2583 0.8042 0.5353
vn -0.1959 0.8042 0.5612
vn -0.5353 0.8042 0.2583
vn -0.5612 0.8042 -0.1959
vn -0.2583 0.8042 -0.5353
vn 0.2559 0.6303 -0.7330
vn -0.3374 0.6303 -0.6993
vn -0.7330 0.6303 -0.2559
vn -0.6993 0.6303 0.3374
vn -0.2559 0.6303 0.7330
vn 0.3374 0.6303 0.6993
vn 0.3296 -0.0000 -0.9441
vn 0.9006 -0.0000 -0.4346
vn 0.9441 -0.0000 0.3296
vn 0.4345 -0.0000 0.9006
vn -0.3296 -0.0000 0.9441
vn -0.9006 -0.0000 0.4346
vn -0.9441 -0.0000 -0.3296
vn -0.4345 -0.0000 -0.9006
vn 0.6658 -0.0000 -0.7461
vn 0.7461 -0.0000 0.6658
vn -0.3296 -0.0000 -0.9441
vn 0.4346 -0.0000 -0.9006
vn -0.2897 0.6195 0.7296
vn -0.7226 0.6164 0.3128
vn -0.8975 -0.1375 0.4190
vn -0.3543 -0.2311 0.9061
vn 0.0706 -0.4199 0.9048
vn -0.0706 -0.4199 0.9048
vn -0.1380 -0.3315 0.9333
vn 0.1380 -0.3315 0.9333
vn 0.2657 -0.1215 0.9564
vn 0.2573 -0.1375 0.9565
vn 0.2657 0.1215 0.9564
vn 0.2573 0.1375 0.9565
vn 0.0706 0.4199 0.9048
vn 0.1380 0.3315 0.9333
vn -0.0706 0.4199 0.9048
vn -0.1380 0.3315 0.9333
vn -0.2657 0.1215 0.9564
vn -0.2573 0.1375 0.9565
vn -0.2657 -0.1215 0.9564
vn -0.2573 -0.1375 0.9565
vn 0.2885 0.6252 -0.7252
vn -0.2885 0.6252 -0.7252
vn -0.7214 0.6188 -0.3108
vn 0.2897 0.6195 0.7296
vn 0.7226 0.6164 0.3128
vn 0.7214 0.6188 -0.3108
vn -0.9356 0.0333 -0.3515
vn -0.3896 0.1723 -0.9047
vn 0.3795 0.1955 -0.9043
vn 0.9375 0.0760 -0.3396
vn 0.8941 -0.1098 0.4342
vn 0.3472 -0.2224 0.9110
vn 0.3507 -0.6376 0.6859
vn 0.8920 -0.3078 0.3311
vn 0.3448 -0.8957 0.2807
vn 0.8916 -0.4302 0.1415
vn 0.3638 -0.9275 0.0853
vn 0.9125 -0.4044 0.0620
vn 0.9435 0.2270 -0.2415
vn 0.9392 0.3332 -0.0836
vn 0.9195 0.3921 0.0275
vn 0.4052 0.6259 -0.6664
vn 0.3808 0.8959 -0.2290
vn 0.3697 0.9291 0.0051
vn -0.3860 0.6317 -0.6723
vn -0.3904 0.8973 -0.2060
vn -0.3697 0.9291 0.0051
vn -0.9480 0.2184 -0.2314
vn -0.9365 0.3482 -0.0420
vn -0.9195 0.3921 0.0275
vn -0.8805 -0.3226 0.3473
vn -0.8953 -0.4125 0.1681
vn -0.9125 -0.4044 0.0620
vn -0.3348 -0.6415 0.6902
vn -0.3521 -0.8902 0.2891
vn -0.3638 -0.9275 0.0853
vn 0.3543 -0.2311 0.9061
vn 0.8975 -0.1375 0.4190
vn 0.9356 0.0333 -0.3515
vn 0.3896 0.1723 -0.9047
vn -0.3795 0.1955 -0.9043
vn -0.9375 0.0760 -0.3396
vn -0.8941 -0.1098 0.4342
vn -0.3472 -0.2224 0.9110
vn -0.8920 -0.3078 0.3311
vn -0.3507 -0.6376 0.6859
vn -0.8916 -0.4302 0.1415
vn -0.3448 -0.8957 0.2807
vn -0.9435 0.2270 -0.2414
vn -0.9392 0.3332 -0.0836
vn -0.4052 0.6259 -0.6664
vn -0.3808 0.8959 -0.2290
vn 0.3860 0.6317 -0.6723
vn 0.3904 0.8973 -0.2060
vn 0.9480 0.2184 -0.2314
vn 0.9365 0.3482 -0.0420
vn 0.8805 -0.3226 0.3473
vn 0.8953 -0.4125 0.1681
vn 0.3348 -0.6415 0.6902
vn 0.3521 -0.8902 0.2891
vn -0.6532 -0.0000 -0.7572
vn 0.6532 -0.0000 -0.7572
vn 0.6532 -0.3786 -0.6557
vn -0.6532 -0.3786 -0.6557
vn 0.6532 -0.6557 -0.3786
vn -0.6532 -0.6557 -0.3786
vn 0.6532 -0.7572 -0.0000
vn -0.6532 -0.7572 -0.0000
vn 0.6532 -0.6557 0.3786
vn -0.6532 -0.6557 0.3786
vn 0.6532 -0.3786 0.6557
vn -0.6532 -0.3786 0.6557
vn 0.6532 -0.0000 0.7572
vn -0.6532 -0.0000 0.7572
vn 0.6532 0.3786 0.6557
vn -0.6532 0.3786 0.6557
vn 0.6532 0.6557 0.3786
vn -0.6532 0.6557 0.3786
vn 0.6532 0.7572 -0.0000
vn -0.6532 0.7572 -0.0000
vn 0.6532 0.6557 -0.3786
vn -0.6532 0.6557 -0.3786
vn 0.6532 0.3786 -0.6557
vn -0.6532 0.3786 -0.6557
vn -0.8797 -0.3362 0.3362
vn -0.9345 -0.0000 0.3560
vn -0.9345 -0.3560 -0.0000
vn -0.8797 0.3362 0.3362
vn -0.9345 0.3560 -0.0000
vn -0.9345 -0.0000 -0.3560
vn -0.8797 -0.3362 -0.3362
vn -0.8797 0.3362 -0.3362
vn -0.5774 -0.5774 0.5773
vn -0.6709 -0.3157 0.6709
vn -0.6709 -0.6709 0.3157
vn -0.7071 -0.0000 0.7071
vn -0.6709 0.3157 0.6709
vn -0.5773 0.5774 0.5774
vn -0.6709 0.6709 0.3157
vn -0.7071 0.7071 -0.0000
vn -0.6709 0.6709 -0.3157
vn -0.5773 0.5774 -0.5774
vn -0.6709 0.3157 -0.6709
vn -0.7071 -0.0000 -0.7071
vn -0.6709 -0.3157 -0.6709
vn -0.6709 -0.6709 -0.3157
vn -0.5774 -0.5774 -0.5773
vn -0.7071 -0.7071 -0.0000
vn -0.3362 -0.3362 -0.8797
vn -0.3560 -0.0000 -0.9345
vn -0.0000 -0.3560 -0.9345
vn -0.3362 0.3362 -0.8797
vn -0.0000 0.3560 -0.9345
vn 0.3560 -0.0000 -0.9345
vn 0.3362 -0.3362 -0.8797
vn 0.3362 0.3362 -0.8797
vn -0.3157 -0.6709 -0.6709
vn -0.3157 0.6709 -0.6709
vn -0.0000 0.7071 -0.7071
vn 0.3157 0.6709 -0.6709
vn 0.5773 0.5774 -0.5774
vn 0.6709 0.3157 -0.6709
vn 0.7071 -0.0000 -0.7071
vn 0.6710 -0.3157 -0.6709
vn 0.3157 -0.6709 -0.6709
vn 0.5774 -0.5773 -0.5773
vn -0.0000 -0.7071 -0.7071
vn 0.8797 -0.3362 -0.3362
vn 0.9345 -0.0000 -0.3560
vn 0.9345 -0.3560 -0.0000
vn 0.8797 0.3362 -0.3362
vn 0.9345 0.3560 -0.0000
vn 0.9345 -0.0000 0.3560
vn 0.8797 -0.3362 0.3362
vn 0.8797 0.3362 0.3362
vn 0.6709 -0.6709 -0.3157
vn 0.6709 0.6709 -0.3157
vn 0.7071 0.7071 -0.0000
vn 0.6709 0.6709 0.3157
vn 0.5773 0.5774 0.5773
vn 0.6709 0.3157 0.6709
vn 0.7071 -0.0000 0.7071
vn 0.6709 -0.3157 0.6709
vn 0.6709 -0.6709 0.3157
vn 0.5774 -0.5774 0.5773
vn 0.7071 -0.7071 -0.0000
vn 0.3362 -0.3362 0.8797
vn 0.3560 -0.0000 0.9345
vn -0.0000 -0.3560 0.9345
vn 0.3362 0.3362 0.8797
vn -0.0000 0.3560 0.9345
vn -0.3560 -0.0000 0.9345
vn -0.3362 -0.3362 0.8797
vn -0.3362 0.3362 0.8797
vn 0.3157 -0.6709 0.6709
vn 0.3157 0.6709 0.6709
vn -0.0000 0.7071 0.7071
vn -0.3157 0.6709 0.6709
vn -0.3157 -0.6709 0.6709
vn -0.0000 -0.7071 0.7071
vn -0.3362 -0.8797 -0.3362
vn -0.0000 -0.9345 -0.3560
vn -0.3560 -0.9345 -0.0000
vn 0.3362 -0.8797 -0.3362
vn 0.3560 -0.9345 -0.0000
vn -0.0000 -0.9345 0.3560
vn -0.3362 -0.8797 0.3362
vn 0.3362 -0.8797 0.3362
vn 0.3362 0.8797 -0.3362
vn -0.0000 0.9345 -0.3560
vn 0.3560 0.9345 -0.0000
vn -0.3362 0.8797 -0.3362
vn -0.3560 0.9345 -0.0000
vn -0.0000 0.9345 0.3560
vn 0.3362 0.8797 0.3362
vn -0.3362 0.8797 0.3362
vn 0.5774 0.5774 -0.5773
vn 0.6710 0.6709 0.3157
vn 0.5773 0.5773 0.5774
vn -0.5773 -0.5773 0.5774
vn 1.0000 -0.0031 -0.0000
vn 0.0023 1.0000 -0.0000
vn 0.7164 -0.0000 0.6977
vn -0.7164 -0.0000 0.6977
vn -0.7123 -0.0000 0.7019
vn 0.7123 -0.0000 0.7019
vn -0.0000 -0.8349 0.5505
vn -0.0000 0.8349 0.5505
vn -0.0000 0.6574 0.7535
vn -0.0000 -0.6574 0.7535
vn -0.6475 -0.0000 0.7620
vn 0.6475 -0.0020 0.7620
vn 0.0015 0.6570 0.7539
vn -0.0000 -0.6570 0.7539
vn 0.6469 -0.0000 0.7625
vn -0.6469 -0.0000 0.7625
vt 0.249913 0.070139
vt 0.351563 0.070139
vt 0.351563 0.171788
vt 0.249913 0.171788
vt 0.351563 0.273438
vt 0.249913 0.273438
vt 0.351563 0.375087
vt 0.249913 0.375087
vt 0.351563 0.476736
vt 0.249913 0.476736
vt 0.359561 0.281436
vt 0.445213 0.281436
vt 0.445213 0.367088
vt 0.359561 0.367088
vt 0.453212 0.273438
vt 0.453212 0.375087
vt 0.565154 0.230364
vt 0.565154 0.350206
vt 0.545180 0.350206
vt 0.545180 0.230364
vt 0.525207 0.350206
vt 0.525207 0.230364
vt 0.505233 0.350206
vt 0.505233 0.230364
vt 0.485260 0.350206
vt 0.485260 0.230364
vt 0.465286 0.350206
vt 0.465286 0.230364
vt 0.445313 0.350206
vt 0.445313 0.230364
vt 0.425339 0.350206
vt 0.425339 0.230364
vt 0.405365 0.350206
vt 0.405365 0.230364
vt 0.385392 0.350206
vt 0.385392 0.230364
vt 0.365418 0.350206
vt 0.365418 0.230364
vt 0.345445 0.350206
vt 0.345445 0.230364
vt 0.325471 0.350206
vt 0.325471 0.230364
vt 0.126918 0.964699
vt 0.127389 0.823856
vt 0.181211 0.824036
vt 0.180740 0.964879
vt 0.322054 0.824507
vt 0.321583 0.965350
vt 0.462897 0.824978
vt 0.462426 0.965821
vt 0.603740 0.825450
vt 0.603269 0.966293
vt 0.375876 0.824687
vt 0.376348 0.683844
vt 0.463369 0.684135
vt 0.322525 0.683664
vt 0.375405 0.965530
vt 0.039897 0.964408
vt 0.040368 0.823565
vt 0.245565 0.373962
vt 0.239699 0.379335
vt 0.223736 0.259419
vt 0.230775 0.262855
vt 0.343653 0.243456
vt 0.359616 0.363373
vt 0.349571 0.360117
vt 0.343897 0.317493
vt 0.304152 0.322783
vt 0.300557 0.295779
vt 0.340005 0.290528
vt 0.334484 0.249050
vt 0.209097 0.149438
vt 0.209828 0.233879
vt 0.205177 0.199292
vt 0.164647 0.204803
vt 0.162551 0.196299
vt 0.203385 0.189070
vt 0.568847 0.101551
vt 0.583487 0.211531
vt 0.463570 0.227494
vt 0.448930 0.117513
vt 0.329013 0.133475
vt 0.448269 0.112545
vt 0.328352 0.128507
vt 0.208435 0.144470
vt 0.568185 0.096583
vt 0.089180 0.165400
vt 0.088519 0.160432
vt 0.207774 0.139502
vt 0.087857 0.155464
vt 0.567524 0.091615
vt 0.447607 0.107577
vt 0.327691 0.123540
vt 0.146248 0.195197
vt 0.107580 0.202534
vt 0.101115 0.170462
vt 0.142387 0.165332
vt 0.101466 0.171815
vt 0.949522 0.901231
vt 0.934032 0.901231
vt 0.934032 0.963193
vt 0.949522 0.963193
vt 0.918541 0.901231
vt 0.918541 0.963193
vt 0.903051 0.901231
vt 0.903051 0.963193
vt 0.887560 0.901231
vt 0.887560 0.963193
vt 0.872070 0.901231
vt 0.872070 0.963193
vt 0.888225 0.870250
vt 0.883494 0.881673
vt 0.934032 0.899991
vt 0.913001 0.891280
vt 0.904290 0.870250
vt 0.913001 0.849219
vt 0.934032 0.840508
vt 0.955063 0.849219
vt 0.963774 0.870250
vt 0.955063 0.891280
vt 0.872070 0.886405
vt 0.872070 0.899991
vt 0.893101 0.891280
vt 0.901812 0.870250
vt 0.893101 0.849219
vt 0.883494 0.858826
vt 0.872070 0.840508
vt 0.872070 0.854094
vt 0.851039 0.849219
vt 0.860646 0.858826
vt 0.842328 0.870250
vt 0.855915 0.870250
vt 0.851039 0.891280
vt 0.860646 0.881673
vt 0.872070 0.860513
vt 0.865185 0.863365
vt 0.862334 0.870250
vt 0.865185 0.877134
vt 0.872070 0.879986
vt 0.878955 0.877134
vt 0.881806 0.870250
vt 0.878955 0.863365
vt 0.966810 0.919283
vt 0.940283 0.945810
vt 0.929418 0.945810
vt 0.942682 0.919283
vt 0.870296 0.867922
vt 0.870296 0.919283
vt 0.854523 0.923222
vt 0.854523 0.863983
vt 0.896823 0.841395
vt 0.888934 0.829572
vt 0.940283 0.841395
vt 0.948172 0.829572
vt 0.966810 0.867922
vt 0.982583 0.863983
vt 0.982583 0.923222
vt 0.948172 0.957633
vt 0.896823 0.945810
vt 0.888934 0.957633
vt 0.907688 0.945810
vt 0.894424 0.919283
vt 0.894424 0.867922
vt 0.907688 0.841395
vt 0.929418 0.841395
vt 0.942682 0.867922
vt 0.914317 0.867922
vt 0.916646 0.841395
vt 0.888696 0.867922
vt 0.905109 0.841395
vt 0.920460 0.841395
vt 0.931997 0.841395
vt 0.922789 0.867922
vt 0.948410 0.867922
vt 0.922789 0.919283
vt 0.948410 0.919283
vt 0.920460 0.945810
vt 0.931997 0.945810
vt 0.916646 0.945810
vt 0.905109 0.945810
vt 0.914317 0.919283
vt 0.888696 0.919283
vt 0.969533 0.898178
vt 0.969533 0.955359
vt 0.960003 0.955359
vt 0.960003 0.898178
vt 0.950473 0.955359
vt 0.950473 0.898178
vt 0.940943 0.955359
vt 0.940943 0.898178
vt 0.931413 0.955359
vt 0.931413 0.898178
vt 0.921883 0.955359
vt 0.921883 0.898178
vt 0.912352 0.955359
vt 0.912352 0.898178
vt 0.902822 0.955359
vt 0.902822 0.898178
vt 0.893292 0.955359
vt 0.893292 0.898178
vt 0.883762 0.955359
vt 0.883762 0.898178
vt 0.874232 0.955359
vt 0.874232 0.898178
vt 0.897485 0.893357
vt 0.883762 0.897034
vt 0.870038 0.893357
vt 0.859992 0.883311
vt 0.856315 0.869588
vt 0.859992 0.855864
vt 0.870038 0.845818
vt 0.883762 0.842141
vt 0.897485 0.845818
vt 0.907531 0.855864
vt 0.911209 0.869588
vt 0.907531 0.883311
vt 0.864701 0.955359
vt 0.864701 0.898178
vt 0.855171 0.955359
vt 0.855171 0.898178
vt 0.940943 0.897034
vt 0.954666 0.893357
vt 0.964713 0.883311
vt 0.968390 0.869588
vt 0.964713 0.855864
vt 0.954666 0.845818
vt 0.940943 0.842141
vt 0.927219 0.845818
vt 0.917173 0.855864
vt 0.913496 0.869588
vt 0.917173 0.883311
vt 0.927219 0.893357
vt 0.896263 0.818327
vt 0.906152 0.818327
vt 0.906152 0.828216
vt 0.896263 0.828216
vt 0.916040 0.818327
vt 0.916040 0.828216
vt 0.906152 0.838105
vt 0.896263 0.838105
vt 0.916040 0.838105
vt 0.886374 0.808438
vt 0.896263 0.808438
vt 0.886374 0.818327
vt 0.906152 0.808438
vt 0.916040 0.808438
vt 0.925929 0.808438
vt 0.925929 0.818327
vt 0.925929 0.828216
vt 0.925929 0.838105
vt 0.925929 0.847993
vt 0.916040 0.847993
vt 0.906152 0.847993
vt 0.896263 0.847993
vt 0.886374 0.838105
vt 0.886374 0.847993
vt 0.886374 0.828216
vt 0.896263 0.857882
vt 0.906151 0.857882
vt 0.906151 0.867771
vt 0.896263 0.867771
vt 0.916040 0.857882
vt 0.916040 0.867771
vt 0.906152 0.877660
vt 0.896263 0.877660
vt 0.916040 0.877660
vt 0.886374 0.857882
vt 0.925929 0.857882
vt 0.925929 0.867771
vt 0.925929 0.877660
vt 0.925929 0.887549
vt 0.916040 0.887549
vt 0.906152 0.887549
vt 0.896263 0.887549
vt 0.886374 0.877660
vt 0.886374 0.887549
vt 0.886374 0.867771
vt 0.896263 0.897438
vt 0.906152 0.897438
vt 0.906152 0.907327
vt 0.896263 0.907327
vt 0.916040 0.897438
vt 0.916040 0.907327
vt 0.906152 0.917216
vt 0.896263 0.917216
vt 0.916040 0.917216
vt 0.886374 0.897438
vt 0.925929 0.897438
vt 0.925929 0.907327
vt 0.925929 0.917216
vt 0.925929 0.927105
vt 0.916040 0.927105
vt 0.906152 0.927105
vt 0.896263 0.927105
vt 0.886374 0.917216
vt 0.886374 0.927105
vt 0.886374 0.907327
vt 0.896263 0.936994
vt 0.906151 0.936994
vt 0.906151 0.946883
vt 0.896263 0.946883
vt 0.916040 0.936994
vt 0.916040 0.946883
vt 0.906152 0.956772
vt 0.896263 0.956772
vt 0.916040 0.956772
vt 0.886374 0.936994
vt 0.925929 0.936994
vt 0.925929 0.946883
vt 0.925929 0.956772
vt 0.925929 0.966661
vt 0.916040 0.966661
vt 0.906152 0.966661
vt 0.896263 0.966661
vt 0.886374 0.956772
vt 0.886374 0.966661
vt 0.886374 0.946883
vt 0.856707 0.897438
vt 0.866596 0.897438
vt 0.866596 0.907327
vt 0.856707 0.907327
vt 0.876485 0.897438
vt 0.876485 0.907327
vt 0.866596 0.917216
vt 0.856707 0.917216
vt 0.876485 0.917216
vt 0.846818 0.887549
vt 0.856707 0.887549
vt 0.846818 0.897438
vt 0.866596 0.887549
vt 0.876485 0.887549
vt 0.876485 0.927105
vt 0.866596 0.927105
vt 0.856707 0.927105
vt 0.846818 0.917216
vt 0.846818 0.927105
vt 0.846818 0.907327
vt 0.935818 0.897438
vt 0.945707 0.897438
vt 0.945707 0.907327
vt 0.935818 0.907327
vt 0.955596 0.897438
vt 0.955596 0.907327
vt 0.945707 0.917216
vt 0.935818 0.917216
vt 0.955596 0.917216
vt 0.935818 0.887549
vt 0.945707 0.887549
vt 0.955596 0.887549
vt 0.965485 0.887549
vt 0.965485 0.897438
vt 0.965485 0.907327
vt 0.965485 0.917216
vt 0.965485 0.927105
vt 0.955596 0.927105
vt 0.945707 0.927105
vt 0.935818 0.927105
vt 0.896263 0.818327
vt 0.896263 0.828216
vt 0.906152 0.828216
vt 0.896263 0.838105
vt 0.906152 0.838104
vt 0.916040 0.838105
vt 0.896263 0.847993
vt 0.906152 0.847993
vt 0.916040 0.847993
vt 0.896263 0.857882
vt 0.896263 0.867771
vt 0.906152 0.867771
vt 0.906152 0.857882
vt 0.896263 0.877660
vt 0.906152 0.877660
vt 0.916040 0.867771
vt 0.916040 0.877660
vt 0.896263 0.887549
vt 0.906152 0.887549
vt 0.916040 0.887549
vt 0.896263 0.897438
vt 0.896263 0.907327
vt 0.906152 0.897438
vt 0.896263 0.917216
vt 0.906152 0.917216
vt 0.916040 0.907327
vt 0.916040 0.897438
vt 0.886374 0.897438
vt 0.886374 0.907327
vt 0.886374 0.917216
vt 0.916040 0.927105
vt 0.925929 0.917216
vt 0.925929 0.907327
vt 0.925929 0.897438
vt 0.896263 0.946883
vt 0.906152 0.946883
vt 0.906152 0.936994
vt 0.896263 0.956772
vt 0.906152 0.956772
vt 0.916040 0.946883
vt 0.916040 0.956772
vt 0.856707 0.907327
vt 0.866596 0.907327
vt 0.866596 0.897438
vt 0.856707 0.917216
vt 0.866596 0.917216
vt 0.876485 0.907327
vt 0.876485 0.917216
vt 0.935818 0.897438
vt 0.935818 0.907327
vt 0.945707 0.907327
vt 0.945707 0.897438
vt 0.935818 0.917216
vt 0.945707 0.917216
vt 0.955596 0.907327
vt 0.955596 0.897438
vt 0.955596 0.917216
vt 0.144604 0.209814
vt 0.110382 0.214559
vt 0.169855 0.239102
vt 0.149112 0.250100
vt 0.115640 0.256434
vt 0.103820 0.275381
vt 0.154097 0.162566
vt 0.198018 0.156776
vt 0.149717 0.194683
vt 0.161473 0.192094
s 0
usemtl StoveBodyMaterial
f 705/237/466 713/238/466 714/239/466 707/240/466
f 707/240/467 714/239/467 715/241/467 711/242/467
f 711/242/468 715/241/468 716/243/468 709/244/468
f 709/244/469 716/243/469 713/245/469 705/246/469
f 712/247/470 708/248/470 706/249/470 710/250/470
f 706/249/471 708/248/471 714/251/471 713/252/471
f 708/248/472 712/247/472 715/241/472 714/251/472
f 712/247/473 710/250/473 716/243/473 715/241/473
f 710/250/474 706/249/474 713/252/474 716/243/474
s 1
f 717/253/475 718/254/475 720/255/476 719/256/476
f 719/256/476 720/255/476 722/257/477 721/258/477
f 721/258/477 722/257/477 724/259/478 723/260/478
f 723/260/478 724/259/478 726/261/479 725/262/479
f 725/262/479 726/261/479 728/263/480 727/264/480
f 727/264/480 728/263/480 730/265/481 729/266/481
f 729/266/481 730/265/481 732/267/482 731/268/482
f 731/268/482 732/267/482 734/269/483 733/270/483
f 733/270/483 734/269/483 736/271/484 735/272/484
f 735/272/484 736/271/484 738/273/485 737/274/485
f 737/274/485 738/273/485 740/275/486 739/276/486
f 739/276/486 740/275/486 718/277/475 717/278/475
s 0
f 749/279/487 750/280/487 744/281/487 743/282/487
f 743/282/488 744/281/488 748/283/488 747/284/488
f 746/285/489 745/286/489 755/286/489 754/285/489
f 745/286/489 746/285/489 742/287/489 741/288/489
f 752/289/470 750/290/470 742/291/470 746/285/470
f 748/283/470 744/292/470 750/290/470 752/289/470
f 747/284/490 748/283/490 752/289/490 751/293/490
f 741/294/487 742/295/487 750/280/487 749/279/487
f 751/293/488 752/289/488 753/289/488 756/293/488
f 752/289/470 746/285/470 754/285/470 753/289/470
f 760/293/490 757/289/490 758/285/490 759/286/490
f 753/289/470 754/285/470 758/285/470 757/289/470
f 753/289/470 757/289/470 763/289/470 761/289/470
f 754/285/489 755/286/489 759/286/489 758/285/489
f 762/293/488 761/289/488 763/289/488 764/293/488
f 757/289/490 760/293/490 764/293/490 763/289/490
f 756/293/487 753/289/487 761/289/487 762/293/487
f 781/296/491 771/297/491 767/298/491 787/299/491
f 787/299/492 767/298/492 765/300/492 769/301/492 771/297/492 781/296/492 782/302/492 785/303/492 783/304/492 786/305/492 784/306/492 788/307/492
f 775/308/489 767/298/489 1465/309/489 1468/310/489 1467/311/489 1488/312/489 1483/313/489
f 774/314/487 771/315/487 769/316/487 776/317/487
f 773/318/490 765/300/490 767/298/490 775/308/490
f 776/317/488 769/316/488 765/300/488 773/318/488
f 779/319/493 776/317/493 773/318/493 777/320/493
f 777/320/494 773/318/494 775/308/494 778/321/494
f 780/322/495 774/314/495 776/317/495 779/319/495
f 778/321/496 775/308/496 774/323/496 780/324/496
f 768/325/497 778/321/497 780/324/497 772/326/497
f 772/327/498 780/322/498 779/319/498 770/328/498
f 766/329/499 777/320/499 778/321/499 768/325/499
f 770/328/500 779/319/500 777/320/500 766/329/500
f 790/330/501 789/331/501 793/332/501 792/333/501
f 792/333/470 793/332/470 1491/334/470 1489/333/470
f 789/331/502 790/330/502 1492/330/502 1490/331/502
s 1
f 799/335/503 801/336/504 815/337/504 813/338/503
f 801/336/504 803/339/505 816/340/506 815/337/504
f 803/339/505 805/341/507 817/342/508 816/340/506
f 805/341/507 807/343/509 818/344/510 817/342/508
f 807/343/509 809/345/511 819/346/511 818/344/510
s 0
f 802/347/512 823/347/512 821/348/512 800/348/512
f 797/349/502 811/350/502 809/351/502 807/352/502 805/353/502 803/354/502 801/355/502 799/356/502
f 798/357/470 814/358/470 813/359/470 800/348/470
f 800/348/470 813/359/470 815/360/470 802/347/470
f 802/347/470 815/360/470 816/361/470 804/362/470
s 1
f 804/362/513 816/361/506 817/363/508 806/364/514
f 806/364/514 817/363/508 818/365/510 808/366/515
s 0
f 808/366/470 818/365/470 819/367/470 810/368/470
f 810/368/470 819/367/470 820/369/470 812/370/470
f 812/370/470 820/369/470 814/358/470 798/357/470
f 821/348/470 823/347/470 824/362/470 825/364/470 826/366/470 827/368/470 828/370/470 822/357/470
f 812/370/516 828/370/516 827/368/516 810/368/516
s 1
f 808/366/515 826/366/517 825/364/507 806/364/514
s 0
f 804/362/518 824/362/518 823/347/518 802/347/518
f 800/348/519 821/348/519 822/357/519 798/357/519
f 798/357/520 822/357/520 828/370/520 812/370/520
f 810/368/521 827/368/521 826/366/521 808/366/521
s 1
f 806/364/514 825/364/507 824/362/522 804/362/513
f 831/335/523 845/338/524 847/337/525 833/336/526
f 833/336/526 847/337/525 848/340/527 835/339/528
f 835/339/528 848/340/527 849/342/529 837/341/530
f 837/341/530 849/342/529 850/344/531 839/343/532
f 839/343/532 850/344/531 851/346/533 841/345/534
f 834/347/535 832/348/536 853/348/537 855/347/538
f 829/349/502 831/356/523 833/355/526 835/354/528 837/353/530 839/352/532 841/351/534 843/350/502
f 830/357/539 832/348/536 845/359/524 846/358/470
f 832/348/536 834/347/535 847/360/525 845/359/524
f 834/347/535 836/362/540 848/361/527 847/360/525
f 836/362/540 838/364/541 849/363/529 848/361/527
f 838/364/541 840/366/542 850/365/531 849/363/529
f 840/366/542 842/368/543 851/367/533 850/365/531
f 842/368/543 844/370/544 852/369/470 851/367/533
f 844/370/544 830/357/539 846/358/470 852/369/470
f 853/348/537 854/357/545 860/370/546 859/368/547 858/366/548 857/364/549 856/362/550 855/347/538
f 844/370/544 842/368/543 859/368/547 860/370/546
f 840/366/542 838/364/541 857/364/549 858/366/548
f 836/362/540 834/347/535 855/347/538 856/362/550
f 832/348/536 830/357/539 854/357/545 853/348/537
f 830/357/539 844/370/544 860/370/546 854/357/545
f 842/368/543 840/366/542 858/366/548 859/368/547
f 838/364/541 836/362/540 856/362/550 857/364/549
f 865/371/551 873/371/551 874/372/552 866/372/552
f 866/372/552 874/372/552 875/373/553 867/373/553
f 867/373/553 875/373/553 876/374/554 868/374/554
f 868/374/554 876/374/554 870/375/555 862/375/555
f 862/375/555 870/375/555 869/376/556 861/376/556
f 861/376/556 869/376/556 871/377/557 863/377/557
f 863/377/557 871/377/557 872/378/558 864/378/558
f 864/378/558 872/378/558 873/371/551 865/371/551
f 879/335/523 893/338/524 895/337/525 881/336/526
f 881/336/526 895/337/525 896/340/527 883/339/528
f 883/339/528 896/340/527 897/342/529 885/341/530
f 885/341/530 897/342/529 898/344/531 887/343/532
f 887/343/532 898/344/531 899/346/533 889/345/534
f 882/347/535 880/348/536 901/348/537 903/347/538
f 877/349/502 879/356/523 881/355/526 883/354/528 885/353/530 887/352/532 889/351/534 891/350/502
f 878/357/539 880/348/536 893/359/524 894/358/470
f 880/348/536 882/347/535 895/360/525 893/359/524
f 882/347/535 884/362/540 896/361/527 895/360/525
f 884/362/540 886/364/541 897/363/529 896/361/527
f 886/364/541 888/366/542 898/365/531 897/363/529
f 888/366/542 890/368/543 899/367/533 898/365/531
f 890/368/543 892/370/544 900/369/470 899/367/533
f 892/370/544 878/357/539 894/358/470 900/369/470
f 901/348/537 902/357/545 908/370/546 907/368/547 906/366/548 905/364/549 904/362/550 903/347/538
f 892/370/544 890/368/543 907/368/547 908/370/546
f 888/366/542 886/364/541 905/364/549 906/366/548
f 884/362/540 882/347/535 903/347/538 904/362/550
f 880/348/536 878/357/539 902/357/545 901/348/537
f 878/357/539 892/370/544 908/370/546 902/357/545
f 890/368/543 888/366/542 906/366/548 907/368/547
f 886/364/541 884/362/540 904/362/550 905/364/549
f 913/371/551 921/371/551 922/372/559 914/372/559
f 915/373/560 923/373/560 924/374/554 916/374/554
f 916/374/554 924/374/554 918/375/555 910/375/555
f 910/375/555 918/375/555 917/376/556 909/376/556
f 909/376/556 917/376/556 919/377/557 911/377/557
f 911/377/557 919/377/557 920/378/558 912/378/558
f 912/378/558 920/378/558 921/371/551 913/371/551
f 927/335/523 941/338/524 943/337/525 929/336/526
f 929/336/526 943/337/525 944/340/527 931/339/528
f 931/339/528 944/340/527 945/342/529 933/341/530
f 933/341/530 945/342/529 946/344/531 935/343/532
f 935/343/532 946/344/531 947/346/533 937/345/534
f 930/347/535 928/348/536 949/348/537 951/347/538
f 925/349/502 927/356/523 929/355/526 931/354/528 933/353/530 935/352/532 937/351/534 939/350/502
f 926/357/539 928/348/536 941/359/524 942/358/470
f 928/348/536 930/347/535 943/360/525 941/359/524
f 930/347/535 932/362/540 944/361/527 943/360/525
f 932/362/540 934/364/541 945/363/529 944/361/527
f 934/364/541 936/366/542 946/365/531 945/363/529
f 936/366/542 938/368/543 947/367/533 946/365/531
f 938/368/543 940/370/544 948/369/470 947/367/533
f 940/370/544 926/357/539 942/358/470 948/369/470
f 949/348/537 950/357/545 956/370/546 955/368/547 954/366/548 953/364/549 952/362/550 951/347/538
f 940/370/544 938/368/543 955/368/547 956/370/546
f 936/366/542 934/364/541 953/364/549 954/366/548
f 932/362/540 930/347/535 951/347/538 952/362/550
f 928/348/536 926/357/539 950/357/545 949/348/537
f 926/357/539 940/370/544 956/370/546 950/357/545
f 938/368/543 936/366/542 954/366/548 955/368/547
f 934/364/541 932/362/540 952/362/550 953/364/549
f 961/371/551 969/371/551 970/372/559 962/372/559
f 963/373/560 971/373/560 972/374/554 964/374/554
f 964/374/554 972/374/554 966/375/555 958/375/555
f 958/375/555 966/375/555 965/376/556 957/376/556
f 957/376/556 965/376/556 967/377/557 959/377/557
f 959/377/557 967/377/557 968/378/558 960/378/558
f 960/378/558 968/378/558 969/371/551 961/371/551
f 975/335/523 989/338/524 991/337/525 977/336/526
f 977/336/526 991/337/525 992/340/527 979/339/528
f 979/339/528 992/340/527 993/342/529 981/341/530
f 981/341/530 993/342/529 994/344/531 983/343/532
f 983/343/532 994/344/531 995/346/533 985/345/534
f 978/347/535 976/348/536 997/348/537 999/347/538
f 973/349/502 975/356/523 977/355/526 979/354/528 981/353/530 983/352/532 985/351/534 987/350/502
f 974/357/539 976/348/536 989/359/524 990/358/470
f 976/348/536 978/347/535 991/360/525 989/359/524
f 978/347/535 980/362/540 992/361/527 991/360/525
f 980/362/540 982/364/541 993/363/529 992/361/527
f 982/364/541 984/366/542 994/365/531 993/363/529
f 984/366/542 986/368/543 995/367/533 994/365/531
f 986/368/543 988/370/544 996/369/470 995/367/533
f 988/370/544 974/357/539 990/358/470 996/369/470
f 997/348/537 998/357/545 1004/370/546 1003/368/547 1002/366/548 1001/364/549 1000/362/550 999/347/538
f 988/370/544 986/368/543 1003/368/547 1004/370/546
f 984/366/542 982/364/541 1001/364/549 1002/366/548
f 980/362/540 978/347/535 999/347/538 1000/362/550
f 976/348/536 974/357/539 998/357/545 997/348/537
f 974/357/539 988/370/544 1004/370/546 998/357/545
f 986/368/543 984/366/542 1002/366/548 1003/368/547
f 982/364/541 980/362/540 1000/362/550 1001/364/549
f 1009/371/551 1017/371/551 1018/372/559 1010/372/559
f 1011/373/560 1019/373/560 1020/374/554 1012/374/554
f 1012/374/554 1020/374/554 1014/375/555 1006/375/555
f 1006/375/555 1014/375/555 1013/376/556 1005/376/556
f 1005/376/556 1013/376/556 1015/377/557 1007/377/557
f 1007/377/557 1015/377/557 1016/378/558 1008/378/558
f 1008/378/558 1016/378/558 1017/371/551 1009/371/551
f 1023/335/503 1025/336/504 1039/337/504 1037/338/503
f 1025/336/504 1027/339/505 1040/340/506 1039/337/504
f 1027/339/505 1029/341/507 1041/342/508 1040/340/506
f 1029/341/507 1031/343/509 1042/344/510 1041/342/508
f 1031/343/509 1033/345/511 1043/346/511 1042/344/510
s 0
f 1026/347/512 1047/347/512 1045/348/512 1024/348/512
f 1021/349/502 1035/350/502 1033/351/502 1031/352/502 1029/353/502 1027/354/502 1025/355/502 1023/356/502
f 1022/357/470 1038/358/470 1037/359/470 1024/348/470
f 1024/348/470 1037/359/470 1039/360/470 1026/347/470
f 1026/347/470 1039/360/470 1040/361/470 1028/362/470
s 1
f 1028/362/513 1040/361/506 1041/363/508 1030/364/514
f 1030/364/514 1041/363/508 1042/365/510 1032/366/515
s 0
f 1032/366/470 1042/365/470 1043/367/470 1034/368/470
f 1034/368/470 1043/367/470 1044/369/470 1036/370/470
f 1036/370/470 1044/369/470 1038/358/470 1022/357/470
f 1045/348/470 1047/347/470 1048/362/470 1049/364/470 1050/366/470 1051/368/470 1052/370/470 1046/357/470
f 1036/370/516 1052/370/516 1051/368/516 1034/368/516
s 1
f 1032/366/515 1050/366/517 1049/364/507 1030/364/514
s 0
f 1028/362/518 1048/362/518 1047/347/518 1026/347/518
f 1024/348/519 1045/348/519 1046/357/519 1022/357/519
f 1022/357/520 1046/357/520 1052/370/520 1036/370/520
f 1034/368/521 1051/368/521 1050/366/521 1032/366/521
s 1
f 1030/364/514 1049/364/507 1048/362/522 1028/362/513
f 1055/335/503 1057/336/504 1071/337/504 1069/338/503
f 1057/336/504 1059/339/505 1072/340/506 1071/337/504
f 1059/339/505 1061/341/507 1073/342/508 1072/340/506
f 1061/341/507 1063/343/509 1074/344/510 1073/342/508
f 1063/343/509 1065/345/511 1075/346/511 1074/344/510
s 0
f 1058/347/512 1079/347/512 1077/348/512 1056/348/512
f 1053/349/502 1067/350/502 1065/351/502 1063/352/502 1061/353/502 1059/354/502 1057/355/502 1055/356/502
f 1054/357/470 1070/358/470 1069/359/470 1056/348/470
f 1056/348/470 1069/359/470 1071/360/470 1058/347/470
f 1058/347/470 1071/360/470 1072/361/470 1060/362/470
s 1
f 1060/362/513 1072/361/506 1073/363/508 1062/364/514
f 1062/364/514 1073/363/508 1074/365/510 1064/366/515
s 0
f 1064/366/470 1074/365/470 1075/367/470 1066/368/470
f 1066/368/470 1075/367/470 1076/369/470 1068/370/470
f 1068/370/470 1076/369/470 1070/358/470 1054/357/470
f 1077/348/470 1079/347/470 1080/362/470 1081/364/470 1082/366/470 1083/368/470 1084/370/470 1078/357/470
f 1068/370/516 1084/370/516 1083/368/516 1066/368/516
s 1
f 1064/366/515 1082/366/517 1081/364/507 1062/364/514
s 0
f 1060/362/518 1080/362/518 1079/347/518 1058/347/518
f 1056/348/519 1077/348/519 1078/357/519 1054/357/519
f 1054/357/520 1078/357/520 1084/370/520 1068/370/520
f 1066/368/521 1083/368/521 1082/366/521 1064/366/521
s 1
f 1062/364/514 1081/364/507 1080/362/522 1060/362/513
f 1089/371/561 1090/372/519 1098/372/519 1097/371/561
s 0
f 1091/373/518 1092/374/518 1100/374/518 1099/373/518
f 1092/374/522 1086/375/522 1094/375/522 1100/374/522
f 1086/375/517 1085/376/517 1093/376/517 1094/375/517
f 1085/376/521 1087/377/521 1095/377/521 1093/376/521
s 1
f 1087/377/516 1088/378/562 1096/378/562 1095/377/516
f 1088/378/562 1089/371/561 1097/371/561 1096/378/562
f 1103/335/503 1105/336/504 1119/337/504 1117/338/503
f 1105/336/504 1107/339/505 1120/340/506 1119/337/504
f 1107/339/505 1109/341/507 1121/342/508 1120/340/506
f 1109/341/507 1111/343/509 1122/344/510 1121/342/508
f 1111/343/509 1113/345/511 1123/346/511 1122/344/510
s 0
f 1106/347/512 1127/347/512 1125/348/512 1104/348/512
f 1101/349/502 1115/350/502 1113/351/502 1111/352/502 1109/353/502 1107/354/502 1105/355/502 1103/356/502
f 1102/357/470 1118/358/470 1117/359/470 1104/348/470
f 1104/348/470 1117/359/470 1119/360/470 1106/347/470
f 1106/347/470 1119/360/470 1120/361/470 1108/362/470
s 1
f 1108/362/513 1120/361/506 1121/363/508 1110/364/514
f 1110/364/514 1121/363/508 1122/365/510 1112/366/515
s 0
f 1112/366/470 1122/365/470 1123/367/470 1114/368/470
f 1114/368/470 1123/367/470 1124/369/470 1116/370/470
f 1116/370/470 1124/369/470 1118/358/470 1102/357/470
f 1125/348/470 1127/347/470 1128/362/470 1129/364/470 1130/366/470 1131/368/470 1132/370/470 1126/357/470
f 1116/370/516 1132/370/516 1131/368/516 1114/368/516
s 1
f 1112/366/515 1130/366/517 1129/364/507 1110/364/514
s 0
f 1108/362/518 1128/362/518 1127/347/518 1106/347/518
f 1104/348/519 1125/348/519 1126/357/519 1102/357/519
f 1102/357/520 1126/357/520 1132/370/520 1116/370/520
f 1114/368/521 1131/368/521 1130/366/521 1112/366/521
s 1
f 1110/364/514 1129/364/507 1128/362/522 1108/362/513
f 1137/371/561 1138/372/519 1146/372/519 1145/371/561
s 0
f 1139/373/518 1140/374/518 1148/374/518 1147/373/518
f 1140/374/522 1134/375/522 1142/375/522 1148/374/522
f 1134/375/517 1133/376/517 1141/376/517 1142/375/517
f 1133/376/521 1135/377/521 1143/377/521 1141/376/521
s 1
f 1135/377/516 1136/378/562 1144/378/562 1143/377/516
f 1136/378/562 1137/371/561 1145/371/561 1144/378/562
f 1170/379/563 1171/380/564 1193/381/565 1194/382/566
f 1158/383/567 1157/384/568 1149/385/569 1153/386/570
f 1159/387/571 1158/383/567 1153/386/570 1154/388/572
f 1160/389/573 1159/387/571 1154/388/572 1156/390/574
f 1161/391/575 1160/389/573 1156/390/574 1155/392/576
f 1162/379/577 1161/391/575 1155/392/576 1151/393/578
f 1163/380/579 1162/379/577 1151/393/578 1152/394/580
f 1164/395/581 1163/380/579 1152/394/580 1150/396/582
f 1157/384/568 1164/395/581 1150/396/582 1149/385/569
f 1166/383/583 1165/384/584 1172/395/585 1171/380/564 1170/379/563 1169/391/586 1168/389/587 1167/387/588
f 1171/380/564 1172/395/585 1190/397/589 1193/381/565
f 1172/395/585 1165/384/584 1187/398/590 1190/397/589
f 1165/384/584 1166/383/583 1184/399/591 1187/398/590
f 1166/383/583 1167/387/588 1181/400/592 1184/399/591
f 1167/387/588 1168/389/587 1178/401/593 1181/400/592
f 1168/389/587 1169/391/586 1175/402/594 1178/401/593
f 1169/391/586 1170/379/563 1194/382/566 1175/402/594
f 1178/401/593 1175/402/594 1174/403/595 1177/404/596
f 1177/404/596 1174/403/595 1173/405/597 1176/406/598
f 1176/406/598 1173/405/597 1158/383/599 1159/387/600
f 1181/400/592 1178/401/593 1177/404/596 1180/407/601
f 1180/407/601 1177/404/596 1176/406/598 1179/408/602
f 1179/408/602 1176/406/598 1159/387/600 1160/389/603
f 1184/399/591 1181/400/592 1180/407/601 1183/409/604
f 1183/409/604 1180/407/601 1179/408/602 1182/410/605
f 1182/410/605 1179/408/602 1160/389/603 1161/391/606
f 1187/398/590 1184/399/591 1183/409/604 1186/411/607
f 1186/411/607 1183/409/604 1182/410/605 1185/412/608
f 1185/412/608 1182/410/605 1161/391/606 1162/379/609
f 1190/397/589 1187/398/590 1186/411/607 1189/413/610
f 1189/413/610 1186/411/607 1185/412/608 1188/414/611
f 1188/414/611 1185/412/608 1162/379/609 1163/380/612
f 1193/381/565 1190/397/589 1189/413/610 1192/415/613
f 1192/415/613 1189/413/610 1188/414/611 1191/416/614
f 1191/416/614 1188/414/611 1163/380/612 1164/395/615
f 1194/382/566 1193/381/565 1192/415/613 1195/417/616
f 1195/417/616 1192/415/613 1191/416/614 1196/418/617
f 1196/418/617 1191/416/614 1164/395/615 1157/384/618
f 1175/402/594 1194/382/566 1195/417/616 1174/403/595
f 1174/403/595 1195/417/616 1196/418/617 1173/405/597
f 1173/405/597 1196/418/617 1157/384/618 1158/383/599
f 1218/379/586 1242/382/619 1241/381/620 1219/380/587
f 1206/383/568 1201/386/569 1197/385/570 1205/384/567
f 1207/387/581 1202/388/582 1201/386/569 1206/383/568
f 1208/389/579 1204/390/580 1202/388/582 1207/387/581
f 1209/391/577 1203/392/578 1204/390/580 1208/389/579
f 1210/379/575 1199/393/576 1203/392/578 1209/391/577
f 1211/380/573 1200/394/574 1199/393/576 1210/379/575
f 1212/395/571 1198/396/572 1200/394/574 1211/380/573
f 1205/384/567 1197/385/570 1198/396/572 1212/395/571
f 1214/383/584 1215/387/585 1216/389/564 1217/391/563 1218/379/586 1219/380/587 1220/395/588 1213/384/583
f 1219/380/587 1241/381/620 1238/397/621 1220/395/588
f 1220/395/588 1238/397/621 1235/398/622 1213/384/583
f 1213/384/583 1235/398/622 1232/399/623 1214/383/584
f 1214/383/584 1232/399/623 1229/400/624 1215/387/585
f 1215/387/585 1229/400/624 1226/401/625 1216/389/564
f 1216/389/564 1226/401/625 1223/402/626 1217/391/563
f 1217/391/563 1223/402/626 1242/382/619 1218/379/586
f 1226/401/625 1225/404/627 1222/403/628 1223/402/626
f 1225/404/627 1224/406/629 1221/405/630 1222/403/628
f 1224/406/629 1207/387/615 1206/383/618 1221/405/630
f 1229/400/624 1228/407/631 1225/404/627 1226/401/625
f 1228/407/631 1227/408/632 1224/406/629 1225/404/627
f 1227/408/632 1208/389/612 1207/387/615 1224/406/629
f 1232/399/623 1231/409/633 1228/407/631 1229/400/624
f 1231/409/633 1230/410/634 1227/408/632 1228/407/631
f 1230/410/634 1209/391/609 1208/389/612 1227/408/632
f 1235/398/622 1234/411/635 1231/409/633 1232/399/623
f 1234/411/635 1233/412/636 1230/410/634 1231/409/633
f 1233/412/636 1210/379/606 1209/391/609 1230/410/634
f 1238/397/621 1237/413/637 1234/411/635 1235/398/622
f 1237/413/637 1236/414/638 1233/412/636 1234/411/635
f 1236/414/638 1211/380/603 1210/379/606 1233/412/636
f 1241/381/620 1240/415/639 1237/413/637 1238/397/621
f 1240/415/639 1239/416/640 1236/414/638 1237/413/637
f 1239/416/640 1212/395/600 1211/380/603 1236/414/638
f 1242/382/619 1243/417/641 1240/415/639 1241/381/620
f 1243/417/641 1244/418/642 1239/416/640 1240/415/639
f 1244/418/642 1205/384/599 1212/395/600 1239/416/640
f 1223/402/626 1222/403/628 1243/417/641 1242/382/619
f 1222/403/628 1221/405/630 1244/418/642 1243/417/641
f 1221/405/630 1206/383/618 1205/384/599 1244/418/642
f 1245/419/643 1246/420/644 1248/421/645 1247/422/646
f 1247/422/646 1248/421/645 1250/423/647 1249/424/648
f 1249/424/648 1250/423/647 1252/425/649 1251/426/650
f 1251/426/650 1252/425/649 1254/427/651 1253/428/652
f 1253/428/652 1254/427/651 1256/429/653 1255/430/654
f 1255/430/654 1256/429/653 1258/431/655 1257/432/656
f 1257/432/656 1258/431/655 1260/433/657 1259/434/658
f 1259/434/658 1260/433/657 1262/435/659 1261/436/660
f 1261/436/660 1262/435/659 1264/437/661 1263/438/662
f 1263/438/662 1264/437/661 1266/439/663 1265/440/664
f 1248/441/645 1246/442/644 1268/443/665 1266/444/663 1264/445/661 1262/446/659 1260/447/657 1258/448/655 1256/449/653 1254/450/651 1252/451/649 1250/452/647
f 1265/440/664 1266/439/663 1268/453/665 1267/454/666
f 1267/454/666 1268/453/665 1246/455/644 1245/456/643
f 1245/457/643 1247/458/646 1249/459/648 1251/460/650 1253/461/652 1255/462/654 1257/463/656 1259/464/658 1261/465/660 1263/466/662 1265/467/664 1267/468/666
f 1357/469/667 1358/470/668 1361/471/487 1360/472/669
f 1358/470/668 1359/473/670 1362/474/671 1361/471/487
f 1360/472/669 1361/471/487 1364/475/672 1363/476/673
f 1361/471/487 1362/474/671 1365/477/674 1364/475/672
f 1269/478/675 1288/479/676 1357/469/667 1287/480/677
f 1288/479/676 1289/481/678 1358/470/668 1357/469/667
f 1289/481/678 1290/482/679 1359/473/670 1358/470/668
f 1290/482/679 1270/483/680 1291/484/681 1359/473/670
f 1359/473/670 1291/484/681 1292/485/682 1362/474/671
f 1362/474/671 1292/485/682 1293/486/683 1365/477/674
f 1365/477/674 1293/486/683 1272/487/684 1294/488/685
f 1364/475/672 1365/477/674 1294/488/685 1295/489/686
f 1363/476/673 1364/475/672 1295/489/686 1296/490/687
f 1285/491/688 1363/476/673 1296/490/687 1271/492/689
f 1286/493/690 1360/472/669 1363/476/673 1285/491/688
f 1287/480/677 1357/469/667 1360/472/669 1286/493/690
f 1366/494/691 1367/495/692 1370/496/488 1369/497/693
f 1367/495/692 1368/498/694 1371/499/695 1370/496/488
f 1369/497/693 1370/496/488 1373/500/696 1372/501/697
f 1370/496/488 1371/499/695 1374/502/698 1373/500/696
f 1271/492/689 1296/490/687 1366/494/691 1299/503/699
f 1296/490/687 1295/489/686 1367/495/692 1366/494/691
f 1295/489/686 1294/488/685 1368/498/694 1367/495/692
f 1294/488/685 1272/487/684 1300/504/700 1368/498/694
f 1368/498/694 1300/504/700 1301/505/701 1371/499/695
f 1371/499/695 1301/505/701 1302/506/702 1374/502/698
f 1374/502/698 1302/506/702 1276/507/703 1303/508/704
f 1373/500/696 1374/502/698 1303/508/704 1304/509/705
f 1372/501/697 1373/500/696 1304/509/705 1305/510/706
f 1297/511/707 1372/501/697 1305/510/706 1275/512/708
f 1298/513/709 1369/497/693 1372/501/697 1297/511/707
f 1299/503/699 1366/494/691 1369/497/693 1298/513/709
f 1375/514/710 1376/515/711 1379/516/490 1378/517/712
f 1376/515/711 1377/518/713 1380/519/714 1379/516/490
f 1378/517/712 1379/516/490 1382/520/715 1381/521/716
f 1379/516/490 1380/519/714 1383/522/717 1382/520/715
f 1275/512/708 1305/510/706 1375/514/710 1308/523/718
f 1305/510/706 1304/509/705 1376/515/711 1375/514/710
f 1304/509/705 1303/508/704 1377/518/713 1376/515/711
f 1303/508/704 1276/507/703 1309/524/719 1377/518/713
f 1377/518/713 1309/524/719 1310/525/720 1380/519/714
f 1380/519/714 1310/525/720 1311/526/721 1383/522/717
f 1383/522/717 1311/526/721 1274/527/722 1312/528/723
f 1382/520/715 1383/522/717 1312/528/723 1313/529/724
f 1381/521/716 1382/520/715 1313/529/724 1314/530/725
f 1306/531/726 1381/521/716 1314/530/725 1273/532/727
f 1307/533/728 1378/517/712 1381/521/716 1306/531/726
f 1308/523/718 1375/514/710 1378/517/712 1307/533/728
f 1384/534/729 1385/535/730 1388/536/489 1387/537/731
f 1385/535/730 1386/538/732 1389/539/733 1388/536/489
f 1387/537/731 1388/536/489 1391/540/734 1390/541/735
f 1388/536/489 1389/539/733 1392/542/736 1391/540/734
f 1273/532/727 1314/530/725 1384/534/729 1317/543/737
f 1314/530/725 1313/529/724 1385/535/730 1384/534/729
f 1313/529/724 1312/528/723 1386/538/732 1385/535/730
f 1312/528/723 1274/527/722 1318/544/738 1386/538/732
f 1386/538/732 1318/544/738 1319/545/739 1389/539/733
f 1389/539/733 1319/545/739 1320/546/740 1392/542/736
f 1392/542/736 1320/546/740 1270/547/680 1290/548/679
f 1391/540/734 1392/542/736 1290/548/679 1289/549/678
f 1390/541/735 1391/540/734 1289/549/678 1288/550/676
f 1315/551/741 1390/541/735 1288/550/676 1269/552/675
f 1316/553/742 1387/537/731 1390/541/735 1315/551/741
f 1317/543/737 1384/534/729 1387/537/731 1316/553/742
f 1393/554/743 1394/555/744 1397/556/502 1396/557/745
f 1394/555/744 1395/558/746 1398/559/747 1397/556/502
f 1396/557/745 1397/556/502 1400/560/748 1399/561/749
f 1397/556/502 1398/559/747 1401/562/750 1400/560/748
f 1271/563/689 1299/564/699 1393/554/743 1285/565/688
f 1299/564/699 1298/566/709 1394/555/744 1393/554/743
f 1298/566/709 1297/567/707 1395/558/746 1394/555/744
f 1297/567/707 1275/512/708 1308/523/718 1395/558/746
f 1395/558/746 1308/523/718 1307/533/728 1398/559/747
f 1398/559/747 1307/533/728 1306/531/726 1401/562/750
f 1401/562/750 1306/531/726 1273/532/727 1317/568/737
f 1400/560/748 1401/562/750 1317/568/737 1316/569/742
f 1399/561/749 1400/560/748 1316/569/742 1315/570/741
f 1287/571/677 1399/561/749 1315/570/741 1269/572/675
f 1286/573/690 1396/557/745 1399/561/749 1287/571/677
f 1285/565/688 1393/554/743 1396/557/745 1286/573/690
f 1402/574/751 1403/575/752 1406/576/470 1405/577/753
f 1403/575/752 1404/578/754 1407/579/755 1406/576/470
f 1405/577/753 1406/576/470 1409/580/756 1408/581/757
f 1406/576/470 1407/579/755 1410/582/758 1409/580/756
f 1276/507/703 1302/583/702 1402/574/751 1309/524/719
f 1302/583/702 1301/584/701 1403/575/752 1402/574/751
f 1301/584/701 1300/585/700 1404/578/754 1403/575/752
f 1300/585/700 1272/586/684 1293/587/683 1404/578/754
f 1404/578/754 1293/587/683 1292/588/682 1407/579/755
f 1407/579/755 1292/588/682 1291/589/681 1410/582/758
f 1410/582/758 1291/589/681 1270/590/680 1320/591/740
f 1409/580/756 1410/582/758 1320/591/740 1319/592/739
f 1408/581/757 1409/580/756 1319/592/739 1318/593/738
f 1311/526/721 1408/581/757 1318/593/738 1274/527/722
f 1310/525/720 1405/577/753 1408/581/757 1311/526/721
f 1309/524/719 1402/574/751 1405/577/753 1310/525/720
f 1411/594/716 1412/595/712 1415/596/490 1414/470/715
f 1412/595/712 1413/597/710 1416/598/711 1415/596/490
f 1414/470/715 1415/596/490 1418/474/714 1417/473/717
f 1415/596/490 1416/598/711 1419/599/713 1418/474/714
f 1277/478/727 1323/480/726 1411/594/716 1324/479/725
f 1323/480/726 1322/493/728 1412/595/712 1411/594/716
f 1322/493/728 1321/491/718 1413/597/710 1412/595/712
f 1321/491/718 1279/492/708 1332/600/706 1413/597/710
f 1413/597/710 1332/600/706 1331/601/705 1416/598/711
f 1416/598/711 1331/601/705 1330/602/704 1419/599/713
f 1419/599/713 1330/602/704 1280/487/759 1329/486/719
f 1418/474/714 1419/599/713 1329/486/719 1328/485/720
f 1417/473/717 1418/474/714 1328/485/720 1327/484/760
f 1326/482/723 1417/473/717 1327/484/760 1278/483/761
f 1325/481/724 1414/470/715 1417/473/717 1326/482/723
f 1324/479/725 1411/594/716 1414/470/715 1325/481/724
f 1420/603/697 1421/604/693 1424/605/488 1423/606/696
f 1421/604/693 1422/607/691 1425/608/692 1424/605/488
f 1423/606/696 1424/605/488 1427/609/695 1426/498/698
f 1424/605/488 1425/608/692 1428/610/694 1427/609/695
f 1279/492/708 1335/503/707 1420/603/697 1332/600/706
f 1335/503/707 1334/513/709 1421/604/693 1420/603/697
f 1334/513/709 1333/511/699 1422/607/691 1421/604/693
f 1333/511/699 1283/512/689 1341/611/687 1422/607/691
f 1422/607/691 1341/611/687 1340/612/686 1425/608/692
f 1425/608/692 1340/612/686 1339/613/685 1428/610/694
f 1428/610/694 1339/613/685 1284/507/684 1338/506/700
f 1427/609/695 1428/610/694 1338/506/700 1337/505/701
f 1426/498/698 1427/609/695 1337/505/701 1336/504/702
f 1330/602/704 1426/498/698 1336/504/702 1280/487/759
f 1331/601/705 1423/606/696 1426/498/698 1330/602/704
f 1332/600/706 1420/603/697 1423/606/696 1331/601/705
f 1429/614/673 1430/615/669 1433/516/487 1432/616/672
f 1430/615/669 1431/617/667 1434/618/668 1433/516/487
f 1432/616/672 1433/516/487 1436/619/671 1435/620/674
f 1433/516/487 1434/618/668 1437/522/670 1436/619/671
f 1283/512/689 1344/621/688 1429/614/673 1341/611/687
f 1344/621/688 1343/622/690 1430/615/669 1429/614/673
f 1343/622/690 1342/623/677 1431/617/667 1430/615/669
f 1342/623/677 1281/532/762 1350/530/676 1431/617/667
f 1431/617/667 1350/530/676 1349/529/678 1434/618/668
f 1434/618/668 1349/529/678 1348/624/679 1437/522/670
f 1437/522/670 1348/624/679 1282/527/680 1347/625/681
f 1436/619/671 1437/522/670 1347/625/681 1346/626/682
f 1435/620/674 1436/619/671 1346/626/682 1345/627/683
f 1339/613/685 1435/620/674 1345/627/683 1284/507/684
f 1340/612/686 1432/616/672 1435/620/674 1339/613/685
f 1341/611/687 1429/614/673 1432/616/672 1340/612/686
f 1438/534/735 1439/628/731 1442/629/489 1441/630/734
f 1439/628/731 1440/631/729 1443/632/730 1442/629/489
f 1441/630/734 1442/629/489 1445/633/733 1444/538/736
f 1442/629/489 1443/632/730 1446/634/732 1445/633/733
f 1281/532/762 1353/543/741 1438/534/735 1350/530/676
f 1353/543/741 1352/553/742 1439/628/731 1438/534/735
f 1352/553/742 1351/551/737 1440/631/729 1439/628/731
f 1351/551/737 1277/552/727 1324/550/725 1440/631/729
f 1440/631/729 1324/550/725 1325/549/724 1443/632/730
f 1443/632/730 1325/549/724 1326/548/723 1446/634/732
f 1446/634/732 1326/548/723 1278/547/761 1356/546/738
f 1445/633/733 1446/634/732 1356/546/738 1355/545/739
f 1444/538/736 1445/633/733 1355/545/739 1354/544/740
f 1348/624/679 1444/538/736 1354/544/740 1282/527/680
f 1349/529/678 1441/630/734 1444/538/736 1348/624/679
f 1350/530/676 1438/534/735 1441/630/734 1349/529/678
f 1447/554/746 1448/635/747 1451/636/502 1450/637/744
f 1448/635/747 1449/638/750 1452/639/748 1451/636/502
f 1450/637/744 1451/636/502 1454/640/745 1453/558/743
f 1451/636/502 1452/639/748 1455/641/749 1454/640/745
f 1279/563/708 1321/565/718 1447/554/746 1335/564/707
f 1321/565/718 1322/573/728 1448/635/747 1447/554/746
f 1322/573/728 1323/571/726 1449/638/750 1448/635/747
f 1323/571/726 1277/572/727 1351/570/737 1449/638/750
f 1449/638/750 1351/570/737 1352/569/742 1452/639/748
f 1452/639/748 1352/569/742 1353/568/741 1455/641/749
f 1455/641/749 1353/568/741 1281/532/762 1342/623/677
f 1454/640/745 1455/641/749 1342/623/677 1343/622/690
f 1453/558/743 1454/640/745 1343/622/690 1344/621/688
f 1333/567/699 1453/558/743 1344/621/688 1283/512/689
f 1334/566/709 1450/637/744 1453/558/743 1333/567/699
f 1335/564/707 1447/554/746 1450/637/744 1334/566/709
f 1456/642/754 1457/643/755 1460/644/470 1459/645/752
f 1457/643/755 1458/646/758 1461/647/756 1460/644/470
f 1459/645/752 1460/644/470 1463/648/753 1462/649/751
f 1460/644/470 1461/647/756 1464/650/757 1463/648/753
f 1284/507/684 1345/627/683 1456/642/754 1338/583/700
f 1345/627/683 1346/626/682 1457/643/755 1456/642/754
f 1346/626/682 1347/625/681 1458/646/758 1457/643/755
f 1347/625/681 1282/527/680 1354/593/740 1458/646/758
f 1458/646/758 1354/593/740 1355/592/739 1461/647/756
f 1461/647/756 1355/592/739 1356/591/738 1464/650/757
f 1464/650/757 1356/591/738 1278/590/761 1327/589/760
f 1463/648/753 1464/650/757 1327/589/760 1328/588/720
f 1462/649/751 1463/648/753 1328/588/720 1329/587/719
f 1336/585/702 1462/649/751 1329/587/719 1280/586/759
f 1337/584/701 1459/645/752 1462/649/751 1336/585/702
f 1338/583/700 1456/642/754 1459/645/752 1337/584/701
s 0
f 774/323/489 795/334/489 794/331/489 796/330/489 1476/651/489 1475/652/489
f 1469/309/487 1472/310/487 1500/310/487 1497/309/487
f 1470/653/489 1471/311/489 1472/310/489 1469/309/489
f 1471/311/763 1470/653/763 1498/653/763 1499/311/763
f 1472/310/764 1471/311/764 1499/311/764 1500/310/764
f 1470/653/502 1469/309/502 1497/309/502 1498/653/502
f 1477/654/487 1480/651/487 1496/651/487 1493/654/487
f 1474/655/489 1473/654/489 1466/653/489 1465/309/489 767/298/489 771/656/489 774/323/489 1475/652/489
f 1479/652/489 1480/651/489 1477/654/489 1478/655/489
f 1479/652/490 1478/655/490 1494/655/490 1495/652/490
f 1480/651/470 1479/652/470 1495/652/470 1496/651/470
f 1478/655/502 1477/654/502 1493/654/502 1494/655/502
f 1487/313/489 1484/312/489 1485/657/489 1486/658/489
f 1501/657/470 1502/658/470 1486/658/470 1485/657/470
f 1503/313/487 1487/313/487 1486/658/487 1502/658/487
f 1501/657/490 1485/657/490 1484/312/490 1504/312/490
f 1503/313/502 1504/312/502 1484/312/502 1487/313/502
f 793/332/490 789/331/490 1490/331/490 1491/334/490
f 790/330/487 792/333/487 1489/333/487 1492/659/487
f 1476/651/489 796/659/489 791/333/489 795/334/489 774/323/489 775/308/489 1483/313/489 1482/658/489 1481/657/489 1488/660/489 1467/311/489 1466/653/489 1473/654/489
f 795/334/765 1491/334/765 1490/331/765 794/331/765
f 791/333/766 796/659/766 1492/659/766 1489/333/766
f 1476/651/767 1473/654/767 1493/654/767 1496/651/767
f 1475/652/768 1495/652/768 1494/655/768 1474/655/768
f 796/330/769 794/331/769 1490/331/769 1492/330/769
f 795/334/770 791/333/770 1489/333/770 1491/334/770
f 1476/651/771 1496/651/771 1495/652/771 1475/652/771
f 1474/655/772 1494/655/772 1493/654/772 1473/654/772
f 1465/309/773 1497/309/773 1500/310/773 1468/310/773
f 1466/653/774 1467/311/774 1499/311/774 1498/653/774
f 1488/312/769 1504/312/769 1503/313/769 1483/313/769
f 1481/657/770 1482/658/770 1502/658/770 1501/657/770
f 1468/310/775 1500/310/775 1499/311/775 1467/311/775
f 1465/309/776 1466/653/776 1498/653/776 1497/309/776
f 1488/312/777 1481/657/777 1501/657/777 1504/312/777
f 1482/658/778 1483/313/778 1503/313/778 1502/658/778
o FireChamberDoor
v -0.417452 0.579630 0.387249
v -0.525445 0.467456 0.364850
v -0.525445 1.011856 0.364850
v -0.191416 0.579630 0.387249
v -0.078270 0.467456 0.364850
v -0.078270 1.011856 0.364850
v -0.485148 0.507753 0.388804
v -0.485148 0.971559 0.388804
v -0.118567 0.971559 0.388804
v -0.118567 0.507753 0.388804
v -0.417452 0.899682 0.387249
v -0.191416 0.899682 0.387249
v -0.575096 0.911775 0.367661
v -0.564598 0.911775 0.358293
v -0.575896 0.911775 0.381709
v -0.566528 0.911775 0.392208
v -0.552480 0.911775 0.393007
v -0.541981 0.911775 0.383639
v -0.541182 0.911775 0.369591
v -0.550550 0.911775 0.359093
v -0.568518 0.911775 0.370836
v -0.562190 0.911775 0.365190
v -0.568999 0.911775 0.379302
v -0.563353 0.911775 0.385629
v -0.554887 0.911775 0.386111
v -0.548560 0.911775 0.380465
v -0.548078 0.911775 0.371999
v -0.553724 0.911775 0.365671
v -0.568518 0.879038 0.370836
v -0.562190 0.879038 0.365190
v -0.568999 0.879038 0.379302
v -0.563353 0.879038 0.385629
v -0.554887 0.879038 0.386111
v -0.548560 0.879038 0.380465
v -0.548078 0.879038 0.371999
v -0.553724 0.879038 0.365671
v -0.575096 0.879038 0.367661
v -0.564598 0.879038 0.358293
v -0.575896 0.879038 0.381709
v -0.566528 0.879038 0.392208
v -0.552480 0.879038 0.393007
v -0.541981 0.879038 0.383639
v -0.541182 0.879038 0.369591
v -0.550550 0.879038 0.359093
v -0.481028 0.911775 0.380461
v -0.481828 0.911775 0.390277
v -0.481028 0.879038 0.380461
v -0.481828 0.879038 0.390277
v -0.575096 0.588063 0.367661
v -0.564598 0.588063 0.358293
v -0.575896 0.588063 0.381709
v -0.566528 0.588063 0.392208
v -0.552480 0.588063 0.393007
v -0.541981 0.588063 0.383639
v -0.541182 0.588063 0.369591
v -0.550550 0.588063 0.359093
v -0.568518 0.588063 0.370836
v -0.562190 0.588063 0.365190
v -0.568999 0.588063 0.379302
v -0.563353 0.588063 0.385629
v -0.554887 0.588063 0.386111
v -0.548560 0.588063 0.380465
v -0.548078 0.588063 0.371999
v -0.553724 0.588063 0.365671
v -0.568518 0.555326 0.370836
v -0.562190 0.555326 0.365190
v -0.568999 0.555326 0.379302
v -0.563353 0.555326 0.385629
v -0.554887 0.555326 0.386111
v -0.548560 0.555326 0.380465
v -0.548078 0.555326 0.371999
v -0.553724 0.555326 0.365671
v -0.575096 0.555326 0.367661
v -0.564598 0.555326 0.358293
v -0.575896 0.555326 0.381709
v -0.566528 0.555326 0.392208
v -0.552480 0.555326 0.393007
v -0.541981 0.555326 0.383639
v -0.541182 0.555326 0.369591
v -0.550550 0.555326 0.359093
v -0.481028 0.588063 0.380461
v -0.481828 0.588063 0.390277
v -0.481028 0.555326 0.380461
v -0.481828 0.555326 0.390277
v -0.140808 0.781338 0.440785
v -0.119702 0.781338 0.440785
v -0.119702 0.654085 0.431223
v -0.140808 0.654085 0.431223
v -0.119702 0.675151 0.386360
v -0.140808 0.675151 0.440785
v -0.140808 0.804506 0.426204
v -0.119702 0.804506 0.426204
v -0.119702 0.781338 0.386360
v -0.140808 0.781338 0.386360
v -0.140808 0.675151 0.386360
v -0.119702 0.675151 0.440785
v -0.140808 0.812214 0.386360
v -0.119702 0.812214 0.386360
v -0.119702 0.646377 0.386360
v -0.140808 0.646377 0.386360
v -0.119702 0.781338 0.411863
v -0.119702 0.675151 0.411863
v -0.140808 0.675151 0.411863
v -0.140808 0.781338 0.411863
v -0.119702 0.812214 0.411863
v -0.140808 0.812214 0.411863
v -0.140808 0.646377 0.411863
v -0.119702 0.646377 0.411863
v -0.191416 0.579630 0.368361
v -0.417452 0.579630 0.368361
v -0.417452 0.899682 0.368361
v -0.191416 0.899682 0.368361
v -0.524534 0.911775 0.364896
v -0.524534 0.879038 0.364896
v -0.525334 0.879038 0.384646
v -0.525334 0.911775 0.384646
v -0.524534 0.588063 0.364896
v -0.524534 0.555326 0.364896
v -0.525334 0.555326 0.384646
v -0.525334 0.588063 0.384646
v -0.420554 0.576536 0.378260
v -0.522705 0.470196 0.355631
v -0.522705 1.009116 0.355631
v -0.188322 0.576534 0.378258
v -0.081010 0.470196 0.355631
v -0.081010 1.009116 0.355631
v -0.483143 0.509757 0.379214
v -0.483143 0.969554 0.379214
v -0.120573 0.969553 0.379215
v -0.120573 0.509759 0.379215
v -0.420554 0.902776 0.378260
v -0.188322 0.902778 0.378258
v -0.568104 0.905472 0.371035
v -0.562039 0.905472 0.365623
v -0.568566 0.905472 0.379151
v -0.563154 0.905472 0.385215
v -0.555039 0.905472 0.385677
v -0.543928 0.903728 0.378030
v -0.542666 0.903297 0.374683
v -0.553924 0.905472 0.366085
v -0.573871 0.903733 0.368253
v -0.564149 0.903733 0.359578
v -0.574611 0.903733 0.381261
v -0.565936 0.903733 0.390982
v -0.552928 0.903733 0.391723
v -0.543207 0.903733 0.383048
v -0.542467 0.903733 0.370040
v -0.551141 0.903733 0.360318
v -0.573871 0.887080 0.368253
v -0.564149 0.887080 0.359578
v -0.574611 0.887080 0.381261
v -0.565936 0.887080 0.390982
v -0.552928 0.887080 0.391723
v -0.543207 0.887080 0.383048
v -0.542467 0.887080 0.370040
v -0.551141 0.887080 0.360318
v -0.568104 0.885341 0.371035
v -0.562039 0.885341 0.365623
v -0.568566 0.885341 0.379151
v -0.563154 0.885341 0.385215
v -0.555039 0.885341 0.385677
v -0.543928 0.887085 0.378030
v -0.542666 0.887516 0.374683
v -0.553924 0.885341 0.366085
v -0.487798 0.905851 0.384828
v -0.486975 0.906026 0.383916
v -0.487798 0.884963 0.384828
v -0.486975 0.884787 0.383916
v -0.568104 0.581760 0.371035
v -0.562039 0.581760 0.365623
v -0.568566 0.581760 0.379151
v -0.563154 0.581760 0.385215
v -0.555039 0.581760 0.385677
v -0.543928 0.580016 0.378030
v -0.542666 0.579585 0.374683
v -0.553924 0.581760 0.366085
v -0.573871 0.580021 0.368253
v -0.564149 0.580021 0.359578
v -0.574611 0.580021 0.381261
v -0.565936 0.580021 0.390982
v -0.552928 0.580021 0.391723
v -0.543207 0.580021 0.383048
v -0.542467 0.580021 0.370040
v -0.551141 0.580021 0.360318
v -0.573871 0.563368 0.368253
v -0.564149 0.563368 0.359578
v -0.574611 0.563368 0.381261
v -0.565936 0.563368 0.390982
v -0.552928 0.563368 0.391723
v -0.543207 0.563368 0.383048
v -0.542467 0.563368 0.370040
v -0.551141 0.563368 0.360318
v -0.568104 0.561629 0.371035
v -0.562039 0.561629 0.365623
v -0.568566 0.561629 0.379151
v -0.563154 0.561629 0.385215
v -0.555039 0.561629 0.385677
v -0.543928 0.563373 0.378030
v -0.542666 0.563804 0.374683
v -0.553924 0.561629 0.366085
v -0.487798 0.582139 0.384828
v -0.486975 0.582314 0.383916
v -0.487798 0.561251 0.384828
v -0.486975 0.561076 0.383916
v -0.134311 0.779231 0.433481
v -0.126199 0.779231 0.433481
v -0.126021 0.659693 0.425873
v -0.134490 0.659693 0.425873
v -0.126773 0.668080 0.386360
v -0.134184 0.676735 0.433463
v -0.134269 0.798977 0.421041
v -0.126242 0.798977 0.421041
v -0.126773 0.788409 0.386360
v -0.133737 0.788409 0.386360
v -0.133737 0.668080 0.386360
v -0.126327 0.676735 0.433463
v -0.133737 0.805143 0.386360
v -0.126773 0.805143 0.386360
v -0.126773 0.653448 0.386360
v -0.133737 0.653448 0.386360
v -0.128747 0.784353 0.414878
v -0.128747 0.672136 0.414878
v -0.131763 0.672136 0.414878
v -0.131763 0.784353 0.414878
v -0.126263 0.804896 0.410021
v -0.134248 0.804896 0.410021
v -0.134138 0.653693 0.410460
v -0.126373 0.653693 0.410460
v -0.185642 0.573856 0.362587
v -0.423225 0.573856 0.362587
v -0.423225 0.905456 0.362587
v -0.185642 0.905456 0.362587
v -0.524797 0.905329 0.372536
v -0.524797 0.885484 0.372536
v -0.524674 0.886187 0.377685
v -0.524674 0.904626 0.377685
v -0.524797 0.581617 0.372536
v -0.524797 0.561772 0.372536
v -0.524674 0.562475 0.377685
v -0.524674 0.580914 0.377685
vn -0.5110 -0.0000 0.8596
vn 0.5110 -0.0000 0.8596
vn -0.0000 -0.5110 0.8596
vn -0.0000 0.5110 0.8596
vn -0.0000 0.0216 0.9998
vn 0.0230 -0.0000 0.9997
vn -0.0213 -0.0000 0.9998
vn -0.0000 -0.0216 0.9998
vn -0.0000 1.0000 -0.0000
vn 0.4661 0.7809 -0.4159
vn -0.5969 0.6000 0.5326
vn -0.3374 0.6302 0.6993
vn 0.2583 0.8042 -0.5353
vn 0.2559 0.6302 0.7330
vn -0.1959 0.8042 -0.5612
vn 0.5326 0.6000 0.5969
vn -0.4159 0.7809 -0.4661
vn -0.0000 -1.0000 -0.0000
vn 0.4661 -0.7809 -0.4159
vn 0.2583 -0.8042 -0.5353
vn -0.3374 -0.6302 0.6993
vn -0.5969 -0.6000 0.5326
vn -0.1959 -0.8042 -0.5612
vn 0.2559 -0.6302 0.7330
vn -0.4159 -0.7809 -0.4661
vn 0.5326 -0.6000 0.5969
vn -0.9984 -0.0000 -0.0568
vn 0.3369 -0.0000 -0.9416
vn -0.7461 -0.0000 0.6658
vn 0.7461 -0.0000 -0.6658
vn -0.0568 -0.0000 0.9984
vn 0.6658 -0.0000 0.7461
vn 0.0568 -0.0000 -0.9984
vn -0.6658 -0.0000 -0.7461
vn 0.9984 -0.0000 0.0568
vn 0.9967 -0.0000 0.0812
vn -0.1284 -0.0000 0.9917
vn 1.0000 -0.0000 -0.0000
vn -1.0000 -0.0000 -0.0000
vn -0.0000 -0.4133 0.9106
vn -0.0000 -0.0000 1.0000
vn -0.0000 0.8808 0.4734
vn -0.0000 -0.9291 0.3699
vn -0.0000 0.5326 0.8464
vn -0.0000 -0.0000 -1.0000
vn -0.0604 -0.0000 0.9982
vn -0.2715 -0.0000 -0.9624
vn 0.5120 -0.0000 -0.8590
vn -0.5120 -0.0000 -0.8590
vn -0.0000 0.5120 -0.8590
vn -0.0000 -0.5120 -0.8590
vn -0.0000 -0.0143 -0.9999
vn -0.0152 -0.0000 -0.9999
vn 0.0141 -0.0000 -0.9999
vn -0.0000 0.0143 -0.9999
vn -0.1878 0.9594 -0.2105
vn -0.2816 0.9594 -0.0160
vn -0.6398 0.5144 0.5709
vn -0.3645 0.5446 0.7554
vn 0.1957 0.8928 -0.4056
vn 0.3576 0.8777 -0.3191
vn 0.2767 0.5619 0.7796
vn -0.1098 0.8693 -0.4819
vn 0.4852 0.7272 0.4855
vn -0.4192 0.5901 -0.6900
vn -0.4057 0.9110 -0.0737
vn 0.1743 0.9820 -0.0730
vn 0.0160 0.9594 -0.2816
vn -0.1878 -0.9594 -0.2105
vn -0.2816 -0.9594 -0.0160
vn -0.6398 -0.5144 0.5709
vn 0.3576 -0.8777 -0.3191
vn 0.1957 -0.8928 -0.4056
vn -0.3645 -0.5446 0.7554
vn -0.1098 -0.8693 -0.4819
vn 0.2767 -0.5619 0.7796
vn -0.4192 -0.5901 -0.6900
vn 0.4852 -0.7272 0.4855
vn -0.4058 -0.9110 -0.0737
vn 0.1743 -0.9820 -0.0730
vn 0.0160 -0.9594 -0.2816
vn -0.3153 -0.0000 0.9490
vn -0.6069 -0.0000 0.7947
vn 0.7424 -0.0000 0.6699
vn 0.1631 -0.0000 -0.9866
vn 0.0593 0.9889 -0.1364
vn 0.0593 -0.9889 -0.1364
vn -0.4058 0.9110 -0.0737
vn -0.9867 -0.1138 0.1159
vn 0.9867 -0.1138 0.1159
vn -0.0000 0.4068 -0.9135
vn -0.9912 0.0006 0.1324
vn 0.9912 0.0006 0.1324
vn -0.0000 0.0002 -1.0000
vn 0.9851 0.1148 0.1282
vn -0.0000 -0.8810 -0.4732
vn -0.0000 0.9319 -0.3627
vn -0.9851 0.1148 0.1282
vn -0.0000 -0.5330 -0.8461
vn -0.9977 0.0635 -0.0228
vn -0.0000 0.9999 -0.0102
vn -0.0000 -0.9999 -0.0105
vn 0.9977 0.0635 -0.0227
vn 0.9974 -0.0684 -0.0242
vn -0.9974 -0.0684 -0.0242
vn -0.0000 -0.9900 0.1408
vn -0.0000 0.9900 0.1408
vn -0.0000 0.9857 0.1685
vn 0.9857 -0.0000 0.1686
vn -0.9858 -0.0000 0.1680
vn -0.0000 -0.9857 0.1685
vn 0.0772 -0.9968 -0.0215
vn 0.0772 0.9968 -0.0215
vn -0.0179 -0.0000 -0.9998
vn 0.1193 -0.0000 0.9929
vn -0.9586 -0.0000 -0.2849
vn 0.9586 -0.0000 -0.2849
vn -0.0000 -0.9586 -0.2849
vn -0.0000 0.9586 -0.2849
vt 0.246838 0.228836
vt 0.281902 0.228836
vt 0.284948 0.232848
vt 0.243792 0.232848
vt 0.281902 0.195705
vt 0.246838 0.195705
vt 0.243792 0.188682
vt 0.284948 0.188682
vt 0.249087 0.198667
vt 0.249087 0.225873
vt 0.277479 0.225873
vt 0.281190 0.196642
vt 0.277479 0.198667
vt 0.280298 0.225060
vt 0.279653 0.217679
vt 0.279653 0.206861
vt 0.872070 0.879986
vt 0.872070 0.886405
vt 0.883494 0.881673
vt 0.878955 0.877134
vt 0.888225 0.870250
vt 0.881806 0.870250
vt 0.883494 0.858826
vt 0.878955 0.863365
vt 0.872070 0.854094
vt 0.872070 0.860513
vt 0.860646 0.858826
vt 0.865185 0.863365
vt 0.855915 0.870250
vt 0.862334 0.870250
vt 0.860646 0.881673
vt 0.865185 0.877134
vt 0.855915 0.870250
vt 0.855915 0.870250
vt 0.860646 0.858826
vt 0.855915 0.870249
vt 0.855915 0.870250
vt 0.860647 0.858826
vt 0.860646 0.858826
vt 0.873227 0.928881
vt 0.873227 0.914785
vt 0.887395 0.914785
vt 0.882711 0.925105
vt 0.901563 0.928881
vt 0.892079 0.925105
vt 0.901563 0.914785
vt 0.924831 0.921366
vt 0.924831 0.911258
vt 0.949788 0.911258
vt 0.949788 0.921366
vt 0.873227 0.862765
vt 0.887395 0.862765
vt 0.901563 0.862765
vt 0.924831 0.859288
vt 0.949788 0.859288
vt 0.894538 0.851415
vt 0.901563 0.847639
vt 0.849960 0.951840
vt 0.874917 0.951840
vt 0.874917 0.959385
vt 0.849960 0.959385
vt 0.949788 0.931249
vt 0.924831 0.931249
vt 0.873227 0.847639
vt 0.880253 0.851415
vt 0.924831 0.847639
vt 0.949788 0.847639
vt 0.849960 0.862765
vt 0.849960 0.847639
vt 0.949788 0.954333
vt 0.924831 0.954333
vt 0.849960 0.928881
vt 0.874917 0.928881
vt 0.924831 0.862765
vt 0.924831 0.928881
vt 0.924831 0.914785
vt 0.849960 0.914785
vt 0.920960 0.928881
vt 0.920960 0.953838
vt 0.898001 0.953838
vt 0.898001 0.928881
vt 0.949788 0.899659
vt 0.974745 0.847639
vt 0.974745 0.899659
vt 0.874917 0.953838
s 0
usemtl StoveBodyMaterial
f 1511/661/779 1512/662/779 1507/663/779 1506/664/779
f 1513/665/780 1514/666/780 1509/667/780 1510/668/780
f 1506/664/781 1509/667/781 1514/666/781 1511/661/781
f 1510/668/782 1507/663/782 1512/662/782 1513/665/782
f 1508/669/783 1505/670/783 1511/661/783 1514/666/783
f 1505/670/784 1515/671/784 1512/662/784 1511/661/784
f 1513/672/785 1516/673/785 1508/669/785 1514/666/785
f 1512/674/786 1515/675/786 1516/676/786 1513/665/786
f 1526/677/787 1518/678/787 1517/679/787 1525/680/787
f 1525/680/787 1517/679/787 1519/681/787 1527/682/787
s 1
f 1527/682/788 1519/681/789 1520/683/790 1528/684/791
f 1528/684/791 1520/683/790 1521/685/792 1529/686/793
f 1529/686/793 1521/685/792 1522/687/794 1530/688/795
s 0
f 1530/688/787 1522/687/787 1523/689/787 1531/690/787
f 1531/690/787 1523/689/787 1524/691/787 1532/692/787
f 1532/692/787 1524/691/787 1518/678/787 1526/677/787
f 1534/677/796 1533/680/796 1541/679/796 1542/678/796
f 1533/680/796 1535/682/796 1543/681/796 1541/679/796
s 1
f 1535/682/797 1536/684/798 1544/683/799 1543/681/800
f 1536/684/798 1537/686/801 1545/685/802 1544/683/799
f 1537/686/801 1538/688/803 1546/687/804 1545/685/802
s 0
f 1538/688/796 1539/690/796 1547/689/796 1546/687/796
f 1539/690/796 1540/692/796 1548/691/796 1547/689/796
f 1540/692/796 1534/677/796 1542/678/796 1548/691/796
s 1
f 1521/685/792 1520/683/790 1544/683/799 1545/685/802
f 1529/686/793 1530/688/795 1538/688/803 1537/686/801
f 1522/687/794 1521/685/792 1545/685/802 1546/687/804
s 0
f 1530/688/805 1531/690/805 1539/690/805 1538/688/805
f 1618/693/806 1617/694/806 1549/689/806 1551/689/806
f 1531/690/807 1532/692/807 1540/692/807 1539/690/807
f 1524/691/808 1523/689/808 1547/689/808 1548/691/808
f 1532/692/809 1526/677/809 1534/677/809 1540/692/809
f 1526/677/810 1525/680/810 1533/680/810 1534/677/810
f 1518/678/811 1524/691/811 1548/691/811 1542/678/811
f 1517/679/812 1518/678/812 1542/678/812 1541/679/812
f 1525/680/813 1527/682/813 1535/682/813 1533/680/813
f 1519/681/805 1517/679/805 1541/679/805 1543/681/805
s 1
f 1527/682/788 1528/684/791 1536/684/798 1535/682/797
f 1520/683/790 1519/681/789 1543/681/800 1544/683/799
f 1528/684/791 1529/686/793 1537/686/801 1536/684/798
s 0
f 1549/689/814 1550/687/814 1552/687/814 1551/689/814
f 1620/687/815 1619/695/815 1552/687/815 1550/687/815
f 1619/695/796 1618/693/796 1551/689/796 1552/687/796
f 1617/694/787 1620/687/787 1550/687/787 1549/689/787
f 1562/677/787 1554/678/787 1553/679/787 1561/680/787
f 1561/680/787 1553/679/787 1555/681/787 1563/682/787
s 1
f 1563/682/788 1555/681/789 1556/683/790 1564/684/791
f 1564/684/791 1556/683/790 1557/685/792 1565/686/793
f 1565/686/793 1557/685/792 1558/687/794 1566/688/795
s 0
f 1566/688/787 1558/687/787 1559/689/787 1567/690/787
f 1567/690/787 1559/689/787 1560/691/787 1568/692/787
f 1568/692/787 1560/691/787 1554/678/787 1562/677/787
f 1570/677/796 1569/680/796 1577/679/796 1578/678/796
f 1569/680/796 1571/682/796 1579/681/796 1577/679/796
s 1
f 1571/682/797 1572/684/798 1580/683/799 1579/681/800
f 1572/684/798 1573/686/801 1581/685/802 1580/683/799
f 1573/686/801 1574/688/803 1582/687/804 1581/685/802
s 0
f 1574/688/796 1575/690/796 1583/689/796 1582/687/796
f 1575/690/796 1576/692/796 1584/691/796 1583/689/796
f 1576/692/796 1570/677/796 1578/678/796 1584/691/796
s 1
f 1557/685/792 1556/683/790 1580/683/799 1581/685/802
f 1565/686/793 1566/688/795 1574/688/803 1573/686/801
f 1558/687/794 1557/685/792 1581/685/802 1582/687/804
s 0
f 1566/688/805 1567/690/805 1575/690/805 1574/688/805
f 1622/696/806 1621/697/806 1585/689/806 1587/689/806
f 1567/690/807 1568/692/807 1576/692/807 1575/690/807
f 1560/691/808 1559/689/808 1583/689/808 1584/691/808
f 1568/692/809 1562/677/809 1570/677/809 1576/692/809
f 1562/677/810 1561/680/810 1569/680/810 1570/677/810
f 1554/678/811 1560/691/811 1584/691/811 1578/678/811
f 1553/679/812 1554/678/812 1578/678/812 1577/679/812
f 1561/680/813 1563/682/813 1571/682/813 1569/680/813
f 1555/681/805 1553/679/805 1577/679/805 1579/681/805
s 1
f 1563/682/788 1564/684/791 1572/684/798 1571/682/797
f 1556/683/790 1555/681/789 1579/681/800 1580/683/799
f 1564/684/791 1565/686/793 1573/686/801 1572/684/798
s 0
f 1585/689/814 1586/687/814 1588/687/814 1587/689/814
f 1624/698/815 1623/699/815 1588/687/815 1586/687/815
f 1623/699/796 1622/696/796 1587/689/796 1588/687/796
f 1621/697/787 1624/698/787 1586/687/787 1585/689/787
f 1612/700/816 1606/701/816 1600/702/816 1591/703/816
f 1611/704/817 1592/705/817 1594/702/817 1607/706/817
f 1591/707/818 1600/708/818 1594/709/818 1592/710/818
f 1606/701/816 1605/711/816 1590/712/816 1600/702/816
f 1607/706/817 1594/702/817 1589/712/817 1608/713/817
f 1600/708/819 1590/714/819 1589/715/819 1594/709/819
f 1608/713/817 1589/712/817 1595/716/817 1610/717/817
f 1609/718/820 1610/719/820 1595/720/820 1596/721/820
f 1611/722/821 1612/723/821 1591/707/821 1592/710/821
f 1605/711/816 1609/724/816 1596/725/816 1590/712/816
f 1590/714/822 1596/726/822 1595/727/822 1589/715/822
f 1597/728/816 1602/729/816 1609/724/816 1605/711/816
f 1604/730/796 1603/731/796 1612/723/796 1611/722/796
f 1602/732/787 1601/733/787 1610/719/787 1609/718/787
f 1598/734/817 1608/713/817 1610/717/817 1601/726/817
f 1604/735/817 1611/704/817 1607/706/817 1599/736/817
f 1603/732/816 1593/737/816 1606/701/816 1612/700/816
f 1607/738/787 1606/739/787 1593/740/787 1599/741/787
f 1607/742/823 1608/727/823 1605/743/823 1606/744/823
f 1608/733/796 1598/741/796 1597/740/796 1605/745/796
f 1516/676/796 1515/675/796 1615/675/796 1616/676/796
f 1508/669/817 1516/673/817 1616/673/817 1613/669/817
f 1515/671/816 1505/670/816 1614/670/816 1615/671/816
f 1505/670/787 1508/669/787 1613/669/787 1614/670/787
f 1523/689/787 1522/687/787 1620/687/787 1617/694/787
f 1546/687/796 1547/689/796 1618/693/796 1619/695/796
f 1522/687/824 1546/687/824 1619/695/824 1620/687/824
f 1547/689/825 1523/689/825 1617/694/825 1618/693/825
f 1559/689/787 1558/687/787 1624/698/787 1621/697/787
f 1582/687/796 1583/689/796 1622/696/796 1623/699/796
f 1558/687/824 1582/687/824 1623/699/824 1624/698/824
f 1583/689/825 1559/689/825 1621/697/825 1622/696/825
f 1631/661/826 1626/664/826 1627/663/826 1632/662/826
f 1633/665/827 1630/668/827 1629/667/827 1634/666/827
f 1626/664/828 1631/661/828 1634/666/828 1629/667/828
f 1630/668/829 1633/665/829 1632/662/829 1627/663/829
f 1628/669/830 1634/666/830 1631/661/830 1625/670/830
f 1625/670/831 1631/661/831 1632/662/831 1635/671/831
f 1633/672/832 1634/666/832 1628/669/832 1636/673/832
f 1632/674/833 1633/665/833 1636/676/833 1635/675/833
f 1646/677/834 1645/680/834 1637/679/834 1638/678/834
f 1645/680/835 1647/682/835 1639/681/835 1637/679/835
s 1
f 1647/682/836 1648/684/837 1640/683/838 1639/681/839
f 1648/684/837 1649/686/840 1641/685/841 1640/683/838
f 1649/686/840 1650/688/842 1642/687/843 1641/685/841
s 0
f 1650/688/844 1651/690/844 1643/689/844 1642/687/844
f 1651/690/845 1652/692/845 1644/691/845 1643/689/845
f 1652/692/846 1646/677/846 1638/678/846 1644/691/846
f 1654/677/847 1662/678/847 1661/679/847 1653/680/847
f 1653/680/848 1661/679/848 1663/681/848 1655/682/848
s 1
f 1655/682/849 1663/681/850 1664/683/851 1656/684/852
f 1656/684/852 1664/683/851 1665/685/853 1657/686/854
f 1657/686/854 1665/685/853 1666/687/855 1658/688/856
s 0
f 1658/688/857 1666/687/857 1667/689/857 1659/690/857
f 1659/690/858 1667/689/858 1668/691/858 1660/692/858
f 1660/692/859 1668/691/859 1662/678/859 1654/677/859
s 1
f 1641/685/841 1665/685/853 1664/683/851 1640/683/838
f 1649/686/840 1657/686/854 1658/688/856 1650/688/842
f 1642/687/843 1666/687/855 1665/685/853 1641/685/841
s 0
f 1650/688/813 1658/688/813 1659/690/813 1651/690/813
f 1738/693/860 1671/689/860 1669/689/860 1737/694/860
f 1651/690/808 1659/690/808 1660/692/808 1652/692/808
f 1644/691/861 1668/691/861 1667/689/861 1643/689/861
f 1652/692/811 1660/692/811 1654/677/811 1646/677/811
f 1646/677/812 1654/677/812 1653/680/812 1645/680/812
f 1638/678/809 1662/678/809 1668/691/809 1644/691/809
f 1637/679/810 1661/679/810 1662/678/810 1638/678/810
f 1645/680/805 1653/680/805 1655/682/805 1647/682/805
f 1639/681/813 1663/681/813 1661/679/813 1637/679/813
s 1
f 1647/682/836 1655/682/849 1656/684/852 1648/684/837
f 1640/683/838 1664/683/851 1663/681/850 1639/681/839
f 1648/684/837 1656/684/852 1657/686/854 1649/686/840
s 0
f 1669/689/862 1671/689/862 1672/687/862 1670/687/862
f 1740/687/863 1670/687/863 1672/687/863 1739/695/863
f 1739/695/864 1672/687/864 1671/689/864 1738/693/864
f 1737/694/865 1669/689/865 1670/687/865 1740/687/865
f 1682/677/834 1681/680/834 1673/679/834 1674/678/834
f 1681/680/835 1683/682/835 1675/681/835 1673/679/835
s 1
f 1683/682/836 1684/684/837 1676/683/838 1675/681/839
f 1684/684/837 1685/686/840 1677/685/841 1676/683/838
f 1685/686/840 1686/688/842 1678/687/843 1677/685/841
s 0
f 1686/688/866 1687/690/866 1679/689/866 1678/687/866
f 1687/690/845 1688/692/845 1680/691/845 1679/689/845
f 1688/692/846 1682/677/846 1674/678/846 1680/691/846
f 1690/677/847 1698/678/847 1697/679/847 1689/680/847
f 1689/680/848 1697/679/848 1699/681/848 1691/682/848
s 1
f 1691/682/849 1699/681/850 1700/683/851 1692/684/852
f 1692/684/852 1700/683/851 1701/685/853 1693/686/854
f 1693/686/854 1701/685/853 1702/687/855 1694/688/856
s 0
f 1694/688/857 1702/687/857 1703/689/857 1695/690/857
f 1695/690/858 1703/689/858 1704/691/858 1696/692/858
f 1696/692/859 1704/691/859 1698/678/859 1690/677/859
s 1
f 1677/685/841 1701/685/853 1700/683/851 1676/683/838
f 1685/686/840 1693/686/854 1694/688/856 1686/688/842
f 1678/687/843 1702/687/855 1701/685/853 1677/685/841
s 0
f 1686/688/813 1694/688/813 1695/690/813 1687/690/813
f 1742/696/860 1707/689/860 1705/689/860 1741/697/860
f 1687/690/808 1695/690/808 1696/692/808 1688/692/808
f 1680/691/861 1704/691/861 1703/689/861 1679/689/861
f 1688/692/811 1696/692/811 1690/677/811 1682/677/811
f 1682/677/812 1690/677/812 1689/680/812 1681/680/812
f 1674/678/809 1698/678/809 1704/691/809 1680/691/809
f 1673/679/810 1697/679/810 1698/678/810 1674/678/810
f 1681/680/805 1689/680/805 1691/682/805 1683/682/805
f 1675/681/813 1699/681/813 1697/679/813 1673/679/813
s 1
f 1683/682/836 1691/682/849 1692/684/852 1684/684/837
f 1676/683/838 1700/683/851 1699/681/850 1675/681/839
f 1684/684/837 1692/684/852 1693/686/854 1685/686/840
s 0
f 1705/689/862 1707/689/862 1708/687/862 1706/687/862
f 1744/698/863 1706/687/863 1708/687/863 1743/699/863
f 1743/699/864 1708/687/864 1707/689/864 1742/696/864
f 1741/697/865 1705/689/865 1706/687/865 1744/698/865
f 1732/700/867 1711/703/867 1720/702/867 1726/701/867
f 1731/704/868 1727/706/868 1714/702/868 1712/705/868
f 1711/707/869 1712/710/869 1714/709/869 1720/708/869
f 1726/701/870 1720/702/870 1710/712/870 1725/711/870
f 1727/706/871 1728/713/871 1709/712/871 1714/702/871
f 1720/708/872 1714/709/872 1709/715/872 1710/714/872
f 1728/713/873 1730/717/873 1715/716/873 1709/712/873
f 1729/718/874 1716/721/874 1715/720/874 1730/719/874
f 1731/722/875 1712/710/875 1711/707/875 1732/723/875
f 1725/711/876 1710/712/876 1716/725/876 1729/724/876
f 1710/714/877 1709/715/877 1715/727/877 1716/726/877
f 1717/728/878 1725/711/878 1729/724/878 1722/729/878
f 1724/730/879 1731/722/879 1732/723/879 1723/731/879
f 1722/732/880 1729/718/880 1730/719/880 1721/733/880
f 1718/734/881 1721/726/881 1730/717/881 1728/713/881
f 1724/735/882 1719/736/882 1727/706/882 1731/704/882
f 1723/732/883 1732/700/883 1726/701/883 1713/737/883
f 1727/738/884 1719/741/884 1713/740/884 1726/739/884
f 1727/742/819 1726/744/819 1725/743/819 1728/727/819
f 1728/733/885 1725/745/885 1717/740/885 1718/741/885
f 1636/676/886 1736/676/886 1735/675/886 1635/675/886
f 1628/669/887 1733/669/887 1736/673/887 1636/673/887
f 1635/671/888 1735/671/888 1734/670/888 1625/670/888
f 1625/670/889 1734/670/889 1733/669/889 1628/669/889
f 1643/689/890 1737/694/890 1740/687/890 1642/687/890
f 1666/687/891 1739/695/891 1738/693/891 1667/689/891
f 1642/687/892 1740/687/892 1739/695/892 1666/687/892
f 1667/689/893 1738/693/893 1737/694/893 1643/689/893
f 1679/689/890 1741/697/890 1744/698/890 1678/687/890
f 1702/687/891 1743/699/891 1742/696/891 1703/689/891
f 1678/687/892 1744/698/892 1743/699/892 1702/687/892
f 1703/689/893 1742/696/893 1741/697/893 1679/689/893
f 1506/664/894 1507/663/894 1627/663/894 1626/664/894
f 1510/668/895 1509/667/895 1629/667/895 1630/668/895
f 1509/667/896 1506/664/896 1626/664/896 1629/667/896
f 1507/663/897 1510/668/897 1630/668/897 1627/663/897
f 1601/733/823 1602/732/823 1722/732/823 1721/733/823
f 1603/731/823 1604/730/823 1724/730/823 1723/731/823
f 1602/729/823 1597/728/823 1717/728/823 1722/729/823
f 1598/734/823 1601/726/823 1721/726/823 1718/734/823
f 1604/735/823 1599/736/823 1719/736/823 1724/735/823
f 1593/737/823 1603/732/823 1723/732/823 1713/737/823
f 1599/741/823 1593/740/823 1713/740/823 1719/741/823
f 1597/740/823 1598/741/823 1718/741/823 1717/740/823
usemtl StoveGlassMaterial
f 1613/669/819 1616/676/819 1615/671/819 1614/670/819
f 1733/669/823 1734/670/823 1735/671/823 1736/676/823
