# OBJ Exported from DrPetter's Sculptris
# symmetry 1
usemtl (null)
s 0
v 0.000000 34.358292 -151.418686
v 98.760162 -0.045745 -0.008148
v 0.000000 -0.148951 98.895859
v 0.000000 99.708221 0.180896
v 0.000000 -126.265015 7.126745
v 0.000000 78.233032 -75.207321
v 76.867226 4.616946 -73.681709
v 70.676064 69.915550 -1.405436
v 0.000000 70.508385 70.503395
v 73.170982 1.197600 72.262909
v 0.000000 -104.637535 -155.565186
v 78.248260 -76.388519 0.614068
v 0.000000 -68.811630 67.880318
v 0.000000 62.552532 -122.833923
v 0.000000 95.422379 -29.612822
v 95.419205 -1.787233 -28.085394
v 82.124580 38.779884 -40.734772
v 93.276924 32.521652 -3.928058
v 53.248009 52.519489 -94.815323
v 61.406078 21.492702 -117.296028
v 29.560780 95.192703 0.236673
v 38.352283 84.316460 -38.205681
v 0.000000 29.367836 94.645142
v 0.000000 95.269165 29.603537
v 29.205372 -0.374181 92.897087
v 27.979954 20.743658 58.581253
v 80.974892 40.635109 40.576355
v 94.255936 -0.101787 28.725153
v 39.243961 78.264809 38.928532
v 0.000000 -28.108898 -207.237274
v 0.000000 -125.645744 -62.231281
v 92.381561 -41.823196 -105.845901
v 96.237778 -28.374638 1.076184
v 89.291718 -41.611912 -41.454857
v 75.410744 -108.212173 -64.105209
v 43.252327 -115.492416 4.672131
v 0.000000 -14.310795 81.986244
v 0.000000 -103.607117 34.374584
v 80.649132 -41.365253 42.169392
v 44.632130 -31.281998 58.076752
v 41.500374 -81.548019 42.985634
v 0.000000 46.113903 -142.254593
v 0.000000 71.094131 -99.153130
v 0.000000 99.103065 -11.017523
v 0.000000 87.528145 -51.017242
v 98.367683 -0.639167 -11.046250
v 94.584976 20.580454 -19.157537
v 98.016296 10.960519 0.466684
v 79.842979 19.968395 -59.400219
v 89.998199 18.544315 -36.742859
v 87.035973 1.447800 -50.467293
v 85.705322 49.908409 -0.016574
v 88.243141 39.678959 -20.524302
v 78.015572 58.937416 -16.948063
v 43.103725 43.651489 -127.584564
v 32.741531 32.948002 -143.597748
v 19.496353 72.311264 -87.996811
v 31.366615 62.791920 -108.665070
v 71.105904 7.488104 -96.514229
v 60.744476 34.448872 -106.244598
v 68.749763 22.839979 -87.960724
v 10.928099 99.103264 0.709625
v 17.323862 96.753120 -16.830523
v 58.723812 78.598625 -16.649576
v 37.493961 90.718987 -17.125940
v 50.460297 85.867783 0.058834
v 18.181273 91.317825 -36.788383
v 17.103802 82.104118 -60.778633
v 69.278648 40.242920 -68.723198
v 40.813332 69.736710 -71.970207
v 67.082222 63.671307 -38.073711
v 0.000000 10.960182 98.348091
v 0.000000 50.116909 85.830872
v 0.000000 99.109039 11.146516
v 0.000000 86.151711 50.297928
v 11.292254 -0.507652 97.942566
v 15.219508 15.229198 95.001984
v 57.956730 16.839485 74.782669
v 34.019798 13.815318 85.132149
v 49.034977 -1.148817 84.751129
v 14.046858 33.825783 85.800865
v 16.568787 56.883030 72.894234
v 95.590523 17.872828 17.046919
v 98.007568 -0.065824 10.976941
v 77.575714 58.497353 20.986979
v 89.556824 36.990376 20.856953
v 85.583931 -0.300335 50.767689
v 89.585030 18.746428 37.473583
v 77.638870 20.344980 58.047829
v 15.195704 97.234634 16.175028
v 16.668993 77.145569 58.203541
v 19.126484 90.319527 37.035477
v 36.941856 90.244087 20.135561
v 58.459293 77.316948 21.380642
v 64.536095 37.029503 57.769268
v 64.360352 62.585377 38.183449
v 32.430550 61.665733 46.685638
v 0.000000 19.765751 -164.116150
v 0.000000 -78.935249 -184.073196
v 0.000000 -133.411285 -21.340498
v 0.000000 -124.384308 -117.795174
v 54.870243 7.860313 -153.066925
v 80.669075 -18.965742 -87.580750
v 75.467522 -3.881816 -116.078629
v 93.154015 -45.250462 -150.408905
v 59.004543 -92.047150 -160.169937
v 98.530571 -11.014884 0.496551
v 96.733353 -18.279419 -20.880379
v 86.792999 -62.348938 -15.366397
v 94.333748 -36.979748 -17.415220
v 89.275200 -52.157845 0.828424
v 92.689751 -19.148010 -38.000893
v 83.811584 -14.232230 -62.239655
v 39.558121 -135.414963 -32.220966
v 19.959568 -125.579376 4.061589
v 49.733788 -120.926445 -125.486511
v 36.484505 -131.608765 -75.851326
v 63.478729 -98.808037 3.167011
v 67.451683 -119.875954 -23.890347
v 76.451294 -92.843307 -17.519459
v 84.261574 -40.806480 -70.278839
v 82.857193 -70.727081 -42.240170
v 87.822426 -87.558929 -102.928299
v 0.000000 -10.275357 96.837585
v 0.000000 -53.641819 62.326279
v 0.000000 -117.270210 19.751696
v 0.000000 -87.014854 50.294594
v 96.059677 -16.431440 16.722595
v 89.852135 -21.081345 64.365807
v 89.861748 -18.723999 36.551094
v 90.896553 -36.754810 19.009644
v 80.056305 -60.727840 19.451511
v 15.395721 -14.165660 90.822632
v 17.317751 -56.494843 66.937035
v 17.373268 -12.349040 45.371727
v 36.175362 -12.730900 80.114914
v 56.042885 -18.337030 89.028641
v 21.563843 -109.263077 24.035795
v 63.246136 -83.145027 20.862595
v 42.117641 -99.301010 23.581835
v 20.328117 -95.103180 39.251991
v 18.924919 -77.203636 57.837925
v 64.276749 -46.853920 71.664192
v 38.060825 -63.274132 62.405453
v 63.060074 -62.664402 44.575600
v 0.000000 38.973877 -147.875870
v 0.000000 55.751621 -132.673599
v 0.000000 74.483154 -87.184502
v 0.000000 67.691124 -110.649864
v 0.000000 99.630547 -3.836869
v 0.000000 97.770874 -19.865051
v 0.000000 82.707214 -62.983528
v 0.000000 92.013954 -39.804264
v 98.749748 -0.079922 -3.873703
v 98.330582 6.192250 -6.162289
v 98.612633 3.794386 0.203542
v 94.895523 8.620620 -26.611292
v 97.208290 7.621339 -15.960770
v 97.322144 -1.230815 -19.199215
v 96.636200 19.920263 1.314183
v 97.081635 15.641619 -7.942644
v 95.140297 24.570463 -9.403865
v 77.979317 12.021515 -67.023880
v 83.789047 10.243017 -54.915741
v 81.617447 3.089161 -61.974483
v 86.953911 28.244734 -38.248940
v 86.485474 17.000368 -46.307121
v 82.169113 25.806639 -51.279060
v 92.126640 -0.747911 -38.415169
v 89.206589 7.279985 -43.736565
v 92.020424 9.256412 -35.630257
v 78.565361 60.776615 0.732021
v 81.685684 55.855877 -7.311830
v 74.064445 65.298920 -10.805274
v 91.043816 36.492973 -12.661387
v 87.739250 44.977932 -9.328882
v 90.253426 40.760956 1.988793
v 81.449875 49.067940 -28.219908
v 85.151352 47.141899 -18.373425
v 85.816208 39.328400 -29.873798
v 92.865067 19.134167 -27.588762
v 90.046394 28.876711 -28.603128
v 92.798546 28.570341 -17.972807
v 13.770905 42.916908 -143.550858
v 11.283941 36.013035 -149.198624
v 16.909601 60.899811 -121.519638
v 20.882244 48.366940 -137.424652
v 49.741615 26.284336 -134.371368
v 35.973000 40.129135 -136.398849
v 50.659290 32.863045 -127.640884
v 9.874879 75.779602 -81.299088
v 8.382210 72.542435 -92.682007
v 43.528042 58.502560 -102.196243
v 28.046040 67.651436 -95.348480
v 38.986950 64.759399 -89.180603
v 17.199514 68.600571 -101.889557
v 17.256554 65.490273 -111.186913
v 73.270248 6.387041 -85.636810
v 70.537552 12.763486 -91.065094
v 73.396095 13.092798 -79.268707
v 62.188816 25.976500 -110.221016
v 66.795776 17.819098 -102.395721
v 67.664970 11.783258 -109.637428
v 62.653290 38.150349 -93.027977
v 65.163368 27.818203 -97.372078
v 57.761574 43.862915 -101.279358
v 35.581490 56.803535 -118.157227
v 50.078274 49.617207 -110.305145
v 54.489529 39.771648 -114.480217
v 3.996978 99.627556 0.165940
v 6.189361 99.336212 -5.898064
v 22.393375 96.725334 -8.798356
v 14.316997 98.434517 -6.735800
v 20.372465 97.583298 -0.539766
v 7.695344 98.381096 -14.384286
v 10.153419 96.183762 -24.677893
v 65.287750 74.145592 -11.246822
v 55.558739 82.000580 -9.793309
v 60.979855 78.659889 0.253109
v 37.653435 88.102898 -27.782957
v 48.071098 85.498947 -17.276810
v 50.082348 81.243042 -28.888023
v 40.138241 91.203812 0.528860
v 44.094646 88.762939 -9.881919
v 34.891972 92.933571 -8.684728
v 7.266503 85.099564 -56.307278
v 9.343185 80.104202 -68.725639
v 7.608094 93.546043 -34.629799
v 6.521454 89.420181 -45.836235
v 28.744701 83.974915 -48.798054
v 17.033384 87.745712 -46.765686
v 28.701326 88.061867 -38.224499
v 27.669428 94.202492 -17.275465
v 28.025755 91.598167 -28.034203
v 18.902954 93.837852 -28.409660
v 73.947052 20.973816 -72.571198
v 62.503410 42.709999 -84.716843
v 68.720657 32.440697 -78.320206
v 75.362526 30.061266 -63.382397
v 78.043488 37.225849 -51.778084
v 18.770023 76.678688 -74.527534
v 41.324219 76.803307 -53.690891
v 27.641317 77.972534 -64.906105
v 29.715063 71.394043 -81.368706
v 49.714951 60.572388 -80.192932
v 68.960205 69.377068 -17.602430
v 75.985107 49.321808 -42.463264
v 73.574371 61.697979 -25.448105
v 61.127617 73.408043 -28.222872
v 53.011753 74.396370 -42.034027
v 60.195580 55.722897 -67.548134
v 57.188278 65.966354 -53.495899
v 69.488594 50.783451 -54.993065
v 0.000000 3.817377 98.870537
v 0.000000 19.726795 97.015823
v 0.000000 60.756516 78.947853
v 0.000000 39.402176 91.056824
v 0.000000 99.629784 4.154253
v 0.000000 97.740761 19.923567
v 0.000000 79.041084 60.823990
v 0.000000 91.562126 39.622040
v 3.375554 0.014873 98.811653
v 6.963601 7.608076 98.188988
v 23.015341 10.104991 93.200928
v 14.947608 7.841110 96.553612
v 19.850294 -0.648373 96.033890
v 9.214104 15.573361 96.710976
v 7.488657 23.988268 95.200058
v 65.521622 8.540280 74.184753
v 53.680847 8.623163 80.830078
v 61.204346 0.975055 80.245239
v 33.052433 14.385822 75.854767
v 44.934471 15.079962 79.318939
v 47.930004 20.117052 67.575752
v 38.404831 2.006612 88.907967
v 44.645603 7.801504 84.878029
v 33.000019 7.281986 89.737968
v 8.556885 55.641712 81.017204
v 11.931643 62.013710 75.142883
v 8.042398 33.466396 92.048988
v 7.883341 44.978245 87.189629
v 16.120331 45.170738 63.630047
v 14.260322 45.310490 79.960403
v 16.945845 29.147507 73.263695
v 24.675138 15.364285 90.064140
v 21.651957 19.961735 84.270439
v 15.993621 24.294485 91.709007
v 98.190231 5.886366 6.953084
v 98.619667 -0.089802 4.026539
v 95.382225 23.570047 10.325607
v 97.204865 14.151480 9.049780
v 96.589104 -0.056270 19.605240
v 97.288055 7.983317 13.860493
v 95.508766 8.908971 22.912262
v 74.610992 64.802788 10.928303
v 82.178123 54.907818 9.614310
v 86.581429 38.836544 28.847223
v 84.810249 47.554691 19.938854
v 79.164314 50.764622 32.067493
v 88.555649 43.344265 10.394248
v 92.272408 34.289783 10.533776
v 80.144958 1.920738 61.197620
v 81.922348 9.270006 54.989300
v 74.928062 8.956761 64.896309
v 92.156364 9.177747 34.090919
v 87.806854 9.549364 44.281429
v 90.046371 0.847797 40.328381
v 79.897980 30.455326 50.225304
v 84.529327 19.813917 47.542793
v 86.787788 29.022995 37.975330
v 93.076889 27.095043 19.791357
v 90.582108 27.994120 28.522753
v 93.622688 17.099653 26.496773
v 6.595356 99.276947 6.718421
v 8.027405 96.763550 22.870895
v 8.178911 98.296127 14.779933
v 14.984041 98.261459 7.971220
v 23.727871 96.421341 9.058586
v 9.486833 74.326874 65.122841
v 8.196121 82.666962 54.901043
v 29.661118 84.355835 39.775703
v 18.691803 84.743286 47.181667
v 27.456940 79.566902 46.897030
v 10.417192 88.865738 43.906960
v 8.930957 93.375359 33.964455
v 55.118099 82.368950 9.843370
v 65.343323 74.470184 9.462860
v 33.168415 93.405556 10.647667
v 44.212727 88.715103 10.249831
v 50.708702 78.700050 29.436790
v 46.923698 85.375969 19.770752
v 38.831696 86.642647 27.755201
v 17.273321 94.475197 26.912312
v 28.269192 91.505737 27.051569
v 26.487051 94.224670 19.058971
v 64.718430 21.278646 69.483330
v 72.651169 41.126057 52.172817
v 70.927490 29.990108 60.729530
v 59.994438 28.193203 64.509003
v 52.009212 31.940544 53.763153
v 69.191452 68.506340 20.243547
v 49.234356 71.173241 38.469074
v 60.731781 71.196098 30.361298
v 71.270210 61.691692 30.868044
v 73.295761 52.430023 41.014488
v 18.323442 66.191650 66.157738
v 27.383041 47.566544 44.914539
v 21.511768 60.777416 61.176865
v 26.105658 65.351059 55.373287
v 35.791927 69.277237 45.316002
v 60.858959 48.809822 49.832207
v 46.144936 57.597553 44.207245
v 49.169582 47.163280 45.652576
v 0.000000 29.355642 -155.335327
v 0.000000 4.249296 -181.609680
v 0.000000 -90.627335 -171.349228
v 0.000000 -66.912384 -195.919098
v 0.000000 -130.370224 -0.954452
v 0.000000 -129.607590 -42.649616
v 0.000000 -115.858116 -140.738708
v 0.000000 -124.029831 -89.528999
v 18.505341 24.191912 -157.416351
v 62.888321 11.901333 -129.373154
v 50.972584 17.914999 -141.695313
v 33.861790 13.175122 -162.352127
v 59.683529 -9.230610 -172.957123
v 76.682121 -2.629152 -80.026016
v 74.978065 -2.822494 -92.522095
v 86.612740 -25.734303 -106.723885
v 81.855293 -17.057623 -103.592415
v 84.491226 -27.598980 -92.681999
v 72.039268 2.629412 -106.348259
v 68.530533 7.607593 -117.010666
v 27.286734 -86.614632 -174.141006
v 26.352037 -99.634544 -161.441986
v 67.006981 -30.542852 -182.322815
v 29.854439 -72.458191 -186.742020
v 94.951744 -65.033920 -120.949242
v 76.252983 -71.928841 -163.542084
v 95.546776 -44.964191 -125.191757
v 73.116966 -1.359876 -133.098419
v 85.854042 -19.901722 -122.947571
v 81.511559 -14.017138 -144.184845
v 98.788338 -4.047247 0.062334
v 98.723434 -6.769547 -5.941763
v 97.006882 -24.874321 -11.135168
v 98.193222 -16.115055 -6.803712
v 97.671623 -19.348145 1.786133
v 97.972595 -9.835011 -15.116702
v 95.859390 -11.900101 -27.005243
v 83.409538 -69.976822 -9.410953
v 88.007256 -57.818451 -6.332882
v 84.483894 -63.990402 0.179767
v 92.011200 -39.920212 -29.742302
v 90.897316 -50.181107 -15.557618
v 89.106155 -52.524696 -27.627975
v 93.364227 -40.202709 0.479217
v 91.931374 -46.713402 -6.973836
v 95.406654 -33.933872 -7.212635
v 85.060234 -5.267708 -56.552586
v 80.003708 -2.715755 -68.358444
v 93.605186 -9.645661 -35.344105
v 89.636826 -6.259902 -45.965794
v 88.174187 -26.927813 -51.500484
v 89.287437 -16.483400 -48.071980
v 91.529968 -29.302254 -39.627110
v 95.787872 -27.774679 -20.109884
v 93.836258 -29.638950 -29.852602
v 94.936455 -20.382456 -29.395914
v 16.581373 -131.715149 -7.580647
v 7.704183 -126.474495 6.157220
v 22.938103 -131.995392 -51.024914
v 17.315825 -132.962845 -36.354626
v 32.115841 -119.176590 6.300666
v 30.458643 -132.219452 -12.970297
v 47.818756 -129.189484 -16.434700
v 23.454233 -114.579323 -144.324432
v 18.406790 -123.231972 -127.382401
v 60.107773 -125.418098 -73.893761
v 46.175804 -126.511940 -106.116318
v 68.976433 -115.153969 -99.046082
v 13.441570 -126.971924 -101.980942
v 16.341467 -127.928947 -70.944389
v 70.375366 -88.631905 2.832885
v 70.143150 -95.655891 -4.346796
v 77.216537 -83.501755 -7.971231
v 57.175076 -118.471474 -8.460133
v 63.289463 -106.131554 -3.542912
v 53.147503 -110.845451 2.867444
v 77.992874 -100.535889 -37.487488
v 72.733223 -105.008949 -17.813009
v 73.386650 -114.985565 -43.503277
v 38.016487 -134.153732 -53.250366
v 59.568016 -130.148438 -51.122280
v 55.868938 -130.976059 -29.575760
v 82.055580 -22.853411 -74.264709
v 86.950310 -40.650120 -53.248299
v 84.128799 -27.915518 -66.159203
v 82.952942 -28.940283 -80.068008
v 86.811729 -43.904255 -85.982460
v 81.763550 -76.322197 -18.151014
v 80.500793 -89.284378 -55.548363
v 80.262489 -85.275002 -29.650757
v 84.773438 -67.165649 -27.138624
v 86.193451 -54.425049 -42.397739
v 62.007805 -108.612175 -139.675385
v 92.863678 -63.409145 -102.133331
v 85.635818 -89.534241 -125.481262
v 74.634720 -107.316223 -116.854858
v 82.100021 -95.233704 -84.307426
v 83.566757 -58.278519 -60.463181
v 84.177139 -73.295731 -72.227791
v 85.618088 -58.458645 -78.275032
v 0.000000 -4.222876 98.566582
v 0.000000 -15.267176 91.672150
v 0.000000 -60.193012 70.288414
v 0.000000 -13.596705 48.949585
v 0.000000 -122.585991 12.673701
v 0.000000 -110.845337 27.109476
v 0.000000 -78.000443 59.482273
v 0.000000 -95.742180 41.846489
v 98.341339 -6.396228 7.017807
v 95.283554 -8.144370 23.863268
v 97.295418 -7.750474 14.595988
v 97.715408 -14.008411 8.078881
v 96.380241 -23.941454 7.748306
v 82.840378 -7.467332 72.715950
v 85.435577 -7.923151 56.594833
v 86.574043 -29.476929 38.984402
v 87.330490 -19.659966 49.901440
v 85.075356 -32.664913 53.978134
v 88.268127 -9.717461 44.824570
v 92.315872 -7.419792 33.623516
v 85.386856 -57.531261 8.706315
v 79.827774 -68.546936 8.725070
v 94.118004 -34.013897 7.997900
v 90.434952 -45.440670 8.504753
v 80.042564 -50.582321 31.899149
v 86.194984 -48.011742 20.257217
v 86.138939 -38.972839 30.434978
v 93.655838 -17.391087 25.770178
v 90.352570 -27.558584 29.290300
v 94.118958 -26.466877 17.420862
v 6.583734 -5.531940 98.066757
v 9.772902 -14.865120 83.160065
v 7.111604 -13.411719 94.138161
v 13.948856 -9.137544 96.023880
v 24.456566 -9.147299 92.821869
v 9.286203 -63.707359 69.841026
v 7.347475 -53.975822 64.034241
v 35.802414 -18.846210 45.757244
v 20.026581 -44.854630 48.028034
v 32.190212 -46.982563 55.405128
v 7.054008 -40.118195 43.985828
v 8.575734 -8.745657 62.917107
v 55.057861 -8.537433 85.208969
v 68.589714 -7.344123 86.062012
v 34.201763 -8.309198 88.571121
v 43.051636 -7.762336 85.578781
v 49.133717 -27.302927 74.696632
v 46.212406 -15.027454 81.374390
v 41.101360 -15.411794 68.893417
v 18.345610 -11.294396 75.220360
v 29.056753 -9.439986 71.141487
v 25.713297 -13.139506 85.395981
v 8.714355 -119.719734 15.454168
v 30.114555 -109.552124 18.615807
v 20.000444 -117.843880 14.603337
v 7.514454 -114.727997 22.099630
v 11.868031 -109.285957 27.881859
v 71.482643 -80.930748 10.478075
v 64.354790 -91.137108 10.110529
v 42.188194 -90.632004 32.755550
v 53.339699 -91.514328 22.629158
v 52.321411 -83.064400 32.866570
v 54.000114 -100.466843 12.282734
v 41.337990 -107.125092 15.406692
v 9.005137 -84.656967 52.058651
v 9.573876 -73.292099 63.574165
v 9.648955 -99.523293 37.494068
v 9.137108 -91.401924 45.348988
v 30.584497 -80.404335 50.302738
v 19.039577 -86.343239 48.371941
v 30.904291 -89.027473 41.135521
v 31.720373 -104.964439 23.897213
v 30.202650 -97.863113 32.397057
v 21.041443 -102.582626 31.507858
v 88.016136 -12.488629 92.612030
v 50.676888 -38.446987 69.403885
v 57.148125 -38.593086 86.672714
v 85.827034 -41.796764 72.471191
v 75.467659 -45.346043 55.822933
v 19.147453 -67.587189 66.476006
v 43.581833 -72.749031 51.197647
v 29.533154 -71.406494 60.153419
v 28.929579 -59.428886 66.258881
v 42.959732 -46.325478 62.365063
v 71.482422 -71.841766 22.081202
v 72.899155 -52.462833 42.853123
v 72.680092 -61.962780 32.242851
v 62.749157 -72.615471 33.732334
v 51.712452 -72.083054 45.734074
v 53.630333 -53.362896 61.833462
v 53.086384 -64.139038 52.644562
v 64.534035 -53.906013 54.025970
v 57.118244 41.714920 51.633194
v 38.725243 51.879803 43.456066
v 28.959061 57.414761 47.714569
v 42.921749 45.585403 43.144371
v 39.292274 35.064461 43.732460
v 57.856789 33.731602 57.756130
v 53.659145 39.751060 49.814987
v 56.026203 29.098532 61.016209
v 44.746887 23.280674 53.749680
v 22.902712 53.409920 53.535503
v 23.655104 36.637455 47.839733
v 18.300102 33.383320 58.667961
v 19.634214 53.952301 63.020378
v 40.948097 17.579910 62.767422
v 25.528318 60.432522 53.545151
v 56.417114 23.559610 68.233841
v 50.644333 25.908663 59.596939
v 52.597931 19.448803 72.945732
v 20.540392 46.878685 50.757217
v 17.111900 60.712032 70.505310
v 23.853855 19.539564 72.556160
v 42.967617 15.680670 71.913269
v 39.506321 14.335763 78.252914
v 17.084658 51.087746 70.625015
v 15.487117 52.169922 76.801743
v 14.320771 38.381371 75.337517
v 59.860935 22.403814 69.893593
v 15.399481 37.843216 67.475922
v 51.939156 14.405633 78.310608
v 18.921749 57.602428 67.344109
v 31.750841 16.240891 66.958534
v 20.432823 25.109228 65.256027
v 47.227058 18.194944 73.770897
v 34.009335 50.285717 43.443150
v 28.067196 15.490300 84.795349
v 16.692657 26.721373 84.706802
v 48.313240 37.585823 47.267548
v 14.734359 45.580994 73.237961
v 55.178715 35.959061 53.393681
v 12.745341 49.844589 81.616104
v 49.063946 12.121687 80.957329
v 8.185127 50.441097 84.210815
v 12.211303 39.440315 87.364716
v 39.407562 10.038559 85.728127
v 34.467178 25.787785 48.180000
v 39.483768 13.941098 82.392876
v 13.450110 39.873276 82.523643
v 13.857849 57.117100 76.560753
v 15.149614 59.191181 73.926498
v 20.161379 19.598482 91.036301
v 19.268335 23.648842 78.876427
v 23.674974 57.158035 54.524040
v 26.358433 16.575462 79.535446
v 18.656174 40.895214 54.632431
v 46.936867 20.905581 60.675800
v 19.339617 50.594524 57.363617
v 52.780602 24.533247 64.615593
v 28.265192 11.075659 90.162376
v 56.369110 20.445292 71.833824
v 15.053327 31.915888 79.981087
v 11.948091 29.205055 92.036461
v 7.359550 39.612091 89.829895
v 33.659981 13.861898 81.360870
v 38.198124 6.790850 87.821213
v 19.307329 60.855766 66.352776
v 28.921974 14.459309 87.663887
v 15.510620 29.034948 89.366615
v 12.249708 45.086971 84.547157
v 43.727936 16.286228 76.184410
v 18.360115 54.853012 68.711708
v 37.635754 15.174818 69.419930
v 45.185970 11.718748 82.512070
v 15.529855 48.516415 75.294342
v 14.772513 42.558537 70.530304
v 24.169594 18.420515 88.182526
v 19.237499 23.259647 88.609962
v 49.218102 16.979324 76.153069
v 17.142685 31.315218 65.939255
v 25.573738 19.638308 65.491501
v 11.694592 20.664249 94.871452
v 4.011136 35.886215 92.134605
v 33.811371 11.054559 87.465851
v 12.206417 34.218815 89.851738
v 4.290822 43.824276 88.730049
v 12.955052 53.577438 79.401695
v 7.366608 28.979717 93.780220
v 16.798786 20.323349 92.807190
v 10.479465 47.784851 84.487732
v 20.781591 15.595830 92.382896
v 13.441977 42.537155 83.892525
v 16.779377 27.838081 79.309196
v 42.146614 12.924270 82.536674
v 22.550247 19.715214 78.871414
v 30.152933 14.702221 80.505661
v 13.988884 35.756824 80.880867
v 36.767902 14.507509 82.006439
v 13.043254 24.277655 93.274307
v 24.223396 13.201195 91.434784
v 31.319374 12.611100 87.593834
v 13.878377 31.777420 89.707809
v 35.617416 9.042681 87.823410
v 26.588909 16.402439 87.985397
v 21.606060 20.657307 88.367386
v 17.228624 26.132164 88.947311
v 10.223154 36.500034 89.976555
v 14.479789 22.307047 93.268471
v 18.616682 18.024332 92.651222
v 27.709799 52.279778 46.983372
v 34.812431 44.701710 42.744160
v 47.865837 42.983089 45.331032
v 30.987362 41.588646 42.800171
v 46.706573 31.725136 49.290478
v 54.458408 32.412369 55.945637
v 41.350952 39.936031 43.542793
v 52.224182 35.733082 50.957474
v 53.797916 29.481237 58.260792
v 31.405989 33.918541 43.599785
v 37.862713 20.561285 55.116844
v 48.768925 28.232084 53.928040
v 42.298241 28.367350 47.740856
v 21.663795 56.556095 58.633205
v 24.647957 50.434586 48.843086
v 24.862247 28.280798 51.657452
v 24.927153 43.280338 44.864140
v 21.631969 42.089836 49.425117
v 21.666222 50.563164 52.577648
v 16.719835 39.050365 60.312771
v 22.187500 26.263309 57.918739
v 48.103271 24.385374 56.887371
v 17.691799 51.147106 64.298500
v 20.407194 56.798782 62.530441
v 45.006229 18.127722 65.241150
v 34.510281 17.710686 60.572239
v 25.370464 55.233311 50.644402
v 53.183723 26.915630 61.158970
v 52.243752 22.051947 68.563210
v 56.226814 26.227146 64.691399
v 42.830875 20.143057 57.996532
v 49.579842 23.053431 63.387985
v 51.468616 28.822498 56.484875
v 50.064804 20.143631 70.981041
v 20.970306 53.629116 58.196457
v 20.353239 35.071510 52.952522
v 18.159351 46.313473 56.137478
v 23.903038 47.464497 46.870678
v 29.484816 15.772091 73.632706
v 19.514378 24.554243 72.505661
v 36.373802 16.162569 64.834930
v 38.709610 14.579002 73.607117
v 46.220158 17.513186 70.452484
v 45.122120 17.031137 73.459045
v 19.345291 55.740063 65.538666
v 42.056698 15.512374 79.021660
v 36.447292 14.025645 77.096245
v 17.281914 53.604752 72.150345
v 15.983135 48.943439 67.931274
v 15.478728 48.690453 71.764275
v 15.106207 49.354713 78.553558
v 16.043514 54.721050 74.714531
v 13.884200 42.690304 78.132545
v 15.311379 33.915607 73.822815
v 53.949959 21.504402 70.228203
v 19.151623 28.885260 61.695385
v 14.252710 42.187943 74.731171
v 15.828032 33.869049 69.440224
v 15.670152 41.082794 64.556473
v 49.782326 18.683510 73.613853
v 48.463928 14.994967 78.683434
v 18.208765 52.501114 67.586060
v 17.688955 57.901157 70.374413
v 20.137611 58.633327 64.133614
v 41.935509 16.225624 68.326813
v 22.058039 21.968431 68.982071
v 33.126324 15.160975 70.616638
v 29.901937 18.071198 62.691917
v 16.492651 35.355961 63.525272
v 27.472857 17.458979 69.638435
v 18.255733 27.551746 68.733025
v 23.728247 22.603100 61.566833
v 52.774261 17.117723 75.613304
v 41.561012 14.718271 75.451904
v 46.323509 16.804728 76.496719
v 47.885277 19.305235 71.133354
v 30.841442 48.782963 44.204967
v 31.362947 14.981350 84.984398
v 24.760881 17.285362 84.467957
v 15.071132 30.293877 85.148003
v 18.899483 23.201477 84.404999
v 36.602921 40.120907 42.648518
v 16.596972 51.200130 74.231361
v 14.772467 38.996922 71.352432
v 49.969818 33.539959 50.649189
v 44.720642 41.198257 44.361076
v 14.331422 45.711338 76.771515
v 15.435866 45.695118 68.031624
v 14.516163 54.531624 77.165848
v 11.187885 52.247761 81.597885
v 13.980647 47.645397 81.267906
v 46.412014 13.580923 80.608597
v 12.460990 47.626060 83.056358
v 6.465300 47.886662 86.164734
v 3.811513 47.159317 87.141411
v 9.904141 42.485371 87.463570
v 13.430278 36.997166 86.679855
v 36.553165 12.372726 85.219360
v 45.770664 26.989588 51.345329
v 27.336611 38.287460 44.179317
v 36.657307 13.685994 79.763489
v 42.429070 10.966140 84.013100
v 31.170506 23.091150 52.456791
v 37.064190 30.131233 44.596203
v 36.688885 13.784558 83.778946
v 42.128838 14.438419 80.878166
v 14.549668 35.063675 77.606247
v 11.991641 42.172184 86.216583
v 14.017916 51.298500 79.437813
v 13.581132 36.862350 83.719063
v 13.613276 42.640232 81.150139
v 15.405806 56.754906 74.850510
v 25.508980 17.693779 75.785057
v 15.747723 29.167412 82.421730
v 18.094442 22.009033 91.335922
v 22.362993 17.284657 90.649498
v 20.448357 21.531385 81.695839
v 24.731815 52.717396 50.234234
v 18.032663 26.280220 76.073029
v 21.222540 21.788437 75.315643
v 30.748367 14.434155 83.055908
v 23.707853 18.269554 81.878723
v 22.298199 45.023827 47.640144
v 21.205557 30.149641 54.954308
v 29.636044 15.154346 77.381432
v 16.964108 43.425526 59.432503
v 20.741177 38.663483 50.992725
v 49.754944 26.887276 56.773315
v 38.478920 18.417486 59.202587
v 22.473438 49.055553 49.598602
v 20.645079 55.268700 60.659203
v 47.691261 20.335310 64.208206
v 45.968380 21.777712 57.106503
v 17.069452 48.477947 60.868240
v 21.353735 52.010754 55.513958
v 52.309544 27.770590 58.899090
v 50.500572 22.285057 66.709351
v 54.596100 26.669847 62.927933
v 26.644478 13.428993 89.847755
v 51.963112 20.584450 71.009872
v 13.761312 39.229778 79.261192
v 17.771786 25.286453 81.917656
v 14.368333 32.971558 83.069984
v 15.979727 30.646662 76.615547
v 9.910230 31.373568 92.141876
v 13.787547 26.623499 92.067947
v 12.216303 36.821388 88.637421
v 39.429367 14.825123 80.513878
v 27.252600 15.865930 82.433258
v 7.556760 36.319736 91.129242
v 7.247581 42.540638 88.578804
v 36.059559 10.926323 86.533493
v 33.963303 14.455967 83.493080
v 33.327396 14.070247 78.754044
v 25.966187 17.055134 86.438957
v 31.406338 10.314285 88.979713
v 26.672573 14.972882 88.880791
v 31.398184 14.064804 86.404083
v 10.751322 50.121883 83.063652
v 13.301952 39.757942 85.218727
v 17.831835 24.716232 86.770096
v 12.115165 31.681456 90.975677
v 15.843167 26.695259 90.746696
v 10.163040 45.149254 86.021866
v 14.789470 31.297398 87.604706
v 13.720561 45.232220 82.578300
v 46.514717 18.152637 72.219688
v 39.105453 14.100390 76.095024
v 44.293213 16.055365 77.858780
v 43.695362 15.477262 74.302917
v 19.719812 57.184658 64.932503
v 17.109970 51.079117 67.644508
v 17.537699 55.825340 71.134644
v 18.940630 53.975430 66.084625
v 44.611042 16.955692 68.802406
v 33.107376 16.800055 63.690750
v 35.243977 14.521815 73.001312
v 39.865871 16.320839 66.201637
v 39.375805 12.461882 83.960091
v 15.310445 46.892586 70.329750
v 16.427561 52.926434 74.559006
v 14.868263 47.274918 78.058098
v 44.396538 13.540947 81.228584
v 16.168550 49.956234 73.034271
v 15.133977 36.374146 70.990623
v 14.281318 44.078400 75.737251
v 14.466655 40.603172 72.999557
v 15.293190 43.163441 66.892159
v 28.918610 15.693567 86.527374
v 16.054142 28.017965 87.129745
v 19.973312 21.598913 90.106422
v 22.155895 19.179781 89.770233
v 24.450169 16.968136 89.283722
v 17.849918 24.151356 90.426147
v 22.914980 18.939915 86.413971
v 20.147299 21.599199 86.496864
v 48.748623 19.139345 72.421547
v 47.235008 15.989530 77.703400
v 51.015171 18.110918 74.592270
v 21.192480 25.602654 61.530460
v 15.939647 38.410259 63.954426
v 30.477257 15.951406 70.242393
v 19.917282 24.683256 68.951874
v 16.725113 30.693733 69.845268
v 17.589148 32.203991 62.366657
v 24.626701 19.503708 69.106201
v 26.723305 20.020805 61.901699
v 28.783897 12.929593 88.813469
v 33.894341 12.515833 86.358864
v 10.040481 39.503971 88.766495
v 13.939076 29.278624 90.906425
v 10.151739 33.911335 91.069916
v 13.694823 34.319481 88.214012
v 15.027674 55.777245 75.881073
v 14.035725 49.556057 80.285049
v 14.305202 52.909031 78.248009
v 11.741756 25.703419 93.358849
v 10.155589 27.133877 93.516418
v 20.496147 17.698631 91.690216
v 16.391163 22.296513 92.284081
v 13.170122 46.414059 82.925812
v 8.794618 46.797993 85.897926
v 11.683025 48.824619 83.093277
v 18.439829 20.060310 91.963356
v 22.913158 15.175315 91.317993
v 13.359318 38.408424 84.586823
v 11.172483 43.705853 86.092506
v 12.858704 41.053391 85.810989
v 13.771462 43.957802 81.923454
v 19.018055 23.386974 81.796265
v 14.988051 31.077467 82.686989
v 16.673040 27.234190 82.152756
v 16.924259 28.428852 76.303246
v 38.002148 13.198312 83.819191
v 40.836998 11.668557 84.073807
v 43.367348 14.058074 80.977776
v 19.448256 24.038734 75.778328
v 27.680519 16.184696 76.657112
v 22.014717 19.806919 81.746162
v 23.196350 19.633383 75.708649
v 25.472328 16.927881 82.087578
v 32.438816 13.804907 83.437225
v 28.993128 14.960841 82.704857
v 31.523647 14.463329 78.155647
v 15.180514 32.910736 77.033272
v 13.608983 41.118896 80.269196
v 13.889455 34.861557 83.394890
v 14.083574 37.154564 78.309853
v 35.026184 13.861304 79.250122
v 40.804184 14.770817 80.774956
v 35.432232 14.309091 83.733803
v 38.291111 13.809066 80.313347
v 14.355638 24.418194 92.596252
v 27.731199 13.995036 88.791634
v 29.941156 11.739832 88.889175
v 32.639057 13.286889 86.356407
v 14.840392 28.001770 90.872986
v 11.152542 32.803276 91.028267
v 13.038073 30.507864 90.928421
v 14.255951 32.860531 87.881271
v 35.057468 11.769556 86.385483
v 30.163965 14.829988 86.470474
v 24.372658 17.793850 86.414345
v 25.591732 15.948729 89.038826
v 27.478672 16.355543 86.462662
v 23.286158 18.041933 89.530060
v 18.911566 22.860090 90.253159
v 21.041779 20.361025 89.955437
v 21.461273 20.165588 86.417908
v 15.334579 29.657232 87.326385
v 18.920898 23.118378 86.626785
v 16.845798 25.430111 90.584618
v 16.853884 26.347466 86.910652
v 12.996422 35.657780 88.485756
v 8.669711 41.055981 88.717751
v 9.062563 35.039875 91.093651
v 11.214434 38.087929 88.738503
v 27.264961 49.661873 46.293518
v 44.004433 35.832989 45.631580
v 30.459124 45.620193 43.555698
v 40.017834 23.816660 50.717388
v 27.457985 30.964729 47.027920
v 27.869114 44.958782 43.670399
v 34.285904 37.103535 42.503288
v 42.731522 32.440060 46.192608
v 49.669857 31.055780 52.340813
v 51.550495 25.144648 62.255775
v 54.366920 23.778763 67.032799
v 52.997086 30.631916 56.118393
v 48.881367 23.617279 60.190887
v 44.180977 18.910889 61.595116
v 32.732765 19.976776 56.348431
v 41.473614 21.723436 54.292110
v 47.110832 25.537292 53.785702
v 50.518700 29.982285 54.107235
v 19.181608 49.014446 53.889576
v 19.079681 52.187225 60.786564
v 19.561293 44.188347 52.688198
v 18.190624 37.074844 56.514660
v 22.470976 55.253448 55.708355
v 23.570066 51.777882 51.373501
v 25.770107 48.908115 46.661018
v 26.313934 24.070431 54.828468
v 23.443661 32.476086 49.981373
v 24.176933 40.136101 46.446819
v 25.750462 46.032471 44.545525
v 49.889328 21.081772 68.751259
v 54.221317 22.702097 68.571213
v 11.569797 56.476662 78.861305
v 22.696737 59.054550 57.685616
v 10.929902 54.338581 80.574890
v 25.695797 57.659729 51.549984
v 18.327587 59.212883 68.745811
v 21.387251 58.358540 60.479637
v 31.452082 53.584808 44.905262
v 20.837288 58.638371 62.116913
v 28.140762 54.730362 47.440071
v 37.552547 47.453552 42.717041
v 39.655430 43.799583 42.832371
v 13.294519 55.427711 78.058090
v 42.273033 42.668304 43.385704
v 16.704725 58.647533 72.003006
v 34.306561 47.837307 43.091652
v 8.841943 37.982716 89.978256
v 8.534194 48.234806 85.251411
v 16.265705 48.252659 64.518784
v 48.139328 17.706837 75.041054
v 30.921692 51.360538 44.688431
v 23.509445 55.317223 53.628193
v 17.929962 52.985703 69.851830
v 40.433380 15.293815 70.866516
v 16.168587 42.212204 61.939610
v 46.350647 17.755135 67.948990
v 12.786868 51.738506 80.559227
v 15.952590 47.071953 66.071701
v 15.922540 50.345886 76.337715
v 45.534657 17.325588 75.060997
v 41.787422 15.149879 77.279388
v 16.888563 55.231449 72.803627
v 0.000000 44.829193 88.591751
v 8.368425 59.211773 78.765793
v 5.101346 54.170147 82.942116
v 11.576579 59.287125 77.120003
v 5.042357 31.955290 93.349144
v 4.434949 50.713898 85.104874
v 2.049895 46.523438 87.676231
v 3.701083 49.013184 86.157074
v 4.326203 40.011131 90.421989
v 8.882554 52.979038 82.481339
v 5.830616 41.517647 89.454597
v 10.971479 23.528315 94.331932
v 5.857264 37.960064 90.954414
v 9.938509 53.808601 81.479851
v 14.569375 19.010387 94.247910
v 9.788627 51.468052 82.892006
v 12.598144 22.750412 93.952179
v 9.895064 29.273783 92.897209
v 7.669188 31.443665 92.884911
v 6.203736 34.407093 92.238976
v 48.906654 20.312490 69.699280
v 5.823167 45.616615 87.531723
v 6.382406 44.222755 88.070190
v 15.157737 41.052185 67.760796
v 35.915531 14.207171 74.928154
v 18.145313 56.543015 69.460327
v 15.084883 45.258144 70.568291
v 42.005672 16.886932 65.589447
v 17.048029 45.894032 60.038174
v 14.733935 47.431213 79.555557
v 51.087555 19.723656 72.175064
v 14.953146 40.184898 69.288681
v 16.081690 34.659775 66.535858
v 11.127472 40.889812 87.486717
v 27.286598 7.524343 92.082802
v 18.865929 12.379796 94.320808
v 21.933464 13.211815 92.669952
v 25.824562 10.904027 91.546310
v 12.184742 17.251020 95.553131
v 30.067816 8.698635 90.410820
v 18.173244 15.635159 93.680420
v 16.547407 17.939629 93.718193
v 33.450893 9.504159 88.525475
v 17.198336 16.771551 93.776703
v 10.116792 25.104479 94.157463
v 26.235626 12.184490 90.752831
v 29.379192 26.601294 49.482895
v 35.676487 22.667168 51.961555
v 22.463921 14.349662 91.947838
v 11.944620 27.205889 92.762489
v 14.820696 36.983849 72.887657
v 16.108130 31.878780 71.615303
v 34.715759 15.485302 67.921555
v 18.712772 52.892456 65.307060
v 55.567047 31.160639 58.241199
v 17.718990 51.065262 60.705761
v 13.995939 40.633526 76.865021
v 32.722576 14.814275 73.296753
v 13.617411 37.930950 81.597092
v 50.553238 15.962283 77.215393
v 53.536705 33.951431 53.468739
v 55.658188 60.183319 43.412682
v 64.419853 56.337322 44.079426
v 46.860867 63.748009 42.816448
v 67.981453 49.931366 48.008663
v 53.129978 53.593124 46.177677
v 71.920540 20.671511 64.487328
v 27.138117 72.696388 52.194820
v 23.026232 70.506081 58.119858
v 58.024143 66.263329 38.370781
v 74.231461 46.539528 46.043724
v 66.586540 44.601032 52.570839
v 68.867790 58.263180 39.208603
v 40.248627 62.546497 44.012501
v 43.253468 70.221031 41.309914
v 54.990879 71.789803 34.766117
v 67.568169 65.420334 30.651274
v 77.997391 47.057083 39.603653
v 73.772171 56.425373 34.912094
v 72.090721 35.494446 56.521721
v 77.411568 40.322742 47.199932
v 62.689613 66.608002 34.804466
v 81.165619 44.535198 35.885834
v 33.421261 78.302269 43.149628
v 75.224411 57.938896 29.300011
v 81.397888 35.560371 44.175129
v 76.282410 29.182911 56.005428
v 10.534489 69.118591 70.032463
v 45.092014 78.535599 34.509991
v 57.204784 74.636414 28.886999
v 68.103493 61.640133 35.741848
v 69.368439 15.636024 68.622673
v 30.203169 67.088470 50.293785
v 17.240040 72.442863 62.511860
v 31.070395 74.739326 47.285995
v 38.163982 74.041313 42.408852
v 50.107864 75.145294 34.547298
v 76.192604 51.736473 37.175705
v 44.350319 74.458305 38.625675
v 76.376091 37.084217 51.114944
v 23.211452 78.831779 51.249607
v 67.069809 25.970829 65.448624
v 62.166187 43.351948 53.257191
v 58.305813 54.860569 46.207272
v 34.917580 85.144028 34.301537
v 79.572319 25.396328 53.351467
v 80.250793 19.549246 54.634651
v 24.350872 84.753868 43.305779
v 55.367752 48.228859 48.280510
v 5.732480 66.151047 74.136002
v 83.311295 28.861780 45.311367
v 40.592590 80.845551 35.376209
v 62.991947 24.766016 67.618568
v 46.537186 81.228653 29.654675
v 9.035830 78.708145 60.056355
v 48.558617 53.079769 44.651684
v 70.591545 8.242418 69.952690
v 16.682833 81.375229 53.066532
v 69.209724 40.262314 54.779686
v 28.955893 81.712563 43.554115
v 22.648390 65.626938 60.395329
v 61.920094 -6.762087 85.071388
v 65.862862 30.765057 62.494770
v 74.293663 26.021633 59.848660
v 34.311543 81.716789 39.285538
v 52.694603 65.163956 41.104393
v 78.935204 11.632794 58.815041
v 69.030251 54.718895 42.959251
v 13.869083 71.014175 66.426048
v 67.425804 1.075866 77.081558
v 0.000000 65.778709 74.904625
v 0.000000 74.933128 65.806519
v 76.336052 0.658781 68.907585
v 75.892395 15.482061 61.740879
v 83.481461 36.497253 39.250984
v 59.780540 8.827996 77.729263
v 64.706985 15.834747 72.155502
v 0.000000 82.764648 55.674576
v 54.796997 0.440347 82.685005
v 0.000000 55.540848 82.556969
v 62.181904 12.671201 74.926666
v 68.461235 33.724270 59.623177
v 82.288330 26.338890 48.536118
v 13.335718 84.568146 50.272305
v 39.907124 58.642075 43.942234
v 15.288383 64.650154 70.571388
v 61.987183 19.457361 71.713539
v 23.569929 82.054192 47.412949
v 7.079150 62.587528 76.793861
v 34.483650 64.980209 46.124702
v 39.426037 -10.442867 84.671326
v 58.958630 45.545509 50.831173
v 50.114960 -7.995961 84.842224
v 8.133078 85.891121 49.880119
v 61.906067 32.574463 60.987583
v 70.609795 45.747616 49.991795
v 79.834694 15.536276 56.468304
v 5.077351 72.667648 67.963982
v 19.043116 87.035545 43.344723
v 57.415321 4.791549 80.280968
v 59.089306 69.105499 34.789368
v 28.064894 88.011963 35.300056
v 15.135801 89.743797 40.353195
v 77.867180 43.625053 43.504410
v 4.801124 76.960762 63.137604
v 41.524502 66.343918 43.035103
v 65.830009 64.071747 35.002510
v 43.792358 0.212380 86.618500
v 50.951103 3.909578 83.264923
v 13.445279 75.835800 61.687294
v 23.026354 74.480957 55.365837
v 44.236149 55.312294 43.759735
v 70.601944 59.576950 35.366817
v 28.446331 63.672691 51.383312
v 34.781136 74.004898 44.717457
v 76.260574 33.508751 53.595928
v 78.862366 35.850998 48.350197
v 53.210835 75.264816 31.995924
v 47.193546 74.839424 36.706959
v 58.800522 -2.707417 82.824890
v 74.122528 5.245094 67.755409
v 73.487076 -3.040134 77.560066
v 4.423862 80.973373 57.999546
v 41.377808 74.190277 40.433178
v 12.891317 80.210281 56.646748
v 25.265368 86.867630 39.464161
v 36.093674 -3.268040 89.711761
v 31.058506 70.867149 48.877769
v 40.070206 -1.776808 88.127625
v 69.143250 4.358065 73.397339
v 64.724266 -2.101012 80.988571
v 63.437473 4.683258 77.259033
v 5.166311 88.235893 46.223312
v 71.052719 25.571569 63.071995
v 37.265297 -7.239135 87.738976
v 77.142876 24.468342 57.154953
v 51.950291 -3.397893 84.309502
v 46.586056 -4.200181 85.511559
v 20.491709 68.710533 62.074532
v 37.413712 81.855881 36.681385
v 14.689437 86.382339 46.766151
v 4.171710 84.546158 52.735672
v 42.463242 82.435745 31.647459
v 23.939619 63.172256 57.793915
v 20.617769 63.857018 63.443203
v 63.784382 28.174183 64.875755
v 49.687099 8.294796 82.657867
v 72.847488 15.525206 65.218323
v 65.317070 40.830486 55.262299
v 41.208698 4.374854 87.322426
v 5.433003 69.688736 70.933113
v 24.445852 4.087881 94.050301
v 31.677790 81.576256 41.528156
v 47.285362 2.768015 84.955582
v 55.831348 12.459815 78.254318
v 67.539780 12.053257 71.332741
v 51.210854 50.007057 46.235268
v 26.149561 82.087944 45.360497
v 20.000805 81.849968 50.302605
v 61.814781 16.401087 73.513092
v 3.237591 63.554310 76.645576
v 77.966454 16.485252 58.798637
v 0.000000 34.423695 92.983788
v 68.205330 37.347553 57.245083
v 34.640785 1.331055 90.577728
v 4.938766 58.014107 80.490761
v 14.698743 67.890556 68.619354
v 4.987686 74.799210 65.641106
v 53.772915 4.893856 81.857941
v 13.725061 73.489883 64.060287
v 30.151688 -8.495007 90.538155
v 12.408513 82.678886 53.489689
v 65.135788 33.696754 60.371208
v 20.167912 4.342648 95.486313
v 25.069000 -4.791140 94.167656
v 36.560410 61.560249 44.903271
v 60.483994 4.742440 78.838516
v 15.230393 87.840370 43.999397
v 4.686704 79.014793 60.584293
v 11.124527 86.711990 47.641106
v 21.452711 87.926109 40.275658
v 35.953121 4.827731 89.377151
v 32.302307 -4.753623 91.172424
v 31.290339 64.391029 48.547676
v 24.709085 -0.355674 94.511444
v 2.590495 57.211685 81.331467
v 39.706070 -5.419436 87.486832
v 0.000000 24.576756 95.946579
v 13.166215 78.048035 59.236370
v 30.952810 3.910399 91.596436
v 59.025120 12.816563 76.618622
v 19.102762 8.216984 95.186363
v 25.912432 63.231339 54.571678
v 43.085701 -3.631813 86.634972
v 77.160477 3.126935 65.239662
v 62.101192 -3.014164 82.354370
v 72.053955 4.296143 70.708321
v 55.328453 -4.494959 84.054359
v 62.431545 22.075500 69.786026
v 3.762011 26.792458 95.126343
v 66.306396 4.542460 75.474869
v 4.315095 82.810356 55.382465
v 4.460585 16.951269 97.266647
v 18.267233 -7.688242 95.590820
v 3.962010 86.532486 49.459244
v 49.426266 -4.257712 84.883804
v 16.070887 -3.792733 96.863914
v 11.618036 11.463165 96.864746
v 16.221506 3.388625 96.740715
v 8.340333 19.723877 96.042130
v 21.561855 -4.901545 95.306450
v 48.193295 5.841061 84.014954
v 44.284111 3.841159 86.106697
v 3.558664 21.753599 96.391830
v 4.358101 11.871555 98.036484
v 14.766019 62.074123 72.780930
v 27.752279 3.378377 92.951607
v 7.759298 12.026419 97.580467
v 22.223995 63.386139 60.759563
v 4.778162 60.557606 78.739395
v 0.000000 15.349307 97.769867
v 58.636192 30.442797 61.648369
v 15.168208 -0.330131 97.200569
v 12.066429 14.885790 96.099869
v 35.065964 57.457253 44.581192
v 28.596464 -4.781169 92.813965
v 60.184956 39.150829 55.125858
v 15.503549 11.343501 95.773026
v 32.883862 -1.270619 91.410851
v 22.319624 1.899363 95.105682
v 40.099342 55.360245 43.700321
v 61.110729 35.699780 57.952339
v 33.669231 4.347959 90.421074
v 11.877466 -5.080953 97.497620
v 59.346859 25.149939 67.387779
v 18.066208 63.162750 68.102676
v 12.044807 4.100175 97.638870
v 59.599541 42.467472 52.755184
v 22.840347 -2.686297 95.143135
v 17.569426 5.953645 96.064331
v 17.110636 9.958348 95.524048
v 60.656227 61.900051 40.974010
v 50.271564 58.764786 44.199104
v 54.419361 56.790184 45.113968
v 65.084389 59.514931 40.886250
v 62.962574 52.504448 47.379871
v 53.831665 44.601799 48.287876
v 56.384602 45.038116 49.751492
v 11.054065 7.434341 97.539978
v 18.986982 -4.208749 96.134880
v 56.506561 63.931404 40.882820
v 48.078842 67.604980 40.990265
v 45.087605 60.787365 43.810966
v 66.904366 57.380325 41.843479
v 71.455147 50.619625 45.009548
v 64.848579 48.341724 50.158058
v 2.471950 7.794670 98.590042
v 2.302820 32.897308 93.415398
v 52.373322 11.754993 80.012932
v 7.805988 2.691341 98.402138
v 19.202299 63.528526 66.095108
v 10.357692 18.271147 95.861786
v 3.723665 24.302887 95.779526
v 38.438751 4.507375 88.448486
v 5.869002 20.653397 96.323761
v 4.055526 29.321272 94.352478
v 45.316830 51.380367 44.122704
v 44.530567 48.431774 44.028397
v 2.214687 13.775743 97.944756
v 29.213203 60.566532 49.173840
v 60.596241 57.920883 44.043053
v 49.119827 55.696060 44.886765
v 57.708851 50.962814 48.140228
v 31.247063 59.355621 46.810349
v 68.262764 21.043520 67.449142
v 75.038750 20.589104 61.215443
v 26.635006 68.761932 54.270668
v 27.351463 76.499954 49.583752
v 57.990932 25.812649 66.327118
v 13.327294 59.449242 75.777214
v 47.180676 10.117275 82.844612
v 24.876854 75.835640 52.453281
v 19.793526 73.842705 59.027328
v 24.373119 67.258102 57.746113
v 51.090355 62.471016 42.756702
v 67.482780 47.243183 50.346603
v 71.154953 48.339035 47.395901
v 59.078949 19.989412 72.111221
v 53.703915 68.796051 38.247253
v 61.666325 64.786583 37.714443
v 74.938942 49.043465 42.571129
v 74.470993 43.105026 48.835545
v 69.834221 43.067226 52.553024
v 63.093075 46.335693 51.718063
v 66.598213 53.265125 45.795765
v 57.264572 37.947563 54.126987
v 71.878639 55.609806 39.004974
v 66.920021 60.769043 38.121639
v 45.009499 66.877823 42.002911
v 37.962925 65.760048 44.487686
v 42.986099 59.438553 44.041649
v 43.491379 63.257622 43.309772
v 51.252098 10.307045 81.194656
v 39.403278 70.643883 42.854919
v 45.966393 71.471161 39.636341
v 60.395596 66.723221 36.524303
v 57.597355 72.133255 32.254047
v 51.627369 72.354767 36.313881
v 0.000000 7.392544 98.673996
v 23.249928 60.923672 57.482147
v 57.706528 28.584768 63.086700
v 76.039879 43.501446 46.515305
v 63.887562 68.250626 31.187510
v 79.869392 43.702873 39.647263
v 75.940018 50.438351 39.351910
v 68.652283 60.103733 37.154236
v 7.131794 -1.717011 98.449425
v 72.791092 58.975010 32.673145
v 76.275795 46.693012 43.068832
v 74.486015 53.618660 37.709629
v 33.513992 55.129414 44.546566
v 79.806824 39.358162 43.979889
v 75.498795 39.950279 50.162868
v 56.485935 68.988876 36.678501
v 68.541634 62.916412 33.315670
v 77.764267 49.906914 36.475281
v 79.486748 47.866756 35.490925
v 61.632084 68.825378 32.876995
v 63.666409 64.554642 36.478912
v 40.883633 7.371392 86.542542
v 73.092628 23.220230 62.326447
v 76.349945 53.096443 34.903564
v 76.659599 54.502750 32.060043
v 77.076576 38.348660 49.249374
v 65.723442 23.423510 67.694031
v 30.611055 77.946686 45.706429
v 36.797131 77.337997 41.418655
v 68.774742 28.775862 62.817692
v 81.257477 32.617340 46.596115
v 81.452591 37.978828 42.101074
v 10.987717 65.729324 72.805305
v 9.497775 71.683716 67.931122
v 52.499981 73.674950 34.455093
v 48.511795 77.919006 32.586540
v 42.713142 77.424736 37.340538
v 71.345970 57.535603 37.191818
v 65.021324 66.116508 33.037640
v 73.986824 18.078308 63.224636
v 29.239288 73.683731 49.554256
v 69.648247 61.483974 33.918205
v 66.336555 62.303459 36.809792
v 71.991333 11.570255 67.288071
v 66.543808 18.120083 70.023506
v 27.890604 66.220131 52.967953
v 32.822178 67.997887 47.746780
v 22.736303 67.968719 59.658352
v 28.786310 69.828812 51.482384
v 35.876984 75.898483 42.973854
v 17.366644 69.427666 64.932693
v 16.865318 74.904968 60.442085
v 29.209501 77.161194 47.419323
v 33.107296 72.204636 46.651413
v 43.763195 72.609619 40.039406
v 32.549118 76.182907 45.310455
v 2.262178 41.986828 89.833832
v 74.057510 37.695847 53.373013
v 38.949562 75.943970 40.863453
v 37.076767 72.019341 43.866890
v 78.062996 29.723791 53.379238
v 73.320251 31.131603 58.154510
v 55.732800 73.516060 32.091629
v 44.852135 76.347755 36.853539
v 50.638741 76.794441 32.218029
v 40.569229 72.289124 41.763046
v 47.701839 76.622406 34.680538
v 49.536488 73.395355 36.589405
v 74.985344 52.083710 38.912216
v 41.977238 76.043938 38.892143
v 46.710789 72.933777 38.434128
v 8.995855 64.251518 74.887032
v 2.859515 68.073532 72.740051
v 46.265545 46.070358 44.337891
v 79.380287 37.797241 46.029114
v 74.574432 32.448566 56.174145
v 71.274673 32.684174 58.884212
v 72.054161 38.773739 54.352680
v 54.662121 15.346528 76.843925
v 77.921051 34.247383 50.889477
v 74.680054 39.052647 51.773716
v 25.095140 71.574402 55.070713
v 19.974905 78.110939 54.677986
v 25.555679 79.264206 48.842632
v 4.327652 3.940230 98.707901
v 63.016289 40.254951 55.412708
v 61.317688 46.068874 51.485149
v 3.446063 5.782066 98.673180
v 31.699921 85.253151 36.851395
v 82.076050 23.968538 50.019535
v 81.892548 21.452431 51.415081
v 78.649895 22.479679 55.901218
v 21.586447 84.732376 45.307034
v 27.134897 84.451965 41.630829
v 2.422142 52.662121 84.235817
v 52.477715 47.521389 47.139511
v 58.257172 48.427204 49.358456
v 8.682700 80.744560 57.481064
v 9.299726 76.569733 62.605255
v 62.821014 30.098959 63.267578
v 48.672482 50.381527 45.001411
v 68.537735 30.931499 61.512691
v 47.111557 55.410362 44.314468
v 72.864182 8.487888 67.486443
v 68.082428 8.230390 72.256897
v 17.074053 83.533318 49.897964
v 16.563992 79.290451 55.771313
v 20.708855 66.087875 63.059391
v 54.882637 18.700335 73.916664
v 24.342505 65.302170 57.930206
v 9.818911 60.889915 77.040321
v 77.712257 8.194457 61.570309
v 77.441902 5.526462 63.229233
v 71.073044 0.092187 75.428909
v 64.569946 0.736125 78.920959
v 0.000000 77.026451 63.348534
v 0.000000 72.758263 68.195938
v 56.687710 8.803470 79.338264
v 62.742039 8.702203 76.037766
v 65.105690 12.334063 73.147118
v 64.554764 18.755693 70.951218
v 9.705215 21.951672 95.149017
v 0.000000 84.501518 53.013161
v 0.000000 80.943619 58.279171
v 51.400135 0.218003 83.826332
v 58.103306 0.805218 81.474609
v 35.688190 7.029705 88.733284
v 10.030197 84.092354 52.248951
v 16.058840 84.845322 48.534523
v 35.975578 59.858543 44.798950
v 43.365093 57.744999 43.945930
v 55.865803 38.880188 52.323689
v 46.544456 -10.101916 84.378471
v 7.653710 84.349953 52.482086
v 16.983669 86.586769 45.280571
v 40.912640 1.154525 87.859474
v 46.788963 -0.585721 85.469917
v 52.069733 6.541151 82.171623
v 49.692554 1.441914 84.208031
v 37.288528 -0.467478 89.489708
v 34.971115 -5.932602 89.462173
v 67.369247 -10.928553 91.602440
v 51.436165 -14.196778 84.513313
v 40.016621 -13.955612 78.451462
v 54.534184 -12.749245 85.996651
v 76.807411 -2.366889 72.618904
v 31.289059 -11.663264 85.787704
v 44.417698 -11.630095 83.437782
v 30.184097 -12.439346 81.490654
v 21.835909 -12.295782 91.078484
v 42.213127 -13.047522 81.766342
v 48.597439 -12.509940 83.835251
v 35.327057 -11.116984 84.961288
v 79.709602 6.508228 59.320465
v 82.222740 14.543922 53.088631
v 28.273365 -11.395384 88.686943
v 25.103456 -11.942430 89.768562
v 18.248804 -11.682843 93.322609
v 68.687950 -2.836502 80.245705
v 46.391479 -12.432603 83.297035
v 36.611691 -9.317036 86.612877
v 9.588246 -9.073950 96.743492
v 9.222255 -3.231381 98.104591
v 41.540897 -4.650430 86.995544
v 3.745215 61.916782 77.887276
v 58.434105 -11.114123 87.124588
v 50.952633 68.167244 39.781929
v 66.207161 -5.110548 83.454811
v 69.723167 23.334681 65.226776
v 70.672798 18.257145 66.547844
v 58.010166 -6.216905 84.575981
v 20.309929 71.363129 60.520775
v 69.859505 11.887873 69.309593
v 7.728533 70.857719 69.303764
v 76.062378 22.890038 59.150272
v 76.467628 11.375677 62.157940
v 76.663002 18.188152 59.996815
v 42.268017 -10.877319 83.917114
v 12.997479 66.890259 70.682365
v 59.936253 51.803097 47.971581
v 53.158710 -6.199024 84.624611
v 39.935940 -7.776182 86.425438
v 66.834518 38.938843 56.342522
v 73.861320 2.817383 69.906425
v 8.146153 67.828415 72.083679
v 52.364811 -11.069860 85.090790
v 74.822731 12.666394 63.809433
v 22.191782 6.755938 94.368507
v 80.949768 26.620945 50.620251
v 24.271544 7.178381 93.460495
v 61.536865 55.406425 45.601871
v 78.938400 18.016748 57.021042
v 32.271439 -10.122024 87.834282
v 49.706234 64.751282 41.950527
v 6.461642 14.098479 97.468895
v 21.038975 -14.022042 86.882668
v 11.162648 -12.192968 94.672707
v 14.901468 -12.015111 94.010132
v 5.331471 -10.173825 96.700027
v 33.339443 -12.285007 82.431160
v 2.556972 -7.147204 97.949577
v 23.453749 -13.174339 88.504417
v 38.152786 -12.401742 82.015038
v 4.103930 -3.368275 98.555260
v 42.177479 53.486771 43.571327
v 19.971474 75.945610 56.895844
v 3.353266 -5.061229 98.358490
v 16.212534 68.663918 66.681702
v 2.617933 71.479836 69.445190
v 44.839283 -18.348143 75.575584
v 51.112938 -18.608377 83.242935
v 77.459419 -6.710286 81.662041
v 35.259640 -12.342374 75.782982
v 24.186230 -12.055077 78.831444
v 61.298161 -12.750824 90.017197
v 38.917099 -13.817667 74.326454
v 27.878162 -11.647066 78.159737
v 53.802559 -16.575413 86.086403
v 10.594042 -14.812610 91.232910
v 56.158291 -14.708239 87.500687
v 64.897713 -9.460165 88.179291
v 72.865257 -5.250811 81.744331
v 49.230701 -15.601163 82.821396
v 30.495184 -10.554217 88.374252
v 8.393878 -11.410526 95.696922
v 43.494740 -15.594279 78.722610
v 58.387474 -8.215290 85.611076
v 20.028378 80.098129 52.397095
v 18.920149 -13.680872 90.260620
v 28.881559 -12.448181 85.466187
v 46.581070 -7.525794 85.073288
v 75.803993 -9.202696 89.875473
v 81.765106 -4.126511 65.270523
v 77.754990 -4.997142 76.854118
v 80.274742 -4.262743 69.926720
v 78.754066 5.448190 61.274185
v 58.080318 -14.573175 89.020790
v 79.245209 -0.341755 65.236542
v 60.539867 -17.674978 98.484154
v 87.100174 33.422997 33.467896
v 53.153595 -24.058510 85.622528
v 86.121330 24.536854 42.268555
v 85.757324 -10.206283 65.123634
v 82.978592 40.517929 36.286217
v 83.409492 1.204064 54.989174
v 84.609581 12.915532 49.550453
v 84.771942 -9.782924 78.846275
v 47.693981 -19.218935 78.906174
v 85.028702 8.118922 49.904957
v 87.622101 16.070263 42.922516
v 82.726524 -1.151243 58.143501
v 81.400864 3.732680 57.720425
v 83.702759 5.441801 52.939129
v 86.254532 14.504685 46.128117
v 70.951775 -11.072488 94.477936
v 80.496330 -8.736240 85.162109
v 84.205719 24.259817 46.171009
v 82.288017 5.188208 55.535309
v 84.163033 31.931042 41.549377
v 85.431198 28.212576 41.517651
v 82.644302 18.313723 51.324482
v 83.828094 16.308987 49.962765
v 81.657516 -7.431774 77.045868
v 60.536732 -16.181141 93.822067
v 53.459526 -20.195913 85.847969
v 79.669395 -5.011283 73.418190
v 83.312851 23.620277 48.103554
v 39.934540 -12.638154 81.760498
v 82.566376 32.256325 44.450058
v 80.793991 12.796391 55.819016
v 81.921722 1.337844 58.052315
v 83.521042 10.657081 52.013432
v 84.848816 15.864543 48.345078
v 82.582497 -3.241063 60.958767
v 84.277954 -7.052455 61.844593
v 83.544411 8.372194 52.464832
v 75.394394 -5.010851 79.542580
v 81.122864 6.578691 57.037556
v 80.401253 8.461425 57.563568
v 72.416489 63.208313 25.109980
v 62.545132 72.340919 25.510292
v 83.268684 45.447323 29.201584
v 65.827232 68.949867 26.941666
v 81.131401 47.051643 32.652378
v 85.685112 32.874126 37.513752
v 77.425232 51.377892 35.186348
v 81.243019 42.385246 38.191582
v 75.149231 60.066372 24.955208
v 59.525600 74.876389 25.235117
v 83.710800 42.422848 32.228992
v 85.349060 37.158710 34.213188
v 78.262924 54.117554 28.624563
v 53.944130 77.278259 28.195642
v 52.603004 79.946060 24.731256
v 63.315136 74.060036 19.682644
v 73.203003 64.348518 19.683025
v 80.254784 53.084328 24.630180
v 49.163544 81.691666 25.776739
v 81.833122 49.477409 26.807211
v 77.935402 56.255306 25.203230
v 69.225525 66.475037 25.405958
v 55.919495 77.509415 25.182470
v 88.430481 24.395908 37.138180
v 76.554802 58.204441 25.060835
v 57.817921 76.146149 25.228708
v 84.701012 39.756248 32.927238
v 42.887775 84.766144 27.074196
v 38.849602 84.255569 32.190670
v 70.185303 64.230026 28.089745
v 85.430267 34.997650 36.175911
v 37.986431 83.067650 34.696907
v 82.317108 44.927692 32.563988
v 87.057671 19.906820 42.602486
v 87.921188 21.899004 39.796543
v 79.903191 51.925243 28.058859
v 73.576828 60.741879 27.681347
v 60.010132 73.315445 27.588078
v 63.298412 70.236282 28.551540
v 86.972427 -11.846349 69.795593
v 89.343529 13.857387 39.868431
v 88.341866 29.451513 33.728138
v 87.102623 4.863667 46.525135
v 85.688980 -4.936455 52.413307
v 84.256905 -3.223778 55.688290
v 87.991066 13.096907 43.043209
v 85.365074 3.772485 50.194057
v 88.421600 17.262943 40.781879
v 86.139168 10.603834 47.346046
v 86.732727 26.556931 39.754841
v 83.286156 -6.990331 67.914085
v 84.510155 2.534424 52.233227
v 87.001968 31.199442 35.733887
v 80.908401 -1.574178 63.211597
v 85.978157 42.375000 25.568567
v 90.725632 23.401958 31.727318
v 88.530647 34.316181 28.382988
v 89.338814 26.471348 33.387680
v 84.348930 46.250610 24.383205
v 88.961044 31.245829 30.374044
v 74.873779 61.709209 21.674133
v 66.003365 70.788719 22.272270
v 71.112595 65.848976 22.116722
v 84.914711 42.349854 28.981356
v 83.882439 -4.211699 58.043633
v 67.619156 68.716187 23.842455
v 86.948677 35.940868 31.278553
v 86.520294 8.293056 47.075649
v 68.798683 52.216660 45.539684
v 42.092693 86.890656 22.957716
v 53.180149 81.754311 19.123356
v 81.586891 53.262981 19.137613
v 90.309303 32.146149 24.993107
v 34.449352 88.769104 27.686384
v 88.149551 37.938412 24.848646
v 46.477222 83.722160 24.914831
v 31.306011 88.587898 31.271421
v 50.098984 82.674324 22.079613
v 82.581566 50.441795 22.204529
v 61.025051 74.980812 22.284046
v 55.296120 79.280197 22.081465
v 83.405525 48.531803 23.346495
v 79.412521 55.517803 21.938362
v 36.282600 86.504211 30.697708
v 75.895668 61.717682 17.679811
v 77.798584 60.233097 14.029726
v 66.636780 71.740417 17.543903
v 69.236671 70.013542 14.134827
v 91.175919 19.656315 32.796280
v 87.650734 39.357307 24.504314
v 88.503159 36.625378 25.526003
v 40.798817 84.597046 29.721451
v 88.241966 27.331011 35.625389
v 60.551773 77.367393 15.710842
v 31.619368 91.411446 23.592728
v 23.826050 91.182632 31.772541
v 72.002197 66.695763 16.018751
v 39.328827 88.006172 23.752775
v 23.293447 89.406296 36.198071
v 44.570675 85.468025 23.279457
v 27.479578 90.261429 31.045065
v 22.280758 88.717163 38.285172
v 48.217838 83.424797 23.178696
v 18.597704 88.889702 40.279564
v 31.510612 86.804237 34.537296
v 85.536713 22.143702 44.655979
v 81.366699 48.264668 30.199570
v 40.799564 86.626396 25.423244
v 36.903618 88.813049 24.737783
v 0.000000 88.991196 45.027046
v 7.461536 91.275139 39.522652
v 4.973240 90.292282 42.108162
v 15.304665 92.498238 33.899490
v 8.721784 87.489098 46.968071
v 34.246731 87.299835 31.116621
v 95.425240 -24.299883 78.064537
v 50.173164 84.698006 14.932622
v 42.532806 88.051399 18.484686
v 56.470638 80.454086 15.557694
v 19.244705 92.367538 31.968903
v 23.958309 93.017334 26.513899
v 34.801186 90.124573 23.599678
v 40.172585 88.563126 20.802065
v 60.909760 75.997704 19.772089
v 31.443750 90.162003 27.448158
v 10.989998 90.811829 39.665565
v 12.511190 91.893692 36.643665
v 21.375031 90.868614 34.313229
v 15.487794 91.195190 37.023518
v 60.587963 78.477478 9.062515
v 39.319206 90.348946 14.895258
v 79.983002 56.741074 15.844635
v 21.104607 94.887047 22.328566
v 12.712020 94.223976 30.161112
v 46.884445 86.683289 14.390742
v 32.435844 92.458092 18.321173
v 28.431658 92.776436 22.685120
v 4.375363 92.831383 36.280052
v 53.501064 82.741692 14.238732
v 21.103174 93.067604 28.682785
v 74.334671 64.173378 15.624522
v 64.317207 74.514122 14.697719
v 2.528407 89.783577 43.397285
v 16.156090 93.466667 30.749653
v 66.707138 72.596611 13.463458
v 4.207995 91.543526 39.423512
v 9.520329 91.989082 37.364552
v 44.058861 86.486404 21.150291
v 50.153206 83.709419 19.019485
v 71.405708 66.398827 19.527309
v 56.316013 79.560829 19.334118
v 44.786442 87.630844 15.348357
v 25.901882 91.552383 29.128956
v 57.993980 78.745911 18.017862
v 26.231752 93.210342 23.537193
v 24.297058 94.110687 22.233040
v 2.280962 87.479218 47.882065
v 58.107452 79.961891 11.929822
v 42.499020 88.991882 14.184050
v 70.077454 70.049728 8.573879
v 49.942539 85.725891 9.036626
v 29.556158 94.109512 14.511342
v 35.259995 92.013107 15.082160
v 7.605513 95.236153 28.665794
v 4.553401 94.430748 31.817917
v 13.121986 96.070084 23.382542
v 47.742332 86.687576 11.475500
v 29.713497 92.955727 20.308105
v 71.668488 67.932220 11.827647
v 67.839287 71.947754 10.885457
v 52.273750 83.992416 11.550550
v 62.806313 76.357880 11.631634
v 7.645240 92.378319 36.853363
v 33.947025 91.167740 21.320580
v 39.801888 89.374413 18.481428
v 20.936058 93.953041 26.011978
v 12.392318 93.086685 33.624039
v 78.247162 60.580212 9.044607
v 84.401169 50.005230 15.075229
v 57.588848 81.080338 4.562459
v 67.306419 73.077988 4.847561
v 62.872406 76.929688 5.872104
v 38.674061 91.418007 9.014447
v 52.449986 84.459625 5.925340
v 46.564304 87.916489 5.470477
v 11.015402 97.348526 18.716570
v 0.000000 93.546547 34.662247
v 3.515449 96.423294 25.328285
v 21.943895 95.812599 16.860807
v 16.627987 96.015358 21.261044
v 25.253786 95.458397 13.916170
v 2.214263 94.070671 33.116402
v 32.632587 93.062546 14.628785
v 36.647644 91.870735 12.406344
v 75.878807 62.663971 14.078625
v 10.907855 95.535957 26.506369
v 18.841192 96.146759 18.616905
v 57.828072 80.566193 8.945745
v 41.215305 89.927803 12.084971
v 79.707695 56.018677 19.468758
v 52.425491 84.201828 9.161179
v 66.344086 74.112427 -1.149652
v 55.574421 82.589111 -1.407136
v 45.824390 88.446243 -0.475024
v 73.527184 66.732399 4.976314
v 76.630692 63.044060 5.482460
v 18.990849 97.132751 12.147965
v 35.963158 92.869781 4.007897
v 64.385750 75.814194 2.585091
v 41.645813 90.358070 5.657463
v 54.022923 83.616150 2.381071
v 82.425484 53.444168 14.371278
v 28.718029 95.143738 7.891763
v 32.032562 94.268501 5.101648
v 43.615402 89.528160 3.473322
v 70.491692 70.060127 3.283726
v 49.519951 86.316307 4.528548
v 14.042511 96.713860 19.939081
v 39.166992 91.519203 4.837193
v 22.489794 96.292648 12.896365
v 60.515888 78.891579 4.833278
v 4.005552 95.371849 28.970648
v 79.797028 58.054764 11.468101
v 27.351301 95.226601 11.233490
v 86.544495 43.489777 21.362392
v 76.669785 62.110634 12.036938
v 83.389893 50.359661 19.115406
v 67.661690 72.419197 8.531176
v 72.503128 67.441338 9.142554
v 65.005821 75.107010 5.750655
v 54.882637 82.893311 5.724542
v 47.198269 87.289719 8.963612
v 62.919590 76.611542 9.077247
v 44.062309 89.165817 6.157277
v 60.119812 78.779228 -8.954887
v 74.596069 65.635651 -0.888704
v 49.494843 85.886024 -9.449358
v 85.625542 49.330334 8.690193
v 87.960419 42.043644 17.934835
v 81.003593 57.288731 4.177432
v 57.977093 80.726707 -5.076307
v 68.643768 71.731941 -5.229164
v 63.134293 76.688560 -5.263858
v 47.053059 87.549965 -6.194692
v 52.599541 84.346199 -5.436484
v 86.782333 45.477562 15.403129
v 40.755344 90.734146 -5.472787
v 34.593945 93.453033 -0.915670
v 25.936317 96.170692 3.972803
v 76.080864 63.893429 1.977966
v 0.000000 96.618103 24.793510
v 87.615677 40.586590 22.518888
v 19.269512 97.594070 6.671820
v 11.210774 98.456146 11.273935
v 3.946722 98.255257 16.747150
v 7.410679 97.692909 18.670937
v 22.001316 97.142014 4.116939
v 4.348480 97.395538 21.069794
v 11.368116 97.902542 15.218156
v 78.636932 60.516693 4.838347
v 15.158376 97.856461 11.767640
v 5.971260 97.547699 19.919619
v 33.042171 94.014412 2.106750
v 29.035782 95.272377 4.226708
v 80.338531 57.759621 8.720387
v 72.427628 68.088287 0.947587
v 23.466894 94.813889 20.118692
v 63.737617 76.401428 -0.825687
v 53.132698 84.208633 -1.001516
v 68.738388 71.891609 0.802869
v 58.016747 80.892036 -0.332387
v 48.061420 87.230026 2.357451
v 29.561472 93.498962 18.043850
v 69.797462 70.001305 -10.329032
v 82.585312 55.033916 -0.543297
v 89.460762 40.063572 14.635111
v 72.735031 67.565659 -4.285680
v 77.458107 61.982723 -4.697886
v 39.491863 90.863258 -10.418200
v 84.219543 52.091858 6.409570
v 71.271095 68.910339 -6.963407
v 37.082993 92.372292 -4.368363
v 29.167141 94.928719 -8.493299
v 25.933670 96.184158 -3.304401
v 86.398933 47.137325 12.317298
v 88.253479 42.782475 14.452100
v 24.932858 96.518250 0.585831
v 31.876221 94.328659 -4.377221
v 74.790428 65.192780 -5.041756
v 38.064323 91.787498 -7.236744
v 60.497627 78.852585 -4.727370
v 49.755405 86.117645 -4.823000
v 16.248075 98.316650 3.207588
v 65.914871 74.248444 -5.713301
v 55.436855 82.489838 -5.460793
v 44.142307 89.152115 -4.894481
v 34.556690 93.353477 -4.569981
v 87.984673 40.771839 20.625532
v 29.037125 95.266319 -3.960353
v 4.889780 98.950256 11.547922
v 23.271439 96.908684 2.064436
v 11.399918 98.871758 6.202658
v 19.433342 97.722481 3.410070
v 7.701397 98.819725 11.080101
v 83.730034 52.080181 11.443633
v 70.845184 69.573502 -4.408541
v 58.133762 80.104004 -10.297619
v 61.893925 77.140617 -10.657816
v 72.612030 67.846756 -1.309686
v 83.274269 53.780952 4.580306
v 83.168007 54.114674 2.135102
v 68.611519 71.978142 -1.644028
v 47.222225 87.008766 -10.751710
v 51.890789 84.190865 -11.387985
v 53.639709 82.727730 -13.997067
v 83.931694 52.183136 9.081045
v 86.584457 44.673180 18.567627
v 87.674736 45.973251 5.188788
v 89.279526 35.029251 24.929216
v 0.000000 98.521965 15.551468
v 13.357342 98.707825 4.431148
v 76.720291 63.105370 -0.665424
v 48.384655 87.001373 -2.844626
v 42.773895 89.929398 -2.496692
v 80.801292 57.644276 -1.281153
v 79.708687 59.115307 -3.160580
v 18.806908 96.623177 15.994767
v 34.882172 93.102081 7.169683
v 29.671999 94.534492 11.035377
v 77.849632 59.348679 17.186644
v 13.472859 95.121773 26.810900
v 89.854317 8.651793 39.924591
v 91.825333 15.798044 32.858826
v 92.767387 22.314888 25.884178
v 91.040024 13.637281 35.814873
v 92.190445 20.178377 29.429283
v 89.666008 31.426632 28.023159
v 87.581787 -0.252413 46.086864
v 86.968163 -4.165049 48.208241
v 89.022903 5.093445 42.361248
v 90.755363 10.780305 37.344971
v 32.130295 29.492798 45.640804
v 88.779846 11.331732 41.813160
v 84.722656 -1.917348 53.518017
v 74.262390 -51.098553 103.347824
v 95.571648 -38.752762 84.065948
v 54.916183 -27.361805 91.466888
v 86.967087 -11.078602 50.734650
v 87.311134 -14.691828 58.820873
v 86.885468 -13.116307 54.245823
v 90.537361 -16.942524 71.822044
v 50.627182 -22.780479 81.021088
v 41.859970 -15.905291 74.145187
v 87.836800 -14.669452 63.577694
v 88.549294 2.128022 43.704475
v 90.961021 -15.188865 79.379662
v 86.058945 -10.699986 60.356720
v 86.432877 1.975146 48.367737
v 52.564999 -33.172924 79.808029
v 45.537857 -22.313435 68.975662
v 56.517639 -36.748528 95.663681
v 54.274380 -32.221207 86.371826
v 46.819496 -22.307549 73.684486
v 51.382038 -26.118116 107.999550
v 89.070068 -15.838497 67.599068
v 68.343864 -13.318267 103.349541
v 27.277201 34.895576 45.319443
v 33.523506 -12.295160 79.595276
v 71.209236 -47.435070 83.867584
v 56.011024 -40.257431 77.396233
v 47.161758 -29.588499 66.500961
v 50.141705 -33.457146 72.441277
v 40.766117 -15.496791 57.796040
v 90.553207 -30.238922 67.106895
v 87.926422 -21.394073 56.716206
v 43.934467 -20.888676 61.791935
v 24.018913 -7.010652 61.384007
v 36.977966 -11.793413 68.873085
v 23.275244 -9.844471 72.961533
v 13.233523 -15.175381 86.906555
v 33.765766 -9.137690 63.721886
v 31.536917 -8.153902 58.417637
v 17.033066 -14.404424 84.118515
v 82.765671 -47.362213 84.292648
v 6.872318 -15.743798 88.661346
v 20.187288 -13.055627 80.182808
v 31.099728 -11.389848 76.165283
v 63.836128 -45.186577 92.286667
v 3.065187 -12.963259 94.943314
v 14.110748 -13.716768 80.341042
v 50.946316 -27.475613 79.498062
v 55.366692 -33.604588 90.347427
v 43.695633 -18.443590 71.348953
v 37.759106 -12.886254 71.994011
v 48.587002 -22.916075 76.934288
v 33.647991 -10.871027 72.213234
v 92.079811 -23.173159 69.854340
v 26.605310 -10.669765 75.314804
v 21.484215 -11.466428 76.858734
v 46.309658 -36.086948 62.906517
v 63.002316 -44.701015 80.344765
v 41.423622 -30.150789 50.455452
v 52.037025 -36.523293 73.886299
v 26.023884 -18.386497 41.556850
v 12.502380 -9.247129 67.607445
v 45.650921 -25.494066 63.916824
v 18.270824 -7.677334 63.516479
v 43.978870 -26.123352 55.665703
v 93.338203 -34.205654 75.289131
v 30.166134 -10.854498 48.565506
v 13.828406 -11.890144 75.558258
v 4.182191 -14.906093 92.309402
v 3.304764 -15.801823 87.089622
v 20.814688 -8.462357 68.559998
v 0.000000 -13.360282 94.640182
v 36.609238 -11.607980 55.182991
v 10.189353 -12.128716 75.689072
v 6.656447 -11.789314 73.282219
v 1.761421 -14.272238 93.508698
v 3.547464 -15.673850 90.089340
v 10.134864 -15.479876 87.549034
v 50.805103 -32.343925 75.463898
v 48.596333 -31.179672 70.265984
v 48.371002 -34.249702 67.010872
v 55.640251 -38.277782 80.793701
v 43.709648 -19.282366 66.263855
v 47.645485 -27.087059 70.101212
v 54.712860 -35.556564 83.664917
v 40.655731 -14.695969 63.513439
v 26.860689 -7.884992 66.376190
v 41.903328 -39.278351 55.968613
v 30.505955 -35.658707 43.071087
v 35.213840 -37.506023 46.660515
v 14.990721 -33.261395 39.772068
v 8.889030 -11.598891 48.890533
v 4.659348 -14.580691 81.544754
v 0.000000 -15.740800 87.599617
v 3.394797 -10.239428 69.388611
v 13.573896 -8.200914 55.349354
v 49.595512 -34.627441 70.163261
v 1.981064 -15.302829 84.526314
v 4.344147 -12.981079 76.998352
v 9.857876 -10.517503 71.015167
v 40.457935 -18.387629 51.956284
v 21.141197 -7.631245 53.079372
v 15.298649 -10.105316 71.468285
v 52.594749 -29.646275 82.829453
v 42.587841 -22.111055 53.388115
v 45.269779 -20.275839 72.364944
v 25.554171 -8.430511 50.928555
v 38.606480 26.791990 47.525650
v 86.796944 -11.363910 83.631393
v 46.551010 -26.036741 67.327972
v 49.396862 -30.717068 73.064583
v 51.190346 43.006691 47.243244
v 50.848049 -30.189049 77.879616
v 0.000000 -7.375623 97.914368
v 43.582558 -18.828037 68.894066
v 43.406284 25.366581 50.602119
v 52.058170 -21.461847 83.930450
v 40.636086 31.426876 45.244270
v 24.919806 23.211933 58.091682
v 47.278385 -24.738085 71.874023
v 50.643120 -11.521618 84.587013
v 84.875999 -9.147243 69.411217
v 33.472137 -9.809592 68.421059
v 19.970694 29.628178 58.204624
v 35.658363 34.029491 43.183758
v 45.573254 -17.016424 78.610741
v 31.246977 18.895346 59.427704
v 73.649429 12.127453 65.319176
v 26.555523 1.759500 93.663490
v 48.764618 -17.609379 81.455940
v 72.974281 -7.539865 86.134560
v 88.844604 -13.544630 75.091728
v 31.953444 0.899859 91.723984
v 30.978031 37.797855 42.853889
v 70.263283 -8.857361 88.754265
v 85.952988 -10.511659 74.189873
v 70.359406 -1.583322 77.856834
v 55.108299 -27.092083 98.971291
v 50.587231 40.326649 47.570004
v 57.140018 -20.307228 92.755219
v 26.572350 -12.585664 81.197739
v 13.335145 63.671932 72.933250
v 22.732683 -13.382322 82.862038
v 27.185198 -7.371804 92.610779
v 51.288437 38.355278 48.817383
v 27.311255 -9.490901 91.254784
v 37.581604 -13.237951 77.150978
v 17.675995 -14.432059 88.033356
v 10.439509 -28.257385 39.698498
v 5.278544 -16.499609 44.823002
v 44.785072 -25.196512 59.778782
v 31.207819 -25.448133 41.173958
v 46.153496 -30.956015 62.368492
v 11.107867 -8.205496 59.067093
v 4.965674 -9.270857 57.869415
v 0.000000 -10.481411 70.963860
v 43.079632 -33.825836 54.396027
v 13.996399 -18.098471 41.461544
v 20.222044 -29.817991 39.211357
v 24.736998 -38.080303 42.307297
v 28.134420 -30.050856 40.504940
v 6.673916 -9.964076 53.441212
v 34.785187 -12.931659 49.613525
v 27.837990 25.283649 51.951740
v 22.219862 31.515898 52.247345
v 22.725798 22.258226 65.273521
v 54.876762 -23.132246 89.734825
v 28.702225 17.583483 66.151031
v 6.151934 -15.515522 85.132172
v 53.788837 -28.157099 87.007927
v 21.021931 -9.876470 93.716644
v 79.164040 -2.002242 67.825142
v 22.831049 76.854416 53.489517
v 62.717285 58.969891 42.580353
v 55.264072 66.028702 39.736198
v 30.786894 28.010992 47.287109
v 15.385713 98.491768 -0.847214
v 2.918292 99.316124 8.508805
v 47.147907 -64.066841 57.042416
v 64.068214 -49.464062 63.854588
v 45.600590 -57.462097 61.912296
v 57.262486 -47.834900 67.038666
v 57.318611 -59.286049 54.129360
v 61.089600 -53.797649 57.699867
v 51.378368 -46.699207 65.831276
v 53.835560 -58.776329 57.208839
v 57.073395 -43.932014 71.906418
v 48.040031 -51.220310 63.496067
v 40.634590 -67.931587 57.857407
v 47.858311 -42.136223 64.994209
v 38.614132 -57.236115 63.783714
v 49.275665 -67.665710 52.305912
v 37.668007 -73.302055 54.265381
v 29.863846 -65.717201 64.451775
v 43.671860 -40.468777 59.933460
v 35.336689 -52.657192 63.231617
v 73.963722 -46.807873 72.655739
v 34.817440 -67.365814 61.341564
v 28.308672 -53.952278 63.526550
v 29.729408 -76.035507 55.320770
v 33.880585 -61.707684 64.601295
v 37.124004 -76.978752 50.621475
v 37.896206 -47.452847 59.255352
v 19.203951 -72.520615 62.476261
v 18.725294 -62.275669 68.585464
v 24.913534 -63.878338 66.809769
v 25.313370 -69.289108 63.557076
v 24.052082 -80.826256 52.456215
v 24.399021 -51.194866 59.331871
v 19.375393 -81.632607 53.114540
v 16.894491 -52.253456 60.393978
v 9.468642 -68.547997 67.510994
v 8.820142 -58.224201 69.032372
v 23.824883 -57.783100 66.841911
v 9.935978 -78.177238 58.628712
v 13.544253 -60.128540 69.294945
v 0.000000 -73.460938 64.007126
v 59.352253 -50.462677 63.500820
v 24.772400 -74.402069 58.960064
v 0.000000 -64.171295 70.248306
v 14.465219 -75.351234 60.765774
v 50.097507 -58.353237 59.607868
v 56.688038 -55.916992 58.212574
v 54.141350 -44.717415 68.489075
v 47.376961 -46.513264 64.304626
v 0.000000 -57.052193 68.044533
v 0.000000 -82.476013 54.881840
v 43.879036 -53.431198 63.236713
v 45.315525 -67.931931 54.912632
v 12.722736 -49.309258 55.110229
v 14.039174 -65.711128 68.499207
v 14.288932 -70.592148 65.251511
v 28.076712 -46.787369 51.834122
v 6.435229 -50.744537 56.840076
v 12.694001 -55.193069 65.840881
v 35.902290 -70.406219 58.176743
v 45.352726 -41.270294 62.330376
v 14.989448 -80.285309 55.569439
v 34.272083 -64.540604 63.375160
v 33.903751 -58.030956 64.929047
v 33.629353 -50.483669 60.570133
v 0.000000 -45.825790 49.479679
v 33.000866 -77.391457 52.362450
v 6.252116 -80.878250 56.255466
v 4.777255 -71.159729 65.926369
v 4.140070 -57.096428 68.264610
v 4.668516 -66.341591 69.252235
v 4.851893 -75.859924 61.510036
v 4.556848 -61.647751 70.430664
v 25.014704 -66.691101 65.480873
v 3.133053 -48.653217 53.349781
v 24.206530 -60.926388 67.455582
v 41.537006 -43.845974 59.566692
v 24.948030 -71.869377 61.406898
v 67.767952 -46.832218 74.822243
v 14.865142 -43.530647 45.949615
v 3.428239 -53.799595 62.988117
v 59.784622 -44.054817 75.429344
v 23.734789 -54.605339 64.656052
v 24.524834 -77.217125 56.108406
v 21.942400 -49.694527 55.463066
v 2.230870 -28.640022 41.101067
v 13.130013 -57.432983 68.082703
v 13.941495 -63.051819 69.333061
v 14.520798 -72.984200 63.080498
v 14.580407 -77.771454 58.263489
v 14.259239 -68.146767 67.090919
v 12.251410 -52.598560 62.122242
v 15.796535 -84.065887 51.485210
v 9.501872 -47.333382 51.489777
v 37.843082 -41.062031 52.146099
v 4.793682 -73.461693 63.864697
v 4.756466 -78.616173 58.705074
v 4.740943 -68.754990 67.784515
v 4.618014 -64.053680 70.150688
v 4.392099 -59.174362 69.798691
v 31.819311 -42.579769 49.026608
v 3.734240 -55.397770 65.964584
v 2.927070 -51.709579 58.756332
v 2.985035 -40.917419 45.031078
v 63.516384 -45.634182 76.144814
v 36.866074 -45.276596 55.498127
v 48.252567 -38.415600 65.828995
v 7.428055 -22.703568 41.098679
v 17.481583 -38.691883 42.358040
v 2.152126 -9.301438 61.804447
v 34.078800 -43.743698 51.863865
v 25.682955 -43.578262 46.757233
v 54.536659 -40.338326 73.747894
v 42.630550 -63.541859 60.039124
v 51.158756 -61.793625 56.306805
v 49.968311 -65.072411 54.221714
v 41.294994 -60.007668 62.485653
v 49.564819 -54.794044 62.035034
v 60.441349 -46.933018 69.310478
v 54.879417 -49.788429 64.760437
v 60.807339 -48.720005 66.237823
v 58.025204 -52.931004 60.779327
v 57.185448 -45.906876 69.224991
v 46.476131 -60.840725 59.754173
v 50.593670 -42.620872 67.190292
v 51.389126 -50.382866 64.076157
v 54.256653 -61.258186 54.547348
v 53.237366 -56.466057 59.534950
v 54.399906 -47.301376 66.669823
v 42.132252 -56.681274 63.080055
v 49.197910 -44.440414 65.587151
v 2.650510 -14.141303 47.794502
v 11.752788 -38.746307 42.130203
v 53.430035 -41.350563 70.711395
v 60.700684 -45.556026 72.626183
v 44.854019 -49.590485 63.399891
v 47.876919 -66.288612 54.637318
v 50.734787 -52.464859 62.938686
v 49.576382 -48.653992 64.553368
v 41.672115 -70.907372 54.398651
v 38.415665 -65.932693 60.663204
v 49.253151 -40.335136 66.875168
v 45.822079 -44.106747 63.420029
v 46.871017 -54.305809 62.750546
v 44.021709 -65.831955 57.581760
v 39.726002 -52.800735 63.450089
v 37.372646 -60.798222 63.637741
v 47.056725 -39.470703 63.912102
v 37.513699 -67.884705 59.618378
v 32.296459 -72.906212 57.457813
v 30.082605 -68.515465 62.472733
v 29.482492 -62.831219 65.772194
v 44.626495 -36.338539 59.249798
v 43.236153 -42.900497 61.216999
v 35.994568 -59.457863 64.330742
v 31.461485 -55.455742 64.896080
v 39.056171 -49.299061 62.207973
v 39.001316 -70.675140 56.233803
v 31.964201 -63.729118 64.634071
v 32.664967 -69.780663 60.321392
v 36.470058 -65.248466 62.031006
v 36.488914 -50.033516 61.371098
v 29.420345 -50.612484 59.883129
v 27.421425 -56.888020 65.828812
v 39.622955 -43.808559 57.003864
v 28.461422 -73.818375 58.188580
v 36.369213 -55.212727 64.119690
v 32.331963 -66.561195 62.994358
v 31.596067 -60.477306 65.540451
v 35.929176 -62.631889 63.573112
v 33.820953 -74.753235 54.787613
v 31.916382 -53.004383 62.760757
v 34.648476 -48.050491 57.770325
v 40.502083 -46.903748 60.786179
v 20.597946 -40.748074 43.702927
v 21.099285 -74.714912 59.802345
v 21.264732 -69.818962 64.324615
v 20.081495 -58.718029 67.855942
v 21.026814 -64.627655 67.536514
v 27.697718 -67.545967 64.070358
v 21.737598 -59.994400 67.892990
v 22.569395 -65.760735 66.664742
v 26.868221 -61.870235 66.736481
v 27.425289 -64.825134 65.715759
v 22.618124 -73.355438 60.714771
v 22.752731 -68.340630 65.045998
v 27.527231 -70.286240 61.960964
v 26.946583 -75.345093 57.190739
v 21.102562 -79.301842 55.041264
v 25.837669 -55.797894 65.382118
v 20.435993 -53.151989 63.156174
v 27.905794 -49.066723 56.405704
v 18.610973 -79.555252 55.472698
v 25.463140 -49.393154 55.204548
v 17.465225 -49.545666 55.469353
v 16.381025 -54.094723 63.966118
v 53.492645 -36.857841 77.846275
v 9.539421 -70.942497 65.676147
v 9.363718 -66.132141 68.943375
v 8.655450 -55.519348 66.621727
v 9.093972 -60.987251 70.013618
v 13.010003 -10.380976 48.632465
v 25.889606 -52.590260 62.149597
v 22.219215 -63.021057 67.719276
v 44.961929 -38.453415 61.160698
v 21.148073 -56.445297 66.514160
v 26.122837 -58.731483 66.752373
v 10.050454 -81.540192 55.140091
v 9.752021 -75.614853 61.272915
v 27.790445 -79.005959 52.988567
v 22.774555 -70.846703 63.025265
v 0.000000 -71.156410 66.063820
v 0.000000 -75.731552 61.789516
v 22.379082 -75.879524 58.216816
v 27.007753 -72.861099 59.725140
v 0.000000 -66.451675 69.328056
v 0.000000 -62.003246 70.565559
v 50.588753 -35.709534 71.487587
v 42.494724 -15.961917 76.725029
v 0.000000 -58.446529 69.368317
v 0.000000 -55.421120 65.684067
v 9.597933 -51.320877 59.231091
v 16.089527 -47.116528 51.060436
v 4.949687 -28.030062 40.647118
v 6.494397 -45.787788 49.542034
v 6.726000 -52.632210 60.714764
v 56.913826 -42.273979 75.055794
v 40.765755 -36.120110 52.229347
v 64.554047 -45.256752 87.088219
v 0.000000 -32.882526 41.385525
v 0.000000 -51.279175 57.596546
v 6.218284 -9.489423 66.910385
v 69.348297 -46.976425 79.625748
v 30.311478 6.932758 90.982948
v 42.453331 -50.339012 63.164776
v 52.217869 -41.713657 68.896034
v 20.587263 -51.697060 59.125217
v 14.314212 -50.973663 58.521999
v 32.621502 -71.144661 59.060951
v 18.269087 -65.098671 67.969398
v 17.470085 -59.434795 68.503723
v 7.831958 -13.681910 78.430946
v 18.523609 -70.167053 64.731514
v 51.700272 -55.767998 60.720963
v 32.472225 -49.120640 58.417324
v 18.452934 -75.007118 60.222698
v 17.110302 -13.131834 79.604935
v 10.238794 -54.244385 64.722481
v 23.450850 -47.363064 51.166992
v 13.706907 1.668137 97.448601
v 9.471079 5.508819 97.996422
v 5.013554 -83.180550 53.977455
v 12.496844 -82.985420 53.255482
v 7.583260 -82.517410 54.425785
v 2.888270 -80.307556 57.054695
v 3.535604 -81.694595 55.595047
v 12.842072 -86.567520 49.524757
v 5.474212 -87.570274 49.513474
v 3.159007 -85.393730 51.866161
v 26.051809 -84.098083 48.323250
v 4.409772 -90.950493 46.327320
v 9.238368 -88.183960 48.499355
v 21.760954 -83.754349 50.206734
v 27.446508 -81.347069 50.644623
v 30.301643 -78.189926 52.792290
v 19.036022 -83.911926 50.864628
v 15.430233 -89.263184 46.306969
v 15.812490 -86.509468 48.985119
v 12.543005 -84.544441 51.622467
v 5.660832 -85.130379 51.934662
v 24.384525 -88.242828 44.687679
v 35.341301 -82.100739 46.089859
v 30.673841 -83.697128 46.751026
v 43.459431 -76.096230 47.638344
v 40.432281 -74.797874 51.027382
v 47.083115 -70.545593 51.042133
v 34.223267 -79.664223 49.305973
v 40.832367 -72.938507 52.786335
v 44.419853 -70.560196 52.949211
v 48.808739 -61.211121 58.230927
v 70.176987 -47.526283 66.609238
v 56.508133 -64.716545 49.166344
v 52.514103 -67.322975 50.064281
v 47.182823 -73.057343 48.280380
v 50.395290 -69.839653 49.252132
v 55.753479 -62.270473 52.278877
v 70.024689 -47.181805 71.153793
v 65.619965 -48.019901 67.465385
v 63.718128 -51.335674 59.739677
v 66.897629 -50.980312 56.752014
v 70.056625 -48.224091 61.433781
v 64.090355 -52.539585 57.067215
v 59.671036 -56.438499 55.403908
v 61.510082 -57.654903 51.991169
v 61.687740 -55.465851 54.830383
v 51.229172 -66.063087 52.305332
v 22.628263 -85.968887 47.652699
v 43.998280 -60.466393 61.135284
v 70.399254 -50.181911 51.970676
v 82.416664 -41.727936 65.923172
v 58.528744 -67.382240 44.493408
v 46.113960 -78.355743 43.225384
v 66.001335 -56.841011 47.605839
v 68.145889 -53.483543 49.410717
v 37.899590 -85.057747 41.460907
v 75.385094 -45.777157 65.516426
v 60.064060 -61.504745 49.043941
v 70.593117 -48.831055 56.350388
v 54.601265 -68.631546 46.961258
v 47.858109 -75.022530 45.625977
v 28.395605 -86.701241 44.673294
v 39.357777 -79.196663 46.915264
v 79.752205 -45.957886 75.664162
v 49.151257 -71.423027 48.575069
v 57.733738 -61.563148 51.254288
v 42.618168 -78.808731 45.219795
v 40.165924 -76.764244 49.045570
v 81.487549 -43.987286 70.927109
v 77.699951 -45.329041 69.221970
v 72.836784 -46.832600 69.046654
v 36.507282 -79.543533 48.192432
v 73.970947 -47.199604 77.289658
v 67.445168 -48.500687 64.495697
v 100.053513 -34.371407 107.704369
v 86.189445 -36.250172 63.311245
v 74.285988 -46.080494 60.998749
v 63.367970 -59.226376 47.984535
v 72.692024 -47.225399 58.113819
v 80.268509 -41.128544 57.750053
v 77.307930 -44.036434 59.413574
v 59.719158 -64.402061 46.399044
v 38.412712 -82.040466 44.416862
v 52.349136 -69.523758 47.992008
v 90.246361 -41.405655 78.739830
v 67.833145 -51.793324 53.248798
v 99.512314 -25.673729 89.325279
v 64.834106 -55.818047 50.618000
v 63.936314 -57.369251 49.572002
v 32.656643 -81.527237 48.113564
v 28.739168 -82.361153 49.043655
v 66.837463 -49.735100 60.510662
v 6.953304 -89.851555 47.190277
v 2.414343 -89.362991 47.869213
v 0.000000 -91.342491 46.012672
v 20.078108 -89.587051 44.765869
v 11.897779 -89.178223 47.118919
v 2.764607 -87.268875 49.968613
v 2.257130 -10.666081 53.941921
v 68.483849 -58.899353 41.801498
v 74.666222 -47.310936 48.382050
v 81.113342 -38.970348 51.262455
v 88.559303 -27.364536 60.544128
v 83.510178 -37.905224 59.369904
v 71.897820 -50.653427 47.551319
v 73.158890 -47.590466 52.845966
v 89.332260 -36.100002 69.558159
v 86.142921 -39.047359 67.667854
v 86.833069 -31.737020 59.015675
v 0.000000 -9.475989 60.139301
v 77.681664 -43.684166 48.890930
v 82.589943 -37.510376 54.907078
v 75.541725 -45.617474 51.685875
v 78.665207 -42.259190 53.523266
v 26.472755 17.493103 72.941223
v 90.603966 -25.451448 65.568581
v 88.330383 -31.778427 62.976261
v 85.426880 -34.674747 58.890308
v 17.516001 -7.472379 56.013069
v 79.148712 -43.246822 62.671921
v 94.855583 -18.630522 84.472687
v 56.529503 -51.625587 62.733376
v 26.117596 -92.116791 40.138130
v 13.241799 -93.350395 42.797890
v 7.798890 -95.149239 41.993385
v 4.981943 -93.319069 44.013294
v 22.235041 -91.414970 42.257542
v 17.548204 -92.307709 42.790485
v 33.292389 -85.733391 43.335522
v 1.887779 -92.074593 45.290539
v 2.791115 -92.960106 44.440231
v 27.443298 -89.038078 42.685928
v 4.456823 -44.472282 47.990700
v 12.496967 -90.800682 45.406475
v 21.557686 -87.530846 46.399754
v 6.376261 -91.320190 45.790195
v 1.593794 -37.082058 42.785580
v 1.378293 -19.978392 43.453228
v 10.536852 -43.596088 46.380871
v 44.856049 -83.753006 38.169476
v 53.001770 -76.897934 39.121292
v 41.431667 -85.632393 38.555954
v 56.058971 -72.534058 41.183746
v 50.228092 -75.768982 42.841557
v 63.884773 -66.369492 39.520550
v 69.219414 -55.378929 44.962318
v 55.855934 -70.163734 44.101494
v 65.687782 -59.310905 45.050358
v 2.078191 -12.336039 75.749962
v 66.355873 -63.008133 40.147724
v 70.534386 -53.017826 46.169640
v 65.985161 -60.903877 42.896370
v 76.577919 -48.557964 41.016510
v 82.931412 -35.794563 47.502880
v 60.526276 -69.327835 40.142414
v 77.846870 -44.837986 44.250778
v 80.454865 -40.133347 46.939640
v 87.289421 -26.105862 55.332691
v 61.844177 -65.898811 42.484642
v 86.903198 -29.456467 56.702354
v 74.350159 -49.199356 44.940636
v 83.151024 -35.750523 51.588501
v 60.750828 -65.161156 44.506500
v 67.330261 -57.603134 44.854687
v 9.593233 -49.999607 55.584137
v 4.216456 -34.865524 41.687328
v 73.757980 -55.270241 38.045868
v 86.017235 -27.739885 47.615883
v 86.838959 -24.720703 50.929958
v 87.482315 -17.732985 54.683838
v 79.202240 -42.388264 45.576839
v 87.348625 -22.500517 53.237896
v 71.068085 -55.867928 41.560276
v 86.845039 -12.590348 61.934097
v 63.855782 -64.481682 41.696064
v 88.476791 -18.644159 60.762909
v 87.850258 -18.144369 57.708618
v 88.839302 -22.872578 60.461777
v 86.172989 -28.472809 52.146530
v 37.712074 17.295452 61.806416
v 13.930211 -8.058387 62.041901
v 81.909164 -40.696198 61.696545
v 2.676015 -45.144043 48.960049
v 80.989960 -44.584221 36.431889
v 76.635368 -51.550327 37.264748
v 87.132805 -24.240608 43.347115
v 83.941917 -35.887348 39.950352
v 71.088501 -59.532539 37.432602
v 66.777290 -66.328796 35.830517
v 84.767082 -32.343990 43.241821
v 87.330055 -14.773044 50.029846
v 86.940498 -23.529232 47.537880
v 82.323784 -37.753704 43.493633
v 79.287987 -44.773598 40.263863
v 87.306076 -16.356445 52.195015
v 84.721962 -31.865618 48.506798
v 83.451508 -35.365616 43.632313
v 87.477776 -20.396849 53.551392
v 74.965652 -51.972080 39.784088
v 75.913353 -47.144203 45.033207
v 88.194237 -24.481804 58.235252
v 57.811863 -69.855309 42.482899
v 48.576984 -80.745171 38.638302
v 58.558575 -75.916862 34.709698
v 59.431969 -72.641273 37.533981
v 49.546364 -77.856865 41.053997
v 71.087967 -57.444324 39.747883
v 52.841946 -74.303482 42.239262
v 44.777481 -81.500824 40.706051
v 58.718731 -79.129654 30.849993
v 35.258984 -90.896202 36.913101
v 38.961113 -88.546989 37.120403
v 55.183590 -79.153152 34.501606
v 63.640137 -69.113213 36.695721
v 51.868271 -80.397247 36.236465
v 48.013271 -84.827141 34.641655
v 34.811825 -87.758682 40.384377
v 36.781719 -87.986671 39.015057
v 42.715851 -83.249489 40.269661
v 40.853458 -83.878471 40.844765
v 68.390213 -68.576599 30.870939
v 69.266586 -62.953281 36.272587
v 61.706814 -70.887146 37.006855
v 30.802553 -86.303825 43.977779
v 76.253098 -57.440750 31.383232
v 82.799782 -40.099571 37.491837
v 79.013000 -48.571350 36.046562
v 77.084007 -53.708321 34.046604
v 73.818161 -58.117004 34.810459
v 78.963036 -46.622608 38.437012
v 86.150444 -28.322666 43.117828
v 33.506130 -29.891521 42.554783
v 17.439877 -23.143105 39.480598
v 20.324125 -18.844131 40.736500
v 87.048370 -32.214527 34.473137
v 87.949799 -19.504585 43.265320
v 88.341782 -25.654379 36.514904
v 87.871277 -15.443770 45.823471
v 87.030380 -7.901529 48.988201
v 88.726967 -16.151133 41.609165
v 87.553864 -12.244439 47.829277
v 87.132195 -26.496458 40.303780
v 86.243629 -8.383864 52.579575
v 85.472412 -32.790031 38.828896
v 87.365784 -21.207289 46.012901
v 87.586067 -18.979811 46.150032
v 82.458290 -38.694725 40.729855
v 83.525520 -45.536682 29.858559
v 89.846184 -13.426339 38.904827
v 88.606674 -28.540115 33.314087
v 85.237465 -36.574821 34.992577
v 83.680542 -42.216866 32.907097
v 88.245537 -4.840657 44.769733
v 88.395905 -21.876957 39.486851
v 81.322647 -47.029697 33.069283
v 78.226509 -51.116440 34.811771
v 87.426987 -10.242666 48.082027
v 88.841469 -18.572329 39.955311
v 87.639145 -6.587103 46.667332
v 37.714630 -28.859692 45.367664
v 88.790741 -13.154427 42.445148
v 13.021611 -46.947334 50.348019
v 20.589804 -6.979841 58.316566
v 35.399914 -75.621338 53.025013
v 59.094315 -60.022961 51.654011
v 90.350822 -23.284128 32.348293
v 89.936958 -8.755311 39.894691
v 89.692886 -4.239256 41.086052
v 91.302345 -14.746339 34.157341
v 84.469116 -39.461021 33.928780
v 88.895691 -1.678316 43.098427
v 82.371429 -44.830040 33.116417
v 89.448257 -16.588350 38.886971
v 85.394295 -34.324535 37.085186
v 89.235840 -11.291346 41.426754
v 87.616257 -28.998709 35.798393
v 89.033897 -33.017654 28.424332
v 89.431953 -26.259567 32.838795
v 88.771614 -30.401779 31.368650
v 87.048088 -35.427273 31.504938
v 91.102890 -5.080928 37.342834
v 89.402916 -22.086542 35.883640
v 87.692581 -24.580927 39.892685
v 27.382843 -7.127217 55.920052
v 75.249199 -56.153263 34.606796
v 86.440125 -11.618517 57.469093
v 86.408554 -10.155437 53.635841
v 74.675507 -63.519028 26.848505
v 80.711739 -54.185040 26.352013
v 86.851212 -41.947224 25.580648
v 82.631004 -49.585609 27.469116
v 93.223969 -12.173066 29.517273
v 88.417999 -37.548801 25.902323
v 91.249405 -19.008095 32.271206
v 92.357834 -24.297396 25.612698
v 92.387543 -2.935785 34.093052
v 65.544579 -69.562698 33.714249
v 69.646744 -65.163666 33.139992
v 78.906853 -54.056824 30.266754
v 91.165840 -10.673569 36.033180
v 88.793610 0.253430 43.298374
v 85.169434 -42.436615 29.277182
v 91.155815 -8.042764 36.715431
v 34.343025 21.377516 53.848846
v 90.199738 -20.778269 34.361771
v 90.138870 -15.914672 37.064541
v 80.863365 -42.690147 39.189938
v 21.574966 21.899609 72.351105
v 37.715591 -11.795255 64.309715
v 24.810308 -26.485655 39.639263
v 8.753151 -8.892179 55.987236
v 30.120016 -8.305265 65.696152
v 29.409966 21.800079 55.396915
v 18.624268 28.108061 65.420692
v 0.000000 -12.526557 77.017204
v 20.236351 -47.971508 52.405922
v 30.900059 -15.554577 44.422569
v 18.076258 -9.274497 69.815018
v 29.489586 -40.994740 46.035385
v 10.034938 -18.565643 42.155510
v 22.141119 -10.629014 47.010258
v 0.000000 -23.111578 42.179695
v 23.665756 -8.145511 67.496994
v 38.832466 -36.317730 49.453022
v 7.484950 -30.667849 40.373756
v 4.712231 -11.616009 50.850174
v 8.372730 -44.452576 47.842854
v 11.544729 -13.290085 78.798096
v 2.776815 -20.035669 43.148724
v 0.000000 -40.757767 44.808868
v 14.086220 -25.494038 39.280254
v 10.648130 -8.897095 54.259373
v 37.421120 -11.440457 60.288372
v 25.981009 -12.146544 45.709938
v 6.266702 -12.080165 49.356796
v 0.848705 -10.266348 55.814068
v 14.780888 -38.931721 42.172173
v 3.943064 -22.926125 41.764896
v 8.043112 -16.532290 43.968899
v 22.761854 -42.105171 44.983418
v 48.376438 -88.267570 30.534689
v 30.708839 -93.375565 36.791080
v 24.053741 -97.748215 35.458675
v 43.828426 -86.840790 35.612934
v 20.060902 -92.120087 42.275829
v 64.099678 -76.794212 27.023067
v 66.747520 -72.765503 28.216045
v 57.023861 -84.241478 26.866287
v 71.779152 -67.062408 27.461334
v 46.557976 -92.539795 27.504759
v 52.642529 -86.585655 28.725412
v 37.535149 -94.669769 31.755627
v 45.534248 -88.138474 33.026466
v 41.496754 -87.967911 36.042648
v 3.529272 -11.029579 52.567028
v 50.198910 -82.230904 35.670174
v 65.680428 -71.322067 31.433584
v 4.516121 -9.183975 63.895100
v 9.112680 -34.761417 40.878304
v 5.860867 -13.343997 77.597466
v 38.441681 -91.249672 34.659199
v 0.000000 -48.936230 53.659698
v 61.536411 -76.198586 30.995028
v 17.163651 -17.861393 41.342438
v 55.939362 -81.838806 30.733068
v 50.329773 -85.640945 31.792320
v 21.664589 -7.662032 65.325562
v 67.742325 -78.023293 20.508005
v 76.629684 -66.146294 19.724819
v 67.825737 -74.944405 24.063202
v 78.026566 -58.950153 26.139519
v 60.930676 -80.835464 26.327230
v 73.833702 -67.363670 23.539833
v 69.923737 -70.352348 26.391277
v 78.491989 -56.165199 28.596655
v 75.466248 -60.452381 29.197214
v 63.911453 -74.315948 30.205790
v 64.784164 -72.793983 30.877985
v 54.467014 -83.938805 29.836031
v 71.036079 -65.475830 30.615934
v 72.560692 -64.560555 29.257528
v 83.204330 -55.133839 19.042486
v 59.278011 -87.252953 21.091320
v 27.122524 -95.727226 36.156231
v 85.226456 -46.066727 25.173473
v 33.598652 -94.795334 33.928936
v 1.564575 -51.455223 58.072647
v 0.000000 -9.520125 65.744255
v 22.403719 -23.489807 39.558815
v 30.933325 -30.396767 41.444145
v 15.768634 -7.604281 59.303291
v 43.736031 -35.133575 56.868149
v 21.873045 -14.498319 43.313663
v 15.816451 -8.849927 51.135345
v 61.256172 -78.247421 28.902899
v 38.599327 -23.694931 46.747742
v 11.945240 -10.752927 72.388115
v 6.407126 -48.288872 52.843178
v 34.954258 -9.661399 59.403461
v 18.239563 -42.022316 44.969604
v 28.584665 -7.475787 62.413521
v 27.625368 -39.905380 44.308411
v 81.745522 -62.339527 12.759095
v 91.581711 -31.506212 22.096027
v 75.182579 -71.283318 15.906327
v 88.793190 -43.080242 18.551924
v 90.213737 -34.744381 23.364819
v 83.531288 -51.624535 22.830729
v 80.878792 -56.700211 22.816908
v 87.047455 -44.319942 22.343754
v 60.123322 -83.903435 23.833197
v 84.451378 -48.835369 23.934519
v 69.040253 -72.495827 25.193741
v 77.063995 -62.795116 23.252686
v 64.607628 -79.499168 23.275702
v 85.219421 -44.014008 27.488081
v 71.375435 -76.006264 17.097927
v 86.249130 -51.820774 14.861790
v 82.994797 -58.385979 15.049449
v 92.462540 -27.683115 22.614565
v 92.119255 -20.941044 28.621208
v 88.966087 -39.896416 21.794174
v 92.586395 -16.152218 29.780457
v 69.643578 -75.228180 20.968832
v 91.339691 -24.012024 28.964834
v 90.943504 -29.985447 25.544081
v 0.000000 -10.773425 54.434517
v 37.866318 -15.381532 50.602734
v 82.112633 -54.367184 22.864222
v 42.456268 -17.463818 64.332855
v 35.025867 -24.812241 43.314140
v 74.284752 -69.202919 20.400372
v 75.563797 -64.966759 23.369915
v 71.777885 -69.177338 24.852533
v 28.242233 -13.887160 44.705784
v 43.190205 -20.619240 57.355793
v 27.796850 -24.439877 40.276745
v 0.818761 -25.998537 41.474567
v 84.845970 -51.671196 19.269379
v 35.212200 -44.449879 53.703739
v 33.054482 -14.140613 46.824184
v 38.308914 -33.345932 47.333118
v 11.438705 -33.965271 40.207413
v 66.078728 -77.346046 23.729383
v 11.395689 -14.127118 44.815250
v 58.117676 -81.510399 28.769297
v 19.223108 -50.748707 57.662071
v 31.843191 -39.377151 46.028393
v 31.520920 -45.127663 52.084576
v 34.874229 -33.283081 44.240856
v 94.110542 -20.996490 21.901470
v 92.687431 -31.927259 17.681871
v 89.654739 -37.305706 22.521332
v 92.430389 -18.379513 29.132723
v 90.999725 -40.148506 14.237593
v 88.369507 -46.889015 14.765616
v 92.621788 1.461573 33.621258
v 91.314262 4.905177 36.962009
v 93.896812 -7.631679 28.757658
v 93.425369 -3.927311 30.972090
v 93.494400 -24.565611 21.493345
v 90.123741 4.840663 39.830631
v 92.745155 -29.383451 20.054497
v 90.473305 -32.338493 24.869976
v 18.450195 -47.449860 51.717598
v 43.665752 -30.276171 54.478653
v 20.640585 -36.316345 40.969246
v 24.597345 -32.337467 40.145409
v 56.603951 -74.943428 37.878551
v 55.815266 -76.744690 36.610699
v 15.850871 -12.571205 77.718117
v 81.919037 -48.190350 30.578905
v 92.217506 -11.053661 32.933342
v 87.939667 -42.311356 22.135458
v 8.202308 -9.938169 68.433983
v 16.663275 -28.060793 39.061649
v 91.389984 -1.197322 36.931503
v 40.916584 -23.790655 49.753059
v 47.052532 -32.675831 64.596046
v 44.760559 -21.996229 65.207199
v 36.956871 -23.914404 44.916828
v 32.858765 -9.783377 52.899601
v 45.239632 -28.087706 60.451443
v 42.535290 -25.636961 52.109959
v 44.722805 38.621510 45.042316
v 18.212502 -8.669475 50.721882
v 42.248737 -17.341612 61.434219
v 31.217476 -20.059797 42.253746
v 6.130880 -33.907627 41.136894
v 20.101217 -23.786060 39.356373
v 38.174011 42.157574 42.760338
v 24.016907 -7.037793 55.727535
v 18.307295 -34.762062 40.371666
v 39.151047 -14.976023 53.812035
v 27.011776 -34.241531 41.216793
v 23.461082 27.072739 54.711430
v 31.621185 -8.952852 67.321785
v 30.074314 -8.457309 53.554455
v 42.073978 -18.922010 55.068001
v 44.087662 -23.118422 58.586597
v 19.622375 -9.384978 48.908215
v 13.935431 -13.310402 44.775486
v 27.846184 -7.160290 59.611988
v 1.399646 -9.679699 67.024086
v 11.549746 -22.528162 40.255123
v 2.650969 -35.672710 42.172382
v 5.216567 -22.315149 41.689445
v 7.187371 -8.890415 57.578697
v 11.966947 -45.509167 48.499626
v 11.455265 -9.505624 51.769215
v 9.766024 -9.467337 67.544235
v 39.067471 -20.464230 48.414459
v 23.926945 -13.726982 44.048523
v 13.388894 -10.485987 71.812897
v 88.081566 -51.154587 9.077904
v 94.633446 -28.976551 12.180009
v 92.444954 -39.464924 8.592781
v 93.091934 12.130270 30.490721
v 96.273575 -20.315220 12.526661
v 92.532364 -35.442806 14.083121
v 95.743599 -12.622526 20.297190
v 94.202354 7.726159 28.125000
v 95.466896 -28.518774 7.862192
v 95.312134 -3.477451 24.775433
v 93.292809 5.498299 31.452089
v 95.242050 3.825464 25.092249
v 95.146149 -21.302044 17.414753
v 95.604935 0.001376 23.855152
v 95.005028 -16.904833 21.048962
v 94.436699 -12.883105 25.240376
v 95.434586 -24.960752 12.559885
v 96.355125 4.517592 20.275522
v 96.341591 -4.529078 20.343178
v 89.714378 -43.902985 14.101579
v 96.463280 -8.158998 18.839827
v 97.263908 -3.366704 15.842010
v 84.501320 -55.718071 14.544906
v 97.057510 -12.453749 13.812428
v 96.895164 -16.193211 12.341859
v 88.349922 -48.807499 11.960333
v 93.610809 -32.079781 13.436638
v 94.183823 3.933563 28.821383
v 94.264885 12.302665 26.476387
v 95.969933 2.055292 22.314793
v 94.785782 -14.896544 23.016151
v 96.026352 -2.049135 22.041483
v 95.301292 -23.207581 15.015515
v 92.583359 -37.281826 11.259399
v 96.880630 -5.952946 17.429491
v 95.132813 -18.950508 19.206032
v 93.195396 -1.403125 31.912790
v 35.950363 -11.923631 72.168419
v 9.491876 -14.991022 44.741104
v 94.265945 -10.219993 26.840462
v 96.668900 -10.670429 16.878744
v 22.575499 -34.253960 40.343384
v 32.538692 -12.125149 78.229462
v 92.076233 12.705801 33.331387
v 92.399063 5.246956 34.057579
v 33.482414 -22.174702 42.816265
v 44.710590 -27.736832 58.543903
v 15.828516 -8.823407 67.656250
v 35.264988 -41.037762 49.650406
v 28.841270 -43.717625 48.270367
v 14.555712 -53.547993 63.094345
v 39.315445 -42.468143 55.029518
v 20.667709 -55.116428 65.436188
v 25.646481 -8.674653 69.671791
v 89.987381 -39.997406 18.356390
v 79.238564 -65.136765 15.304208
v 20.096319 -9.611765 71.737968
v 93.125839 -20.888975 25.458612
v 91.369759 -33.850887 20.498093
v 94.376259 -4.174641 27.917957
v 94.265137 -23.386478 19.504894
v 93.820045 -29.846062 15.156524
v 92.930763 -9.690743 31.230961
v 87.660378 -36.283630 29.148750
v 1.161110 -41.324951 45.310051
v 4.118541 -11.788069 73.994156
v 23.615601 -52.823185 62.387966
v 6.040586 -8.944112 62.972923
v 15.124522 -6.427817 96.654984
v 0.000000 -17.743443 44.911419
v 11.503993 -8.378728 63.002174
v 9.756719 -22.915977 40.580460
v 15.854418 -14.767600 87.585083
v 91.373711 1.494216 36.982464
v 80.596733 -52.098595 29.056467
v 94.753098 -5.843558 26.325148
v 40.994038 -49.653778 62.787148
v 93.368301 -28.209501 72.472740
v 36.004604 18.998594 57.700153
v 2.762514 -13.575005 79.178581
v 13.543849 -14.743800 83.682213
v 91.526062 -27.501865 25.828119
v 83.815742 -39.191502 62.976891
v 91.062088 8.396186 37.080814
v 20.281891 -13.948163 83.488609
v 73.253769 -48.761322 90.611252
v 92.670685 -19.612038 74.691414
v 97.089546 -31.043104 81.191238
v 85.449600 -30.212202 50.568161
v 90.575890 -2.512900 38.958385
v 72.473038 -46.947361 63.757984
v 28.317516 -8.337839 52.138481
v 89.022606 -6.919627 42.676952
v 68.646477 -49.377243 58.786331
v 58.127876 -40.725449 82.684593
v 59.834354 -43.895580 101.400536
v 90.844765 -46.887428 94.189148
v 93.244583 8.623969 31.027939
v 92.379402 17.764858 30.268799
v 92.924751 15.441992 29.688034
v 94.992531 13.879808 22.851082
v 96.005867 12.327164 18.966154
v 96.518997 8.306220 18.295788
v 97.252266 3.162640 15.688576
v 81.544746 -13.208074 108.103485
v 85.000122 -44.414524 77.400909
v 94.145042 20.798168 21.637482
v 94.687477 17.355768 21.994797
v 97.111351 -19.105494 8.011724
v 97.737648 -9.578815 10.841786
v 95.380409 15.317081 20.194370
v 96.674438 12.486583 15.103318
v 97.327789 -0.137444 15.625427
v 97.778183 4.168588 11.933182
v 97.843567 -4.849074 11.806177
v 97.850288 -7.146658 11.036781
v 96.897316 5.918193 17.090961
v 97.043884 -17.481972 10.191439
v 96.665703 10.238309 16.573240
v 95.512032 -26.664080 10.110300
v 93.869499 19.390154 23.960176
v 93.507462 14.300055 28.287682
v 86.365700 17.660732 44.899498
v 90.000015 21.648167 34.866402
v 96.436470 -12.988440 16.907135
v 87.473976 -13.124426 66.520103
v 61.656967 -10.021061 87.613998
v 79.791893 -10.046838 92.032181
v 91.829536 -32.340271 70.962608
v 64.703079 -13.439114 94.578140
v 90.725868 -19.639252 68.307632
v 95.615440 -18.376364 100.824211
v 59.354488 -41.067703 91.397636
v 76.591484 -47.406094 80.329605
v 39.823509 -26.657738 47.855137
v 83.775711 -7.055736 65.098328
v 79.089684 -44.065044 66.204292
v 88.841690 -34.009476 66.311317
v 89.708679 -38.902012 73.890213
v 82.600426 -32.541874 134.025955
v 39.240234 -13.253313 66.366936
v 76.514954 -45.718311 46.638741
v 9.821928 -13.525781 79.117714
v 13.083942 -13.506764 92.762688
v 90.619270 -14.119226 84.472404
v 75.662071 -11.143762 98.071938
v 66.095894 -45.956154 82.811531
v 59.162598 -42.557484 79.058472
v 22.419498 -6.928600 57.131374
v 61.268257 -43.234406 84.416603
v 83.935188 -33.990822 50.429283
v 84.089088 -5.626922 59.320972
v 12.222642 -51.011665 58.846336
v 34.972218 -72.826241 56.216194
v 81.316994 -8.084043 80.880859
v 57.922489 -19.775084 103.338043
v 68.808891 -61.133713 38.922741
v 56.499935 -23.205334 96.275513
v 31.009336 -8.080738 62.615700
v 90.645187 -44.202744 84.927170
v 81.447792 -11.996072 101.942993
v 24.740002 -48.454945 53.400555
v 84.164848 -35.729748 56.716969
v 71.180542 -47.157047 75.681374
v 93.696007 -23.816465 73.770744
v 30.817764 -52.026577 61.697258
v 84.131798 -41.654503 69.167915
v 55.234413 -31.215870 94.007095
v 76.695412 -7.879969 85.644005
v 29.127502 -22.006407 40.997105
v 45.400208 -33.624249 60.657925
v 54.126797 -34.455051 102.314270
v 80.626053 -40.029434 54.367096
v 77.924477 -45.935028 72.755135
v 76.807991 -44.242802 52.505974
v 99.365891 -37.983913 93.254662
v 67.516121 -47.457340 69.737518
v 80.718590 -49.606903 92.974701
v 95.974640 -18.433580 91.185890
v 83.291100 -10.243427 88.595917
v 97.315926 -24.717148 82.900665
v 49.815182 -25.192631 78.014259
v 95.178032 -29.551168 76.605499
v 69.253059 -47.398842 88.426987
v 74.962006 -46.274590 69.110100
v 60.840454 -51.905220 60.757240
v 66.183258 -13.577686 97.649605
v 92.025566 -27.037802 69.254677
v 62.804394 -48.239147 67.096748
v 75.739723 -48.081497 84.747192
v 15.116345 -8.390624 65.280716
v 87.935310 -12.203803 79.324722
v 62.051208 -50.801197 61.969765
v 93.813988 -19.218880 79.242043
v 68.749115 -12.663347 114.363304
v 94.766380 -36.436024 79.898354
v 88.255760 -48.280048 109.987625
v 89.538849 -24.144695 62.644531
v 58.771488 -15.951148 90.812920
v 69.592926 -5.380533 83.147591
v 89.094604 -17.726738 64.470016
v 71.811951 -9.720458 90.986618
v 67.284393 -47.975788 96.625229
v 52.617271 -39.117256 71.869804
v 52.184475 -34.764019 76.716866
v 93.525024 -14.689340 27.530785
v 93.647240 2.631001 30.623470
v 59.300045 -46.892612 111.804573
v 83.468132 -9.485634 82.793541
v 86.410172 -29.269762 54.554649
v 89.627075 -28.695843 64.102119
v 77.946587 -43.210415 56.662121
v 91.159019 -16.463446 75.626862
v 88.761688 -14.157884 71.312050
v 76.534401 -46.648186 75.090904
v 36.688633 -33.379040 45.638214
v 84.732948 -39.121212 64.944405
v 56.999268 -37.543301 91.258629
v 83.011024 -44.379139 74.560730
v 87.678848 -36.355640 66.657776
v 42.691555 -18.490269 59.559185
v 38.468044 -18.160177 49.023239
v 21.853065 -7.729795 94.502228
v 59.748711 -41.975956 95.164642
v 59.813278 -41.680195 87.791801
v 87.645981 -44.500885 81.220139
v 63.605724 -12.937597 92.248192
v 52.020630 -26.295845 82.645081
v 55.496483 -35.282791 87.305984
v 34.274574 -55.316395 64.410881
v 41.135929 -55.030937 63.403004
v 73.941231 -1.358462 74.588509
v 99.039917 -33.584778 87.104683
v 91.876945 -20.645306 113.756378
v 87.782509 -13.362531 100.527908
v 86.527817 -47.561169 89.052567
v 65.963356 -46.147766 78.207420
v 65.451820 -7.174452 85.693649
v 70.364220 -12.140924 98.578819
v 81.144600 -46.531796 79.528732
v 87.904961 -38.938000 70.803642
v 101.388733 -28.971457 97.771278
v 35.587624 -10.471948 66.338715
v 67.085251 15.512613 70.590988
v 93.208336 -15.916340 88.532677
v 64.121811 -15.104577 101.125610
v 77.795227 -48.786285 88.321526
v 63.751629 -4.237056 82.977074
v 83.847481 -50.162560 99.756226
v 80.868111 -10.939215 96.217415
v 80.278870 -43.813061 67.997894
v 54.596275 -30.443449 89.352959
v 87.843803 -41.975410 76.038040
v 39.285358 -13.186266 61.445564
v 60.789925 -15.907852 108.105759
v 54.044216 -26.645588 103.154480
v 36.851192 -39.036636 49.296284
v 74.103226 -49.785999 95.278320
v 74.834518 -10.380684 94.105461
v 73.040657 -47.445679 80.702225
v 79.448868 -41.269203 50.152107
v 79.565315 -9.294330 88.685303
v 78.116951 -1.997880 69.799179
v 90.917717 -22.317114 67.015617
v 86.841309 -11.617662 88.069366
v 74.424362 -50.863628 115.697563
v 57.678219 -21.027046 99.673569
v 75.463181 -2.901595 75.360176
v 80.573166 -6.200778 75.051079
v 57.546024 -39.754765 98.344734
v 54.620213 -38.853287 105.149048
v 96.551254 -43.300259 100.769783
v 94.807686 -42.596256 89.258560
v 93.356522 -35.440483 119.820488
v 61.744972 -43.422310 89.803619
v 92.275314 -37.911366 77.001694
v 92.262848 -15.106833 96.660805
v 99.057106 -22.316792 95.194450
v 74.059662 -12.452861 106.959549
v 43.988857 -22.104479 118.037819
v 65.222992 -48.323368 103.289909
v 97.371597 -21.593269 87.169777
v 89.135071 -13.080755 81.720581
v 91.276215 -35.672802 72.743225
v 92.711998 -16.470613 82.512695
v 91.815063 -20.123484 71.359238
v 55.073376 -32.497223 97.973045
v 92.619347 -41.231991 82.269913
v 58.493748 -19.548046 95.813904
v 54.328835 -21.503296 87.593971
v 95.792999 -21.615789 81.662636
v 98.735184 -28.758410 85.097687
v 55.318745 -27.379515 95.347153
v 67.491592 -47.285820 92.499031
v 96.729919 -27.581356 80.079842
v 95.429497 -33.093975 78.539772
v 76.167831 -11.815886 102.483788
v 83.776924 -8.733588 75.740166
v 62.488037 -44.885159 96.208313
v 81.078911 -15.285894 118.470009
v 49.597000 -19.537256 81.104317
v 56.353073 -38.275414 83.552017
v 62.079781 -45.594776 74.031998
v 60.359192 -42.887966 81.578133
v 94.584900 -26.470987 75.232788
v 72.514038 -48.907455 50.176319
v 93.520966 -31.132736 73.738121
v 76.547127 -44.841835 62.148533
v 68.991310 -50.400730 54.525101
v 85.396156 -29.962420 45.576500
v 79.547501 -6.782297 79.185646
v 67.522743 -12.228565 94.889290
v 67.798447 -9.162127 88.655457
v 64.318260 -11.503579 90.554039
v 67.826202 -46.620689 84.975639
v 70.756531 -47.079594 73.618095
v 100.719604 -31.590000 91.814461
v 54.945114 -30.670952 91.316681
v 89.763733 -15.595685 105.917625
v 100.775383 -36.326931 99.940910
v 99.061089 -24.671150 105.693253
v 77.095032 -46.884552 77.288322
v 84.442787 -45.929352 81.027023
v 84.649551 -11.964606 98.252769
v 86.789169 -46.332355 85.080513
v 90.331093 -47.920853 100.717110
v 85.450981 -48.903458 93.524208
v 82.108994 -48.563515 88.666695
v 79.165337 -47.637119 82.849129
v 83.743263 -10.923677 92.594460
v 97.113510 -34.762321 83.144287
v 80.206429 -51.188522 106.673172
v 78.241936 -50.479267 97.401497
v 90.886208 -45.651905 89.300499
v 72.870316 -48.118015 87.065414
v 66.077194 -46.054615 80.243607
v 61.578911 -49.707569 126.054283
v 92.249268 -17.555784 77.177147
v 63.711632 -44.802231 83.656746
v 97.674957 -38.456924 88.424652
v 61.738979 -16.332586 104.315781
v 91.966331 -14.723549 92.678459
v 56.526756 -16.125158 112.470360
v 84.632484 -45.856445 121.494415
v 70.724083 -12.317592 125.114204
v 50.033440 -37.250942 110.697968
v 68.337616 -50.306595 108.356522
v 95.811951 -43.227295 94.060745
v 74.151855 -47.672733 82.443848
v 67.876572 -13.360251 108.113991
v 59.018681 -41.135422 85.380280
v 90.372719 -42.945042 81.770836
v 87.734436 -43.166588 78.303772
v 53.532776 -32.687305 83.271500
v 83.873978 -10.006619 85.340538
v 94.058495 -21.707960 76.392159
v 28.650267 -10.740950 75.263702
v 89.831871 -13.329264 88.426956
v 24.821808 -12.953689 82.054237
v 87.982605 -23.495167 123.328957
v 53.958416 -38.488331 75.740944
v 63.673458 -46.558212 99.543022
v 95.868462 -41.831390 110.215149
v 90.237404 -33.211254 68.482948
v 23.296865 -6.656822 94.342659
v 86.683624 -33.683781 60.975620
v 58.079391 -17.684587 91.634865
v 54.630623 -22.469244 105.944359
v 63.038544 -15.200397 96.649017
v 54.233688 -25.720356 88.474037
v 76.235497 -12.891725 112.033020
v 55.788380 -23.885977 92.856247
v 95.475838 -18.460093 87.821175
v 61.233246 -43.148743 92.626701
v 55.882137 -34.612415 93.334511
v 97.392342 -28.442430 112.829529
v 51.727436 -30.174471 79.969086
v 84.971741 -13.177701 104.153069
v 75.824120 5.750386 65.331902
v 66.286949 -46.369755 90.153038
v 59.526062 -45.103004 105.683159
v 70.028931 -49.650055 99.598694
v 92.010170 -29.459873 69.900536
v 85.753708 -15.582108 111.884392
v 94.635056 -19.385900 106.831863
v 52.402813 -30.343800 105.309807
v 99.435799 -23.143782 99.884415
v 77.121857 -49.488518 92.034393
v 70.382271 -48.638672 93.849190
v 56.858608 -40.383450 101.857109
v 79.078506 -11.361669 99.559975
v 72.625000 -12.039095 101.373161
v 98.388573 -21.887848 91.286476
v 79.217690 -48.148788 85.365616
v 100.690971 -26.996586 93.616951
v 98.485390 -25.172197 86.080894
v 93.785622 -41.960125 85.667587
v 77.729897 -10.423712 94.713539
v 101.299286 -31.154842 103.203209
v 92.924103 -16.187679 84.983437
v 91.650818 -15.387518 101.163605
v 81.801880 -50.210236 113.065132
v 91.201965 -44.069481 115.673698
v 75.869576 -48.339031 125.053932
v 93.137939 -45.899803 105.714073
v 101.123894 -33.910275 95.814697
v 85.770714 -49.873569 104.077049
v 86.944870 -11.436565 76.873558
v 98.418015 -40.761986 96.948273
v 88.156219 -34.771530 126.723717
v 96.058083 -18.248962 95.945885
v 55.905567 -23.482422 101.326431
v 88.637711 -13.135445 96.815117
v 78.635475 -12.321860 105.533386
v 54.196903 -30.230848 101.051910
v 74.895882 -48.490509 87.652100
v 58.009594 -39.378971 93.856270
v 73.395058 -10.048136 92.386543
v 67.179550 -49.044373 62.621574
v 87.706139 -48.760540 97.086830
v 79.264778 -51.038956 101.889938
v 50.888905 -43.387115 116.211403
v 63.491722 -15.296483 98.549828
v 85.220352 -9.685458 71.552765
v 99.978020 -29.587879 88.867821
v 93.571762 -45.724041 97.506561
v 97.614883 -28.094835 82.214996
v 74.327995 -51.405811 108.179756
v 96.485062 -21.584810 83.994621
v 93.227371 -44.929260 92.145386
v 61.004528 -23.003138 148.788879
v 99.058327 -39.249332 104.961533
v 99.706055 -35.427921 90.652527
v 71.106438 -6.354638 84.270851
v 98.143280 -32.155582 84.035011
v 84.761665 -11.547535 95.098625
v 81.671455 -18.437420 126.451523
v 86.766678 -18.213669 117.160767
v 66.028877 -50.041294 115.078285
v 93.161240 -26.098032 117.949577
v 72.350792 -12.381066 104.066360
v 97.556000 -35.534561 113.222176
v 73.837036 -12.855497 116.819237
v 97.293800 -40.757954 91.706078
v 63.050434 -47.864681 107.141510
v 83.792412 -48.783157 91.056267
v 60.878983 -12.572598 118.070381
v 85.526329 -11.271051 90.529816
v 96.313240 -22.875668 109.656174
v 92.936394 -39.289055 79.891724
v 69.444176 -50.140076 103.724602
v 93.296051 -17.277241 104.187325
v 97.498543 -21.119135 103.409966
v 90.921577 -17.719780 109.741638
v 50.926613 -33.761288 107.885208
v 88.456940 -47.547451 91.927162
v 100.228966 -30.077982 107.356346
v 94.074478 -38.960537 81.473808
v 82.303856 -45.405582 76.850952
v 80.536537 -48.310242 86.669724
v 81.118095 -13.992118 112.566925
v 101.536301 -32.445976 99.714989
v 56.160999 -18.625227 108.846619
v 77.420616 -12.664270 108.774506
v 100.533783 -25.398563 97.174812
v 97.534851 -36.513508 85.712463
v 82.389404 -50.012432 96.419304
v 63.327534 -47.541851 68.923248
v 85.876877 -14.410910 107.861580
v 47.011829 -20.675325 76.246262
v 78.609558 -46.766556 78.150284
v 48.686852 -29.141821 72.026909
v 86.603661 -47.752247 115.026749
v 89.616684 -41.046886 121.585281
v 83.749474 -41.469337 128.079620
v 77.545036 -49.948502 94.415741
v 89.758705 -18.522276 66.119682
v 88.834663 -46.001621 86.986984
v 65.188858 -46.489700 94.794693
v 71.706764 -12.730309 110.548012
v 55.897671 -43.471371 109.236633
v 73.932289 -50.498199 99.360329
v 67.254356 -13.493187 100.203339
v 95.549683 -40.510323 86.693329
v 95.175545 -39.566349 114.781471
v 90.985779 -29.675957 122.848587
v 70.188927 -50.332649 120.281219
v 77.931549 -51.285633 110.778999
v 85.640648 -25.955137 128.771881
v 92.337875 -45.394333 110.565948
v 49.798542 -23.698742 111.133789
v 100.785011 -26.864626 101.710075
v 59.940960 -42.976826 98.335701
v 60.667519 -17.516985 101.694969
v 97.748329 -20.377579 98.469124
v 93.534264 -45.957176 101.819565
v 64.667267 -13.692461 111.173393
v 100.738594 -35.417130 103.926651
v 90.882896 -14.001074 90.592514
v 94.177750 -16.429459 93.617805
v 94.927155 -24.396669 113.820808
v 64.675896 -14.571575 106.107269
v 96.013077 -31.503370 116.138527
v 96.433899 -42.899227 105.423592
v 100.431435 -34.850201 92.895752
v 89.516434 -48.275505 105.163307
v 92.645302 -21.658186 72.366318
v 73.135353 -44.043167 136.069046
v 100.409599 -28.403009 90.853302
v 84.864204 -12.544959 101.244499
v 92.882912 -25.550592 71.281837
v 92.622551 -43.670689 87.163696
v 61.355621 -44.270252 77.762070
v 87.703850 -12.517620 72.583466
v 66.376518 -0.806269 79.253380
v 76.935768 -14.149739 122.256660
v 90.200310 -21.881216 118.029236
v 85.270691 -10.756177 86.408470
v 90.281471 -13.769973 94.815804
v 79.242523 -49.350315 119.191811
v 56.194687 -36.303257 88.993629
v 72.959435 -11.139234 96.317062
v 81.522041 -11.492699 98.976357
v 68.629303 -46.798531 82.895744
v 84.069214 -50.241436 108.484367
v 72.969627 -47.282013 55.869942
v 85.460670 -46.127136 82.872459
v 97.049141 -21.861610 106.451736
v 99.185120 -39.834648 101.008461
v 84.311081 -18.230249 121.124146
v 101.262428 -30.283630 94.814590
v 98.482185 -38.013424 109.214035
v 100.142906 -37.614212 96.852829
v 82.488327 -50.733734 103.551071
v 99.019821 -32.043682 110.809982
v 87.196884 -49.281696 100.772598
v 93.455620 -45.317173 94.516777
v 76.915268 -18.148916 133.423126
v 98.614815 -26.715923 109.286156
v 99.586174 -24.107948 92.290405
v 96.312752 -43.348518 97.355698
v 97.867744 -40.781403 93.939598
v 93.697952 -20.362959 110.458160
v 88.507065 -17.746675 113.509438
v 97.513687 -20.107349 93.324814
v 66.767387 -48.457821 100.074005
v 88.654846 -12.584636 86.196732
v 93.952927 -16.319201 91.578285
v 92.528694 -40.248524 118.377151
v 71.511017 -50.984215 106.448669
v 100.505592 -27.952335 104.923935
v 91.724419 -36.723980 74.667374
v 43.744705 -42.708099 124.798286
v 52.841465 -27.053659 84.537132
v 58.077747 -11.228617 125.596336
v 83.736107 -15.707828 115.483681
v 70.690369 -49.268517 96.628181
v 67.336876 -47.142246 71.799164
v 90.626801 -47.517712 97.453758
v 55.712582 -36.315582 99.113884
v 94.009827 -16.619757 98.742195
v 57.146767 -40.450336 80.007179
v 86.460350 -41.701862 124.760239
v 88.087624 -44.941715 118.783028
v 90.816841 -34.873749 123.340370
v 93.743965 -42.708202 113.458458
v 96.931747 -38.902786 112.032715
v 93.575050 -30.606979 119.539932
v 95.440147 -35.675785 116.740540
v 90.582870 -25.303633 121.140343
v 100.825417 -32.758247 105.534584
v 100.705956 -26.009594 99.215820
v 97.726433 -20.705120 100.720108
v 88.233063 -28.008732 126.086273
v 90.870651 -47.155605 107.813232
v 85.044685 -49.334419 112.177856
v 97.693825 -31.838205 113.415001
v 84.595009 -47.543758 86.736641
v 92.216980 -17.378057 106.694603
v 96.171516 -33.899597 80.599632
v 70.943939 -51.000751 111.581100
v 95.373100 -27.787119 115.774643
v 88.161530 -15.905252 109.314499
v 62.129185 -46.364227 102.995911
v 70.151566 -48.119930 91.378799
v 89.563004 -46.531288 113.425659
v 79.686378 -42.328350 131.777908
v 81.961845 -22.975996 132.151047
v 83.021622 -48.635567 117.334488
v 97.647179 -40.587685 107.550354
v 94.581741 -44.153984 108.011642
v 100.084076 -37.862007 102.429543
v 64.145752 -49.058220 110.798668
v 80.411194 -47.011864 123.961533
v 84.903664 -34.579361 131.013351
v 59.616043 -48.561188 117.631676
v 84.888268 -49.549477 96.665924
v 99.416954 -23.887613 102.733299
v 77.094078 -51.412197 105.496101
v 57.253109 -42.190620 104.139893
v 70.672836 -12.796577 106.026581
v 79.408394 -49.200649 90.526390
v 58.170319 -20.371174 97.641129
v 101.290833 -33.877274 101.644882
v 57.935337 -42.322571 76.710938
v 97.914665 -41.499222 103.125809
v 73.124527 -12.725719 113.692413
v 95.011505 -44.635143 103.374977
v 81.020134 -50.528179 98.880501
v 88.163757 -48.116051 94.132668
v 95.337250 -18.887947 103.784935
v 101.467484 -29.904947 100.519569
v 85.013054 -20.997932 125.026054
v 72.728432 -8.805807 88.935234
v 74.832314 -50.027779 120.076065
v 94.256363 -21.956781 111.972153
v 44.878830 -30.792559 114.394737
v 67.799355 -12.006886 118.630653
v 54.053108 -35.908722 80.488434
v 58.697250 -47.428413 137.881500
v 53.111050 -43.208855 112.766693
v 50.779129 -17.687317 115.369484
v 61.601383 -13.562881 114.023491
v 78.054703 -13.582082 115.606728
v 78.150986 -50.622395 115.116730
v 67.628708 -12.860640 132.959488
v 87.482948 -20.674728 120.583138
v 92.592491 -23.113846 116.000061
v 89.363441 -19.539856 115.734871
v 81.642159 -12.597202 104.954178
v 83.600189 -14.216524 110.139763
v 94.254707 -37.871941 117.527527
v 53.485233 -30.439169 102.973053
v 55.480179 -22.995317 103.464233
v 57.888344 -39.537487 95.790764
v 75.016724 -6.817706 83.813019
v 52.928528 -26.351583 105.581375
v 96.932808 -25.488276 111.485397
v 98.990593 -35.047760 110.334503
v 88.384308 -14.237242 103.395859
v 88.930870 -38.207237 124.490677
v 91.507370 -37.991356 121.323936
v 80.819511 -16.185122 122.502296
v 76.863853 -31.180895 140.470505
v 71.170769 -49.003929 126.952759
v 43.927250 -36.028522 117.154388
v 53.939266 -13.301458 120.404968
v 64.334152 -49.908058 119.171043
v 90.417885 -42.683426 118.798569
v 89.475571 -31.702257 125.304672
v 53.016331 -20.240076 110.363594
v 92.311172 -32.708790 121.552856
v 49.789314 -30.183214 109.033234
v 93.242714 -41.811607 115.615532
v 57.720432 -18.797998 106.351913
v 76.765266 -15.054815 126.781548
v 71.349426 -3.147820 79.285034
v 83.545975 -44.317360 125.142143
v 72.341705 -12.536146 120.689354
v 76.524994 -50.904961 100.508339
v 55.100990 -29.567390 96.602623
v 79.006882 -13.118443 110.445854
v 70.299591 -50.777184 115.829475
v 83.983345 -16.710823 118.075211
v 98.979851 -29.271421 110.148193
v 52.784122 -34.870327 105.556984
v 59.216969 -19.014341 100.811333
v 40.831085 -18.157354 128.137955
v 85.934868 -37.519848 128.510941
v 54.391289 -47.746788 121.867760
v 16.483217 -10.250536 94.889885
v 62.497654 -47.076015 104.776810
v 56.283890 -42.204224 106.307549
v 47.921558 -30.385452 111.136848
v 56.330502 -46.219704 114.569649
v 64.453354 -14.287686 108.389679
v 77.643768 -48.869423 122.078041
v 84.021301 -27.777145 131.951141
v 83.231400 -50.610836 105.666229
v 56.219315 -23.711407 99.134613
v 87.316490 -43.523285 121.783989
v 64.829987 -11.530231 121.489815
v 61.896194 -48.766235 114.393929
v 77.403526 -13.805581 118.888664
v 85.557350 -46.985634 118.240379
v 52.979794 -39.382004 108.396645
v 68.175392 -13.052522 111.129044
v 59.489857 -17.628792 105.537926
v 68.776077 -39.364101 143.763611
v 79.964706 -26.938145 136.847046
v 82.760147 -39.018085 131.278229
v 52.033066 -19.088427 112.557045
v 74.441521 -51.266018 112.176880
v 55.793434 -37.837402 100.854683
v 87.064011 -31.626545 128.537949
v 78.559631 -37.994793 136.672623
v 80.512627 -44.522190 128.103867
v 86.639381 -24.295050 126.132416
v 79.557777 -18.264074 129.843704
v 81.026672 -50.896351 109.778648
v 86.986473 -49.311008 106.873596
v 61.832127 -43.901802 94.106117
v 59.815109 -46.273808 108.692390
v 46.800751 -23.162249 114.405067
v 88.905800 -45.977390 115.770561
v 66.332893 -49.356647 106.099297
v 64.692238 -14.774613 103.736809
v 54.481907 -48.697067 127.814125
v 40.921482 -39.135277 143.838715
v 74.468536 -46.031631 131.886154
v 67.633141 -50.307713 111.841942
v 64.828255 -12.539806 116.210548
v 94.653740 -28.955353 117.443016
v 72.388199 -18.943237 139.313354
v 77.344757 -51.452347 107.816795
v 71.287498 -51.051395 108.649956
v 89.573151 -26.501558 123.412399
v 47.268005 -38.001595 114.643448
v 83.802925 -22.248005 128.652420
v 61.507359 -44.666615 98.824112
v 60.436474 -15.007632 111.269722
v 81.796204 -47.905357 120.583694
v 55.521160 -14.587730 116.366371
v 71.985123 -50.482613 101.464211
v 66.597260 -48.590107 131.645706
v 66.757446 -50.116966 122.854042
v 58.433071 -16.318047 110.160973
v 72.463219 -49.709152 123.165977
v 52.538609 -40.844879 110.497574
v 47.238693 -14.770743 124.111771
v 57.174530 -11.580448 134.625351
v 39.319164 -31.034891 121.243744
v 50.947239 -30.094515 107.554260
v 54.550735 -46.560158 117.809296
v 72.330940 -50.617817 117.977829
v 53.257660 -21.986843 108.427124
v 67.846970 -49.233559 101.633942
v 55.624897 -33.816406 95.339729
v 50.089855 -40.578514 113.455757
v 80.647934 -49.774830 116.285660
v 61.585011 -47.595131 109.663666
v 73.356201 -14.045552 129.428879
v 65.650841 -11.307465 126.060989
v 56.032131 -45.024868 112.133484
v 91.679375 -47.136806 103.406288
v 70.745911 -12.365699 117.603264
v 58.321213 -39.816612 89.214203
v 76.659309 -50.342091 117.511070
v 55.208660 -37.965622 102.591431
v 26.332613 -10.608127 90.756683
v 61.816387 -43.473495 87.278389
v 47.513973 -43.925022 121.274590
v 59.196224 -49.175106 121.756882
v 79.193718 -15.959333 125.031265
v 75.002983 -38.377033 139.778564
v 63.043530 -49.420498 116.544868
v 74.197563 -13.312866 124.274223
v 57.917091 -39.672226 148.037704
v 81.130898 -37.773228 133.957275
v 55.577877 -25.497438 94.046822
v 71.062325 -12.774085 107.925163
v 92.156326 -27.913589 120.501976
v 82.983421 -18.327261 123.813362
v 68.736595 -12.215908 96.384293
v 41.939125 -29.181326 117.774628
v 58.606537 -11.886176 121.518967
v 66.542473 -45.840050 138.064697
v 94.766731 -33.361862 118.121330
v 88.235428 -48.937580 102.647217
v 86.271980 -20.787792 122.644821
v 67.559242 -50.367023 118.164253
v 58.680424 -14.025098 115.166847
v 65.453407 -49.221722 108.087975
v 84.148491 -49.102818 114.426071
v 36.464489 -33.494213 127.601952
v 84.463791 -38.228477 129.850967
v 70.808998 -47.779968 131.160110
v 60.239738 -49.290489 130.774887
v 71.364548 -27.696718 144.839279
v 74.797363 -12.622079 109.651810
v 77.322701 -45.926571 129.125473
v 87.189789 -38.458618 126.428810
v 66.509644 -49.640694 127.072372
v 76.207657 -21.863903 138.224045
v 50.965424 -47.107769 124.784248
v 49.306786 -47.184139 133.480469
v 45.599537 -17.040218 143.226028
v 82.150955 -27.464930 134.339294
v 82.055145 -44.520054 126.429367
v 65.076302 -14.873186 139.644623
v 76.992157 -42.505600 134.487320
v 86.532700 -12.189099 95.737000
v 54.838863 -41.014050 107.267288
v 90.168777 -14.155271 98.854660
v 64.657303 -46.569107 96.757332
v 79.867706 -32.205441 137.340225
v 72.978531 -15.559474 133.874969
v 57.000259 -49.066563 124.967964
v 74.419464 -47.615208 128.583710
v 65.020859 -12.990861 113.978264
v 47.164627 -34.286068 112.578728
v 85.608589 -29.906460 130.332825
v 68.737335 -50.595871 113.628616
v 69.915047 -49.900150 123.708420
v 52.559254 -11.684537 129.810852
v 89.077553 -22.755707 120.833099
v 48.763851 -16.240732 119.468460
v 81.697861 -41.994270 129.938614
v 79.008850 -22.231031 135.294083
v 62.896133 -49.841114 122.368988
v 76.236855 -51.093605 113.445969
v 99.772026 -36.854046 106.448593
v 82.909645 -36.015289 132.701370
v 78.509697 -46.594994 126.574715
v 71.313683 -41.930500 139.943939
v 63.576561 -44.198002 141.981827
v 40.461136 -22.332634 122.373962
v 62.388653 -11.146837 129.751633
v 42.156818 -38.504692 121.225021
v 26.972567 -2.507080 93.746429
v 51.415096 -45.337601 141.791977
v 63.028790 -48.196468 134.753067
v 50.753582 -28.963234 151.799393
v 56.938583 -48.143345 119.758492
v 47.624447 -41.396385 117.357063
v 65.781441 -32.843311 148.113403
v 49.290932 -33.089653 109.875641
v 69.468575 -46.591618 134.782684
v 59.216385 -47.677616 114.606026
v 49.398746 -27.457447 109.948784
v 77.539185 -34.931995 139.134384
v 74.266090 -25.500681 142.017487
v 68.662560 -11.804070 121.839439
v 83.940269 -24.627533 130.505630
v 51.131203 -45.398106 119.526413
v 67.263763 -50.261776 120.198723
v 78.137444 -8.712131 87.347015
v 52.450985 -36.764812 107.097870
v 47.065914 -26.869291 112.522736
v 86.580803 -34.616764 128.820831
v 84.434128 -31.153345 132.067688
v 75.146812 -13.231880 119.585075
v 51.679726 -22.965872 109.423492
v 48.827129 -12.795899 133.320023
v 68.262695 -20.209641 143.632324
v 79.076836 -14.765790 120.462601
v 53.245758 -12.148791 124.977852
v 72.525742 -51.053127 113.815147
v 48.452579 -46.769691 128.663300
v 73.720787 -34.287788 142.693298
v 56.838223 -14.015567 141.358688
v 35.579533 -24.770603 136.873367
v 69.186562 -12.380760 129.201691
v 47.283672 -19.566711 116.635689
v 52.177982 -15.260179 117.736931
v 75.720482 -41.065712 137.116974
v 64.576317 -12.039469 118.569687
v 90.329460 -38.036449 122.802124
v 76.497337 -16.123865 130.321594
v 88.310783 -31.449022 126.797028
v 41.447613 -42.792450 131.786453
v 58.082424 -49.354088 127.834488
v 38.989319 -36.046177 123.990738
v 55.798313 -48.777935 132.335373
v 73.837921 -13.542964 126.390869
v 53.622341 -44.876064 115.303429
v 45.681335 -34.838512 114.557137
v 74.720268 -18.343525 136.374130
v 61.801197 -11.224080 123.681068
v 69.597046 -15.239176 136.824936
v 85.884697 -39.856468 127.083046
v 51.500607 -36.835011 108.475212
v 81.849136 -20.351793 129.398254
v 81.067711 -14.611136 115.580994
v 37.304165 -27.785774 124.613388
v 63.233650 -12.014129 134.026001
v 77.163399 -26.286758 139.507751
v 63.728294 -49.414803 129.451141
v 61.505898 -49.473804 120.162323
v 86.234306 -16.763378 114.534721
v 80.765388 -35.154926 135.613663
v 86.683868 -28.803047 128.531097
v 68.769447 -48.856625 129.320801
v 79.177864 -40.309402 134.328598
v 67.445419 -11.585360 123.604652
v 59.636650 -31.617056 150.630814
v 70.069359 -33.645172 145.529709
v 40.043617 -26.744213 147.525726
v 81.358826 -29.748737 135.699493
v 57.510288 -11.037757 129.963654
v 79.470245 -20.255629 132.829041
v 72.699219 -47.753181 129.670395
v 49.496220 -20.718023 113.485527
v 64.329567 -39.446770 146.086014
v 99.763519 -38.700596 98.580879
v 68.598427 -49.776421 125.177368
v 67.139122 -25.716070 147.068954
v 53.800678 -19.342274 147.950272
v 50.254852 -40.275452 147.906158
v 46.451519 -13.879299 129.006531
v 79.363472 -16.820282 127.063957
v 77.087898 -9.973808 92.716797
v 45.023994 -18.571760 120.272232
v 57.283699 -12.913687 118.986313
v 44.089478 -26.189735 115.843193
v 50.569164 -13.700524 122.528839
v 70.783081 -13.638099 131.799973
v 78.724678 -29.106695 138.613770
v 75.252487 -12.975822 114.540749
v 57.945629 -44.944050 142.681183
v 62.554882 -46.574379 138.765869
v 53.565987 -16.776632 114.053207
v 53.790287 -47.790890 136.278458
v 71.740738 -21.987972 142.361084
v 67.558609 -42.988174 141.358307
v 45.495770 -44.968239 137.736023
v 63.115612 -17.396639 143.969467
v 36.012814 -24.384033 130.478653
v 75.968605 -34.715931 140.634659
v 75.045311 -15.873836 131.846817
v 65.955765 -11.693802 129.874512
v 68.735626 -17.443598 140.686798
v 72.029411 -46.229122 133.523071
v 54.021317 -12.536204 137.565918
v 85.344330 -23.298109 127.187271
v 41.168110 -25.155272 119.538368
v 77.226685 -44.320366 131.892563
v 60.666046 -12.732588 137.680847
v 61.585453 -11.008862 126.588318
v 41.728672 -16.632730 135.601471
v 44.977020 -40.200184 119.192902
v 74.252815 -29.670620 142.815460
v 36.248154 -36.462219 134.818787
v 72.128136 -38.213795 142.204102
v 39.995087 -40.157536 127.462814
v 74.152107 -22.328981 140.540344
v 43.118061 -18.113504 123.464973
v 56.561863 -25.339283 150.781616
v 62.003395 -36.058922 148.808151
v 73.881897 -41.496933 138.298630
v 87.318138 -14.273005 105.294121
v 69.949120 -44.629856 137.721207
v 63.405193 -28.188538 149.348480
v 54.830196 -35.793934 150.581238
v 47.588245 -21.924168 149.012543
v 58.841644 -18.234234 146.316849
v 51.760689 -15.049817 142.937210
v 53.057220 -11.797380 133.948730
v 44.663784 -44.829994 129.221634
v 69.874161 -23.826952 144.699020
v 46.917652 -43.342075 143.190506
v 35.943569 -32.844254 141.404587
v 65.689262 -41.731602 143.642792
v 45.004848 -35.143162 149.797562
v 67.281914 -36.461971 146.265060
v 65.011101 -21.279552 146.254074
v 68.670525 -29.949184 146.828262
v 60.991817 -42.334454 145.075043
v 99.758354 -27.302370 106.853722
v 41.595512 -33.385391 118.781227
v 50.955254 -46.196644 121.725365
v 58.959923 -48.619164 134.252502
v 72.148033 -49.854416 97.669052
v 39.594959 -20.117384 140.973465
v 66.303917 -17.576374 142.476868
v 78.298088 -24.207584 137.522736
v 72.174301 -31.228344 144.423248
v 70.929108 -36.473888 143.967484
v 54.376133 -43.009403 145.532333
v 58.492329 -41.829884 100.028618
v 44.437107 -41.524231 121.592003
v 61.176571 -14.694257 141.386108
v 66.519875 -47.458038 134.852844
v 57.122700 -49.170311 129.677551
v 51.985210 -48.140759 130.678055
v 88.347740 -16.634237 111.055481
v 63.413387 -49.001602 131.680496
v 75.711388 -75.257103 9.291554
v 66.731819 -85.260086 13.310628
v 35.798817 -99.370064 27.843746
v 57.798813 -92.196373 17.149317
v 67.241425 -81.551620 16.975151
v 59.086628 -96.433220 11.077598
v 48.537392 -96.193451 21.878798
v 46.808968 -101.047653 18.079517
v 42.039280 -95.236282 28.069845
v 25.963078 -103.956856 28.208895
v 63.305698 -86.815170 16.474054
v 15.274959 -101.545738 34.569859
v 37.500870 -102.941002 22.829565
v 20.134190 -99.337967 35.211689
v 53.075027 -95.626640 18.491802
v 25.974857 -100.169518 32.094040
v 31.317131 -101.244987 28.342031
v 39.333488 -97.675499 27.469793
v 4.258011 -98.625420 38.963768
v 14.861849 -97.066223 38.875156
v 0.000000 -99.678673 38.121067
v 65.154663 -84.287422 16.817211
v 61.138252 -89.372803 16.388676
v 73.491356 -75.873947 13.239880
v 69.523705 -79.139496 16.288967
v 17.606710 -98.256691 37.030037
v 34.074860 -102.245674 25.689184
v 28.377478 -100.879150 30.239073
v 23.013365 -100.350845 33.225372
v 77.791489 -67.803658 14.980438
v 55.199394 -88.096169 24.544939
v 44.941505 -96.344933 24.762085
v 10.755420 -96.535469 40.224625
v 50.682335 -90.185356 26.573921
v 52.918526 -89.082382 25.728403
v 56.445915 -89.764038 21.401926
v 16.461380 -94.514671 40.943531
v 50.015770 -92.961586 24.167719
v 34.066216 -97.146271 31.210966
v 24.502626 -95.203224 37.740108
v 45.604950 -89.935661 31.013884
v 26.844109 -97.864868 34.102589
v 65.719643 -80.566162 20.446514
v 32.909401 -98.993095 29.894907
v 51.276615 -94.078552 21.811111
v 8.805346 -104.351921 33.336750
v 5.629668 -101.515594 36.144176
v 17.251644 -105.721222 29.715267
v 4.202462 -95.661469 41.803177
v 8.142443 -97.462799 39.710888
v 21.492151 -105.476852 28.372072
v 13.213649 -105.281555 31.466011
v 23.971901 -101.807076 31.291996
v 35.486954 -106.716843 19.573637
v 41.856468 -102.720360 19.998037
v 5.547291 -108.018890 30.157024
v 27.398468 -106.952675 23.921989
v 55.934971 -96.181313 14.858301
v 50.691284 -98.382561 17.635815
v 7.366446 -35.068951 41.371067
v 38.694614 -99.848564 25.479206
v 45.568016 -98.267220 22.126759
v 52.085903 -23.684893 150.553253
v 38.267670 -20.008167 131.964737
v 37.428490 -37.776466 130.273102
v 57.172939 -12.498169 137.934006
v 59.821053 -27.204731 150.444763
v 42.821625 -20.667301 145.715225
v 55.442078 -30.531710 151.600021
v 43.361408 -15.364526 131.390488
v 40.369232 -41.721237 136.952393
v 54.854210 -46.501045 140.169510
v 49.908020 -13.422012 138.386581
v 45.619003 -14.846582 138.483078
v 45.200378 -45.441868 133.459869
v 57.083447 -21.418613 149.030396
v 34.945049 -31.008516 131.536224
v 66.303253 -29.158134 148.089890
v 64.874405 -11.788492 131.630219
v 47.207626 -45.348621 125.172699
v 60.727913 -45.756233 140.808350
v 49.991047 -35.708267 150.674637
v 39.158024 -26.490778 121.804787
v 49.747074 -12.812744 126.895607
v 55.333454 -11.327282 127.592812
v 55.987801 -11.980517 122.992485
v 45.648880 -27.958393 150.909576
v 60.080956 -11.310102 132.606903
v 65.980232 -13.424061 136.114273
v 49.628876 -46.546307 137.800552
v 37.465202 -31.885801 124.488846
v 58.350452 -35.467323 150.100250
v 38.098457 -22.872704 126.159676
v 39.421623 -33.999023 146.645081
v 44.118179 -15.859756 126.592781
v 54.049450 -39.598797 148.621643
v 72.433289 -16.866533 136.693649
v 45.427635 -39.962402 146.679626
v 49.480980 -17.927601 146.217834
v 70.342575 -19.585678 141.638062
v 38.220032 -20.038464 136.334030
v 55.267452 -16.320190 144.918274
v 41.014965 -39.493225 124.155411
v 48.476189 -33.801510 110.974731
v 46.175869 -18.929996 118.560158
v 34.741688 -31.603651 135.803253
v 62.063808 -19.812925 146.534088
v 62.776051 -32.253609 149.515625
v 43.000553 -32.407776 116.840523
v 71.913147 -24.714048 143.597488
v 49.310860 -12.578698 129.754013
v 64.893326 -36.315594 147.514389
v 64.176132 -24.428379 148.130585
v 36.609787 -25.524740 141.900177
v 35.703415 -28.680077 128.214142
v 42.385864 -42.866962 128.192993
v 37.731754 -37.995235 139.498367
v 59.602734 -15.863285 143.560715
v 42.339787 -17.264221 140.023666
v 52.663155 -48.131630 133.289490
v 61.315434 -39.479370 147.238129
v 37.979454 -21.200653 129.141205
v 50.172928 -43.057186 145.019913
v 45.919968 -45.079029 126.922676
v 47.866352 -45.155178 140.271057
v 60.238884 -11.752180 134.705338
v 63.842621 -13.102180 136.899414
v 61.518810 -11.665613 121.182579
v 56.871204 -48.298790 135.287384
v 53.081764 -13.555424 140.192780
v 43.107414 -42.707531 140.672882
v 40.645054 -17.434898 132.148544
v 41.989807 -30.818365 149.611526
v 43.632301 -24.080109 148.792511
v 57.873676 -42.604538 145.571701
v 36.468044 -22.507301 133.817810
v 45.210964 -14.353902 134.518692
v 48.499264 -25.346193 150.856796
v 40.561291 -35.022110 120.866364
v 47.613602 -31.961056 151.423019
v 38.593426 -40.058125 133.493240
v 35.728828 -34.490482 131.381622
v 70.306900 -14.200880 133.866150
v 54.166092 -48.284733 124.828171
v 42.800419 -20.576571 120.766495
v 45.551628 -26.708485 114.141022
v 37.881115 -35.711147 143.333969
v 42.938992 -43.920403 135.463531
v 64.405319 -49.925205 124.581413
v 54.658642 -45.131607 142.651260
v 34.797817 -27.448008 133.698212
v 39.360584 -23.022423 144.453140
v 37.284344 -29.604181 145.008514
v 42.161667 -18.849083 142.815063
v 13.612385 -2.434212 97.468704
v 7.179574 -14.928569 91.727722
v 42.319160 -36.837631 147.414734
v 35.035034 -29.048388 139.131149
v 40.451977 -20.178331 124.919296
v 38.524815 -24.759811 123.681442
v 38.004318 -36.955238 127.150978
v 37.296188 -22.393402 139.564316
v 46.006531 -19.515703 146.524475
v 36.475540 -25.875975 127.313942
v 35.612976 -34.424374 138.096695
v 51.390347 -12.464020 135.843307
v 42.669769 -25.626543 117.651497
v 38.019104 -39.252438 136.225388
v 54.921658 -22.344664 149.824951
v 43.648129 -15.630617 128.692032
v 52.293709 -37.914425 149.717606
v 46.803860 -46.232792 131.260147
v 35.142891 -33.390957 133.437454
v 48.277470 -15.024344 141.360092
v 51.492001 -47.849590 127.940865
v 40.354755 -40.629139 140.434341
v 49.154167 -43.544720 118.568314
v 48.442245 -27.069109 111.093422
v 48.508381 -20.213467 114.870552
v 50.155334 -13.244971 124.541298
v 47.516632 -37.985016 149.052414
v 52.338760 -32.755608 151.598038
v 53.685440 -27.102232 151.528534
v 50.687141 -20.537916 148.701157
v 67.575653 -22.711634 145.624527
v 54.975937 -11.352337 132.082321
v 75.843506 -28.157211 141.263214
v 40.280876 -18.355934 138.281784
v 39.200726 -40.381828 130.748230
v 45.869999 -13.930560 132.122055
v 47.298176 -13.635918 136.116837
v 45.927486 -16.766769 121.754883
v 51.328873 -40.552349 111.763512
v 48.853546 -40.844540 115.378708
v 43.952377 -41.566311 143.687668
v 48.137543 -41.845455 145.832886
v 59.945637 -10.981634 127.913170
v 42.008854 -22.492285 120.109024
v 40.201820 -27.961935 120.005020
v 52.578846 -16.965979 145.660080
v 48.777218 -16.007660 143.478836
v 41.957695 -35.866901 119.457664
v 65.729652 -19.017853 144.178329
v 39.362255 -30.317308 147.540955
v 45.788883 -38.939995 117.034752
v 57.902702 -28.649044 151.106369
v 35.876545 -29.210119 142.000290
v 44.920391 -31.438675 150.792328
v 68.920952 -43.992443 139.306076
v 57.108734 -33.457211 150.929062
v 39.586250 -18.378002 134.012161
v 36.539894 -30.470930 126.136696
v 34.754482 -28.144356 136.474869
v 57.720955 -15.929400 144.119476
v 38.099998 -26.052238 144.989990
v 47.326294 -46.195850 135.688797
v 37.355846 -33.181255 144.253647
v 42.583668 -27.231924 149.481094
v 35.077435 -27.902348 131.002716
v 52.489147 -46.735741 139.036942
v 42.003922 -34.327454 148.633484
v 35.509758 -24.649485 133.666351
v 76.804848 -20.023491 135.902496
v 63.634033 -41.990059 144.364136
v 75.543076 -23.930817 140.174637
v 41.223427 -23.592884 146.870087
v 50.181355 -32.391659 151.611954
v 69.392311 -36.534359 144.964661
v 70.701279 -30.661526 145.496109
v 80.978027 -24.833048 134.726532
v 42.880756 -43.487480 137.715256
v 45.807751 -44.202408 140.516083
v 60.828735 -44.443218 142.681747
v 46.291576 -24.728741 150.128754
v 38.023876 -22.640520 141.790970
v 44.933514 -21.400652 147.659836
v 40.880787 -20.512209 143.590149
v 35.103706 -32.053928 138.656891
v 82.250229 -72.430946 -57.829643
v 84.450401 -49.750168 -73.931801
v 84.704674 -49.091530 -61.339870
v 82.937401 -65.928154 -50.580467
v 87.967224 -66.104355 -85.408821
v 87.051773 -78.160149 -85.142372
v 84.039391 -59.626911 -69.937599
v 85.270172 -65.790085 -75.735184
v 83.214844 -66.759537 -64.832741
v 85.548676 -49.299820 -53.825863
v 84.292038 -57.155014 -51.705048
v 91.182053 -75.849953 -102.201286
v 85.252342 -40.565464 -62.228951
v 87.156456 -46.849686 -46.961182
v 88.874954 -54.621502 -88.892899
v 81.325172 -81.130829 -47.363598
v 84.601707 -63.273979 -39.063526
v 91.156647 -49.630871 -96.594284
v 84.551109 -40.048122 -78.645782
v 82.453659 -80.275024 -65.944763
v 84.724548 -92.804604 -95.087570
v 84.831413 -81.178406 -78.299911
v 86.250107 -51.812191 -81.671013
v 81.072502 -91.088341 -66.968063
v 79.976295 -91.000999 -38.827805
v 84.784035 -34.048084 -85.425850
v 75.902184 -107.653229 -101.200188
v 78.941574 -101.698746 -78.415886
v 82.314758 -76.081581 -29.399567
v 88.753357 -40.974396 -93.459320
v 81.752678 -97.886742 -119.223686
v 83.604324 -31.994053 -72.170891
v 78.487534 -100.360756 -55.512074
v 86.329697 -60.116779 -31.892702
v 92.028275 -76.593193 -113.460434
v 86.169800 -32.830326 -58.580952
v 93.736504 -52.859707 -105.365662
v 81.999733 -77.338585 -38.864029
v 83.831612 -35.475006 -75.286240
v 84.055695 -95.890144 -108.731529
v 88.458282 -33.591045 -99.496689
v 71.230263 -114.432800 -81.003418
v 89.219193 -47.539242 -35.481445
v 89.082672 -35.012997 -46.647980
v 95.389175 -52.701736 -114.953537
v 69.315796 -113.040833 -111.799553
v 83.233429 -27.468594 -86.393120
v 85.512970 -23.780878 -59.730980
v 84.018608 -86.007896 -137.668045
v 78.443855 -92.066200 -26.469328
v 87.145042 -60.369717 -24.011089
v 76.637802 -107.146454 -49.010490
v 87.549500 -88.628906 -111.763550
v 84.460785 -35.178078 -66.917702
v 83.729584 -69.424828 -34.585838
v 78.037262 -105.151276 -91.281281
v 86.559998 -36.108784 -90.025864
v 79.497299 -94.165245 -47.509106
v 87.991425 -47.714397 -41.605602
v 60.206371 -114.765739 -130.284500
v 88.169769 -41.133709 -47.124481
v 76.697105 -99.174339 -24.538300
v 79.154320 -84.510155 -18.388371
v 94.075737 -66.561279 -111.097809
v 87.667786 -34.028542 -52.585224
v 60.471146 -119.756912 -111.140419
v 84.427689 -68.975685 -19.062595
v 60.442074 -101.953644 -149.336868
v 90.509583 -31.372931 -114.301796
v 68.976250 -119.996941 -59.817188
v 91.411102 -36.262833 -36.298473
v 84.967300 -24.811554 -99.937294
v 59.263336 -123.108032 -93.870033
v 89.020134 -55.462368 -19.685760
v 79.876007 -82.975662 -149.189896
v 74.186378 -111.067513 -30.663816
v 95.144043 -53.744785 -139.493317
v 53.495598 -84.909981 -169.022781
v 90.404686 -24.432562 -44.692440
v 47.361664 -129.355331 -86.549332
v 72.971130 -98.408119 -12.915954
v 89.062691 -55.801250 -13.405498
v 91.830147 -45.066387 -22.633638
v 80.313194 -76.921715 -8.835417
v 34.719406 -107.985924 -152.203415
v 37.269745 -125.653900 -117.793053
v 28.645248 -120.692245 -134.195602
v 85.872978 -63.638210 -7.721081
v 38.482834 -93.381477 -166.166489
v 82.868187 -63.246002 7.791118
v 74.576233 -90.281647 -8.663966
v 81.513908 -70.784561 -0.783154
v 0.000000 -98.103180 -163.047714
v 0.000000 -109.927650 -149.318848
v 74.558746 -82.702950 1.334339
v 90.077812 -52.646320 -9.580619
v 67.136345 -93.813316 2.852488
v 0.000000 -120.442772 -131.731537
v 86.911865 -58.134117 0.721047
v 0.000000 -84.387451 -178.212357
v 69.264290 -102.778542 -8.696280
v 65.939095 -125.305832 -35.639988
v 94.021790 -34.542377 -24.325243
v 93.385048 -24.700384 -34.261600
v 91.353218 -29.213234 -133.777756
v 48.507519 -131.987595 -64.638062
v 26.547714 -127.427444 -113.486931
v 41.108093 -78.946709 -178.277145
v 66.507004 -101.022644 -3.389912
v 89.902153 -52.422493 -5.579975
v 18.952454 -79.188774 -182.413223
v 67.806503 -56.552525 -179.580170
v 14.153580 -125.627266 -117.124184
v 92.735847 -43.996449 -14.792911
v 34.558929 -130.292099 -95.079170
v 65.928780 -114.262703 -13.741753
v 93.802559 -40.486916 -10.688419
v 20.435680 -128.856689 -85.993736
v 48.470749 -134.546707 -40.584332
v 57.830513 -104.705261 4.233391
v 91.456444 -46.227692 0.543945
v 0.000000 -125.110298 -104.081886
v 0.000000 -74.269058 -188.953934
v 28.359673 -131.750900 -62.109837
v 95.831131 -30.951965 -14.107650
v 58.914600 -112.298752 -4.238898
v 84.501625 -27.311472 -161.612335
v 49.339710 -106.182747 10.834677
v 47.265030 -53.066608 -193.026199
v 10.309783 -125.649475 -87.369545
v 93.755211 -40.422596 -6.269357
v 57.976673 -125.481262 -18.832552
v 87.430527 -54.635403 -34.981674
v 89.878273 -28.949051 -45.651031
v 90.375526 -35.683735 -41.095104
v 90.652397 -46.248524 -28.950422
v 80.989990 -80.452888 -24.069839
v 36.617859 -113.207733 11.269535
v 46.338028 -110.920197 8.064333
v 84.009071 -52.904995 -66.545517
v 81.510117 -80.697044 -56.824295
v 82.834503 -64.925972 -57.712696
v 37.986130 -126.153580 -4.803834
v 81.850433 -15.083044 -112.953812
v 11.258270 -129.569641 -49.859928
v 39.337425 -131.526825 -15.489014
v 28.559235 -135.661057 -29.546305
v 80.655312 -10.896285 -70.758286
v 79.562126 -13.455631 -78.074226
v 77.632965 -9.480919 -85.867767
v 82.597305 -19.102762 -68.524704
v 80.946838 -20.121756 -80.799721
v 77.401344 -8.832501 -98.705429
v 81.142342 -17.914078 -95.275475
v 86.650253 -19.139414 -55.431225
v 75.635338 -4.473589 -107.097755
v 32.532394 -134.781799 -44.104610
v 80.154053 -10.820952 -121.371025
v 79.704552 -9.798624 -130.640656
v 67.777519 -1.466346 -151.761826
v 28.650179 -125.512077 0.096387
v 82.883095 -73.001923 -65.138313
v 13.119900 -128.102936 -60.446003
v 86.142616 -71.895142 -79.299698
v 83.004829 -86.961128 -74.760429
v 8.487864 -125.396133 -76.093369
v 21.940962 -134.405380 -18.244963
v 77.906044 -10.743928 -91.342155
v 86.498825 -13.003023 -54.822418
v 78.536873 -4.052460 -73.822182
v 75.038628 -1.224311 -87.048294
v 82.382149 -5.723310 -63.204559
v 87.621048 -9.235813 -51.361450
v 91.529160 -11.915561 -41.653694
v 95.484131 -24.210194 -24.960926
v 72.242195 1.674778 -112.467743
v 94.437416 -15.194019 -32.397552
v 79.045204 4.069108 -67.869171
v 74.964439 5.324564 -79.654305
v 73.210800 3.296463 -90.622292
v 84.400284 2.348396 -56.018951
v 73.358826 0.322147 -99.887810
v 87.349121 -4.851816 -51.102066
v 70.595963 6.545020 -102.973190
v 89.600212 0.431837 -44.731609
v 70.123726 5.882549 -111.266075
v 91.781273 -7.253388 -40.509338
v 75.496857 12.642995 -73.148712
v 80.813324 11.304996 -60.870213
v 72.003075 7.281522 -90.951241
v 86.714005 8.987388 -48.985775
v 46.347492 -123.454529 -6.282894
v 97.578499 -18.273512 -14.037331
v 50.056736 -117.449043 -1.947758
v 97.375885 -23.158298 -4.159962
v 24.939884 -130.088531 -5.675523
v 16.103802 -134.382553 -22.609592
v 96.663605 -27.609879 -5.384046
v 28.117344 -115.342842 13.116154
v 23.932661 -113.109184 17.942982
v 15.796441 -113.974541 21.379639
v 85.628479 -45.124107 -57.740623
v 84.165169 -61.369198 -45.655811
v 84.307671 -47.681610 -67.488487
v 14.099193 -122.681267 10.309337
v 24.218115 -121.331810 7.656639
v 94.908554 -34.412106 0.636037
v 40.645279 -28.642910 -196.643723
v 38.962006 -120.902977 1.479464
v 7.304237 -133.392776 -14.084149
v 9.552293 -132.596207 -30.533714
v 78.444145 -101.253944 -69.074249
v 34.958748 -135.129852 -24.953827
v 8.087862 -130.252335 -1.804244
v 89.354935 -75.549240 -92.743622
v 14.358680 -128.332169 0.797737
v 26.793333 -134.883011 -37.706741
v 81.674675 -8.420694 -66.145081
v 70.247437 3.683146 -124.010208
v 96.921257 -7.118817 -22.140013
v 97.014076 -11.779033 -21.282990
v 76.263779 -104.051476 -29.329952
v 0.000000 -127.622154 -52.505001
v 13.299044 -117.337891 17.881580
v 47.304180 -132.431000 -23.764559
v 0.000000 -131.740631 -32.715324
v 85.329468 -86.562187 -85.320702
v 83.344833 -72.264999 -23.316278
v 6.335411 -110.829971 27.082121
v 70.932518 -118.648346 -32.758034
v 78.718391 -88.727524 -23.009857
v 82.111580 -73.751984 -49.252407
v 18.692324 -132.056503 -44.975788
v 81.009354 -83.351128 -38.711582
v 0.000000 -132.871323 -10.090907
v 9.270458 -130.776566 -41.423031
v 58.047268 -131.355423 -38.710690
v 23.322823 -132.735046 -12.135921
v 40.421734 -135.374359 -40.881706
v 33.782806 -129.030731 -104.637276
v 28.737265 -134.521667 -19.958588
v 48.697430 -133.641953 -52.910061
v 69.781944 -117.073235 -69.742485
v 68.297722 -123.058144 -47.951946
v 75.961411 -108.643143 -40.113934
v 21.174959 -134.809113 -28.053637
v 34.553890 -123.089462 0.764630
v 70.900604 -112.960243 -21.258112
v 31.561823 -128.944809 -6.619764
v 35.747452 -129.858902 -9.928574
v 90.724281 -63.185566 -93.773003
v 7.550913 -123.079826 11.314251
v 84.424294 -53.668888 -56.884190
v 19.542734 -122.145821 9.354884
v 15.101529 -133.730713 -15.098081
v 75.504013 -101.813644 -130.373093
v 88.887245 -85.195824 -116.106071
v 76.887009 -87.867287 -13.135352
v 62.385605 -126.178055 -26.711372
v 69.645393 -109.730751 -125.919205
v 8.244644 -133.651062 -22.076426
v 71.345329 14.504291 -85.540268
v 76.358414 21.884211 -66.090996
v 70.913643 23.154972 -79.924698
v 83.068893 18.502483 -53.184715
v 68.128365 18.846441 -95.009834
v 69.161072 14.039804 -96.316994
v 89.599823 13.045480 -40.560875
v 69.010567 10.863452 -102.841064
v 92.639954 14.014303 -31.582258
v 71.815735 31.325552 -70.839493
v 66.389267 33.053165 -85.537743
v 83.057060 31.359587 -45.503334
v 78.354584 29.752369 -57.028584
v 86.414673 34.005493 -34.440418
v 85.252563 25.202372 -44.673172
v 87.288582 22.323444 -41.544960
v 65.906937 30.344879 -90.942635
v 89.744232 34.297222 -23.207838
v 90.084740 23.823599 -32.971764
v 63.863308 26.394274 -104.127968
v 92.793892 24.235945 -23.378807
v 64.974960 43.010464 -76.511414
v 74.842522 45.551598 -50.119854
v 73.068016 39.518986 -60.713345
v 76.235207 34.384148 -58.266449
v 80.973015 45.460358 -35.397739
v 61.899048 36.129066 -99.531960
v 85.338326 43.871254 -24.407221
v 56.317795 42.001457 -108.493568
v 88.310974 41.967415 -15.322319
v 67.706322 47.728409 -63.314693
v 69.933052 55.137955 -47.529991
v 59.513390 51.727154 -76.763962
v 56.309738 52.189388 -84.830139
v 73.555916 43.626759 -55.187679
v 74.863396 56.246521 -33.831593
v 59.124363 46.236336 -90.300842
v 58.631233 45.286461 -94.824089
v 77.989990 55.938469 -25.431786
v 51.574757 51.783142 -102.185585
v 81.154114 52.962746 -20.973635
v 82.307991 53.175621 -15.138518
v 50.475101 67.818817 -61.486301
v 50.777428 63.561844 -70.753845
v 63.070206 58.151043 -57.101902
v 67.833321 67.405510 -27.532246
v 48.259041 58.999439 -88.141029
v 44.877922 59.831116 -93.984909
v 73.298309 64.368820 -18.727711
v 77.949760 60.625755 -10.064082
v 71.437920 56.827328 -41.267296
v 72.625938 50.314976 -48.832474
v 65.788116 37.779514 -81.255539
v 68.836678 36.744682 -73.500366
v 84.561707 50.369453 -11.689074
v 90.631516 34.736965 -18.673286
v 90.453453 39.848545 -5.263643
v 85.114944 50.299622 -7.300949
v 64.627625 19.083754 -109.803322
v 62.504284 -120.068497 -15.830114
v 93.837318 3.730540 -32.089035
v 94.664948 28.205154 3.200541
v 67.763435 -108.615990 -11.215501
v 79.682266 -80.430222 -13.474181
v 48.286797 -134.110474 -31.463198
v 78.511711 -95.387924 -31.804781
v 52.731182 -124.320511 -12.090379
v 26.107460 -118.415855 10.558013
v 53.631416 -105.702492 7.456624
v 48.373436 -130.360962 -75.406128
v 80.502052 -88.071709 -46.523228
v 68.365913 -86.471779 9.149879
v 43.054649 -127.864342 -10.544044
v 30.433945 -133.364395 -52.832382
v 41.909477 -111.673111 9.882491
v 33.015820 -135.731232 -34.424614
v 73.682930 -94.385574 -10.802187
v 80.938469 -73.709175 -4.563342
v 73.675850 -113.323723 -55.965187
v 75.561440 -108.731728 -85.684677
v 79.646667 -96.631065 -61.982704
v 59.976059 -127.732704 -62.849590
v 4.986392 -132.162811 -6.997146
v 84.847359 -64.996315 -33.237446
v 83.535568 -65.469757 -44.489010
v 37.059155 -132.806046 -64.286064
v 14.031718 -125.953217 5.480090
v 14.050784 -119.458916 14.639029
v 73.895119 -87.204712 -3.138642
v 20.110889 -128.858200 -1.731696
v 78.343102 -100.441658 -45.883537
v 37.807545 -117.238251 5.734756
v 81.408981 -85.128632 -61.266445
v 40.954395 -133.634064 -22.574656
v 3.933042 -128.578598 2.828157
v 35.964382 -109.041245 16.252718
v 81.286423 -94.381058 -75.335487
v 9.838780 -132.303314 -8.265492
v 76.075050 -107.385376 -75.397652
v 90.550209 -41.347801 -35.684692
v 84.630997 -44.699467 -65.368355
v 53.300961 -129.764969 -22.270470
v 24.992552 -130.129089 -74.170708
v 15.334034 -133.806259 -28.669352
v 0.000000 -133.436783 -15.538328
v 4.447716 -132.856720 -26.597956
v 23.550938 -134.738464 -32.915829
v 23.394211 -127.706352 -0.707235
v 33.992237 -135.715820 -30.247885
v 0.000000 -124.143738 -74.946579
v 6.140735 -127.196617 -57.038364
v 21.061125 -130.284592 -59.255100
v 34.301544 -133.707687 -18.752605
v 30.121834 1.038282 -178.595963
v 78.804886 -7.788526 -75.680077
v 45.000484 4.913955 -165.853729
v 8.362025 -126.159576 -67.039223
v 60.342300 18.132175 -124.993073
v 83.982468 -21.284639 -64.168816
v 25.241999 -135.189087 -23.897829
v 56.007530 24.750645 -126.019226
v 57.024323 31.255566 -118.349266
v 58.940311 32.782490 -112.546921
v 5.858892 -131.111862 -36.559452
v 5.783770 -125.146370 -96.884605
v 23.193630 -129.421265 -95.917618
v 25.269588 -133.674545 -44.476589
v 17.221088 -129.908203 -54.027374
v 64.737518 14.364904 -118.087036
v 59.157333 -121.871391 -102.788071
v 60.124653 10.616313 -139.734177
v 5.178019 -129.208130 -46.471016
v 60.002079 -123.976250 -84.731308
v 14.222456 -131.346619 -42.962559
v 65.698090 -114.133286 -120.728905
v 15.597026 -127.734711 -93.235481
v 29.829107 -130.773621 -82.194580
v 15.006057 -127.323372 -80.001648
v 37.769188 -130.773193 -86.582550
v 68.828766 -116.368721 -90.959541
v 96.914856 -22.305811 -16.528811
v 47.155090 -128.408127 -95.794739
v 36.276024 -123.557396 -125.909882
v 40.748562 -119.187073 -135.344925
v 48.364883 -115.802193 -138.503098
v 22.501249 -129.965225 -66.614830
v 35.724796 -135.550705 -38.019825
v 4.022203 -124.153389 -82.026062
v 31.416624 -131.654434 -70.218643
v 21.191666 -134.841507 -23.277273
v 43.971195 -131.927856 -19.561035
v 11.871695 -133.912918 -18.503502
v 43.727901 -134.775421 -47.851410
v 12.182723 -132.970749 -11.367550
v 76.316734 -107.112709 -56.301197
v 20.072376 -128.826645 -78.287132
v 63.685398 -127.952881 -43.590816
v 54.371765 -131.392944 -58.119892
v 19.259077 -133.338638 -13.245975
v 44.131447 -120.144272 -0.895122
v 53.837227 -133.125763 -45.879299
v 9.686545 -119.251015 -134.820587
v 43.084499 -133.511261 -58.909382
v 71.916817 -117.369095 -50.353638
v 55.018024 -115.024277 -2.956107
v 65.063950 -122.924385 -66.816284
v 73.393547 -111.647118 -72.813591
v 65.670830 -120.594574 -77.533379
v 42.475784 -132.051926 -70.319809
v 54.380112 -129.295044 -69.649132
v 80.780403 -101.126389 -105.489609
v 53.100311 -133.226196 -35.892750
v 85.727196 -52.080879 -48.744724
v 81.177216 -16.666948 -72.972054
v 85.429588 -46.385956 -80.048721
v 34.249752 -133.261002 -58.344524
v 64.796982 -125.503235 -55.808613
v 71.780029 -115.595047 -63.119976
v 83.260162 -61.702534 -55.091045
v 54.172123 -127.736916 -80.450928
v 61.173275 -128.896896 -33.509342
v 85.015884 -34.209026 -63.526512
v 65.387886 -119.847473 -86.800766
v 17.506422 -130.867310 -49.893574
v 53.736095 -126.913910 -89.614548
v 42.346992 -130.923874 -80.531921
v 74.861183 -99.033882 -18.246416
v 70.291473 -120.656784 -40.935673
v 44.421921 -135.142197 -36.199844
v 78.951279 -96.505630 -42.441463
v 41.894249 -122.886086 -2.601445
v 58.389519 -108.702759 -0.192449
v 71.223801 -115.901772 -27.033627
v 67.144012 -122.667160 -29.542809
v 62.832577 -123.195549 -21.184874
v 37.147945 -127.268806 -111.107788
v 40.428318 -129.115921 -100.600983
v 51.702168 -121.062119 -7.063936
v 74.070854 -107.637535 -24.466381
v 58.625816 -100.204750 7.711172
v 81.761734 -76.825005 -52.871647
v 73.654869 -114.139450 -37.110420
v 63.725803 -111.378120 -8.409222
v 69.674072 -110.479919 -15.988289
v 57.540924 -128.415161 -24.252264
v 61.683884 -114.830170 -9.324144
v 38.095325 -134.829315 -47.033939
v 72.311211 -90.566818 -3.337677
v 48.305237 -113.609711 3.562918
v 3.952969 -118.569374 17.754993
v 96.378700 3.425420 -22.624426
v 74.324615 -112.610306 -48.970070
v 59.850128 -128.942535 -57.196426
v 82.726814 -73.439606 -36.277962
v 75.100861 -78.862869 5.494711
v 43.345837 -134.274506 -27.376478
v 66.902420 -117.126694 -18.568151
v 67.317200 -124.454880 -42.003586
v 48.637688 -132.843689 -58.803425
v 69.316391 -120.809326 -54.013599
v 59.067387 -130.972168 -45.018711
v 27.644514 -133.503296 -48.147594
v 76.371223 -105.991302 -34.413471
v 54.213581 -132.381226 -52.074024
v 48.795002 -134.281601 -46.736412
v 77.462326 -104.153053 -43.159687
v 77.576706 -99.742172 -30.799191
v 54.400276 -130.323868 -64.029160
v 64.358101 -126.917915 -49.751556
v 57.811333 -122.255768 -13.695868
v 93.154366 -39.131969 -23.557468
v 61.931141 -117.056175 -11.676422
v 20.331606 -113.631889 19.552896
v 79.420158 -90.836662 -31.796814
v 26.130655 -133.663422 -15.802846
v 78.066566 -101.601990 -62.678852
v 32.174324 -135.347748 -38.590351
v 51.473991 -131.977264 -26.669670
v 6.440734 -125.492943 -110.015465
v 38.995018 -129.039291 -10.092165
v 37.362289 -133.712357 -20.339127
v 47.495033 -126.322845 -11.164086
v 3.843149 -133.558380 -18.289671
v 75.086395 -104.136002 -24.054518
v 53.156425 -127.349655 -17.354406
v 62.366924 -128.628677 -37.770927
v 22.103125 -133.448486 -40.895638
v 14.903714 -117.049324 -139.551147
v 53.515503 -133.279144 -40.125713
v 90.285713 -50.900780 -21.513124
v 75.255402 -110.760338 -45.470455
v 29.232388 -135.314209 -24.506096
v 82.007240 -75.689377 -44.561680
v 10.680083 -131.912048 -36.090626
v 64.921646 -124.179512 -61.529781
v 39.733135 -134.753113 -26.763775
v 81.431221 -80.579926 -34.152790
v 91.567467 -68.273209 -140.812897
v 37.982597 -133.494385 -58.805763
v 41.649433 -130.078156 -91.225159
v 23.753527 -129.673950 -80.222343
v 54.320820 -128.380341 -75.051613
v 12.324328 -133.654251 -25.959751
v 86.127136 -58.039623 -37.225204
v 85.777122 -64.895470 -21.436546
v 60.061359 -126.523659 -68.518517
v 53.088249 -125.400215 -99.949692
v 34.788033 -134.398575 -49.220600
v 68.230354 -115.092873 -105.714157
v 80.713295 -100.382179 -94.087067
v 68.979271 -118.934525 -64.911560
v 74.984459 -94.145958 -143.407089
v 48.402317 -131.123657 -70.188126
v 25.631992 -131.846405 -56.246262
v 47.117813 -96.317230 -161.384659
v 47.299465 -105.505424 -152.277756
v 36.784527 -132.144653 -70.241974
v 27.916807 -130.335251 -89.635643
v 65.287430 -121.619362 -72.048409
v 30.593710 -131.149155 -75.679756
v 18.182714 -128.919510 -64.348778
v 75.773438 -108.214272 -80.126518
v 80.084335 -97.111633 -72.430138
v 79.602936 -15.632609 -83.264420
v 48.662262 -123.709930 -115.540085
v 55.755447 19.128567 -133.452423
v 32.376408 -130.648773 -88.494026
v 26.738718 -130.868347 -68.330269
v 65.791809 -119.931465 -82.571701
v 53.875145 -127.132866 -85.379776
v 42.773155 -132.765427 -64.585052
v 85.653984 -76.191887 -78.656364
v 23.858728 -128.771454 -104.324608
v 42.346443 -131.391052 -75.681511
v 43.211002 -134.171692 -53.343441
v 83.737282 -80.276070 -72.670280
v 72.296982 -117.112915 -38.545944
v 43.674938 -13.848647 -187.080429
v 70.149902 -115.942093 -75.361794
v 73.659126 -111.134773 -92.749207
v 48.070904 -129.771118 -80.852539
v 60.144157 -124.548126 -79.365471
v 36.591690 -131.211685 -81.322639
v 74.396019 -109.847008 -96.123611
v 71.155472 -119.104095 -45.713024
v 80.787491 -85.784401 -42.900551
v 64.337013 -119.236038 -96.919487
v 27.698463 -125.241249 -122.141945
v 71.176033 -117.845093 -55.187096
v 64.999870 47.582726 -69.771996
v 62.446568 49.683128 -72.822418
v 38.164059 63.254498 -96.154594
v 30.550575 69.004265 -87.963882
v 33.960682 64.066978 -100.854927
v 41.197830 57.020218 -110.737579
v 16.902033 70.667221 -95.304916
v 26.768778 66.156525 -102.552246
v 44.900085 49.479767 -119.280769
v 0.000000 72.793518 -93.064308
v 55.242641 57.649105 -74.900749
v 40.207119 66.835144 -80.761841
v 10.225383 70.841400 -97.944809
v 77.784744 42.987240 -46.460339
v 95.428551 14.170187 -20.986504
v 9.578238 73.958412 -87.408638
v 72.381226 35.405792 -65.982437
v 65.178841 53.149490 -60.833160
v 20.744522 74.255264 -80.671387
v 57.277912 62.242668 -61.049385
v 29.786812 74.144699 -73.270294
v 41.180325 73.192001 -62.807480
v 8.569831 68.707909 -105.742477
v 0.000000 76.269829 -81.211227
v 25.614635 61.716862 -116.338875
v 42.774494 -112.554230 -146.108078
v 12.218876 -108.008896 -152.122803
v 18.021767 -127.392975 -109.356323
v 17.970526 -103.850914 -157.028641
v 51.312641 38.291134 -121.948830
v 39.095467 -121.599976 -130.697464
v 29.939909 54.256237 -126.893730
v 6.058795 -123.696465 -123.195099
v 8.723170 64.828613 -116.638824
v 32.004910 47.937927 -132.958817
v 18.097776 55.458439 -130.129166
v 87.958549 -83.284409 -93.668922
v 9.585956 -114.249870 -143.798309
v 16.863834 -92.119995 -169.429565
v 44.240917 -100.841446 -157.958298
v 71.065155 -106.737633 -130.401047
v 34.361782 -49.725445 -199.789948
v 45.550838 65.269646 -76.029465
v 35.434048 70.605110 -76.939629
v 45.288734 -89.378677 -168.204086
v 9.549334 77.841583 -75.020493
v 49.754257 72.429726 -52.032372
v 64.674965 61.127350 -48.281139
v 33.716579 78.693642 -57.610222
v 35.040981 74.273430 -67.473839
v 25.881458 81.502487 -57.247250
v 19.586494 78.870987 -67.940636
v 8.647888 82.589470 -62.297546
v 68.756508 27.816549 -82.809692
v 0.000000 80.384315 -69.082840
v 75.535484 -107.393921 -108.709633
v 59.537727 67.868851 -44.863224
v 60.201195 70.838600 -36.924778
v 54.886856 70.255150 -48.250027
v 44.566235 78.475296 -45.171223
v 37.170277 81.450768 -47.073856
v 35.337223 80.398270 -51.678890
v 24.807673 74.248749 -77.493874
v 24.091003 76.947510 -70.302582
v 20.804569 84.274605 -53.538635
v 14.589951 85.343513 -53.693314
v 0.000000 85.080536 -56.965595
v 60.393700 -118.181030 -118.504074
v 35.013069 68.127258 -84.840073
v 55.428009 76.076469 -33.278397
v 47.006210 80.203728 -37.150665
v 64.175285 68.951111 -32.770325
v 43.611301 84.036659 -31.664865
v 33.357464 84.490051 -43.232071
v 45.774792 72.585938 -57.778770
v 71.009460 62.398952 -31.420725
v 55.884865 78.171379 -26.221262
v 51.462467 78.086967 -35.416939
v 33.355667 88.120247 -33.348637
v 23.237015 87.954323 -42.728840
v 78.417747 50.158489 -35.120186
v 10.517216 87.080345 -50.779610
v 11.308619 90.910904 -40.940109
v 6.092829 87.318512 -51.003490
v 0.000000 89.808044 -45.411102
v 54.845478 62.434467 -65.368141
v 23.512022 91.422981 -32.810173
v 46.104641 68.553848 -66.912209
v 53.684021 -123.258553 -109.173538
v 79.064384 -102.767776 -84.920967
v 6.573532 91.575470 -40.322514
v 34.976410 23.116570 -150.905792
v 44.400757 16.362040 -151.056335
v 11.194151 -126.314026 -94.890053
v 28.669212 -129.643250 -100.136650
v 42.860031 33.119583 -135.953049
v 21.490889 -125.649918 -120.085312
v 54.468399 -69.579094 -180.278595
v 18.738739 -49.799305 -204.301147
v 16.620010 11.140100 -171.382965
v 8.805778 58.939320 -127.188255
v 78.408707 -43.815319 -174.426239
v 90.550240 -80.625954 -122.332626
v 42.467777 25.145559 -142.751892
v 71.004265 65.789299 -22.455948
v 75.916016 -13.343469 -159.473343
v 64.364944 72.660912 -21.640625
v 16.534866 18.018370 -163.820511
v 64.431992 73.796432 -16.905716
v 53.329449 81.010880 -22.518311
v 44.412048 85.398727 -25.824970
v 41.967297 87.594505 -22.169622
v 32.676445 91.407822 -22.735262
v 93.291534 30.589684 -10.994094
v 13.684455 93.998383 -30.994724
v 96.248878 15.369061 -15.474499
v 95.729294 19.777548 -13.421790
v 94.713364 23.250816 -15.032155
v 63.409019 4.814803 -146.130585
v 42.250370 89.078835 -13.901444
v 21.713509 94.677895 -22.703478
v 32.335365 93.361053 -12.923198
v 95.398277 25.358419 -2.664249
v 88.625816 44.124664 -3.177730
v 96.211266 21.401421 -4.618715
v 17.019018 95.535797 -23.154825
v 16.417250 -6.178103 -190.991837
v 34.482151 76.136719 -63.310673
v 23.134279 66.159622 -106.221069
v 43.488159 37.370991 -132.151810
v 38.547752 51.087788 -124.292068
v 25.855431 41.375790 -141.408630
v 24.917704 28.965261 -150.932693
v 10.581434 -101.329147 -159.677719
v 71.379662 26.978924 -75.425995
v 44.414665 62.931271 -84.633247
v 74.384621 26.103642 -68.250931
v 26.363417 58.730240 -121.685234
v 57.283890 1.573216 -160.452499
v 8.098941 -94.472908 -167.069107
v 71.091232 18.351347 -83.185204
v 10.695333 52.671600 -135.550140
v 72.937935 -3.231395 -143.341492
v 66.770752 56.488216 -52.146023
v 95.296776 -43.237980 -134.721191
v 76.496674 -97.691750 -135.873032
v 84.944221 -17.410725 -132.065613
v 78.784210 -10.064349 -109.716583
v 0.000000 -124.715652 -96.902206
v 83.192955 -57.141014 -165.355148
v 64.803535 12.312961 -122.382736
v 89.411964 -27.855341 -147.878265
v 42.188553 29.500854 -139.438461
v 57.527031 14.995665 -136.071152
v 56.560829 27.512159 -122.427315
v 66.792686 6.109277 -132.880081
v 89.056458 -47.258732 -91.060349
v 71.119255 45.343899 -58.618347
v 95.944160 -55.849854 -130.616180
v 49.948578 -118.122566 -132.827393
v 90.095604 -75.889900 -135.690720
v 87.181938 -57.746067 -83.518028
v 53.011837 12.649786 -147.283203
v 71.614700 -18.612484 -171.950317
v 28.140234 19.945810 -157.884201
v 43.154118 -123.766640 -121.301933
v 10.236030 48.244389 -139.907364
v 21.270029 37.517315 -145.769440
v 75.386490 -3.578468 -124.143532
v 4.377802 -125.056168 -70.087654
v 0.000000 12.856344 -171.538055
v 12.430103 -111.548256 -147.713623
v 0.000000 -7.484094 -194.403168
v 90.435341 -69.743263 -94.166649
v 56.625175 -19.909121 -184.342545
v 28.294746 8.246785 -170.825928
v 91.154457 -29.870741 -124.061378
v 60.935402 47.447685 -80.969994
v 55.215073 55.709618 -79.362755
v 12.351438 30.218138 -153.604935
v 44.846970 10.724843 -158.238434
v 33.981270 27.816540 -146.996552
v 44.989063 -3.537432 -176.357819
v 43.421051 20.858776 -146.532394
v 15.582727 2.622549 -181.599487
v 68.354408 59.280792 -43.839706
v 0.000000 93.814735 -34.734798
v 7.746026 23.503986 -160.112839
v 0.000000 -125.064468 -110.775429
v 27.130825 -20.446381 -198.843033
v 21.887526 33.792053 -148.145157
v 49.831253 22.020769 -138.313736
v 0.000000 -53.045372 -204.996826
v 25.840437 -63.131561 -195.433762
v 8.347239 15.715608 -167.809616
v 36.377434 17.482424 -155.978165
v 75.971931 -107.156784 -70.358078
v 13.346525 -98.344604 -162.951660
v 10.314000 -88.733681 -173.200546
v 10.220160 -82.318581 -180.108536
v 50.707096 -109.498886 -146.656708
v 60.481010 -74.567780 -173.639893
v 53.801098 -41.126675 -191.980698
v 15.557221 -85.831009 -175.996048
v 11.031952 -76.004639 -186.556137
v 46.563293 -65.443428 -186.690567
v 9.860415 -71.498680 -191.143753
v 72.948959 -90.381500 -150.352463
v 9.201807 -122.158615 -128.387482
v 40.973907 -85.088264 -173.054367
v 20.359083 -30.265978 -204.854904
v 15.468598 -58.912823 -200.442657
v 16.520573 -67.570206 -193.845428
v 70.432327 -81.537033 -161.332138
v 90.061668 -64.901962 -148.381790
v 61.002541 -46.858627 -187.029587
v 11.227557 -14.724353 -199.351028
v 8.224284 7.872288 -176.770676
v 66.805878 -69.048073 -173.511826
v 24.184576 13.619321 -166.227798
v 29.500950 -9.233749 -189.690247
v 53.779015 -30.794382 -190.717148
v 27.474426 -93.094940 -167.949829
v 35.707478 -17.551693 -193.650497
v 36.604851 -103.185211 -156.923065
v 29.199940 -39.608994 -203.184647
v 23.173269 -108.784004 -151.642273
v 13.797420 -23.073393 -203.897827
v 36.665451 -115.705688 -142.271500
v 8.666473 -1.263607 -187.256668
v 38.979099 2.322982 -172.859909
v 26.600574 24.353504 -154.298492
v 51.487965 -11.141656 -180.549820
v 32.378300 -117.856499 -139.273178
v 29.821861 -79.589355 -180.437378
v 10.215090 -41.061749 -207.678177
v 21.530922 5.398246 -176.702011
v 64.428154 -18.769394 -178.353546
v 8.621066 -104.468727 -155.954742
v 27.762272 -123.524460 -127.572945
v 36.744755 7.291554 -167.919052
v 48.457836 -92.479301 -164.484009
v 37.550343 -97.964989 -162.014236
v 24.974207 16.981325 -162.241531
v 18.391005 -119.738022 -135.125076
v 26.776875 -104.839203 -156.021301
v 66.387985 -95.461166 -151.659668
v 70.129799 -103.049713 -138.022278
v 11.250154 -64.715744 -197.017761
v 36.969318 -88.995026 -170.443634
v 84.471062 -73.845345 -151.389984
v 41.014744 -72.552376 -183.526306
v 33.174488 -112.597382 -147.210556
v 21.283392 -118.101669 -138.577744
v 6.661901 -124.819824 -117.001907
v 6.311360 -125.516129 -103.291855
v 12.860639 -126.467705 -109.533417
v 49.011280 -22.763590 -190.215363
v 22.819183 -2.863183 -185.720215
v 45.530880 -43.554699 -196.155716
v 29.729603 -29.655315 -201.566940
v 6.816037 -58.293953 -201.943756
v 76.615417 -28.363026 -173.344727
v 83.550247 -19.906710 -153.389206
v 52.217854 -1.284303 -168.926483
v 75.298988 -8.136004 -150.077728
v 37.107803 -6.083313 -183.270721
v 69.146484 -45.373741 -181.911865
v 8.881000 -91.371696 -170.411850
v 0.000000 -16.042017 -201.313629
v 86.968605 -42.834560 -164.129440
v 35.713985 -64.881180 -191.293411
v 65.068443 -4.302986 -161.035599
v 55.468094 -106.741898 -147.190948
v 54.190716 -56.977062 -187.698380
v 17.328306 -96.094872 -165.311935
v 88.433823 -59.324276 -156.414597
v 9.573865 27.049292 -156.706909
v 66.740959 4.564057 -138.631973
v 68.417175 -10.985949 -166.809372
v 0.000000 -122.839600 -124.889206
v 73.819206 -64.495262 -170.874435
v 50.719643 5.864764 -160.240387
v 54.085693 -98.696449 -156.445679
v 70.153267 -87.371651 -156.309311
v 94.150581 -42.477051 -114.938507
v 34.998997 -82.800636 -176.468552
v 8.248301 19.378841 -163.969131
v 63.348804 -79.974861 -167.833679
v 0.000000 24.540354 -159.524445
v 0.000000 -1.262692 -187.913025
v 8.697996 -7.746929 -194.026123
v 21.410868 -12.496799 -195.371933
v 0.000000 -41.551067 -208.220093
v 38.109592 -56.940941 -195.358765
v 10.130379 -79.044403 -183.474319
v 35.497898 -75.998207 -182.330444
v 18.403408 -72.223793 -189.371613
v 37.835304 -40.312038 -199.824860
v 93.467361 -36.283314 -141.657333
v 8.127975 3.550324 -181.874146
v 24.920383 -55.550198 -200.345779
v 38.374195 -69.000725 -187.208450
v 17.152500 -100.695457 -160.481842
v 8.307986 11.856103 -172.135651
v 19.177902 -83.143944 -178.511307
v 5.614098 -21.314758 -204.192444
v 20.668652 -75.433540 -185.881714
v 10.443460 -31.306578 -207.221039
v 9.660268 -50.151508 -205.644730
v 18.477291 -88.708527 -172.887512
v 76.595055 -55.410866 -173.117508
v 27.288589 -47.502483 -202.788422
v 5.198124 -106.716415 -153.303955
v 80.909523 -92.539429 -134.892044
v 85.963890 -21.932798 -114.662682
v 57.927197 9.245358 -146.439850
v 61.349613 2.889493 -153.632187
v 4.937850 -102.223900 -158.522705
v 78.327690 -21.212463 -166.155106
v 33.495560 -23.917145 -198.046234
v 8.529040 -62.411991 -199.048309
v 0.000000 -60.680569 -200.724152
v 19.205307 -18.496929 -200.225449
v 23.934097 -68.824692 -191.376099
v 21.121750 -23.460709 -202.281494
v 20.094349 -40.256855 -205.892014
v 36.134144 -100.512489 -159.765045
v 34.717793 -34.476196 -200.673386
v 42.420235 -20.550827 -192.240982
v 37.798355 -1.438543 -177.913818
v 36.677101 -11.430517 -188.528015
v 60.664799 -36.199493 -187.771164
v 51.464512 -77.896591 -175.497421
v 0.000000 8.562569 -176.494858
v 23.834652 -82.147919 -178.887115
v 78.215584 -77.799843 -156.555054
v 16.015026 -1.901646 -186.605728
v 0.000000 -94.406487 -167.146301
v 85.683792 -92.674980 -110.646873
v 59.310654 -61.481949 -182.728317
v 62.530380 -85.339233 -163.972137
v 51.663357 -89.870880 -165.633423
v 28.769606 -14.697681 -194.545166
v 15.515118 6.844922 -176.637085
v 28.789856 -67.519493 -191.253159
v 5.335154 -35.734879 -208.334366
v 4.978191 -46.605526 -207.099670
v 53.776318 -48.977673 -190.874802
v 5.090059 -11.373750 -197.562485
v 8.480597 -68.225410 -194.361359
v 15.399133 -35.706020 -206.850479
v 47.717236 -34.893997 -194.738480
v 24.749470 -25.793365 -202.129913
v 25.030119 -34.910381 -204.292725
v 7.706987 -25.734940 -205.954773
v 31.255686 -57.367374 -197.583298
v 12.878979 -54.506527 -203.367050
v 23.935238 -44.377876 -204.386612
v 77.818359 -7.982381 -138.395172
v 39.877716 14.524543 -156.990555
v 41.212692 -49.896935 -196.923889
v 96.051010 -54.770954 -122.649460
v 43.331997 -60.117748 -191.487198
v 29.910461 -4.151523 -184.466202
v 59.615479 -27.809799 -186.372482
v 24.951176 -76.664589 -183.942947
v 44.423130 -8.396568 -181.849899
v 58.342468 -14.361460 -179.103256
v 52.205158 -6.111501 -174.818146
v 82.607452 -35.425766 -169.258530
v 63.063587 -65.236412 -178.370331
v 46.848888 -81.849304 -174.054565
v 40.249256 9.115702 -163.530807
v 47.060215 -74.054886 -180.223419
v 47.323204 -70.504189 -182.757980
v 89.903473 -35.640381 -156.204300
v 87.374565 -21.697948 -139.583054
v 91.728493 -75.901001 -127.056236
v 8.155507 -85.727921 -176.567795
v 31.131584 -103.923401 -156.735046
v 0.000000 -21.857861 -204.745132
v 52.139221 -112.402115 -142.193604
v 94.911942 -59.310360 -111.816139
v 68.142334 -74.084427 -169.052689
v 8.397610 -116.622047 -139.681396
v 28.689631 -111.039238 -149.098953
v 91.429764 -57.285835 -96.043213
v 73.555168 -36.846851 -178.723587
v 62.191860 -24.152981 -183.183380
v 89.253838 -50.435143 -159.353531
v 18.057997 -63.103714 -197.196152
v 59.424274 -3.740191 -166.208832
v 70.653961 -24.844126 -177.250275
v 32.759880 -60.694092 -195.100586
v 50.251671 -16.555592 -185.709717
v 22.610397 -7.659140 -190.675415
v 49.316601 12.136264 -152.283417
v 14.518359 -10.240774 -195.186798
v 92.845230 -70.646492 -107.151665
v 6.458776 40.995174 -146.035553
v 48.137203 -59.129272 -189.848343
v 5.895716 32.500118 -152.536453
v 90.792160 -42.364994 -99.055687
v 55.908859 -113.435402 -137.633179
v 61.660923 -54.730267 -184.312378
v 71.044258 -6.861294 -156.623032
v 69.117760 1.386477 -141.219971
v 92.823509 -55.337124 -148.285995
v 22.443764 1.585905 -180.846542
v 47.903225 -28.946264 -193.273926
v 83.387680 -16.693899 -117.913338
v 65.668617 -39.386398 -184.656708
v 79.284416 -13.492091 -151.828445
v 51.895214 -102.013718 -154.146851
v 73.447144 -49.138893 -177.847610
v 84.277557 -68.370239 -156.614792
v 82.621208 -64.498749 -161.833145
v 51.436134 2.937127 -163.770813
v 45.290794 0.862132 -170.870804
v 14.724955 -45.426403 -206.294189
v 90.182930 -33.681480 -107.171921
v 66.238914 -13.965049 -172.619049
v 65.215538 -50.857941 -183.359299
v 82.642799 -48.908958 -169.071381
v 50.263477 -46.802528 -193.236481
v 33.547955 4.871655 -172.528793
v 43.189323 -36.746056 -197.178528
v 94.333717 -65.744698 -131.399292
v 39.993084 -45.818153 -198.400757
v 95.979500 -49.552311 -132.327621
v 80.878967 -19.993027 -160.301971
v 87.348618 -27.362694 -154.891891
v 66.672462 8.959015 -122.997414
v 71.649811 2.279022 -117.205193
v 67.914841 -111.830162 -123.443573
v 92.095894 -36.124958 -149.146896
v 85.772758 -20.628595 -146.299835
v 93.980995 -36.604576 -129.378937
v 79.043976 -64.055206 -166.167496
v 77.177231 -6.158638 -127.171730
v 53.715839 -63.567936 -184.557175
v 86.270126 -90.479614 -118.139557
v 32.577126 -90.554321 -169.720459
v 17.832649 -110.704002 -149.148743
v 71.362656 -70.208221 -169.275467
v 55.095947 -121.049850 -117.708794
v 86.568153 -35.120987 -163.032806
v 90.461296 -43.791557 -157.766205
v 86.987427 -75.863831 -144.317551
v 94.845749 -45.692429 -142.306595
v 25.393280 51.843399 -132.162567
v 68.734978 -63.270664 -175.658890
v 68.400116 0.583676 -145.582550
v 32.487537 -96.128159 -164.430206
v 85.583839 -80.431351 -141.882950
v 61.271858 -69.739136 -176.585922
v 62.874397 -0.082963 -156.771072
v 93.383339 -36.986301 -120.362389
v 88.504120 -25.623402 -118.800987
v 88.525658 -23.710957 -129.010910
v 92.146896 -46.511852 -101.493271
v 94.468758 -61.219063 -136.876541
v 89.604301 -83.216858 -119.139595
v 78.074516 -35.878323 -174.352478
v 80.846664 -27.728863 -167.867432
v 21.968470 -95.268936 -166.040009
v 78.237785 -88.636589 -145.336655
v 82.771706 -14.425755 -126.729904
v 80.485550 -96.568703 -128.306290
v 94.195381 -47.198265 -110.072060
v 78.449821 -10.100488 -104.740128
v 81.665985 -12.905929 -136.662567
v 69.708008 -77.091621 -165.545135
v 71.774940 -60.127316 -174.968811
v 84.058899 -19.854534 -109.418808
v 90.742386 -28.515238 -140.603043
v 93.008957 -73.933708 -119.804230
v 79.240936 -14.024655 -93.083832
v 69.165810 -37.804752 -182.137512
v 69.621857 -99.847527 -143.204315
v 83.128204 -21.750345 -97.750229
v 74.606148 -2.593776 -102.976410
v 55.673252 22.156553 -129.674866
v 85.819649 -49.993000 -164.747955
v 70.282715 -8.704484 -161.078964
v 60.151939 -97.303123 -154.443741
v 73.824921 -15.725674 -166.217743
v 63.206856 -6.884649 -166.908783
v 88.243645 -22.939669 -133.423019
v 17.809353 32.399200 -150.582001
v 4.318581 -4.466010 -191.190491
v 72.154236 -30.025419 -178.159622
v 90.170639 -82.077759 -109.984901
v 77.052444 -8.210089 -143.995193
v 93.195518 -61.662655 -142.020721
v 84.762817 -94.532646 -103.004745
v 93.847023 -36.240051 -134.865891
v 22.460524 -90.048187 -171.251801
v 83.995018 -16.355059 -138.142410
v 54.947601 -25.206474 -188.104889
v 82.957855 -42.811039 -169.585068
v 87.157516 -34.529247 -93.859154
v 78.312241 -60.530449 -168.976105
v 4.628886 -87.377777 -174.838867
v 22.076292 19.759878 -160.471771
v 21.058941 -60.392284 -198.402191
v 84.130043 -66.335815 -70.670036
v 79.068245 -9.942879 -114.992134
v 80.654869 -100.789978 -112.576210
v 4.593422 -70.309196 -192.723450
v 32.264904 -44.372845 -201.722580
v 93.173447 -71.067497 -128.821014
v 91.356934 -52.789101 -153.842697
v 80.926056 -100.683640 -98.926483
v 89.500137 -83.599190 -106.601707
v 88.508232 -70.925453 -146.288162
v 93.792015 -37.018997 -124.539330
v 94.343925 -50.166271 -145.102951
v 93.742348 -70.501389 -116.145897
v 73.848717 -43.972328 -178.466309
v 11.958070 -123.889198 -124.020096
v 59.300339 -117.444168 -123.622276
v 75.136330 -105.325684 -123.521423
v 66.136452 -110.341248 -131.579163
v 88.496269 -82.941910 -129.008301
v 42.264851 -126.033592 -112.783836
v 0.000000 -123.861237 -82.243500
v 93.124146 -59.093075 -144.495697
v 57.270847 -79.477577 -171.625565
v 68.079254 -98.091484 -147.065170
v 43.830494 -109.105858 -149.679794
v 65.650551 -86.773300 -160.595749
v 6.878354 -126.529236 -61.620155
v 80.969063 -73.105019 -157.188126
v 89.294975 -80.565338 -97.736488
v 64.376343 -118.144226 -104.728241
v 67.090302 -91.628174 -154.860214
v 76.197182 -103.197845 -125.965515
v 69.909943 -105.286346 -134.787003
v 88.769249 -80.498634 -132.418716
v 74.923607 -82.609741 -155.944778
v 91.516190 -68.041039 -97.881905
v 94.145988 -60.504215 -107.430000
v 92.457710 -55.695492 -99.747070
v 86.552254 -85.180084 -89.676811
v 81.137825 -94.215469 -131.162613
v 83.974205 -87.492714 -80.629135
v 65.671883 -103.461166 -142.938339
v 91.975029 -37.122898 -110.389656
v 95.636726 -60.472992 -126.319855
v 95.578377 -48.756577 -119.208061
v 22.949530 57.594208 -125.127754
v 92.888260 33.885349 3.112616
v 9.301827 55.845207 -131.686478
v 8.891327 70.033470 -101.127655
v 8.665050 66.990776 -110.862885
v 8.752180 62.011890 -122.292839
v 36.228195 49.384960 -128.202271
v 28.895842 44.422676 -137.438004
v 43.322594 53.615498 -114.692741
v 49.048603 43.478645 -120.121811
v 5.179054 50.868565 -137.984421
v 49.927410 45.722134 -116.210144
f 2 154 156
f 46 155 154
f 48 156 155
f 154 155 156
f 16 157 4607
f 158 4720 4821
f 46 159 158
f 159 16 4607
f 162 4828 4830
f 48 161 160
f 162 4822 4823
f 4828 160 4830
f 46 158 155
f 4720 47 4821
f 48 155 161
f 158 161 155
f 7 163 4313
f 49 164 4324
f 165 164 4316
f 163 49 4324
f 17 166 4408
f 50 167 4412
f 49 168 4400
f 4408 166 4411
f 16 169 4457
f 51 170 4320
f 50 171 4403
f 169 170 171
f 168 167 4400
f 171 170 4403
f 51 164 4326
f 170 51 4326
f 1874 1916 1927
f 52 173 1913
f 54 174 4446
f 172 1916 1960
f 18 175 4453
f 176 175 4426
f 52 177 4829
f 177 18 4453
f 178 180 4422
f 179 4437 4438
f 53 180 4424
f 179 53 4424
f 52 176 4454
f 175 53 4426
f 4437 54 4438
f 4438 173 4451
f 169 171 4457
f 50 181 4405
f 158 157 4720
f 171 50 4405
f 17 180 4410
f 182 180 4414
f 50 166 4415
f 166 17 4410
f 18 162 4819
f 4822 47 4823
f 53 175 4452
f 175 18 4819
f 166 182 4415
f 180 53 4414
f 47 181 4417
f 183 47 4417
f 1 146 185
f 42 184 5106
f 185 4873 4896
f 186 4806 5263
f 4737 4740 5157
f 4740 187 5157
f 188 190 4517
f 56 189 4801
f 55 190 4835
f 56 4801 4858
f 4847 187 4872
f 55 4740 5264
f 185 184 4873
f 189 56 4837
f 6 191 4729
f 57 192 4721
f 148 192 4715
f 191 57 4721
f 19 193 4444
f 194 4710 4713
f 195 194 4709
f 4444 193 4708
f 196 4728 5261
f 58 197 4834
f 57 194 4712
f 4710 58 4713
f 43 192 4718
f 192 57 4712
f 198 200 4314
f 59 199 4325
f 200 4397 4846
f 199 61 4397
f 20 201 4455
f 202 201 4416
f 203 202 4404
f 203 20 4455
f 204 206 4434
f 61 205 4413
f 60 206 4423
f 205 60 4423
f 59 202 4402
f 201 60 4416
f 61 199 4401
f 205 61 4401
f 197 4739 5262
f 58 207 4730
f 4737 4741 5258
f 197 58 4730
f 19 206 4436
f 208 206 4425
f 58 193 4711
f 193 19 4436
f 4517 190 4860
f 209 4735 5267
f 60 201 4519
f 201 20 4518
f 193 208 4711
f 206 60 4425
f 4737 207 4836
f 4735 55 5267
f 4 210 150
f 62 211 210
f 44 150 211
f 210 211 150
f 212 214 1922
f 63 213 212
f 214 213 2158
f 212 213 214
f 15 151 216
f 44 215 151
f 63 216 215
f 151 215 216
f 62 213 211
f 63 215 213
f 44 211 215
f 213 215 211
f 1840 1880 1932
f 64 218 1945
f 1841 1879 1933
f 217 64 1946
f 22 220 4778
f 65 221 4817
f 222 221 4815
f 4778 220 4816
f 1886 1920 1935
f 1842 1882 1934
f 65 225 1917
f 1882 224 1934
f 64 221 1953
f 1917 224 4825
f 1879 218 1933
f 1842 66 1961
f 152 227 4760
f 45 226 4772
f 68 227 4758
f 226 68 4758
f 15 228 4892
f 228 4788 4796
f 153 229 4790
f 4788 229 4796
f 230 232 4779
f 231 4770 4771
f 67 232 4785
f 231 67 4785
f 45 229 4789
f 228 67 4788
f 4770 68 4771
f 4771 226 4787
f 1920 225 1935
f 65 233 4827
f 63 212 233
f 21 1922 1925
f 22 232 4784
f 234 232 4792
f 65 220 4818
f 220 22 4784
f 15 216 228
f 235 216 4831
f 67 228 4820
f 235 67 4820
f 220 234 4818
f 232 67 4792
f 63 233 4826
f 216 63 4831
f 7 200 4323
f 236 200 4399
f 49 163 4398
f 163 7 4323
f 237 204 4433
f 238 4418 4450
f 205 204 4413
f 61 4407 4759
f 168 4408 4411
f 49 239 4409
f 239 4420 4421
f 168 49 4409
f 4397 61 4846
f 4420 239 4722
f 163 236 4398
f 4418 69 4450
f 6 227 4751
f 241 227 4757
f 57 191 4724
f 191 6 4751
f 230 4766 4767
f 4727 4755 4833
f 231 230 4770
f 4755 243 4833
f 195 4444 4708
f 194 57 4709
f 245 4717 4748
f 70 4717 4749
f 227 68 4757
f 4717 244 4749
f 191 241 4724
f 4727 70 4755
f 8 1880 1950
f 246 174 4445
f 64 217 4814
f 1915 174 1919
f 180 17 4422
f 248 4432 4781
f 179 178 4437
f 71 4432 4447
f 222 4778 4816
f 64 249 4782
f 249 4763 4775
f 4763 250 4775
f 174 54 4445
f 4763 249 4777
f 217 246 4814
f 4432 71 4781
f 245 4443 4841
f 245 4440 4716
f 237 4418 4449
f 4418 237 4883
f 250 4776 4783
f 250 4762 4764
f 242 4727 4754
f 4727 242 4780
f 17 240 4719
f 69 4420 4722
f 4432 247 4447
f 240 4419 4719
f 252 4439 4752
f 253 4428 4448
f 4420 69 4427
f 4753 4428 4849
f 3 262 254
f 262 1311 1444
f 1311 263 1444
f 1203 1225 1281
f 1027 1279 1292
f 266 1260 1274
f 264 1547 1549
f 1239 1265 1314
f 267 1254 1554
f 625 1261 1313
f 1260 265 1288
f 1030 267 1275
f 72 1266 1320
f 1027 77 1279
f 1121 1181 1252
f 1127 1206 1477
f 1130 1151 1220
f 1206 1127 1242
f 616 693 1044
f 698 800 902
f 622 712 979
f 616 719 829
f 1216 1233 1284
f 1159 1205 1264
f 627 646 804
f 277 646 1034
f 622 727 850
f 276 589 1381
f 1151 270 1220
f 727 273 850
f 994 1217 1237
f 593 594 1331
f 993 995 1470
f 626 996 1011
f 650 862 976
f 748 803 927
f 623 721 1024
f 618 735 988
f 706 759 897
f 706 571 759
f 281 1013 1014
f 749 799 926
f 700 704 833
f 993 961 995
f 1233 277 1284
f 791 860 906
f 264 1027 1243
f 750 861 913
f 623 710 856
f 596 636 794
f 699 806 901
f 678 720 828
f 1265 268 1314
f 77 1030 1275
f 650 802 928
f 797 606 814
f 731 801 893
f 605 640 795
f 643 877 1040
f 651 625 1006
f 2 156 289
f 48 288 156
f 84 289 288
f 156 288 289
f 290 160 4458
f 83 291 290
f 48 160 291
f 290 291 160
f 2932 2934 2950
f 293 3024 3034
f 3022 3023 3039
f 2934 292 2950
f 48 291 288
f 3023 293 3039
f 3024 84 3034
f 291 293 288
f 1843 1844 1888
f 1724 1770 1861
f 172 1963 1964
f 1770 296 1861
f 1074 1603 1649
f 298 1863 1955
f 1656 1658 1717
f 297 1649 1665
f 18 177 5259
f 300 177 1956
f 86 301 1914
f 177 300 301
f 298 1717 1720
f 86 1877 1936
f 1918 52 1948
f 1717 298 1865
f 1246 1472 3299
f 1604 1612 1617
f 1118 1125 1535
f 1125 1118 1213
f 2863 2931 2965
f 1679 1970 1979
f 1681 1976 1993
f 306 1970 1981
f 1102 1618 1628
f 1097 1098 1450
f 1601 1662 1688
f 308 1102 1390
f 306 1681 1978
f 88 1672 1686
f 89 1098 1451
f 1514 303 1631
f 162 18 4828
f 86 311 301
f 83 290 311
f 301 311 290
f 310 1618 1619
f 88 1662 1673
f 1713 86 1728
f 1618 310 1644
f 294 2932 2938
f 313 3021 3028
f 305 1979 3004
f 1973 305 2964
f 312 1711 1975
f 1662 88 3044
f 83 311 3027
f 313 3020 3042
f 4 258 210
f 314 258 2159
f 62 210 314
f 258 314 210
f 259 1826 1896
f 316 1824 1897
f 74 1893 1938
f 1922 214 1925
f 317 1931 1959
f 317 1845 1891
f 1845 318 1891
f 1893 316 1938
f 1845 317 1899
f 62 314 1940
f 1824 90 1897
f 1123 1149 1219
f 1106 1176 1457
f 1129 1174 1253
f 1176 1106 1240
f 1075 1116 1204
f 1099 1150 1452
f 1092 1139 1210
f 1150 1099 1232
f 1184 1750 1781
f 1751 1765 1767
f 1749 324 1764
f 1139 322 1210
f 1150 1232 1742
f 1174 320 1253
f 1210 322 1465
f 1840 1881 1906
f 326 1818 1869
f 1732 1768 1796
f 1768 1810 1871
f 1846 1852 1966
f 1769 1821 1832
f 223 1842 1962
f 329 1821 1837
f 1080 1105 1194
f 1653 1709 1716
f 1708 1736 1746
f 330 1105 1395
f 329 1823 1872
f 331 1756 1786
f 1709 1719 1789
f 1757 326 1777
f 1776 325 1803
f 1765 1154 1767
f 315 1824 1894
f 1758 333 1782
f 1194 1666 1730
f 1712 1733 1763
f 321 1177 1453
f 29 1116 1388
f 318 1887 1895
f 1827 1829 1858
f 1821 328 1832
f 1801 328 1831
f 1734 1739 1791
f 1733 1760 1812
f 1804 333 1828
f 1739 334 1791
f 302 1246 1597
f 1083 1199 1529
f 269 1132 1478
f 1083 1326 1404
f 1091 1168 1385
f 1071 1133 1436
f 308 1097 1548
f 1133 1071 1215
f 677 717 827
f 561 1286 1330
f 551 553 1273
f 658 661 1046
f 1125 1213 1536
f 339 1273 1362
f 572 604 1339
f 1115 338 1185
f 327 1819 1868
f 1725 1726 1783
f 1724 1816 1864
f 1725 341 1726
f 1080 1103 1396
f 1073 1152 1357
f 330 1653 1657
f 343 1152 1379
f 1641 1643 1671
f 344 1076 1675
f 1070 1164 1397
f 1070 1348 1371
f 1081 343 1676
f 344 1164 1369
f 1655 1735 1788
f 1073 1341 1380
f 1101 1140 1431
f 565 1137 1267
f 319 1161 1458
f 599 670 950
f 548 560 964
f 701 702 832
f 348 962 1361
f 1075 1111 1387
f 1060 1328 1441
f 1084 1141 1406
f 1109 1442 1587
f 82 594 764
f 97 1321 1325
f 1060 1162 1334
f 346 1410 1567
f 1089 1366 1377
f 1119 1346 1707
f 337 1110 1437
f 1056 1297 1307
f 350 1166 1413
f 1065 1136 1352
f 1067 1340 1375
f 342 1340 1359
f 664 674 780
f 546 552 1491
f 653 679 770
f 653 667 930
f 1055 1294 1336
f 547 549 1319
f 551 1146 1283
f 352 1294 1304
f 1 185 5108
f 4838 4885 5196
f 4838 362 4885
f 4514 4682 5189
f 364 4527 4868
f 4801 188 4858
f 4514 363 4682
f 4805 4813 4925
f 4844 4970 5124
f 4926 4972 5037
f 364 4809 4897
f 365 4886 5079
f 4813 4900 4993
f 4873 56 4896
f 200 7 4314
f 368 4285 4303
f 199 198 4325
f 4285 368 4306
f 369 4176 5127
f 370 4279 4853
f 103 371 4289
f 4176 369 4207
f 20 203 4525
f 372 203 4319
f 373 4311 5140
f 4311 373 4321
f 370 4289 5187
f 372 4311 4321
f 59 368 4317
f 4285 103 4303
f 4228 4845 4903
f 4235 4905 5085
f 4224 4948 5160
f 4671 4224 4947
f 4931 5004 5217
f 4921 4973 5129
f 4912 4918 5003
f 4911 5069 5107
f 4180 5068 5257
f 4919 5042 5247
f 4212 4850 5136
f 4920 4982 5114
f 4807 5017 5121
f 379 4919 5179
f 4750 4224 4955
f 20 4517 4860
f 381 4354 4874
f 363 4527 4859
f 4311 104 5140
f 5068 380 5257
f 4240 4882 5144
f 370 369 5181
f 4176 32 5127
f 4978 5112 5191
f 4973 5118 5185
f 4262 5082 5153
f 5021 382 5117
f 105 5156 5224
f 102 4844 4988
f 4293 382 5174
f 2 384 154
f 107 385 384
f 46 154 385
f 384 385 154
f 386 4330 4333
f 387 386 4328
f 107 388 387
f 388 33 4330
f 16 159 4355
f 46 389 159
f 108 390 4356
f 390 16 4355
f 107 387 385
f 108 4328 4537
f 46 385 389
f 387 389 385
f 391 4227 4474
f 109 392 4223
f 393 392 4234
f 391 109 4223
f 394 4178 4496
f 395 4218 4249
f 395 4209 4646
f 110 4218 4627
f 397 399 4342
f 111 398 4256
f 110 399 4252
f 4252 399 4266
f 4209 395 4217
f 4218 110 4249
f 111 392 4245
f 4217 395 4231
f 163 165 4313
f 164 51 4316
f 401 4307 4353
f 400 113 4307
f 16 402 169
f 402 4309 4322
f 170 169 4320
f 4309 403 4322
f 406 4179 4269
f 405 4290 4304
f 112 406 4214
f 405 112 4214
f 51 403 4318
f 402 112 4309
f 4290 113 4304
f 4304 400 4308
f 4330 33 4333
f 110 407 4260
f 4328 386 4537
f 399 110 4260
f 4179 406 4270
f 408 406 4239
f 4218 394 4627
f 4178 34 4496
f 16 390 402
f 108 409 390
f 112 402 4312
f 409 112 4312
f 394 408 4238
f 406 112 4239
f 108 407 4310
f 409 108 4310
f 4349 4479 4494
f 411 4351 4483
f 4479 4345 4494
f 4280 4524 4580
f 4368 4523 4643
f 414 4344 4488
f 4296 4331 4384
f 416 4281 4547
f 4278 4344 4382
f 413 4346 4650
f 4282 4472 4505
f 4296 115 4504
f 4490 4281 4637
f 4229 4732 4877
f 418 4222 4945
f 4233 4558 4914
f 4539 4222 4736
f 4378 4564 4695
f 4250 4538 4656
f 4201 4526 4794
f 419 4564 4675
f 4257 4635 4961
f 4499 4552 4657
f 4499 423 4552
f 116 4681 4871
f 4535 4582 4699
f 4558 418 4914
f 4681 420 5232
f 426 4230 4485
f 118 425 4232
f 426 4226 4393
f 120 4226 4473
f 429 4329 4561
f 4251 4602 4628
f 428 4255 4588
f 428 4261 4599
f 4187 4380 4647
f 431 4197 4583
f 4211 4365 4598
f 4365 4211 4589
f 118 428 4244
f 4251 4456 4613
f 4216 431 4583
f 4216 425 4236
f 4298 4507 5239
f 4259 4482 4572
f 413 4352 4503
f 4499 4533 4676
f 4380 432 4647
f 4379 4584 4614
f 4466 4576 4658
f 35 4378 4563
f 4327 4469 4638
f 4360 4490 4612
f 4602 427 4628
f 4456 4267 4591
f 4478 4554 4624
f 119 4365 4589
f 4470 433 4664
f 114 4612 4652
f 7 401 4305
f 4283 4286 4570
f 367 4285 4306
f 4307 113 4353
f 34 4179 4270
f 4148 4189 4578
f 405 404 4290
f 4189 438 4578
f 371 4176 4207
f 103 439 4182
f 439 4154 4161
f 4154 440 4161
f 4283 113 4286
f 4154 439 4174
f 4284 436 4287
f 4148 121 4189
f 12 426 4219
f 426 4198 4460
f 109 391 4202
f 4227 12 4474
f 4168 4193 4487
f 4151 4173 4369
f 4197 4357 4623
f 443 4369 4653
f 396 4178 4271
f 444 4186 4661
f 4152 4169 4480
f 4152 445 4660
f 4226 120 4393
f 4169 444 4480
f 391 441 4202
f 122 4173 4649
f 375 4903 4981
f 4203 4672 5120
f 4222 417 4939
f 4199 5089 5249
f 4188 5199 5221
f 4654 4866 5155
f 448 4392 5148
f 4208 4536 4579
f 449 4181 4531
f 4162 4567 5220
f 4156 450 4666
f 106 4671 4947
f 449 4567 4761
f 4540 4222 4939
f 5199 4147 5221
f 4178 445 4194
f 4139 4146 4338
f 437 4148 4171
f 4148 437 4337
f 450 4163 4795
f 4141 4157 4362
f 442 4151 4467
f 4151 442 4276
f 440 4165 4192
f 4137 4158 4571
f 447 4147 5105
f 4879 4147 5248
f 4136 4155 4297
f 453 4140 4867
f 121 4154 4174
f 4138 451 4275
f 2 289 384
f 84 462 289
f 107 384 462
f 289 462 384
f 2930 2939 2952
f 2944 2961 3045
f 3024 292 3033
f 2930 463 2939
f 33 388 466
f 107 465 388
f 2925 3029 3038
f 2925 466 3029
f 2942 464 3035
f 2961 2927 3045
f 107 462 465
f 2944 465 3030
f 10 1124 1543
f 1987 1995 2580
f 1604 1611 1630
f 467 1594 1625
f 2593 2596 2603
f 2592 2642 2651
f 2509 2564 2607
f 469 2596 2650
f 2863 2864 2994
f 87 1976 1996
f 2655 2675 2706
f 473 2706 2879
f 1987 1992 2582
f 2642 2660 2664
f 468 1683 1703
f 2645 1682 2649
f 391 393 4227
f 392 111 4234
f 474 2809 4225
f 2809 475 4225
f 399 33 4342
f 2861 2923 2954
f 398 397 4256
f 2861 477 2923
f 2654 2658 2678
f 2788 2814 2835
f 480 2696 2699
f 2654 2661 2878
f 111 477 2921
f 479 2812 2816
f 132 2788 2815
f 2825 474 2943
f 2702 473 2866
f 130 2675 2712
f 463 2927 2941
f 481 2829 2860
f 2593 2599 2653
f 482 2683 2832
f 469 2643 2648
f 2658 480 2676
f 33 466 2929
f 128 2925 2945
f 2923 476 2954
f 2926 476 2947
f 2656 482 2684
f 2810 2813 2979
f 2936 481 2951
f 2827 2672 2831
f 3 454 262
f 454 1560 1566
f 1311 262 1368
f 1368 262 1563
f 2051 2074 2150
f 1578 2023 2059
f 1578 486 4053
f 1225 266 1281
f 1258 1285 2989
f 1255 2152 3143
f 1509 488 2152
f 486 2027 2050
f 487 1557 3591
f 76 1285 4052
f 1285 484 1521
f 2201 2228 2256
f 2194 2216 2357
f 2207 2227 2259
f 2216 2194 2244
f 2071 2730 2848
f 2140 2716 2795
f 2242 2351 3082
f 2141 2332 2746
f 2223 2232 2589
f 2073 2131 2745
f 2143 2717 2914
f 2242 2406 2722
f 2874 2140 2962
f 2227 490 2259
f 2406 492 2722
f 1121 1183 1474
f 1130 1160 1484
f 1113 1580 3158
f 497 1580 3233
f 1178 1234 1500
f 1142 1186 1520
f 1159 1201 1495
f 1216 1241 2114
f 1998 2065 2101
f 1607 1990 3221
f 1503 1575 1991
f 1575 502 1991
f 499 1245 1523
f 1142 1512 1562
f 1574 1525 1596
f 80 1484 1498
f 2389 2764 2988
f 2045 2968 3111
f 2023 485 2059
f 2359 2851 2908
f 2064 2014 2886
f 2016 2032 2958
f 2133 2142 2796
f 2069 2138 2385
f 488 1226 3285
f 1509 1517 1588
f 1186 498 1520
f 25 1234 1280
f 2020 2807 2909
f 505 1508 1589
f 1517 133 1588
f 2049 503 2877
f 5 411 458
f 411 4340 4387
f 4340 506 4387
f 414 4273 4334
f 508 4335 4629
f 4296 414 4341
f 4273 507 4334
f 126 509 459
f 138 510 4336
f 3953 459 4364
f 4351 115 4483
f 510 509 4336
f 458 506 4606
f 4336 509 4359
f 426 12 4230
f 512 3899 3908
f 425 424 4232
f 3908 3899 3919
f 2546 2548 2750
f 2756 3904 3935
f 2754 2757 3928
f 2747 2759 3938
f 4329 429 4605
f 428 118 4255
f 517 3905 3952
f 3905 517 4263
f 514 3928 3932
f 3904 3929 3959
f 118 512 3903
f 3928 514 3933
f 2198 2229 2253
f 518 2409 2427
f 2196 2202 2366
f 2202 2196 2247
f 520 3916 3944
f 2530 2531 3930
f 2530 521 2531
f 2429 2430 2535
f 2189 2191 2420
f 2428 2529 2538
f 523 2420 2423
f 2415 2416 2504
f 523 2502 2541
f 2191 2346 2350
f 2410 518 2426
f 4344 36 4488
f 517 3910 3951
f 138 507 3954
f 3910 525 3951
f 524 2535 2630
f 141 2529 2533
f 2756 513 3906
f 2535 524 2623
f 510 3953 4364
f 527 3945 3948
f 520 3930 3947
f 3917 3909 3923
f 3900 3936 3941
f 2790 2529 3937
f 507 525 3954
f 3945 138 3948
f 1518 1527 3120
f 1574 3147 3234
f 1678 2103 3344
f 1527 497 3120
f 2009 2044 2134
f 3015 3068 3224
f 1990 2033 3102
f 2033 500 3102
f 2560 2602 3071
f 2482 2523 3058
f 2438 2463 2477
f 2463 2483 3228
f 1623 3119 3287
f 2457 2475 3171
f 2003 1678 3134
f 2066 530 3149
f 2229 519 2253
f 2185 2213 2246
f 489 2197 2358
f 2431 2432 2474
f 2179 2217 2306
f 2189 2417 2421
f 2217 2317 2396
f 2252 2268 2846
f 2195 2321 2347
f 2221 2324 3150
f 2177 2303 2314
f 142 2202 2247
f 536 2221 2313
f 2186 2212 2397
f 2179 2298 2318
f 12 475 3898
f 2775 2811 3927
f 3899 511 3902
f 538 2811 2838
f 2559 2591 2633
f 2506 2556 3077
f 2695 2697 2995
f 540 2594 2628
f 515 2622 2772
f 2752 2769 2801
f 2549 2561 2608
f 513 2750 2760
f 2777 2631 2782
f 2561 2611 2629
f 2752 2778 2821
f 2627 2703 2763
f 40 2134 2889
f 2169 2209 2301
f 2168 2270 2291
f 529 2291 3124
f 2431 2469 2473
f 2439 2440 2466
f 2174 2297 2315
f 534 2297 2435
f 2517 2520 3095
f 2456 2465 3229
f 2573 2579 2613
f 2447 545 2492
f 2173 2273 2294
f 2460 2461 2494
f 2438 2444 3097
f 2458 2565 2569
f 1094 1345 1446
f 552 546 1298
f 1107 1163 1318
f 1136 1227 1489
f 548 967 1372
f 1321 548 1325
f 552 1298 2093
f 673 708 852
f 1298 353 2093
f 347 930 954
f 551 1278 1347
f 584 660 1052
f 1319 549 1433
f 584 552 660
f 563 725 1468
f 274 677 985
f 657 665 751
f 554 683 785
f 675 558 1045
f 669 690 775
f 665 937 2099
f 556 670 779
f 688 776 2146
f 599 689 778
f 601 687 949
f 597 560 962
f 600 683 943
f 559 693 830
f 349 1165 1405
f 962 560 1361
f 1273 553 1362
f 604 561 707
f 1286 339 1330
f 658 340 941
f 572 561 604
f 563 712 851
f 679 555 770
f 701 740 987
f 676 716 823
f 348 716 968
f 733 769 882
f 699 272 806
f 698 568 800
f 686 728 849
f 614 726 990
f 272 829 1049
f 675 714 824
f 569 735 836
f 278 961 993
f 735 570 988
f 618 703 834
f 672 711 853
f 336 1138 1480
f 561 572 1286
f 793 571 1048
f 284 706 796
f 574 586 1310
f 78 1206 1242
f 575 610 965
f 825 615 1017
f 566 718 2714
f 693 576 1044
f 692 718 855
f 708 577 852
f 717 567 827
f 273 698 758
f 654 970 975
f 549 970 971
f 620 647 807
f 611 644 810
f 798 815 909
f 581 794 884
f 659 931 2891
f 664 685 947
f 759 571 900
f 702 583 832
f 661 553 1046
f 1278 546 1347
f 705 283 763
f 589 754 887
f 1220 270 1497
f 743 585 745
f 961 278 963
f 705 763 898
f 588 862 929
f 617 637 754
f 591 641 757
f 662 934 1980
f 673 724 2100
f 646 589 804
f 637 835 888
f 592 635 812
f 81 749 865
f 630 741 972
f 82 704 991
f 565 594 974
f 279 1267 2123
f 798 287 815
f 286 731 774
f 596 638 772
f 284 856 1043
f 597 952 981
f 548 679 969
f 718 566 858
f 733 286 769
f 557 721 857
f 556 688 956
f 600 684 942
f 554 674 946
f 670 564 950
f 770 555 953
f 602 680 939
f 677 274 784
f 1027 264 1028
f 1203 1236 2110
f 563 604 707
f 725 78 1468
f 732 766 883
f 636 771 885
f 287 651 872
f 23 996 1309
f 629 747 998
f 608 639 773
f 641 608 805
f 1205 276 1264
f 1216 275 1233
f 610 1196 1312
f 1137 565 1287
f 580 773 895
f 647 845 916
f 612 649 842
f 81 795 899
f 761 585 867
f 760 613 879
f 712 578 979
f 695 567 696
f 575 615 697
f 700 615 825
f 616 694 983
f 677 559 1019
f 586 617 1332
f 713 273 744
f 583 618 739
f 701 569 702
f 619 736 1023
f 282 711 984
f 767 595 843
f 643 285 877
f 652 595 876
f 813 621 923
f 622 713 1051
f 78 725 1438
f 623 723 2720
f 557 708 2105
f 624 722 2149
f 26 720 2108
f 632 651 1006
f 1261 625 1481
f 862 607 976
f 257 1000 1416
f 996 626 1309
f 791 603 860
f 860 603 907
f 797 814 910
f 799 628 926
f 629 1000 1002
f 748 281 803
f 1000 629 1416
f 630 742 986
f 703 570 761
f 869 798 1041
f 802 280 928
f 768 595 871
f 651 632 872
f 587 633 811
f 747 746 999
f 634 768 871
f 1027 634 1032
f 613 635 818
f 862 588 1025
f 759 605 897
f 732 581 766
f 800 591 902
f 750 589 831
f 801 598 893
f 722 566 2521
f 598 639 777
f 731 580 801
f 640 793 1050
f 795 640 899
f 608 641 753
f 757 641 903
f 814 606 911
f 798 606 1041
f 643 1029 1037
f 285 791 809
f 627 644 808
f 750 79 861
f 612 645 863
f 865 645 912
f 609 646 1486
f 609 589 646
f 860 611 906
f 730 580 841
f 620 648 844
f 731 286 847
f 621 649 846
f 733 581 813
f 628 650 864
f 749 588 799
f 642 651 905
f 1003 625 1008
f 632 652 876
f 1006 77 1033
f 653 729 980
f 579 547 967
f 937 550 2099
f 655 549 738
f 582 655 738
f 2093 655 2120
f 654 656 734
f 729 347 932
f 660 582 737
f 659 550 931
f 551 584 658
f 660 340 1052
f 970 654 971
f 756 550 2106
f 582 660 2126
f 340 660 737
f 674 562 780
f 682 553 790
f 662 936 2115
f 670 556 957
f 663 933 1039
f 781 663 2999
f 657 664 938
f 554 751 2097
f 665 756 2089
f 683 554 945
f 714 675 1045
f 555 687 787
f 667 671 782
f 347 690 958
f 933 590 1039
f 556 934 2005
f 656 669 752
f 690 669 958
f 669 670 957
f 690 564 775
f 687 601 787
f 689 564 948
f 599 672 951
f 282 778 1020
f 673 955 2902
f 688 557 776
f 683 600 785
f 684 562 942
f 675 786 1047
f 687 558 949
f 666 676 783
f 962 348 966
f 600 677 784
f 683 559 943
f 678 781 2999
f 720 678 2108
f 560 597 964
f 952 555 981
f 553 661 680
f 685 562 788
f 602 681 940
f 686 681 959
f 602 682 790
f 707 561 960
f 663 683 945
f 693 559 2586
f 681 602 789
f 680 562 939
f 661 685 788
f 661 658 941
f 681 686 792
f 728 686 1012
f 597 666 952
f 676 558 783
f 670 599 779
f 672 557 951
f 601 689 948
f 740 282 987
f 930 667 954
f 671 564 782
f 691 765 890
f 806 272 896
f 636 596 771
f 566 772 892
f 678 693 2586
f 720 576 828
f 800 568 904
f 567 726 822
f 695 696 819
f 274 728 1012
f 726 614 822
f 727 578 989
f 558 676 697
f 716 575 823
f 614 698 821
f 726 568 990
f 694 699 820
f 829 272 1016
f 615 700 982
f 704 700 991
f 675 701 978
f 714 569 824
f 735 618 836
f 618 583 702
f 703 761 867
f 834 703 1021
f 594 593 764
f 570 741 868
f 705 709 838
f 283 834 1021
f 721 573 1024
f 709 571 839
f 681 707 960
f 712 563 1022
f 721 623 857
f 723 577 2720
f 619 709 839
f 619 583 709
f 706 710 837
f 856 710 1043
f 740 619 840
f 840 619 1015
f 686 712 1022
f 728 578 849
f 586 713 744
f 586 574 713
f 615 714 826
f 700 569 982
f 594 82 974
f 610 565 965
f 348 610 716
f 610 575 716
f 693 616 830
f 694 567 983
f 624 718 858
f 724 577 2147
f 691 719 854
f 829 719 1049
f 724 624 859
f 722 576 2149
f 557 672 721
f 711 573 853
f 691 722 2521
f 719 576 854
f 284 692 723
f 718 577 855
f 624 724 2147
f 26 724 859
f 712 622 851
f 713 574 1051
f 567 694 726
f 699 568 820
f 614 727 989
f 698 273 821
f 274 695 728
f 696 578 819
f 654 729 932
f 970 579 975
f 730 841 914
f 79 810 908
f 731 847 915
f 580 807 917
f 645 612 817
f 581 842 925
f 733 813 923
f 286 733 848
f 550 659 734
f 971 654 2897
f 569 700 735
f 704 570 833
f 571 706 1042
f 710 573 837
f 582 657 737
f 685 340 947
f 659 738 973
f 931 582 2891
f 283 705 739
f 709 583 838
f 832 583 1018
f 282 740 840
f 570 704 741
f 764 593 866
f 994 587 1001
f 745 585 875
f 743 745 873
f 763 283 881
f 637 617 835
f 617 586 744
f 633 745 875
f 633 613 745
f 816 633 874
f 874 633 977
f 747 629 1013
f 73 747 999
f 748 760 879
f 281 748 816
f 793 592 1050
f 588 812 880
f 750 831 886
f 79 757 903
f 674 664 946
f 664 657 751
f 934 662 2005
f 936 656 2115
f 568 699 753
f 806 608 901
f 589 276 754
f 276 617 754
f 755 1038 2145
f 724 26 2100
f 662 756 2106
f 590 1980 2157
f 79 750 757
f 831 591 886
f 591 637 758
f 835 273 888
f 640 759 900
f 640 605 759
f 812 635 880
f 635 613 760
f 741 630 868
f 742 585 986
f 749 762 878
f 749 81 762
f 635 763 881
f 635 592 763
f 704 764 866
f 704 82 764
f 772 638 892
f 638 598 765
f 794 636 884
f 636 605 766
f 767 843 919
f 815 287 924
f 647 620 845
f 843 595 920
f 638 769 891
f 638 596 769
f 667 770 953
f 667 653 770
f 692 771 889
f 692 284 771
f 718 692 2714
f 771 596 889
f 580 730 773
f 805 608 894
f 598 638 774
f 769 286 891
f 564 670 775
f 670 669 775
f 708 673 2105
f 955 668 2902
f 272 691 777
f 765 598 890
f 711 672 984
f 672 599 778
f 599 688 779
f 688 556 779
f 562 685 780
f 685 664 780
f 559 683 781
f 683 663 781
f 564 690 782
f 690 667 782
f 558 687 783
f 687 666 783
f 274 684 784
f 684 600 784
f 600 674 785
f 674 554 785
f 778 689 1020
f 689 601 786
f 601 671 787
f 671 555 787
f 562 680 788
f 680 661 788
f 602 684 789
f 684 274 789
f 553 680 790
f 680 602 790
f 285 643 791
f 1029 603 1037
f 563 707 792
f 707 681 792
f 705 793 1048
f 763 592 898
f 581 733 794
f 769 596 882
f 81 732 795
f 766 605 883
f 605 636 796
f 771 284 885
f 996 631 1010
f 870 606 1009
f 642 798 869
f 651 287 905
f 862 650 929
f 650 628 799
f 641 800 904
f 641 591 800
f 773 639 895
f 639 598 801
f 626 802 1004
f 996 280 1011
f 1013 629 1014
f 1000 607 1002
f 589 750 804
f 861 627 913
f 730 805 894
f 730 79 805
f 639 806 896
f 639 608 806
f 580 731 807
f 847 620 915
f 277 808 1031
f 646 627 1034
f 611 647 809
f 845 285 916
f 79 730 810
f 841 611 914
f 585 742 811
f 1001 587 1007
f 588 749 812
f 762 592 878
f 842 649 925
f 649 621 813
f 645 814 911
f 645 628 814
f 649 815 924
f 649 612 815
f 613 633 816
f 281 816 874
f 732 817 922
f 732 81 817
f 283 743 818
f 745 613 873
f 578 728 819
f 728 695 819
f 568 726 820
f 726 694 820
f 273 727 821
f 727 614 821
f 614 696 822
f 696 567 822
f 575 697 823
f 697 676 823
f 569 701 824
f 701 675 824
f 715 825 1017
f 715 82 825
f 558 697 826
f 697 615 826
f 567 695 827
f 695 274 985
f 576 693 828
f 693 678 828
f 694 829 1016
f 694 616 829
f 616 717 830
f 717 677 1019
f 754 637 887
f 637 591 831
f 740 832 1018
f 740 701 832
f 570 735 833
f 735 700 833
f 283 739 834
f 739 618 834
f 617 744 835
f 744 273 835
f 618 702 836
f 702 569 836
f 573 736 837
f 736 571 1042
f 583 739 838
f 739 705 838
f 571 736 839
f 736 619 839
f 711 840 1015
f 711 282 840
f 807 647 917
f 647 611 841
f 581 732 842
f 817 612 922
f 648 843 920
f 648 621 843
f 595 768 844
f 845 620 918
f 768 845 918
f 768 285 845
f 287 767 846
f 843 621 919
f 848 648 921
f 648 620 847
f 621 648 848
f 286 848 921
f 578 712 849
f 712 686 849
f 273 713 850
f 713 622 850
f 622 725 851
f 725 563 851
f 577 724 852
f 724 673 852
f 573 721 853
f 721 672 853
f 576 722 854
f 722 691 854
f 577 723 855
f 723 692 855
f 284 723 856
f 723 623 856
f 623 708 857
f 708 557 857
f 566 722 858
f 722 624 858
f 624 720 859
f 720 26 859
f 644 860 907
f 644 611 860
f 810 644 908
f 644 627 861
f 748 862 1025
f 803 607 927
f 606 798 863
f 815 612 909
f 280 797 864
f 814 628 910
f 628 645 865
f 81 865 912
f 593 741 866
f 741 704 866
f 585 743 867
f 743 703 867
f 630 761 868
f 761 570 868
f 869 870 1036
f 642 1003 1008
f 631 870 1009
f 631 268 870
f 595 652 871
f 652 634 871
f 632 767 872
f 767 287 872
f 613 818 873
f 818 743 873
f 746 874 977
f 746 281 874
f 585 811 875
f 811 633 875
f 595 767 876
f 767 632 876
f 285 768 877
f 768 634 877
f 592 812 878
f 812 749 878
f 613 816 879
f 816 748 879
f 635 760 880
f 760 588 880
f 283 818 881
f 818 635 881
f 596 794 882
f 794 733 882
f 605 795 883
f 795 732 883
f 636 766 884
f 766 581 884
f 284 796 885
f 796 636 885
f 591 757 886
f 757 750 886
f 637 831 887
f 831 589 887
f 273 758 888
f 758 637 888
f 596 772 889
f 772 692 889
f 598 777 890
f 777 691 890
f 286 774 891
f 774 638 891
f 638 765 892
f 765 566 892
f 598 774 893
f 774 731 893
f 608 773 894
f 773 730 894
f 639 801 895
f 801 580 895
f 272 777 896
f 777 639 896
f 605 796 897
f 796 706 897
f 592 793 898
f 793 705 898
f 640 762 899
f 762 81 899
f 571 793 900
f 793 640 900
f 608 753 901
f 753 699 901
f 591 758 902
f 758 698 902
f 641 805 903
f 805 79 903
f 568 753 904
f 753 641 904
f 287 798 905
f 798 642 905
f 611 809 906
f 809 791 906
f 603 808 907
f 808 644 907
f 644 861 908
f 861 79 908
f 612 863 909
f 863 798 909
f 628 864 910
f 864 797 910
f 606 863 911
f 863 645 911
f 645 817 912
f 817 81 912
f 627 804 913
f 804 750 913
f 611 810 914
f 810 730 914
f 620 807 915
f 807 731 915
f 285 809 916
f 809 647 916
f 647 841 917
f 841 580 917
f 620 844 918
f 844 768 918
f 621 846 919
f 846 767 919
f 595 844 920
f 844 648 920
f 648 847 921
f 847 286 921
f 612 842 922
f 842 732 922
f 621 848 923
f 848 733 923
f 287 846 924
f 846 649 924
f 649 813 925
f 813 581 925
f 628 865 926
f 865 749 926
f 607 862 927
f 862 748 927
f 280 864 928
f 864 650 928
f 650 799 929
f 799 588 929
f 347 729 930
f 729 653 930
f 665 657 937
f 657 582 931
f 669 656 935
f 656 654 932
f 751 665 2097
f 756 590 2089
f 776 668 2146
f 755 590 1038
f 656 932 935
f 932 347 935
f 550 734 936
f 734 656 936
f 657 931 937
f 931 550 937
f 340 737 938
f 737 657 938
f 562 684 939
f 684 602 939
f 561 682 940
f 682 602 940
f 340 685 941
f 685 661 941
f 562 674 942
f 674 600 942
f 559 677 943
f 677 600 943
f 755 944 2710
f 26 944 2719
f 554 933 945
f 933 663 945
f 664 751 946
f 751 554 946
f 340 938 947
f 938 664 947
f 564 671 948
f 671 601 948
f 558 675 949
f 786 601 1047
f 564 689 950
f 689 599 950
f 557 688 951
f 688 599 951
f 666 687 952
f 687 555 952
f 555 671 953
f 671 667 953
f 667 690 954
f 690 347 954
f 944 755 2719
f 1038 668 2145
f 668 934 956
f 934 556 956
f 556 752 957
f 752 669 957
f 669 935 958
f 935 347 958
f 681 789 959
f 789 274 959
f 561 940 960
f 940 681 960
f 630 961 963
f 741 593 972
f 666 962 966
f 666 597 962
f 742 963 1005
f 742 630 963
f 597 679 964
f 679 548 964
f 565 715 965
f 715 575 965
f 716 676 968
f 676 666 966
f 679 653 969
f 729 579 980
f 676 966 968
f 966 348 968
f 653 967 969
f 967 548 969
f 549 547 970
f 547 579 970
f 659 971 2897
f 738 549 973
f 593 961 972
f 961 630 972
f 549 971 973
f 971 659 973
f 82 715 974
f 715 565 974
f 579 729 975
f 729 654 975
f 607 802 976
f 802 650 976
f 633 587 977
f 587 746 977
f 282 786 978
f 786 675 978
f 578 727 979
f 727 622 979
f 579 967 980
f 967 653 980
f 555 679 981
f 679 597 981
f 569 714 982
f 714 615 982
f 567 717 983
f 717 616 983
f 672 778 984
f 778 282 984
f 677 827 985
f 827 695 985
f 585 761 986
f 761 630 986
f 282 978 987
f 978 701 987
f 570 703 988
f 703 618 988
f 578 696 989
f 696 614 989
f 568 698 990
f 698 614 990
f 700 825 991
f 825 82 991
f 747 73 998
f 994 278 1217
f 1140 1212 1524
f 746 587 997
f 278 994 1001
f 997 994 1454
f 594 279 1331
f 961 593 995
f 1251 631 1317
f 280 996 1010
f 587 994 997
f 73 997 1454
f 992 629 998
f 73 992 998
f 746 997 999
f 997 73 999
f 257 626 1000
f 802 607 1004
f 742 1001 1007
f 963 278 1005
f 607 803 1002
f 803 629 1002
f 642 869 1003
f 870 268 1036
f 607 1000 1004
f 1000 626 1004
f 278 1001 1005
f 1001 742 1005
f 1261 267 1313
f 632 1006 1033
f 587 811 1007
f 811 742 1007
f 625 651 1008
f 651 642 1008
f 606 797 1009
f 797 631 1009
f 631 797 1010
f 797 280 1010
f 280 802 1011
f 802 626 1011
f 686 959 1012
f 959 274 1012
f 281 746 1013
f 746 747 1013
f 629 803 1014
f 803 281 1014
f 736 573 1023
f 573 711 1015
f 272 699 1016
f 699 694 1016
f 615 575 1017
f 575 715 1017
f 583 619 1018
f 619 740 1018
f 559 830 1019
f 830 717 1019
f 689 786 1020
f 786 282 1020
f 703 743 1021
f 743 283 1021
f 563 792 1022
f 792 686 1022
f 573 1015 1023
f 1015 619 1023
f 573 710 1024
f 710 623 1024
f 588 760 1025
f 760 748 1025
f 808 603 1031
f 643 264 1029
f 634 1027 1028
f 77 1027 1032
f 264 643 1028
f 877 634 1040
f 264 1026 1029
f 1026 603 1029
f 77 1006 1030
f 1006 625 1030
f 603 1026 1031
f 1241 277 2391
f 634 652 1032
f 77 1032 1035
f 1032 652 1035
f 652 632 1033
f 627 808 1034
f 808 277 1034
f 652 1033 1035
f 1033 77 1035
f 268 1003 1036
f 1003 869 1036
f 603 791 1037
f 791 643 1037
f 1980 934 2157
f 934 668 1038
f 590 755 1039
f 944 663 2710
f 634 1028 1040
f 1028 643 1040
f 606 870 1041
f 870 869 1041
f 706 837 1042
f 837 736 1042
f 706 284 1043
f 710 706 1043
f 576 719 1044
f 719 616 1044
f 558 826 1045
f 826 714 1045
f 553 551 1046
f 551 658 1046
f 601 949 1047
f 949 675 1047
f 571 709 1048
f 709 705 1048
f 691 272 1049
f 719 691 1049
f 592 762 1050
f 762 640 1050
f 574 725 1051
f 725 622 1051
f 340 658 1052
f 658 584 1052
f 1057 1095 1295
f 1082 1349 1367
f 1117 1053 1302
f 1095 1324 1539
f 97 1141 1235
f 1103 29 1396
f 1110 1063 1200
f 1077 1126 1391
f 547 1318 1564
f 1345 351 1446
f 338 1115 1421
f 1199 1058 1529
f 1141 1084 1235
f 1111 323 1387
f 1085 1120 1410
f 1328 1060 1335
f 1117 1302 2156
f 1152 1061 1357
f 1346 1056 1707
f 1110 337 1344
f 1063 1147 1337
f 1297 351 1307
f 1064 1296 1305
f 345 1119 1306
f 1294 1055 1304
f 1141 1065 1351
f 1304 1055 1353
f 1340 342 1526
f 1661 1081 1664
f 342 1170 1430
f 85 1647 1663
f 1158 1068 1398
f 1069 1342 1370
f 1074 1069 1365
f 1656 1710 1721
f 1366 1069 1377
f 1097 1078 1187
f 1091 1374 1440
f 1342 1062 1370
f 1168 1072 1385
f 1164 344 1401
f 1152 1073 1379
f 1069 1074 1378
f 1603 1074 1646
f 1086 1166 1415
f 1116 1075 1388
f 1164 1070 1369
f 85 1721 1838
f 1077 1373 1434
f 308 1168 1439
f 1078 1167 1435
f 1115 1078 1421
f 346 1137 1287
f 1161 319 1221
f 1090 1170 1423
f 1105 1080 1395
f 1081 1169 1422
f 1152 343 1358
f 344 1068 1376
f 1349 1082 1402
f 1132 1128 1211
f 10 1181 1473
f 1084 1179 1408
f 349 1328 1335
f 1085 1190 1531
f 91 1334 1565
f 1162 1059 1333
f 1141 350 1406
f 1087 1355 1425
f 1388 1087 1418
f 1340 1067 1359
f 1653 1652 1661
f 1076 1070 1384
f 1348 345 1371
f 1355 1066 1425
f 1170 1090 1430
f 1110 1071 1437
f 1097 308 1420
f 1328 1059 1441
f 1139 1092 1443
f 95 1133 1215
f 1138 336 1250
f 1094 1143 1289
f 1146 95 1283
f 1119 1054 1346
f 1293 1053 1322
f 93 1736 1761
f 1177 1153 1737
f 1078 1097 1420
f 1098 1097 1451
f 1118 303 1629
f 1148 1118 1629
f 323 1139 1443
f 1116 321 1204
f 1095 1057 1324
f 1318 353 1460
f 1101 1392 1544
f 1101 1202 1432
f 1140 1101 1212
f 1097 1449 1548
f 1662 1601 1673
f 1666 332 1730
f 29 1103 1191
f 1326 1093 1386
f 1146 339 1459
f 331 1716 1787
f 1194 1105 1666
f 1149 319 1219
f 1057 1107 1208
f 1294 352 1323
f 1199 1083 1403
f 1132 269 1479
f 1109 1135 1223
f 91 1176 1240
f 1063 1110 1344
f 1215 1110 1542
f 1177 1099 1453
f 1139 323 1209
f 1165 349 1244
f 610 348 1196
f 496 1249 1540
f 1183 271 1474
f 1093 1114 1197
f 1185 338 1389
f 1115 1185 1382
f 1213 89 1536
f 1667 1096 1670
f 321 1116 1448
f 1117 1303 1553
f 1294 1053 1336
f 1612 303 1617
f 1471 1118 1535
f 1164 1064 1397
f 1296 1054 1305
f 1202 1079 1533
f 1137 346 1218
f 1182 1518 3435
f 1181 1121 1473
f 1202 9 1432
f 1124 1505 3183
f 1246 1124 1597
f 1125 1327 1399
f 1199 1403 2109
f 1599 1650 1669
f 27 1603 1646
f 271 1151 1485
f 1181 269 1252
f 1128 1207 3164
f 1326 336 1404
f 1130 1188 1249
f 1151 1130 1485
f 1217 256 1237
f 1128 1132 1479
f 78 1132 1211
f 1146 1114 1224
f 338 1133 1461
f 1102 1134 1616
f 1102 308 1134
f 1154 324 1229
f 967 547 1372
f 352 1163 1462
f 1137 1218 1538
f 1140 279 1431
f 572 1138 1250
f 604 78 1339
f 1099 1139 1209
f 1150 322 1452
f 1217 993 1271
f 995 279 1470
f 1136 1065 1227
f 350 1141 1351
f 1569 1585 2376
f 499 1142 1537
f 1100 1143 1456
f 1298 546 1299
f 1492 1144 1590
f 1600 1624 2098
f 1223 1135 1487
f 1192 324 1231
f 1114 1146 1459
f 95 1146 1224
f 1155 1062 1363
f 1306 1056 1338
f 1098 1148 1514
f 1213 1148 1551
f 1392 1079 1544
f 319 1149 1393
f 1202 1149 1568
f 324 1154 1764
f 322 1150 1494
f 1127 1151 1228
f 1206 270 1477
f 1067 1152 1358
f 1340 1061 1375
f 1116 1096 1448
f 1733 334 1763
f 1150 1154 1229
f 1232 92 1742
f 1072 1155 1363
f 1126 27 1391
f 1161 1106 1458
f 1174 260 1230
f 1123 1156 1475
f 1066 1157 1350
f 1166 350 1419
f 1073 1158 1398
f 1341 96 1380
f 1159 1180 1245
f 1205 1159 1496
f 1160 1198 1263
f 80 1205 1496
f 1085 1161 1221
f 91 1161 1411
f 1162 1333 2154
f 91 1442 1466
f 1352 1136 1490
f 1276 547 1282
f 1082 1164 1401
f 1349 1064 1367
f 560 1165 1244
f 560 548 1321
f 1087 1166 1419
f 1388 1075 1409
f 1168 1091 1439
f 1374 337 1440
f 1618 1077 1628
f 1373 1072 1434
f 1395 1088 1424
f 1359 1067 1394
f 1088 1170 1427
f 1395 1080 1426
f 1249 496 1530
f 271 1171 1247
f 1108 1172 1463
f 1124 1172 1543
f 1571 1593 1636
f 1124 10 1505
f 1106 1174 1230
f 1176 320 1457
f 260 1174 1483
f 1090 1175 1414
f 1396 29 1429
f 1442 1109 1466
f 320 1223 1487
f 321 1153 1177
f 1232 1177 1740
f 1142 499 1541
f 1201 275 1495
f 1166 1086 1413
f 1329 1059 1400
f 1216 1178 1499
f 1186 1142 1541
f 1172 1108 1248
f 269 1181 1464
f 1171 1113 1247
f 1518 1182 1527
f 1132 1127 1478
f 1151 271 1228
f 1193 1145 1256
f 324 1184 1752
f 1256 1184 1795
f 1093 1185 1389
f 1326 1058 1528
f 1178 1186 1238
f 1234 498 1500
f 1078 1115 1187
f 89 1187 1534
f 1189 1144 1257
f 1249 1188 1540
f 1144 1189 1590
f 80 1189 1257
f 1112 1190 1467
f 1335 1060 1407
f 1096 1116 1191
f 1116 29 1191
f 1135 1192 1231
f 1465 322 1488
f 1145 1193 1493
f 75 1193 1256
f 1129 1193 1482
f 1103 1194 1667
f 1103 1080 1194
f 1335 1112 1469
f 348 1195 1270
f 1195 1112 1270
f 1190 346 1467
f 339 1104 1197
f 1104 1093 1197
f 1310 586 1354
f 617 276 1332
f 1535 1125 1546
f 1327 1058 1399
f 1063 1094 1200
f 95 1200 1445
f 589 609 1381
f 275 1201 1315
f 1149 1202 1533
f 9 1202 1568
f 1241 1026 1268
f 1547 1203 1549
f 321 1111 1204
f 1111 1075 1204
f 1484 1160 1498
f 1198 276 1263
f 725 574 1438
f 270 1310 1354
f 1181 1108 1464
f 1403 1083 1532
f 1298 1100 1455
f 1100 1057 1208
f 323 1111 1209
f 1111 1099 1209
f 1109 1210 1465
f 1442 1092 1587
f 1128 1138 1211
f 1138 78 1211
f 1101 1122 1212
f 1122 256 1212
f 1118 1148 1213
f 89 1213 1551
f 626 257 1214
f 1071 1110 1215
f 95 1215 1542
f 1234 1178 1280
f 275 1216 1499
f 278 993 1217
f 256 1217 1271
f 1410 1120 1567
f 1120 1079 1218
f 319 1156 1219
f 1156 1123 1219
f 1160 1220 1497
f 1160 1130 1220
f 319 1120 1221
f 1120 1085 1221
f 1555 505 1561
f 1512 1506 1559
f 320 1176 1223
f 1176 1109 1223
f 1114 1133 1224
f 1133 95 1224
f 1279 265 1292
f 1274 1260 2407
f 1222 2125 2127
f 1236 1226 3740
f 1065 1141 1227
f 1141 97 1227
f 271 1183 1228
f 1183 1127 1228
f 324 1192 1229
f 1192 322 1494
f 260 1156 1230
f 1156 1106 1230
f 1184 1145 1752
f 1145 1135 1231
f 1099 1177 1232
f 92 1232 1740
f 1201 609 1315
f 646 277 1486
f 1226 488 2125
f 1222 498 1234
f 1084 1165 1235
f 1165 97 1235
f 1226 1236 1290
f 25 1236 3740
f 1131 994 1237
f 256 1131 1237
f 1245 1180 1523
f 1180 1178 1238
f 1106 1161 1240
f 1161 91 1240
f 1026 1241 2391
f 25 1241 1268
f 1127 1132 1242
f 1132 78 1242
f 1225 1243 1291
f 1225 1203 1547
f 349 1195 1244
f 1195 560 1244
f 499 1189 1245
f 1189 1159 1245
f 1472 304 3299
f 1172 1124 1246
f 1182 1247 3168
f 1182 271 1247
f 1108 1181 1248
f 1181 10 1248
f 1171 1249 1530
f 1171 1130 1249
f 336 1104 1250
f 1104 572 1250
f 268 631 1251
f 23 1251 1317
f 23 1239 1251
f 269 1183 1252
f 1183 1121 1252
f 320 1193 1253
f 1193 1129 1253
f 268 1261 1481
f 1266 1254 1320
f 76 1274 2407
f 1236 266 1290
f 1145 1184 1256
f 75 1256 1795
f 1144 1188 1257
f 1188 80 1257
f 1285 487 2989
f 266 1258 1301
f 1266 263 1269
f 1288 265 1300
f 266 1225 1260
f 1243 265 1291
f 1254 1261 1316
f 1254 267 1261
f 1258 1255 1301
f 2152 488 3143
f 276 1205 1263
f 1205 1160 1263
f 276 1201 1264
f 1201 1159 1264
f 255 1254 1265
f 1261 268 1316
f 1239 255 1265
f 263 1308 1447
f 1254 1266 1554
f 279 594 1267
f 594 565 1267
f 1026 1203 1268
f 1236 25 2110
f 263 1259 1269
f 1259 267 1269
f 1112 1196 1270
f 1196 348 1270
f 993 1140 1271
f 1212 256 1524
f 1254 255 1272
f 339 1146 1273
f 1146 551 1273
f 1285 1258 4052
f 1258 266 1274
f 267 1259 1275
f 1259 77 1275
f 1136 1276 1282
f 1227 97 1489
f 1222 1234 1277
f 1234 25 1277
f 1200 1094 1445
f 1143 546 1289
f 77 1259 1279
f 1259 265 1279
f 1178 1216 1280
f 1241 25 2114
f 266 1236 1281
f 1236 1203 1281
f 1318 1163 1564
f 1163 1136 1282
f 95 1278 1283
f 1278 551 1283
f 277 1241 1284
f 1241 1216 1284
f 1368 484 1522
f 487 1285 1521
f 572 1104 1286
f 1104 339 1286
f 565 610 1287
f 1196 346 1312
f 1288 1300 2408
f 76 1311 1368
f 546 1278 1289
f 1278 1094 1289
f 266 1262 1290
f 1262 1226 1290
f 265 1260 1291
f 1260 1225 1291
f 265 1243 1292
f 1243 1027 1292
f 1293 1322 2155
f 96 1349 1402
f 1057 1294 1323
f 1095 1053 1295
f 1053 1294 1295
f 1294 1057 1295
f 96 1293 1296
f 1322 1054 2155
f 1095 1297 1550
f 1324 351 1539
f 1100 1298 1299
f 353 1298 1455
f 546 1143 1299
f 1143 1100 1299
f 265 1259 1300
f 1259 263 1300
f 1255 1262 1301
f 1262 266 1301
f 1053 1293 1302
f 1293 1061 1302
f 1175 1066 1414
f 1157 1055 1350
f 1065 1304 1353
f 352 1352 1490
f 1054 1119 1305
f 1119 1064 1305
f 1062 1306 1338
f 345 1366 1428
f 1094 1063 1345
f 1147 1056 1337
f 263 1266 1308
f 1266 72 1308
f 254 1308 1360
f 626 1214 1309
f 1214 23 1309
f 270 1206 1310
f 1206 574 1310
f 76 1288 1311
f 1300 263 2408
f 346 1287 1312
f 1287 610 1312
f 267 1030 1313
f 1030 625 1313
f 268 1251 1314
f 1251 1239 1314
f 609 1233 1315
f 1233 275 1315
f 268 1265 1316
f 1265 1254 1316
f 631 996 1317
f 996 23 1317
f 353 1319 1433
f 1107 1318 1460
f 353 1318 1319
f 1318 547 1319
f 1254 1272 1320
f 1272 72 1320
f 97 1165 1321
f 1165 560 1321
f 1053 1095 1322
f 1297 1054 1550
f 1163 1107 1462
f 1107 1057 1323
f 1057 1100 1324
f 1143 351 1456
f 548 1276 1325
f 1276 97 1325
f 1093 1326 1528
f 336 1326 1386
f 1187 1115 1534
f 1185 1058 1382
f 1165 1084 1405
f 1179 1059 1408
f 1086 1329 1400
f 1387 323 1412
f 339 682 1330
f 682 561 1330
f 279 995 1331
f 995 593 1331
f 276 1198 1332
f 1198 586 1332
f 1059 1329 1333
f 1329 1092 1333
f 1161 1085 1411
f 1190 1060 1531
f 1112 1335 1407
f 349 1335 1469
f 1053 1117 1336
f 1303 1055 1553
f 1056 1307 1337
f 1307 1063 1337
f 1056 1147 1338
f 1147 1062 1338
f 78 1138 1339
f 1138 572 1339
f 1117 1340 1526
f 1302 1061 2156
f 1061 1293 1341
f 1293 96 1341
f 345 1306 1342
f 1306 1062 1342
f 1062 1147 1343
f 1147 337 1343
f 337 1147 1344
f 1147 1063 1344
f 1063 1307 1345
f 1307 351 1345
f 1054 1297 1346
f 1297 1056 1346
f 552 584 1491
f 584 551 1347
f 1064 1119 1348
f 1119 345 1348
f 96 1296 1349
f 1296 1064 1349
f 1055 1303 1350
f 1303 1066 1350
f 1065 1157 1351
f 1157 350 1351
f 352 1304 1352
f 1304 1065 1352
f 1055 1157 1353
f 1157 1065 1353
f 586 1198 1354
f 1198 270 1354
f 350 1157 1355
f 1157 1066 1355
f 1066 1303 1356
f 1303 342 1356
f 1061 1341 1357
f 1341 1073 1357
f 343 1081 1358
f 1169 1067 1422
f 1088 1359 1394
f 1170 342 1427
f 1308 72 1360
f 560 1195 1361
f 1195 348 1361
f 553 682 1362
f 682 339 1362
f 1062 1343 1363
f 1343 1072 1363
f 94 1732 1792
f 1640 343 1677
f 1069 1155 1365
f 1155 27 1365
f 345 1342 1366
f 1342 1069 1366
f 1064 1164 1367
f 1164 1082 1367
f 484 1368 1563
f 76 1368 1522
f 1070 1076 1369
f 1076 344 1369
f 1062 1155 1370
f 1155 1069 1370
f 1366 1089 1428
f 1377 299 1645
f 547 1276 1372
f 1276 548 1372
f 27 1155 1373
f 1155 1072 1373
f 1072 1343 1374
f 1343 337 1374
f 1061 1152 1375
f 1152 1067 1375
f 1068 1158 1376
f 1158 1082 1376
f 299 1643 1745
f 1089 1377 1645
f 299 1377 1378
f 1377 1069 1378
f 1073 1364 1379
f 1364 343 1379
f 96 1158 1380
f 1158 1073 1380
f 609 1201 1381
f 1201 276 1381
f 1058 1327 1382
f 1327 1115 1382
f 1070 1371 1383
f 1371 1089 1383
f 1070 1383 1384
f 1383 299 1384
f 1072 1374 1385
f 1374 1091 1385
f 1093 1104 1386
f 1104 336 1386
f 1086 1387 1412
f 1166 1075 1415
f 1087 1388 1409
f 29 1388 1418
f 1133 1114 1461
f 1114 1093 1389
f 1077 1168 1390
f 1168 308 1390
f 27 1373 1391
f 1373 1077 1391
f 1267 1137 2123
f 1218 1079 1538
f 1079 1120 1393
f 1120 319 1393
f 1067 1169 1394
f 1169 1088 1394
f 1088 1395 1426
f 330 1395 1424
f 1090 1396 1429
f 1170 1080 1423
f 1064 1348 1397
f 1348 1070 1397
f 1068 1364 1398
f 1364 1073 1398
f 1058 1199 1399
f 1199 1125 1399
f 1059 1179 1400
f 1179 1086 1400
f 344 1376 1401
f 1376 1082 1401
f 1082 1158 1402
f 1158 96 1402
f 1108 1403 1532
f 1172 304 1463
f 1138 1128 1480
f 1207 1083 3164
f 1084 1328 1405
f 1328 349 1405
f 350 1179 1406
f 1179 1084 1406
f 1060 1190 1407
f 1190 1112 1407
f 1059 1328 1408
f 1328 1084 1408
f 1075 1166 1409
f 1166 1087 1409
f 346 1190 1410
f 1190 1085 1410
f 1085 1334 1411
f 1334 91 1411
f 323 1329 1412
f 1329 1086 1412
f 1086 1179 1413
f 1179 350 1413
f 1066 1356 1414
f 1356 1090 1414
f 1075 1387 1415
f 1387 1086 1415
f 629 992 1416
f 992 257 1416
f 1071 1167 1417
f 1167 1091 1417
f 1087 1175 1418
f 1175 29 1418
f 350 1355 1419
f 1355 1087 1419
f 308 1167 1420
f 1167 1078 1420
f 1133 338 1436
f 1167 1071 1435
f 1067 1358 1422
f 1358 1081 1422
f 1080 1396 1423
f 1396 1090 1423
f 1088 1169 1424
f 1169 330 1424
f 1066 1175 1425
f 1175 1087 1425
f 1080 1170 1426
f 1170 1088 1426
f 342 1359 1427
f 1359 1088 1427
f 1089 1371 1428
f 1371 345 1428
f 29 1175 1429
f 1175 1090 1429
f 1090 1356 1430
f 1356 342 1430
f 279 1392 1431
f 1392 1101 1431
f 1122 1101 1432
f 9 1122 1432
f 549 655 1433
f 655 353 1433
f 1072 1168 1434
f 1168 1077 1434
f 1071 1421 1435
f 1421 1078 1435
f 338 1421 1436
f 1421 1071 1436
f 1071 1417 1437
f 1417 337 1437
f 574 1206 1438
f 1206 78 1438
f 1091 1167 1439
f 1167 308 1439
f 337 1417 1440
f 1417 1091 1440
f 1059 1162 1441
f 1162 1060 1441
f 1334 1162 1565
f 1333 1092 2154
f 1092 1329 1443
f 1329 323 1443
f 1308 254 1447
f 254 262 1444
f 1094 1278 1445
f 1278 95 1445
f 351 1143 1446
f 1143 1094 1446
f 254 1444 1447
f 1444 263 1447
f 1153 1448 1743
f 1153 321 1448
f 309 1450 1620
f 1134 1449 1626
f 309 1449 1450
f 1449 1097 1450
f 1097 1187 1451
f 1187 89 1451
f 322 1139 1452
f 1139 1099 1452
f 1099 1111 1453
f 1111 321 1453
f 994 1131 1454
f 1131 73 1454
f 1100 1208 1455
f 1208 353 1455
f 351 1324 1456
f 1324 1100 1456
f 320 1174 1457
f 1174 1106 1457
f 1106 1156 1458
f 1156 319 1458
f 339 1197 1459
f 1197 1114 1459
f 353 1208 1460
f 1208 1107 1460
f 1114 1389 1461
f 1389 338 1461
f 1107 1323 1462
f 1323 352 1462
f 304 1403 1463
f 1403 1108 1463
f 1108 1207 1464
f 1207 269 1464
f 1135 1465 1488
f 1135 1109 1465
f 1109 1176 1466
f 1176 91 1466
f 346 1196 1467
f 1196 1112 1467
f 78 604 1468
f 604 563 1468
f 1112 1195 1469
f 1195 349 1469
f 279 1140 1470
f 1140 993 1470
f 1246 302 1472
f 1637 303 1638
f 1471 1472 1595
f 1471 304 1472
f 1173 1473 2118
f 10 1473 3152
f 271 1182 1474
f 1518 1121 3435
f 1156 260 1475
f 1149 1123 1476
f 270 1151 1477
f 1151 1127 1477
f 1127 1183 1478
f 1183 269 1478
f 269 1207 1479
f 1207 1128 1479
f 1128 1404 1480
f 1404 336 1480
f 625 1003 1481
f 1003 268 1481
f 1193 75 1482
f 1174 1129 1483
f 80 1188 1484
f 1188 1130 1484
f 1130 1171 1485
f 1171 271 1485
f 277 1233 1486
f 1233 609 1486
f 1135 1145 1487
f 1193 320 1493
f 322 1192 1488
f 1192 1135 1488
f 97 1276 1489
f 1276 1136 1489
f 1136 1163 1490
f 1163 352 1490
f 584 1347 1491
f 1347 546 1491
f 501 1585 2107
f 1144 1492 1511
f 320 1487 1493
f 1487 1145 1493
f 1150 1229 1494
f 1229 1192 1494
f 275 1180 1495
f 1180 1159 1495
f 1159 1189 1496
f 1189 80 1496
f 270 1198 1497
f 1198 1160 1497
f 1160 1205 1498
f 1205 80 1498
f 1178 1180 1499
f 1180 275 1499
f 498 1186 1500
f 1186 1178 1500
f 3050 3107 3232
f 1580 1501 3233
f 1504 496 1545
f 1507 501 1519
f 1503 1510 1627
f 1512 136 1562
f 1502 1504 1545
f 1525 1504 1579
f 1473 1173 3152
f 1593 1622 3189
f 1512 498 1552
f 2125 488 2127
f 1492 1507 1519
f 1492 499 1507
f 1508 1576 2025
f 1503 136 2128
f 1509 1555 1561
f 488 1509 1516
f 501 1507 1510
f 1507 499 1537
f 1570 1502 1582
f 1545 1144 2102
f 1506 1512 1552
f 136 1512 1559
f 1118 1471 1513
f 1472 302 1595
f 1514 1605 1621
f 1450 1098 1620
f 1508 1506 1589
f 1552 1222 1583
f 505 1515 1516
f 488 1516 3670
f 133 1517 1557
f 1557 1517 3591
f 1518 1581 3577
f 1473 1121 2118
f 501 1511 1519
f 1511 1492 1519
f 498 1512 1520
f 1512 1142 1520
f 133 1578 2018
f 484 1285 1522
f 1285 76 1522
f 1180 1238 1523
f 1238 499 1523
f 256 1271 1524
f 1271 1140 1524
f 496 1525 1586
f 496 1504 1525
f 342 1303 1526
f 1303 1117 1526
f 1580 497 3158
f 1247 1113 3168
f 1058 1185 1528
f 1185 1093 1528
f 1058 1326 1529
f 1326 1083 1529
f 1525 1113 1586
f 1113 1171 1530
f 1060 1334 1531
f 1334 1085 1531
f 1083 1207 1532
f 1207 1108 1532
f 1079 1393 1533
f 1393 1149 1533
f 1115 1327 1534
f 1327 89 1534
f 304 1535 1546
f 304 1471 1535
f 89 1327 1536
f 1327 1125 1536
f 1142 1510 1537
f 1510 1507 1537
f 1079 1392 1538
f 1392 1137 1538
f 351 1297 1539
f 1297 1095 1539
f 1144 496 1540
f 1188 1144 1540
f 499 1238 1541
f 1238 1186 1541
f 1110 1200 1542
f 1200 95 1542
f 1172 1248 1543
f 1248 10 1543
f 1079 1202 1544
f 1202 1101 1544
f 496 1144 1545
f 1502 1545 2102
f 1125 1199 1546
f 1403 304 2109
f 264 1243 1547
f 1243 1225 1547
f 1134 308 1548
f 1449 1134 1548
f 1026 264 1549
f 1203 1026 1549
f 1054 1322 1550
f 1322 1095 1550
f 1098 89 1551
f 1148 1098 1551
f 498 1222 1552
f 1506 1552 1583
f 1055 1336 1553
f 1336 1117 1553
f 1266 1269 1554
f 1269 267 1554
f 2018 485 3001
f 505 1555 2124
f 487 1521 1556
f 486 1556 1584
f 487 1556 1557
f 133 1557 3064
f 1556 1521 1584
f 1521 484 1558
f 1506 1508 1559
f 136 1559 2006
f 124 1558 1560
f 1558 484 1560
f 124 1560 2095
f 505 1516 1561
f 1516 1509 1561
f 136 1503 1562
f 1510 1142 1627
f 1560 484 1566
f 262 454 1563
f 1163 1282 1564
f 1282 547 1564
f 1162 1442 1565
f 1442 91 1565
f 484 1563 1566
f 1563 454 1566
f 1120 1218 1567
f 1218 346 1567
f 1149 1476 1568
f 1476 9 1568
f 501 1607 2111
f 2065 1998 2091
f 1504 1502 1577
f 1990 1570 3221
f 3066 3159 3312
f 2103 467 3344
f 1559 1508 2006
f 504 2025 3277
f 1508 505 2122
f 504 2068 2718
f 1580 1113 3047
f 1623 1574 3119
f 1575 1503 2128
f 2016 502 2032
f 1576 1508 2122
f 2025 1576 3277
f 1502 1570 1577
f 137 1624 3210
f 1557 1556 3064
f 1556 486 1578
f 1504 1577 1579
f 1577 137 1579
f 1574 1580 3047
f 3147 1501 3234
f 1571 1581 3556
f 1593 1173 1636
f 1502 1511 1582
f 1511 501 1582
f 1222 1515 1583
f 1515 1506 1583
f 1521 1558 1584
f 1558 486 1584
f 501 1510 1585
f 1510 1503 1585
f 1113 1530 1586
f 1530 496 1586
f 1092 1210 1587
f 1210 1109 1587
f 1555 1588 2129
f 1555 1509 1588
f 1506 1515 1589
f 1515 505 1589
f 1189 499 1590
f 499 1492 1590
f 1615 3089 3757
f 3120 497 3354
f 1995 1602 2580
f 1611 302 1630
f 1594 1505 1625
f 3152 1173 3188
f 1592 1594 1689
f 1597 1124 2153
f 302 1513 1595
f 1513 1471 1595
f 1525 1579 1596
f 1579 137 1596
f 1592 1597 2153
f 302 1597 1692
f 2000 2066 3149
f 3107 3289 3343
f 1694 312 1696
f 1729 1695 1957
f 2000 2085 3274
f 1624 1600 3210
f 1618 1102 1619
f 1449 309 1626
f 1602 1634 3056
f 1594 467 1689
f 27 1126 1603
f 297 1650 1705
f 1604 1610 1683
f 87 1604 1982
f 1672 309 3043
f 1604 87 1690
f 1593 1571 3231
f 3170 3311 3443
f 1585 1569 2107
f 1990 1607 2033
f 1613 1605 1687
f 1605 1514 1631
f 1609 1613 1684
f 88 1679 1973
f 1597 1592 1692
f 1610 302 1633
f 1617 303 1637
f 1513 302 1611
f 1681 1608 1685
f 303 1612 1635
f 1621 1605 1632
f 306 1613 1687
f 1614 3179 3338
f 2116 1501 3122
f 2117 1606 3328
f 1622 1593 3231
f 1672 1601 1744
f 1601 1102 1616
f 1611 1617 1637
f 1611 1604 1617
f 1126 1618 1644
f 1126 1077 1618
f 1102 1601 1619
f 1662 310 1688
f 1098 1514 1620
f 309 1621 1632
f 309 1620 1621
f 1620 1514 1621
f 1606 1622 3075
f 2117 467 3218
f 1598 1623 3209
f 1614 3232 3684
f 137 1577 1624
f 1577 1570 1624
f 1505 1593 1625
f 1622 467 3189
f 309 1616 1626
f 1616 1134 1626
f 1142 1562 1627
f 1562 1503 1627
f 1077 1390 1628
f 1390 1102 1628
f 303 1514 1629
f 1514 1148 1629
f 302 1610 1630
f 1610 1604 1630
f 1612 1608 1635
f 1608 1605 1631
f 1605 1613 1632
f 1613 309 1632
f 468 1995 2692
f 1683 1610 1703
f 1633 1634 3072
f 1633 1592 1634
f 1608 1631 1635
f 1631 303 1635
f 1173 1581 1636
f 1581 1571 1636
f 1513 1637 1638
f 1513 1611 1637
f 303 1118 1638
f 1118 1513 1638
f 1639 1660 1668
f 1660 1068 1668
f 343 1364 1677
f 1654 1640 1700
f 1863 1693 1890
f 299 1658 1674
f 1735 341 1788
f 1364 1068 1642
f 299 1378 1643
f 1378 1074 1643
f 1599 1644 1691
f 1650 1126 1669
f 299 1383 1645
f 1383 1089 1645
f 1074 1365 1646
f 1365 27 1646
f 1655 1639 1699
f 1076 1647 1675
f 1648 1081 1676
f 94 1648 1718
f 1641 1649 1702
f 1643 1074 1671
f 1649 1603 1665
f 1603 1126 1650
f 1076 1384 1651
f 1384 299 1651
f 330 1169 1652
f 1169 1081 1652
f 330 1652 1653
f 1709 1653 1719
f 1648 1640 1718
f 1654 1725 1780
f 1639 1655 1701
f 1655 1723 1779
f 1651 1656 1659
f 1658 1656 1674
f 1105 1657 1714
f 1105 330 1657
f 1643 1641 1745
f 1877 1863 1936
f 1647 1076 1663
f 1076 1651 1659
f 1700 1642 1704
f 1642 1068 1660
f 94 1661 1664
f 1652 1081 1661
f 1662 1694 1696
f 310 1662 1731
f 1076 1659 1663
f 1659 85 1663
f 1081 1648 1664
f 1648 94 1664
f 1603 1650 1665
f 1650 297 1665
f 1736 1708 1761
f 1716 331 1741
f 1096 1667 1722
f 1103 1667 1670
f 1068 344 1668
f 344 1639 1668
f 1126 1644 1669
f 1644 1599 1669
f 1096 1191 1670
f 1191 1103 1670
f 1074 1649 1671
f 1649 1641 1671
f 309 1672 1744
f 1609 1672 3043
f 1601 1672 1673
f 1672 88 1673
f 1651 299 1674
f 1656 1651 1674
f 1639 344 1675
f 1647 1639 1675
f 343 1640 1676
f 1640 1648 1676
f 1364 1642 1677
f 1642 1640 1677
f 1606 2117 3218
f 1992 1602 3046
f 1672 1609 1686
f 1613 306 1684
f 1599 1680 1698
f 1644 310 1691
f 1608 1681 1706
f 1976 1681 1996
f 1986 2645 2649
f 1976 87 1977
f 468 1682 1683
f 1682 87 1982
f 1970 1679 1981
f 1679 1609 1684
f 1608 1612 1685
f 1612 1604 1690
f 1609 1679 1686
f 1679 88 1686
f 1605 1608 1687
f 1681 306 1706
f 310 1619 1688
f 1619 1601 1688
f 1678 1602 2103
f 1634 1592 3056
f 87 1685 1690
f 1685 1612 1690
f 310 1680 1691
f 1680 1599 1691
f 1592 1633 1692
f 1633 302 1692
f 1641 1693 1697
f 1649 297 1702
f 88 1727 3044
f 312 1694 1972
f 1650 1599 1705
f 1680 312 1698
f 312 1680 1696
f 1680 310 1731
f 1717 1658 1720
f 1658 1641 1697
f 1711 1695 1975
f 1695 1599 1698
f 1639 1647 1699
f 1647 85 1699
f 1640 1642 1700
f 341 1700 1704
f 341 1660 1701
f 1660 1639 1701
f 297 1693 1702
f 1693 1641 1702
f 1610 1633 1703
f 1634 468 3072
f 1642 1660 1704
f 1660 341 1704
f 1599 1695 1705
f 1695 297 1705
f 306 1687 1706
f 1687 1608 1706
f 1056 1306 1707
f 1306 1119 1707
f 1736 332 1746
f 1756 1708 1786
f 326 1796 1836
f 1716 1709 1787
f 1710 1817 1850
f 85 1770 1968
f 312 311 1711
f 311 86 1711
f 1712 1715 1753
f 1667 332 1722
f 297 1695 1729
f 1713 297 1729
f 1708 1666 1738
f 1666 1105 1714
f 1734 1153 1739
f 1448 1096 1743
f 1657 1716 1741
f 1657 1653 1716
f 1710 1717 1865
f 1710 1656 1717
f 1640 1654 1718
f 1732 94 1762
f 1653 1661 1719
f 1661 94 1719
f 1658 1697 1720
f 1697 298 1720
f 85 1659 1721
f 1659 1656 1721
f 332 1712 1722
f 1715 1096 1753
f 1655 1699 1723
f 1699 85 1723
f 1723 1724 1833
f 1770 1724 1968
f 1654 1700 1725
f 1700 341 1725
f 1816 295 1864
f 1874 1915 1947
f 1971 2924 3020
f 1694 1727 1974
f 1693 297 1728
f 297 1713 1728
f 86 1729 1957
f 86 1713 1729
f 332 1667 1730
f 1667 1194 1730
f 1662 1696 1731
f 1696 1680 1731
f 1654 1732 1762
f 327 1783 1808
f 1774 1800 1911
f 334 1733 1775
f 1734 1759 1778
f 1751 92 1758
f 1726 1735 1807
f 1726 341 1735
f 1733 1712 1760
f 1736 93 1747
f 1153 1734 1737
f 92 1737 1766
f 1666 1714 1738
f 1714 331 1738
f 1153 1715 1739
f 1715 334 1739
f 1177 1737 1740
f 1737 92 1740
f 331 1714 1741
f 1714 1657 1741
f 92 1154 1742
f 1154 1150 1742
f 1096 1715 1743
f 1715 1153 1743
f 1601 1616 1744
f 1616 309 1744
f 1641 1658 1745
f 1658 299 1745
f 332 1666 1746
f 1666 1708 1746
f 1712 332 1747
f 332 1736 1747
f 1750 261 1781
f 1184 324 1750
f 1776 1803 1830
f 324 1749 1750
f 261 1750 1784
f 1751 1758 1782
f 1765 1751 1815
f 1145 1231 1752
f 1231 324 1752
f 1096 1722 1753
f 1722 1712 1753
f 3116 3216 3500
f 2509 2584 3118
f 1773 329 1790
f 66 1822 1849
f 1756 1790 1797
f 93 1769 1801
f 1709 1757 1777
f 1719 94 1789
f 1737 1734 1766
f 333 1778 1814
f 1800 335 1911
f 90 1845 1899
f 1712 1747 1760
f 1747 93 1760
f 1708 1756 1761
f 93 1761 1813
f 94 1718 1762
f 1718 1654 1762
f 334 1715 1763
f 1715 1712 1763
f 325 1765 1815
f 1765 325 1785
f 1764 1765 1785
f 1764 1154 1765
f 1734 1758 1766
f 1758 92 1766
f 1154 92 1767
f 92 1751 1767
f 1841 1883 1907
f 1881 219 1906
f 1761 1756 1813
f 1790 329 1797
f 1721 1710 1838
f 296 1850 1943
f 1778 1759 1814
f 1793 335 1794
f 1824 1804 1856
f 331 1755 1773
f 329 1773 1805
f 1733 1774 1806
f 1760 93 1812
f 1759 1793 1794
f 1775 335 1793
f 1750 1749 1784
f 1785 325 1811
f 261 1776 1825
f 1755 1777 1809
f 1755 1709 1777
f 333 1758 1778
f 1758 1734 1778
f 295 1735 1779
f 1735 1655 1779
f 1768 1732 1810
f 1732 1654 1780
f 1748 1184 1781
f 261 1748 1781
f 333 1772 1782
f 1772 1751 1782
f 327 1780 1783
f 1780 1725 1783
f 1749 1776 1784
f 1776 261 1784
f 1749 1785 1811
f 1749 1764 1785
f 1708 1738 1786
f 1738 331 1786
f 1709 1755 1787
f 1755 331 1787
f 341 1701 1788
f 1701 1655 1788
f 1732 1757 1792
f 1757 1709 1789
f 1756 331 1790
f 331 1773 1790
f 334 1759 1791
f 1759 1734 1791
f 1757 1789 1792
f 1789 94 1792
f 1759 334 1793
f 334 1775 1793
f 1827 1771 1905
f 1771 1759 1794
f 1184 1748 1795
f 1748 75 1795
f 326 1757 1796
f 1757 1732 1796
f 1821 1769 1837
f 1769 1756 1797
f 1783 1726 1808
f 1735 295 1807
f 1773 1755 1805
f 1777 326 1809
f 1827 335 1829
f 21 1852 1901
f 1774 1801 1831
f 1774 93 1801
f 325 1772 1802
f 1804 315 1834
f 325 1802 1803
f 24 1803 1860
f 1804 1834 1969
f 1834 1772 1969
f 1755 1799 1805
f 1823 329 1870
f 335 1775 1806
f 1775 1733 1806
f 1843 1798 1867
f 1798 1726 1807
f 1726 1798 1808
f 1819 327 1866
f 1822 1799 1839
f 1799 1755 1809
f 1732 1780 1810
f 1780 327 1810
f 325 1776 1811
f 1776 1749 1811
f 93 1774 1812
f 1774 1733 1812
f 1756 1769 1813
f 1769 93 1813
f 1759 1771 1814
f 1771 333 1814
f 1751 1772 1815
f 1772 325 1815
f 1913 1878 1949
f 1843 295 1844
f 1914 300 1924
f 177 52 1956
f 1796 1768 1836
f 219 1818 1859
f 1798 1819 1866
f 1840 1819 1908
f 1818 1768 1859
f 1810 327 1871
f 1842 223 1853
f 21 1886 1926
f 1823 1799 1855
f 326 1822 1839
f 1799 1823 1870
f 1842 1823 1910
f 315 1804 1824
f 90 1824 1856
f 1803 24 1830
f 1803 1802 1860
f 1802 315 1826
f 24 1826 1889
f 1828 1771 1835
f 335 1827 1905
f 333 1771 1828
f 90 1828 1835
f 335 1800 1829
f 318 1829 1862
f 1825 1776 1830
f 24 1825 1830
f 328 1800 1831
f 1800 1774 1831
f 328 1801 1832
f 1801 1769 1832
f 295 1779 1833
f 1779 1723 1833
f 315 1802 1834
f 1802 1772 1834
f 1771 1827 1835
f 1845 90 1965
f 1768 1818 1836
f 1818 326 1836
f 1769 1797 1837
f 1797 329 1837
f 1710 1770 1838
f 1770 85 1838
f 1799 1809 1839
f 1809 326 1839
f 1819 1840 1847
f 1880 1840 1950
f 1822 326 1869
f 1879 1841 1909
f 1823 1842 1853
f 66 1842 1910
f 1819 1798 1854
f 295 1843 1867
f 295 1816 1844
f 1878 172 1898
f 1827 1845 1965
f 1829 318 1858
f 1852 328 1966
f 1848 223 1857
f 219 1820 1847
f 1820 327 1868
f 1821 1848 1857
f 1821 329 1848
f 1818 1841 1849
f 1883 66 1907
f 296 1770 1850
f 1770 1710 1850
f 1829 1800 1862
f 1862 1800 1967
f 1887 1851 1902
f 1851 328 1852
f 223 1848 1853
f 1848 329 1872
f 1798 1843 1854
f 1915 8 1947
f 1799 1822 1855
f 1822 66 1855
f 1804 1828 1856
f 1828 90 1856
f 223 1846 1857
f 1846 1821 1857
f 318 1845 1858
f 1845 1827 1858
f 1768 1820 1859
f 1820 219 1859
f 1802 1826 1860
f 1826 24 1860
f 1816 1861 1903
f 1816 1724 1861
f 1851 1862 1967
f 1851 318 1862
f 298 1697 1863
f 1697 1693 1863
f 295 1833 1864
f 1833 1724 1864
f 298 1817 1865
f 1817 1710 1865
f 327 1808 1866
f 1808 1798 1866
f 1798 1807 1867
f 1807 295 1867
f 1819 1847 1868
f 1847 1820 1868
f 1818 1849 1869
f 1849 1822 1869
f 329 1805 1870
f 1805 1799 1870
f 327 1820 1871
f 1820 1768 1871
f 1823 1853 1872
f 1853 1848 1872
f 219 1879 1909
f 1880 217 1932
f 1843 1874 1904
f 1844 172 1888
f 1882 1875 1951
f 1883 218 1952
f 1850 1817 1943
f 1884 300 1923
f 301 300 1914
f 1863 1877 1955
f 1816 1878 1898
f 1861 296 1903
f 1873 1879 1929
f 1873 64 1945
f 1916 174 1927
f 217 1880 1912
f 64 1873 1946
f 1879 219 1929
f 1883 1875 1930
f 224 1882 1951
f 1875 1883 1952
f 66 1883 1930
f 1817 1884 1923
f 1817 298 1884
f 65 1917 4825
f 1886 223 1920
f 1852 1846 1901
f 1846 223 1886
f 318 1851 1887
f 21 1887 1902
f 1916 1874 1960
f 1874 1843 1888
f 1826 259 1889
f 1693 1728 1890
f 1728 86 1890
f 213 62 2158
f 1925 214 1939
f 1931 62 1959
f 1938 316 1942
f 1824 316 1894
f 1826 315 1896
f 259 1893 1958
f 316 1893 1894
f 315 1894 1900
f 1931 1891 1941
f 1891 318 1895
f 1894 1893 1900
f 1893 259 1896
f 90 1892 1897
f 1892 316 1897
f 172 1844 1898
f 1844 1816 1898
f 317 1892 1899
f 1892 90 1899
f 1893 1896 1900
f 1896 315 1900
f 1846 1886 1901
f 1886 21 1901
f 1851 1852 1902
f 1852 21 1902
f 296 1878 1903
f 1878 1816 1903
f 8 1854 1904
f 1854 1843 1904
f 1771 1794 1905
f 1794 335 1905
f 219 1847 1906
f 1847 1840 1906
f 66 1849 1907
f 1849 1841 1907
f 1819 1854 1908
f 1854 8 1908
f 1818 219 1909
f 1841 1818 1909
f 1823 1855 1910
f 1855 66 1910
f 335 1806 1911
f 1806 1774 1911
f 174 246 1912
f 246 217 1912
f 1913 173 1963
f 52 1913 1949
f 1877 1914 1924
f 1877 86 1914
f 1915 1919 1944
f 1919 1880 1944
f 1963 173 1964
f 173 54 4446
f 1885 1917 1928
f 1885 224 1917
f 1876 1918 1954
f 1876 52 1918
f 174 1912 1919
f 1912 1880 1919
f 223 1885 1920
f 1917 225 1928
f 225 65 4827
f 233 212 1921
f 1926 1921 1937
f 1921 212 1922
f 300 1876 1923
f 1876 1817 1923
f 300 1884 1924
f 1884 1877 1924
f 1887 1925 1939
f 1887 21 1925
f 225 1921 1926
f 21 1926 1937
f 174 1915 1927
f 1915 1874 1927
f 225 1920 1928
f 1920 1885 1928
f 219 1881 1929
f 1881 1873 1929
f 1875 1882 1930
f 1882 1842 1961
f 317 1891 1931
f 214 1931 1941
f 217 1881 1932
f 1881 1840 1932
f 218 1883 1933
f 1883 1841 1933
f 224 1885 1934
f 1885 223 1962
f 225 1926 1935
f 1926 1886 1935
f 1863 1890 1936
f 1890 86 1936
f 1921 1922 1937
f 1922 21 1937
f 314 1938 1942
f 214 1895 1939
f 1895 1887 1939
f 314 1892 1940
f 1892 317 1940
f 1891 1895 1941
f 1895 214 1941
f 316 1892 1942
f 1892 314 1942
f 1817 1876 1943
f 1918 296 1954
f 1880 8 1944
f 8 1915 1944
f 218 1879 1945
f 1879 1873 1945
f 1873 1881 1946
f 1881 217 1946
f 8 1904 1947
f 1904 1874 1947
f 1878 296 1948
f 296 1918 1948
f 1878 1948 1949
f 1948 52 1949
f 1840 1908 1950
f 1908 8 1950
f 221 224 1951
f 1875 221 1951
f 218 64 1953
f 221 1875 1952
f 221 1952 1953
f 1952 218 1953
f 296 1943 1954
f 1943 1876 1954
f 1877 1884 1955
f 1884 298 1955
f 52 1876 1956
f 1876 300 1956
f 1695 1711 1957
f 1711 86 1957
f 1893 74 1958
f 62 1940 1959
f 1940 317 1959
f 1874 1888 1960
f 1888 172 1960
f 66 1930 1961
f 1930 1882 1961
f 1842 1934 1962
f 1934 1885 1962
f 172 1878 1963
f 1878 1913 1963
f 173 1916 1964
f 1916 172 1964
f 90 1835 1965
f 1835 1827 1965
f 328 1821 1966
f 1821 1846 1966
f 1800 328 1967
f 328 1851 1967
f 1723 85 1968
f 1724 1723 1968
f 1772 333 1969
f 333 1804 1969
f 307 1993 2707
f 2931 305 2965
f 1727 1971 3019
f 1727 88 1971
f 83 3028 3031
f 311 312 1972
f 1971 1973 2964
f 1971 88 1973
f 313 1972 1974
f 1972 1694 1974
f 1695 1698 1975
f 1698 312 1975
f 1976 1977 2659
f 472 2659 2665
f 87 1682 1977
f 472 2645 2663
f 1970 1978 2868
f 1970 306 1978
f 305 1973 1979
f 1973 1679 1979
f 590 756 1980
f 756 662 1980
f 1679 1684 1981
f 1684 306 1981
f 1604 1683 1982
f 1683 1682 1982
f 2239 2262 3433
f 3185 3278 3467
f 3170 3066 3311
f 531 2475 3087
f 2119 3078 3213
f 3119 137 3287
f 2660 130 2664
f 2578 470 2604
f 2564 2566 3130
f 1995 1987 2692
f 2644 472 2647
f 2649 468 2693
f 3007 3133 3258
f 2003 1989 3051
f 1600 1990 3148
f 1624 1570 2098
f 1569 1991 2031
f 1585 1503 2376
f 1602 1678 3046
f 2582 1992 3121
f 307 1978 1993
f 1978 1681 1993
f 2090 3065 3203
f 3133 1994 3258
f 468 1634 1995
f 1634 1602 1995
f 1681 1685 1996
f 1685 87 1996
f 2008 3068 3482
f 2065 2061 3392
f 2033 1607 3390
f 1991 502 2031
f 3144 3219 3413
f 3288 3383 3575
f 2000 2030 3172
f 2085 2000 2151
f 1998 2001 2087
f 2065 500 2101
f 3088 3207 3581
f 3201 3282 3466
f 1989 2003 3134
f 3121 2003 3397
f 3175 3261 3608
f 3159 2004 3312
f 662 752 2005
f 752 556 2005
f 1572 2006 2963
f 1572 136 2006
f 3110 3167 3336
f 3149 530 3441
f 3068 3015 3482
f 3068 2008 3525
f 2038 2062 2885
f 2009 2065 2091
f 2066 1997 3539
f 2354 1997 3125
f 2016 2034 2104
f 2034 504 2104
f 3007 3114 3276
f 2491 3059 3196
f 2013 2576 2583
f 129 2582 3121
f 2014 2893 3141
f 2044 2014 2132
f 2017 2052 2729
f 2077 2525 2797
f 2019 2715 3163
f 2064 502 2836
f 1576 1573 2036
f 2024 503 2037
f 2028 2049 2877
f 133 2018 2993
f 2133 2837 2966
f 2723 491 2847
f 2019 2020 2805
f 2068 2015 2807
f 1555 2021 3005
f 1588 133 2129
f 1984 3116 3251
f 3348 3501 3636
f 455 2050 2057
f 1573 2024 2037
f 505 2124 3279
f 2032 1572 2958
f 2006 1508 2963
f 2390 2007 3444
f 3178 3308 3396
f 486 1558 2027
f 1558 124 2027
f 2050 2027 2057
f 2021 2028 2404
f 485 2028 3001
f 2029 2094 3297
f 2085 2151 3474
f 2030 3138 3295
f 1985 3213 3680
f 2064 1998 2096
f 2001 1569 2087
f 502 1575 2032
f 1575 1572 2032
f 2001 2033 3390
f 2001 500 2033
f 1572 2025 2034
f 2025 504 2034
f 2998 3108 3431
f 2584 129 3118
f 1573 2017 2036
f 2017 504 2036
f 503 2017 2037
f 2017 1573 2037
f 537 2234 2331
f 2062 2038 2264
f 2479 3054 3180
f 3068 2039 3224
f 2893 2011 3141
f 2666 2040 3055
f 2010 2041 2060
f 2078 529 2375
f 2048 2740 2841
f 2640 2042 2799
f 2028 485 2734
f 2049 2028 2734
f 2014 2044 2886
f 2134 2044 2889
f 2088 2690 2898
f 2017 503 2977
f 2040 2046 2890
f 40 2138 2798
f 2523 2012 3058
f 3114 1754 3276
f 2048 2888 2904
f 2088 2048 3012
f 2049 2803 2920
f 503 2084 2724
f 2023 2050 2058
f 2023 1578 4053
f 2074 485 2150
f 2050 455 2058
f 2074 2051 2079
f 2084 2043 2968
f 2729 2052 2773
f 2027 124 2053
f 2132 2014 2906
f 2715 2019 2739
f 37 2074 2079
f 2389 495 2881
f 2055 2056 2081
f 2080 2056 2766
f 2027 2053 2057
f 2053 455 2057
f 455 2051 2058
f 2051 2023 2058
f 485 2018 2059
f 2018 1578 2059
f 2029 500 2094
f 2061 2010 2092
f 529 2062 2264
f 2062 529 2078
f 2061 2062 2078
f 2061 2009 2062
f 2085 1997 3274
f 2008 2063 2354
f 502 2064 2096
f 2014 2064 2836
f 2009 2061 2065
f 500 2065 3392
f 2063 2066 3539
f 3015 530 3222
f 502 2016 3061
f 2715 2739 3174
f 504 2017 2974
f 2015 2729 2773
f 2184 2234 2322
f 2138 2069 2798
f 493 2214 2349
f 2666 2802 2887
f 2142 2070 2796
f 2214 493 2855
f 2265 2381 2731
f 2873 2140 2899
f 2968 2043 3111
f 2525 2045 2797
f 2555 2076 2986
f 485 2074 2399
f 2051 455 2075
f 2764 2136 2988
f 2080 2555 2986
f 2389 2076 2764
f 2077 2738 2916
f 2851 2139 2908
f 2010 2078 2375
f 2010 2061 2078
f 2051 2075 2079
f 2075 37 2079
f 2074 2080 2766
f 2555 2080 3000
f 2881 495 2917
f 2049 2055 2803
f 2011 2054 2900
f 2144 491 2834
f 2015 2045 2669
f 2525 2800 2892
f 503 2049 2084
f 2803 2043 2920
f 1990 2029 3148
f 2094 1997 3297
f 2842 2011 2905
f 2802 2666 3055
f 1569 2031 2087
f 2031 1998 2087
f 2690 2015 2898
f 135 2727 2907
f 590 933 2089
f 933 665 2089
f 2090 3129 3275
f 528 3356 3712
f 1998 2044 2091
f 2044 2009 2091
f 2010 2060 2092
f 2060 500 2092
f 353 655 2093
f 552 2093 2120
f 500 2060 2094
f 2060 1997 2094
f 1560 454 2095
f 1998 2031 2096
f 2031 502 2096
f 665 933 2097
f 933 554 2097
f 1570 1990 2098
f 1990 1600 2098
f 550 756 2099
f 756 665 2099
f 26 955 2100
f 955 673 2100
f 500 2001 2101
f 2001 1998 2101
f 1144 1511 2102
f 1511 1502 2102
f 1602 1689 2103
f 1689 467 2103
f 2019 2104 2903
f 2715 2016 3163
f 673 776 2105
f 776 557 2105
f 550 936 2106
f 936 662 2106
f 1569 1607 2107
f 1607 501 2107
f 678 944 2108
f 944 26 2108
f 304 1546 2109
f 1546 1199 2109
f 25 1268 2110
f 1268 1203 2110
f 1570 1582 2111
f 1582 501 2111
f 2116 3122 3534
f 1615 1571 3089
f 1994 2113 3112
f 3007 1989 3133
f 25 1280 2114
f 1280 1216 2114
f 656 752 2115
f 752 662 2115
f 3122 1591 3534
f 2112 497 2116
f 2113 2117 3328
f 1678 2117 3434
f 1121 1518 2118
f 1581 1173 3577
f 3176 3335 3553
f 3289 1598 3343
f 660 552 2126
f 655 582 2120
f 1985 2148 3290
f 3078 3187 3523
f 2124 1573 3279
f 1573 1576 2122
f 1137 1392 2123
f 1392 279 2123
f 2021 2024 3005
f 2024 1573 2124
f 1222 1277 2125
f 1277 1226 2125
f 552 2120 2126
f 2120 582 2126
f 1516 1515 3670
f 1515 1222 2127
f 136 1572 2128
f 1572 1575 2128
f 2018 2021 2993
f 2021 1555 2129
f 2072 2130 2849
f 2139 2726 2911
f 494 2261 2539
f 2136 2267 2505
f 2046 2132 2906
f 2889 2132 2967
f 2048 2723 2847
f 2837 491 2966
f 2038 2134 3091
f 2062 2009 2885
f 2587 2043 2991
f 2143 2073 2717
f 2544 2243 2735
f 2131 2073 2741
f 37 2555 3000
f 40 2046 2872
f 2138 40 2872
f 2716 2042 2795
f 2639 2139 2737
f 135 2640 2799
f 2072 2140 2882
f 2070 2141 2808
f 2042 2843 3090
f 2141 2874 2962
f 2874 2141 2901
f 2717 495 2914
f 2289 2131 2732
f 2054 2144 2834
f 2048 2144 2888
f 668 955 2145
f 955 755 2145
f 668 956 2146
f 956 688 2146
f 577 718 2147
f 718 624 2147
f 2121 2148 3292
f 2121 137 2148
f 576 720 2149
f 720 624 2149
f 485 2023 2150
f 2023 2051 2150
f 2148 1600 3290
f 1985 3172 3238
f 1255 1517 2152
f 1517 1509 2152
f 1505 1594 3183
f 1594 1592 2153
f 1092 1442 2154
f 1442 1162 2154
f 1054 1296 2155
f 1296 1293 2155
f 1061 1340 2156
f 1340 1117 2156
f 934 1038 2157
f 1038 590 2157
f 62 1931 2158
f 1931 214 2158
f 74 1938 2159
f 1938 314 2159
f 258 74 2159
f 2167 2203 2272
f 2182 2304 2312
f 2166 2277 2286
f 2448 2498 3014
f 2210 2160 2302
f 2203 2285 2401
f 2163 2199 2278
f 2205 2163 2280
f 543 2277 2283
f 2160 2272 2437
f 2165 2204 2450
f 2204 2164 2450
f 2169 2275 2295
f 2234 537 2311
f 2272 544 2284
f 2277 543 2528
f 2168 2205 2280
f 2239 2168 2292
f 2277 2166 2283
f 2209 2169 2293
f 2170 2210 2302
f 2217 2170 2306
f 2283 2166 2296
f 2291 529 2393
f 2172 2274 2287
f 2209 2293 2392
f 2439 544 2440
f 2297 534 2436
f 522 2421 2497
f 2429 2462 2489
f 2336 2186 2397
f 2323 535 2372
f 2176 2218 2362
f 2069 2176 2310
f 2192 2348 2394
f 2268 493 2846
f 2479 3135 3242
f 2178 2477 3105
f 2309 2175 2316
f 2217 2179 2317
f 2324 2177 3150
f 2240 2180 2360
f 2181 2224 2328
f 2317 535 2396
f 2182 2309 2316
f 2304 2182 2327
f 2431 534 2432
f 2367 522 2422
f 2313 2177 2329
f 537 2314 2997
f 2200 2323 2372
f 2334 533 2400
f 2187 2233 2361
f 2195 2240 2363
f 2187 2231 2341
f 2221 536 2326
f 2220 2175 2325
f 2336 533 2339
f 2181 2367 2422
f 2191 2189 2346
f 2321 2180 2347
f 2242 2190 2351
f 2219 2365 2410
f 2365 518 2410
f 2249 2395 3073
f 134 2216 2244
f 533 2213 2400
f 2197 489 2245
f 2228 489 2256
f 2335 134 2398
f 536 2233 2340
f 2186 2197 2245
f 134 2197 2398
f 2199 2279 3106
f 2447 2446 2449
f 2200 2235 2342
f 2333 2185 2403
f 2185 2202 2403
f 2213 519 2246
f 2209 2162 2301
f 2271 2160 2281
f 2203 2167 2285
f 2167 2164 2204
f 2166 2205 2282
f 2277 2163 2286
f 2171 2206 2288
f 2218 537 2300
f 2221 2172 2324
f 2274 2162 2287
f 2173 2210 2433
f 2273 2160 2294
f 2895 494 3957
f 2228 2193 2356
f 2213 533 2248
f 2193 2213 2248
f 2226 519 2355
f 2214 2258 2970
f 2332 492 2746
f 2395 2211 3073
f 2290 494 2545
f 2348 2192 2353
f 490 2249 2379
f 2174 2217 3074
f 2297 2170 2315
f 2171 2218 2300
f 2264 2038 2305
f 2191 2219 2250
f 2346 142 2350
f 2179 2220 2325
f 2298 144 2318
f 2182 2221 2326
f 2304 2172 2312
f 2184 2222 2319
f 2263 493 2330
f 2469 2183 2478
f 2328 2224 2670
f 2219 2196 2365
f 2225 2254 2412
f 2254 460 2412
f 2193 2226 2355
f 13 2226 2255
f 2198 2226 2369
f 2194 2227 2257
f 490 2357 2405
f 456 2227 2377
f 2226 2193 2255
f 489 2228 2356
f 13 2228 2373
f 2225 2196 2254
f 2202 519 2366
f 460 2229 2370
f 2197 2194 2358
f 2227 456 2257
f 2201 2230 2374
f 2334 2188 2343
f 2308 2175 2337
f 2238 2215 2260
f 2261 2223 2589
f 2260 2232 2793
f 2321 2195 2364
f 2335 2186 2338
f 2176 2234 2311
f 2176 2069 2234
f 2188 2235 2344
f 2334 2185 2368
f 2479 2390 3084
f 143 2262 3223
f 2251 2668 2915
f 2722 492 2871
f 2215 2238 2383
f 125 2238 2260
f 2207 2238 2378
f 2168 2239 2384
f 2262 2239 3223
f 2240 2360 2987
f 134 2348 2353
f 2200 2241 2345
f 142 2241 2371
f 2242 2352 2853
f 2348 2190 2394
f 2265 2131 2913
f 2289 2544 2735
f 2572 2243 2912
f 2194 2197 2244
f 2197 134 2244
f 489 2212 2245
f 2212 2186 2245
f 519 2202 2246
f 2202 2185 2246
f 2196 2219 2247
f 2219 142 2247
f 533 2212 2248
f 2212 2193 2248
f 2357 2216 2405
f 2353 2192 2971
f 523 2250 2425
f 2420 2191 2423
f 2232 2215 2804
f 2379 2211 2571
f 2069 2252 2972
f 2138 2040 2385
f 519 2226 2253
f 2226 2198 2253
f 2196 2229 2254
f 2229 460 2254
f 2193 2228 2255
f 2228 13 2255
f 489 2230 2256
f 2230 2201 2256
f 456 2230 2257
f 2230 2194 2257
f 2730 2071 3177
f 2725 2258 2854
f 490 2238 2259
f 2238 2207 2259
f 2215 2232 2260
f 125 2260 2793
f 2261 2572 2912
f 2223 2261 2985
f 143 2236 2262
f 3067 2039 3256
f 2184 2263 2330
f 2234 2069 2322
f 2171 2264 2305
f 529 2264 2299
f 2731 2895 3957
f 2359 2073 2851
f 2237 2266 2743
f 2332 2266 2806
f 2076 2137 2910
f 2505 2267 2742
f 2268 2252 2969
f 2258 2214 2855
f 2351 2214 3082
f 2070 2725 2854
f 2041 2270 3281
f 2291 2270 3124
f 2271 2281 2455
f 144 2304 2327
f 544 2273 2453
f 2167 2272 2284
f 544 2272 2273
f 2272 2160 2273
f 144 2271 2274
f 2281 2162 2455
f 2162 2203 2275
f 2285 543 2401
f 143 3097 3478
f 2199 2161 2278
f 2199 2277 2528
f 2199 2163 2277
f 2445 143 3388
f 2276 2163 2278
f 543 2204 2279
f 2204 2165 2279
f 2163 2276 2280
f 2276 2168 2280
f 2272 2203 2437
f 2203 2162 2281
f 2264 2171 2299
f 2206 2166 2288
f 2169 2283 2296
f 2275 543 2295
f 2464 2451 2671
f 2164 2167 2284
f 2167 2204 2285
f 2204 543 2285
f 2163 2205 2286
f 2205 2166 2286
f 2162 2209 2287
f 2303 2172 3151
f 2166 2282 2288
f 2282 2171 2288
f 2289 2732 2761
f 457 2505 2742
f 2237 2290 2545
f 2266 2072 2743
f 2205 2291 2393
f 2205 2168 2291
f 2168 2276 2292
f 2276 143 2292
f 2169 2206 2293
f 2206 537 2293
f 2160 2210 2294
f 2210 2173 2294
f 543 2283 2295
f 2283 2169 2295
f 2166 2206 2296
f 2206 2169 2296
f 2210 2297 2436
f 2210 2170 2297
f 2170 2271 2298
f 2271 144 2298
f 2171 2282 2299
f 2282 529 2299
f 537 2206 2300
f 2206 2171 2300
f 2162 2275 2301
f 2275 2169 2301
f 2160 2271 2302
f 2271 2170 2302
f 2209 2303 3151
f 2293 537 2392
f 144 2274 2304
f 2274 2172 2304
f 2038 2218 2305
f 2218 2171 2305
f 2170 2298 2306
f 2298 2179 2306
f 2241 2181 2345
f 2174 2328 2670
f 2188 2308 2337
f 2235 535 2344
f 2233 2187 2340
f 2231 2175 2341
f 2134 40 3091
f 2218 2038 2362
f 537 2218 2311
f 2218 2176 2311
f 2172 2221 2312
f 2221 2182 2312
f 2180 2313 2329
f 536 2321 2364
f 2234 2184 2331
f 2222 2177 2319
f 2170 2217 2315
f 2217 2174 2315
f 2175 2220 2316
f 2220 2182 2316
f 2179 2308 2317
f 2308 535 2317
f 144 2220 2318
f 2220 2179 2318
f 2177 2314 2319
f 2314 2184 2319
f 2222 2320 3086
f 493 2320 2402
f 536 2313 2321
f 2313 2180 2321
f 2252 2263 2972
f 2263 2184 2322
f 2181 2307 2323
f 2307 535 2323
f 2172 2303 2324
f 2303 2177 2324
f 2175 2308 2325
f 2308 2179 2325
f 536 2309 2326
f 2309 2182 2326
f 2182 2220 2327
f 2220 144 2327
f 2217 2307 3074
f 2307 2181 2328
f 2177 2222 2329
f 2320 2180 3086
f 2320 2222 2402
f 2222 2184 2330
f 2184 2314 2331
f 2314 537 2331
f 2332 2141 2873
f 492 2332 2806
f 2241 2200 2371
f 2235 2185 2342
f 2188 2334 2368
f 533 2334 2343
f 2195 2335 2338
f 134 2363 2973
f 2187 2336 2339
f 2233 2186 2361
f 2175 2231 2337
f 2231 2188 2337
f 2186 2233 2338
f 2233 2195 2338
f 533 2231 2339
f 2231 2187 2339
f 2187 2309 2340
f 2309 536 2340
f 2175 2309 2341
f 2309 2187 2341
f 2185 2333 2342
f 2333 2200 2342
f 2188 2231 2343
f 2231 533 2343
f 535 2308 2344
f 2308 2188 2344
f 2181 2323 2345
f 2323 2200 2345
f 2189 2241 2346
f 2241 142 2346
f 2180 2240 2347
f 2240 2195 2347
f 2363 2240 2973
f 2360 2190 2987
f 2190 2320 2349
f 2320 493 2349
f 142 2219 2350
f 2219 2191 2350
f 2190 2349 2351
f 2349 2214 2351
f 2211 2352 2380
f 2249 2192 2395
f 2216 2353 2971
f 2216 134 2353
f 2041 2354 3125
f 2270 2008 3281
f 519 2213 2355
f 2213 2193 2355
f 2193 2212 2356
f 2212 489 2356
f 490 2227 2357
f 2227 2194 2357
f 2194 2230 2358
f 2230 489 2358
f 2525 2077 2800
f 2738 2073 2916
f 2180 2320 2360
f 2320 2190 2360
f 2186 2336 2361
f 2336 2187 2361
f 2038 2310 2362
f 2310 2176 2362
f 134 2335 2363
f 2335 2195 2363
f 2195 2233 2364
f 2233 536 2364
f 2196 2225 2365
f 2409 518 2411
f 519 2229 2366
f 2229 2196 2366
f 2181 2241 2367
f 2241 2189 2367
f 2185 2235 2368
f 2235 2188 2368
f 2226 13 2369
f 2229 2198 2370
f 2200 2333 2371
f 2333 142 2371
f 535 2235 2372
f 2235 2200 2372
f 2228 2201 2373
f 2230 456 2374
f 529 2041 2375
f 2041 2010 2375
f 1503 1991 2376
f 1991 1569 2376
f 2227 2207 2377
f 2238 125 2378
f 2215 2379 2571
f 2238 490 2383
f 492 2237 2380
f 2251 2211 2668
f 2243 2381 2744
f 2261 494 2572
f 2382 2232 2804
f 2545 494 2733
f 490 2379 2383
f 2379 2215 2383
f 2008 2270 2384
f 2270 2168 2384
f 2252 2730 3177
f 2252 2069 2385
f 2026 2386 3300
f 3144 3190 3555
f 2289 457 2544
f 2232 2223 2768
f 2056 2389 2881
f 2056 2076 2389
f 2390 3067 3256
f 2236 2390 3157
f 277 1031 2391
f 1031 1026 2391
f 2314 2303 2997
f 2303 2209 2392
f 529 2282 2393
f 2282 2205 2393
f 2190 2242 2394
f 2352 2192 2853
f 2192 2352 2395
f 2352 2211 2395
f 535 2307 2396
f 2307 2217 2396
f 2212 533 2397
f 533 2336 2397
f 2197 2186 2398
f 2186 2335 2398
f 2734 485 3063
f 2056 2055 2399
f 2213 2185 2400
f 2185 2334 2400
f 543 2275 2401
f 2275 2203 2401
f 2222 2330 2402
f 2330 493 2402
f 2202 142 2403
f 142 2333 2403
f 503 2024 2404
f 2024 2021 2404
f 2216 2249 2405
f 2249 490 2405
f 2214 2269 2406
f 2269 492 2406
f 1260 1288 2407
f 1288 76 2407
f 263 1311 2408
f 1311 1288 2408
f 2225 2409 2411
f 2208 2409 2413
f 2415 518 2427
f 2250 2410 2426
f 2250 2219 2410
f 518 2365 2411
f 2365 2225 2411
f 2409 2225 2413
f 460 2208 2412
f 2225 2412 2413
f 2412 2208 2413
f 2530 3917 3934
f 2532 521 2542
f 2418 2532 2542
f 518 2415 2419
f 2409 2208 2416
f 2208 127 2416
f 2529 2428 2533
f 522 2430 2496
f 2415 2418 2499
f 2416 127 2504
f 2418 2415 2500
f 2424 2414 2503
f 2414 518 2419
f 2417 2420 2454
f 2417 2189 2420
f 522 2367 2421
f 2367 2189 2421
f 522 2224 2422
f 2224 2181 2422
f 2191 2250 2423
f 2250 523 2423
f 2250 2414 2425
f 2530 2424 2540
f 2414 2424 2425
f 2424 523 2425
f 518 2414 2426
f 2414 2250 2426
f 2409 2416 2427
f 2416 2415 2427
f 2417 2428 2468
f 2420 523 2454
f 2432 2183 2474
f 2430 2429 2496
f 2421 2417 2497
f 2529 524 2538
f 2547 2550 2612
f 534 2431 2441
f 2297 2174 2435
f 2174 2183 2432
f 542 2550 2614
f 2440 2173 2442
f 2183 2224 2434
f 2224 522 2434
f 2174 2432 2435
f 2432 534 2435
f 534 2433 2436
f 2433 2210 2436
f 2203 2281 2437
f 2281 2160 2437
f 2438 2445 2480
f 2465 2512 3446
f 2451 2164 2671
f 544 2439 2443
f 2273 2173 2453
f 2466 2440 2490
f 2433 2441 2471
f 2433 534 2441
f 2173 2433 2442
f 2441 542 2471
f 2164 2284 2443
f 2284 544 2443
f 2236 2444 3236
f 3097 2444 3478
f 143 2276 3388
f 2161 2445 3109
f 2161 2199 3113
f 2279 2165 3106
f 2161 2498 3339
f 545 2447 2449
f 2463 2438 3011
f 2445 2161 2480
f 2165 545 2449
f 2446 2165 2449
f 2494 2451 2495
f 2451 545 2452
f 2450 2451 2452
f 2450 2164 2451
f 545 2165 2452
f 2165 2450 2452
f 2173 2440 2453
f 2440 544 2453
f 2502 2428 2541
f 2428 2417 2454
f 2162 2274 2455
f 2274 2271 2455
f 2573 539 2579
f 2590 2632 2713
f 2513 2514 3140
f 2483 532 2487
f 2439 2458 2488
f 542 2466 2490
f 2431 2459 2467
f 2469 41 2473
f 2461 545 2494
f 2552 2460 2570
f 2456 2461 2511
f 2465 2447 3229
f 2617 2618 2624
f 2548 2625 2626
f 2463 2526 3057
f 2178 2476 3094
f 2439 2464 2472
f 2565 145 2569
f 2448 2465 2485
f 2498 2447 3014
f 2561 2458 2608
f 2458 2439 2466
f 542 2441 2467
f 2441 2431 2467
f 2535 2430 2630
f 2430 2417 2468
f 2429 2469 2478
f 2462 41 2489
f 3026 3160 3379
f 3135 2470 3242
f 542 2442 2471
f 2442 2433 2471
f 2164 2443 2472
f 2443 2439 2472
f 41 2459 2473
f 2459 2431 2473
f 2183 2469 2474
f 2469 2431 2474
f 2470 2475 3139
f 2476 2475 3094
f 2477 2463 3105
f 2526 2457 3057
f 2178 2444 2477
f 2444 2438 2477
f 2183 2434 2478
f 2434 2429 2478
f 2007 3180 3269
f 2178 2479 3084
f 2498 2448 3339
f 2448 2438 2480
f 3268 3329 3461
f 3008 3103 3215
f 531 2514 3161
f 2523 2482 3286
f 2483 2463 3011
f 2512 532 3446
f 2451 2464 2484
f 2464 145 2484
f 532 2483 2485
f 2483 2448 2485
f 2560 2508 2563
f 2514 2457 3137
f 2486 2487 3132
f 2457 2526 2588
f 145 2464 2488
f 2464 2439 2488
f 41 2469 2489
f 2469 2429 2489
f 2440 2442 2490
f 2442 542 2490
f 3080 3146 3272
f 2475 531 3139
f 545 2461 2492
f 2461 2456 2492
f 3423 3502 3633
f 3193 3260 3364
f 545 2451 2494
f 2460 2494 2495
f 2451 2484 2495
f 2484 2460 2495
f 2429 2434 2496
f 2434 522 2496
f 2417 2430 2497
f 2430 522 2497
f 2161 2446 2498
f 2446 2447 2498
f 521 2419 2499
f 2419 2415 2499
f 2532 2418 2537
f 2418 2500 2536
f 2500 127 2501
f 523 2424 2502
f 2533 2502 2751
f 2414 2419 2503
f 2419 521 2503
f 127 2500 2504
f 2500 2415 2504
f 457 2289 2505
f 2732 2136 2761
f 2506 2552 2570
f 2556 2506 2558
f 2465 2456 2512
f 2552 539 2557
f 2508 2518 3093
f 2563 2508 3181
f 2509 2522 3131
f 471 2515 2524
f 2526 2486 2588
f 2602 471 3071
f 2562 2517 3062
f 2512 2456 3226
f 2507 2512 3226
f 2520 532 3095
f 2513 3049 3204
f 531 3059 3173
f 2475 2457 3087
f 2482 2514 3137
f 2564 2509 2566
f 2515 2523 3286
f 2267 2076 2910
f 2507 2517 2519
f 2563 2517 2577
f 2524 2510 3083
f 2510 2486 2518
f 532 2512 2519
f 2512 2507 2519
f 2487 532 3132
f 2518 2486 3093
f 566 765 2521
f 765 691 2521
f 3051 2035 3184
f 2012 3108 3303
f 2522 2012 3131
f 2515 2509 2523
f 2482 2510 2524
f 471 2524 3083
f 2800 135 2892
f 2898 2015 3069
f 2483 2487 3228
f 2487 2486 2526
f 3099 3202 3293
f 3114 2527 3211
f 543 2279 2528
f 2279 2199 2528
f 2749 2790 3937
f 524 2529 2748
f 2502 2424 2534
f 521 2530 2540
f 461 2532 2537
f 2531 2532 3946
f 2531 521 2532
f 2428 2502 2533
f 141 2533 2751
f 2424 2530 2534
f 3917 141 3934
f 2462 2535 2623
f 2462 2429 2535
f 2500 2501 2536
f 2501 461 2536
f 2418 2536 2537
f 2536 461 2537
f 524 2468 2538
f 2468 2428 2538
f 2232 2382 2539
f 2382 494 2539
f 2424 2503 2540
f 2503 521 2540
f 2428 2454 2541
f 2454 523 2541
f 521 2499 2542
f 2499 2418 2542
f 2243 2387 2543
f 2261 2543 2985
f 2387 2243 2844
f 2243 2544 2844
f 2251 2545 2733
f 2668 2237 2915
f 2546 2609 2615
f 2609 2459 2615
f 2754 2789 2817
f 542 2549 2553
f 2625 41 2626
f 513 2618 2767
f 2550 2547 2614
f 2616 2610 2619
f 542 2467 2550
f 2467 2459 2550
f 2595 2627 2704
f 145 2556 2558
f 2461 2552 2557
f 2461 2460 2552
f 2458 2466 2553
f 2466 542 2553
f 2460 2484 2554
f 2484 145 2554
f 2137 2076 2555
f 2137 2555 2721
f 2565 2551 2581
f 2611 541 2629
f 539 2511 2557
f 2511 2461 2557
f 2506 2554 2558
f 2554 145 2558
f 2517 2507 3062
f 539 2559 2567
f 2508 2560 2568
f 2596 2560 2603
f 2551 2561 2620
f 145 2565 2581
f 2559 2562 2606
f 2632 39 2713
f 2517 2563 3181
f 39 2563 2577
f 2564 2575 2578
f 2575 470 2578
f 2458 2561 2565
f 2561 2551 2565
f 2509 2515 2566
f 2515 471 2566
f 2507 2511 2567
f 2511 539 2567
f 471 2518 2568
f 2518 2508 2568
f 145 2488 2569
f 2488 2458 2569
f 2460 2554 2570
f 2554 2506 2570
f 2211 2251 2571
f 2251 2215 2571
f 2731 2381 2895
f 2381 2243 2572
f 2705 2631 2781
f 2559 539 2605
f 2642 2592 2660
f 2566 471 3130
f 2575 2564 2585
f 470 2651 2652
f 1988 2576 2601
f 1988 1987 2576
f 2517 2562 2577
f 2562 39 2577
f 2013 2578 2604
f 2013 2564 2578
f 539 2552 2579
f 2552 2506 2579
f 1602 1992 2580
f 1992 1987 2580
f 2551 2556 2581
f 2556 145 2581
f 2564 2013 2607
f 2576 1987 2583
f 1987 2582 2583
f 2582 2013 2583
f 2013 2582 2584
f 2582 129 2584
f 2602 2574 3009
f 2574 2575 2585
f 559 781 2586
f 781 678 2586
f 2135 2587 2991
f 2135 2077 2587
f 2486 2510 2588
f 2510 2482 3003
f 2232 2539 2589
f 2539 2261 2589
f 2590 2600 2636
f 478 2633 2662
f 2591 2559 2605
f 2697 478 2995
f 2574 2592 2598
f 2596 469 2637
f 480 2658 2708
f 2596 2593 2650
f 2573 2594 2635
f 2579 2506 2613
f 2594 2506 3077
f 2556 2551 2595
f 2596 2637 3230
f 471 2602 3009
f 1986 1988 2597
f 2576 470 2601
f 470 2575 2598
f 2575 2574 2598
f 2560 2563 2599
f 2563 39 2599
f 39 2562 2600
f 2562 2559 2600
f 470 2597 2601
f 2597 1988 2601
f 2560 2596 2602
f 2637 2574 3230
f 2560 2599 2603
f 2599 2593 2603
f 470 2576 2604
f 2576 2013 2604
f 539 2573 2605
f 2573 2591 2605
f 2507 2567 2606
f 2567 2559 2606
f 2013 2584 2607
f 2584 2509 2607
f 2458 2553 2608
f 2553 2549 2608
f 2547 2609 2621
f 2550 2459 2612
f 2561 2549 2611
f 2611 2549 2875
f 2610 2611 2875
f 2610 541 2611
f 2459 2609 2612
f 2609 2547 2612
f 2506 2594 2613
f 2594 2573 2613
f 2547 2549 2614
f 2549 542 2614
f 2459 41 2615
f 2548 2546 2625
f 541 2769 2783
f 2778 2616 2852
f 526 2790 3939
f 3906 2758 3915
f 2750 2548 2760
f 2548 2462 2618
f 2622 515 2762
f 2547 2619 2876
f 2627 2595 2703
f 2595 2551 2620
f 515 2619 2621
f 2619 2547 2621
f 2609 2622 2762
f 2609 2546 2622
f 524 2617 2623
f 2618 2462 2624
f 2462 2623 2624
f 2623 2617 2624
f 2546 2615 2625
f 2615 41 2625
f 41 2462 2626
f 2462 2548 2626
f 2823 538 2830
f 2694 540 2787
f 2556 2595 2628
f 540 2704 2786
f 541 2620 2629
f 2620 2561 2629
f 2430 2468 2630
f 2468 524 2630
f 2631 2634 2691
f 2594 540 2635
f 2593 2632 2657
f 2599 39 2653
f 2658 2590 2678
f 2600 2559 2636
f 2633 2591 2662
f 2591 2573 2634
f 540 2631 2635
f 2634 2573 2691
f 2559 2633 2636
f 2633 2590 2636
f 2660 2592 2689
f 2592 2574 2637
f 2070 2071 2856
f 2730 2040 2848
f 2640 135 2770
f 2140 2639 2882
f 2639 2640 2770
f 2795 2640 2896
f 2699 2828 2859
f 2643 469 2682
f 2655 2673 2681
f 2651 2642 2652
f 2643 2656 2684
f 2660 2643 2688
f 2597 2644 2647
f 2597 470 2644
f 2659 1977 2665
f 1977 1682 2645
f 2673 472 2681
f 2644 2642 2646
f 2645 1986 2663
f 1986 2597 2647
f 2592 2637 2648
f 2637 469 2648
f 1682 468 2649
f 1986 2649 2693
f 2641 2650 2680
f 2641 469 2650
f 470 2598 2651
f 2598 2592 2651
f 2642 2644 2652
f 2644 470 2652
f 39 2632 2653
f 2632 2593 2653
f 479 2814 2845
f 2699 2696 2828
f 2646 2655 2667
f 2675 2655 2712
f 2656 2643 2682
f 2683 482 2685
f 2641 2657 2686
f 2650 2593 2680
f 2632 2658 2676
f 2632 2590 2658
f 2659 2674 2677
f 2674 307 2677
f 2643 2660 2689
f 130 2660 2688
f 2590 2633 2661
f 2633 478 2661
f 2591 2634 2662
f 2634 478 2662
f 1986 2647 2663
f 2647 472 2663
f 2655 2646 2679
f 2646 2642 2664
f 1977 2645 2665
f 2645 472 2665
f 2133 2638 2837
f 2638 2070 2856
f 472 2644 2667
f 2644 2646 2667
f 2211 2380 2668
f 2380 2237 2668
f 2045 2525 2669
f 2525 2083 2669
f 2183 2174 2670
f 2224 2183 2670
f 2164 2472 2671
f 2472 2464 2671
f 2701 2827 2831
f 2675 130 2700
f 2659 472 3013
f 2674 2673 2687
f 2674 2659 3013
f 307 2674 3010
f 2675 2700 2829
f 2706 2675 2879
f 480 2657 2676
f 2657 2632 2676
f 1993 1976 2707
f 1976 2659 2677
f 2590 2661 2678
f 2661 2654 2678
f 2646 2664 2679
f 2664 130 2679
f 2593 2657 2680
f 2657 2641 2680
f 472 2667 2681
f 2667 2655 2681
f 469 2641 2682
f 2641 2656 2682
f 2641 2683 2685
f 2657 480 2686
f 482 2672 2684
f 2672 2643 2684
f 482 2656 2685
f 2656 2641 2685
f 2699 2683 2984
f 2683 2641 2686
f 2863 2702 2957
f 2706 473 2709
f 2643 2672 2688
f 130 2688 2711
f 2592 2648 2689
f 2648 2643 2689
f 2807 2015 2909
f 2888 2020 2904
f 2573 2635 2691
f 2635 2631 2691
f 1987 1988 2692
f 1988 468 2692
f 468 1988 2693
f 1988 1986 2693
f 2694 2755 2779
f 132 2809 2825
f 2695 2705 2781
f 2814 2695 2835
f 2658 2654 2708
f 2814 479 2818
f 2654 2697 2791
f 2661 478 2878
f 2927 463 2936
f 2932 28 2934
f 2832 2683 2870
f 480 2699 2984
f 2688 2672 2711
f 481 2827 2978
f 2858 483 2869
f 2925 128 2933
f 2864 307 2994
f 2687 473 2702
f 2595 2620 2703
f 2620 541 2703
f 540 2628 2704
f 2628 2595 2704
f 478 2634 2705
f 2634 2631 2705
f 2673 2706 2709
f 2673 2655 2706
f 1976 2677 2707
f 2677 307 2707
f 2696 2708 2822
f 2696 480 2708
f 473 2687 2709
f 2687 2673 2709
f 663 1039 2710
f 1039 755 2710
f 2672 2700 2711
f 2700 130 2711
f 2655 2679 2712
f 2679 130 2712
f 39 2600 2713
f 2600 2590 2713
f 692 772 2714
f 772 566 2714
f 2739 2011 3174
f 2067 502 3061
f 2716 2140 2874
f 2142 2133 2843
f 2077 2135 2738
f 2135 495 2717
f 2104 504 2903
f 2807 2020 3079
f 755 955 2719
f 955 26 2719
f 577 708 2720
f 708 623 2720
f 2555 37 2721
f 2352 2722 2871
f 2352 2242 2722
f 2740 2042 2841
f 491 2723 2894
f 2045 2052 2724
f 2052 2017 2977
f 2141 2269 2808
f 2258 2725 2970
f 2131 2265 2745
f 2911 2726 2992
f 2048 2088 2740
f 2088 2083 2727
f 2544 457 2990
f 2015 2068 2729
f 2068 504 2974
f 2252 2385 2730
f 2385 2040 2730
f 2130 2731 2765
f 2130 2265 2731
f 2073 2143 2741
f 2143 2136 2732
f 494 2382 2733
f 2382 2251 2733
f 2055 2734 3063
f 2055 2049 2734
f 2381 2265 2913
f 2131 2289 2735
f 2543 2387 2736
f 2130 2072 2737
f 2130 2911 2992
f 2135 2717 2738
f 2717 2073 2738
f 2020 2054 2805
f 2054 2011 2739
f 2088 2727 2740
f 2799 2042 2919
f 2143 2732 2741
f 2732 2131 2741
f 2267 2516 2742
f 457 2742 2833
f 2072 2290 2743
f 2290 2237 2743
f 2131 2735 2744
f 2735 2243 2744
f 2265 2726 2745
f 2851 2073 2959
f 492 2269 2746
f 2269 2141 2746
f 3904 2756 3929
f 515 2757 2785
f 2617 2748 2792
f 2617 524 2748
f 3909 527 3911
f 2790 2749 3939
f 2747 2622 2759
f 2622 2546 2750
f 2502 2534 2751
f 2534 141 2751
f 2774 2823 2830
f 2769 2752 2783
f 2627 2753 2780
f 2703 541 2763
f 2769 2616 2801
f 2757 2754 2785
f 2704 2627 2786
f 2776 538 2819
f 2747 2756 3931
f 2759 513 3938
f 2622 2747 2772
f 514 3935 3942
f 2618 2617 2767
f 2748 526 2792
f 2622 2750 2759
f 2750 513 2759
f 2548 2618 2760
f 2618 513 2760
f 2136 2505 2761
f 2505 2289 2761
f 515 2621 2762
f 2621 2609 2762
f 2783 2753 2784
f 2753 2627 2763
f 2076 2267 2764
f 2267 2136 2764
f 494 2290 2765
f 2290 2072 2849
f 2056 2399 2766
f 2399 2074 2766
f 2617 2758 2767
f 2758 513 2767
f 2388 2232 2768
f 541 2610 2769
f 2610 2616 2769
f 135 2139 2770
f 2139 2639 2770
f 2616 2619 2771
f 2619 515 2771
f 2747 2757 2772
f 2757 515 2772
f 2045 2015 2773
f 2052 2045 2773
f 2774 2776 2850
f 2778 139 2821
f 2777 2694 2820
f 538 2779 2840
f 2753 2776 2819
f 2753 2752 2776
f 2694 2777 2782
f 132 2777 2820
f 2754 2778 2852
f 2789 139 2817
f 2811 2775 2838
f 2820 2694 2839
f 2779 2755 2840
f 2755 2627 2780
f 2631 2777 2781
f 2777 2695 2781
f 2631 540 2782
f 540 2694 2782
f 2752 2753 2783
f 541 2783 2784
f 2753 2763 2784
f 2763 541 2784
f 2754 2771 2785
f 2771 515 2785
f 2627 2755 2786
f 2755 2694 2787
f 540 2786 2787
f 2786 2755 2787
f 2809 474 2825
f 2814 2788 2845
f 2789 3901 3920
f 139 3908 3919
f 526 2748 2790
f 2748 2529 2790
f 2828 2696 2880
f 2708 2654 2822
f 3900 2758 3936
f 2758 2617 2792
f 2232 2388 2793
f 2388 125 2793
f 2516 2267 2794
f 2042 2640 2795
f 2140 2795 2896
f 2070 2638 2796
f 2638 2133 2796
f 2045 2587 2797
f 2587 2077 2797
f 2069 2310 2798
f 2310 40 2798
f 2727 2799 2919
f 2727 135 2799
f 2077 2359 2800
f 2359 135 2800
f 2616 2778 2801
f 2778 2752 2801
f 2802 2884 2918
f 2884 2082 2918
f 2055 2081 2803
f 2081 2043 2803
f 2215 2251 2804
f 2251 2382 2804
f 2054 2739 2805
f 2739 2019 2805
f 2237 492 2806
f 2266 2237 2806
f 2718 2807 3079
f 2718 2068 2807
f 2269 2725 2808
f 2725 2070 2808
f 132 2775 2976
f 2809 132 2976
f 483 2858 2982
f 2810 2832 2870
f 3902 511 3922
f 4230 12 4611
f 2812 2862 2940
f 131 2861 2926
f 2683 2699 2813
f 2828 131 2859
f 2697 2814 2818
f 2697 2695 2814
f 2695 2777 2815
f 2777 132 2815
f 2696 2791 2816
f 2791 479 2816
f 139 2778 2817
f 2778 2754 2817
f 479 2791 2818
f 2791 2697 2818
f 538 2780 2819
f 2780 2753 2819
f 2775 2820 2839
f 2775 132 2820
f 3902 2774 3940
f 2776 2752 2850
f 2654 2791 2822
f 2791 2696 2822
f 2811 2823 3921
f 2811 538 2823
f 2812 479 2862
f 474 111 2921
f 2788 2825 2943
f 2788 132 2825
f 2701 2826 2867
f 2832 2826 3002
f 2829 2700 2860
f 2700 2672 2827
f 2812 2828 2880
f 131 2828 2975
f 2698 2829 3126
f 2698 2675 2829
f 538 2776 2830
f 2776 2774 2830
f 2672 482 2831
f 482 2701 2831
f 2810 2826 2832
f 482 2832 3002
f 2742 2516 2833
f 2918 2082 3142
f 2082 2011 2900
f 2695 2815 2835
f 2815 2788 2835
f 502 2067 2836
f 2067 2011 2893
f 2638 2666 2837
f 2802 491 2887
f 2775 2779 2838
f 2779 538 2838
f 2694 2779 2839
f 2779 2775 2839
f 2755 2780 2840
f 2780 538 2840
f 2042 2723 2841
f 2723 2048 2841
f 2086 2842 2905
f 2086 2046 2842
f 2042 2716 2843
f 2716 2142 2843
f 2544 2728 2844
f 2728 2387 2844
f 2788 2824 2845
f 2824 479 2845
f 493 2263 2846
f 2263 2252 2846
f 491 2144 2847
f 2144 2048 2847
f 2040 2666 2848
f 2071 2848 3136
f 2130 2765 2849
f 2765 2290 2849
f 2752 2821 2850
f 2821 2774 2850
f 2726 2851 2959
f 2726 2139 2851
f 2616 2771 2852
f 2771 2754 2852
f 2192 2394 2853
f 2394 2242 2853
f 2071 2070 2854
f 2258 2071 2854
f 493 2268 2855
f 2268 2258 2855
f 2848 2666 3136
f 2666 2638 2856
f 2827 2701 2978
f 2826 483 2867
f 2810 2858 2869
f 2813 131 2979
f 131 2813 2859
f 2813 2699 2859
f 2700 2827 2860
f 2827 481 2860
f 2828 2812 2975
f 2862 477 2940
f 479 2824 2862
f 477 2862 2946
f 2702 2863 2883
f 28 2863 2957
f 1979 1970 3004
f 1978 307 2868
f 2879 2698 2983
f 2936 463 2960
f 473 2865 2866
f 28 2866 2980
f 2933 2857 2981
f 2857 2701 2867
f 307 2864 2868
f 2864 1970 2868
f 483 2826 2869
f 2826 2810 2869
f 2683 2813 2870
f 2813 2810 2870
f 492 2380 2871
f 2380 2352 2871
f 2046 2040 2872
f 2040 2138 2872
f 2266 2873 2899
f 2266 2332 2873
f 2142 2874 2901
f 2142 2716 2874
f 2549 2547 2875
f 2619 2610 2876
f 2610 2875 2876
f 2875 2547 2876
f 503 2404 2877
f 2404 2028 2877
f 478 2697 2878
f 2697 2654 2878
f 2675 2698 2879
f 473 2879 2983
f 2696 2816 2880
f 2816 2812 2880
f 2081 2881 2917
f 2081 2056 2881
f 2639 2737 2882
f 2737 2072 2882
f 2674 2687 3010
f 2687 2702 2883
f 2046 2086 2890
f 2086 2082 2884
f 2009 2134 2885
f 2134 2038 2885
f 2044 1998 2886
f 1998 2064 2886
f 491 2837 2887
f 2837 2666 2887
f 2054 2020 2888
f 2144 2054 2888
f 2044 2132 2889
f 40 2889 2967
f 2086 2884 2890
f 2884 2040 2890
f 582 738 2891
f 738 659 2891
f 2727 2083 2907
f 2083 2525 2892
f 2014 2836 2893
f 2836 2067 2893
f 2843 2133 3090
f 2723 2042 2894
f 2381 2572 2895
f 2572 494 2895
f 2639 2140 2896
f 2640 2639 2896
f 654 734 2897
f 734 659 2897
f 2083 2898 3069
f 2083 2088 2898
f 2140 2072 2899
f 2072 2266 2899
f 2054 2834 2900
f 2834 2082 2900
f 2141 2070 2901
f 2070 2142 2901
f 668 776 2902
f 776 673 2902
f 504 2718 2903
f 2718 2019 2903
f 2020 2690 2904
f 2690 2088 3012
f 2011 2082 2905
f 2082 2086 2905
f 2014 2842 2906
f 2842 2046 2906
f 2083 2892 2907
f 2892 135 2907
f 2139 135 2908
f 135 2359 2908
f 2015 2690 2909
f 2690 2020 2909
f 2794 2267 2910
f 2137 2794 2910
f 2130 2737 2911
f 2737 2139 2911
f 2243 2543 2912
f 2543 2261 2912
f 2131 2744 2913
f 2744 2381 2913
f 495 2136 2914
f 2136 2143 2914
f 2237 2545 2915
f 2545 2251 2915
f 2073 2359 2916
f 2359 2077 2916
f 495 2043 2917
f 2043 2081 2917
f 491 2918 3142
f 491 2802 2918
f 2042 2740 2919
f 2740 2727 2919
f 2043 2084 2920
f 2084 2049 2920
f 2862 2824 2946
f 2824 474 2921
f 2933 483 2953
f 476 33 2929
f 477 397 2923
f 397 476 2923
f 83 3022 3032
f 2863 28 3127
f 2925 2933 2953
f 466 2925 2937
f 2858 2926 2947
f 2858 131 2926
f 2927 2936 2951
f 128 2927 2935
f 3020 2924 3042
f 2931 2928 3018
f 2937 2922 3040
f 2922 476 2929
f 2866 2865 2980
f 2980 2865 2996
f 2932 2928 2948
f 305 2931 3018
f 294 2928 2932
f 28 2932 2948
f 2935 2857 2956
f 483 2933 2981
f 28 2930 2934
f 2939 292 2952
f 481 2857 2935
f 128 2935 2956
f 2698 2936 2960
f 2829 481 3126
f 483 2922 2937
f 466 2937 3040
f 84 3024 3033
f 3022 294 3023
f 2944 464 2961
f 84 2942 3035
f 477 2861 2940
f 2861 2812 2940
f 2939 2941 2955
f 2939 463 2941
f 292 2939 2942
f 2941 464 2955
f 474 2824 2943
f 2824 2788 2943
f 3029 465 3038
f 464 2944 3030
f 465 2944 2945
f 2944 128 2945
f 2824 2921 2946
f 2921 477 2946
f 476 2922 2947
f 2922 483 2982
f 2928 2931 2948
f 2931 2863 3127
f 2924 2928 2949
f 2928 294 2949
f 292 2938 2950
f 2938 2932 2950
f 481 2935 2951
f 2935 2927 2951
f 292 2934 2952
f 2934 2930 2952
f 483 2937 2953
f 2937 2925 2953
f 476 2926 2954
f 2926 2861 2954
f 464 2942 2955
f 2942 2939 2955
f 2857 2933 2956
f 2933 128 2956
f 2702 2866 2957
f 2866 28 2957
f 1572 2034 2958
f 2034 2016 2958
f 2073 2745 2959
f 2745 2726 2959
f 463 2865 2960
f 2865 2698 2960
f 464 2941 2961
f 2941 2927 2961
f 2140 2873 2962
f 2873 2141 2962
f 1508 2025 2963
f 2025 1572 2963
f 305 2924 2964
f 2924 1971 2964
f 305 2864 2965
f 2864 2863 2965
f 491 2894 2966
f 2894 2133 2966
f 2046 40 2967
f 2132 2046 2967
f 2045 2724 2968
f 2724 2084 2968
f 2071 2258 2969
f 2258 2268 2969
f 2269 2214 2970
f 2725 2269 2970
f 2192 2249 2971
f 2249 2216 2971
f 2263 2322 2972
f 2322 2069 2972
f 2240 2348 2973
f 2348 134 2973
f 2017 2729 2974
f 2729 2068 2974
f 2812 2861 2975
f 2861 131 2975
f 2811 475 3927
f 475 2809 2976
f 503 2724 2977
f 2724 2052 2977
f 2701 2857 2978
f 2857 481 2978
f 131 2858 2979
f 2858 2810 2979
f 2930 2980 2996
f 2930 28 2980
f 2857 2867 2981
f 2867 483 2981
f 2858 2947 2982
f 2947 2922 2982
f 2698 2865 2983
f 2865 473 2983
f 2683 2686 2984
f 2686 480 2984
f 2543 2736 2985
f 2736 2223 2985
f 2076 2056 2986
f 2056 2080 2986
f 2190 2348 2987
f 2348 2240 2987
f 2136 495 2988
f 495 2389 2988
f 487 1255 2989
f 1255 1258 2989
f 2728 2544 2990
f 2043 495 2991
f 495 2135 2991
f 2265 2130 2992
f 2726 2265 2992
f 2021 2129 2993
f 2129 133 2993
f 307 2883 2994
f 2883 2863 2994
f 478 2705 2995
f 2705 2695 2995
f 2865 463 2996
f 463 2930 2996
f 2303 2392 2997
f 2392 537 2997
f 3116 2047 3216
f 3058 2012 3284
f 663 944 2999
f 944 678 2999
f 2074 37 3000
f 2080 2074 3000
f 2021 2018 3001
f 2028 2021 3001
f 2701 482 3002
f 2826 2701 3002
f 2457 2588 3003
f 2588 2510 3003
f 1970 2864 3004
f 2864 305 3004
f 2024 2124 3005
f 2124 1555 3005
f 2026 3219 3622
f 3067 2390 3444
f 3007 3085 3427
f 3051 1989 3206
f 2493 3202 3313
f 3216 3008 3500
f 2574 2585 3009
f 2585 471 3009
f 2687 2883 3010
f 2883 307 3010
f 2438 2448 3011
f 2448 2483 3011
f 2048 2904 3012
f 2904 2690 3012
f 472 2673 3013
f 2673 2674 3013
f 2447 2465 3014
f 2465 2448 3014
f 530 3015 3271
f 2063 3015 3222
f 3288 2002 3656
f 1999 3207 3658
f 3167 3314 3380
f 3370 3116 3378
f 2924 305 3018
f 2928 2924 3018
f 313 1974 3019
f 1974 1727 3019
f 313 3019 3020
f 3019 1971 3020
f 313 2949 3021
f 2949 294 3021
f 3028 3021 3031
f 3021 294 3022
f 294 2938 3023
f 3024 293 3037
f 2938 3024 3037
f 2938 292 3024
f 3358 3450 3547
f 3334 3025 3550
f 3059 2491 3173
f 3146 3245 3447
f 311 1972 3027
f 3028 3027 3041
f 83 3027 3028
f 313 3028 3041
f 388 465 3029
f 466 388 3029
f 465 462 3030
f 3035 464 3036
f 3021 3022 3031
f 3022 83 3031
f 293 291 3032
f 291 83 3032
f 292 2942 3033
f 2942 84 3033
f 84 288 3034
f 288 293 3034
f 462 3035 3036
f 462 84 3035
f 464 3030 3036
f 3030 462 3036
f 293 3023 3037
f 3023 2938 3037
f 465 2945 3038
f 2945 2925 3038
f 293 3032 3039
f 3032 3022 3039
f 2922 2929 3040
f 2929 466 3040
f 1972 313 3041
f 3027 1972 3041
f 2924 2949 3042
f 2949 313 3042
f 309 1613 3043
f 1613 1609 3043
f 1694 1662 3044
f 1727 1694 3044
f 2927 128 3045
f 128 2944 3045
f 1678 2003 3046
f 2003 1992 3046
f 1113 1525 3047
f 1525 1574 3047
f 3048 3100 3182
f 3100 1615 3182
f 3108 2998 3303
f 3103 2047 3227
f 1574 1623 3147
f 3107 3050 3289
f 2035 3051 3206
f 129 3051 3184
f 3198 3307 3385
f 3185 528 3278
f 3070 2386 3671
f 3145 3070 3671
f 2007 3110 3255
f 2022 3160 3243
f 2040 2884 3055
f 2884 2802 3055
f 1592 1689 3056
f 1689 1602 3056
f 2475 2476 3171
f 2476 2463 3057
f 2513 3058 3284
f 2514 2482 3140
f 2514 2513 3161
f 3049 2047 3204
f 3568 3691 3756
f 3533 3639 3845
f 2016 2715 3061
f 2715 2067 3061
f 2507 2606 3062
f 2606 2562 3062
f 485 2399 3063
f 2399 2055 3063
f 1556 1578 3064
f 1578 133 3064
f 3065 3165 3320
f 3114 1994 3205
f 3170 3244 3356
f 3048 1591 3822
f 2386 3067 3235
f 3070 2039 3259
f 2239 3068 3525
f 2262 2039 3433
f 2015 2669 3069
f 2669 2083 3069
f 2386 3070 3259
f 3015 3070 3271
f 471 2568 3071
f 2568 2560 3071
f 468 1703 3072
f 1703 1633 3072
f 2211 2379 3073
f 2379 2249 3073
f 2307 2328 3074
f 2328 2174 3074
f 1571 1615 3075
f 2090 1606 3129
f 3078 2119 3600
f 3176 3306 3557
f 2556 2628 3077
f 2628 2594 3077
f 1623 2121 3209
f 2148 1985 3292
f 2020 2019 3079
f 2019 2718 3079
f 3268 3346 3457
f 3314 2022 3380
f 3081 3334 3550
f 3311 3081 3443
f 2214 2406 3082
f 2406 2242 3082
f 2510 2518 3083
f 2518 471 3083
f 2444 2178 3236
f 2390 2236 3084
f 2998 3085 3225
f 3108 2035 3431
f 2180 2329 3086
f 2329 2222 3086
f 2457 2514 3087
f 2514 531 3087
f 3172 2030 3238
f 3138 1999 3295
f 1581 2112 3556
f 2112 1591 3089
f 2133 2894 3090
f 2894 2042 3090
f 40 2310 3091
f 2310 2038 3091
f 3016 3413 3640
f 3383 3288 3656
f 2486 2520 3093
f 2520 2508 3093
f 2479 2178 3135
f 2475 2470 3094
f 532 2519 3095
f 2519 2517 3095
f 3202 2493 3316
f 3362 3455 3497
f 143 2445 3097
f 2445 2438 3097
f 3156 3247 3366
f 1983 3348 3470
f 3052 3321 3372
f 3198 3315 3460
f 3278 3065 3467
f 3129 1615 3275
f 3101 3212 3347
f 3103 1754 3215
f 500 2029 3102
f 2029 1990 3102
f 2998 3103 3227
f 3085 1754 3225
f 3167 3006 3336
f 3219 2026 3399
f 2463 2476 3105
f 2476 2178 3105
f 2165 2446 3106
f 2446 2161 3113
f 3107 3166 3403
f 1614 3159 3442
f 2012 2522 3108
f 2522 2035 3108
f 2276 2278 3109
f 2278 2161 3109
f 3180 3054 3269
f 3167 3110 3314
f 2043 2587 3111
f 2587 2045 3111
f 1606 2090 3112
f 3065 1994 3203
f 2199 3106 3113
f 3106 2446 3113
f 2527 3114 3205
f 1754 3114 3211
f 3686 3789 4025
f 3304 3381 3476
f 3208 3370 3378
f 2047 3196 3472
f 3327 3456 3689
f 3352 3449 3512
f 129 2522 3118
f 2522 2509 3118
f 1574 1596 3119
f 1596 137 3119
f 1581 3120 3354
f 1581 1518 3120
f 1992 2003 3121
f 129 3121 3397
f 1501 1614 3122
f 3179 1591 3338
f 3123 3214 3309
f 3178 3253 3402
f 2041 529 3124
f 2270 2041 3124
f 1997 2060 3125
f 2060 2041 3125
f 481 2936 3126
f 2936 2698 3126
f 28 2948 3127
f 2948 2931 3127
f 3301 3401 3593
f 3302 3371 3657
f 1606 3075 3129
f 3075 1615 3129
f 471 2585 3130
f 2585 2564 3130
f 2012 2523 3131
f 2523 2509 3131
f 532 2520 3132
f 2520 2486 3132
f 1989 2113 3133
f 2113 1994 3133
f 2117 2113 3434
f 2113 1989 3134
f 2178 3094 3135
f 3094 2470 3135
f 2666 2856 3136
f 2856 2071 3136
f 2457 3003 3137
f 3003 2482 3137
f 3053 3138 3667
f 1999 3138 3337
f 531 3026 3139
f 3160 2470 3379
f 2482 3058 3140
f 3058 2513 3140
f 2011 2842 3141
f 2842 2014 3141
f 2082 2834 3142
f 2834 491 3142
f 1226 1262 3285
f 1262 1255 3143
f 3138 3053 3337
f 3219 3144 3622
f 3053 3145 3195
f 3138 530 3667
f 3160 3026 3243
f 3173 2491 3273
f 1623 3050 3147
f 3050 1501 3147
f 2029 2085 3148
f 2151 1600 3474
f 2030 3149 3441
f 2030 2000 3149
f 2177 2313 3150
f 2313 2221 3150
f 2172 2287 3151
f 2287 2209 3151
f 1505 3152 3188
f 1505 10 3152
f 3153 3237 3353
f 1984 3260 3404
f 3305 3369 3448
f 3244 3081 3430
f 3239 3321 3560
f 3244 3155 3333
f 3146 3080 3245
f 3346 3017 3457
f 2039 2262 3157
f 2262 2236 3157
f 497 1527 3158
f 1527 1113 3158
f 3232 3107 3684
f 3166 2004 3403
f 3110 3054 3249
f 3242 2470 3391
f 2513 3059 3161
f 3059 531 3161
f 3096 3329 3462
f 3212 2493 3345
f 2016 2104 3163
f 2104 2019 3163
f 1083 1404 3164
f 1404 1128 3164
f 3099 3165 3468
f 3202 2527 3293
f 3076 3414 3587
f 3261 3422 3627
f 3167 3248 3522
f 3178 3006 3308
f 1113 1527 3168
f 1527 1182 3168
f 3308 3098 3396
f 3247 3376 3530
f 3048 3170 3250
f 3066 3170 3318
f 2476 3057 3171
f 3057 2457 3171
f 1985 2151 3172
f 2151 2000 3172
f 3026 3173 3273
f 3026 531 3173
f 2011 2067 3174
f 2067 2715 3174
f 3263 3641 3647
f 3261 3175 3422
f 3383 3175 3575
f 3187 3078 3600
f 2071 2969 3177
f 2969 2252 3177
f 3282 3123 3466
f 3006 3309 3505
f 3159 3066 3442
f 3170 3048 3318
f 2007 2390 3180
f 2390 2479 3180
f 2508 2520 3181
f 2520 2517 3181
f 3089 1591 3757
f 1591 3048 3182
f 1594 2153 3183
f 2153 1124 3183
f 2035 2522 3184
f 2522 129 3184
f 3100 3185 3438
f 3250 528 3368
f 3322 3408 3620
f 3508 3598 3754
f 3076 3187 3332
f 3414 1598 3587
f 1173 1593 3188
f 1593 1505 3188
f 467 1625 3189
f 1625 1593 3189
f 3190 3310 3614
f 3207 1999 3480
f 3335 3092 3553
f 3413 3016 3890
f 3393 3506 3625
f 3246 3340 3479
f 3193 3254 3432
f 3208 1984 3317
f 3394 3484 3569
f 3423 3488 3688
f 2386 2026 3195
f 3144 3053 3294
f 2047 3116 3196
f 3208 2491 3370
f 3197 3331 3420
f 3278 528 3419
f 3202 3099 3313
f 3321 3052 3481
f 3115 3417 3720
f 3334 3199 3384
f 3638 3659 4091
f 3630 3697 3812
f 3516 3603 3676
f 3016 3301 3520
f 3101 3202 3316
f 3211 2527 3349
f 1994 3112 3203
f 3112 2090 3203
f 3196 3059 3472
f 3059 2513 3204
f 1994 3065 3205
f 3165 2527 3320
f 1989 3007 3206
f 3085 2035 3427
f 3092 3207 3480
f 3176 2119 3335
f 3080 3208 3317
f 3146 2491 3272
f 2121 3078 3209
f 3187 1598 3523
f 1600 2148 3210
f 2148 137 3210
f 3101 3211 3349
f 3101 1754 3211
f 3153 3212 3345
f 3251 3008 3355
f 1985 3088 3213
f 3207 2119 3581
f 2386 3104 3300
f 3309 3214 3505
f 1754 3101 3215
f 3212 3008 3347
f 2047 3103 3216
f 3103 3008 3216
f 3312 2004 3361
f 3025 3334 3384
f 467 1622 3218
f 1622 1606 3218
f 3219 3399 3715
f 3016 3282 3504
f 3417 3115 3607
f 3717 3790 3994
f 1570 2111 3221
f 2111 1607 3221
f 530 2066 3222
f 2066 2063 3222
f 2239 2292 3223
f 2292 143 3223
f 2039 3070 3224
f 3070 3015 3224
f 1754 3103 3225
f 3103 2998 3225
f 2456 2511 3226
f 2511 2507 3226
f 2047 3049 3227
f 3049 2998 3227
f 2487 2526 3228
f 2526 2463 3228
f 2447 2492 3229
f 2492 2456 3229
f 2574 2602 3230
f 2602 2596 3230
f 1571 3075 3231
f 3075 1622 3231
f 1614 1501 3232
f 1501 3050 3232
f 1501 2116 3233
f 2116 497 3233
f 1501 1580 3234
f 1580 1574 3234
f 2007 3104 3235
f 3104 2386 3235
f 2178 3084 3236
f 3084 2236 3236
f 3162 3385 3492
f 3329 3096 3453
f 2030 3088 3238
f 3088 1985 3238
f 3358 3437 3549
f 3305 3373 3531
f 3240 3326 3382
f 2481 3455 3559
f 3319 3412 3471
f 3307 3415 3493
f 3054 3242 3391
f 3054 2479 3242
f 3026 3146 3243
f 3245 2022 3447
f 3155 3244 3430
f 3356 3244 3712
f 3156 3245 3398
f 3248 2022 3498
f 3329 3192 3461
f 3393 3117 3506
f 3327 3169 3456
f 3253 3098 3387
f 3156 3248 3498
f 3247 3098 3366
f 3054 3160 3249
f 3160 2022 3249
f 3100 3250 3368
f 3100 3048 3250
f 3153 3251 3355
f 1984 3251 3386
f 3252 3341 3454
f 3327 3426 3621
f 3253 3387 3529
f 3348 1983 3519
f 3247 3156 3376
f 3245 3080 3398
f 3006 3104 3255
f 3104 2007 3255
f 2039 3157 3256
f 3157 2390 3256
f 3567 3767 3983
f 3342 3541 3786
f 1994 3114 3258
f 3114 3007 3258
f 2039 3067 3259
f 3067 2386 3259
f 3251 3153 3386
f 3096 3353 3425
f 3422 2004 3627
f 3166 1598 3414
f 3333 3197 3439
f 3331 3099 3420
f 3542 3612 3813
f 3538 3632 3777
f 3407 3583 3655
f 3322 3445 3496
f 3220 3450 3584
f 3400 3115 3527
f 3266 3375 3792
f 3128 3401 3623
f 3365 3626 3693
f 1983 3371 3644
f 3193 3268 3350
f 3260 3096 3364
f 3054 3110 3269
f 3110 2007 3269
f 3270 3400 3681
f 3361 2004 3521
f 3070 3145 3271
f 3145 530 3271
f 2491 3208 3272
f 3208 3080 3272
f 2491 3146 3273
f 3146 3026 3273
f 1997 2066 3274
f 2066 2000 3274
f 1615 3100 3275
f 3185 2090 3438
f 1754 3085 3276
f 3085 3007 3276
f 1576 2036 3277
f 2036 504 3277
f 3165 3278 3419
f 3165 3065 3278
f 1573 2122 3279
f 2122 505 3279
f 3406 3494 3570
f 3360 3421 3548
f 2008 2354 3281
f 2354 2041 3281
f 3413 3219 3640
f 3399 3123 3715
f 3325 3424 3511
f 3352 3418 3732
f 2012 3049 3284
f 3049 2513 3284
f 1262 3143 3285
f 3143 488 3285
f 2482 2524 3286
f 2524 2515 3286
f 137 2121 3287
f 2121 1623 3287
f 3176 3288 3554
f 3306 2002 3557
f 1623 1598 3289
f 3050 1623 3289
f 1600 2151 3290
f 2151 1985 3290
f 3363 3544 3829
f 3025 3381 3551
f 3213 3078 3680
f 3078 2121 3292
f 2527 3165 3293
f 3165 3099 3293
f 3053 3195 3294
f 3195 2026 3294
f 3207 3088 3658
f 3088 2030 3295
f 3377 3459 3585
f 3369 3463 3536
f 1997 2085 3297
f 2085 2029 3297
f 3298 3389 3861
f 3321 3155 3560
f 304 1172 3299
f 1172 1246 3299
f 3104 3214 3300
f 3214 2026 3300
f 3282 3201 3504
f 3128 3603 3749
f 3302 3477 3883
f 1983 3402 3580
f 2998 3049 3303
f 3049 2012 3303
f 3374 3503 3896
f 3298 3025 3389
f 3321 3239 3372
f 3437 3154 3549
f 3092 3191 3586
f 3411 3750 4075
f 3369 3241 3448
f 3162 3412 3532
f 3006 3167 3308
f 3248 3098 3522
f 3006 3178 3309
f 3302 3123 3477
f 3191 3593 3713
f 3614 3310 3669
f 3066 3217 3311
f 3217 3081 3311
f 3217 3312 3361
f 3217 3066 3312
f 3198 3313 3465
f 3315 2493 3460
f 3110 3249 3314
f 3249 2022 3314
f 3237 3315 3451
f 3345 2493 3429
f 2493 3212 3316
f 3212 3101 3316
f 3260 3193 3404
f 3254 3080 3432
f 1591 3179 3822
f 3179 3066 3318
f 3449 3240 3512
f 3326 3162 3382
f 2527 3205 3320
f 3205 3065 3320
f 3197 3321 3481
f 3333 3155 3714
f 3264 3484 3601
f 3583 3186 3655
f 3323 3410 3486
f 3488 3194 3688
f 3440 3514 3597
f 3060 3598 3708
f 3456 3246 3689
f 3346 3192 3416
f 3353 3237 3425
f 3315 3162 3451
f 3408 3252 3620
f 3341 3169 3454
f 1606 3112 3328
f 3112 2113 3328
f 3329 3453 3815
f 3192 3449 3526
f 3395 3483 3791
f 3394 3469 3562
f 3307 3198 3415
f 3313 3099 3465
f 2119 3176 3332
f 3288 3076 3554
f 3197 3333 3714
f 528 3333 3439
f 3081 3217 3334
f 3217 3199 3334
f 2119 3207 3335
f 3207 3092 3335
f 3006 3255 3336
f 3255 3110 3336
f 3053 3144 3337
f 3190 1999 3555
f 1591 3122 3338
f 3122 1614 3338
f 2448 2480 3339
f 2480 2161 3339
f 3247 3340 3517
f 3376 3017 3530
f 3402 3253 3580
f 3387 3169 3529
f 3568 3646 3730
f 3650 3727 4089
f 1598 3166 3343
f 3166 3107 3343
f 467 2117 3344
f 2117 1678 3344
f 3237 3345 3429
f 3237 3153 3345
f 3246 3346 3416
f 3340 3017 3479
f 3008 3215 3347
f 3215 3101 3347
f 3348 3519 3635
f 3408 3545 3731
f 2527 3202 3349
f 3202 3101 3349
f 3017 3254 3350
f 3254 3193 3350
f 3836 3987 4022
f 3616 3711 3804
f 3405 3283 3487
f 3192 3424 3528
f 3096 3260 3353
f 3260 3153 3353
f 497 2112 3354
f 2112 1581 3354
f 3008 3212 3355
f 3212 3153 3355
f 528 3250 3356
f 3250 3170 3356
f 3436 3576 3674
f 3610 3797 3828
f 3358 3464 3800
f 3220 3476 3794
f 3359 3513 3631
f 3501 3613 3768
f 3280 3547 3690
f 3406 3485 3572
f 3199 3361 3521
f 3199 3217 3361
f 3362 3405 3487
f 3455 3362 3559
f 3602 3663 3805
f 3450 3220 3563
f 3329 3268 3462
f 3268 3193 3364
f 3401 3301 3623
f 3504 3201 3592
f 3098 3248 3366
f 3248 3156 3366
f 3417 3175 3641
f 3624 3774 4076
f 528 3185 3368
f 3185 3100 3368
f 3423 3296 3502
f 3241 3459 3879
f 2491 3196 3370
f 3196 3116 3370
f 3501 3267 3636
f 3365 3201 3626
f 3305 3372 3499
f 3373 3052 3531
f 3307 3373 3518
f 3415 3052 3493
f 3369 3305 3463
f 3372 3239 3499
f 3573 2002 3653
f 3306 3092 3586
f 3156 3254 3376
f 3254 3017 3376
f 3319 3377 3491
f 3412 3241 3471
f 3116 1984 3378
f 1984 3208 3378
f 2470 3139 3379
f 3139 3026 3379
f 2022 3248 3380
f 3248 3167 3380
f 3384 3291 3582
f 3220 3544 3604
f 3412 3319 3532
f 3418 3240 3524
f 3263 3383 3571
f 3641 3175 3647
f 3291 3384 3700
f 3025 3384 3582
f 3162 3315 3385
f 3315 3198 3385
f 3153 3260 3386
f 3260 1984 3386
f 3098 3247 3387
f 3340 3169 3517
f 2276 3109 3388
f 3109 2445 3388
f 3381 3304 3551
f 3374 3239 3503
f 1607 1569 3390
f 1569 2001 3390
f 2470 3160 3391
f 3160 3054 3391
f 2061 2092 3392
f 2092 500 3392
f 3393 3509 3694
f 3445 3117 3496
f 3330 3570 3780
f 3264 3483 3578
f 3565 3324 3719
f 3264 3514 3642
f 3098 3253 3396
f 3253 3178 3396
f 2003 3051 3397
f 3051 129 3397
f 3080 3254 3398
f 3254 3156 3398
f 2026 3214 3399
f 3214 3123 3399
f 3291 3400 3527
f 3384 3199 3700
f 3638 3266 3659
f 3191 3606 3758
f 3371 3302 3644
f 3477 3178 3883
f 2004 3159 3403
f 3159 3107 3403
f 3193 3317 3404
f 3317 1984 3404
f 3484 3323 3569
f 3410 3283 3486
f 3502 3360 3633
f 3547 3280 3726
f 3407 3535 3648
f 3645 3703 3803
f 3501 3348 3613
f 3519 3252 3635
f 3515 3615 3722
f 3280 3494 3637
f 3325 3410 3495
f 3424 3283 3511
f 3573 3594 3750
f 3537 3685 3825
f 3385 3307 3492
f 3373 3241 3518
f 3190 3413 3890
f 3190 3144 3413
f 3076 3261 3414
f 3261 3166 3414
f 3198 3331 3415
f 3331 3052 3415
f 3424 3325 3528
f 3426 3246 3665
f 3270 3417 3607
f 3422 3175 3596
f 3319 3418 3524
f 3377 2481 3491
f 528 3262 3419
f 3262 3165 3419
f 3165 3262 3468
f 3262 3197 3420
f 3369 3421 3558
f 3463 3154 3536
f 3270 3422 3596
f 3270 2004 3422
f 3362 3423 3489
f 3455 3296 3497
f 3449 3352 3526
f 3452 3283 3510
f 3237 3326 3425
f 3326 3096 3425
f 3325 3426 3665
f 3410 3117 3495
f 2035 3206 3427
f 3206 3007 3427
f 3765 3842 3885
f 3698 3784 3894
f 2493 3315 3429
f 3315 3237 3429
f 3081 3298 3430
f 3298 3155 3430
f 2035 3085 3431
f 3085 2998 3431
f 3080 3317 3432
f 3317 3193 3432
f 2039 3068 3433
f 3068 2239 3433
f 2113 3134 3434
f 3134 1678 3434
f 1121 1474 3435
f 1474 1182 3435
f 3544 3363 3604
f 3663 3265 3805
f 3360 3437 3490
f 3421 3154 3548
f 2090 3275 3438
f 3275 3100 3438
f 3197 3262 3439
f 3262 528 3439
f 3408 3322 3545
f 3484 3264 3605
f 530 3138 3441
f 3138 2030 3441
f 3066 3179 3442
f 3179 1614 3442
f 3081 3244 3443
f 3244 3170 3443
f 2007 3235 3444
f 3235 3067 3444
f 3327 3445 3599
f 3426 3117 3621
f 532 2485 3446
f 2485 2465 3446
f 2022 3243 3447
f 3243 3146 3447
f 3241 3373 3448
f 3373 3305 3448
f 3192 3329 3449
f 3453 3240 3815
f 3450 3563 3683
f 3280 3533 3618
f 3162 3326 3451
f 3326 3237 3451
f 3352 3452 3510
f 3418 2481 3732
f 3096 3326 3453
f 3326 3240 3453
f 3169 3327 3454
f 3445 3252 3599
f 2481 3377 3455
f 3459 3296 3585
f 3169 3340 3456
f 3340 3246 3456
f 3017 3350 3457
f 3350 3268 3457
f 3533 3357 3639
f 3576 3677 3785
f 3241 3369 3459
f 3421 3296 3558
f 2493 3313 3460
f 3313 3198 3460
f 3192 3346 3461
f 3346 3268 3461
f 3268 3364 3462
f 3364 3096 3462
f 3305 3374 3463
f 3374 3154 3463
f 3154 3374 3464
f 3503 3304 3896
f 3099 3331 3465
f 3331 3198 3465
f 3123 3302 3466
f 3371 3201 3657
f 3065 2090 3467
f 2090 3185 3467
f 3262 3420 3468
f 3420 3099 3468
f 3405 3469 3574
f 3489 3194 3552
f 3267 3371 3470
f 3371 1983 3470
f 3459 3377 3879
f 3377 3319 3471
f 3059 3204 3472
f 3204 2047 3472
f 3266 3638 3721
f 3257 3730 4046
f 1600 3148 3474
f 3148 2085 3474
f 3725 3868 4083
f 3662 3773 3827
f 3450 3358 3584
f 3464 3304 3800
f 3123 3309 3477
f 3309 3178 3477
f 2236 143 3478
f 2444 2236 3478
f 3017 3346 3479
f 3346 3246 3479
f 1999 3190 3480
f 3092 3614 3669
f 3052 3331 3481
f 3331 3197 3481
f 2063 2008 3482
f 3015 2063 3482
f 3484 3394 3601
f 3485 3330 3561
f 3393 3484 3605
f 3506 3323 3625
f 3485 3561 3778
f 3469 3194 3562
f 3283 3405 3486
f 3469 3323 3574
f 3283 3452 3487
f 3452 3362 3487
f 3406 3488 3682
f 3485 3194 3572
f 3405 3489 3552
f 3405 3362 3489
f 3494 3406 3637
f 3488 3360 3682
f 2481 3418 3491
f 3418 3319 3491
f 3307 3412 3492
f 3412 3162 3492
f 3052 3373 3493
f 3373 3307 3493
f 3639 3409 3845
f 3330 3615 3760
f 3117 3426 3495
f 3426 3325 3495
f 3117 3393 3496
f 3509 3322 3694
f 3296 3423 3497
f 3423 3362 3497
f 2022 3245 3498
f 3245 3156 3498
f 3239 3374 3499
f 3374 3305 3499
f 3008 3251 3500
f 3251 3116 3500
f 3568 3359 3691
f 3513 3267 3631
f 3296 3421 3502
f 3421 3360 3502
f 3239 3389 3503
f 3389 3304 3503
f 3301 3504 3592
f 3301 3016 3504
f 3104 3006 3505
f 3214 3104 3505
f 3117 3410 3506
f 3410 3323 3506
f 3507 3617 3728
f 3515 3060 3733
f 3508 3619 3811
f 3610 3716 3809
f 3514 3440 3642
f 3545 3322 3660
f 3283 3424 3510
f 3424 3352 3510
f 3283 3410 3511
f 3410 3325 3511
f 3240 3418 3512
f 3418 3352 3512
f 3365 3513 3661
f 3626 3267 3693
f 3483 3395 3578
f 3697 3565 3812
f 3515 3611 3696
f 3330 3589 3702
f 3590 3654 3744
f 3128 3595 3664
f 3169 3387 3517
f 3387 3247 3517
f 3241 3412 3518
f 3412 3307 3518
f 1983 3341 3519
f 3341 3252 3519
f 3191 3310 3520
f 3310 3016 3520
f 2004 3270 3521
f 3400 3199 3681
f 3098 3308 3522
f 3308 3167 3522
f 1598 3209 3523
f 3209 3078 3523
f 3240 3382 3524
f 3382 3319 3524
f 2008 2384 3525
f 2384 2239 3525
f 3352 3424 3526
f 3424 3192 3526
f 3115 3363 3527
f 3544 3291 3829
f 3325 3416 3528
f 3416 3192 3528
f 3169 3341 3529
f 3341 3253 3529
f 3017 3340 3530
f 3340 3247 3530
f 3052 3372 3531
f 3372 3305 3531
f 3319 3382 3532
f 3382 3162 3532
f 3547 3450 3690
f 3563 3357 3683
f 1591 2112 3534
f 2112 2116 3534
f 3440 3535 3668
f 3514 3324 3597
f 3154 3421 3536
f 3421 3369 3536
f 3612 3411 3813
f 3594 3747 4001
f 3538 3579 3666
f 3579 3363 3666
f 1997 2354 3539
f 2354 2063 3539
f 3630 3428 3843
f 3837 3876 4100
f 3401 3541 3649
f 3595 3541 3664
f 3789 3602 4025
f 3686 3367 3824
f 3367 3543 3692
f 3538 3115 3632
f 3476 3381 3794
f 3381 3291 3544
f 3440 3545 3660
f 3535 3186 3668
f 3686 3475 3789
f 3771 3844 4027
f 3437 3547 3726
f 3437 3358 3547
f 3154 3437 3548
f 3437 3360 3548
f 3154 3464 3549
f 3464 3358 3549
f 3025 3298 3550
f 3298 3081 3550
f 3304 3389 3551
f 3389 3025 3551
f 3194 3469 3552
f 3469 3405 3552
f 3092 3306 3553
f 3306 3176 3553
f 3076 3332 3554
f 3332 3176 3554
f 1999 3337 3555
f 3337 3144 3555
f 2112 3089 3556
f 3089 1571 3556
f 2002 3288 3557
f 3288 3176 3557
f 3296 3459 3558
f 3459 3369 3558
f 3362 3452 3559
f 3452 2481 3559
f 3155 3298 3560
f 3389 3239 3861
f 3589 3395 3791
f 3483 3394 3561
f 3194 3485 3562
f 3561 3394 3778
f 3436 3563 3766
f 3357 3674 3821
f 3675 3770 3854
f 3616 3679 3801
f 3691 3407 3756
f 3535 3324 3648
f 3739 3851 3891
f 3200 3823 4002
f 3567 3643 3775
f 3767 3567 3826
f 3516 3568 3799
f 3603 3359 3676
f 3323 3469 3569
f 3469 3394 3569
f 3330 3485 3570
f 3485 3406 3570
f 3656 2002 3763
f 3263 3612 3832
f 3194 3488 3572
f 3488 3406 3572
f 3375 3573 3653
f 3594 3573 3747
f 3323 3486 3574
f 3486 3405 3574
f 3261 3076 3608
f 3076 3288 3575
f 3458 3717 3788
f 3639 3357 3793
f 1173 2118 3577
f 2118 1518 3577
f 3514 3578 3709
f 3514 3264 3578
f 3576 3436 3677
f 3604 3363 3762
f 3253 3341 3580
f 3341 1983 3580
f 2119 3213 3581
f 3213 3088 3581
f 3291 3381 3582
f 3381 3025 3582
f 3501 3583 3723
f 3613 3186 3768
f 3358 3476 3584
f 3476 3220 3584
f 3296 3455 3585
f 3455 3377 3585
f 3606 3266 3792
f 3375 3306 3586
f 1598 3187 3587
f 3187 3076 3587
f 3795 3988 4109
f 3864 3979 4068
f 3615 3515 3760
f 3611 3395 3696
f 3781 3869 3972
f 3659 3342 4091
f 1255 487 3591
f 1517 1255 3591
f 3201 3365 3592
f 3365 3301 3592
f 3191 3520 3593
f 3520 3301 3593
f 3537 3721 3787
f 3624 3411 3759
f 3603 3516 3749
f 3342 3654 3755
f 3175 3417 3596
f 3417 3270 3596
f 3324 3535 3597
f 3535 3440 3597
f 3060 3515 3761
f 3409 3722 3802
f 3252 3454 3599
f 3454 3327 3599
f 2119 3332 3600
f 3332 3187 3600
f 3394 3483 3601
f 3483 3264 3601
f 3538 3602 3753
f 3632 3367 3777
f 3128 3513 3603
f 3513 3359 3603
f 3436 3604 3762
f 3563 3220 3766
f 3264 3509 3605
f 3509 3393 3605
f 3593 3401 3713
f 3659 3266 4090
f 3115 3400 3607
f 3400 3270 3607
f 3076 3575 3608
f 3575 3175 3608
f 3833 3969 4117
f 3697 3630 3843
f 3598 3508 3708
f 3797 3610 3886
f 3711 3507 3804
f 3617 3395 3728
f 3263 3571 3612
f 3571 3411 3612
f 3348 3408 3613
f 3545 3186 3731
f 3092 3480 3614
f 3480 3190 3614
f 3570 3494 3780
f 3722 3615 3802
f 3797 3564 3828
f 3675 3735 3860
f 3701 3324 3734
f 3578 3395 3709
f 3409 3494 3618
f 3494 3280 3618
f 3674 3576 3821
f 3717 3458 3840
f 3252 3445 3620
f 3445 3322 3620
f 3117 3445 3621
f 3445 3327 3621
f 3144 3294 3622
f 3294 2026 3622
f 3301 3365 3623
f 3513 3128 3661
f 3624 3759 4043
f 3200 3825 4064
f 3323 3484 3625
f 3484 3393 3625
f 3201 3371 3626
f 3371 3267 3626
f 2004 3166 3627
f 3166 3261 3627
f 3628 3705 4041
f 3673 3257 3718
f 3764 3820 4087
f 3695 3783 4058
f 3630 3701 3847
f 3428 3711 3776
f 3267 3501 3631
f 3583 3359 3723
f 3417 3543 3720
f 3543 3367 3632
f 3360 3488 3633
f 3488 3423 3633
f 3699 3752 4007
f 3704 3729 4120
f 3252 3408 3635
f 3408 3348 3635
f 3267 3470 3636
f 3470 3348 3636
f 3406 3490 3637
f 3490 3280 3637
f 3566 3638 4102
f 3721 3638 3787
f 3508 3639 3793
f 3598 3409 3754
f 3219 3282 3640
f 3282 3016 3640
f 3263 3543 3641
f 3543 3417 3641
f 3440 3509 3642
f 3509 3264 3642
f 3543 3263 3692
f 3612 3542 3832
f 3302 3402 3644
f 3402 1983 3644
f 3687 3742 3893
f 3257 3698 3782
f 3646 3724 3816
f 3257 3703 3798
f 3175 3383 3647
f 3383 3263 3647
f 3324 3565 3648
f 3646 3407 3724
f 3266 3606 3649
f 3606 3401 3649
f 3650 3857 3992
f 3725 3810 3982
f 3546 3790 4040
f 3789 3475 3849
f 3537 3566 4006
f 3851 3672 3891
f 2002 3306 3653
f 3306 3375 3653
f 3541 3595 3786
f 3595 3516 3654
f 3186 3535 3655
f 3535 3407 3655
f 3571 3656 3763
f 3571 3383 3656
f 3201 3466 3657
f 3466 3302 3657
f 3088 3295 3658
f 3295 1999 3658
f 3541 3659 4090
f 3541 3342 3659
f 3322 3509 3660
f 3509 3440 3660
f 3128 3623 3661
f 3623 3365 3661
f 3576 3662 3779
f 3677 3265 3785
f 3663 3738 3841
f 3662 3265 3773
f 3401 3128 3664
f 3541 3401 3664
f 3246 3416 3665
f 3416 3325 3665
f 3363 3115 3666
f 3115 3538 3666
f 530 3145 3667
f 3145 3053 3667
f 3186 3545 3668
f 3545 3440 3668
f 3191 3092 3669
f 3310 3191 3669
f 1515 2127 3670
f 2127 488 3670
f 2386 3195 3671
f 3195 3145 3671
f 3654 3590 3755
f 3473 3869 4013
f 3590 3673 3718
f 3654 3516 3744
f 3357 3563 3674
f 3563 3436 3674
f 3711 3616 3776
f 3716 3564 3751
f 3359 3568 3676
f 3568 3516 3676
f 3436 3579 3677
f 3579 3265 3677
f 3814 3878 4121
f 3351 3876 4004
f 3507 3611 3679
f 3611 3515 3733
f 3078 3292 3680
f 3292 1985 3680
f 3199 3521 3681
f 3521 3270 3681
f 3360 3490 3682
f 3490 3406 3682
f 3357 3533 3683
f 3533 3450 3683
f 3107 3159 3684
f 3159 1614 3684
f 3652 3685 3880
f 4042 3200 4095
f 3567 3686 3824
f 3767 3475 3983
f 3609 3854 3888
f 3833 3540 3969
f 3194 3489 3688
f 3489 3423 3688
f 3246 3426 3689
f 3426 3327 3689
f 3450 3533 3690
f 3533 3280 3690
f 3359 3583 3691
f 3583 3407 3691
f 3263 3643 3692
f 3643 3367 3692
f 3267 3513 3693
f 3513 3365 3693
f 3322 3496 3694
f 3496 3393 3694
f 3871 4028 4129
f 3588 3967 4067
f 3395 3589 3696
f 3589 3515 3696
f 3645 3697 3748
f 3703 3565 3803
f 3703 3645 3798
f 3540 3742 3831
f 3746 3807 3877
f 3564 3770 3839
f 3199 3400 3700
f 3400 3291 3700
f 3617 3701 3734
f 3617 3507 3701
f 3483 3561 3702
f 3561 3330 3702
f 3730 3646 4046
f 3724 3565 3816
f 3790 3634 3994
f 3752 3852 4084
f 3869 3473 4021
f 3755 3590 3881
f 3706 3769 3895
f 3784 3882 4026
f 4011 4049 4132
f 3858 3966 4103
f 3610 3708 4127
f 3716 3060 3809
f 3395 3617 3709
f 3617 3514 3709
f 3796 3848 4024
f 3818 3866 3999
f 3428 3630 3711
f 3701 3507 3847
f 3244 3333 3712
f 3333 528 3712
f 3401 3606 3713
f 3606 3191 3713
f 3155 3321 3714
f 3321 3197 3714
f 3123 3282 3715
f 3282 3219 3715
f 3616 3716 3751
f 3679 3060 3801
f 3662 3717 3840
f 3773 3546 3827
f 3784 3628 3894
f 3705 3590 4041
f 3324 3701 3719
f 3701 3630 3719
f 3543 3632 3720
f 3632 3115 3720
f 3537 3594 3721
f 3747 3266 4001
f 3409 3598 3722
f 3598 3060 3761
f 3359 3631 3723
f 3631 3501 3723
f 3407 3648 3724
f 3648 3565 3724
f 3767 3826 4077
f 3764 3725 4008
f 3280 3490 3726
f 3490 3437 3726
f 3624 3200 3774
f 3643 3542 3775
f 3395 3611 3728
f 3611 3507 3728
f 3619 3458 3811
f 3708 3508 4127
f 3257 3673 3730
f 3673 3516 3799
f 3186 3613 3731
f 3613 3408 3731
f 2481 3452 3732
f 3452 3352 3732
f 3060 3679 3733
f 3679 3611 3733
f 3324 3514 3734
f 3514 3617 3734
f 3735 3835 4106
f 3748 3428 3862
f 3742 3687 3831
f 3735 3609 3835
f 3737 3846 3980
f 3838 3990 4061
f 3868 3651 4083
f 3790 3546 3986
f 3795 3652 3988
f 3685 3537 4006
f 1226 1277 3740
f 1277 25 3740
f 3830 3889 4047
f 3874 3995 4078
f 3784 3698 3882
f 3798 3645 3897
f 3867 4071 4098
f 3991 4050 4114
f 3516 3673 3744
f 3673 3590 3744
f 3672 3745 4074
f 3739 3566 3851
f 3678 3864 3993
f 3609 3814 3873
f 3375 3266 3747
f 3573 3375 3747
f 3687 3748 3862
f 3742 3645 3893
f 3516 3595 3749
f 3595 3128 3749
f 3411 2002 3750
f 2002 3573 3750
f 3770 3675 3839
f 3675 3616 3751
f 3704 3797 3886
f 3834 3752 3856
f 3265 3579 3753
f 3579 3538 3753
f 3409 3639 3754
f 3639 3508 3754
f 3672 3755 3881
f 3745 3342 4074
f 3407 3646 3756
f 3646 3568 3756
f 1591 3182 3757
f 3182 1615 3757
f 3375 3586 3758
f 3586 3191 3758
f 3750 3594 4075
f 3594 3537 3759
f 3515 3589 3760
f 3589 3330 3760
f 3515 3722 3761
f 3722 3598 3761
f 3363 3579 3762
f 3579 3436 3762
f 2002 3411 3763
f 3411 3571 3763
f 3850 3971 4034
f 3651 3844 3963
f 3817 3870 4082
f 3634 3834 3856
f 3220 3604 3766
f 3604 3436 3766
f 3725 3767 3981
f 3810 3475 3982
f 3186 3583 3768
f 3583 3501 3768
f 3705 3769 3977
f 3895 3769 4072
f 3752 3699 3852
f 3807 3875 4125
f 3842 3710 3885
f 3651 3848 4023
f 3988 3695 4109
f 3629 4028 4092
f 3265 3663 3773
f 3546 3841 3976
f 3823 3727 4002
f 3727 3542 3774
f 3542 3727 3775
f 3727 3567 3775
f 3616 3675 3776
f 3735 3428 3860
f 3367 3602 3777
f 3602 3538 3777
f 3394 3562 3778
f 3562 3485 3778
f 3458 3619 3779
f 3619 3576 3779
f 3494 3615 3780
f 3615 3330 3780
f 3853 3962 4038
f 3473 3855 4000
f 3628 3718 3782
f 3718 3257 3782
f 3739 3783 4036
f 3855 3783 4000
f 3706 3987 4113
f 3628 3895 4072
f 3265 3662 3785
f 3662 3576 3785
f 3595 3654 3786
f 3654 3342 3786
f 3566 3537 3787
f 3638 3566 3787
f 3634 3704 3788
f 3729 3458 4120
f 3663 3789 3849
f 3663 3602 3789
f 3710 3790 3986
f 3634 3842 3997
f 3483 3702 3791
f 3702 3589 3791
f 3375 3758 3792
f 3758 3606 3792
f 3357 3619 3793
f 3619 3508 3793
f 3381 3544 3794
f 3544 3220 3794
f 3588 3990 4019
f 3652 3980 4096
f 3841 3738 3976
f 3810 3651 3985
f 3752 3797 4122
f 3852 3564 4084
f 3698 3798 3897
f 3698 3257 3798
f 3568 3730 3799
f 3730 3673 3799
f 3304 3476 3800
f 3476 3358 3800
f 3060 3716 3801
f 3716 3616 3801
f 3494 3409 3802
f 3615 3494 3802
f 3565 3697 3803
f 3697 3645 3803
f 3507 3679 3804
f 3679 3616 3804
f 3265 3753 3805
f 3753 3602 3805
f 3806 3859 4005
f 3876 3351 4010
f 3854 3770 3888
f 3852 3699 3887
f 3979 4079 4124
f 4071 3707 4098
f 3060 3708 3809
f 3708 3610 3809
f 3738 3810 3985
f 3849 3475 4094
f 3458 3729 3811
f 3729 3508 3811
f 3565 3719 3812
f 3719 3630 3812
f 3411 3624 3813
f 3774 3542 4076
f 3807 3746 3875
f 3864 3678 3989
f 3240 3449 3815
f 3449 3329 3815
f 3565 3703 3816
f 3703 3646 3816
f 3817 3863 3975
f 3699 3877 4126
f 3865 3960 4081
f 3351 3858 3964
f 3987 3741 4022
f 3678 3889 4032
f 3857 3588 3992
f 3826 3650 4077
f 3576 3619 3821
f 3619 3357 3821
f 3179 3318 3822
f 3318 3048 3822
f 3737 4042 4095
f 3588 3857 4056
f 3367 3643 3824
f 3643 3567 3824
f 3200 3624 3825
f 3759 3537 4043
f 3567 3727 3826
f 3727 3650 3826
f 3790 3717 4040
f 3717 3662 3827
f 3564 3716 3828
f 3716 3610 3828
f 3291 3527 3829
f 3527 3363 3829
f 3830 3978 4130
f 3678 3878 4018
f 3687 3736 3831
f 3830 3540 3978
f 3542 3643 3832
f 3643 3263 3832
f 3784 3833 4017
f 3882 3540 4026
f 3842 3765 3997
f 3817 3699 3870
f 3878 3736 4121
f 3736 3687 3835
f 3968 4045 4128
f 3706 3972 4069
f 3837 3892 4015
f 3351 3866 3973
f 3838 4048 4119
f 3967 3588 4029
f 3675 3751 3839
f 3751 3564 3839
f 3458 3779 3840
f 3779 3662 3840
f 3546 3773 3841
f 3773 3663 3841
f 3634 3790 3842
f 3790 3710 3842
f 3428 3748 3843
f 3748 3697 3843
f 3725 3764 3868
f 3867 3771 4027
f 3409 3618 3845
f 3618 3533 3845
f 3825 3685 4064
f 3980 3846 4096
f 3507 3711 3847
f 3711 3630 3847
f 3844 3771 3963
f 3837 3710 3892
f 3738 3849 4094
f 3738 3663 3849
f 3961 3998 4108
f 3965 4051 4134
f 3638 3745 4102
f 3745 3672 3851
f 3770 3852 3887
f 3770 3564 3852
f 3772 4011 4059
f 3990 3795 4061
f 3609 3735 3854
f 3735 3675 3854
f 3869 3781 4013
f 3695 3962 4039
f 3704 3634 3856
f 3797 3704 4122
f 3727 3823 4089
f 3823 3200 4042
f 3866 3818 3973
f 3743 3960 4035
f 3878 3814 4018
f 3875 3746 4009
f 3428 3776 3860
f 3776 3675 3860
f 3239 3560 3861
f 3560 3298 3861
f 3428 3735 3862
f 3835 3687 4106
f 3966 3806 4103
f 3859 3746 4005
f 3864 3989 4107
f 3743 3966 4080
f 3808 4049 4112
f 4079 3743 4124
f 3876 3837 4004
f 3892 3771 4015
f 3867 3996 4097
f 3771 3999 4111
f 3844 3868 4063
f 3844 3651 3868
f 3769 3869 4021
f 3972 3869 4069
f 3752 3834 4007
f 3834 3765 3870
f 3871 4020 4093
f 3629 3995 4054
f 4003 4062 4135
f 4028 3629 4073
f 3736 3835 3873
f 3835 3609 3873
f 3984 4030 4105
f 3629 3991 4044
f 3814 3875 4009
f 3814 3609 3875
f 3817 3876 4010
f 3870 3765 4082
f 3699 3817 3877
f 3863 3746 3975
f 3889 3830 4032
f 3978 3736 4130
f 3377 3471 3879
f 3471 3241 3879
f 3566 3739 4099
f 3783 3652 4036
f 3590 3705 3881
f 3705 3672 3881
f 3698 3742 3882
f 3742 3540 3882
f 3178 3402 3883
f 3402 3302 3883
f 3971 3850 4016
f 3772 3998 4033
f 3710 3837 3885
f 3876 3765 4100
f 3610 3729 3886
f 3729 3704 3886
f 3877 3807 4126
f 3807 3770 3887
f 3770 3807 3888
f 3875 3609 4125
f 3979 3819 4068
f 3871 3741 4020
f 3016 3310 3890
f 3310 3190 3890
f 3672 3473 3891
f 3473 3739 3891
f 3710 3848 3892
f 3848 3771 3892
f 3645 3748 3893
f 3748 3687 3893
f 3628 3782 3894
f 3782 3698 3894
f 3628 3784 3895
f 3833 3706 4017
f 3304 3464 3896
f 3464 3374 3896
f 3645 3742 3897
f 3742 3698 3897
f 475 2811 3898
f 2823 511 3921
f 512 424 4468
f 3899 512 4468
f 3900 3914 3924
f 3905 140 3952
f 3905 516 3956
f 4255 118 4596
f 2774 3902 3922
f 139 3902 3940
f 512 3901 3903
f 3912 516 3955
f 516 3905 4263
f 3935 3904 3942
f 3904 3905 3956
f 3929 140 3959
f 513 2758 3906
f 140 3906 3915
f 3911 527 3926
f 3936 526 3941
f 139 2789 3908
f 3901 512 3920
f 510 138 3945
f 3916 38 3944
f 3915 3900 3958
f 3914 525 3924
f 2749 3911 3926
f 2749 141 3911
f 3901 3912 3955
f 3901 514 3912
f 3926 527 3950
f 526 3913 3925
f 3913 3907 3925
f 3907 525 3914
f 2758 3900 3915
f 140 3915 3958
f 3930 2531 3947
f 2532 461 3946
f 38 3916 3918
f 520 3909 3917
f 141 3917 3923
f 3916 461 3918
f 3899 3902 3919
f 3902 139 3919
f 512 3908 3920
f 3908 2789 3920
f 511 3898 3921
f 3898 2811 3921
f 511 2823 3922
f 2823 2774 3922
f 3909 3911 3923
f 3911 141 3923
f 525 3910 3924
f 3910 3900 3924
f 3907 3914 3925
f 3914 526 3925
f 3913 3926 3950
f 3913 2749 3926
f 475 2976 3927
f 2976 2775 3927
f 2789 3928 3933
f 2789 2754 3928
f 2756 3906 3929
f 3906 140 3929
f 520 3917 3930
f 3917 2530 3930
f 3928 2757 3932
f 2757 2747 3931
f 2757 3931 3932
f 3931 514 3932
f 514 3901 3933
f 3901 2789 3933
f 141 2534 3934
f 2534 2530 3934
f 514 3931 3935
f 3931 2756 3935
f 2758 2792 3936
f 2792 526 3936
f 2529 141 3937
f 141 2749 3937
f 513 2756 3938
f 2756 2747 3938
f 2749 3913 3939
f 3913 526 3939
f 2774 2821 3940
f 2821 139 3940
f 526 3914 3941
f 3914 3900 3941
f 3904 3912 3942
f 3912 514 3942
f 3945 3909 3949
f 3909 520 3943
f 38 3943 3944
f 3943 520 3944
f 527 3909 3945
f 510 3945 3949
f 461 3916 3946
f 3916 2531 3946
f 2531 3916 3947
f 3916 520 3947
f 138 3907 3948
f 3907 527 3948
f 3909 3943 3949
f 3943 510 3949
f 527 3907 3950
f 3907 3913 3950
f 525 507 3951
f 4273 517 4492
f 140 3910 3952
f 3910 517 3952
f 510 3943 3953
f 3943 38 3953
f 38 459 3953
f 525 3907 3954
f 3907 138 3954
f 516 3903 3955
f 3903 3901 3955
f 516 3912 3956
f 3912 3904 3956
f 494 2765 3957
f 2765 2731 3957
f 3900 3910 3958
f 3910 140 3958
f 140 3905 3959
f 3905 3904 3959
f 3966 3858 4080
f 3973 3818 4066
f 3990 3838 4019
f 3998 3961 4033
f 3783 3855 4058
f 4038 3962 4086
f 3771 3848 3963
f 3848 3651 3963
f 3806 3863 3964
f 3863 3351 3964
f 3965 4031 4133
f 3996 3707 4060
f 3979 3864 4079
f 3989 3806 4107
f 3850 3967 4029
f 3764 4034 4088
f 3968 4014 4065
f 3781 4038 4086
f 3540 3830 3969
f 3889 3741 4047
f 3707 3971 4016
f 3868 3764 4063
f 3867 3970 4071
f 4034 3971 4088
f 3987 3836 4113
f 3968 3781 4045
f 3858 3973 4066
f 3858 3351 3973
f 3962 3853 4039
f 4011 3772 4055
f 3746 3877 3975
f 3877 3817 3975
f 3738 3796 3976
f 3796 3546 3976
f 3473 3672 3977
f 3672 3705 3977
f 3540 3831 3978
f 3831 3736 3978
f 3874 3979 4037
f 3995 3819 4078
f 3652 3795 3980
f 3990 3737 4057
f 3650 3820 3981
f 3820 3764 4008
f 3475 3767 3982
f 3767 3725 3982
f 3475 3686 3983
f 3686 3567 3983
f 3960 3865 4035
f 4049 3808 4123
f 3848 3796 4023
f 3796 3738 3985
f 3546 3796 3986
f 3848 3710 4024
f 3706 3833 3987
f 3969 3741 4117
f 3652 3783 3988
f 3783 3695 3988
f 3678 3859 3989
f 3859 3806 3989
f 3857 3737 4056
f 3795 3990 4057
f 3995 3874 4054
f 3808 4030 4115
f 3967 3820 4067
f 3820 3650 3992
f 3819 3889 3993
f 3889 3678 3993
f 3634 3788 3994
f 3788 3717 3994
f 4028 3871 4092
f 4020 3819 4093
f 3865 3996 4060
f 3960 3818 4081
f 3765 3834 3997
f 3834 3634 3997
f 4049 3884 4132
f 4016 3850 4085
f 3771 3867 3999
f 3996 3818 4097
f 3739 3473 4000
f 3783 3739 4000
f 3266 3721 4001
f 3721 3594 4001
f 3727 3774 4002
f 3774 3200 4002
f 3974 4048 4116
f 4039 3853 4070
f 3837 3866 4004
f 3866 3351 4004
f 3746 3863 4005
f 3863 3806 4005
f 3566 3880 4006
f 3880 3685 4006
f 3834 3870 4007
f 3870 3699 4007
f 3725 3981 4008
f 3981 3820 4008
f 3746 3859 4009
f 3859 3814 4009
f 3351 3863 4010
f 3863 3817 4010
f 4011 4055 4104
f 3808 4050 4101
f 3695 3974 4012
f 4048 3838 4116
f 3781 3855 4013
f 3855 3473 4013
f 4050 3872 4114
f 4003 3853 4062
f 3999 3866 4111
f 3866 3837 4015
f 3884 4016 4085
f 3965 3707 4051
f 3706 3895 4017
f 3895 3784 4017
f 3814 3859 4018
f 3859 3678 4018
f 3838 3961 4019
f 3961 3588 4019
f 3741 3889 4020
f 3889 3819 4020
f 3473 3977 4021
f 3977 3769 4021
f 3741 3871 4022
f 4028 3836 4129
f 3796 3985 4023
f 3985 3651 4023
f 3710 3986 4024
f 3986 3796 4024
f 3602 3367 4025
f 3367 3686 4025
f 3540 3833 4026
f 3833 3784 4026
f 3844 3970 4027
f 3970 3867 4027
f 3968 4028 4073
f 4045 3836 4128
f 3588 3961 4029
f 3998 3850 4108
f 4050 3991 4101
f 4054 3874 4118
f 4030 3984 4115
f 4035 3865 4131
f 3830 3878 4032
f 3878 3678 4032
f 4048 3772 4119
f 3961 3838 4033
f 3820 3967 4087
f 3967 3850 4034
f 3984 4035 4131
f 3984 3743 4035
f 3652 3880 4036
f 3880 3566 4099
f 3743 3984 4037
f 4030 3874 4105
f 3781 3968 4038
f 4014 3853 4065
f 3974 4039 4070
f 3974 3695 4039
f 3717 3827 4040
f 3827 3546 4040
f 3590 3718 4041
f 3718 3628 4041
f 3737 3857 4042
f 3857 3823 4042
f 3537 3825 4043
f 3825 3624 4043
f 3872 4014 4044
f 4014 3629 4044
f 3781 3972 4045
f 3972 3836 4045
f 3646 3703 4046
f 3703 3257 4046
f 3741 3969 4047
f 3969 3830 4047
f 3974 4003 4048
f 4055 3772 4110
f 3965 4049 4123
f 4051 3884 4134
f 4049 4011 4112
f 4055 3872 4104
f 3707 4016 4051
f 4016 3884 4051
f 1258 1274 4052
f 1274 76 4052
f 486 2050 4053
f 2050 2023 4053
f 3991 4054 4118
f 3991 3629 4054
f 4003 4055 4110
f 4062 3872 4135
f 3737 3990 4056
f 3990 3588 4056
f 3737 3980 4057
f 3980 3795 4057
f 3855 3962 4058
f 3962 3695 4058
f 3884 3998 4059
f 3998 3772 4059
f 3707 3965 4060
f 4031 3865 4133
f 3795 4012 4061
f 4012 3838 4061
f 3853 4014 4062
f 4014 3872 4062
f 3764 3970 4063
f 3970 3844 4063
f 3685 3846 4064
f 3846 3200 4064
f 3853 4038 4065
f 4038 3968 4065
f 3818 3960 4066
f 3960 3858 4066
f 3820 3992 4067
f 3992 3588 4067
f 3819 3993 4068
f 3993 3864 4068
f 3769 3706 4069
f 3869 3769 4069
f 3853 4003 4070
f 4003 3974 4070
f 3970 3971 4071
f 3971 3707 4071
f 3705 3628 4072
f 3769 3705 4072
f 3629 4014 4073
f 4014 3968 4073
f 3342 3755 4074
f 3755 3672 4074
f 3594 3759 4075
f 3759 3411 4075
f 3542 3813 4076
f 3813 3624 4076
f 3650 3981 4077
f 3981 3767 4077
f 3819 3979 4078
f 3979 3874 4078
f 3864 3966 4079
f 3966 3743 4079
f 3858 3960 4080
f 3960 3743 4080
f 3818 3996 4081
f 3996 3865 4081
f 3765 3876 4082
f 3876 3817 4082
f 3651 3810 4083
f 3810 3725 4083
f 3564 3797 4084
f 3797 3752 4084
f 3850 3998 4085
f 3998 3884 4085
f 3855 3781 4086
f 3962 3855 4086
f 3967 4034 4087
f 4034 3764 4087
f 3970 3764 4088
f 3971 3970 4088
f 3823 3857 4089
f 3857 3650 4089
f 3266 3649 4090
f 3649 3541 4090
f 3342 3745 4091
f 3745 3638 4091
f 3871 3995 4092
f 3995 3629 4092
f 3819 3995 4093
f 3995 3871 4093
f 3475 3810 4094
f 3810 3738 4094
f 3200 3846 4095
f 3846 3737 4095
f 3685 3652 4096
f 3846 3685 4096
f 3818 3999 4097
f 3999 3867 4097
f 3707 3996 4098
f 3996 3867 4098
f 3739 4036 4099
f 4036 3880 4099
f 3765 3885 4100
f 3885 3837 4100
f 3991 4030 4101
f 4030 3808 4101
f 3745 3851 4102
f 3851 3566 4102
f 3806 3964 4103
f 3964 3858 4103
f 3872 4050 4104
f 4050 4011 4104
f 3874 4037 4105
f 4037 3984 4105
f 3687 3862 4106
f 3862 3735 4106
f 3806 3966 4107
f 3966 3864 4107
f 3850 4029 4108
f 4029 3961 4108
f 3695 4012 4109
f 4012 3795 4109
f 3772 4048 4110
f 4048 4003 4110
f 3866 4015 4111
f 4015 3771 4111
f 4011 4050 4112
f 4050 3808 4112
f 3836 3972 4113
f 3972 3706 4113
f 3872 4044 4114
f 4044 3991 4114
f 3984 4031 4115
f 4031 3808 4115
f 3838 4012 4116
f 4012 3974 4116
f 3741 3987 4117
f 3987 3833 4117
f 3874 4030 4118
f 4030 3991 4118
f 3772 4033 4119
f 4033 3838 4119
f 3458 3788 4120
f 3788 3704 4120
f 3736 3873 4121
f 3873 3814 4121
f 3704 3856 4122
f 3856 3752 4122
f 3808 4031 4123
f 4031 3965 4123
f 3743 4037 4124
f 4037 3979 4124
f 3609 3888 4125
f 3888 3807 4125
f 3807 3887 4126
f 3887 3699 4126
f 3508 3729 4127
f 3729 3610 4127
f 3836 4028 4128
f 4028 3968 4128
f 3836 4022 4129
f 4022 3871 4129
f 3736 3878 4130
f 3878 3830 4130
f 3865 4031 4131
f 4031 3984 4131
f 3884 4059 4132
f 4059 4011 4132
f 3865 4060 4133
f 4060 3965 4133
f 3884 4049 4134
f 4049 3965 4134
f 3872 4055 4135
f 4055 4003 4135
f 4136 4144 4277
f 122 4152 4190
f 451 4138 4388
f 453 4137 4142
f 4138 4275 4339
f 4275 4137 4339
f 4276 4136 4597
f 4144 451 4277
f 4140 4143 4299
f 123 4156 5202
f 4386 4140 4879
f 4143 452 4299
f 4140 453 4143
f 4155 452 4297
f 453 4142 4143
f 452 4143 5213
f 4143 4142 5213
f 4142 451 4144
f 451 4146 4575
f 4179 34 4196
f 4138 4145 4388
f 445 4146 4569
f 4386 4879 5248
f 123 4147 5241
f 4138 4148 4337
f 121 4148 4497
f 4146 4145 4569
f 4145 437 4149
f 4137 453 4158
f 4180 4991 5176
f 4151 4276 4597
f 4173 4151 4649
f 122 4139 4481
f 4146 445 4338
f 4165 440 4862
f 4386 447 5093
f 121 4137 4154
f 4158 440 4571
f 452 4157 4688
f 4187 4475 4551
f 4156 4742 5251
f 450 4362 5253
f 452 4155 4692
f 4362 4157 5253
f 4140 4150 4867
f 4150 440 4158
f 4157 452 4692
f 4276 442 4489
f 120 4185 4366
f 4168 442 4193
f 371 103 4182
f 4176 371 5208
f 4201 4681 5152
f 421 4536 4703
f 4163 4493 4679
f 4476 4163 4678
f 4202 441 4363
f 4198 443 4272
f 4153 4165 4862
f 4176 4165 5109
f 4195 446 5230
f 4668 4184 5020
f 439 436 4167
f 436 438 4167
f 4493 4159 4679
f 4347 4159 4477
f 109 4209 4217
f 4178 396 4268
f 4210 4184 5173
f 5089 4172 5249
f 113 4183 4515
f 4179 437 4200
f 5109 4153 5167
f 447 4172 5250
f 4190 4164 4610
f 4369 4173 4653
f 439 4167 4174
f 4167 121 4174
f 4567 449 5215
f 123 4175 5045
f 4165 4176 5208
f 32 4176 5109
f 4177 4476 4678
f 4564 4177 4695
f 445 4178 4268
f 34 4178 4194
f 437 4179 4196
f 404 4179 4200
f 4991 32 5176
f 4199 378 5089
f 4567 4162 4761
f 4201 4181 4665
f 439 4161 4182
f 4161 371 4182
f 404 4171 4183
f 4171 438 4183
f 4170 5183 5225
f 5134 378 5218
f 4357 430 4623
f 4462 4160 4630
f 444 4169 4186
f 4169 396 4186
f 4475 35 4551
f 430 4487 4586
f 4175 4166 5045
f 4392 4188 5148
f 121 4167 4189
f 4167 438 4189
f 444 4164 4190
f 122 4190 4610
f 4696 421 4700
f 4567 4156 5220
f 371 4161 4192
f 4161 440 4192
f 4160 4467 4702
f 4487 4193 4586
f 445 4149 4194
f 4149 34 4194
f 4195 4395 5141
f 4531 4773 5228
f 34 4149 4196
f 4149 437 4196
f 4185 4197 4462
f 4185 120 4197
f 4185 443 4366
f 441 4198 4272
f 4147 4170 5105
f 5183 378 5225
f 437 4171 4200
f 4171 404 4200
f 4531 4181 4773
f 4526 4201 5242
f 444 4202 4363
f 4186 109 4661
f 4184 448 5020
f 446 4203 5254
f 382 4882 5166
f 4279 370 5181
f 4379 4553 4625
f 4576 419 4658
f 406 408 4206
f 408 394 4206
f 369 370 4207
f 4289 371 5187
f 4535 4215 4582
f 421 4526 5242
f 109 4186 4209
f 4186 396 4209
f 4866 5134 5218
f 5042 4210 5247
f 4197 431 4640
f 430 4380 4622
f 4919 379 5042
f 5134 4654 5168
f 374 4955 5149
f 4213 4994 5047
f 404 405 4214
f 4179 404 4269
f 420 4538 4593
f 4536 4177 4579
f 4226 425 4473
f 431 4216 4236
f 392 4217 4231
f 392 109 4217
f 4209 396 4646
f 4178 394 4271
f 4198 441 4460
f 441 391 4219
f 4203 446 4979
f 4541 4540 4934
f 4221 4242 4704
f 116 4539 4736
f 4558 360 5091
f 392 393 4223
f 393 391 4223
f 374 4909 5011
f 4955 4224 5149
f 393 474 4225
f 475 393 4225
f 424 425 4604
f 4230 424 4485
f 393 475 4227
f 475 12 4227
f 511 4230 4611
f 511 424 4230
f 395 398 4231
f 398 111 4245
f 424 512 4232
f 512 118 4232
f 111 474 4234
f 474 393 4234
f 4383 431 4600
f 425 118 4244
f 435 4394 4601
f 4584 4237 4614
f 408 407 4238
f 407 110 4238
f 112 409 4239
f 409 408 4239
f 4857 4969 5143
f 4882 4240 5166
f 4377 4559 4615
f 4482 4545 4673
f 422 4532 4799
f 5123 379 5145
f 428 4236 4244
f 4236 425 4244
f 392 4231 4245
f 4231 398 4245
f 4957 4243 5002
f 5013 377 5072
f 4976 5096 5190
f 4973 4247 5129
f 4704 4242 4802
f 4689 422 4733
f 398 4252 4266
f 398 395 4249
f 4253 4265 4532
f 4538 4250 4593
f 431 4383 4595
f 4261 427 4602
f 398 4249 4252
f 4249 110 4252
f 4253 4522 4674
f 4552 4253 4657
f 4394 435 4577
f 434 4554 4609
f 516 4255 4596
f 429 4255 4465
f 397 477 4256
f 477 111 4256
f 4523 412 4618
f 4298 423 4677
f 407 386 4260
f 386 399 4260
f 4255 429 4588
f 4329 427 4561
f 4811 4971 5119
f 4969 4262 5137
f 4255 516 4465
f 36 4274 4471
f 357 5056 5216
f 4908 4927 5038
f 4635 422 4961
f 4301 4513 4875
f 397 398 4266
f 399 397 4266
f 4461 435 4634
f 4469 416 4638
f 396 4169 4268
f 4169 4152 4660
f 404 4214 4269
f 4214 406 4269
f 406 4206 4270
f 4206 34 4270
f 394 4218 4271
f 4218 396 4271
f 443 4164 4272
f 4164 441 4272
f 4274 517 4471
f 507 4273 4492
f 429 4263 4274
f 4263 517 4274
f 451 4142 4275
f 4142 4137 4275
f 4155 4276 4489
f 4155 4136 4276
f 4146 4139 4575
f 4139 4136 4277
f 115 4296 4341
f 4360 416 4547
f 4279 5021 5117
f 4853 4279 5214
f 4523 4352 4643
f 359 4371 4520
f 4298 4280 4507
f 4327 4278 4469
f 4384 415 4385
f 4281 415 4509
f 4352 4282 4503
f 4285 4284 4680
f 367 7 4305
f 4283 4284 4511
f 4286 436 4570
f 367 4284 4285
f 103 4285 4680
f 4183 438 4515
f 438 436 4286
f 436 439 4287
f 439 103 4287
f 104 4853 5214
f 202 59 4404
f 370 4288 4289
f 103 4289 5184
f 404 4183 4290
f 4183 113 4290
f 4288 4291 5188
f 4853 4291 5177
f 4292 4470 4664
f 4292 4543 4633
f 4293 4294 5146
f 4354 104 4874
f 4969 383 5143
f 4848 381 5065
f 4861 381 4984
f 4984 381 5113
f 4331 415 4384
f 4344 414 4382
f 452 4144 4297
f 4144 4136 4297
f 4301 423 4513
f 4280 4298 4524
f 4157 4141 4688
f 4141 4140 4299
f 4155 4159 4300
f 4163 450 4493
f 361 4265 4544
f 4265 4253 4534
f 4265 4301 4544
f 4331 410 4373
f 4289 4288 5184
f 4288 368 4303
f 113 400 4304
f 405 4304 4308
f 401 4283 4305
f 4284 367 4511
f 368 59 4315
f 198 367 4306
f 165 400 4307
f 401 165 4307
f 403 405 4308
f 400 51 4318
f 112 405 4309
f 405 403 4309
f 408 409 4310
f 407 408 4310
f 372 4291 4311
f 4291 104 4311
f 390 409 4312
f 402 390 4312
f 165 401 4313
f 401 7 4313
f 7 367 4314
f 367 198 4314
f 198 4306 4315
f 4306 368 4315
f 51 400 4316
f 400 165 4316
f 368 4288 4317
f 4291 372 5188
f 403 4308 4318
f 4308 400 4318
f 59 4317 4319
f 4317 372 4319
f 169 403 4320
f 403 51 4320
f 203 372 4321
f 373 203 4321
f 403 169 4322
f 169 402 4322
f 200 236 4323
f 236 163 4323
f 164 165 4324
f 165 163 4324
f 198 4315 4325
f 4315 59 4325
f 167 170 4326
f 164 167 4326
f 4327 4463 4594
f 36 4329 4605
f 108 389 4328
f 389 387 4328
f 4344 4278 4587
f 4463 427 4594
f 386 387 4330
f 387 388 4330
f 4351 410 4486
f 415 4331 4373
f 4381 4516 4546
f 4396 4332 4548
f 33 399 4333
f 399 386 4333
f 507 138 4335
f 4341 414 4464
f 508 4334 4335
f 4334 507 4335
f 508 4336 4359
f 4335 138 4629
f 437 4145 4337
f 4145 4138 4337
f 445 4152 4338
f 4152 122 4481
f 4137 121 4339
f 4148 4138 4497
f 4341 508 4389
f 506 4340 4484
f 508 4341 4464
f 115 4341 4389
f 33 476 4342
f 476 397 4342
f 4888 4938 5073
f 366 4938 5075
f 4804 4917 5063
f 4278 4327 4587
f 36 4344 4556
f 4500 4332 4659
f 4494 4345 4550
f 4396 4345 4639
f 4346 4500 4659
f 4346 4396 4502
f 4371 413 4650
f 4347 4477 4632
f 4477 4168 4632
f 4282 4348 4648
f 4472 114 4505
f 115 4351 4486
f 411 5 4491
f 4140 4141 4350
f 4156 123 4742
f 411 4349 4351
f 4349 410 4351
f 4368 412 4523
f 114 4472 4543
f 113 4283 4353
f 4283 401 4353
f 4527 363 4861
f 4856 373 5139
f 159 389 4355
f 389 108 4356
f 390 4355 4356
f 4355 389 4356
f 4383 4211 4595
f 430 4357 4619
f 4371 359 4528
f 509 506 4359
f 4340 508 4484
f 4360 4461 4634
f 416 4360 4498
f 4396 100 4502
f 450 4156 4362
f 4742 4141 5251
f 441 4164 4363
f 4164 444 4363
f 459 509 4364
f 509 510 4364
f 4237 4365 4590
f 432 4584 4701
f 443 4198 4366
f 4198 120 4366
f 4136 4139 4367
f 4139 122 4367
f 4280 4368 4530
f 4524 412 4580
f 443 4160 4369
f 4467 4151 4702
f 4349 358 4479
f 4280 4371 4528
f 4368 413 4530
f 4461 4254 4568
f 4553 4372 4617
f 4302 4373 4555
f 4376 415 4631
f 4254 4374 4549
f 114 4374 4585
f 4522 422 4689
f 4242 4221 4592
f 4302 4376 4631
f 4381 4282 4516
f 4568 4254 4645
f 4374 4292 4603
f 4475 4205 4574
f 4564 4378 4675
f 4379 4573 4616
f 4475 4187 4608
f 4357 4211 4619
f 432 4598 4693
f 4516 4302 4546
f 4346 413 4500
f 414 4296 4382
f 4296 4278 4382
f 4251 4383 4600
f 4456 119 4613
f 4278 4384 4385
f 4278 4296 4384
f 415 4281 4385
f 4469 4278 4636
f 4150 4386 5093
f 4150 4140 4386
f 506 458 4387
f 458 411 4387
f 4145 4146 4388
f 4146 451 4388
f 508 4340 4389
f 4340 115 4389
f 4373 410 4555
f 4332 4302 4390
f 5020 448 5252
f 4395 4195 5230
f 4170 4392 5169
f 4188 4392 5199
f 120 4198 4393
f 4198 426 4393
f 4237 4394 4577
f 4365 119 4590
f 4395 4746 5229
f 4166 5229 5244
f 4345 4396 4548
f 100 4396 4639
f 198 199 4397
f 200 198 4397
f 239 4398 4842
f 239 49 4398
f 4407 238 4759
f 236 4399 4840
f 167 164 4400
f 164 49 4400
f 202 205 4401
f 199 59 4402
f 202 4401 4402
f 4401 199 4402
f 170 167 4403
f 167 50 4403
f 59 4319 4404
f 4319 203 4404
f 181 157 4405
f 157 171 4405
f 4398 236 4842
f 4399 238 4840
f 4418 238 4449
f 204 237 4407
f 168 240 4408
f 240 17 4408
f 4420 240 4421
f 240 168 4409
f 180 182 4410
f 182 166 4410
f 166 50 4412
f 167 168 4411
f 167 4411 4412
f 4411 166 4412
f 204 4407 4413
f 4407 61 4413
f 175 183 4452
f 183 182 4414
f 182 181 4415
f 181 50 4415
f 60 205 4416
f 205 202 4416
f 182 183 4417
f 181 182 4417
f 4418 4429 4707
f 69 4418 4706
f 4427 253 4863
f 4428 247 4448
f 4420 4427 4863
f 240 4420 4431
f 240 4409 4421
f 4409 239 4421
f 17 247 4422
f 178 4422 4786
f 204 205 4423
f 206 204 4423
f 178 179 4424
f 180 178 4424
f 60 209 4425
f 209 208 4425
f 53 179 4426
f 179 176 4426
f 4429 251 4707
f 253 4427 4723
f 4441 4753 4849
f 4441 252 4753
f 4440 251 4716
f 206 19 4434
f 4716 4429 4884
f 4429 4418 4883
f 253 4419 4431
f 4419 240 4431
f 248 54 4435
f 4422 247 4786
f 19 4430 4433
f 4430 237 4433
f 19 4433 4434
f 4433 204 4434
f 178 4432 4435
f 4432 248 4435
f 206 208 4436
f 208 193 4436
f 178 4435 4437
f 4435 54 4437
f 54 173 4438
f 179 4438 4451
f 4439 4725 4791
f 4717 70 4748
f 4727 4439 4793
f 4725 251 4791
f 4427 251 4723
f 4439 252 4725
f 249 64 4812
f 4445 248 4810
f 245 4430 4443
f 4430 19 4443
f 195 4443 4444
f 4443 19 4444
f 54 248 4445
f 246 4445 4810
f 174 1916 4446
f 1916 173 4446
f 247 4428 4447
f 71 4447 4891
f 247 4419 4448
f 4419 253 4448
f 238 4407 4449
f 4407 237 4449
f 69 4406 4450
f 4406 238 4450
f 176 179 4451
f 173 52 4454
f 183 4414 4452
f 4414 53 4452
f 175 176 4453
f 176 52 4829
f 176 4451 4454
f 4451 173 4454
f 201 202 4455
f 202 203 4455
f 4267 4456 4626
f 119 4456 4591
f 171 157 4457
f 157 16 4457
f 177 301 5259
f 301 290 4458
f 431 4236 4459
f 4236 428 4459
f 441 4219 4460
f 4219 426 4460
f 4374 4254 4585
f 435 4461 4568
f 430 4160 4462
f 4185 4462 4630
f 4498 4267 4641
f 4456 427 4626
f 414 4334 4464
f 4334 508 4464
f 516 4263 4465
f 4263 429 4465
f 4466 4566 4669
f 4582 4466 4690
f 4160 4193 4467
f 4193 442 4467
f 424 511 4468
f 511 3899 4468
f 4281 4469 4636
f 4281 416 4469
f 4259 4470 4670
f 433 4572 4655
f 517 4273 4471
f 4273 36 4471
f 4282 4352 4472
f 4543 4472 4633
f 425 4216 4473
f 4216 120 4473
f 12 4219 4474
f 4219 391 4474
f 4205 4475 4705
f 35 4475 4574
f 4536 421 4696
f 4191 450 4795
f 4159 442 4477
f 442 4168 4477
f 4574 4205 4667
f 4553 434 4625
f 4370 4345 4479
f 358 4370 4479
f 444 4190 4480
f 4190 4152 4480
f 4139 4338 4481
f 4338 4152 4481
f 4566 4241 4669
f 433 4559 4691
f 115 4340 4483
f 4340 411 4483
f 508 4359 4484
f 4359 506 4484
f 425 4226 4604
f 4226 426 4485
f 410 4331 4486
f 4331 4296 4504
f 4380 4187 4622
f 4187 4168 4487
f 36 4273 4488
f 4273 414 4488
f 442 4159 4489
f 4159 4155 4489
f 4348 4490 4637
f 4612 4490 4652
f 358 4349 4491
f 4349 411 4491
f 5 358 4491
f 517 3951 4492
f 3951 507 4492
f 450 4300 4493
f 4300 4159 4493
f 410 4494 4550
f 410 4349 4494
f 4163 4347 4495
f 4563 4495 4902
f 34 4206 4496
f 4206 394 4496
f 4138 4339 4497
f 4339 121 4497
f 4394 4267 4601
f 416 4498 4641
f 4482 4259 4545
f 423 4499 4542
f 413 4381 4500
f 4381 4332 4500
f 4345 4370 4501
f 4361 4346 4502
f 100 4361 4502
f 4282 4381 4503
f 4381 413 4503
f 115 4486 4504
f 4486 4331 4504
f 114 4348 4505
f 4348 4282 4505
f 4513 31 4875
f 4280 4358 4507
f 4358 31 4507
f 4545 4259 4684
f 4470 412 4670
f 415 4376 4509
f 4376 4348 4509
f 4970 4512 5124
f 4922 4998 5029
f 367 4305 4511
f 4305 4283 4511
f 4510 4972 5070
f 365 4925 4949
f 423 4298 4513
f 4507 31 5239
f 203 373 4525
f 4525 373 4856
f 438 4286 4515
f 4286 113 4515
f 4348 4376 4648
f 4376 4302 4516
f 20 4514 4517
f 4682 188 5189
f 190 55 4735
f 209 60 4519
f 201 4518 4519
f 4518 209 4519
f 4346 4361 4520
f 4361 359 4520
f 4532 4265 4799
f 4265 361 4521
f 4257 4521 4854
f 4522 4689 4800
f 4689 4375 4800
f 4292 4523 4618
f 4292 4352 4523
f 4298 4508 4524
f 4508 412 4524
f 4514 4525 4856
f 4514 20 4525
f 4536 4208 4703
f 4538 420 4663
f 4527 4861 4984
f 4868 4527 5022
f 4358 4280 4528
f 359 4358 4528
f 4582 4215 4697
f 4538 4208 4581
f 413 4371 4530
f 4371 4280 4530
f 4773 116 5228
f 4395 449 5141
f 422 4522 4532
f 4522 4253 4532
f 4538 4215 4656
f 4522 4250 4674
f 423 4301 4534
f 4301 4265 4534
f 4582 117 4699
f 4250 4535 4683
f 4476 4536 4696
f 4476 4177 4536
f 386 407 4537
f 407 108 4537
f 4208 4538 4663
f 4215 4538 4581
f 4681 4221 4871
f 418 4704 4802
f 4540 4541 4865
f 4541 4195 4865
f 4541 5088 5110
f 5088 446 5110
f 4259 4508 4542
f 4508 4298 4677
f 4292 4374 4543
f 4374 114 4543
f 4301 4506 4544
f 361 4544 5233
f 4499 4545 4684
f 4533 117 4676
f 4302 4332 4546
f 4332 4381 4546
f 4281 4490 4547
f 4490 4360 4547
f 4332 4390 4548
f 4390 4345 4548
f 4559 4377 4691
f 4557 4254 4621
f 4345 4390 4550
f 4390 410 4550
f 35 4168 4551
f 4168 4187 4551
f 423 4534 4552
f 4534 4253 4552
f 4372 4553 4642
f 434 4553 4617
f 4377 4554 4620
f 4559 4241 4615
f 410 4390 4555
f 4390 4302 4555
f 4327 4329 4556
f 4329 36 4556
f 4377 4557 4621
f 4554 434 4620
f 4558 4644 4950
f 4222 4950 4959
f 4233 360 4558
f 4572 4482 4655
f 4565 4241 4687
f 4584 4379 4701
f 4573 4205 4616
f 427 4261 4561
f 4261 429 4561
f 4478 4562 4651
f 4566 419 4662
f 4177 4495 4563
f 35 4563 4902
f 4529 4564 4698
f 4177 4564 4685
f 4482 4565 4687
f 4545 117 4673
f 4478 4566 4662
f 4554 4241 4624
f 4175 4567 5215
f 4175 123 5202
f 4372 4568 4645
f 4372 435 4568
f 4145 4149 4569
f 4149 445 4569
f 436 4284 4570
f 4284 4283 4570
f 440 4154 4571
f 4154 4137 4571
f 433 4470 4572
f 4470 4259 4572
f 4554 4478 4609
f 4562 4205 4651
f 4378 4574 4667
f 4378 35 4574
f 4139 4277 4575
f 4277 451 4575
f 4529 4576 4686
f 4564 419 4698
f 435 4372 4577
f 4553 4237 4642
f 438 4171 4578
f 4171 4148 4578
f 4564 4529 4685
f 4529 4208 4579
f 412 4368 4580
f 4368 4280 4580
f 4208 4529 4581
f 4576 4215 4686
f 4466 4582 4697
f 117 4582 4690
f 4197 120 4583
f 120 4216 4583
f 4598 4365 4693
f 4365 4237 4584
f 4254 4461 4585
f 4461 114 4585
f 4160 430 4586
f 4193 4160 4586
f 4327 4556 4587
f 4556 4344 4587
f 429 4261 4588
f 4261 428 4588
f 4211 4383 4589
f 4383 119 4589
f 119 4394 4590
f 4394 4237 4590
f 4267 4394 4591
f 4394 119 4591
f 420 4375 4592
f 4375 4242 4592
f 4250 4375 4593
f 4375 420 4593
f 427 4329 4594
f 4329 4327 4594
f 4211 4357 4595
f 4357 4197 4640
f 118 3903 4596
f 3903 516 4596
f 4136 4367 4597
f 4367 4151 4597
f 432 4380 4598
f 4380 4211 4598
f 4251 4459 4599
f 4459 428 4599
f 431 4459 4600
f 4459 4251 4600
f 4267 4498 4601
f 4498 435 4601
f 4251 4599 4602
f 4599 4261 4602
f 433 4549 4603
f 4549 4374 4603
f 4226 4485 4604
f 4485 424 4604
f 429 4274 4605
f 4274 36 4605
f 506 509 4606
f 509 126 4606
f 126 458 4606
f 157 158 4607
f 158 159 4607
f 432 4560 4608
f 4560 4475 4608
f 4478 4573 4609
f 4573 434 4609
f 4164 4173 4610
f 4173 122 4610
f 12 3898 4611
f 3898 511 4611
f 114 4461 4612
f 4461 4360 4612
f 119 4383 4613
f 4383 4251 4613
f 4237 4553 4614
f 4553 4379 4614
f 4241 4554 4615
f 4554 4377 4615
f 4475 4560 4705
f 4560 4379 4616
f 4372 4557 4617
f 4557 434 4617
f 412 4470 4618
f 4470 4292 4618
f 4211 4380 4619
f 4380 430 4619
f 434 4557 4620
f 4557 4377 4620
f 4254 4549 4621
f 4549 4377 4621
f 4187 4487 4622
f 4487 430 4622
f 430 4462 4623
f 4462 4197 4623
f 4241 4566 4624
f 4566 4478 4624
f 434 4573 4625
f 4573 4379 4625
f 427 4463 4626
f 4463 4267 4626
f 394 4238 4627
f 4238 110 4627
f 427 4456 4628
f 4456 4251 4628
f 138 4336 4629
f 4336 508 4629
f 4160 443 4630
f 443 4185 4630
f 415 4373 4631
f 4373 4302 4631
f 4168 35 4632
f 35 4347 4632
f 4352 4292 4633
f 4472 4352 4633
f 435 4498 4634
f 4498 4360 4634
f 4738 4248 4960
f 422 4635 4962
f 101 4635 4894
f 4278 4385 4636
f 4385 4281 4636
f 4281 4509 4637
f 4509 4348 4637
f 416 4463 4638
f 4463 4327 4638
f 4345 4501 4639
f 4501 100 4639
f 431 4595 4640
f 4595 4357 4640
f 4267 4463 4641
f 4463 416 4641
f 4237 4577 4642
f 4577 4372 4642
f 4352 413 4643
f 413 4368 4643
f 417 4877 5150
f 4950 4644 4959
f 4254 4557 4645
f 4557 4372 4645
f 396 4218 4646
f 4218 395 4646
f 432 4608 4647
f 4608 4187 4647
f 4376 4516 4648
f 4516 4282 4648
f 4151 4367 4649
f 4367 122 4649
f 4346 4520 4650
f 4520 4371 4650
f 4205 4573 4651
f 4573 4478 4651
f 4348 114 4652
f 4490 4348 4652
f 4164 443 4653
f 4173 4164 4653
f 105 5114 5219
f 4866 4654 5134
f 4482 4559 4655
f 4559 433 4655
f 4215 4535 4656
f 4535 4250 4656
f 4253 4533 4657
f 4533 4499 4657
f 419 4566 4658
f 4566 4466 4658
f 4332 4396 4659
f 4396 4346 4659
f 445 4268 4660
f 4268 4169 4660
f 109 4202 4661
f 4202 444 4661
f 419 4562 4662
f 4562 4478 4662
f 420 4526 4663
f 4526 4208 4663
f 433 4603 4664
f 4603 4292 4664
f 4162 421 4665
f 4181 4162 4665
f 450 4191 4666
f 4191 4162 4666
f 4205 4562 4667
f 4562 4378 4667
f 4668 5186 5236
f 4913 4668 4952
f 4241 4565 4669
f 4565 4466 4669
f 412 4508 4670
f 4508 4259 4670
f 4203 4989 5192
f 4745 4930 5033
f 4220 4672 5237
f 4745 4672 4930
f 117 4565 4673
f 4565 4482 4673
f 4535 4533 4683
f 4533 4253 4674
f 4378 4562 4675
f 4562 419 4675
f 117 4545 4676
f 4545 4499 4676
f 423 4542 4677
f 4542 4508 4677
f 4163 4495 4678
f 4495 4177 4678
f 4159 4347 4679
f 4347 4163 4679
f 4284 4287 4680
f 4287 103 4680
f 4526 420 4794
f 4221 4681 5232
f 4527 364 4859
f 4809 188 4897
f 4533 4674 4683
f 4674 4250 4683
f 4259 4542 4684
f 4542 4499 4684
f 4529 4579 4685
f 4579 4177 4685
f 4215 4581 4686
f 4581 4529 4686
f 4241 4559 4687
f 4559 4482 4687
f 4141 4299 4688
f 4299 452 4688
f 4242 4689 4733
f 4242 4375 4689
f 4466 4565 4690
f 4565 117 4690
f 4377 4549 4691
f 4549 433 4691
f 4155 4300 4692
f 4300 4157 4692
f 4365 4584 4693
f 4584 432 4693
f 4694 4963 5035
f 4972 4926 5070
f 4177 4563 4695
f 4563 4378 4695
f 4191 4696 4700
f 4191 4476 4696
f 4215 4576 4697
f 4576 4466 4697
f 419 4576 4698
f 4576 4529 4698
f 117 4533 4699
f 4533 4535 4699
f 421 4162 4700
f 4162 4191 4700
f 4379 4560 4701
f 4560 432 4701
f 4151 4369 4702
f 4369 4160 4702
f 4208 4526 4703
f 4526 421 4703
f 4222 4539 4945
f 4539 4221 4704
f 4560 4616 4705
f 4616 4205 4705
f 251 4427 4706
f 4427 69 4706
f 251 4706 4707
f 4706 4418 4707
f 193 58 4710
f 194 195 4708
f 57 244 4709
f 195 4709 4774
f 194 4708 4710
f 4708 193 4710
f 207 4711 5266
f 207 58 4711
f 194 196 4712
f 4728 43 5261
f 197 196 4834
f 196 194 4713
f 5267 4714 5269
f 4711 208 5266
f 192 43 4715
f 251 4429 4716
f 245 4716 4884
f 4709 244 4774
f 4443 195 4841
f 192 4712 4718
f 4712 196 4718
f 247 17 4719
f 4419 247 4719
f 157 181 4720
f 181 47 4720
f 192 148 4721
f 148 191 4721
f 239 4406 4722
f 4406 69 4722
f 251 4441 4723
f 4441 253 4723
f 244 4724 4768
f 244 57 4724
f 252 4441 4725
f 4441 251 4725
f 4724 241 4768
f 4757 243 4769
f 4439 4727 4780
f 70 4727 4793
f 196 197 4728
f 4739 149 5262
f 149 43 4728
f 191 148 4729
f 4741 186 5258
f 186 197 4730
f 4934 417 4958
f 4672 4203 4979
f 4220 4951 5086
f 4734 375 4951
f 4944 4732 5019
f 4635 4248 4962
f 4248 4242 4733
f 4732 4734 4932
f 4839 4734 4944
f 209 4518 4735
f 4518 190 4735
f 4222 4540 4736
f 4540 116 4736
f 207 4737 4843
f 4740 4737 5264
f 4914 418 5227
f 101 4738 4960
f 4233 4738 4986
f 197 186 4739
f 4806 14 5263
f 14 149 4739
f 55 189 4740
f 187 4740 5265
f 4847 4872 5268
f 4147 4350 5241
f 4350 4141 4742
f 417 4644 4743
f 4644 4558 5091
f 360 4229 4743
f 5016 374 5204
f 4224 4671 4948
f 4671 106 4989
f 4953 4391 5245
f 5229 4746 5244
f 4343 5004 5034
f 377 4977 5008
f 70 4440 4748
f 4440 245 4748
f 244 4726 4749
f 4726 70 4749
f 4213 4750 4915
f 4947 4750 5048
f 227 241 4751
f 241 191 4751
f 4762 252 4764
f 232 22 4779
f 71 4763 4777
f 4447 4428 4891
f 243 68 4756
f 4766 242 4767
f 70 4726 4755
f 4726 243 4755
f 230 4754 4756
f 4754 243 4756
f 68 243 4757
f 241 4757 4769
f 152 226 4758
f 227 152 4758
f 238 4399 4759
f 4399 61 4759
f 227 6 4760
f 4162 4181 4761
f 4181 449 4761
f 71 4753 4762
f 4753 252 4762
f 71 4762 4763
f 4762 250 4763
f 252 4752 4764
f 4752 250 4764
f 250 4752 4765
f 4752 242 4765
f 22 4765 4766
f 4765 242 4766
f 242 4754 4767
f 4754 230 4767
f 241 4726 4768
f 4726 244 4768
f 243 4726 4769
f 4726 241 4769
f 230 4756 4770
f 4756 68 4770
f 68 226 4771
f 231 4771 4787
f 226 152 4772
f 4181 4201 4773
f 4681 116 5152
f 244 4717 4774
f 4717 195 4774
f 221 64 4815
f 4776 222 4783
f 250 4765 4776
f 4765 22 4776
f 249 4442 4777
f 4442 71 4777
f 222 4776 4778
f 4776 22 4778
f 22 4766 4779
f 4766 230 4779
f 242 4752 4780
f 4752 4439 4780
f 71 4442 4781
f 4442 248 4781
f 249 4775 4782
f 4775 222 4782
f 222 4775 4783
f 4775 250 4783
f 232 234 4784
f 234 220 4784
f 230 231 4785
f 232 230 4785
f 247 4432 4786
f 4432 178 4786
f 229 231 4787
f 226 45 4789
f 67 231 4788
f 231 229 4788
f 229 4787 4789
f 4787 226 4789
f 229 45 4790
f 251 4440 4791
f 4440 4439 4791
f 67 235 4792
f 235 234 4792
f 4439 4440 4793
f 4440 70 4793
f 420 4681 4794
f 4681 4201 4794
f 4163 4476 4795
f 4476 4191 4795
f 229 153 4796
f 153 228 4796
f 102 4868 5022
f 4949 4813 5211
f 4797 4798 4901
f 4809 364 4889
f 4265 4521 4799
f 4521 422 4799
f 4375 4250 4800
f 4250 4522 4800
f 189 55 4835
f 190 188 4801
f 4242 4248 4802
f 4248 418 4802
f 4243 5039 5078
f 4911 4803 5081
f 4343 4966 5026
f 5018 4804 5064
f 4805 4881 4942
f 4890 4923 5050
f 4813 4805 4900
f 186 4741 4806
f 4847 147 5260
f 147 14 4806
f 4968 5076 5170
f 5017 4807 5130
f 4392 448 5169
f 5084 4808 5231
f 4797 4809 4889
f 56 4809 4887
f 248 4442 4810
f 4442 246 4810
f 5082 4262 5138
f 5112 4811 5191
f 246 4442 4812
f 4442 249 4812
f 362 4893 4983
f 4925 4813 4949
f 246 4812 4814
f 4812 64 4814
f 64 4782 4815
f 4782 222 4815
f 220 65 4817
f 221 222 4816
f 221 4816 4817
f 4816 220 4817
f 234 233 4818
f 233 65 4818
f 162 183 4819
f 183 175 4819
f 216 235 4820
f 228 216 4820
f 162 161 4822
f 161 158 4821
f 161 4821 4822
f 4821 47 4822
f 47 183 4823
f 183 162 4823
f 4295 4824 5159
f 4844 102 5023
f 224 221 4825
f 221 65 4825
f 234 235 4826
f 233 234 4826
f 233 1921 4827
f 1921 225 4827
f 18 4458 4828
f 4458 160 4828
f 177 4453 4829
f 4453 176 4829
f 160 161 4830
f 161 162 4830
f 63 4826 4831
f 4826 235 4831
f 4881 4510 4942
f 4964 4832 5043
f 243 4754 4833
f 4754 4727 4833
f 196 4713 4834
f 4713 58 4834
f 190 4801 4835
f 4801 189 4835
f 207 4714 4836
f 4714 55 4836
f 4740 189 5265
f 184 187 4837
f 4809 4797 4887
f 362 4838 4937
f 4903 375 5009
f 4839 4944 5024
f 4944 11 5024
f 238 4406 4840
f 4406 236 4840
f 195 4717 4841
f 4717 245 4841
f 236 4406 4842
f 4406 239 4842
f 186 4730 4843
f 4730 207 4843
f 4844 5023 5163
f 4978 4985 5194
f 4904 4744 4974
f 4903 4845 4981
f 356 4845 5044
f 61 4399 4846
f 4399 200 4846
f 4741 4847 5260
f 4741 187 4847
f 4872 42 5268
f 4848 5065 5200
f 4978 4295 5112
f 4428 253 4849
f 253 4441 4849
f 4850 5005 5203
f 380 5144 5223
f 4391 4851 5175
f 446 4953 5245
f 4294 4852 5178
f 4294 4293 5174
f 104 4291 4853
f 370 4853 5177
f 4521 361 4854
f 4982 5122 5123
f 4855 5017 5130
f 363 4856 5139
f 363 4514 4856
f 4857 5083 5182
f 4850 4212 5156
f 188 4809 4858
f 4809 56 4858
f 364 4682 4859
f 4682 363 4859
f 190 4518 4860
f 4518 20 4860
f 363 4354 4861
f 4354 381 4861
f 440 4150 4862
f 4150 4153 4862
f 253 4431 4863
f 4431 4420 4863
f 4180 378 5068
f 4850 380 5136
f 4195 116 4865
f 116 4540 4865
f 4184 4866 5246
f 5155 4866 5161
f 4150 4158 4867
f 4158 453 4867
f 4886 4798 5103
f 4798 364 4868
f 4938 366 5074
f 5118 376 5185
f 4838 4797 4937
f 4886 365 5066
f 4221 4539 4871
f 4539 116 4871
f 187 184 4872
f 184 42 4872
f 184 4837 4873
f 4837 56 4873
f 104 4293 4874
f 4294 381 5146
f 4506 4301 4875
f 31 4506 4875
f 355 4923 5006
f 417 4743 4877
f 4743 4229 4877
f 4922 4933 5012
f 4140 4350 4879
f 4350 4147 4879
f 4880 4943 5095
f 4927 5058 5116
f 4886 4512 5079
f 4972 4510 5036
f 4204 4882 5165
f 4991 380 5164
f 237 4430 4883
f 4430 4429 4883
f 4429 4430 4884
f 4430 245 4884
f 4893 354 4983
f 4798 4886 5066
f 102 4886 5103
f 4797 4838 4887
f 4838 56 4887
f 4888 4936 5125
f 366 4970 5098
f 364 4798 4889
f 4798 4797 4889
f 4832 4964 5102
f 4923 4890 5006
f 4428 4753 4891
f 4753 71 4891
f 228 153 4892
f 362 4813 4893
f 4900 98 4993
f 354 4893 4995
f 4635 4257 4894
f 4998 4895 5029
f 4972 4694 5037
f 56 4838 4896
f 4885 185 5196
f 188 4682 4897
f 4682 364 4897
f 357 4967 5027
f 5004 4747 5217
f 4977 4899 5100
f 4876 4900 5010
f 4876 98 4900
f 365 4870 4901
f 4870 4797 4901
f 4347 35 4902
f 4495 4347 4902
f 4839 4903 5009
f 4839 4228 4903
f 4909 374 5016
f 356 4904 4974
f 5085 4904 5210
f 4910 4246 5001
f 4909 4905 5011
f 4235 99 4905
f 4541 4731 5088
f 4672 4906 5237
f 4994 4213 5235
f 5046 4247 5077
f 4921 4980 5054
f 4927 4908 5058
f 4904 4909 5016
f 4905 4909 5085
f 5003 377 5013
f 99 4910 5001
f 99 4258 4910
f 4980 4921 5111
f 4977 4911 5008
f 377 5003 5030
f 4910 4258 4912
f 5056 4912 5216
f 4913 4210 5173
f 4990 4913 5243
f 4738 4914 5227
f 4738 4233 4914
f 4243 4915 4992
f 5039 4213 5078
f 4931 5018 5064
f 4933 4916 5014
f 4917 4804 5007
f 4918 4912 5056
f 4899 4918 5097
f 5003 4918 5030
f 4919 4990 5238
f 4994 4919 5047
f 4654 4920 5201
f 4210 5155 5161
f 4980 4264 5054
f 376 5038 5071
f 4935 4832 4997
f 4997 4922 5055
f 4900 4805 5010
f 4876 4923 5040
f 4994 4907 5090
f 5077 4924 5162
f 365 4881 4925
f 4881 4805 4925
f 4926 4929 5049
f 4832 4998 5104
f 4880 4963 5101
f 5038 4927 5071
f 4948 375 5160
f 4981 4744 5172
f 4963 4343 5035
f 4966 4895 5026
f 4951 375 5086
f 4672 4220 4930
f 4931 5032 5060
f 5031 4895 5059
f 417 4932 5092
f 4877 4732 5150
f 5029 4895 5031
f 5012 4933 5061
f 4731 4934 4958
f 4731 4541 4934
f 4935 4997 5197
f 355 4935 4996
f 4510 4881 5132
f 4881 365 4946
f 4797 4870 4937
f 4870 362 4937
f 4880 4938 5074
f 4963 4694 5101
f 417 4934 4939
f 4934 4540 4939
f 4915 374 4992
f 5011 4246 5041
f 4941 5015 5053
f 5014 4941 5052
f 4890 4942 5115
f 4923 4805 5050
f 4985 4869 5128
f 376 4943 5099
f 11 4944 5019
f 4734 4732 4944
f 4539 4704 4945
f 4704 418 4945
f 4512 4936 4946
f 4936 4510 5132
f 4224 4750 4947
f 106 4947 5048
f 4671 4745 4948
f 4930 375 5033
f 4870 4949 5211
f 4870 365 4949
f 4222 418 4950
f 418 4558 4950
f 4220 4932 4951
f 4932 4734 4951
f 4989 106 5192
f 5186 4203 5236
f 4668 4851 5186
f 4851 4391 4953
f 4967 4917 5027
f 4918 4954 5097
f 374 4915 4955
f 4915 4750 4955
f 4982 4920 5122
f 5155 4956 5222
f 377 4957 5002
f 5039 4243 5080
f 4932 4220 5092
f 4220 4731 4958
f 417 4222 4959
f 4644 417 4959
f 4248 4635 4960
f 4635 101 4960
f 422 4521 4961
f 4521 4257 4961
f 4248 4733 4962
f 4733 422 4962
f 4927 4963 5206
f 5058 4343 5116
f 4890 4964 5043
f 4942 4510 5115
f 5004 4965 5135
f 5054 4264 5131
f 5004 4931 5034
f 5032 4916 5060
f 5032 4804 5126
f 4898 4967 5028
f 4943 4869 5099
f 4985 4811 5193
f 4811 4969 5137
f 4971 383 5119
f 4938 4888 5075
f 4936 4512 5125
f 4295 4848 4971
f 5065 383 5200
f 4888 4972 5036
f 4938 4694 5073
f 4973 5094 5226
f 5017 4247 5121
f 4744 4845 4974
f 4845 356 4974
f 30 5012 5061
f 5096 4976 5154
f 4262 5076 5171
f 5030 4899 5051
f 4911 4977 5069
f 4970 4844 5098
f 5023 4295 5163
f 446 4906 4979
f 4906 4672 4979
f 4911 4980 5147
f 5069 4264 5107
f 375 4981 5172
f 4845 4744 4981
f 5122 379 5123
f 105 5096 5154
f 354 4885 4983
f 4885 362 4983
f 4824 4984 5113
f 4824 4527 4984
f 4869 4985 5193
f 366 4985 5128
f 4738 101 4986
f 4924 4987 5151
f 5017 4987 5180
f 4512 4886 4988
f 4886 102 4988
f 4672 4745 5120
f 4745 4671 4989
f 4210 4913 4990
f 106 4990 5243
f 4204 4991 5164
f 32 4991 5255
f 374 4940 4992
f 4940 4243 4992
f 98 4893 4993
f 4893 4813 4993
f 4907 4994 5235
f 4919 4994 5179
f 4893 98 4995
f 4997 4878 5197
f 4998 4922 5104
f 4878 4997 5055
f 4964 4926 5102
f 4929 4895 5049
f 5015 4898 5053
f 4965 4264 5067
f 5007 4747 5062
f 4246 4905 5001
f 4905 99 5001
f 4243 4940 5002
f 4940 377 5002
f 4910 5003 5013
f 4910 4912 5003
f 4965 5004 5133
f 4747 5004 5135
f 5082 4857 5142
f 5083 4240 5182
f 4890 4935 5006
f 4935 355 5006
f 4899 5007 5062
f 4917 5007 5212
f 4911 4957 5008
f 4957 377 5008
f 375 4734 5009
f 4734 4839 5009
f 4805 4923 5010
f 4923 4876 5010
f 374 5011 5041
f 4905 4246 5011
f 4975 4922 5012
f 4975 5012 5087
f 4246 5013 5072
f 4246 4910 5013
f 4941 5014 5057
f 30 5014 5052
f 4917 4967 5063
f 4967 4898 5015
f 4744 5016 5204
f 4744 4904 5016
f 4987 5017 5209
f 4247 5017 5180
f 4747 5007 5018
f 5007 4804 5018
f 4732 4229 5019
f 4229 11 5019
f 4851 5020 5252
f 4851 4668 5020
f 369 4204 5021
f 4882 382 5165
f 4527 4824 5022
f 4824 102 5022
f 102 4824 5023
f 4824 4295 5023
f 4228 4839 5024
f 11 4228 5024
f 5076 4968 5171
f 4968 4869 5025
f 4895 4929 5026
f 4929 4343 5026
f 4917 4954 5027
f 4954 357 5027
f 4967 357 5028
f 4933 5029 5031
f 4933 4922 5029
f 377 5030 5051
f 4918 4899 5030
f 4916 5031 5059
f 4916 4933 5031
f 4941 5032 5126
f 5014 4916 5057
f 375 4948 5033
f 4948 4745 5033
f 4931 4966 5034
f 4966 4343 5034
f 4343 4929 5035
f 4929 4694 5035
f 4510 4936 5036
f 4936 4888 5036
f 4694 4929 5037
f 4929 4926 5037
f 4973 4921 5118
f 4921 4908 5038
f 4803 5039 5080
f 4803 4907 5039
f 4923 355 5040
f 4246 4940 5041
f 4940 374 5041
f 4956 5042 5240
f 4956 4210 5042
f 4832 4935 5043
f 4935 4890 5043
f 4845 4228 5044
f 4166 4188 5045
f 4188 123 5045
f 4803 5046 5077
f 4980 5046 5147
f 106 4213 5047
f 4990 106 5238
f 4213 106 5048
f 4750 4213 5048
f 4895 4998 5049
f 4998 4926 5049
f 4805 4942 5050
f 4942 4890 5050
f 4899 4977 5051
f 4977 377 5051
f 4941 4999 5052
f 4999 30 5052
f 4999 4941 5053
f 4898 4999 5053
f 4908 5054 5131
f 4908 4921 5054
f 4922 4975 5055
f 4975 4878 5055
f 357 4954 5056
f 4954 4918 5056
f 4916 5032 5057
f 5032 4941 5057
f 4908 4965 5058
f 5004 4343 5133
f 4895 4966 5059
f 4966 4916 5059
f 4916 4966 5060
f 4966 4931 5060
f 4933 5014 5061
f 5014 30 5061
f 4747 5000 5062
f 5000 4977 5100
f 4967 5015 5063
f 5015 4804 5063
f 4804 5032 5064
f 5032 4931 5064
f 381 4294 5065
f 5083 383 5205
f 365 4901 5066
f 4901 4798 5066
f 4264 5000 5067
f 5000 4747 5067
f 5134 4864 5256
f 4864 380 5068
f 4977 5000 5069
f 5000 4264 5069
f 4926 4964 5070
f 4964 4510 5070
f 4943 376 5095
f 4963 4880 5206
f 377 4940 5072
f 4940 4246 5072
f 4694 4972 5073
f 4972 4888 5073
f 366 4943 5074
f 4943 4880 5074
f 4888 4970 5075
f 4970 366 5075
f 5082 4976 5153
f 5130 4807 5207
f 4987 4924 5158
f 4803 5077 5162
f 4213 4915 5078
f 4915 4243 5078
f 4512 4946 5079
f 4946 365 5079
f 4243 4957 5080
f 4957 4911 5081
f 4803 5080 5081
f 5080 4957 5081
f 4857 5082 5138
f 105 5082 5142
f 4852 5083 5205
f 5166 4240 5195
f 4170 4808 5183
f 4866 5084 5246
f 4235 5085 5210
f 4909 4904 5085
f 375 4930 5086
f 4930 4220 5086
f 5012 30 5087
f 4731 4906 5088
f 4906 446 5088
f 378 4180 5089
f 4180 4172 5089
f 4907 4924 5090
f 4987 379 5151
f 360 4743 5091
f 4743 4644 5091
f 4220 4958 5092
f 4958 417 5092
f 4172 4153 5250
f 4153 4150 5093
f 4968 5094 5198
f 5076 4807 5170
f 376 5071 5095
f 5071 4880 5095
f 5114 4982 5219
f 4982 4855 5096
f 5007 4899 5212
f 4954 4917 5097
f 4844 4978 5098
f 4985 366 5194
f 4869 4968 5099
f 5094 376 5198
f 4899 5062 5100
f 5062 5000 5100
f 4694 4938 5101
f 4938 4880 5101
f 4926 4998 5102
f 4998 4832 5102
f 4798 4868 5103
f 4868 102 5103
f 4922 4997 5104
f 4997 4832 5104
f 4170 4199 5105
f 4199 447 5105
f 184 185 5106
f 185 146 5106
f 146 42 5106
f 4264 4980 5107
f 4980 4911 5107
f 185 4885 5108
f 4885 354 5108
f 354 1 5108
f 32 5109 5167
f 4165 4153 5109
f 446 4195 5110
f 4195 4541 5110
f 4247 5046 5111
f 5046 4980 5111
f 4295 4971 5112
f 4971 4811 5112
f 381 4848 5113
f 4848 4295 5159
f 5156 4212 5224
f 4920 5114 5234
f 4510 4964 5115
f 4964 4890 5115
f 4343 4963 5116
f 4963 4927 5116
f 382 4293 5117
f 4293 4279 5117
f 4921 5038 5118
f 5038 376 5118
f 383 4969 5119
f 4969 4811 5119
f 4745 4989 5120
f 4989 4203 5120
f 4247 4973 5121
f 5094 4807 5226
f 4920 4956 5122
f 5042 379 5240
f 4855 5123 5145
f 4855 4982 5123
f 4512 4988 5124
f 4988 4844 5124
f 4512 4970 5125
f 4970 4888 5125
f 4804 5015 5126
f 5015 4941 5126
f 4991 4204 5255
f 4204 369 5127
f 4869 4943 5128
f 4943 366 5128
f 4247 5111 5129
f 5111 4921 5129
f 4976 5130 5207
f 5096 4855 5190
f 4264 4965 5131
f 4965 4908 5131
f 4881 4946 5132
f 4946 4936 5132
f 4343 5058 5133
f 5058 4965 5133
f 4864 5134 5168
f 378 5134 5256
f 4965 5067 5135
f 5067 4747 5135
f 380 4864 5136
f 4864 4212 5136
f 4262 5025 5137
f 5025 4811 5137
f 4262 4969 5138
f 4969 4857 5138
f 373 4354 5139
f 4354 363 5139
f 104 4354 5140
f 4354 373 5140
f 449 4531 5141
f 4531 4195 5141
f 4857 5005 5142
f 5005 105 5142
f 383 5083 5143
f 5083 4857 5143
f 380 4850 5144
f 5005 4240 5203
f 379 4987 5145
f 5017 4855 5209
f 381 4874 5146
f 4874 4293 5146
f 4803 4911 5147
f 5046 4803 5147
f 4166 448 5148
f 4188 4166 5148
f 4224 4928 5149
f 4928 374 5149
f 4732 4932 5150
f 4932 417 5150
f 379 5090 5151
f 5090 4924 5151
f 116 4773 5152
f 4773 4201 5152
f 4976 5076 5153
f 5076 4262 5153
f 4976 5082 5154
f 5082 105 5154
f 4210 4956 5155
f 4654 5155 5222
f 105 5005 5156
f 5005 4850 5156
f 187 4741 5157
f 4741 4737 5157
f 4924 5077 5158
f 5077 4247 5158
f 4824 5113 5159
f 5113 4848 5159
f 375 4928 5160
f 4928 4224 5160
f 4184 4210 5161
f 4866 4184 5161
f 4907 4803 5162
f 4924 4907 5162
f 4295 4978 5163
f 4978 4844 5163
f 5144 4882 5223
f 4882 4204 5164
f 382 5021 5165
f 5021 4204 5165
f 4852 5166 5195
f 4852 382 5166
f 4153 4172 5167
f 4172 32 5167
f 5114 4212 5234
f 4212 4864 5168
f 448 4808 5169
f 4808 4170 5169
f 4807 5094 5170
f 5094 4968 5170
f 4968 5025 5171
f 5025 4262 5171
f 4744 4928 5172
f 4928 375 5172
f 4184 4668 5173
f 4668 4913 5173
f 382 4852 5174
f 4852 4294 5174
f 448 4166 5175
f 4166 4391 5175
f 32 4172 5176
f 4172 4180 5176
f 4288 370 5177
f 4291 4288 5177
f 383 5065 5178
f 5065 4294 5178
f 4994 5090 5179
f 5090 379 5179
f 4987 5158 5180
f 5158 4247 5180
f 369 5021 5181
f 5021 4279 5181
f 4240 5005 5182
f 5005 4857 5182
f 4808 5084 5183
f 5084 378 5183
f 4288 4303 5184
f 4303 103 5184
f 376 5094 5185
f 5094 4973 5185
f 4851 4953 5186
f 4953 446 5254
f 371 4207 5187
f 4207 370 5187
f 372 4317 5188
f 4317 4288 5188
f 188 4517 5189
f 4517 4514 5189
f 4855 5130 5190
f 5130 4976 5190
f 4811 4985 5191
f 4985 4978 5191
f 106 4952 5192
f 4952 4203 5192
f 4811 5025 5193
f 5025 4869 5193
f 366 5098 5194
f 5098 4978 5194
f 4240 5083 5195
f 5083 4852 5195
f 185 4896 5196
f 4896 4838 5196
f 4996 4935 5197
f 4878 4996 5197
f 376 5099 5198
f 5099 4968 5198
f 4170 4147 5199
f 4392 4170 5199
f 383 4971 5200
f 4971 4848 5200
f 4212 5168 5201
f 5168 4654 5201
f 4156 4567 5202
f 4567 4175 5202
f 4240 5144 5203
f 5144 4850 5203
f 374 4928 5204
f 4928 4744 5204
f 383 5178 5205
f 5178 4852 5205
f 4880 5071 5206
f 5071 4927 5206
f 4807 5076 5207
f 5076 4976 5207
f 371 4192 5208
f 4192 4165 5208
f 4855 5145 5209
f 5145 4987 5209
f 4904 356 5210
f 356 4235 5210
f 4813 362 5211
f 362 4870 5211
f 4899 5097 5212
f 5097 4917 5212
f 4142 4144 5213
f 4144 452 5213
f 4279 4293 5214
f 4293 104 5214
f 449 4166 5215
f 4166 4175 5215
f 4912 4258 5216
f 4258 357 5216
f 4747 5018 5217
f 5018 4931 5217
f 378 5084 5218
f 5084 4866 5218
f 4982 5096 5219
f 5096 105 5219
f 4156 4666 5220
f 4666 4162 5220
f 4147 123 5221
f 123 4188 5221
f 4920 4654 5222
f 4956 4920 5222
f 4882 5164 5223
f 5164 380 5223
f 4212 5114 5224
f 5114 105 5224
f 378 4199 5225
f 4199 4170 5225
f 4807 5121 5226
f 5121 4973 5226
f 418 4248 5227
f 4248 4738 5227
f 116 4195 5228
f 4195 4531 5228
f 4166 449 5229
f 449 4395 5229
f 446 4746 5230
f 4746 4395 5230
f 448 4184 5231
f 4808 448 5231
f 420 4592 5232
f 4592 4221 5232
f 4544 4506 5233
f 4212 5201 5234
f 5201 4920 5234
f 4213 5039 5235
f 5039 4907 5235
f 4203 4952 5236
f 4952 4668 5236
f 4731 4220 5237
f 4906 4731 5237
f 106 5047 5238
f 5047 4919 5238
f 31 4513 5239
f 4513 4298 5239
f 379 5122 5240
f 5122 4956 5240
f 4350 4742 5241
f 4742 123 5241
f 4201 4665 5242
f 4665 421 5242
f 4913 4952 5243
f 4952 106 5243
f 4391 4166 5244
f 4746 4391 5244
f 4391 4746 5245
f 4746 446 5245
f 5084 5231 5246
f 5231 4184 5246
f 4210 4990 5247
f 4990 4919 5247
f 4147 447 5248
f 447 4386 5248
f 4172 447 5249
f 447 4199 5249
f 4153 5093 5250
f 5093 447 5250
f 4141 4362 5251
f 4362 4156 5251
f 448 5175 5252
f 5175 4851 5252
f 4157 4300 5253
f 4300 450 5253
f 4203 5186 5254
f 5186 4953 5254
f 4204 5127 5255
f 5127 32 5255
f 4864 5068 5256
f 5068 378 5256
f 380 4991 5257
f 4991 4180 5257
f 186 4843 5258
f 4843 4737 5258
f 301 4458 5259
f 4458 18 5259
f 147 4806 5260
f 4806 4741 5260
f 43 4718 5261
f 4718 196 5261
f 149 4728 5262
f 4728 197 5262
f 14 4739 5263
f 4739 186 5263
f 4737 4836 5264
f 4836 55 5264
f 189 4837 5265
f 4837 187 5265
f 208 4714 5266
f 4714 207 5266
f 55 4714 5267
f 209 5267 5269
f 147 4847 5268
f 42 147 5268
f 208 209 5269
f 4714 208 5269
v -98.760162 -0.045745 -0.008148
v -76.867226 4.616946 -73.681709
v -70.676064 69.915550 -1.405436
v -73.170982 1.197600 72.262909
v -78.248260 -76.388519 0.614068
v -95.419205 -1.787233 -28.085394
v -82.124580 38.779884 -40.734772
v -93.276924 32.521652 -3.928058
v -53.248009 52.519489 -94.815323
v -61.406078 21.492702 -117.296028
v -29.560780 95.192703 0.236673
v -38.352283 84.316460 -38.205681
v -29.205372 -0.374181 92.897087
v -27.979954 20.743658 58.581253
v -80.974892 40.635109 40.576355
v -94.255936 -0.101787 28.725153
v -39.243961 78.264809 38.928532
v -92.381561 -41.823196 -105.845901
v -96.237778 -28.374638 1.076184
v -89.291718 -41.611912 -41.454857
v -75.410744 -108.212173 -64.105209
v -43.252327 -115.492416 4.672131
v -80.649132 -41.365253 42.169392
v -44.632130 -31.281998 58.076752
v -41.500374 -81.548019 42.985634
v -98.367683 -0.639167 -11.046250
v -94.584976 20.580454 -19.157537
v -98.016296 10.960519 0.466684
v -79.842979 19.968395 -59.400219
v -89.998199 18.544315 -36.742859
v -87.035973 1.447800 -50.467293
v -85.705322 49.908409 -0.016574
v -88.243141 39.678959 -20.524302
v -78.015572 58.937416 -16.948063
v -43.103725 43.651489 -127.584564
v -32.741531 32.948002 -143.597748
v -19.496353 72.311264 -87.996811
v -31.366615 62.791920 -108.665070
v -71.105904 7.488104 -96.514229
v -60.744476 34.448872 -106.244598
v -68.749763 22.839979 -87.960724
v -10.928099 99.103264 0.709625
v -17.323862 96.753120 -16.830523
v -58.723812 78.598625 -16.649576
v -37.493961 90.718987 -17.125940
v -50.460297 85.867783 0.058834
v -18.181273 91.317825 -36.788383
v -17.103802 82.104118 -60.778633
v -69.278648 40.242920 -68.723198
v -40.813332 69.736710 -71.970207
v -67.082222 63.671307 -38.073711
v -11.292254 -0.507652 97.942566
v -15.219508 15.229198 95.001984
v -57.956730 16.839485 74.782669
v -34.019798 13.815318 85.132149
v -49.034977 -1.148817 84.751129
v -14.046858 33.825783 85.800865
v -16.568787 56.883030 72.894234
v -95.590523 17.872828 17.046919
v -98.007568 -0.065824 10.976941
v -77.575714 58.497353 20.986979
v -89.556824 36.990376 20.856953
v -85.583931 -0.300335 50.767689
v -89.585030 18.746428 37.473583
v -77.638870 20.344980 58.047829
v -15.195704 97.234634 16.175028
v -16.668993 77.145569 58.203541
v -19.126484 90.319527 37.035477
v -36.941856 90.244087 20.135561
v -58.459293 77.316948 21.380642
v -64.536095 37.029503 57.769268
v -64.360352 62.585377 38.183449
v -32.430550 61.665733 46.685638
v -54.870243 7.860313 -153.066925
v -80.669075 -18.965742 -87.580750
v -75.467522 -3.881816 -116.078629
v -93.154015 -45.250462 -150.408905
v -59.004543 -92.047150 -160.169937
v -98.530571 -11.014884 0.496551
v -96.733353 -18.279419 -20.880379
v -86.792999 -62.348938 -15.366397
v -94.333748 -36.979748 -17.415220
v -89.275200 -52.157845 0.828424
v -92.689751 -19.148010 -38.000893
v -83.811584 -14.232230 -62.239655
v -39.558121 -135.414963 -32.220966
v -19.959568 -125.579376 4.061589
v -49.733788 -120.926445 -125.486511
v -36.484505 -131.608765 -75.851326
v -63.478729 -98.808037 3.167011
v -67.451683 -119.875954 -23.890347
v -76.451294 -92.843307 -17.519459
v -84.261574 -40.806480 -70.278839
v -82.857193 -70.727081 -42.240170
v -87.822426 -87.558929 -102.928299
v -96.059677 -16.431440 16.722595
v -89.852135 -21.081345 64.365807
v -89.861748 -18.723999 36.551094
v -90.896553 -36.754810 19.009644
v -80.056305 -60.727840 19.451511
v -15.395721 -14.165660 90.822632
v -17.317751 -56.494843 66.937035
v -17.373268 -12.349040 45.371727
v -36.175362 -12.730900 80.114914
v -56.042885 -18.337030 89.028641
v -21.563843 -109.263077 24.035795
v -63.246136 -83.145027 20.862595
v -42.117641 -99.301010 23.581835
v -20.328117 -95.103180 39.251991
v -18.924919 -77.203636 57.837925
v -64.276749 -46.853920 71.664192
v -38.060825 -63.274132 62.405453
v -63.060074 -62.664402 44.575600
v -98.749748 -0.079922 -3.873703
v -98.330582 6.192250 -6.162289
v -98.612633 3.794386 0.203542
v -94.895523 8.620620 -26.611292
v -97.208290 7.621339 -15.960770
v -97.322144 -1.230815 -19.199215
v -96.636200 19.920263 1.314183
v -97.081635 15.641619 -7.942644
v -95.140297 24.570463 -9.403865
v -77.979317 12.021515 -67.023880
v -83.789047 10.243017 -54.915741
v -81.617447 3.089161 -61.974483
v -86.953911 28.244734 -38.248940
v -86.485474 17.000368 -46.307121
v -82.169113 25.806639 -51.279060
v -92.126640 -0.747911 -38.415169
v -89.206589 7.279985 -43.736565
v -92.020424 9.256412 -35.630257
v -78.565361 60.776615 0.732021
v -81.685684 55.855877 -7.311830
v -74.064445 65.298920 -10.805274
v -91.043816 36.492973 -12.661387
v -87.739250 44.977932 -9.328882
v -90.253426 40.760956 1.988793
v -81.449875 49.067940 -28.219908
v -85.151352 47.141899 -18.373425
v -85.816208 39.328400 -29.873798
v -92.865067 19.134167 -27.588762
v -90.046394 28.876711 -28.603128
v -92.798546 28.570341 -17.972807
v -13.770905 42.916908 -143.550858
v -11.283941 36.013035 -149.198624
v -16.909601 60.899811 -121.519638
v -20.882244 48.366940 -137.424652
v -49.741615 26.284336 -134.371368
v -35.973000 40.129135 -136.398849
v -50.659290 32.863045 -127.640884
v -9.874879 75.779602 -81.299088
v -8.382210 72.542435 -92.682007
v -43.528042 58.502560 -102.196243
v -28.046040 67.651436 -95.348480
v -38.986950 64.759399 -89.180603
v -17.199514 68.600571 -101.889557
v -17.256554 65.490273 -111.186913
v -73.270248 6.387041 -85.636810
v -70.537552 12.763486 -91.065094
v -73.396095 13.092798 -79.268707
v -62.188816 25.976500 -110.221016
v -66.795776 17.819098 -102.395721
v -67.664970 11.783258 -109.637428
v -62.653290 38.150349 -93.027977
v -65.163368 27.818203 -97.372078
v -57.761574 43.862915 -101.279358
v -35.581490 56.803535 -118.157227
v -50.078274 49.617207 -110.305145
v -54.489529 39.771648 -114.480217
v -3.996978 99.627556 0.165940
v -6.189361 99.336212 -5.898064
v -22.393375 96.725334 -8.798356
v -14.316997 98.434517 -6.735800
v -20.372465 97.583298 -0.539766
v -7.695344 98.381096 -14.384286
v -10.153419 96.183762 -24.677893
v -65.287750 74.145592 -11.246822
v -55.558739 82.000580 -9.793309
v -60.979855 78.659889 0.253109
v -37.653435 88.102898 -27.782957
v -48.071098 85.498947 -17.276810
v -50.082348 81.243042 -28.888023
v -40.138241 91.203812 0.528860
v -44.094646 88.762939 -9.881919
v -34.891972 92.933571 -8.684728
v -7.266503 85.099564 -56.307278
v -9.343185 80.104202 -68.725639
v -7.608094 93.546043 -34.629799
v -6.521454 89.420181 -45.836235
v -28.744701 83.974915 -48.798054
v -17.033384 87.745712 -46.765686
v -28.701326 88.061867 -38.224499
v -27.669428 94.202492 -17.275465
v -28.025755 91.598167 -28.034203
v -18.902954 93.837852 -28.409660
v -73.947052 20.973816 -72.571198
v -62.503410 42.709999 -84.716843
v -68.720657 32.440697 -78.320206
v -75.362526 30.061266 -63.382397
v -78.043488 37.225849 -51.778084
v -18.770023 76.678688 -74.527534
v -41.324219 76.803307 -53.690891
v -27.641317 77.972534 -64.906105
v -29.715063 71.394043 -81.368706
v -49.714951 60.572388 -80.192932
v -68.960205 69.377068 -17.602430
v -75.985107 49.321808 -42.463264
v -73.574371 61.697979 -25.448105
v -61.127617 73.408043 -28.222872
v -53.011753 74.396370 -42.034027
v -60.195580 55.722897 -67.548134
v -57.188278 65.966354 -53.495899
v -69.488594 50.783451 -54.993065
v -3.375554 0.014873 98.811653
v -6.963601 7.608076 98.188988
v -23.015341 10.104991 93.200928
v -14.947608 7.841110 96.553612
v -19.850294 -0.648373 96.033890
v -9.214104 15.573361 96.710976
v -7.488657 23.988268 95.200058
v -65.521622 8.540280 74.184753
v -53.680847 8.623163 80.830078
v -61.204346 0.975055 80.245239
v -33.052433 14.385822 75.854767
v -44.934471 15.079962 79.318939
v -47.930004 20.117052 67.575752
v -38.404831 2.006612 88.907967
v -44.645603 7.801504 84.878029
v -33.000019 7.281986 89.737968
v -8.556885 55.641712 81.017204
v -11.931643 62.013710 75.142883
v -8.042398 33.466396 92.048988
v -7.883341 44.978245 87.189629
v -16.120331 45.170738 63.630047
v -14.260322 45.310490 79.960403
v -16.945845 29.147507 73.263695
v -24.675138 15.364285 90.064140
v -21.651957 19.961735 84.270439
v -15.993621 24.294485 91.709007
v -98.190231 5.886366 6.953084
v -98.619667 -0.089802 4.026539
v -95.382225 23.570047 10.325607
v -97.204865 14.151480 9.049780
v -96.589104 -0.056270 19.605240
v -97.288055 7.983317 13.860493
v -95.508766 8.908971 22.912262
v -74.610992 64.802788 10.928303
v -82.178123 54.907818 9.614310
v -86.581429 38.836544 28.847223
v -84.810249 47.554691 19.938854
v -79.164314 50.764622 32.067493
v -88.555649 43.344265 10.394248
v -92.272408 34.289783 10.533776
v -80.144958 1.920738 61.197620
v -81.922348 9.270006 54.989300
v -74.928062 8.956761 64.896309
v -92.156364 9.177747 34.090919
v -87.806854 9.549364 44.281429
v -90.046371 0.847797 40.328381
v -79.897980 30.455326 50.225304
v -84.529327 19.813917 47.542793
v -86.787788 29.022995 37.975330
v -93.076889 27.095043 19.791357
v -90.582108 27.994120 28.522753
v -93.622688 17.099653 26.496773
v -6.595356 99.276947 6.718421
v -8.027405 96.763550 22.870895
v -8.178911 98.296127 14.779933
v -14.984041 98.261459 7.971220
v -23.727871 96.421341 9.058586
v -9.486833 74.326874 65.122841
v -8.196121 82.666962 54.901043
v -29.661118 84.355835 39.775703
v -18.691803 84.743286 47.181667
v -27.456940 79.566902 46.897030
v -10.417192 88.865738 43.906960
v -8.930957 93.375359 33.964455
v -55.118099 82.368950 9.843370
v -65.343323 74.470184 9.462860
v -33.168415 93.405556 10.647667
v -44.212727 88.715103 10.249831
v -50.708702 78.700050 29.436790
v -46.923698 85.375969 19.770752
v -38.831696 86.642647 27.755201
v -17.273321 94.475197 26.912312
v -28.269192 91.505737 27.051569
v -26.487051 94.224670 19.058971
v -64.718430 21.278646 69.483330
v -72.651169 41.126057 52.172817
v -70.927490 29.990108 60.729530
v -59.994438 28.193203 64.509003
v -52.009212 31.940544 53.763153
v -69.191452 68.506340 20.243547
v -49.234356 71.173241 38.469074
v -60.731781 71.196098 30.361298
v -71.270210 61.691692 30.868044
v -73.295761 52.430023 41.014488
v -18.323442 66.191650 66.157738
v -27.383041 47.566544 44.914539
v -21.511768 60.777416 61.176865
v -26.105658 65.351059 55.373287
v -35.791927 69.277237 45.316002
v -60.858959 48.809822 49.832207
v -46.144936 57.597553 44.207245
v -49.169582 47.163280 45.652576
v -18.505341 24.191912 -157.416351
v -62.888321 11.901333 -129.373154
v -50.972584 17.914999 -141.695313
v -33.861790 13.175122 -162.352127
v -59.683529 -9.230610 -172.957123
v -76.682121 -2.629152 -80.026016
v -74.978065 -2.822494 -92.522095
v -86.612740 -25.734303 -106.723885
v -81.855293 -17.057623 -103.592415
v -84.491226 -27.598980 -92.681999
v -72.039268 2.629412 -106.348259
v -68.530533 7.607593 -117.010666
v -27.286734 -86.614632 -174.141006
v -26.352037 -99.634544 -161.441986
v -67.006981 -30.542852 -182.322815
v -29.854439 -72.458191 -186.742020
v -94.951744 -65.033920 -120.949242
v -76.252983 -71.928841 -163.542084
v -95.546776 -44.964191 -125.191757
v -73.116966 -1.359876 -133.098419
v -85.854042 -19.901722 -122.947571
v -81.511559 -14.017138 -144.184845
v -98.788338 -4.047247 0.062334
v -98.723434 -6.769547 -5.941763
v -97.006882 -24.874321 -11.135168
v -98.193222 -16.115055 -6.803712
v -97.671623 -19.348145 1.786133
v -97.972595 -9.835011 -15.116702
v -95.859390 -11.900101 -27.005243
v -83.409538 -69.976822 -9.410953
v -88.007256 -57.818451 -6.332882
v -84.483894 -63.990402 0.179767
v -92.011200 -39.920212 -29.742302
v -90.897316 -50.181107 -15.557618
v -89.106155 -52.524696 -27.627975
v -93.364227 -40.202709 0.479217
v -91.931374 -46.713402 -6.973836
v -95.406654 -33.933872 -7.212635
v -85.060234 -5.267708 -56.552586
v -80.003708 -2.715755 -68.358444
v -93.605186 -9.645661 -35.344105
v -89.636826 -6.259902 -45.965794
v -88.174187 -26.927813 -51.500484
v -89.287437 -16.483400 -48.071980
v -91.529968 -29.302254 -39.627110
v -95.787872 -27.774679 -20.109884
v -93.836258 -29.638950 -29.852602
v -94.936455 -20.382456 -29.395914
v -16.581373 -131.715149 -7.580647
v -7.704183 -126.474495 6.157220
v -22.938103 -131.995392 -51.024914
v -17.315825 -132.962845 -36.354626
v -32.115841 -119.176590 6.300666
v -30.458643 -132.219452 -12.970297
v -47.818756 -129.189484 -16.434700
v -23.454233 -114.579323 -144.324432
v -18.406790 -123.231972 -127.382401
v -60.107773 -125.418098 -73.893761
v -46.175804 -126.511940 -106.116318
v -68.976433 -115.153969 -99.046082
v -13.441570 -126.971924 -101.980942
v -16.341467 -127.928947 -70.944389
v -70.375366 -88.631905 2.832885
v -70.143150 -95.655891 -4.346796
v -77.216537 -83.501755 -7.971231
v -57.175076 -118.471474 -8.460133
v -63.289463 -106.131554 -3.542912
v -53.147503 -110.845451 2.867444
v -77.992874 -100.535889 -37.487488
v -72.733223 -105.008949 -17.813009
v -73.386650 -114.985565 -43.503277
v -38.016487 -134.153732 -53.250366
v -59.568016 -130.148438 -51.122280
v -55.868938 -130.976059 -29.575760
v -82.055580 -22.853411 -74.264709
v -86.950310 -40.650120 -53.248299
v -84.128799 -27.915518 -66.159203
v -82.952942 -28.940283 -80.068008
v -86.811729 -43.904255 -85.982460
v -81.763550 -76.322197 -18.151014
v -80.500793 -89.284378 -55.548363
v -80.262489 -85.275002 -29.650757
v -84.773438 -67.165649 -27.138624
v -86.193451 -54.425049 -42.397739
v -62.007805 -108.612175 -139.675385
v -92.863678 -63.409145 -102.133331
v -85.635818 -89.534241 -125.481262
v -74.634720 -107.316223 -116.854858
v -82.100021 -95.233704 -84.307426
v -83.566757 -58.278519 -60.463181
v -84.177139 -73.295731 -72.227791
v -85.618088 -58.458645 -78.275032
v -98.341339 -6.396228 7.017807
v -95.283554 -8.144370 23.863268
v -97.295418 -7.750474 14.595988
v -97.715408 -14.008411 8.078881
v -96.380241 -23.941454 7.748306
v -82.840378 -7.467332 72.715950
v -85.435577 -7.923151 56.594833
v -86.574043 -29.476929 38.984402
v -87.330490 -19.659966 49.901440
v -85.075356 -32.664913 53.978134
v -88.268127 -9.717461 44.824570
v -92.315872 -7.419792 33.623516
v -85.386856 -57.531261 8.706315
v -79.827774 -68.546936 8.725070
v -94.118004 -34.013897 7.997900
v -90.434952 -45.440670 8.504753
v -80.042564 -50.582321 31.899149
v -86.194984 -48.011742 20.257217
v -86.138939 -38.972839 30.434978
v -93.655838 -17.391087 25.770178
v -90.352570 -27.558584 29.290300
v -94.118958 -26.466877 17.420862
v -6.583734 -5.531940 98.066757
v -9.772902 -14.865120 83.160065
v -7.111604 -13.411719 94.138161
v -13.948856 -9.137544 96.023880
v -24.456566 -9.147299 92.821869
v -9.286203 -63.707359 69.841026
v -7.347475 -53.975822 64.034241
v -35.802414 -18.846210 45.757244
v -20.026581 -44.854630 48.028034
v -32.190212 -46.982563 55.405128
v -7.054008 -40.118195 43.985828
v -8.575734 -8.745657 62.917107
v -55.057861 -8.537433 85.208969
v -68.589714 -7.344123 86.062012
v -34.201763 -8.309198 88.571121
v -43.051636 -7.762336 85.578781
v -49.133717 -27.302927 74.696632
v -46.212406 -15.027454 81.374390
v -41.101360 -15.411794 68.893417
v -18.345610 -11.294396 75.220360
v -29.056753 -9.439986 71.141487
v -25.713297 -13.139506 85.395981
v -8.714355 -119.719734 15.454168
v -30.114555 -109.552124 18.615807
v -20.000444 -117.843880 14.603337
v -7.514454 -114.727997 22.099630
v -11.868031 -109.285957 27.881859
v -71.482643 -80.930748 10.478075
v -64.354790 -91.137108 10.110529
v -42.188194 -90.632004 32.755550
v -53.339699 -91.514328 22.629158
v -52.321411 -83.064400 32.866570
v -54.000114 -100.466843 12.282734
v -41.337990 -107.125092 15.406692
v -9.005137 -84.656967 52.058651
v -9.573876 -73.292099 63.574165
v -9.648955 -99.523293 37.494068
v -9.137108 -91.401924 45.348988
v -30.584497 -80.404335 50.302738
v -19.039577 -86.343239 48.371941
v -30.904291 -89.027473 41.135521
v -31.720373 -104.964439 23.897213
v -30.202650 -97.863113 32.397057
v -21.041443 -102.582626 31.507858
v -88.016136 -12.488629 92.612030
v -50.676888 -38.446987 69.403885
v -57.148125 -38.593086 86.672714
v -85.827034 -41.796764 72.471191
v -75.467659 -45.346043 55.822933
v -19.147453 -67.587189 66.476006
v -43.581833 -72.749031 51.197647
v -29.533154 -71.406494 60.153419
v -28.929579 -59.428886 66.258881
v -42.959732 -46.325478 62.365063
v -71.482422 -71.841766 22.081202
v -72.899155 -52.462833 42.853123
v -72.680092 -61.962780 32.242851
v -62.749157 -72.615471 33.732334
v -51.712452 -72.083054 45.734074
v -53.630333 -53.362896 61.833462
v -53.086384 -64.139038 52.644562
v -64.534035 -53.906013 54.025970
v -57.118244 41.714920 51.633194
v -38.725243 51.879803 43.456066
v -28.959061 57.414761 47.714569
v -42.921749 45.585403 43.144371
v -39.292274 35.064461 43.732460
v -57.856789 33.731602 57.756130
v -53.659145 39.751060 49.814987
v -56.026203 29.098532 61.016209
v -44.746887 23.280674 53.749680
v -22.902712 53.409920 53.535503
v -23.655104 36.637455 47.839733
v -18.300102 33.383320 58.667961
v -19.634214 53.952301 63.020378
v -40.948097 17.579910 62.767422
v -25.528318 60.432522 53.545151
v -56.417114 23.559610 68.233841
v -50.644333 25.908663 59.596939
v -52.597931 19.448803 72.945732
v -20.540392 46.878685 50.757217
v -17.111900 60.712032 70.505310
v -23.853855 19.539564 72.556160
v -42.967617 15.680670 71.913269
v -39.506321 14.335763 78.252914
v -17.084658 51.087746 70.625015
v -15.487117 52.169922 76.801743
v -14.320771 38.381371 75.337517
v -59.860935 22.403814 69.893593
v -15.399481 37.843216 67.475922
v -51.939156 14.405633 78.310608
v -18.921749 57.602428 67.344109
v -31.750841 16.240891 66.958534
v -20.432823 25.109228 65.256027
v -47.227058 18.194944 73.770897
v -34.009335 50.285717 43.443150
v -28.067196 15.490300 84.795349
v -16.692657 26.721373 84.706802
v -48.313240 37.585823 47.267548
v -14.734359 45.580994 73.237961
v -55.178715 35.959061 53.393681
v -12.745341 49.844589 81.616104
v -49.063946 12.121687 80.957329
v -8.185127 50.441097 84.210815
v -12.211303 39.440315 87.364716
v -39.407562 10.038559 85.728127
v -34.467178 25.787785 48.180000
v -39.483768 13.941098 82.392876
v -13.450110 39.873276 82.523643
v -13.857849 57.117100 76.560753
v -15.149614 59.191181 73.926498
v -20.161379 19.598482 91.036301
v -19.268335 23.648842 78.876427
v -23.674974 57.158035 54.524040
v -26.358433 16.575462 79.535446
v -18.656174 40.895214 54.632431
v -46.936867 20.905581 60.675800
v -19.339617 50.594524 57.363617
v -52.780602 24.533247 64.615593
v -28.265192 11.075659 90.162376
v -56.369110 20.445292 71.833824
v -15.053327 31.915888 79.981087
v -11.948091 29.205055 92.036461
v -7.359550 39.612091 89.829895
v -33.659981 13.861898 81.360870
v -38.198124 6.790850 87.821213
v -19.307329 60.855766 66.352776
v -28.921974 14.459309 87.663887
v -15.510620 29.034948 89.366615
v -12.249708 45.086971 84.547157
v -43.727936 16.286228 76.184410
v -18.360115 54.853012 68.711708
v -37.635754 15.174818 69.419930
v -45.185970 11.718748 82.512070
v -15.529855 48.516415 75.294342
v -14.772513 42.558537 70.530304
v -24.169594 18.420515 88.182526
v -19.237499 23.259647 88.609962
v -49.218102 16.979324 76.153069
v -17.142685 31.315218 65.939255
v -25.573738 19.638308 65.491501
v -11.694592 20.664249 94.871452
v -4.011136 35.886215 92.134605
v -33.811371 11.054559 87.465851
v -12.206417 34.218815 89.851738
v -4.290822 43.824276 88.730049
v -12.955052 53.577438 79.401695
v -7.366608 28.979717 93.780220
v -16.798786 20.323349 92.807190
v -10.479465 47.784851 84.487732
v -20.781591 15.595830 92.382896
v -13.441977 42.537155 83.892525
v -16.779377 27.838081 79.309196
v -42.146614 12.924270 82.536674
v -22.550247 19.715214 78.871414
v -30.152933 14.702221 80.505661
v -13.988884 35.756824 80.880867
v -36.767902 14.507509 82.006439
v -13.043254 24.277655 93.274307
v -24.223396 13.201195 91.434784
v -31.319374 12.611100 87.593834
v -13.878377 31.777420 89.707809
v -35.617416 9.042681 87.823410
v -26.588909 16.402439 87.985397
v -21.606060 20.657307 88.367386
v -17.228624 26.132164 88.947311
v -10.223154 36.500034 89.976555
v -14.479789 22.307047 93.268471
v -18.616682 18.024332 92.651222
v -27.709799 52.279778 46.983372
v -34.812431 44.701710 42.744160
v -47.865837 42.983089 45.331032
v -30.987362 41.588646 42.800171
v -46.706573 31.725136 49.290478
v -54.458408 32.412369 55.945637
v -41.350952 39.936031 43.542793
v -52.224182 35.733082 50.957474
v -53.797916 29.481237 58.260792
v -31.405989 33.918541 43.599785
v -37.862713 20.561285 55.116844
v -48.768925 28.232084 53.928040
v -42.298241 28.367350 47.740856
v -21.663795 56.556095 58.633205
v -24.647957 50.434586 48.843086
v -24.862247 28.280798 51.657452
v -24.927153 43.280338 44.864140
v -21.631969 42.089836 49.425117
v -21.666222 50.563164 52.577648
v -16.719835 39.050365 60.312771
v -22.187500 26.263309 57.918739
v -48.103271 24.385374 56.887371
v -17.691799 51.147106 64.298500
v -20.407194 56.798782 62.530441
v -45.006229 18.127722 65.241150
v -34.510281 17.710686 60.572239
v -25.370464 55.233311 50.644402
v -53.183723 26.915630 61.158970
v -52.243752 22.051947 68.563210
v -56.226814 26.227146 64.691399
v -42.830875 20.143057 57.996532
v -49.579842 23.053431 63.387985
v -51.468616 28.822498 56.484875
v -50.064804 20.143631 70.981041
v -20.970306 53.629116 58.196457
v -20.353239 35.071510 52.952522
v -18.159351 46.313473 56.137478
v -23.903038 47.464497 46.870678
v -29.484816 15.772091 73.632706
v -19.514378 24.554243 72.505661
v -36.373802 16.162569 64.834930
v -38.709610 14.579002 73.607117
v -46.220158 17.513186 70.452484
v -45.122120 17.031137 73.459045
v -19.345291 55.740063 65.538666
v -42.056698 15.512374 79.021660
v -36.447292 14.025645 77.096245
v -17.281914 53.604752 72.150345
v -15.983135 48.943439 67.931274
v -15.478728 48.690453 71.764275
v -15.106207 49.354713 78.553558
v -16.043514 54.721050 74.714531
v -13.884200 42.690304 78.132545
v -15.311379 33.915607 73.822815
v -53.949959 21.504402 70.228203
v -19.151623 28.885260 61.695385
v -14.252710 42.187943 74.731171
v -15.828032 33.869049 69.440224
v -15.670152 41.082794 64.556473
v -49.782326 18.683510 73.613853
v -48.463928 14.994967 78.683434
v -18.208765 52.501114 67.586060
v -17.688955 57.901157 70.374413
v -20.137611 58.633327 64.133614
v -41.935509 16.225624 68.326813
v -22.058039 21.968431 68.982071
v -33.126324 15.160975 70.616638
v -29.901937 18.071198 62.691917
v -16.492651 35.355961 63.525272
v -27.472857 17.458979 69.638435
v -18.255733 27.551746 68.733025
v -23.728247 22.603100 61.566833
v -52.774261 17.117723 75.613304
v -41.561012 14.718271 75.451904
v -46.323509 16.804728 76.496719
v -47.885277 19.305235 71.133354
v -30.841442 48.782963 44.204967
v -31.362947 14.981350 84.984398
v -24.760881 17.285362 84.467957
v -15.071132 30.293877 85.148003
v -18.899483 23.201477 84.404999
v -36.602921 40.120907 42.648518
v -16.596972 51.200130 74.231361
v -14.772467 38.996922 71.352432
v -49.969818 33.539959 50.649189
v -44.720642 41.198257 44.361076
v -14.331422 45.711338 76.771515
v -15.435866 45.695118 68.031624
v -14.516163 54.531624 77.165848
v -11.187885 52.247761 81.597885
v -13.980647 47.645397 81.267906
v -46.412014 13.580923 80.608597
v -12.460990 47.626060 83.056358
v -6.465300 47.886662 86.164734
v -3.811513 47.159317 87.141411
v -9.904141 42.485371 87.463570
v -13.430278 36.997166 86.679855
v -36.553165 12.372726 85.219360
v -45.770664 26.989588 51.345329
v -27.336611 38.287460 44.179317
v -36.657307 13.685994 79.763489
v -42.429070 10.966140 84.013100
v -31.170506 23.091150 52.456791
v -37.064190 30.131233 44.596203
v -36.688885 13.784558 83.778946
v -42.128838 14.438419 80.878166
v -14.549668 35.063675 77.606247
v -11.991641 42.172184 86.216583
v -14.017916 51.298500 79.437813
v -13.581132 36.862350 83.719063
v -13.613276 42.640232 81.150139
v -15.405806 56.754906 74.850510
v -25.508980 17.693779 75.785057
v -15.747723 29.167412 82.421730
v -18.094442 22.009033 91.335922
v -22.362993 17.284657 90.649498
v -20.448357 21.531385 81.695839
v -24.731815 52.717396 50.234234
v -18.032663 26.280220 76.073029
v -21.222540 21.788437 75.315643
v -30.748367 14.434155 83.055908
v -23.707853 18.269554 81.878723
v -22.298199 45.023827 47.640144
v -21.205557 30.149641 54.954308
v -29.636044 15.154346 77.381432
v -16.964108 43.425526 59.432503
v -20.741177 38.663483 50.992725
v -49.754944 26.887276 56.773315
v -38.478920 18.417486 59.202587
v -22.473438 49.055553 49.598602
v -20.645079 55.268700 60.659203
v -47.691261 20.335310 64.208206
v -45.968380 21.777712 57.106503
v -17.069452 48.477947 60.868240
v -21.353735 52.010754 55.513958
v -52.309544 27.770590 58.899090
v -50.500572 22.285057 66.709351
v -54.596100 26.669847 62.927933
v -26.644478 13.428993 89.847755
v -51.963112 20.584450 71.009872
v -13.761312 39.229778 79.261192
v -17.771786 25.286453 81.917656
v -14.368333 32.971558 83.069984
v -15.979727 30.646662 76.615547
v -9.910230 31.373568 92.141876
v -13.787547 26.623499 92.067947
v -12.216303 36.821388 88.637421
v -39.429367 14.825123 80.513878
v -27.252600 15.865930 82.433258
v -7.556760 36.319736 91.129242
v -7.247581 42.540638 88.578804
v -36.059559 10.926323 86.533493
v -33.963303 14.455967 83.493080
v -33.327396 14.070247 78.754044
v -25.966187 17.055134 86.438957
v -31.406338 10.314285 88.979713
v -26.672573 14.972882 88.880791
v -31.398184 14.064804 86.404083
v -10.751322 50.121883 83.063652
v -13.301952 39.757942 85.218727
v -17.831835 24.716232 86.770096
v -12.115165 31.681456 90.975677
v -15.843167 26.695259 90.746696
v -10.163040 45.149254 86.021866
v -14.789470 31.297398 87.604706
v -13.720561 45.232220 82.578300
v -46.514717 18.152637 72.219688
v -39.105453 14.100390 76.095024
v -44.293213 16.055365 77.858780
v -43.695362 15.477262 74.302917
v -19.719812 57.184658 64.932503
v -17.109970 51.079117 67.644508
v -17.537699 55.825340 71.134644
v -18.940630 53.975430 66.084625
v -44.611042 16.955692 68.802406
v -33.107376 16.800055 63.690750
v -35.243977 14.521815 73.001312
v -39.865871 16.320839 66.201637
v -39.375805 12.461882 83.960091
v -15.310445 46.892586 70.329750
v -16.427561 52.926434 74.559006
v -14.868263 47.274918 78.058098
v -44.396538 13.540947 81.228584
v -16.168550 49.956234 73.034271
v -15.133977 36.374146 70.990623
v -14.281318 44.078400 75.737251
v -14.466655 40.603172 72.999557
v -15.293190 43.163441 66.892159
v -28.918610 15.693567 86.527374
v -16.054142 28.017965 87.129745
v -19.973312 21.598913 90.106422
v -22.155895 19.179781 89.770233
v -24.450169 16.968136 89.283722
v -17.849918 24.151356 90.426147
v -22.914980 18.939915 86.413971
v -20.147299 21.599199 86.496864
v -48.748623 19.139345 72.421547
v -47.235008 15.989530 77.703400
v -51.015171 18.110918 74.592270
v -21.192480 25.602654 61.530460
v -15.939647 38.410259 63.954426
v -30.477257 15.951406 70.242393
v -19.917282 24.683256 68.951874
v -16.725113 30.693733 69.845268
v -17.589148 32.203991 62.366657
v -24.626701 19.503708 69.106201
v -26.723305 20.020805 61.901699
v -28.783897 12.929593 88.813469
v -33.894341 12.515833 86.358864
v -10.040481 39.503971 88.766495
v -13.939076 29.278624 90.906425
v -10.151739 33.911335 91.069916
v -13.694823 34.319481 88.214012
v -15.027674 55.777245 75.881073
v -14.035725 49.556057 80.285049
v -14.305202 52.909031 78.248009
v -11.741756 25.703419 93.358849
v -10.155589 27.133877 93.516418
v -20.496147 17.698631 91.690216
v -16.391163 22.296513 92.284081
v -13.170122 46.414059 82.925812
v -8.794618 46.797993 85.897926
v -11.683025 48.824619 83.093277
v -18.439829 20.060310 91.963356
v -22.913158 15.175315 91.317993
v -13.359318 38.408424 84.586823
v -11.172483 43.705853 86.092506
v -12.858704 41.053391 85.810989
v -13.771462 43.957802 81.923454
v -19.018055 23.386974 81.796265
v -14.988051 31.077467 82.686989
v -16.673040 27.234190 82.152756
v -16.924259 28.428852 76.303246
v -38.002148 13.198312 83.819191
v -40.836998 11.668557 84.073807
v -43.367348 14.058074 80.977776
v -19.448256 24.038734 75.778328
v -27.680519 16.184696 76.657112
v -22.014717 19.806919 81.746162
v -23.196350 19.633383 75.708649
v -25.472328 16.927881 82.087578
v -32.438816 13.804907 83.437225
v -28.993128 14.960841 82.704857
v -31.523647 14.463329 78.155647
v -15.180514 32.910736 77.033272
v -13.608983 41.118896 80.269196
v -13.889455 34.861557 83.394890
v -14.083574 37.154564 78.309853
v -35.026184 13.861304 79.250122
v -40.804184 14.770817 80.774956
v -35.432232 14.309091 83.733803
v -38.291111 13.809066 80.313347
v -14.355638 24.418194 92.596252
v -27.731199 13.995036 88.791634
v -29.941156 11.739832 88.889175
v -32.639057 13.286889 86.356407
v -14.840392 28.001770 90.872986
v -11.152542 32.803276 91.028267
v -13.038073 30.507864 90.928421
v -14.255951 32.860531 87.881271
v -35.057468 11.769556 86.385483
v -30.163965 14.829988 86.470474
v -24.372658 17.793850 86.414345
v -25.591732 15.948729 89.038826
v -27.478672 16.355543 86.462662
v -23.286158 18.041933 89.530060
v -18.911566 22.860090 90.253159
v -21.041779 20.361025 89.955437
v -21.461273 20.165588 86.417908
v -15.334579 29.657232 87.326385
v -18.920898 23.118378 86.626785
v -16.845798 25.430111 90.584618
v -16.853884 26.347466 86.910652
v -12.996422 35.657780 88.485756
v -8.669711 41.055981 88.717751
v -9.062563 35.039875 91.093651
v -11.214434 38.087929 88.738503
v -27.264961 49.661873 46.293518
v -44.004433 35.832989 45.631580
v -30.459124 45.620193 43.555698
v -40.017834 23.816660 50.717388
v -27.457985 30.964729 47.027920
v -27.869114 44.958782 43.670399
v -34.285904 37.103535 42.503288
v -42.731522 32.440060 46.192608
v -49.669857 31.055780 52.340813
v -51.550495 25.144648 62.255775
v -54.366920 23.778763 67.032799
v -52.997086 30.631916 56.118393
v -48.881367 23.617279 60.190887
v -44.180977 18.910889 61.595116
v -32.732765 19.976776 56.348431
v -41.473614 21.723436 54.292110
v -47.110832 25.537292 53.785702
v -50.518700 29.982285 54.107235
v -19.181608 49.014446 53.889576
v -19.079681 52.187225 60.786564
v -19.561293 44.188347 52.688198
v -18.190624 37.074844 56.514660
v -22.470976 55.253448 55.708355
v -23.570066 51.777882 51.373501
v -25.770107 48.908115 46.661018
v -26.313934 24.070431 54.828468
v -23.443661 32.476086 49.981373
v -24.176933 40.136101 46.446819
v -25.750462 46.032471 44.545525
v -49.889328 21.081772 68.751259
v -54.221317 22.702097 68.571213
v -11.569797 56.476662 78.861305
v -22.696737 59.054550 57.685616
v -10.929902 54.338581 80.574890
v -25.695797 57.659729 51.549984
v -18.327587 59.212883 68.745811
v -21.387251 58.358540 60.479637
v -31.452082 53.584808 44.905262
v -20.837288 58.638371 62.116913
v -28.140762 54.730362 47.440071
v -37.552547 47.453552 42.717041
v -39.655430 43.799583 42.832371
v -13.294519 55.427711 78.058090
v -42.273033 42.668304 43.385704
v -16.704725 58.647533 72.003006
v -34.306561 47.837307 43.091652
v -8.841943 37.982716 89.978256
v -8.534194 48.234806 85.251411
v -16.265705 48.252659 64.518784
v -48.139328 17.706837 75.041054
v -30.921692 51.360538 44.688431
v -23.509445 55.317223 53.628193
v -17.929962 52.985703 69.851830
v -40.433380 15.293815 70.866516
v -16.168587 42.212204 61.939610
v -46.350647 17.755135 67.948990
v -12.786868 51.738506 80.559227
v -15.952590 47.071953 66.071701
v -15.922540 50.345886 76.337715
v -45.534657 17.325588 75.060997
v -41.787422 15.149879 77.279388
v -16.888563 55.231449 72.803627
v -8.368425 59.211773 78.765793
v -5.101346 54.170147 82.942116
v -11.576579 59.287125 77.120003
v -5.042357 31.955290 93.349144
v -4.434949 50.713898 85.104874
v -2.049895 46.523438 87.676231
v -3.701083 49.013184 86.157074
v -4.326203 40.011131 90.421989
v -8.882554 52.979038 82.481339
v -5.830616 41.517647 89.454597
v -10.971479 23.528315 94.331932
v -5.857264 37.960064 90.954414
v -9.938509 53.808601 81.479851
v -14.569375 19.010387 94.247910
v -9.788627 51.468052 82.892006
v -12.598144 22.750412 93.952179
v -9.895064 29.273783 92.897209
v -7.669188 31.443665 92.884911
v -6.203736 34.407093 92.238976
v -48.906654 20.312490 69.699280
v -5.823167 45.616615 87.531723
v -6.382406 44.222755 88.070190
v -15.157737 41.052185 67.760796
v -35.915531 14.207171 74.928154
v -18.145313 56.543015 69.460327
v -15.084883 45.258144 70.568291
v -42.005672 16.886932 65.589447
v -17.048029 45.894032 60.038174
v -14.733935 47.431213 79.555557
v -51.087555 19.723656 72.175064
v -14.953146 40.184898 69.288681
v -16.081690 34.659775 66.535858
v -11.127472 40.889812 87.486717
v -27.286598 7.524343 92.082802
v -18.865929 12.379796 94.320808
v -21.933464 13.211815 92.669952
v -25.824562 10.904027 91.546310
v -12.184742 17.251020 95.553131
v -30.067816 8.698635 90.410820
v -18.173244 15.635159 93.680420
v -16.547407 17.939629 93.718193
v -33.450893 9.504159 88.525475
v -17.198336 16.771551 93.776703
v -10.116792 25.104479 94.157463
v -26.235626 12.184490 90.752831
v -29.379192 26.601294 49.482895
v -35.676487 22.667168 51.961555
v -22.463921 14.349662 91.947838
v -11.944620 27.205889 92.762489
v -14.820696 36.983849 72.887657
v -16.108130 31.878780 71.615303
v -34.715759 15.485302 67.921555
v -18.712772 52.892456 65.307060
v -55.567047 31.160639 58.241199
v -17.718990 51.065262 60.705761
v -13.995939 40.633526 76.865021
v -32.722576 14.814275 73.296753
v -13.617411 37.930950 81.597092
v -50.553238 15.962283 77.215393
v -53.536705 33.951431 53.468739
v -55.658188 60.183319 43.412682
v -64.419853 56.337322 44.079426
v -46.860867 63.748009 42.816448
v -67.981453 49.931366 48.008663
v -53.129978 53.593124 46.177677
v -71.920540 20.671511 64.487328
v -27.138117 72.696388 52.194820
v -23.026232 70.506081 58.119858
v -58.024143 66.263329 38.370781
v -74.231461 46.539528 46.043724
v -66.586540 44.601032 52.570839
v -68.867790 58.263180 39.208603
v -40.248627 62.546497 44.012501
v -43.253468 70.221031 41.309914
v -54.990879 71.789803 34.766117
v -67.568169 65.420334 30.651274
v -77.997391 47.057083 39.603653
v -73.772171 56.425373 34.912094
v -72.090721 35.494446 56.521721
v -77.411568 40.322742 47.199932
v -62.689613 66.608002 34.804466
v -81.165619 44.535198 35.885834
v -33.421261 78.302269 43.149628
v -75.224411 57.938896 29.300011
v -81.397888 35.560371 44.175129
v -76.282410 29.182911 56.005428
v -10.534489 69.118591 70.032463
v -45.092014 78.535599 34.509991
v -57.204784 74.636414 28.886999
v -68.103493 61.640133 35.741848
v -69.368439 15.636024 68.622673
v -30.203169 67.088470 50.293785
v -17.240040 72.442863 62.511860
v -31.070395 74.739326 47.285995
v -38.163982 74.041313 42.408852
v -50.107864 75.145294 34.547298
v -76.192604 51.736473 37.175705
v -44.350319 74.458305 38.625675
v -76.376091 37.084217 51.114944
v -23.211452 78.831779 51.249607
v -67.069809 25.970829 65.448624
v -62.166187 43.351948 53.257191
v -58.305813 54.860569 46.207272
v -34.917580 85.144028 34.301537
v -79.572319 25.396328 53.351467
v -80.250793 19.549246 54.634651
v -24.350872 84.753868 43.305779
v -55.367752 48.228859 48.280510
v -5.732480 66.151047 74.136002
v -83.311295 28.861780 45.311367
v -40.592590 80.845551 35.376209
v -62.991947 24.766016 67.618568
v -46.537186 81.228653 29.654675
v -9.035830 78.708145 60.056355
v -48.558617 53.079769 44.651684
v -70.591545 8.242418 69.952690
v -16.682833 81.375229 53.066532
v -69.209724 40.262314 54.779686
v -28.955893 81.712563 43.554115
v -22.648390 65.626938 60.395329
v -61.920094 -6.762087 85.071388
v -65.862862 30.765057 62.494770
v -74.293663 26.021633 59.848660
v -34.311543 81.716789 39.285538
v -52.694603 65.163956 41.104393
v -78.935204 11.632794 58.815041
v -69.030251 54.718895 42.959251
v -13.869083 71.014175 66.426048
v -67.425804 1.075866 77.081558
v -76.336052 0.658781 68.907585
v -75.892395 15.482061 61.740879
v -83.481461 36.497253 39.250984
v -59.780540 8.827996 77.729263
v -64.706985 15.834747 72.155502
v -54.796997 0.440347 82.685005
v -62.181904 12.671201 74.926666
v -68.461235 33.724270 59.623177
v -82.288330 26.338890 48.536118
v -13.335718 84.568146 50.272305
v -39.907124 58.642075 43.942234
v -15.288383 64.650154 70.571388
v -61.987183 19.457361 71.713539
v -23.569929 82.054192 47.412949
v -7.079150 62.587528 76.793861
v -34.483650 64.980209 46.124702
v -39.426037 -10.442867 84.671326
v -58.958630 45.545509 50.831173
v -50.114960 -7.995961 84.842224
v -8.133078 85.891121 49.880119
v -61.906067 32.574463 60.987583
v -70.609795 45.747616 49.991795
v -79.834694 15.536276 56.468304
v -5.077351 72.667648 67.963982
v -19.043116 87.035545 43.344723
v -57.415321 4.791549 80.280968
v -59.089306 69.105499 34.789368
v -28.064894 88.011963 35.300056
v -15.135801 89.743797 40.353195
v -77.867180 43.625053 43.504410
v -4.801124 76.960762 63.137604
v -41.524502 66.343918 43.035103
v -65.830009 64.071747 35.002510
v -43.792358 0.212380 86.618500
v -50.951103 3.909578 83.264923
v -13.445279 75.835800 61.687294
v -23.026354 74.480957 55.365837
v -44.236149 55.312294 43.759735
v -70.601944 59.576950 35.366817
v -28.446331 63.672691 51.383312
v -34.781136 74.004898 44.717457
v -76.260574 33.508751 53.595928
v -78.862366 35.850998 48.350197
v -53.210835 75.264816 31.995924
v -47.193546 74.839424 36.706959
v -58.800522 -2.707417 82.824890
v -74.122528 5.245094 67.755409
v -73.487076 -3.040134 77.560066
v -4.423862 80.973373 57.999546
v -41.377808 74.190277 40.433178
v -12.891317 80.210281 56.646748
v -25.265368 86.867630 39.464161
v -36.093674 -3.268040 89.711761
v -31.058506 70.867149 48.877769
v -40.070206 -1.776808 88.127625
v -69.143250 4.358065 73.397339
v -64.724266 -2.101012 80.988571
v -63.437473 4.683258 77.259033
v -5.166311 88.235893 46.223312
v -71.052719 25.571569 63.071995
v -37.265297 -7.239135 87.738976
v -77.142876 24.468342 57.154953
v -51.950291 -3.397893 84.309502
v -46.586056 -4.200181 85.511559
v -20.491709 68.710533 62.074532
v -37.413712 81.855881 36.681385
v -14.689437 86.382339 46.766151
v -4.171710 84.546158 52.735672
v -42.463242 82.435745 31.647459
v -23.939619 63.172256 57.793915
v -20.617769 63.857018 63.443203
v -63.784382 28.174183 64.875755
v -49.687099 8.294796 82.657867
v -72.847488 15.525206 65.218323
v -65.317070 40.830486 55.262299
v -41.208698 4.374854 87.322426
v -5.433003 69.688736 70.933113
v -24.445852 4.087881 94.050301
v -31.677790 81.576256 41.528156
v -47.285362 2.768015 84.955582
v -55.831348 12.459815 78.254318
v -67.539780 12.053257 71.332741
v -51.210854 50.007057 46.235268
v -26.149561 82.087944 45.360497
v -20.000805 81.849968 50.302605
v -61.814781 16.401087 73.513092
v -3.237591 63.554310 76.645576
v -77.966454 16.485252 58.798637
v -68.205330 37.347553 57.245083
v -34.640785 1.331055 90.577728
v -4.938766 58.014107 80.490761
v -14.698743 67.890556 68.619354
v -4.987686 74.799210 65.641106
v -53.772915 4.893856 81.857941
v -13.725061 73.489883 64.060287
v -30.151688 -8.495007 90.538155
v -12.408513 82.678886 53.489689
v -65.135788 33.696754 60.371208
v -20.167912 4.342648 95.486313
v -25.069000 -4.791140 94.167656
v -36.560410 61.560249 44.903271
v -60.483994 4.742440 78.838516
v -15.230393 87.840370 43.999397
v -4.686704 79.014793 60.584293
v -11.124527 86.711990 47.641106
v -21.452711 87.926109 40.275658
v -35.953121 4.827731 89.377151
v -32.302307 -4.753623 91.172424
v -31.290339 64.391029 48.547676
v -24.709085 -0.355674 94.511444
v -2.590495 57.211685 81.331467
v -39.706070 -5.419436 87.486832
v -13.166215 78.048035 59.236370
v -30.952810 3.910399 91.596436
v -59.025120 12.816563 76.618622
v -19.102762 8.216984 95.186363
v -25.912432 63.231339 54.571678
v -43.085701 -3.631813 86.634972
v -77.160477 3.126935 65.239662
v -62.101192 -3.014164 82.354370
v -72.053955 4.296143 70.708321
v -55.328453 -4.494959 84.054359
v -62.431545 22.075500 69.786026
v -3.762011 26.792458 95.126343
v -66.306396 4.542460 75.474869
v -4.315095 82.810356 55.382465
v -4.460585 16.951269 97.266647
v -18.267233 -7.688242 95.590820
v -3.962010 86.532486 49.459244
v -49.426266 -4.257712 84.883804
v -16.070887 -3.792733 96.863914
v -11.618036 11.463165 96.864746
v -16.221506 3.388625 96.740715
v -8.340333 19.723877 96.042130
v -21.561855 -4.901545 95.306450
v -48.193295 5.841061 84.014954
v -44.284111 3.841159 86.106697
v -3.558664 21.753599 96.391830
v -4.358101 11.871555 98.036484
v -14.766019 62.074123 72.780930
v -27.752279 3.378377 92.951607
v -7.759298 12.026419 97.580467
v -22.223995 63.386139 60.759563
v -4.778162 60.557606 78.739395
v -58.636192 30.442797 61.648369
v -15.168208 -0.330131 97.200569
v -12.066429 14.885790 96.099869
v -35.065964 57.457253 44.581192
v -28.596464 -4.781169 92.813965
v -60.184956 39.150829 55.125858
v -15.503549 11.343501 95.773026
v -32.883862 -1.270619 91.410851
v -22.319624 1.899363 95.105682
v -40.099342 55.360245 43.700321
v -61.110729 35.699780 57.952339
v -33.669231 4.347959 90.421074
v -11.877466 -5.080953 97.497620
v -59.346859 25.149939 67.387779
v -18.066208 63.162750 68.102676
v -12.044807 4.100175 97.638870
v -59.599541 42.467472 52.755184
v -22.840347 -2.686297 95.143135
v -17.569426 5.953645 96.064331
v -17.110636 9.958348 95.524048
v -60.656227 61.900051 40.974010
v -50.271564 58.764786 44.199104
v -54.419361 56.790184 45.113968
v -65.084389 59.514931 40.886250
v -62.962574 52.504448 47.379871
v -53.831665 44.601799 48.287876
v -56.384602 45.038116 49.751492
v -11.054065 7.434341 97.539978
v -18.986982 -4.208749 96.134880
v -56.506561 63.931404 40.882820
v -48.078842 67.604980 40.990265
v -45.087605 60.787365 43.810966
v -66.904366 57.380325 41.843479
v -71.455147 50.619625 45.009548
v -64.848579 48.341724 50.158058
v -2.471950 7.794670 98.590042
v -2.302820 32.897308 93.415398
v -52.373322 11.754993 80.012932
v -7.805988 2.691341 98.402138
v -19.202299 63.528526 66.095108
v -10.357692 18.271147 95.861786
v -3.723665 24.302887 95.779526
v -38.438751 4.507375 88.448486
v -5.869002 20.653397 96.323761
v -4.055526 29.321272 94.352478
v -45.316830 51.380367 44.122704
v -44.530567 48.431774 44.028397
v -2.214687 13.775743 97.944756
v -29.213203 60.566532 49.173840
v -60.596241 57.920883 44.043053
v -49.119827 55.696060 44.886765
v -57.708851 50.962814 48.140228
v -31.247063 59.355621 46.810349
v -68.262764 21.043520 67.449142
v -75.038750 20.589104 61.215443
v -26.635006 68.761932 54.270668
v -27.351463 76.499954 49.583752
v -57.990932 25.812649 66.327118
v -13.327294 59.449242 75.777214
v -47.180676 10.117275 82.844612
v -24.876854 75.835640 52.453281
v -19.793526 73.842705 59.027328
v -24.373119 67.258102 57.746113
v -51.090355 62.471016 42.756702
v -67.482780 47.243183 50.346603
v -71.154953 48.339035 47.395901
v -59.078949 19.989412 72.111221
v -53.703915 68.796051 38.247253
v -61.666325 64.786583 37.714443
v -74.938942 49.043465 42.571129
v -74.470993 43.105026 48.835545
v -69.834221 43.067226 52.553024
v -63.093075 46.335693 51.718063
v -66.598213 53.265125 45.795765
v -57.264572 37.947563 54.126987
v -71.878639 55.609806 39.004974
v -66.920021 60.769043 38.121639
v -45.009499 66.877823 42.002911
v -37.962925 65.760048 44.487686
v -42.986099 59.438553 44.041649
v -43.491379 63.257622 43.309772
v -51.252098 10.307045 81.194656
v -39.403278 70.643883 42.854919
v -45.966393 71.471161 39.636341
v -60.395596 66.723221 36.524303
v -57.597355 72.133255 32.254047
v -51.627369 72.354767 36.313881
v -23.249928 60.923672 57.482147
v -57.706528 28.584768 63.086700
v -76.039879 43.501446 46.515305
v -63.887562 68.250626 31.187510
v -79.869392 43.702873 39.647263
v -75.940018 50.438351 39.351910
v -68.652283 60.103733 37.154236
v -7.131794 -1.717011 98.449425
v -72.791092 58.975010 32.673145
v -76.275795 46.693012 43.068832
v -74.486015 53.618660 37.709629
v -33.513992 55.129414 44.546566
v -79.806824 39.358162 43.979889
v -75.498795 39.950279 50.162868
v -56.485935 68.988876 36.678501
v -68.541634 62.916412 33.315670
v -77.764267 49.906914 36.475281
v -79.486748 47.866756 35.490925
v -61.632084 68.825378 32.876995
v -63.666409 64.554642 36.478912
v -40.883633 7.371392 86.542542
v -73.092628 23.220230 62.326447
v -76.349945 53.096443 34.903564
v -76.659599 54.502750 32.060043
v -77.076576 38.348660 49.249374
v -65.723442 23.423510 67.694031
v -30.611055 77.946686 45.706429
v -36.797131 77.337997 41.418655
v -68.774742 28.775862 62.817692
v -81.257477 32.617340 46.596115
v -81.452591 37.978828 42.101074
v -10.987717 65.729324 72.805305
v -9.497775 71.683716 67.931122
v -52.499981 73.674950 34.455093
v -48.511795 77.919006 32.586540
v -42.713142 77.424736 37.340538
v -71.345970 57.535603 37.191818
v -65.021324 66.116508 33.037640
v -73.986824 18.078308 63.224636
v -29.239288 73.683731 49.554256
v -69.648247 61.483974 33.918205
v -66.336555 62.303459 36.809792
v -71.991333 11.570255 67.288071
v -66.543808 18.120083 70.023506
v -27.890604 66.220131 52.967953
v -32.822178 67.997887 47.746780
v -22.736303 67.968719 59.658352
v -28.786310 69.828812 51.482384
v -35.876984 75.898483 42.973854
v -17.366644 69.427666 64.932693
v -16.865318 74.904968 60.442085
v -29.209501 77.161194 47.419323
v -33.107296 72.204636 46.651413
v -43.763195 72.609619 40.039406
v -32.549118 76.182907 45.310455
v -2.262178 41.986828 89.833832
v -74.057510 37.695847 53.373013
v -38.949562 75.943970 40.863453
v -37.076767 72.019341 43.866890
v -78.062996 29.723791 53.379238
v -73.320251 31.131603 58.154510
v -55.732800 73.516060 32.091629
v -44.852135 76.347755 36.853539
v -50.638741 76.794441 32.218029
v -40.569229 72.289124 41.763046
v -47.701839 76.622406 34.680538
v -49.536488 73.395355 36.589405
v -74.985344 52.083710 38.912216
v -41.977238 76.043938 38.892143
v -46.710789 72.933777 38.434128
v -8.995855 64.251518 74.887032
v -2.859515 68.073532 72.740051
v -46.265545 46.070358 44.337891
v -79.380287 37.797241 46.029114
v -74.574432 32.448566 56.174145
v -71.274673 32.684174 58.884212
v -72.054161 38.773739 54.352680
v -54.662121 15.346528 76.843925
v -77.921051 34.247383 50.889477
v -74.680054 39.052647 51.773716
v -25.095140 71.574402 55.070713
v -19.974905 78.110939 54.677986
v -25.555679 79.264206 48.842632
v -4.327652 3.940230 98.707901
v -63.016289 40.254951 55.412708
v -61.317688 46.068874 51.485149
v -3.446063 5.782066 98.673180
v -31.699921 85.253151 36.851395
v -82.076050 23.968538 50.019535
v -81.892548 21.452431 51.415081
v -78.649895 22.479679 55.901218
v -21.586447 84.732376 45.307034
v -27.134897 84.451965 41.630829
v -2.422142 52.662121 84.235817
v -52.477715 47.521389 47.139511
v -58.257172 48.427204 49.358456
v -8.682700 80.744560 57.481064
v -9.299726 76.569733 62.605255
v -62.821014 30.098959 63.267578
v -48.672482 50.381527 45.001411
v -68.537735 30.931499 61.512691
v -47.111557 55.410362 44.314468
v -72.864182 8.487888 67.486443
v -68.082428 8.230390 72.256897
v -17.074053 83.533318 49.897964
v -16.563992 79.290451 55.771313
v -20.708855 66.087875 63.059391
v -54.882637 18.700335 73.916664
v -24.342505 65.302170 57.930206
v -9.818911 60.889915 77.040321
v -77.712257 8.194457 61.570309
v -77.441902 5.526462 63.229233
v -71.073044 0.092187 75.428909
v -64.569946 0.736125 78.920959
v -56.687710 8.803470 79.338264
v -62.742039 8.702203 76.037766
v -65.105690 12.334063 73.147118
v -64.554764 18.755693 70.951218
v -9.705215 21.951672 95.149017
v -51.400135 0.218003 83.826332
v -58.103306 0.805218 81.474609
v -35.688190 7.029705 88.733284
v -10.030197 84.092354 52.248951
v -16.058840 84.845322 48.534523
v -35.975578 59.858543 44.798950
v -43.365093 57.744999 43.945930
v -55.865803 38.880188 52.323689
v -46.544456 -10.101916 84.378471
v -7.653710 84.349953 52.482086
v -16.983669 86.586769 45.280571
v -40.912640 1.154525 87.859474
v -46.788963 -0.585721 85.469917
v -52.069733 6.541151 82.171623
v -49.692554 1.441914 84.208031
v -37.288528 -0.467478 89.489708
v -34.971115 -5.932602 89.462173
v -67.369247 -10.928553 91.602440
v -51.436165 -14.196778 84.513313
v -40.016621 -13.955612 78.451462
v -54.534184 -12.749245 85.996651
v -76.807411 -2.366889 72.618904
v -31.289059 -11.663264 85.787704
v -44.417698 -11.630095 83.437782
v -30.184097 -12.439346 81.490654
v -21.835909 -12.295782 91.078484
v -42.213127 -13.047522 81.766342
v -48.597439 -12.509940 83.835251
v -35.327057 -11.116984 84.961288
v -79.709602 6.508228 59.320465
v -82.222740 14.543922 53.088631
v -28.273365 -11.395384 88.686943
v -25.103456 -11.942430 89.768562
v -18.248804 -11.682843 93.322609
v -68.687950 -2.836502 80.245705
v -46.391479 -12.432603 83.297035
v -36.611691 -9.317036 86.612877
v -9.588246 -9.073950 96.743492
v -9.222255 -3.231381 98.104591
v -41.540897 -4.650430 86.995544
v -3.745215 61.916782 77.887276
v -58.434105 -11.114123 87.124588
v -50.952633 68.167244 39.781929
v -66.207161 -5.110548 83.454811
v -69.723167 23.334681 65.226776
v -70.672798 18.257145 66.547844
v -58.010166 -6.216905 84.575981
v -20.309929 71.363129 60.520775
v -69.859505 11.887873 69.309593
v -7.728533 70.857719 69.303764
v -76.062378 22.890038 59.150272
v -76.467628 11.375677 62.157940
v -76.663002 18.188152 59.996815
v -42.268017 -10.877319 83.917114
v -12.997479 66.890259 70.682365
v -59.936253 51.803097 47.971581
v -53.158710 -6.199024 84.624611
v -39.935940 -7.776182 86.425438
v -66.834518 38.938843 56.342522
v -73.861320 2.817383 69.906425
v -8.146153 67.828415 72.083679
v -52.364811 -11.069860 85.090790
v -74.822731 12.666394 63.809433
v -22.191782 6.755938 94.368507
v -80.949768 26.620945 50.620251
v -24.271544 7.178381 93.460495
v -61.536865 55.406425 45.601871
v -78.938400 18.016748 57.021042
v -32.271439 -10.122024 87.834282
v -49.706234 64.751282 41.950527
v -6.461642 14.098479 97.468895
v -21.038975 -14.022042 86.882668
v -11.162648 -12.192968 94.672707
v -14.901468 -12.015111 94.010132
v -5.331471 -10.173825 96.700027
v -33.339443 -12.285007 82.431160
v -2.556972 -7.147204 97.949577
v -23.453749 -13.174339 88.504417
v -38.152786 -12.401742 82.015038
v -4.103930 -3.368275 98.555260
v -42.177479 53.486771 43.571327
v -19.971474 75.945610 56.895844
v -3.353266 -5.061229 98.358490
v -16.212534 68.663918 66.681702
v -2.617933 71.479836 69.445190
v -44.839283 -18.348143 75.575584
v -51.112938 -18.608377 83.242935
v -77.459419 -6.710286 81.662041
v -35.259640 -12.342374 75.782982
v -24.186230 -12.055077 78.831444
v -61.298161 -12.750824 90.017197
v -38.917099 -13.817667 74.326454
v -27.878162 -11.647066 78.159737
v -53.802559 -16.575413 86.086403
v -10.594042 -14.812610 91.232910
v -56.158291 -14.708239 87.500687
v -64.897713 -9.460165 88.179291
v -72.865257 -5.250811 81.744331
v -49.230701 -15.601163 82.821396
v -30.495184 -10.554217 88.374252
v -8.393878 -11.410526 95.696922
v -43.494740 -15.594279 78.722610
v -58.387474 -8.215290 85.611076
v -20.028378 80.098129 52.397095
v -18.920149 -13.680872 90.260620
v -28.881559 -12.448181 85.466187
v -46.581070 -7.525794 85.073288
v -75.803993 -9.202696 89.875473
v -81.765106 -4.126511 65.270523
v -77.754990 -4.997142 76.854118
v -80.274742 -4.262743 69.926720
v -78.754066 5.448190 61.274185
v -58.080318 -14.573175 89.020790
v -79.245209 -0.341755 65.236542
v -60.539867 -17.674978 98.484154
v -87.100174 33.422997 33.467896
v -53.153595 -24.058510 85.622528
v -86.121330 24.536854 42.268555
v -85.757324 -10.206283 65.123634
v -82.978592 40.517929 36.286217
v -83.409492 1.204064 54.989174
v -84.609581 12.915532 49.550453
v -84.771942 -9.782924 78.846275
v -47.693981 -19.218935 78.906174
v -85.028702 8.118922 49.904957
v -87.622101 16.070263 42.922516
v -82.726524 -1.151243 58.143501
v -81.400864 3.732680 57.720425
v -83.702759 5.441801 52.939129
v -86.254532 14.504685 46.128117
v -70.951775 -11.072488 94.477936
v -80.496330 -8.736240 85.162109
v -84.205719 24.259817 46.171009
v -82.288017 5.188208 55.535309
v -84.163033 31.931042 41.549377
v -85.431198 28.212576 41.517651
v -82.644302 18.313723 51.324482
v -83.828094 16.308987 49.962765
v -81.657516 -7.431774 77.045868
v -60.536732 -16.181141 93.822067
v -53.459526 -20.195913 85.847969
v -79.669395 -5.011283 73.418190
v -83.312851 23.620277 48.103554
v -39.934540 -12.638154 81.760498
v -82.566376 32.256325 44.450058
v -80.793991 12.796391 55.819016
v -81.921722 1.337844 58.052315
v -83.521042 10.657081 52.013432
v -84.848816 15.864543 48.345078
v -82.582497 -3.241063 60.958767
v -84.277954 -7.052455 61.844593
v -83.544411 8.372194 52.464832
v -75.394394 -5.010851 79.542580
v -81.122864 6.578691 57.037556
v -80.401253 8.461425 57.563568
v -72.416489 63.208313 25.109980
v -62.545132 72.340919 25.510292
v -83.268684 45.447323 29.201584
v -65.827232 68.949867 26.941666
v -81.131401 47.051643 32.652378
v -85.685112 32.874126 37.513752
v -77.425232 51.377892 35.186348
v -81.243019 42.385246 38.191582
v -75.149231 60.066372 24.955208
v -59.525600 74.876389 25.235117
v -83.710800 42.422848 32.228992
v -85.349060 37.158710 34.213188
v -78.262924 54.117554 28.624563
v -53.944130 77.278259 28.195642
v -52.603004 79.946060 24.731256
v -63.315136 74.060036 19.682644
v -73.203003 64.348518 19.683025
v -80.254784 53.084328 24.630180
v -49.163544 81.691666 25.776739
v -81.833122 49.477409 26.807211
v -77.935402 56.255306 25.203230
v -69.225525 66.475037 25.405958
v -55.919495 77.509415 25.182470
v -88.430481 24.395908 37.138180
v -76.554802 58.204441 25.060835
v -57.817921 76.146149 25.228708
v -84.701012 39.756248 32.927238
v -42.887775 84.766144 27.074196
v -38.849602 84.255569 32.190670
v -70.185303 64.230026 28.089745
v -85.430267 34.997650 36.175911
v -37.986431 83.067650 34.696907
v -82.317108 44.927692 32.563988
v -87.057671 19.906820 42.602486
v -87.921188 21.899004 39.796543
v -79.903191 51.925243 28.058859
v -73.576828 60.741879 27.681347
v -60.010132 73.315445 27.588078
v -63.298412 70.236282 28.551540
v -86.972427 -11.846349 69.795593
v -89.343529 13.857387 39.868431
v -88.341866 29.451513 33.728138
v -87.102623 4.863667 46.525135
v -85.688980 -4.936455 52.413307
v -84.256905 -3.223778 55.688290
v -87.991066 13.096907 43.043209
v -85.365074 3.772485 50.194057
v -88.421600 17.262943 40.781879
v -86.139168 10.603834 47.346046
v -86.732727 26.556931 39.754841
v -83.286156 -6.990331 67.914085
v -84.510155 2.534424 52.233227
v -87.001968 31.199442 35.733887
v -80.908401 -1.574178 63.211597
v -85.978157 42.375000 25.568567
v -90.725632 23.401958 31.727318
v -88.530647 34.316181 28.382988
v -89.338814 26.471348 33.387680
v -84.348930 46.250610 24.383205
v -88.961044 31.245829 30.374044
v -74.873779 61.709209 21.674133
v -66.003365 70.788719 22.272270
v -71.112595 65.848976 22.116722
v -84.914711 42.349854 28.981356
v -83.882439 -4.211699 58.043633
v -67.619156 68.716187 23.842455
v -86.948677 35.940868 31.278553
v -86.520294 8.293056 47.075649
v -68.798683 52.216660 45.539684
v -42.092693 86.890656 22.957716
v -53.180149 81.754311 19.123356
v -81.586891 53.262981 19.137613
v -90.309303 32.146149 24.993107
v -34.449352 88.769104 27.686384
v -88.149551 37.938412 24.848646
v -46.477222 83.722160 24.914831
v -31.306011 88.587898 31.271421
v -50.098984 82.674324 22.079613
v -82.581566 50.441795 22.204529
v -61.025051 74.980812 22.284046
v -55.296120 79.280197 22.081465
v -83.405525 48.531803 23.346495
v -79.412521 55.517803 21.938362
v -36.282600 86.504211 30.697708
v -75.895668 61.717682 17.679811
v -77.798584 60.233097 14.029726
v -66.636780 71.740417 17.543903
v -69.236671 70.013542 14.134827
v -91.175919 19.656315 32.796280
v -87.650734 39.357307 24.504314
v -88.503159 36.625378 25.526003
v -40.798817 84.597046 29.721451
v -88.241966 27.331011 35.625389
v -60.551773 77.367393 15.710842
v -31.619368 91.411446 23.592728
v -23.826050 91.182632 31.772541
v -72.002197 66.695763 16.018751
v -39.328827 88.006172 23.752775
v -23.293447 89.406296 36.198071
v -44.570675 85.468025 23.279457
v -27.479578 90.261429 31.045065
v -22.280758 88.717163 38.285172
v -48.217838 83.424797 23.178696
v -18.597704 88.889702 40.279564
v -31.510612 86.804237 34.537296
v -85.536713 22.143702 44.655979
v -81.366699 48.264668 30.199570
v -40.799564 86.626396 25.423244
v -36.903618 88.813049 24.737783
v -7.461536 91.275139 39.522652
v -4.973240 90.292282 42.108162
v -15.304665 92.498238 33.899490
v -8.721784 87.489098 46.968071
v -34.246731 87.299835 31.116621
v -95.425240 -24.299883 78.064537
v -50.173164 84.698006 14.932622
v -42.532806 88.051399 18.484686
v -56.470638 80.454086 15.557694
v -19.244705 92.367538 31.968903
v -23.958309 93.017334 26.513899
v -34.801186 90.124573 23.599678
v -40.172585 88.563126 20.802065
v -60.909760 75.997704 19.772089
v -31.443750 90.162003 27.448158
v -10.989998 90.811829 39.665565
v -12.511190 91.893692 36.643665
v -21.375031 90.868614 34.313229
v -15.487794 91.195190 37.023518
v -60.587963 78.477478 9.062515
v -39.319206 90.348946 14.895258
v -79.983002 56.741074 15.844635
v -21.104607 94.887047 22.328566
v -12.712020 94.223976 30.161112
v -46.884445 86.683289 14.390742
v -32.435844 92.458092 18.321173
v -28.431658 92.776436 22.685120
v -4.375363 92.831383 36.280052
v -53.501064 82.741692 14.238732
v -21.103174 93.067604 28.682785
v -74.334671 64.173378 15.624522
v -64.317207 74.514122 14.697719
v -2.528407 89.783577 43.397285
v -16.156090 93.466667 30.749653
v -66.707138 72.596611 13.463458
v -4.207995 91.543526 39.423512
v -9.520329 91.989082 37.364552
v -44.058861 86.486404 21.150291
v -50.153206 83.709419 19.019485
v -71.405708 66.398827 19.527309
v -56.316013 79.560829 19.334118
v -44.786442 87.630844 15.348357
v -25.901882 91.552383 29.128956
v -57.993980 78.745911 18.017862
v -26.231752 93.210342 23.537193
v -24.297058 94.110687 22.233040
v -2.280962 87.479218 47.882065
v -58.107452 79.961891 11.929822
v -42.499020 88.991882 14.184050
v -70.077454 70.049728 8.573879
v -49.942539 85.725891 9.036626
v -29.556158 94.109512 14.511342
v -35.259995 92.013107 15.082160
v -7.605513 95.236153 28.665794
v -4.553401 94.430748 31.817917
v -13.121986 96.070084 23.382542
v -47.742332 86.687576 11.475500
v -29.713497 92.955727 20.308105
v -71.668488 67.932220 11.827647
v -67.839287 71.947754 10.885457
v -52.273750 83.992416 11.550550
v -62.806313 76.357880 11.631634
v -7.645240 92.378319 36.853363
v -33.947025 91.167740 21.320580
v -39.801888 89.374413 18.481428
v -20.936058 93.953041 26.011978
v -12.392318 93.086685 33.624039
v -78.247162 60.580212 9.044607
v -84.401169 50.005230 15.075229
v -57.588848 81.080338 4.562459
v -67.306419 73.077988 4.847561
v -62.872406 76.929688 5.872104
v -38.674061 91.418007 9.014447
v -52.449986 84.459625 5.925340
v -46.564304 87.916489 5.470477
v -11.015402 97.348526 18.716570
v -3.515449 96.423294 25.328285
v -21.943895 95.812599 16.860807
v -16.627987 96.015358 21.261044
v -25.253786 95.458397 13.916170
v -2.214263 94.070671 33.116402
v -32.632587 93.062546 14.628785
v -36.647644 91.870735 12.406344
v -75.878807 62.663971 14.078625
v -10.907855 95.535957 26.506369
v -18.841192 96.146759 18.616905
v -57.828072 80.566193 8.945745
v -41.215305 89.927803 12.084971
v -79.707695 56.018677 19.468758
v -52.425491 84.201828 9.161179
v -66.344086 74.112427 -1.149652
v -55.574421 82.589111 -1.407136
v -45.824390 88.446243 -0.475024
v -73.527184 66.732399 4.976314
v -76.630692 63.044060 5.482460
v -18.990849 97.132751 12.147965
v -35.963158 92.869781 4.007897
v -64.385750 75.814194 2.585091
v -41.645813 90.358070 5.657463
v -54.022923 83.616150 2.381071
v -82.425484 53.444168 14.371278
v -28.718029 95.143738 7.891763
v -32.032562 94.268501 5.101648
v -43.615402 89.528160 3.473322
v -70.491692 70.060127 3.283726
v -49.519951 86.316307 4.528548
v -14.042511 96.713860 19.939081
v -39.166992 91.519203 4.837193
v -22.489794 96.292648 12.896365
v -60.515888 78.891579 4.833278
v -4.005552 95.371849 28.970648
v -79.797028 58.054764 11.468101
v -27.351301 95.226601 11.233490
v -86.544495 43.489777 21.362392
v -76.669785 62.110634 12.036938
v -83.389893 50.359661 19.115406
v -67.661690 72.419197 8.531176
v -72.503128 67.441338 9.142554
v -65.005821 75.107010 5.750655
v -54.882637 82.893311 5.724542
v -47.198269 87.289719 8.963612
v -62.919590 76.611542 9.077247
v -44.062309 89.165817 6.157277
v -60.119812 78.779228 -8.954887
v -74.596069 65.635651 -0.888704
v -49.494843 85.886024 -9.449358
v -85.625542 49.330334 8.690193
v -87.960419 42.043644 17.934835
v -81.003593 57.288731 4.177432
v -57.977093 80.726707 -5.076307
v -68.643768 71.731941 -5.229164
v -63.134293 76.688560 -5.263858
v -47.053059 87.549965 -6.194692
v -52.599541 84.346199 -5.436484
v -86.782333 45.477562 15.403129
v -40.755344 90.734146 -5.472787
v -34.593945 93.453033 -0.915670
v -25.936317 96.170692 3.972803
v -76.080864 63.893429 1.977966
v -87.615677 40.586590 22.518888
v -19.269512 97.594070 6.671820
v -11.210774 98.456146 11.273935
v -3.946722 98.255257 16.747150
v -7.410679 97.692909 18.670937
v -22.001316 97.142014 4.116939
v -4.348480 97.395538 21.069794
v -11.368116 97.902542 15.218156
v -78.636932 60.516693 4.838347
v -15.158376 97.856461 11.767640
v -5.971260 97.547699 19.919619
v -33.042171 94.014412 2.106750
v -29.035782 95.272377 4.226708
v -80.338531 57.759621 8.720387
v -72.427628 68.088287 0.947587
v -23.466894 94.813889 20.118692
v -63.737617 76.401428 -0.825687
v -53.132698 84.208633 -1.001516
v -68.738388 71.891609 0.802869
v -58.016747 80.892036 -0.332387
v -48.061420 87.230026 2.357451
v -29.561472 93.498962 18.043850
v -69.797462 70.001305 -10.329032
v -82.585312 55.033916 -0.543297
v -89.460762 40.063572 14.635111
v -72.735031 67.565659 -4.285680
v -77.458107 61.982723 -4.697886
v -39.491863 90.863258 -10.418200
v -84.219543 52.091858 6.409570
v -71.271095 68.910339 -6.963407
v -37.082993 92.372292 -4.368363
v -29.167141 94.928719 -8.493299
v -25.933670 96.184158 -3.304401
v -86.398933 47.137325 12.317298
v -88.253479 42.782475 14.452100
v -24.932858 96.518250 0.585831
v -31.876221 94.328659 -4.377221
v -74.790428 65.192780 -5.041756
v -38.064323 91.787498 -7.236744
v -60.497627 78.852585 -4.727370
v -49.755405 86.117645 -4.823000
v -16.248075 98.316650 3.207588
v -65.914871 74.248444 -5.713301
v -55.436855 82.489838 -5.460793
v -44.142307 89.152115 -4.894481
v -34.556690 93.353477 -4.569981
v -87.984673 40.771839 20.625532
v -29.037125 95.266319 -3.960353
v -4.889780 98.950256 11.547922
v -23.271439 96.908684 2.064436
v -11.399918 98.871758 6.202658
v -19.433342 97.722481 3.410070
v -7.701397 98.819725 11.080101
v -83.730034 52.080181 11.443633
v -70.845184 69.573502 -4.408541
v -58.133762 80.104004 -10.297619
v -61.893925 77.140617 -10.657816
v -72.612030 67.846756 -1.309686
v -83.274269 53.780952 4.580306
v -83.168007 54.114674 2.135102
v -68.611519 71.978142 -1.644028
v -47.222225 87.008766 -10.751710
v -51.890789 84.190865 -11.387985
v -53.639709 82.727730 -13.997067
v -83.931694 52.183136 9.081045
v -86.584457 44.673180 18.567627
v -87.674736 45.973251 5.188788
v -89.279526 35.029251 24.929216
v -13.357342 98.707825 4.431148
v -76.720291 63.105370 -0.665424
v -48.384655 87.001373 -2.844626
v -42.773895 89.929398 -2.496692
v -80.801292 57.644276 -1.281153
v -79.708687 59.115307 -3.160580
v -18.806908 96.623177 15.994767
v -34.882172 93.102081 7.169683
v -29.671999 94.534492 11.035377
v -77.849632 59.348679 17.186644
v -13.472859 95.121773 26.810900
v -89.854317 8.651793 39.924591
v -91.825333 15.798044 32.858826
v -92.767387 22.314888 25.884178
v -91.040024 13.637281 35.814873
v -92.190445 20.178377 29.429283
v -89.666008 31.426632 28.023159
v -87.581787 -0.252413 46.086864
v -86.968163 -4.165049 48.208241
v -89.022903 5.093445 42.361248
v -90.755363 10.780305 37.344971
v -32.130295 29.492798 45.640804
v -88.779846 11.331732 41.813160
v -84.722656 -1.917348 53.518017
v -74.262390 -51.098553 103.347824
v -95.571648 -38.752762 84.065948
v -54.916183 -27.361805 91.466888
v -86.967087 -11.078602 50.734650
v -87.311134 -14.691828 58.820873
v -86.885468 -13.116307 54.245823
v -90.537361 -16.942524 71.822044
v -50.627182 -22.780479 81.021088
v -41.859970 -15.905291 74.145187
v -87.836800 -14.669452 63.577694
v -88.549294 2.128022 43.704475
v -90.961021 -15.188865 79.379662
v -86.058945 -10.699986 60.356720
v -86.432877 1.975146 48.367737
v -52.564999 -33.172924 79.808029
v -45.537857 -22.313435 68.975662
v -56.517639 -36.748528 95.663681
v -54.274380 -32.221207 86.371826
v -46.819496 -22.307549 73.684486
v -51.382038 -26.118116 107.999550
v -89.070068 -15.838497 67.599068
v -68.343864 -13.318267 103.349541
v -27.277201 34.895576 45.319443
v -33.523506 -12.295160 79.595276
v -71.209236 -47.435070 83.867584
v -56.011024 -40.257431 77.396233
v -47.161758 -29.588499 66.500961
v -50.141705 -33.457146 72.441277
v -40.766117 -15.496791 57.796040
v -90.553207 -30.238922 67.106895
v -87.926422 -21.394073 56.716206
v -43.934467 -20.888676 61.791935
v -24.018913 -7.010652 61.384007
v -36.977966 -11.793413 68.873085
v -23.275244 -9.844471 72.961533
v -13.233523 -15.175381 86.906555
v -33.765766 -9.137690 63.721886
v -31.536917 -8.153902 58.417637
v -17.033066 -14.404424 84.118515
v -82.765671 -47.362213 84.292648
v -6.872318 -15.743798 88.661346
v -20.187288 -13.055627 80.182808
v -31.099728 -11.389848 76.165283
v -63.836128 -45.186577 92.286667
v -3.065187 -12.963259 94.943314
v -14.110748 -13.716768 80.341042
v -50.946316 -27.475613 79.498062
v -55.366692 -33.604588 90.347427
v -43.695633 -18.443590 71.348953
v -37.759106 -12.886254 71.994011
v -48.587002 -22.916075 76.934288
v -33.647991 -10.871027 72.213234
v -92.079811 -23.173159 69.854340
v -26.605310 -10.669765 75.314804
v -21.484215 -11.466428 76.858734
v -46.309658 -36.086948 62.906517
v -63.002316 -44.701015 80.344765
v -41.423622 -30.150789 50.455452
v -52.037025 -36.523293 73.886299
v -26.023884 -18.386497 41.556850
v -12.502380 -9.247129 67.607445
v -45.650921 -25.494066 63.916824
v -18.270824 -7.677334 63.516479
v -43.978870 -26.123352 55.665703
v -93.338203 -34.205654 75.289131
v -30.166134 -10.854498 48.565506
v -13.828406 -11.890144 75.558258
v -4.182191 -14.906093 92.309402
v -3.304764 -15.801823 87.089622
v -20.814688 -8.462357 68.559998
v -36.609238 -11.607980 55.182991
v -10.189353 -12.128716 75.689072
v -6.656447 -11.789314 73.282219
v -1.761421 -14.272238 93.508698
v -3.547464 -15.673850 90.089340
v -10.134864 -15.479876 87.549034
v -50.805103 -32.343925 75.463898
v -48.596333 -31.179672 70.265984
v -48.371002 -34.249702 67.010872
v -55.640251 -38.277782 80.793701
v -43.709648 -19.282366 66.263855
v -47.645485 -27.087059 70.101212
v -54.712860 -35.556564 83.664917
v -40.655731 -14.695969 63.513439
v -26.860689 -7.884992 66.376190
v -41.903328 -39.278351 55.968613
v -30.505955 -35.658707 43.071087
v -35.213840 -37.506023 46.660515
v -14.990721 -33.261395 39.772068
v -8.889030 -11.598891 48.890533
v -4.659348 -14.580691 81.544754
v -3.394797 -10.239428 69.388611
v -13.573896 -8.200914 55.349354
v -49.595512 -34.627441 70.163261
v -1.981064 -15.302829 84.526314
v -4.344147 -12.981079 76.998352
v -9.857876 -10.517503 71.015167
v -40.457935 -18.387629 51.956284
v -21.141197 -7.631245 53.079372
v -15.298649 -10.105316 71.468285
v -52.594749 -29.646275 82.829453
v -42.587841 -22.111055 53.388115
v -45.269779 -20.275839 72.364944
v -25.554171 -8.430511 50.928555
v -38.606480 26.791990 47.525650
v -86.796944 -11.363910 83.631393
v -46.551010 -26.036741 67.327972
v -49.396862 -30.717068 73.064583
v -51.190346 43.006691 47.243244
v -50.848049 -30.189049 77.879616
v -43.582558 -18.828037 68.894066
v -43.406284 25.366581 50.602119
v -52.058170 -21.461847 83.930450
v -40.636086 31.426876 45.244270
v -24.919806 23.211933 58.091682
v -47.278385 -24.738085 71.874023
v -50.643120 -11.521618 84.587013
v -84.875999 -9.147243 69.411217
v -33.472137 -9.809592 68.421059
v -19.970694 29.628178 58.204624
v -35.658363 34.029491 43.183758
v -45.573254 -17.016424 78.610741
v -31.246977 18.895346 59.427704
v -73.649429 12.127453 65.319176
v -26.555523 1.759500 93.663490
v -48.764618 -17.609379 81.455940
v -72.974281 -7.539865 86.134560
v -88.844604 -13.544630 75.091728
v -31.953444 0.899859 91.723984
v -30.978031 37.797855 42.853889
v -70.263283 -8.857361 88.754265
v -85.952988 -10.511659 74.189873
v -70.359406 -1.583322 77.856834
v -55.108299 -27.092083 98.971291
v -50.587231 40.326649 47.570004
v -57.140018 -20.307228 92.755219
v -26.572350 -12.585664 81.197739
v -13.335145 63.671932 72.933250
v -22.732683 -13.382322 82.862038
v -27.185198 -7.371804 92.610779
v -51.288437 38.355278 48.817383
v -27.311255 -9.490901 91.254784
v -37.581604 -13.237951 77.150978
v -17.675995 -14.432059 88.033356
v -10.439509 -28.257385 39.698498
v -5.278544 -16.499609 44.823002
v -44.785072 -25.196512 59.778782
v -31.207819 -25.448133 41.173958
v -46.153496 -30.956015 62.368492
v -11.107867 -8.205496 59.067093
v -4.965674 -9.270857 57.869415
v -43.079632 -33.825836 54.396027
v -13.996399 -18.098471 41.461544
v -20.222044 -29.817991 39.211357
v -24.736998 -38.080303 42.307297
v -28.134420 -30.050856 40.504940
v -6.673916 -9.964076 53.441212
v -34.785187 -12.931659 49.613525
v -27.837990 25.283649 51.951740
v -22.219862 31.515898 52.247345
v -22.725798 22.258226 65.273521
v -54.876762 -23.132246 89.734825
v -28.702225 17.583483 66.151031
v -6.151934 -15.515522 85.132172
v -53.788837 -28.157099 87.007927
v -21.021931 -9.876470 93.716644
v -79.164040 -2.002242 67.825142
v -22.831049 76.854416 53.489517
v -62.717285 58.969891 42.580353
v -55.264072 66.028702 39.736198
v -30.786894 28.010992 47.287109
v -15.385713 98.491768 -0.847214
v -2.918292 99.316124 8.508805
v -47.147907 -64.066841 57.042416
v -64.068214 -49.464062 63.854588
v -45.600590 -57.462097 61.912296
v -57.262486 -47.834900 67.038666
v -57.318611 -59.286049 54.129360
v -61.089600 -53.797649 57.699867
v -51.378368 -46.699207 65.831276
v -53.835560 -58.776329 57.208839
v -57.073395 -43.932014 71.906418
v -48.040031 -51.220310 63.496067
v -40.634590 -67.931587 57.857407
v -47.858311 -42.136223 64.994209
v -38.614132 -57.236115 63.783714
v -49.275665 -67.665710 52.305912
v -37.668007 -73.302055 54.265381
v -29.863846 -65.717201 64.451775
v -43.671860 -40.468777 59.933460
v -35.336689 -52.657192 63.231617
v -73.963722 -46.807873 72.655739
v -34.817440 -67.365814 61.341564
v -28.308672 -53.952278 63.526550
v -29.729408 -76.035507 55.320770
v -33.880585 -61.707684 64.601295
v -37.124004 -76.978752 50.621475
v -37.896206 -47.452847 59.255352
v -19.203951 -72.520615 62.476261
v -18.725294 -62.275669 68.585464
v -24.913534 -63.878338 66.809769
v -25.313370 -69.289108 63.557076
v -24.052082 -80.826256 52.456215
v -24.399021 -51.194866 59.331871
v -19.375393 -81.632607 53.114540
v -16.894491 -52.253456 60.393978
v -9.468642 -68.547997 67.510994
v -8.820142 -58.224201 69.032372
v -23.824883 -57.783100 66.841911
v -9.935978 -78.177238 58.628712
v -13.544253 -60.128540 69.294945
v -59.352253 -50.462677 63.500820
v -24.772400 -74.402069 58.960064
v -14.465219 -75.351234 60.765774
v -50.097507 -58.353237 59.607868
v -56.688038 -55.916992 58.212574
v -54.141350 -44.717415 68.489075
v -47.376961 -46.513264 64.304626
v -43.879036 -53.431198 63.236713
v -45.315525 -67.931931 54.912632
v -12.722736 -49.309258 55.110229
v -14.039174 -65.711128 68.499207
v -14.288932 -70.592148 65.251511
v -28.076712 -46.787369 51.834122
v -6.435229 -50.744537 56.840076
v -12.694001 -55.193069 65.840881
v -35.902290 -70.406219 58.176743
v -45.352726 -41.270294 62.330376
v -14.989448 -80.285309 55.569439
v -34.272083 -64.540604 63.375160
v -33.903751 -58.030956 64.929047
v -33.629353 -50.483669 60.570133
v -33.000866 -77.391457 52.362450
v -6.252116 -80.878250 56.255466
v -4.777255 -71.159729 65.926369
v -4.140070 -57.096428 68.264610
v -4.668516 -66.341591 69.252235
v -4.851893 -75.859924 61.510036
v -4.556848 -61.647751 70.430664
v -25.014704 -66.691101 65.480873
v -3.133053 -48.653217 53.349781
v -24.206530 -60.926388 67.455582
v -41.537006 -43.845974 59.566692
v -24.948030 -71.869377 61.406898
v -67.767952 -46.832218 74.822243
v -14.865142 -43.530647 45.949615
v -3.428239 -53.799595 62.988117
v -59.784622 -44.054817 75.429344
v -23.734789 -54.605339 64.656052
v -24.524834 -77.217125 56.108406
v -21.942400 -49.694527 55.463066
v -2.230870 -28.640022 41.101067
v -13.130013 -57.432983 68.082703
v -13.941495 -63.051819 69.333061
v -14.520798 -72.984200 63.080498
v -14.580407 -77.771454 58.263489
v -14.259239 -68.146767 67.090919
v -12.251410 -52.598560 62.122242
v -15.796535 -84.065887 51.485210
v -9.501872 -47.333382 51.489777
v -37.843082 -41.062031 52.146099
v -4.793682 -73.461693 63.864697
v -4.756466 -78.616173 58.705074
v -4.740943 -68.754990 67.784515
v -4.618014 -64.053680 70.150688
v -4.392099 -59.174362 69.798691
v -31.819311 -42.579769 49.026608
v -3.734240 -55.397770 65.964584
v -2.927070 -51.709579 58.756332
v -2.985035 -40.917419 45.031078
v -63.516384 -45.634182 76.144814
v -36.866074 -45.276596 55.498127
v -48.252567 -38.415600 65.828995
v -7.428055 -22.703568 41.098679
v -17.481583 -38.691883 42.358040
v -2.152126 -9.301438 61.804447
v -34.078800 -43.743698 51.863865
v -25.682955 -43.578262 46.757233
v -54.536659 -40.338326 73.747894
v -42.630550 -63.541859 60.039124
v -51.158756 -61.793625 56.306805
v -49.968311 -65.072411 54.221714
v -41.294994 -60.007668 62.485653
v -49.564819 -54.794044 62.035034
v -60.441349 -46.933018 69.310478
v -54.879417 -49.788429 64.760437
v -60.807339 -48.720005 66.237823
v -58.025204 -52.931004 60.779327
v -57.185448 -45.906876 69.224991
v -46.476131 -60.840725 59.754173
v -50.593670 -42.620872 67.190292
v -51.389126 -50.382866 64.076157
v -54.256653 -61.258186 54.547348
v -53.237366 -56.466057 59.534950
v -54.399906 -47.301376 66.669823
v -42.132252 -56.681274 63.080055
v -49.197910 -44.440414 65.587151
v -2.650510 -14.141303 47.794502
v -11.752788 -38.746307 42.130203
v -53.430035 -41.350563 70.711395
v -60.700684 -45.556026 72.626183
v -44.854019 -49.590485 63.399891
v -47.876919 -66.288612 54.637318
v -50.734787 -52.464859 62.938686
v -49.576382 -48.653992 64.553368
v -41.672115 -70.907372 54.398651
v -38.415665 -65.932693 60.663204
v -49.253151 -40.335136 66.875168
v -45.822079 -44.106747 63.420029
v -46.871017 -54.305809 62.750546
v -44.021709 -65.831955 57.581760
v -39.726002 -52.800735 63.450089
v -37.372646 -60.798222 63.637741
v -47.056725 -39.470703 63.912102
v -37.513699 -67.884705 59.618378
v -32.296459 -72.906212 57.457813
v -30.082605 -68.515465 62.472733
v -29.482492 -62.831219 65.772194
v -44.626495 -36.338539 59.249798
v -43.236153 -42.900497 61.216999
v -35.994568 -59.457863 64.330742
v -31.461485 -55.455742 64.896080
v -39.056171 -49.299061 62.207973
v -39.001316 -70.675140 56.233803
v -31.964201 -63.729118 64.634071
v -32.664967 -69.780663 60.321392
v -36.470058 -65.248466 62.031006
v -36.488914 -50.033516 61.371098
v -29.420345 -50.612484 59.883129
v -27.421425 -56.888020 65.828812
v -39.622955 -43.808559 57.003864
v -28.461422 -73.818375 58.188580
v -36.369213 -55.212727 64.119690
v -32.331963 -66.561195 62.994358
v -31.596067 -60.477306 65.540451
v -35.929176 -62.631889 63.573112
v -33.820953 -74.753235 54.787613
v -31.916382 -53.004383 62.760757
v -34.648476 -48.050491 57.770325
v -40.502083 -46.903748 60.786179
v -20.597946 -40.748074 43.702927
v -21.099285 -74.714912 59.802345
v -21.264732 -69.818962 64.324615
v -20.081495 -58.718029 67.855942
v -21.026814 -64.627655 67.536514
v -27.697718 -67.545967 64.070358
v -21.737598 -59.994400 67.892990
v -22.569395 -65.760735 66.664742
v -26.868221 -61.870235 66.736481
v -27.425289 -64.825134 65.715759
v -22.618124 -73.355438 60.714771
v -22.752731 -68.340630 65.045998
v -27.527231 -70.286240 61.960964
v -26.946583 -75.345093 57.190739
v -21.102562 -79.301842 55.041264
v -25.837669 -55.797894 65.382118
v -20.435993 -53.151989 63.156174
v -27.905794 -49.066723 56.405704
v -18.610973 -79.555252 55.472698
v -25.463140 -49.393154 55.204548
v -17.465225 -49.545666 55.469353
v -16.381025 -54.094723 63.966118
v -53.492645 -36.857841 77.846275
v -9.539421 -70.942497 65.676147
v -9.363718 -66.132141 68.943375
v -8.655450 -55.519348 66.621727
v -9.093972 -60.987251 70.013618
v -13.010003 -10.380976 48.632465
v -25.889606 -52.590260 62.149597
v -22.219215 -63.021057 67.719276
v -44.961929 -38.453415 61.160698
v -21.148073 -56.445297 66.514160
v -26.122837 -58.731483 66.752373
v -10.050454 -81.540192 55.140091
v -9.752021 -75.614853 61.272915
v -27.790445 -79.005959 52.988567
v -22.774555 -70.846703 63.025265
v -22.379082 -75.879524 58.216816
v -27.007753 -72.861099 59.725140
v -50.588753 -35.709534 71.487587
v -42.494724 -15.961917 76.725029
v -9.597933 -51.320877 59.231091
v -16.089527 -47.116528 51.060436
v -4.949687 -28.030062 40.647118
v -6.494397 -45.787788 49.542034
v -6.726000 -52.632210 60.714764
v -56.913826 -42.273979 75.055794
v -40.765755 -36.120110 52.229347
v -64.554047 -45.256752 87.088219
v -6.218284 -9.489423 66.910385
v -69.348297 -46.976425 79.625748
v -30.311478 6.932758 90.982948
v -42.453331 -50.339012 63.164776
v -52.217869 -41.713657 68.896034
v -20.587263 -51.697060 59.125217
v -14.314212 -50.973663 58.521999
v -32.621502 -71.144661 59.060951
v -18.269087 -65.098671 67.969398
v -17.470085 -59.434795 68.503723
v -7.831958 -13.681910 78.430946
v -18.523609 -70.167053 64.731514
v -51.700272 -55.767998 60.720963
v -32.472225 -49.120640 58.417324
v -18.452934 -75.007118 60.222698
v -17.110302 -13.131834 79.604935
v -10.238794 -54.244385 64.722481
v -23.450850 -47.363064 51.166992
v -13.706907 1.668137 97.448601
v -9.471079 5.508819 97.996422
v -5.013554 -83.180550 53.977455
v -12.496844 -82.985420 53.255482
v -7.583260 -82.517410 54.425785
v -2.888270 -80.307556 57.054695
v -3.535604 -81.694595 55.595047
v -12.842072 -86.567520 49.524757
v -5.474212 -87.570274 49.513474
v -3.159007 -85.393730 51.866161
v -26.051809 -84.098083 48.323250
v -4.409772 -90.950493 46.327320
v -9.238368 -88.183960 48.499355
v -21.760954 -83.754349 50.206734
v -27.446508 -81.347069 50.644623
v -30.301643 -78.189926 52.792290
v -19.036022 -83.911926 50.864628
v -15.430233 -89.263184 46.306969
v -15.812490 -86.509468 48.985119
v -12.543005 -84.544441 51.622467
v -5.660832 -85.130379 51.934662
v -24.384525 -88.242828 44.687679
v -35.341301 -82.100739 46.089859
v -30.673841 -83.697128 46.751026
v -43.459431 -76.096230 47.638344
v -40.432281 -74.797874 51.027382
v -47.083115 -70.545593 51.042133
v -34.223267 -79.664223 49.305973
v -40.832367 -72.938507 52.786335
v -44.419853 -70.560196 52.949211
v -48.808739 -61.211121 58.230927
v -70.176987 -47.526283 66.609238
v -56.508133 -64.716545 49.166344
v -52.514103 -67.322975 50.064281
v -47.182823 -73.057343 48.280380
v -50.395290 -69.839653 49.252132
v -55.753479 -62.270473 52.278877
v -70.024689 -47.181805 71.153793
v -65.619965 -48.019901 67.465385
v -63.718128 -51.335674 59.739677
v -66.897629 -50.980312 56.752014
v -70.056625 -48.224091 61.433781
v -64.090355 -52.539585 57.067215
v -59.671036 -56.438499 55.403908
v -61.510082 -57.654903 51.991169
v -61.687740 -55.465851 54.830383
v -51.229172 -66.063087 52.305332
v -22.628263 -85.968887 47.652699
v -43.998280 -60.466393 61.135284
v -70.399254 -50.181911 51.970676
v -82.416664 -41.727936 65.923172
v -58.528744 -67.382240 44.493408
v -46.113960 -78.355743 43.225384
v -66.001335 -56.841011 47.605839
v -68.145889 -53.483543 49.410717
v -37.899590 -85.057747 41.460907
v -75.385094 -45.777157 65.516426
v -60.064060 -61.504745 49.043941
v -70.593117 -48.831055 56.350388
v -54.601265 -68.631546 46.961258
v -47.858109 -75.022530 45.625977
v -28.395605 -86.701241 44.673294
v -39.357777 -79.196663 46.915264
v -79.752205 -45.957886 75.664162
v -49.151257 -71.423027 48.575069
v -57.733738 -61.563148 51.254288
v -42.618168 -78.808731 45.219795
v -40.165924 -76.764244 49.045570
v -81.487549 -43.987286 70.927109
v -77.699951 -45.329041 69.221970
v -72.836784 -46.832600 69.046654
v -36.507282 -79.543533 48.192432
v -73.970947 -47.199604 77.289658
v -67.445168 -48.500687 64.495697
v -100.053513 -34.371407 107.704369
v -86.189445 -36.250172 63.311245
v -74.285988 -46.080494 60.998749
v -63.367970 -59.226376 47.984535
v -72.692024 -47.225399 58.113819
v -80.268509 -41.128544 57.750053
v -77.307930 -44.036434 59.413574
v -59.719158 -64.402061 46.399044
v -38.412712 -82.040466 44.416862
v -52.349136 -69.523758 47.992008
v -90.246361 -41.405655 78.739830
v -67.833145 -51.793324 53.248798
v -99.512314 -25.673729 89.325279
v -64.834106 -55.818047 50.618000
v -63.936314 -57.369251 49.572002
v -32.656643 -81.527237 48.113564
v -28.739168 -82.361153 49.043655
v -66.837463 -49.735100 60.510662
v -6.953304 -89.851555 47.190277
v -2.414343 -89.362991 47.869213
v -20.078108 -89.587051 44.765869
v -11.897779 -89.178223 47.118919
v -2.764607 -87.268875 49.968613
v -2.257130 -10.666081 53.941921
v -68.483849 -58.899353 41.801498
v -74.666222 -47.310936 48.382050
v -81.113342 -38.970348 51.262455
v -88.559303 -27.364536 60.544128
v -83.510178 -37.905224 59.369904
v -71.897820 -50.653427 47.551319
v -73.158890 -47.590466 52.845966
v -89.332260 -36.100002 69.558159
v -86.142921 -39.047359 67.667854
v -86.833069 -31.737020 59.015675
v -77.681664 -43.684166 48.890930
v -82.589943 -37.510376 54.907078
v -75.541725 -45.617474 51.685875
v -78.665207 -42.259190 53.523266
v -26.472755 17.493103 72.941223
v -90.603966 -25.451448 65.568581
v -88.330383 -31.778427 62.976261
v -85.426880 -34.674747 58.890308
v -17.516001 -7.472379 56.013069
v -79.148712 -43.246822 62.671921
v -94.855583 -18.630522 84.472687
v -56.529503 -51.625587 62.733376
v -26.117596 -92.116791 40.138130
v -13.241799 -93.350395 42.797890
v -7.798890 -95.149239 41.993385
v -4.981943 -93.319069 44.013294
v -22.235041 -91.414970 42.257542
v -17.548204 -92.307709 42.790485
v -33.292389 -85.733391 43.335522
v -1.887779 -92.074593 45.290539
v -2.791115 -92.960106 44.440231
v -27.443298 -89.038078 42.685928
v -4.456823 -44.472282 47.990700
v -12.496967 -90.800682 45.406475
v -21.557686 -87.530846 46.399754
v -6.376261 -91.320190 45.790195
v -1.593794 -37.082058 42.785580
v -1.378293 -19.978392 43.453228
v -10.536852 -43.596088 46.380871
v -44.856049 -83.753006 38.169476
v -53.001770 -76.897934 39.121292
v -41.431667 -85.632393 38.555954
v -56.058971 -72.534058 41.183746
v -50.228092 -75.768982 42.841557
v -63.884773 -66.369492 39.520550
v -69.219414 -55.378929 44.962318
v -55.855934 -70.163734 44.101494
v -65.687782 -59.310905 45.050358
v -2.078191 -12.336039 75.749962
v -66.355873 -63.008133 40.147724
v -70.534386 -53.017826 46.169640
v -65.985161 -60.903877 42.896370
v -76.577919 -48.557964 41.016510
v -82.931412 -35.794563 47.502880
v -60.526276 -69.327835 40.142414
v -77.846870 -44.837986 44.250778
v -80.454865 -40.133347 46.939640
v -87.289421 -26.105862 55.332691
v -61.844177 -65.898811 42.484642
v -86.903198 -29.456467 56.702354
v -74.350159 -49.199356 44.940636
v -83.151024 -35.750523 51.588501
v -60.750828 -65.161156 44.506500
v -67.330261 -57.603134 44.854687
v -9.593233 -49.999607 55.584137
v -4.216456 -34.865524 41.687328
v -73.757980 -55.270241 38.045868
v -86.017235 -27.739885 47.615883
v -86.838959 -24.720703 50.929958
v -87.482315 -17.732985 54.683838
v -79.202240 -42.388264 45.576839
v -87.348625 -22.500517 53.237896
v -71.068085 -55.867928 41.560276
v -86.845039 -12.590348 61.934097
v -63.855782 -64.481682 41.696064
v -88.476791 -18.644159 60.762909
v -87.850258 -18.144369 57.708618
v -88.839302 -22.872578 60.461777
v -86.172989 -28.472809 52.146530
v -37.712074 17.295452 61.806416
v -13.930211 -8.058387 62.041901
v -81.909164 -40.696198 61.696545
v -2.676015 -45.144043 48.960049
v -80.989960 -44.584221 36.431889
v -76.635368 -51.550327 37.264748
v -87.132805 -24.240608 43.347115
v -83.941917 -35.887348 39.950352
v -71.088501 -59.532539 37.432602
v -66.777290 -66.328796 35.830517
v -84.767082 -32.343990 43.241821
v -87.330055 -14.773044 50.029846
v -86.940498 -23.529232 47.537880
v -82.323784 -37.753704 43.493633
v -79.287987 -44.773598 40.263863
v -87.306076 -16.356445 52.195015
v -84.721962 -31.865618 48.506798
v -83.451508 -35.365616 43.632313
v -87.477776 -20.396849 53.551392
v -74.965652 -51.972080 39.784088
v -75.913353 -47.144203 45.033207
v -88.194237 -24.481804 58.235252
v -57.811863 -69.855309 42.482899
v -48.576984 -80.745171 38.638302
v -58.558575 -75.916862 34.709698
v -59.431969 -72.641273 37.533981
v -49.546364 -77.856865 41.053997
v -71.087967 -57.444324 39.747883
v -52.841946 -74.303482 42.239262
v -44.777481 -81.500824 40.706051
v -58.718731 -79.129654 30.849993
v -35.258984 -90.896202 36.913101
v -38.961113 -88.546989 37.120403
v -55.183590 -79.153152 34.501606
v -63.640137 -69.113213 36.695721
v -51.868271 -80.397247 36.236465
v -48.013271 -84.827141 34.641655
v -34.811825 -87.758682 40.384377
v -36.781719 -87.986671 39.015057
v -42.715851 -83.249489 40.269661
v -40.853458 -83.878471 40.844765
v -68.390213 -68.576599 30.870939
v -69.266586 -62.953281 36.272587
v -61.706814 -70.887146 37.006855
v -30.802553 -86.303825 43.977779
v -76.253098 -57.440750 31.383232
v -82.799782 -40.099571 37.491837
v -79.013000 -48.571350 36.046562
v -77.084007 -53.708321 34.046604
v -73.818161 -58.117004 34.810459
v -78.963036 -46.622608 38.437012
v -86.150444 -28.322666 43.117828
v -33.506130 -29.891521 42.554783
v -17.439877 -23.143105 39.480598
v -20.324125 -18.844131 40.736500
v -87.048370 -32.214527 34.473137
v -87.949799 -19.504585 43.265320
v -88.341782 -25.654379 36.514904
v -87.871277 -15.443770 45.823471
v -87.030380 -7.901529 48.988201
v -88.726967 -16.151133 41.609165
v -87.553864 -12.244439 47.829277
v -87.132195 -26.496458 40.303780
v -86.243629 -8.383864 52.579575
v -85.472412 -32.790031 38.828896
v -87.365784 -21.207289 46.012901
v -87.586067 -18.979811 46.150032
v -82.458290 -38.694725 40.729855
v -83.525520 -45.536682 29.858559
v -89.846184 -13.426339 38.904827
v -88.606674 -28.540115 33.314087
v -85.237465 -36.574821 34.992577
v -83.680542 -42.216866 32.907097
v -88.245537 -4.840657 44.769733
v -88.395905 -21.876957 39.486851
v -81.322647 -47.029697 33.069283
v -78.226509 -51.116440 34.811771
v -87.426987 -10.242666 48.082027
v -88.841469 -18.572329 39.955311
v -87.639145 -6.587103 46.667332
v -37.714630 -28.859692 45.367664
v -88.790741 -13.154427 42.445148
v -13.021611 -46.947334 50.348019
v -20.589804 -6.979841 58.316566
v -35.399914 -75.621338 53.025013
v -59.094315 -60.022961 51.654011
v -90.350822 -23.284128 32.348293
v -89.936958 -8.755311 39.894691
v -89.692886 -4.239256 41.086052
v -91.302345 -14.746339 34.157341
v -84.469116 -39.461021 33.928780
v -88.895691 -1.678316 43.098427
v -82.371429 -44.830040 33.116417
v -89.448257 -16.588350 38.886971
v -85.394295 -34.324535 37.085186
v -89.235840 -11.291346 41.426754
v -87.616257 -28.998709 35.798393
v -89.033897 -33.017654 28.424332
v -89.431953 -26.259567 32.838795
v -88.771614 -30.401779 31.368650
v -87.048088 -35.427273 31.504938
v -91.102890 -5.080928 37.342834
v -89.402916 -22.086542 35.883640
v -87.692581 -24.580927 39.892685
v -27.382843 -7.127217 55.920052
v -75.249199 -56.153263 34.606796
v -86.440125 -11.618517 57.469093
v -86.408554 -10.155437 53.635841
v -74.675507 -63.519028 26.848505
v -80.711739 -54.185040 26.352013
v -86.851212 -41.947224 25.580648
v -82.631004 -49.585609 27.469116
v -93.223969 -12.173066 29.517273
v -88.417999 -37.548801 25.902323
v -91.249405 -19.008095 32.271206
v -92.357834 -24.297396 25.612698
v -92.387543 -2.935785 34.093052
v -65.544579 -69.562698 33.714249
v -69.646744 -65.163666 33.139992
v -78.906853 -54.056824 30.266754
v -91.165840 -10.673569 36.033180
v -88.793610 0.253430 43.298374
v -85.169434 -42.436615 29.277182
v -91.155815 -8.042764 36.715431
v -34.343025 21.377516 53.848846
v -90.199738 -20.778269 34.361771
v -90.138870 -15.914672 37.064541
v -80.863365 -42.690147 39.189938
v -21.574966 21.899609 72.351105
v -37.715591 -11.795255 64.309715
v -24.810308 -26.485655 39.639263
v -8.753151 -8.892179 55.987236
v -30.120016 -8.305265 65.696152
v -29.409966 21.800079 55.396915
v -18.624268 28.108061 65.420692
v -20.236351 -47.971508 52.405922
v -30.900059 -15.554577 44.422569
v -18.076258 -9.274497 69.815018
v -29.489586 -40.994740 46.035385
v -10.034938 -18.565643 42.155510
v -22.141119 -10.629014 47.010258
v -23.665756 -8.145511 67.496994
v -38.832466 -36.317730 49.453022
v -7.484950 -30.667849 40.373756
v -4.712231 -11.616009 50.850174
v -8.372730 -44.452576 47.842854
v -11.544729 -13.290085 78.798096
v -2.776815 -20.035669 43.148724
v -14.086220 -25.494038 39.280254
v -10.648130 -8.897095 54.259373
v -37.421120 -11.440457 60.288372
v -25.981009 -12.146544 45.709938
v -6.266702 -12.080165 49.356796
v -0.848705 -10.266348 55.814068
v -14.780888 -38.931721 42.172173
v -3.943064 -22.926125 41.764896
v -8.043112 -16.532290 43.968899
v -22.761854 -42.105171 44.983418
v -48.376438 -88.267570 30.534689
v -30.708839 -93.375565 36.791080
v -24.053741 -97.748215 35.458675
v -43.828426 -86.840790 35.612934
v -20.060902 -92.120087 42.275829
v -64.099678 -76.794212 27.023067
v -66.747520 -72.765503 28.216045
v -57.023861 -84.241478 26.866287
v -71.779152 -67.062408 27.461334
v -46.557976 -92.539795 27.504759
v -52.642529 -86.585655 28.725412
v -37.535149 -94.669769 31.755627
v -45.534248 -88.138474 33.026466
v -41.496754 -87.967911 36.042648
v -3.529272 -11.029579 52.567028
v -50.198910 -82.230904 35.670174
v -65.680428 -71.322067 31.433584
v -4.516121 -9.183975 63.895100
v -9.112680 -34.761417 40.878304
v -5.860867 -13.343997 77.597466
v -38.441681 -91.249672 34.659199
v -61.536411 -76.198586 30.995028
v -17.163651 -17.861393 41.342438
v -55.939362 -81.838806 30.733068
v -50.329773 -85.640945 31.792320
v -21.664589 -7.662032 65.325562
v -67.742325 -78.023293 20.508005
v -76.629684 -66.146294 19.724819
v -67.825737 -74.944405 24.063202
v -78.026566 -58.950153 26.139519
v -60.930676 -80.835464 26.327230
v -73.833702 -67.363670 23.539833
v -69.923737 -70.352348 26.391277
v -78.491989 -56.165199 28.596655
v -75.466248 -60.452381 29.197214
v -63.911453 -74.315948 30.205790
v -64.784164 -72.793983 30.877985
v -54.467014 -83.938805 29.836031
v -71.036079 -65.475830 30.615934
v -72.560692 -64.560555 29.257528
v -83.204330 -55.133839 19.042486
v -59.278011 -87.252953 21.091320
v -27.122524 -95.727226 36.156231
v -85.226456 -46.066727 25.173473
v -33.598652 -94.795334 33.928936
v -1.564575 -51.455223 58.072647
v -22.403719 -23.489807 39.558815
v -30.933325 -30.396767 41.444145
v -15.768634 -7.604281 59.303291
v -43.736031 -35.133575 56.868149
v -21.873045 -14.498319 43.313663
v -15.816451 -8.849927 51.135345
v -61.256172 -78.247421 28.902899
v -38.599327 -23.694931 46.747742
v -11.945240 -10.752927 72.388115
v -6.407126 -48.288872 52.843178
v -34.954258 -9.661399 59.403461
v -18.239563 -42.022316 44.969604
v -28.584665 -7.475787 62.413521
v -27.625368 -39.905380 44.308411
v -81.745522 -62.339527 12.759095
v -91.581711 -31.506212 22.096027
v -75.182579 -71.283318 15.906327
v -88.793190 -43.080242 18.551924
v -90.213737 -34.744381 23.364819
v -83.531288 -51.624535 22.830729
v -80.878792 -56.700211 22.816908
v -87.047455 -44.319942 22.343754
v -60.123322 -83.903435 23.833197
v -84.451378 -48.835369 23.934519
v -69.040253 -72.495827 25.193741
v -77.063995 -62.795116 23.252686
v -64.607628 -79.499168 23.275702
v -85.219421 -44.014008 27.488081
v -71.375435 -76.006264 17.097927
v -86.249130 -51.820774 14.861790
v -82.994797 -58.385979 15.049449
v -92.462540 -27.683115 22.614565
v -92.119255 -20.941044 28.621208
v -88.966087 -39.896416 21.794174
v -92.586395 -16.152218 29.780457
v -69.643578 -75.228180 20.968832
v -91.339691 -24.012024 28.964834
v -90.943504 -29.985447 25.544081
v -37.866318 -15.381532 50.602734
v -82.112633 -54.367184 22.864222
v -42.456268 -17.463818 64.332855
v -35.025867 -24.812241 43.314140
v -74.284752 -69.202919 20.400372
v -75.563797 -64.966759 23.369915
v -71.777885 -69.177338 24.852533
v -28.242233 -13.887160 44.705784
v -43.190205 -20.619240 57.355793
v -27.796850 -24.439877 40.276745
v -0.818761 -25.998537 41.474567
v -84.845970 -51.671196 19.269379
v -35.212200 -44.449879 53.703739
v -33.054482 -14.140613 46.824184
v -38.308914 -33.345932 47.333118
v -11.438705 -33.965271 40.207413
v -66.078728 -77.346046 23.729383
v -11.395689 -14.127118 44.815250
v -58.117676 -81.510399 28.769297
v -19.223108 -50.748707 57.662071
v -31.843191 -39.377151 46.028393
v -31.520920 -45.127663 52.084576
v -34.874229 -33.283081 44.240856
v -94.110542 -20.996490 21.901470
v -92.687431 -31.927259 17.681871
v -89.654739 -37.305706 22.521332
v -92.430389 -18.379513 29.132723
v -90.999725 -40.148506 14.237593
v -88.369507 -46.889015 14.765616
v -92.621788 1.461573 33.621258
v -91.314262 4.905177 36.962009
v -93.896812 -7.631679 28.757658
v -93.425369 -3.927311 30.972090
v -93.494400 -24.565611 21.493345
v -90.123741 4.840663 39.830631
v -92.745155 -29.383451 20.054497
v -90.473305 -32.338493 24.869976
v -18.450195 -47.449860 51.717598
v -43.665752 -30.276171 54.478653
v -20.640585 -36.316345 40.969246
v -24.597345 -32.337467 40.145409
v -56.603951 -74.943428 37.878551
v -55.815266 -76.744690 36.610699
v -15.850871 -12.571205 77.718117
v -81.919037 -48.190350 30.578905
v -92.217506 -11.053661 32.933342
v -87.939667 -42.311356 22.135458
v -8.202308 -9.938169 68.433983
v -16.663275 -28.060793 39.061649
v -91.389984 -1.197322 36.931503
v -40.916584 -23.790655 49.753059
v -47.052532 -32.675831 64.596046
v -44.760559 -21.996229 65.207199
v -36.956871 -23.914404 44.916828
v -32.858765 -9.783377 52.899601
v -45.239632 -28.087706 60.451443
v -42.535290 -25.636961 52.109959
v -44.722805 38.621510 45.042316
v -18.212502 -8.669475 50.721882
v -42.248737 -17.341612 61.434219
v -31.217476 -20.059797 42.253746
v -6.130880 -33.907627 41.136894
v -20.101217 -23.786060 39.356373
v -38.174011 42.157574 42.760338
v -24.016907 -7.037793 55.727535
v -18.307295 -34.762062 40.371666
v -39.151047 -14.976023 53.812035
v -27.011776 -34.241531 41.216793
v -23.461082 27.072739 54.711430
v -31.621185 -8.952852 67.321785
v -30.074314 -8.457309 53.554455
v -42.073978 -18.922010 55.068001
v -44.087662 -23.118422 58.586597
v -19.622375 -9.384978 48.908215
v -13.935431 -13.310402 44.775486
v -27.846184 -7.160290 59.611988
v -1.399646 -9.679699 67.024086
v -11.549746 -22.528162 40.255123
v -2.650969 -35.672710 42.172382
v -5.216567 -22.315149 41.689445
v -7.187371 -8.890415 57.578697
v -11.966947 -45.509167 48.499626
v -11.455265 -9.505624 51.769215
v -9.766024 -9.467337 67.544235
v -39.067471 -20.464230 48.414459
v -23.926945 -13.726982 44.048523
v -13.388894 -10.485987 71.812897
v -88.081566 -51.154587 9.077904
v -94.633446 -28.976551 12.180009
v -92.444954 -39.464924 8.592781
v -93.091934 12.130270 30.490721
v -96.273575 -20.315220 12.526661
v -92.532364 -35.442806 14.083121
v -95.743599 -12.622526 20.297190
v -94.202354 7.726159 28.125000
v -95.466896 -28.518774 7.862192
v -95.312134 -3.477451 24.775433
v -93.292809 5.498299 31.452089
v -95.242050 3.825464 25.092249
v -95.146149 -21.302044 17.414753
v -95.604935 0.001376 23.855152
v -95.005028 -16.904833 21.048962
v -94.436699 -12.883105 25.240376
v -95.434586 -24.960752 12.559885
v -96.355125 4.517592 20.275522
v -96.341591 -4.529078 20.343178
v -89.714378 -43.902985 14.101579
v -96.463280 -8.158998 18.839827
v -97.263908 -3.366704 15.842010
v -84.501320 -55.718071 14.544906
v -97.057510 -12.453749 13.812428
v -96.895164 -16.193211 12.341859
v -88.349922 -48.807499 11.960333
v -93.610809 -32.079781 13.436638
v -94.183823 3.933563 28.821383
v -94.264885 12.302665 26.476387
v -95.969933 2.055292 22.314793
v -94.785782 -14.896544 23.016151
v -96.026352 -2.049135 22.041483
v -95.301292 -23.207581 15.015515
v -92.583359 -37.281826 11.259399
v -96.880630 -5.952946 17.429491
v -95.132813 -18.950508 19.206032
v -93.195396 -1.403125 31.912790
v -35.950363 -11.923631 72.168419
v -9.491876 -14.991022 44.741104
v -94.265945 -10.219993 26.840462
v -96.668900 -10.670429 16.878744
v -22.575499 -34.253960 40.343384
v -32.538692 -12.125149 78.229462
v -92.076233 12.705801 33.331387
v -92.399063 5.246956 34.057579
v -33.482414 -22.174702 42.816265
v -44.710590 -27.736832 58.543903
v -15.828516 -8.823407 67.656250
v -35.264988 -41.037762 49.650406
v -28.841270 -43.717625 48.270367
v -14.555712 -53.547993 63.094345
v -39.315445 -42.468143 55.029518
v -20.667709 -55.116428 65.436188
v -25.646481 -8.674653 69.671791
v -89.987381 -39.997406 18.356390
v -79.238564 -65.136765 15.304208
v -20.096319 -9.611765 71.737968
v -93.125839 -20.888975 25.458612
v -91.369759 -33.850887 20.498093
v -94.376259 -4.174641 27.917957
v -94.265137 -23.386478 19.504894
v -93.820045 -29.846062 15.156524
v -92.930763 -9.690743 31.230961
v -87.660378 -36.283630 29.148750
v -1.161110 -41.324951 45.310051
v -4.118541 -11.788069 73.994156
v -23.615601 -52.823185 62.387966
v -6.040586 -8.944112 62.972923
v -15.124522 -6.427817 96.654984
v -11.503993 -8.378728 63.002174
v -9.756719 -22.915977 40.580460
v -15.854418 -14.767600 87.585083
v -91.373711 1.494216 36.982464
v -80.596733 -52.098595 29.056467
v -94.753098 -5.843558 26.325148
v -40.994038 -49.653778 62.787148
v -93.368301 -28.209501 72.472740
v -36.004604 18.998594 57.700153
v -2.762514 -13.575005 79.178581
v -13.543849 -14.743800 83.682213
v -91.526062 -27.501865 25.828119
v -83.815742 -39.191502 62.976891
v -91.062088 8.396186 37.080814
v -20.281891 -13.948163 83.488609
v -73.253769 -48.761322 90.611252
v -92.670685 -19.612038 74.691414
v -97.089546 -31.043104 81.191238
v -85.449600 -30.212202 50.568161
v -90.575890 -2.512900 38.958385
v -72.473038 -46.947361 63.757984
v -28.317516 -8.337839 52.138481
v -89.022606 -6.919627 42.676952
v -68.646477 -49.377243 58.786331
v -58.127876 -40.725449 82.684593
v -59.834354 -43.895580 101.400536
v -90.844765 -46.887428 94.189148
v -93.244583 8.623969 31.027939
v -92.379402 17.764858 30.268799
v -92.924751 15.441992 29.688034
v -94.992531 13.879808 22.851082
v -96.005867 12.327164 18.966154
v -96.518997 8.306220 18.295788
v -97.252266 3.162640 15.688576
v -81.544746 -13.208074 108.103485
v -85.000122 -44.414524 77.400909
v -94.145042 20.798168 21.637482
v -94.687477 17.355768 21.994797
v -97.111351 -19.105494 8.011724
v -97.737648 -9.578815 10.841786
v -95.380409 15.317081 20.194370
v -96.674438 12.486583 15.103318
v -97.327789 -0.137444 15.625427
v -97.778183 4.168588 11.933182
v -97.843567 -4.849074 11.806177
v -97.850288 -7.146658 11.036781
v -96.897316 5.918193 17.090961
v -97.043884 -17.481972 10.191439
v -96.665703 10.238309 16.573240
v -95.512032 -26.664080 10.110300
v -93.869499 19.390154 23.960176
v -93.507462 14.300055 28.287682
v -86.365700 17.660732 44.899498
v -90.000015 21.648167 34.866402
v -96.436470 -12.988440 16.907135
v -87.473976 -13.124426 66.520103
v -61.656967 -10.021061 87.613998
v -79.791893 -10.046838 92.032181
v -91.829536 -32.340271 70.962608
v -64.703079 -13.439114 94.578140
v -90.725868 -19.639252 68.307632
v -95.615440 -18.376364 100.824211
v -59.354488 -41.067703 91.397636
v -76.591484 -47.406094 80.329605
v -39.823509 -26.657738 47.855137
v -83.775711 -7.055736 65.098328
v -79.089684 -44.065044 66.204292
v -88.841690 -34.009476 66.311317
v -89.708679 -38.902012 73.890213
v -82.600426 -32.541874 134.025955
v -39.240234 -13.253313 66.366936
v -76.514954 -45.718311 46.638741
v -9.821928 -13.525781 79.117714
v -13.083942 -13.506764 92.762688
v -90.619270 -14.119226 84.472404
v -75.662071 -11.143762 98.071938
v -66.095894 -45.956154 82.811531
v -59.162598 -42.557484 79.058472
v -22.419498 -6.928600 57.131374
v -61.268257 -43.234406 84.416603
v -83.935188 -33.990822 50.429283
v -84.089088 -5.626922 59.320972
v -12.222642 -51.011665 58.846336
v -34.972218 -72.826241 56.216194
v -81.316994 -8.084043 80.880859
v -57.922489 -19.775084 103.338043
v -68.808891 -61.133713 38.922741
v -56.499935 -23.205334 96.275513
v -31.009336 -8.080738 62.615700
v -90.645187 -44.202744 84.927170
v -81.447792 -11.996072 101.942993
v -24.740002 -48.454945 53.400555
v -84.164848 -35.729748 56.716969
v -71.180542 -47.157047 75.681374
v -93.696007 -23.816465 73.770744
v -30.817764 -52.026577 61.697258
v -84.131798 -41.654503 69.167915
v -55.234413 -31.215870 94.007095
v -76.695412 -7.879969 85.644005
v -29.127502 -22.006407 40.997105
v -45.400208 -33.624249 60.657925
v -54.126797 -34.455051 102.314270
v -80.626053 -40.029434 54.367096
v -77.924477 -45.935028 72.755135
v -76.807991 -44.242802 52.505974
v -99.365891 -37.983913 93.254662
v -67.516121 -47.457340 69.737518
v -80.718590 -49.606903 92.974701
v -95.974640 -18.433580 91.185890
v -83.291100 -10.243427 88.595917
v -97.315926 -24.717148 82.900665
v -49.815182 -25.192631 78.014259
v -95.178032 -29.551168 76.605499
v -69.253059 -47.398842 88.426987
v -74.962006 -46.274590 69.110100
v -60.840454 -51.905220 60.757240
v -66.183258 -13.577686 97.649605
v -92.025566 -27.037802 69.254677
v -62.804394 -48.239147 67.096748
v -75.739723 -48.081497 84.747192
v -15.116345 -8.390624 65.280716
v -87.935310 -12.203803 79.324722
v -62.051208 -50.801197 61.969765
v -93.813988 -19.218880 79.242043
v -68.749115 -12.663347 114.363304
v -94.766380 -36.436024 79.898354
v -88.255760 -48.280048 109.987625
v -89.538849 -24.144695 62.644531
v -58.771488 -15.951148 90.812920
v -69.592926 -5.380533 83.147591
v -89.094604 -17.726738 64.470016
v -71.811951 -9.720458 90.986618
v -67.284393 -47.975788 96.625229
v -52.617271 -39.117256 71.869804
v -52.184475 -34.764019 76.716866
v -93.525024 -14.689340 27.530785
v -93.647240 2.631001 30.623470
v -59.300045 -46.892612 111.804573
v -83.468132 -9.485634 82.793541
v -86.410172 -29.269762 54.554649
v -89.627075 -28.695843 64.102119
v -77.946587 -43.210415 56.662121
v -91.159019 -16.463446 75.626862
v -88.761688 -14.157884 71.312050
v -76.534401 -46.648186 75.090904
v -36.688633 -33.379040 45.638214
v -84.732948 -39.121212 64.944405
v -56.999268 -37.543301 91.258629
v -83.011024 -44.379139 74.560730
v -87.678848 -36.355640 66.657776
v -42.691555 -18.490269 59.559185
v -38.468044 -18.160177 49.023239
v -21.853065 -7.729795 94.502228
v -59.748711 -41.975956 95.164642
v -59.813278 -41.680195 87.791801
v -87.645981 -44.500885 81.220139
v -63.605724 -12.937597 92.248192
v -52.020630 -26.295845 82.645081
v -55.496483 -35.282791 87.305984
v -34.274574 -55.316395 64.410881
v -41.135929 -55.030937 63.403004
v -73.941231 -1.358462 74.588509
v -99.039917 -33.584778 87.104683
v -91.876945 -20.645306 113.756378
v -87.782509 -13.362531 100.527908
v -86.527817 -47.561169 89.052567
v -65.963356 -46.147766 78.207420
v -65.451820 -7.174452 85.693649
v -70.364220 -12.140924 98.578819
v -81.144600 -46.531796 79.528732
v -87.904961 -38.938000 70.803642
v -101.388733 -28.971457 97.771278
v -35.587624 -10.471948 66.338715
v -67.085251 15.512613 70.590988
v -93.208336 -15.916340 88.532677
v -64.121811 -15.104577 101.125610
v -77.795227 -48.786285 88.321526
v -63.751629 -4.237056 82.977074
v -83.847481 -50.162560 99.756226
v -80.868111 -10.939215 96.217415
v -80.278870 -43.813061 67.997894
v -54.596275 -30.443449 89.352959
v -87.843803 -41.975410 76.038040
v -39.285358 -13.186266 61.445564
v -60.789925 -15.907852 108.105759
v -54.044216 -26.645588 103.154480
v -36.851192 -39.036636 49.296284
v -74.103226 -49.785999 95.278320
v -74.834518 -10.380684 94.105461
v -73.040657 -47.445679 80.702225
v -79.448868 -41.269203 50.152107
v -79.565315 -9.294330 88.685303
v -78.116951 -1.997880 69.799179
v -90.917717 -22.317114 67.015617
v -86.841309 -11.617662 88.069366
v -74.424362 -50.863628 115.697563
v -57.678219 -21.027046 99.673569
v -75.463181 -2.901595 75.360176
v -80.573166 -6.200778 75.051079
v -57.546024 -39.754765 98.344734
v -54.620213 -38.853287 105.149048
v -96.551254 -43.300259 100.769783
v -94.807686 -42.596256 89.258560
v -93.356522 -35.440483 119.820488
v -61.744972 -43.422310 89.803619
v -92.275314 -37.911366 77.001694
v -92.262848 -15.106833 96.660805
v -99.057106 -22.316792 95.194450
v -74.059662 -12.452861 106.959549
v -43.988857 -22.104479 118.037819
v -65.222992 -48.323368 103.289909
v -97.371597 -21.593269 87.169777
v -89.135071 -13.080755 81.720581
v -91.276215 -35.672802 72.743225
v -92.711998 -16.470613 82.512695
v -91.815063 -20.123484 71.359238
v -55.073376 -32.497223 97.973045
v -92.619347 -41.231991 82.269913
v -58.493748 -19.548046 95.813904
v -54.328835 -21.503296 87.593971
v -95.792999 -21.615789 81.662636
v -98.735184 -28.758410 85.097687
v -55.318745 -27.379515 95.347153
v -67.491592 -47.285820 92.499031
v -96.729919 -27.581356 80.079842
v -95.429497 -33.093975 78.539772
v -76.167831 -11.815886 102.483788
v -83.776924 -8.733588 75.740166
v -62.488037 -44.885159 96.208313
v -81.078911 -15.285894 118.470009
v -49.597000 -19.537256 81.104317
v -56.353073 -38.275414 83.552017
v -62.079781 -45.594776 74.031998
v -60.359192 -42.887966 81.578133
v -94.584900 -26.470987 75.232788
v -72.514038 -48.907455 50.176319
v -93.520966 -31.132736 73.738121
v -76.547127 -44.841835 62.148533
v -68.991310 -50.400730 54.525101
v -85.396156 -29.962420 45.576500
v -79.547501 -6.782297 79.185646
v -67.522743 -12.228565 94.889290
v -67.798447 -9.162127 88.655457
v -64.318260 -11.503579 90.554039
v -67.826202 -46.620689 84.975639
v -70.756531 -47.079594 73.618095
v -100.719604 -31.590000 91.814461
v -54.945114 -30.670952 91.316681
v -89.763733 -15.595685 105.917625
v -100.775383 -36.326931 99.940910
v -99.061089 -24.671150 105.693253
v -77.095032 -46.884552 77.288322
v -84.442787 -45.929352 81.027023
v -84.649551 -11.964606 98.252769
v -86.789169 -46.332355 85.080513
v -90.331093 -47.920853 100.717110
v -85.450981 -48.903458 93.524208
v -82.108994 -48.563515 88.666695
v -79.165337 -47.637119 82.849129
v -83.743263 -10.923677 92.594460
v -97.113510 -34.762321 83.144287
v -80.206429 -51.188522 106.673172
v -78.241936 -50.479267 97.401497
v -90.886208 -45.651905 89.300499
v -72.870316 -48.118015 87.065414
v -66.077194 -46.054615 80.243607
v -61.578911 -49.707569 126.054283
v -92.249268 -17.555784 77.177147
v -63.711632 -44.802231 83.656746
v -97.674957 -38.456924 88.424652
v -61.738979 -16.332586 104.315781
v -91.966331 -14.723549 92.678459
v -56.526756 -16.125158 112.470360
v -84.632484 -45.856445 121.494415
v -70.724083 -12.317592 125.114204
v -50.033440 -37.250942 110.697968
v -68.337616 -50.306595 108.356522
v -95.811951 -43.227295 94.060745
v -74.151855 -47.672733 82.443848
v -67.876572 -13.360251 108.113991
v -59.018681 -41.135422 85.380280
v -90.372719 -42.945042 81.770836
v -87.734436 -43.166588 78.303772
v -53.532776 -32.687305 83.271500
v -83.873978 -10.006619 85.340538
v -94.058495 -21.707960 76.392159
v -28.650267 -10.740950 75.263702
v -89.831871 -13.329264 88.426956
v -24.821808 -12.953689 82.054237
v -87.982605 -23.495167 123.328957
v -53.958416 -38.488331 75.740944
v -63.673458 -46.558212 99.543022
v -95.868462 -41.831390 110.215149
v -90.237404 -33.211254 68.482948
v -23.296865 -6.656822 94.342659
v -86.683624 -33.683781 60.975620
v -58.079391 -17.684587 91.634865
v -54.630623 -22.469244 105.944359
v -63.038544 -15.200397 96.649017
v -54.233688 -25.720356 88.474037
v -76.235497 -12.891725 112.033020
v -55.788380 -23.885977 92.856247
v -95.475838 -18.460093 87.821175
v -61.233246 -43.148743 92.626701
v -55.882137 -34.612415 93.334511
v -97.392342 -28.442430 112.829529
v -51.727436 -30.174471 79.969086
v -84.971741 -13.177701 104.153069
v -75.824120 5.750386 65.331902
v -66.286949 -46.369755 90.153038
v -59.526062 -45.103004 105.683159
v -70.028931 -49.650055 99.598694
v -92.010170 -29.459873 69.900536
v -85.753708 -15.582108 111.884392
v -94.635056 -19.385900 106.831863
v -52.402813 -30.343800 105.309807
v -99.435799 -23.143782 99.884415
v -77.121857 -49.488518 92.034393
v -70.382271 -48.638672 93.849190
v -56.858608 -40.383450 101.857109
v -79.078506 -11.361669 99.559975
v -72.625000 -12.039095 101.373161
v -98.388573 -21.887848 91.286476
v -79.217690 -48.148788 85.365616
v -100.690971 -26.996586 93.616951
v -98.485390 -25.172197 86.080894
v -93.785622 -41.960125 85.667587
v -77.729897 -10.423712 94.713539
v -101.299286 -31.154842 103.203209
v -92.924103 -16.187679 84.983437
v -91.650818 -15.387518 101.163605
v -81.801880 -50.210236 113.065132
v -91.201965 -44.069481 115.673698
v -75.869576 -48.339031 125.053932
v -93.137939 -45.899803 105.714073
v -101.123894 -33.910275 95.814697
v -85.770714 -49.873569 104.077049
v -86.944870 -11.436565 76.873558
v -98.418015 -40.761986 96.948273
v -88.156219 -34.771530 126.723717
v -96.058083 -18.248962 95.945885
v -55.905567 -23.482422 101.326431
v -88.637711 -13.135445 96.815117
v -78.635475 -12.321860 105.533386
v -54.196903 -30.230848 101.051910
v -74.895882 -48.490509 87.652100
v -58.009594 -39.378971 93.856270
v -73.395058 -10.048136 92.386543
v -67.179550 -49.044373 62.621574
v -87.706139 -48.760540 97.086830
v -79.264778 -51.038956 101.889938
v -50.888905 -43.387115 116.211403
v -63.491722 -15.296483 98.549828
v -85.220352 -9.685458 71.552765
v -99.978020 -29.587879 88.867821
v -93.571762 -45.724041 97.506561
v -97.614883 -28.094835 82.214996
v -74.327995 -51.405811 108.179756
v -96.485062 -21.584810 83.994621
v -93.227371 -44.929260 92.145386
v -61.004528 -23.003138 148.788879
v -99.058327 -39.249332 104.961533
v -99.706055 -35.427921 90.652527
v -71.106438 -6.354638 84.270851
v -98.143280 -32.155582 84.035011
v -84.761665 -11.547535 95.098625
v -81.671455 -18.437420 126.451523
v -86.766678 -18.213669 117.160767
v -66.028877 -50.041294 115.078285
v -93.161240 -26.098032 117.949577
v -72.350792 -12.381066 104.066360
v -97.556000 -35.534561 113.222176
v -73.837036 -12.855497 116.819237
v -97.293800 -40.757954 91.706078
v -63.050434 -47.864681 107.141510
v -83.792412 -48.783157 91.056267
v -60.878983 -12.572598 118.070381
v -85.526329 -11.271051 90.529816
v -96.313240 -22.875668 109.656174
v -92.936394 -39.289055 79.891724
v -69.444176 -50.140076 103.724602
v -93.296051 -17.277241 104.187325
v -97.498543 -21.119135 103.409966
v -90.921577 -17.719780 109.741638
v -50.926613 -33.761288 107.885208
v -88.456940 -47.547451 91.927162
v -100.228966 -30.077982 107.356346
v -94.074478 -38.960537 81.473808
v -82.303856 -45.405582 76.850952
v -80.536537 -48.310242 86.669724
v -81.118095 -13.992118 112.566925
v -101.536301 -32.445976 99.714989
v -56.160999 -18.625227 108.846619
v -77.420616 -12.664270 108.774506
v -100.533783 -25.398563 97.174812
v -97.534851 -36.513508 85.712463
v -82.389404 -50.012432 96.419304
v -63.327534 -47.541851 68.923248
v -85.876877 -14.410910 107.861580
v -47.011829 -20.675325 76.246262
v -78.609558 -46.766556 78.150284
v -48.686852 -29.141821 72.026909
v -86.603661 -47.752247 115.026749
v -89.616684 -41.046886 121.585281
v -83.749474 -41.469337 128.079620
v -77.545036 -49.948502 94.415741
v -89.758705 -18.522276 66.119682
v -88.834663 -46.001621 86.986984
v -65.188858 -46.489700 94.794693
v -71.706764 -12.730309 110.548012
v -55.897671 -43.471371 109.236633
v -73.932289 -50.498199 99.360329
v -67.254356 -13.493187 100.203339
v -95.549683 -40.510323 86.693329
v -95.175545 -39.566349 114.781471
v -90.985779 -29.675957 122.848587
v -70.188927 -50.332649 120.281219
v -77.931549 -51.285633 110.778999
v -85.640648 -25.955137 128.771881
v -92.337875 -45.394333 110.565948
v -49.798542 -23.698742 111.133789
v -100.785011 -26.864626 101.710075
v -59.940960 -42.976826 98.335701
v -60.667519 -17.516985 101.694969
v -97.748329 -20.377579 98.469124
v -93.534264 -45.957176 101.819565
v -64.667267 -13.692461 111.173393
v -100.738594 -35.417130 103.926651
v -90.882896 -14.001074 90.592514
v -94.177750 -16.429459 93.617805
v -94.927155 -24.396669 113.820808
v -64.675896 -14.571575 106.107269
v -96.013077 -31.503370 116.138527
v -96.433899 -42.899227 105.423592
v -100.431435 -34.850201 92.895752
v -89.516434 -48.275505 105.163307
v -92.645302 -21.658186 72.366318
v -73.135353 -44.043167 136.069046
v -100.409599 -28.403009 90.853302
v -84.864204 -12.544959 101.244499
v -92.882912 -25.550592 71.281837
v -92.622551 -43.670689 87.163696
v -61.355621 -44.270252 77.762070
v -87.703850 -12.517620 72.583466
v -66.376518 -0.806269 79.253380
v -76.935768 -14.149739 122.256660
v -90.200310 -21.881216 118.029236
v -85.270691 -10.756177 86.408470
v -90.281471 -13.769973 94.815804
v -79.242523 -49.350315 119.191811
v -56.194687 -36.303257 88.993629
v -72.959435 -11.139234 96.317062
v -81.522041 -11.492699 98.976357
v -68.629303 -46.798531 82.895744
v -84.069214 -50.241436 108.484367
v -72.969627 -47.282013 55.869942
v -85.460670 -46.127136 82.872459
v -97.049141 -21.861610 106.451736
v -99.185120 -39.834648 101.008461
v -84.311081 -18.230249 121.124146
v -101.262428 -30.283630 94.814590
v -98.482185 -38.013424 109.214035
v -100.142906 -37.614212 96.852829
v -82.488327 -50.733734 103.551071
v -99.019821 -32.043682 110.809982
v -87.196884 -49.281696 100.772598
v -93.455620 -45.317173 94.516777
v -76.915268 -18.148916 133.423126
v -98.614815 -26.715923 109.286156
v -99.586174 -24.107948 92.290405
v -96.312752 -43.348518 97.355698
v -97.867744 -40.781403 93.939598
v -93.697952 -20.362959 110.458160
v -88.507065 -17.746675 113.509438
v -97.513687 -20.107349 93.324814
v -66.767387 -48.457821 100.074005
v -88.654846 -12.584636 86.196732
v -93.952927 -16.319201 91.578285
v -92.528694 -40.248524 118.377151
v -71.511017 -50.984215 106.448669
v -100.505592 -27.952335 104.923935
v -91.724419 -36.723980 74.667374
v -43.744705 -42.708099 124.798286
v -52.841465 -27.053659 84.537132
v -58.077747 -11.228617 125.596336
v -83.736107 -15.707828 115.483681
v -70.690369 -49.268517 96.628181
v -67.336876 -47.142246 71.799164
v -90.626801 -47.517712 97.453758
v -55.712582 -36.315582 99.113884
v -94.009827 -16.619757 98.742195
v -57.146767 -40.450336 80.007179
v -86.460350 -41.701862 124.760239
v -88.087624 -44.941715 118.783028
v -90.816841 -34.873749 123.340370
v -93.743965 -42.708202 113.458458
v -96.931747 -38.902786 112.032715
v -93.575050 -30.606979 119.539932
v -95.440147 -35.675785 116.740540
v -90.582870 -25.303633 121.140343
v -100.825417 -32.758247 105.534584
v -100.705956 -26.009594 99.215820
v -97.726433 -20.705120 100.720108
v -88.233063 -28.008732 126.086273
v -90.870651 -47.155605 107.813232
v -85.044685 -49.334419 112.177856
v -97.693825 -31.838205 113.415001
v -84.595009 -47.543758 86.736641
v -92.216980 -17.378057 106.694603
v -96.171516 -33.899597 80.599632
v -70.943939 -51.000751 111.581100
v -95.373100 -27.787119 115.774643
v -88.161530 -15.905252 109.314499
v -62.129185 -46.364227 102.995911
v -70.151566 -48.119930 91.378799
v -89.563004 -46.531288 113.425659
v -79.686378 -42.328350 131.777908
v -81.961845 -22.975996 132.151047
v -83.021622 -48.635567 117.334488
v -97.647179 -40.587685 107.550354
v -94.581741 -44.153984 108.011642
v -100.084076 -37.862007 102.429543
v -64.145752 -49.058220 110.798668
v -80.411194 -47.011864 123.961533
v -84.903664 -34.579361 131.013351
v -59.616043 -48.561188 117.631676
v -84.888268 -49.549477 96.665924
v -99.416954 -23.887613 102.733299
v -77.094078 -51.412197 105.496101
v -57.253109 -42.190620 104.139893
v -70.672836 -12.796577 106.026581
v -79.408394 -49.200649 90.526390
v -58.170319 -20.371174 97.641129
v -101.290833 -33.877274 101.644882
v -57.935337 -42.322571 76.710938
v -97.914665 -41.499222 103.125809
v -73.124527 -12.725719 113.692413
v -95.011505 -44.635143 103.374977
v -81.020134 -50.528179 98.880501
v -88.163757 -48.116051 94.132668
v -95.337250 -18.887947 103.784935
v -101.467484 -29.904947 100.519569
v -85.013054 -20.997932 125.026054
v -72.728432 -8.805807 88.935234
v -74.832314 -50.027779 120.076065
v -94.256363 -21.956781 111.972153
v -44.878830 -30.792559 114.394737
v -67.799355 -12.006886 118.630653
v -54.053108 -35.908722 80.488434
v -58.697250 -47.428413 137.881500
v -53.111050 -43.208855 112.766693
v -50.779129 -17.687317 115.369484
v -61.601383 -13.562881 114.023491
v -78.054703 -13.582082 115.606728
v -78.150986 -50.622395 115.116730
v -67.628708 -12.860640 132.959488
v -87.482948 -20.674728 120.583138
v -92.592491 -23.113846 116.000061
v -89.363441 -19.539856 115.734871
v -81.642159 -12.597202 104.954178
v -83.600189 -14.216524 110.139763
v -94.254707 -37.871941 117.527527
v -53.485233 -30.439169 102.973053
v -55.480179 -22.995317 103.464233
v -57.888344 -39.537487 95.790764
v -75.016724 -6.817706 83.813019
v -52.928528 -26.351583 105.581375
v -96.932808 -25.488276 111.485397
v -98.990593 -35.047760 110.334503
v -88.384308 -14.237242 103.395859
v -88.930870 -38.207237 124.490677
v -91.507370 -37.991356 121.323936
v -80.819511 -16.185122 122.502296
v -76.863853 -31.180895 140.470505
v -71.170769 -49.003929 126.952759
v -43.927250 -36.028522 117.154388
v -53.939266 -13.301458 120.404968
v -64.334152 -49.908058 119.171043
v -90.417885 -42.683426 118.798569
v -89.475571 -31.702257 125.304672
v -53.016331 -20.240076 110.363594
v -92.311172 -32.708790 121.552856
v -49.789314 -30.183214 109.033234
v -93.242714 -41.811607 115.615532
v -57.720432 -18.797998 106.351913
v -76.765266 -15.054815 126.781548
v -71.349426 -3.147820 79.285034
v -83.545975 -44.317360 125.142143
v -72.341705 -12.536146 120.689354
v -76.524994 -50.904961 100.508339
v -55.100990 -29.567390 96.602623
v -79.006882 -13.118443 110.445854
v -70.299591 -50.777184 115.829475
v -83.983345 -16.710823 118.075211
v -98.979851 -29.271421 110.148193
v -52.784122 -34.870327 105.556984
v -59.216969 -19.014341 100.811333
v -40.831085 -18.157354 128.137955
v -85.934868 -37.519848 128.510941
v -54.391289 -47.746788 121.867760
v -16.483217 -10.250536 94.889885
v -62.497654 -47.076015 104.776810
v -56.283890 -42.204224 106.307549
v -47.921558 -30.385452 111.136848
v -56.330502 -46.219704 114.569649
v -64.453354 -14.287686 108.389679
v -77.643768 -48.869423 122.078041
v -84.021301 -27.777145 131.951141
v -83.231400 -50.610836 105.666229
v -56.219315 -23.711407 99.134613
v -87.316490 -43.523285 121.783989
v -64.829987 -11.530231 121.489815
v -61.896194 -48.766235 114.393929
v -77.403526 -13.805581 118.888664
v -85.557350 -46.985634 118.240379
v -52.979794 -39.382004 108.396645
v -68.175392 -13.052522 111.129044
v -59.489857 -17.628792 105.537926
v -68.776077 -39.364101 143.763611
v -79.964706 -26.938145 136.847046
v -82.760147 -39.018085 131.278229
v -52.033066 -19.088427 112.557045
v -74.441521 -51.266018 112.176880
v -55.793434 -37.837402 100.854683
v -87.064011 -31.626545 128.537949
v -78.559631 -37.994793 136.672623
v -80.512627 -44.522190 128.103867
v -86.639381 -24.295050 126.132416
v -79.557777 -18.264074 129.843704
v -81.026672 -50.896351 109.778648
v -86.986473 -49.311008 106.873596
v -61.832127 -43.901802 94.106117
v -59.815109 -46.273808 108.692390
v -46.800751 -23.162249 114.405067
v -88.905800 -45.977390 115.770561
v -66.332893 -49.356647 106.099297
v -64.692238 -14.774613 103.736809
v -54.481907 -48.697067 127.814125
v -40.921482 -39.135277 143.838715
v -74.468536 -46.031631 131.886154
v -67.633141 -50.307713 111.841942
v -64.828255 -12.539806 116.210548
v -94.653740 -28.955353 117.443016
v -72.388199 -18.943237 139.313354
v -77.344757 -51.452347 107.816795
v -71.287498 -51.051395 108.649956
v -89.573151 -26.501558 123.412399
v -47.268005 -38.001595 114.643448
v -83.802925 -22.248005 128.652420
v -61.507359 -44.666615 98.824112
v -60.436474 -15.007632 111.269722
v -81.796204 -47.905357 120.583694
v -55.521160 -14.587730 116.366371
v -71.985123 -50.482613 101.464211
v -66.597260 -48.590107 131.645706
v -66.757446 -50.116966 122.854042
v -58.433071 -16.318047 110.160973
v -72.463219 -49.709152 123.165977
v -52.538609 -40.844879 110.497574
v -47.238693 -14.770743 124.111771
v -57.174530 -11.580448 134.625351
v -39.319164 -31.034891 121.243744
v -50.947239 -30.094515 107.554260
v -54.550735 -46.560158 117.809296
v -72.330940 -50.617817 117.977829
v -53.257660 -21.986843 108.427124
v -67.846970 -49.233559 101.633942
v -55.624897 -33.816406 95.339729
v -50.089855 -40.578514 113.455757
v -80.647934 -49.774830 116.285660
v -61.585011 -47.595131 109.663666
v -73.356201 -14.045552 129.428879
v -65.650841 -11.307465 126.060989
v -56.032131 -45.024868 112.133484
v -91.679375 -47.136806 103.406288
v -70.745911 -12.365699 117.603264
v -58.321213 -39.816612 89.214203
v -76.659309 -50.342091 117.511070
v -55.208660 -37.965622 102.591431
v -26.332613 -10.608127 90.756683
v -61.816387 -43.473495 87.278389
v -47.513973 -43.925022 121.274590
v -59.196224 -49.175106 121.756882
v -79.193718 -15.959333 125.031265
v -75.002983 -38.377033 139.778564
v -63.043530 -49.420498 116.544868
v -74.197563 -13.312866 124.274223
v -57.917091 -39.672226 148.037704
v -81.130898 -37.773228 133.957275
v -55.577877 -25.497438 94.046822
v -71.062325 -12.774085 107.925163
v -92.156326 -27.913589 120.501976
v -82.983421 -18.327261 123.813362
v -68.736595 -12.215908 96.384293
v -41.939125 -29.181326 117.774628
v -58.606537 -11.886176 121.518967
v -66.542473 -45.840050 138.064697
v -94.766731 -33.361862 118.121330
v -88.235428 -48.937580 102.647217
v -86.271980 -20.787792 122.644821
v -67.559242 -50.367023 118.164253
v -58.680424 -14.025098 115.166847
v -65.453407 -49.221722 108.087975
v -84.148491 -49.102818 114.426071
v -36.464489 -33.494213 127.601952
v -84.463791 -38.228477 129.850967
v -70.808998 -47.779968 131.160110
v -60.239738 -49.290489 130.774887
v -71.364548 -27.696718 144.839279
v -74.797363 -12.622079 109.651810
v -77.322701 -45.926571 129.125473
v -87.189789 -38.458618 126.428810
v -66.509644 -49.640694 127.072372
v -76.207657 -21.863903 138.224045
v -50.965424 -47.107769 124.784248
v -49.306786 -47.184139 133.480469
v -45.599537 -17.040218 143.226028
v -82.150955 -27.464930 134.339294
v -82.055145 -44.520054 126.429367
v -65.076302 -14.873186 139.644623
v -76.992157 -42.505600 134.487320
v -86.532700 -12.189099 95.737000
v -54.838863 -41.014050 107.267288
v -90.168777 -14.155271 98.854660
v -64.657303 -46.569107 96.757332
v -79.867706 -32.205441 137.340225
v -72.978531 -15.559474 133.874969
v -57.000259 -49.066563 124.967964
v -74.419464 -47.615208 128.583710
v -65.020859 -12.990861 113.978264
v -47.164627 -34.286068 112.578728
v -85.608589 -29.906460 130.332825
v -68.737335 -50.595871 113.628616
v -69.915047 -49.900150 123.708420
v -52.559254 -11.684537 129.810852
v -89.077553 -22.755707 120.833099
v -48.763851 -16.240732 119.468460
v -81.697861 -41.994270 129.938614
v -79.008850 -22.231031 135.294083
v -62.896133 -49.841114 122.368988
v -76.236855 -51.093605 113.445969
v -99.772026 -36.854046 106.448593
v -82.909645 -36.015289 132.701370
v -78.509697 -46.594994 126.574715
v -71.313683 -41.930500 139.943939
v -63.576561 -44.198002 141.981827
v -40.461136 -22.332634 122.373962
v -62.388653 -11.146837 129.751633
v -42.156818 -38.504692 121.225021
v -26.972567 -2.507080 93.746429
v -51.415096 -45.337601 141.791977
v -63.028790 -48.196468 134.753067
v -50.753582 -28.963234 151.799393
v -56.938583 -48.143345 119.758492
v -47.624447 -41.396385 117.357063
v -65.781441 -32.843311 148.113403
v -49.290932 -33.089653 109.875641
v -69.468575 -46.591618 134.782684
v -59.216385 -47.677616 114.606026
v -49.398746 -27.457447 109.948784
v -77.539185 -34.931995 139.134384
v -74.266090 -25.500681 142.017487
v -68.662560 -11.804070 121.839439
v -83.940269 -24.627533 130.505630
v -51.131203 -45.398106 119.526413
v -67.263763 -50.261776 120.198723
v -78.137444 -8.712131 87.347015
v -52.450985 -36.764812 107.097870
v -47.065914 -26.869291 112.522736
v -86.580803 -34.616764 128.820831
v -84.434128 -31.153345 132.067688
v -75.146812 -13.231880 119.585075
v -51.679726 -22.965872 109.423492
v -48.827129 -12.795899 133.320023
v -68.262695 -20.209641 143.632324
v -79.076836 -14.765790 120.462601
v -53.245758 -12.148791 124.977852
v -72.525742 -51.053127 113.815147
v -48.452579 -46.769691 128.663300
v -73.720787 -34.287788 142.693298
v -56.838223 -14.015567 141.358688
v -35.579533 -24.770603 136.873367
v -69.186562 -12.380760 129.201691
v -47.283672 -19.566711 116.635689
v -52.177982 -15.260179 117.736931
v -75.720482 -41.065712 137.116974
v -64.576317 -12.039469 118.569687
v -90.329460 -38.036449 122.802124
v -76.497337 -16.123865 130.321594
v -88.310783 -31.449022 126.797028
v -41.447613 -42.792450 131.786453
v -58.082424 -49.354088 127.834488
v -38.989319 -36.046177 123.990738
v -55.798313 -48.777935 132.335373
v -73.837921 -13.542964 126.390869
v -53.622341 -44.876064 115.303429
v -45.681335 -34.838512 114.557137
v -74.720268 -18.343525 136.374130
v -61.801197 -11.224080 123.681068
v -69.597046 -15.239176 136.824936
v -85.884697 -39.856468 127.083046
v -51.500607 -36.835011 108.475212
v -81.849136 -20.351793 129.398254
v -81.067711 -14.611136 115.580994
v -37.304165 -27.785774 124.613388
v -63.233650 -12.014129 134.026001
v -77.163399 -26.286758 139.507751
v -63.728294 -49.414803 129.451141
v -61.505898 -49.473804 120.162323
v -86.234306 -16.763378 114.534721
v -80.765388 -35.154926 135.613663
v -86.683868 -28.803047 128.531097
v -68.769447 -48.856625 129.320801
v -79.177864 -40.309402 134.328598
v -67.445419 -11.585360 123.604652
v -59.636650 -31.617056 150.630814
v -70.069359 -33.645172 145.529709
v -40.043617 -26.744213 147.525726
v -81.358826 -29.748737 135.699493
v -57.510288 -11.037757 129.963654
v -79.470245 -20.255629 132.829041
v -72.699219 -47.753181 129.670395
v -49.496220 -20.718023 113.485527
v -64.329567 -39.446770 146.086014
v -99.763519 -38.700596 98.580879
v -68.598427 -49.776421 125.177368
v -67.139122 -25.716070 147.068954
v -53.800678 -19.342274 147.950272
v -50.254852 -40.275452 147.906158
v -46.451519 -13.879299 129.006531
v -79.363472 -16.820282 127.063957
v -77.087898 -9.973808 92.716797
v -45.023994 -18.571760 120.272232
v -57.283699 -12.913687 118.986313
v -44.089478 -26.189735 115.843193
v -50.569164 -13.700524 122.528839
v -70.783081 -13.638099 131.799973
v -78.724678 -29.106695 138.613770
v -75.252487 -12.975822 114.540749
v -57.945629 -44.944050 142.681183
v -62.554882 -46.574379 138.765869
v -53.565987 -16.776632 114.053207
v -53.790287 -47.790890 136.278458
v -71.740738 -21.987972 142.361084
v -67.558609 -42.988174 141.358307
v -45.495770 -44.968239 137.736023
v -63.115612 -17.396639 143.969467
v -36.012814 -24.384033 130.478653
v -75.968605 -34.715931 140.634659
v -75.045311 -15.873836 131.846817
v -65.955765 -11.693802 129.874512
v -68.735626 -17.443598 140.686798
v -72.029411 -46.229122 133.523071
v -54.021317 -12.536204 137.565918
v -85.344330 -23.298109 127.187271
v -41.168110 -25.155272 119.538368
v -77.226685 -44.320366 131.892563
v -60.666046 -12.732588 137.680847
v -61.585453 -11.008862 126.588318
v -41.728672 -16.632730 135.601471
v -44.977020 -40.200184 119.192902
v -74.252815 -29.670620 142.815460
v -36.248154 -36.462219 134.818787
v -72.128136 -38.213795 142.204102
v -39.995087 -40.157536 127.462814
v -74.152107 -22.328981 140.540344
v -43.118061 -18.113504 123.464973
v -56.561863 -25.339283 150.781616
v -62.003395 -36.058922 148.808151
v -73.881897 -41.496933 138.298630
v -87.318138 -14.273005 105.294121
v -69.949120 -44.629856 137.721207
v -63.405193 -28.188538 149.348480
v -54.830196 -35.793934 150.581238
v -47.588245 -21.924168 149.012543
v -58.841644 -18.234234 146.316849
v -51.760689 -15.049817 142.937210
v -53.057220 -11.797380 133.948730
v -44.663784 -44.829994 129.221634
v -69.874161 -23.826952 144.699020
v -46.917652 -43.342075 143.190506
v -35.943569 -32.844254 141.404587
v -65.689262 -41.731602 143.642792
v -45.004848 -35.143162 149.797562
v -67.281914 -36.461971 146.265060
v -65.011101 -21.279552 146.254074
v -68.670525 -29.949184 146.828262
v -60.991817 -42.334454 145.075043
v -99.758354 -27.302370 106.853722
v -41.595512 -33.385391 118.781227
v -50.955254 -46.196644 121.725365
v -58.959923 -48.619164 134.252502
v -72.148033 -49.854416 97.669052
v -39.594959 -20.117384 140.973465
v -66.303917 -17.576374 142.476868
v -78.298088 -24.207584 137.522736
v -72.174301 -31.228344 144.423248
v -70.929108 -36.473888 143.967484
v -54.376133 -43.009403 145.532333
v -58.492329 -41.829884 100.028618
v -44.437107 -41.524231 121.592003
v -61.176571 -14.694257 141.386108
v -66.519875 -47.458038 134.852844
v -57.122700 -49.170311 129.677551
v -51.985210 -48.140759 130.678055
v -88.347740 -16.634237 111.055481
v -63.413387 -49.001602 131.680496
v -75.711388 -75.257103 9.291554
v -66.731819 -85.260086 13.310628
v -35.798817 -99.370064 27.843746
v -57.798813 -92.196373 17.149317
v -67.241425 -81.551620 16.975151
v -59.086628 -96.433220 11.077598
v -48.537392 -96.193451 21.878798
v -46.808968 -101.047653 18.079517
v -42.039280 -95.236282 28.069845
v -25.963078 -103.956856 28.208895
v -63.305698 -86.815170 16.474054
v -15.274959 -101.545738 34.569859
v -37.500870 -102.941002 22.829565
v -20.134190 -99.337967 35.211689
v -53.075027 -95.626640 18.491802
v -25.974857 -100.169518 32.094040
v -31.317131 -101.244987 28.342031
v -39.333488 -97.675499 27.469793
v -4.258011 -98.625420 38.963768
v -14.861849 -97.066223 38.875156
v -65.154663 -84.287422 16.817211
v -61.138252 -89.372803 16.388676
v -73.491356 -75.873947 13.239880
v -69.523705 -79.139496 16.288967
v -17.606710 -98.256691 37.030037
v -34.074860 -102.245674 25.689184
v -28.377478 -100.879150 30.239073
v -23.013365 -100.350845 33.225372
v -77.791489 -67.803658 14.980438
v -55.199394 -88.096169 24.544939
v -44.941505 -96.344933 24.762085
v -10.755420 -96.535469 40.224625
v -50.682335 -90.185356 26.573921
v -52.918526 -89.082382 25.728403
v -56.445915 -89.764038 21.401926
v -16.461380 -94.514671 40.943531
v -50.015770 -92.961586 24.167719
v -34.066216 -97.146271 31.210966
v -24.502626 -95.203224 37.740108
v -45.604950 -89.935661 31.013884
v -26.844109 -97.864868 34.102589
v -65.719643 -80.566162 20.446514
v -32.909401 -98.993095 29.894907
v -51.276615 -94.078552 21.811111
v -8.805346 -104.351921 33.336750
v -5.629668 -101.515594 36.144176
v -17.251644 -105.721222 29.715267
v -4.202462 -95.661469 41.803177
v -8.142443 -97.462799 39.710888
v -21.492151 -105.476852 28.372072
v -13.213649 -105.281555 31.466011
v -23.971901 -101.807076 31.291996
v -35.486954 -106.716843 19.573637
v -41.856468 -102.720360 19.998037
v -5.547291 -108.018890 30.157024
v -27.398468 -106.952675 23.921989
v -55.934971 -96.181313 14.858301
v -50.691284 -98.382561 17.635815
v -7.366446 -35.068951 41.371067
v -38.694614 -99.848564 25.479206
v -45.568016 -98.267220 22.126759
v -52.085903 -23.684893 150.553253
v -38.267670 -20.008167 131.964737
v -37.428490 -37.776466 130.273102
v -57.172939 -12.498169 137.934006
v -59.821053 -27.204731 150.444763
v -42.821625 -20.667301 145.715225
v -55.442078 -30.531710 151.600021
v -43.361408 -15.364526 131.390488
v -40.369232 -41.721237 136.952393
v -54.854210 -46.501045 140.169510
v -49.908020 -13.422012 138.386581
v -45.619003 -14.846582 138.483078
v -45.200378 -45.441868 133.459869
v -57.083447 -21.418613 149.030396
v -34.945049 -31.008516 131.536224
v -66.303253 -29.158134 148.089890
v -64.874405 -11.788492 131.630219
v -47.207626 -45.348621 125.172699
v -60.727913 -45.756233 140.808350
v -49.991047 -35.708267 150.674637
v -39.158024 -26.490778 121.804787
v -49.747074 -12.812744 126.895607
v -55.333454 -11.327282 127.592812
v -55.987801 -11.980517 122.992485
v -45.648880 -27.958393 150.909576
v -60.080956 -11.310102 132.606903
v -65.980232 -13.424061 136.114273
v -49.628876 -46.546307 137.800552
v -37.465202 -31.885801 124.488846
v -58.350452 -35.467323 150.100250
v -38.098457 -22.872704 126.159676
v -39.421623 -33.999023 146.645081
v -44.118179 -15.859756 126.592781
v -54.049450 -39.598797 148.621643
v -72.433289 -16.866533 136.693649
v -45.427635 -39.962402 146.679626
v -49.480980 -17.927601 146.217834
v -70.342575 -19.585678 141.638062
v -38.220032 -20.038464 136.334030
v -55.267452 -16.320190 144.918274
v -41.014965 -39.493225 124.155411
v -48.476189 -33.801510 110.974731
v -46.175869 -18.929996 118.560158
v -34.741688 -31.603651 135.803253
v -62.063808 -19.812925 146.534088
v -62.776051 -32.253609 149.515625
v -43.000553 -32.407776 116.840523
v -71.913147 -24.714048 143.597488
v -49.310860 -12.578698 129.754013
v -64.893326 -36.315594 147.514389
v -64.176132 -24.428379 148.130585
v -36.609787 -25.524740 141.900177
v -35.703415 -28.680077 128.214142
v -42.385864 -42.866962 128.192993
v -37.731754 -37.995235 139.498367
v -59.602734 -15.863285 143.560715
v -42.339787 -17.264221 140.023666
v -52.663155 -48.131630 133.289490
v -61.315434 -39.479370 147.238129
v -37.979454 -21.200653 129.141205
v -50.172928 -43.057186 145.019913
v -45.919968 -45.079029 126.922676
v -47.866352 -45.155178 140.271057
v -60.238884 -11.752180 134.705338
v -63.842621 -13.102180 136.899414
v -61.518810 -11.665613 121.182579
v -56.871204 -48.298790 135.287384
v -53.081764 -13.555424 140.192780
v -43.107414 -42.707531 140.672882
v -40.645054 -17.434898 132.148544
v -41.989807 -30.818365 149.611526
v -43.632301 -24.080109 148.792511
v -57.873676 -42.604538 145.571701
v -36.468044 -22.507301 133.817810
v -45.210964 -14.353902 134.518692
v -48.499264 -25.346193 150.856796
v -40.561291 -35.022110 120.866364
v -47.613602 -31.961056 151.423019
v -38.593426 -40.058125 133.493240
v -35.728828 -34.490482 131.381622
v -70.306900 -14.200880 133.866150
v -54.166092 -48.284733 124.828171
v -42.800419 -20.576571 120.766495
v -45.551628 -26.708485 114.141022
v -37.881115 -35.711147 143.333969
v -42.938992 -43.920403 135.463531
v -64.405319 -49.925205 124.581413
v -54.658642 -45.131607 142.651260
v -34.797817 -27.448008 133.698212
v -39.360584 -23.022423 144.453140
v -37.284344 -29.604181 145.008514
v -42.161667 -18.849083 142.815063
v -13.612385 -2.434212 97.468704
v -7.179574 -14.928569 91.727722
v -42.319160 -36.837631 147.414734
v -35.035034 -29.048388 139.131149
v -40.451977 -20.178331 124.919296
v -38.524815 -24.759811 123.681442
v -38.004318 -36.955238 127.150978
v -37.296188 -22.393402 139.564316
v -46.006531 -19.515703 146.524475
v -36.475540 -25.875975 127.313942
v -35.612976 -34.424374 138.096695
v -51.390347 -12.464020 135.843307
v -42.669769 -25.626543 117.651497
v -38.019104 -39.252438 136.225388
v -54.921658 -22.344664 149.824951
v -43.648129 -15.630617 128.692032
v -52.293709 -37.914425 149.717606
v -46.803860 -46.232792 131.260147
v -35.142891 -33.390957 133.437454
v -48.277470 -15.024344 141.360092
v -51.492001 -47.849590 127.940865
v -40.354755 -40.629139 140.434341
v -49.154167 -43.544720 118.568314
v -48.442245 -27.069109 111.093422
v -48.508381 -20.213467 114.870552
v -50.155334 -13.244971 124.541298
v -47.516632 -37.985016 149.052414
v -52.338760 -32.755608 151.598038
v -53.685440 -27.102232 151.528534
v -50.687141 -20.537916 148.701157
v -67.575653 -22.711634 145.624527
v -54.975937 -11.352337 132.082321
v -75.843506 -28.157211 141.263214
v -40.280876 -18.355934 138.281784
v -39.200726 -40.381828 130.748230
v -45.869999 -13.930560 132.122055
v -47.298176 -13.635918 136.116837
v -45.927486 -16.766769 121.754883
v -51.328873 -40.552349 111.763512
v -48.853546 -40.844540 115.378708
v -43.952377 -41.566311 143.687668
v -48.137543 -41.845455 145.832886
v -59.945637 -10.981634 127.913170
v -42.008854 -22.492285 120.109024
v -40.201820 -27.961935 120.005020
v -52.578846 -16.965979 145.660080
v -48.777218 -16.007660 143.478836
v -41.957695 -35.866901 119.457664
v -65.729652 -19.017853 144.178329
v -39.362255 -30.317308 147.540955
v -45.788883 -38.939995 117.034752
v -57.902702 -28.649044 151.106369
v -35.876545 -29.210119 142.000290
v -44.920391 -31.438675 150.792328
v -68.920952 -43.992443 139.306076
v -57.108734 -33.457211 150.929062
v -39.586250 -18.378002 134.012161
v -36.539894 -30.470930 126.136696
v -34.754482 -28.144356 136.474869
v -57.720955 -15.929400 144.119476
v -38.099998 -26.052238 144.989990
v -47.326294 -46.195850 135.688797
v -37.355846 -33.181255 144.253647
v -42.583668 -27.231924 149.481094
v -35.077435 -27.902348 131.002716
v -52.489147 -46.735741 139.036942
v -42.003922 -34.327454 148.633484
v -35.509758 -24.649485 133.666351
v -76.804848 -20.023491 135.902496
v -63.634033 -41.990059 144.364136
v -75.543076 -23.930817 140.174637
v -41.223427 -23.592884 146.870087
v -50.181355 -32.391659 151.611954
v -69.392311 -36.534359 144.964661
v -70.701279 -30.661526 145.496109
v -80.978027 -24.833048 134.726532
v -42.880756 -43.487480 137.715256
v -45.807751 -44.202408 140.516083
v -60.828735 -44.443218 142.681747
v -46.291576 -24.728741 150.128754
v -38.023876 -22.640520 141.790970
v -44.933514 -21.400652 147.659836
v -40.880787 -20.512209 143.590149
v -35.103706 -32.053928 138.656891
v -82.250229 -72.430946 -57.829643
v -84.450401 -49.750168 -73.931801
v -84.704674 -49.091530 -61.339870
v -82.937401 -65.928154 -50.580467
v -87.967224 -66.104355 -85.408821
v -87.051773 -78.160149 -85.142372
v -84.039391 -59.626911 -69.937599
v -85.270172 -65.790085 -75.735184
v -83.214844 -66.759537 -64.832741
v -85.548676 -49.299820 -53.825863
v -84.292038 -57.155014 -51.705048
v -91.182053 -75.849953 -102.201286
v -85.252342 -40.565464 -62.228951
v -87.156456 -46.849686 -46.961182
v -88.874954 -54.621502 -88.892899
v -81.325172 -81.130829 -47.363598
v -84.601707 -63.273979 -39.063526
v -91.156647 -49.630871 -96.594284
v -84.551109 -40.048122 -78.645782
v -82.453659 -80.275024 -65.944763
v -84.724548 -92.804604 -95.087570
v -84.831413 -81.178406 -78.299911
v -86.250107 -51.812191 -81.671013
v -81.072502 -91.088341 -66.968063
v -79.976295 -91.000999 -38.827805
v -84.784035 -34.048084 -85.425850
v -75.902184 -107.653229 -101.200188
v -78.941574 -101.698746 -78.415886
v -82.314758 -76.081581 -29.399567
v -88.753357 -40.974396 -93.459320
v -81.752678 -97.886742 -119.223686
v -83.604324 -31.994053 -72.170891
v -78.487534 -100.360756 -55.512074
v -86.329697 -60.116779 -31.892702
v -92.028275 -76.593193 -113.460434
v -86.169800 -32.830326 -58.580952
v -93.736504 -52.859707 -105.365662
v -81.999733 -77.338585 -38.864029
v -83.831612 -35.475006 -75.286240
v -84.055695 -95.890144 -108.731529
v -88.458282 -33.591045 -99.496689
v -71.230263 -114.432800 -81.003418
v -89.219193 -47.539242 -35.481445
v -89.082672 -35.012997 -46.647980
v -95.389175 -52.701736 -114.953537
v -69.315796 -113.040833 -111.799553
v -83.233429 -27.468594 -86.393120
v -85.512970 -23.780878 -59.730980
v -84.018608 -86.007896 -137.668045
v -78.443855 -92.066200 -26.469328
v -87.145042 -60.369717 -24.011089
v -76.637802 -107.146454 -49.010490
v -87.549500 -88.628906 -111.763550
v -84.460785 -35.178078 -66.917702
v -83.729584 -69.424828 -34.585838
v -78.037262 -105.151276 -91.281281
v -86.559998 -36.108784 -90.025864
v -79.497299 -94.165245 -47.509106
v -87.991425 -47.714397 -41.605602
v -60.206371 -114.765739 -130.284500
v -88.169769 -41.133709 -47.124481
v -76.697105 -99.174339 -24.538300
v -79.154320 -84.510155 -18.388371
v -94.075737 -66.561279 -111.097809
v -87.667786 -34.028542 -52.585224
v -60.471146 -119.756912 -111.140419
v -84.427689 -68.975685 -19.062595
v -60.442074 -101.953644 -149.336868
v -90.509583 -31.372931 -114.301796
v -68.976250 -119.996941 -59.817188
v -91.411102 -36.262833 -36.298473
v -84.967300 -24.811554 -99.937294
v -59.263336 -123.108032 -93.870033
v -89.020134 -55.462368 -19.685760
v -79.876007 -82.975662 -149.189896
v -74.186378 -111.067513 -30.663816
v -95.144043 -53.744785 -139.493317
v -53.495598 -84.909981 -169.022781
v -90.404686 -24.432562 -44.692440
v -47.361664 -129.355331 -86.549332
v -72.971130 -98.408119 -12.915954
v -89.062691 -55.801250 -13.405498
v -91.830147 -45.066387 -22.633638
v -80.313194 -76.921715 -8.835417
v -34.719406 -107.985924 -152.203415
v -37.269745 -125.653900 -117.793053
v -28.645248 -120.692245 -134.195602
v -85.872978 -63.638210 -7.721081
v -38.482834 -93.381477 -166.166489
v -82.868187 -63.246002 7.791118
v -74.576233 -90.281647 -8.663966
v -81.513908 -70.784561 -0.783154
v -74.558746 -82.702950 1.334339
v -90.077812 -52.646320 -9.580619
v -67.136345 -93.813316 2.852488
v -86.911865 -58.134117 0.721047
v -69.264290 -102.778542 -8.696280
v -65.939095 -125.305832 -35.639988
v -94.021790 -34.542377 -24.325243
v -93.385048 -24.700384 -34.261600
v -91.353218 -29.213234 -133.777756
v -48.507519 -131.987595 -64.638062
v -26.547714 -127.427444 -113.486931
v -41.108093 -78.946709 -178.277145
v -66.507004 -101.022644 -3.389912
v -89.902153 -52.422493 -5.579975
v -18.952454 -79.188774 -182.413223
v -67.806503 -56.552525 -179.580170
v -14.153580 -125.627266 -117.124184
v -92.735847 -43.996449 -14.792911
v -34.558929 -130.292099 -95.079170
v -65.928780 -114.262703 -13.741753
v -93.802559 -40.486916 -10.688419
v -20.435680 -128.856689 -85.993736
v -48.470749 -134.546707 -40.584332
v -57.830513 -104.705261 4.233391
v -91.456444 -46.227692 0.543945
v -28.359673 -131.750900 -62.109837
v -95.831131 -30.951965 -14.107650
v -58.914600 -112.298752 -4.238898
v -84.501625 -27.311472 -161.612335
v -49.339710 -106.182747 10.834677
v -47.265030 -53.066608 -193.026199
v -10.309783 -125.649475 -87.369545
v -93.755211 -40.422596 -6.269357
v -57.976673 -125.481262 -18.832552
v -87.430527 -54.635403 -34.981674
v -89.878273 -28.949051 -45.651031
v -90.375526 -35.683735 -41.095104
v -90.652397 -46.248524 -28.950422
v -80.989990 -80.452888 -24.069839
v -36.617859 -113.207733 11.269535
v -46.338028 -110.920197 8.064333
v -84.009071 -52.904995 -66.545517
v -81.510117 -80.697044 -56.824295
v -82.834503 -64.925972 -57.712696
v -37.986130 -126.153580 -4.803834
v -81.850433 -15.083044 -112.953812
v -11.258270 -129.569641 -49.859928
v -39.337425 -131.526825 -15.489014
v -28.559235 -135.661057 -29.546305
v -80.655312 -10.896285 -70.758286
v -79.562126 -13.455631 -78.074226
v -77.632965 -9.480919 -85.867767
v -82.597305 -19.102762 -68.524704
v -80.946838 -20.121756 -80.799721
v -77.401344 -8.832501 -98.705429
v -81.142342 -17.914078 -95.275475
v -86.650253 -19.139414 -55.431225
v -75.635338 -4.473589 -107.097755
v -32.532394 -134.781799 -44.104610
v -80.154053 -10.820952 -121.371025
v -79.704552 -9.798624 -130.640656
v -67.777519 -1.466346 -151.761826
v -28.650179 -125.512077 0.096387
v -82.883095 -73.001923 -65.138313
v -13.119900 -128.102936 -60.446003
v -86.142616 -71.895142 -79.299698
v -83.004829 -86.961128 -74.760429
v -8.487864 -125.396133 -76.093369
v -21.940962 -134.405380 -18.244963
v -77.906044 -10.743928 -91.342155
v -86.498825 -13.003023 -54.822418
v -78.536873 -4.052460 -73.822182
v -75.038628 -1.224311 -87.048294
v -82.382149 -5.723310 -63.204559
v -87.621048 -9.235813 -51.361450
v -91.529160 -11.915561 -41.653694
v -95.484131 -24.210194 -24.960926
v -72.242195 1.674778 -112.467743
v -94.437416 -15.194019 -32.397552
v -79.045204 4.069108 -67.869171
v -74.964439 5.324564 -79.654305
v -73.210800 3.296463 -90.622292
v -84.400284 2.348396 -56.018951
v -73.358826 0.322147 -99.887810
v -87.349121 -4.851816 -51.102066
v -70.595963 6.545020 -102.973190
v -89.600212 0.431837 -44.731609
v -70.123726 5.882549 -111.266075
v -91.781273 -7.253388 -40.509338
v -75.496857 12.642995 -73.148712
v -80.813324 11.304996 -60.870213
v -72.003075 7.281522 -90.951241
v -86.714005 8.987388 -48.985775
v -46.347492 -123.454529 -6.282894
v -97.578499 -18.273512 -14.037331
v -50.056736 -117.449043 -1.947758
v -97.375885 -23.158298 -4.159962
v -24.939884 -130.088531 -5.675523
v -16.103802 -134.382553 -22.609592
v -96.663605 -27.609879 -5.384046
v -28.117344 -115.342842 13.116154
v -23.932661 -113.109184 17.942982
v -15.796441 -113.974541 21.379639
v -85.628479 -45.124107 -57.740623
v -84.165169 -61.369198 -45.655811
v -84.307671 -47.681610 -67.488487
v -14.099193 -122.681267 10.309337
v -24.218115 -121.331810 7.656639
v -94.908554 -34.412106 0.636037
v -40.645279 -28.642910 -196.643723
v -38.962006 -120.902977 1.479464
v -7.304237 -133.392776 -14.084149
v -9.552293 -132.596207 -30.533714
v -78.444145 -101.253944 -69.074249
v -34.958748 -135.129852 -24.953827
v -8.087862 -130.252335 -1.804244
v -89.354935 -75.549240 -92.743622
v -14.358680 -128.332169 0.797737
v -26.793333 -134.883011 -37.706741
v -81.674675 -8.420694 -66.145081
v -70.247437 3.683146 -124.010208
v -96.921257 -7.118817 -22.140013
v -97.014076 -11.779033 -21.282990
v -76.263779 -104.051476 -29.329952
v -13.299044 -117.337891 17.881580
v -47.304180 -132.431000 -23.764559
v -85.329468 -86.562187 -85.320702
v -83.344833 -72.264999 -23.316278
v -6.335411 -110.829971 27.082121
v -70.932518 -118.648346 -32.758034
v -78.718391 -88.727524 -23.009857
v -82.111580 -73.751984 -49.252407
v -18.692324 -132.056503 -44.975788
v -81.009354 -83.351128 -38.711582
v -9.270458 -130.776566 -41.423031
v -58.047268 -131.355423 -38.710690
v -23.322823 -132.735046 -12.135921
v -40.421734 -135.374359 -40.881706
v -33.782806 -129.030731 -104.637276
v -28.737265 -134.521667 -19.958588
v -48.697430 -133.641953 -52.910061
v -69.781944 -117.073235 -69.742485
v -68.297722 -123.058144 -47.951946
v -75.961411 -108.643143 -40.113934
v -21.174959 -134.809113 -28.053637
v -34.553890 -123.089462 0.764630
v -70.900604 -112.960243 -21.258112
v -31.561823 -128.944809 -6.619764
v -35.747452 -129.858902 -9.928574
v -90.724281 -63.185566 -93.773003
v -7.550913 -123.079826 11.314251
v -84.424294 -53.668888 -56.884190
v -19.542734 -122.145821 9.354884
v -15.101529 -133.730713 -15.098081
v -75.504013 -101.813644 -130.373093
v -88.887245 -85.195824 -116.106071
v -76.887009 -87.867287 -13.135352
v -62.385605 -126.178055 -26.711372
v -69.645393 -109.730751 -125.919205
v -8.244644 -133.651062 -22.076426
v -71.345329 14.504291 -85.540268
v -76.358414 21.884211 -66.090996
v -70.913643 23.154972 -79.924698
v -83.068893 18.502483 -53.184715
v -68.128365 18.846441 -95.009834
v -69.161072 14.039804 -96.316994
v -89.599823 13.045480 -40.560875
v -69.010567 10.863452 -102.841064
v -92.639954 14.014303 -31.582258
v -71.815735 31.325552 -70.839493
v -66.389267 33.053165 -85.537743
v -83.057060 31.359587 -45.503334
v -78.354584 29.752369 -57.028584
v -86.414673 34.005493 -34.440418
v -85.252563 25.202372 -44.673172
v -87.288582 22.323444 -41.544960
v -65.906937 30.344879 -90.942635
v -89.744232 34.297222 -23.207838
v -90.084740 23.823599 -32.971764
v -63.863308 26.394274 -104.127968
v -92.793892 24.235945 -23.378807
v -64.974960 43.010464 -76.511414
v -74.842522 45.551598 -50.119854
v -73.068016 39.518986 -60.713345
v -76.235207 34.384148 -58.266449
v -80.973015 45.460358 -35.397739
v -61.899048 36.129066 -99.531960
v -85.338326 43.871254 -24.407221
v -56.317795 42.001457 -108.493568
v -88.310974 41.967415 -15.322319
v -67.706322 47.728409 -63.314693
v -69.933052 55.137955 -47.529991
v -59.513390 51.727154 -76.763962
v -56.309738 52.189388 -84.830139
v -73.555916 43.626759 -55.187679
v -74.863396 56.246521 -33.831593
v -59.124363 46.236336 -90.300842
v -58.631233 45.286461 -94.824089
v -77.989990 55.938469 -25.431786
v -51.574757 51.783142 -102.185585
v -81.154114 52.962746 -20.973635
v -82.307991 53.175621 -15.138518
v -50.475101 67.818817 -61.486301
v -50.777428 63.561844 -70.753845
v -63.070206 58.151043 -57.101902
v -67.833321 67.405510 -27.532246
v -48.259041 58.999439 -88.141029
v -44.877922 59.831116 -93.984909
v -73.298309 64.368820 -18.727711
v -77.949760 60.625755 -10.064082
v -71.437920 56.827328 -41.267296
v -72.625938 50.314976 -48.832474
v -65.788116 37.779514 -81.255539
v -68.836678 36.744682 -73.500366
v -84.561707 50.369453 -11.689074
v -90.631516 34.736965 -18.673286
v -90.453453 39.848545 -5.263643
v -85.114944 50.299622 -7.300949
v -64.627625 19.083754 -109.803322
v -62.504284 -120.068497 -15.830114
v -93.837318 3.730540 -32.089035
v -94.664948 28.205154 3.200541
v -67.763435 -108.615990 -11.215501
v -79.682266 -80.430222 -13.474181
v -48.286797 -134.110474 -31.463198
v -78.511711 -95.387924 -31.804781
v -52.731182 -124.320511 -12.090379
v -26.107460 -118.415855 10.558013
v -53.631416 -105.702492 7.456624
v -48.373436 -130.360962 -75.406128
v -80.502052 -88.071709 -46.523228
v -68.365913 -86.471779 9.149879
v -43.054649 -127.864342 -10.544044
v -30.433945 -133.364395 -52.832382
v -41.909477 -111.673111 9.882491
v -33.015820 -135.731232 -34.424614
v -73.682930 -94.385574 -10.802187
v -80.938469 -73.709175 -4.563342
v -73.675850 -113.323723 -55.965187
v -75.561440 -108.731728 -85.684677
v -79.646667 -96.631065 -61.982704
v -59.976059 -127.732704 -62.849590
v -4.986392 -132.162811 -6.997146
v -84.847359 -64.996315 -33.237446
v -83.535568 -65.469757 -44.489010
v -37.059155 -132.806046 -64.286064
v -14.031718 -125.953217 5.480090
v -14.050784 -119.458916 14.639029
v -73.895119 -87.204712 -3.138642
v -20.110889 -128.858200 -1.731696
v -78.343102 -100.441658 -45.883537
v -37.807545 -117.238251 5.734756
v -81.408981 -85.128632 -61.266445
v -40.954395 -133.634064 -22.574656
v -3.933042 -128.578598 2.828157
v -35.964382 -109.041245 16.252718
v -81.286423 -94.381058 -75.335487
v -9.838780 -132.303314 -8.265492
v -76.075050 -107.385376 -75.397652
v -90.550209 -41.347801 -35.684692
v -84.630997 -44.699467 -65.368355
v -53.300961 -129.764969 -22.270470
v -24.992552 -130.129089 -74.170708
v -15.334034 -133.806259 -28.669352
v -4.447716 -132.856720 -26.597956
v -23.550938 -134.738464 -32.915829
v -23.394211 -127.706352 -0.707235
v -33.992237 -135.715820 -30.247885
v -6.140735 -127.196617 -57.038364
v -21.061125 -130.284592 -59.255100
v -34.301544 -133.707687 -18.752605
v -30.121834 1.038282 -178.595963
v -78.804886 -7.788526 -75.680077
v -45.000484 4.913955 -165.853729
v -8.362025 -126.159576 -67.039223
v -60.342300 18.132175 -124.993073
v -83.982468 -21.284639 -64.168816
v -25.241999 -135.189087 -23.897829
v -56.007530 24.750645 -126.019226
v -57.024323 31.255566 -118.349266
v -58.940311 32.782490 -112.546921
v -5.858892 -131.111862 -36.559452
v -5.783770 -125.146370 -96.884605
v -23.193630 -129.421265 -95.917618
v -25.269588 -133.674545 -44.476589
v -17.221088 -129.908203 -54.027374
v -64.737518 14.364904 -118.087036
v -59.157333 -121.871391 -102.788071
v -60.124653 10.616313 -139.734177
v -5.178019 -129.208130 -46.471016
v -60.002079 -123.976250 -84.731308
v -14.222456 -131.346619 -42.962559
v -65.698090 -114.133286 -120.728905
v -15.597026 -127.734711 -93.235481
v -29.829107 -130.773621 -82.194580
v -15.006057 -127.323372 -80.001648
v -37.769188 -130.773193 -86.582550
v -68.828766 -116.368721 -90.959541
v -96.914856 -22.305811 -16.528811
v -47.155090 -128.408127 -95.794739
v -36.276024 -123.557396 -125.909882
v -40.748562 -119.187073 -135.344925
v -48.364883 -115.802193 -138.503098
v -22.501249 -129.965225 -66.614830
v -35.724796 -135.550705 -38.019825
v -4.022203 -124.153389 -82.026062
v -31.416624 -131.654434 -70.218643
v -21.191666 -134.841507 -23.277273
v -43.971195 -131.927856 -19.561035
v -11.871695 -133.912918 -18.503502
v -43.727901 -134.775421 -47.851410
v -12.182723 -132.970749 -11.367550
v -76.316734 -107.112709 -56.301197
v -20.072376 -128.826645 -78.287132
v -63.685398 -127.952881 -43.590816
v -54.371765 -131.392944 -58.119892
v -19.259077 -133.338638 -13.245975
v -44.131447 -120.144272 -0.895122
v -53.837227 -133.125763 -45.879299
v -9.686545 -119.251015 -134.820587
v -43.084499 -133.511261 -58.909382
v -71.916817 -117.369095 -50.353638
v -55.018024 -115.024277 -2.956107
v -65.063950 -122.924385 -66.816284
v -73.393547 -111.647118 -72.813591
v -65.670830 -120.594574 -77.533379
v -42.475784 -132.051926 -70.319809
v -54.380112 -129.295044 -69.649132
v -80.780403 -101.126389 -105.489609
v -53.100311 -133.226196 -35.892750
v -85.727196 -52.080879 -48.744724
v -81.177216 -16.666948 -72.972054
v -85.429588 -46.385956 -80.048721
v -34.249752 -133.261002 -58.344524
v -64.796982 -125.503235 -55.808613
v -71.780029 -115.595047 -63.119976
v -83.260162 -61.702534 -55.091045
v -54.172123 -127.736916 -80.450928
v -61.173275 -128.896896 -33.509342
v -85.015884 -34.209026 -63.526512
v -65.387886 -119.847473 -86.800766
v -17.506422 -130.867310 -49.893574
v -53.736095 -126.913910 -89.614548
v -42.346992 -130.923874 -80.531921
v -74.861183 -99.033882 -18.246416
v -70.291473 -120.656784 -40.935673
v -44.421921 -135.142197 -36.199844
v -78.951279 -96.505630 -42.441463
v -41.894249 -122.886086 -2.601445
v -58.389519 -108.702759 -0.192449
v -71.223801 -115.901772 -27.033627
v -67.144012 -122.667160 -29.542809
v -62.832577 -123.195549 -21.184874
v -37.147945 -127.268806 -111.107788
v -40.428318 -129.115921 -100.600983
v -51.702168 -121.062119 -7.063936
v -74.070854 -107.637535 -24.466381
v -58.625816 -100.204750 7.711172
v -81.761734 -76.825005 -52.871647
v -73.654869 -114.139450 -37.110420
v -63.725803 -111.378120 -8.409222
v -69.674072 -110.479919 -15.988289
v -57.540924 -128.415161 -24.252264
v -61.683884 -114.830170 -9.324144
v -38.095325 -134.829315 -47.033939
v -72.311211 -90.566818 -3.337677
v -48.305237 -113.609711 3.562918
v -3.952969 -118.569374 17.754993
v -96.378700 3.425420 -22.624426
v -74.324615 -112.610306 -48.970070
v -59.850128 -128.942535 -57.196426
v -82.726814 -73.439606 -36.277962
v -75.100861 -78.862869 5.494711
v -43.345837 -134.274506 -27.376478
v -66.902420 -117.126694 -18.568151
v -67.317200 -124.454880 -42.003586
v -48.637688 -132.843689 -58.803425
v -69.316391 -120.809326 -54.013599
v -59.067387 -130.972168 -45.018711
v -27.644514 -133.503296 -48.147594
v -76.371223 -105.991302 -34.413471
v -54.213581 -132.381226 -52.074024
v -48.795002 -134.281601 -46.736412
v -77.462326 -104.153053 -43.159687
v -77.576706 -99.742172 -30.799191
v -54.400276 -130.323868 -64.029160
v -64.358101 -126.917915 -49.751556
v -57.811333 -122.255768 -13.695868
v -93.154366 -39.131969 -23.557468
v -61.931141 -117.056175 -11.676422
v -20.331606 -113.631889 19.552896
v -79.420158 -90.836662 -31.796814
v -26.130655 -133.663422 -15.802846
v -78.066566 -101.601990 -62.678852
v -32.174324 -135.347748 -38.590351
v -51.473991 -131.977264 -26.669670
v -6.440734 -125.492943 -110.015465
v -38.995018 -129.039291 -10.092165
v -37.362289 -133.712357 -20.339127
v -47.495033 -126.322845 -11.164086
v -3.843149 -133.558380 -18.289671
v -75.086395 -104.136002 -24.054518
v -53.156425 -127.349655 -17.354406
v -62.366924 -128.628677 -37.770927
v -22.103125 -133.448486 -40.895638
v -14.903714 -117.049324 -139.551147
v -53.515503 -133.279144 -40.125713
v -90.285713 -50.900780 -21.513124
v -75.255402 -110.760338 -45.470455
v -29.232388 -135.314209 -24.506096
v -82.007240 -75.689377 -44.561680
v -10.680083 -131.912048 -36.090626
v -64.921646 -124.179512 -61.529781
v -39.733135 -134.753113 -26.763775
v -81.431221 -80.579926 -34.152790
v -91.567467 -68.273209 -140.812897
v -37.982597 -133.494385 -58.805763
v -41.649433 -130.078156 -91.225159
v -23.753527 -129.673950 -80.222343
v -54.320820 -128.380341 -75.051613
v -12.324328 -133.654251 -25.959751
v -86.127136 -58.039623 -37.225204
v -85.777122 -64.895470 -21.436546
v -60.061359 -126.523659 -68.518517
v -53.088249 -125.400215 -99.949692
v -34.788033 -134.398575 -49.220600
v -68.230354 -115.092873 -105.714157
v -80.713295 -100.382179 -94.087067
v -68.979271 -118.934525 -64.911560
v -74.984459 -94.145958 -143.407089
v -48.402317 -131.123657 -70.188126
v -25.631992 -131.846405 -56.246262
v -47.117813 -96.317230 -161.384659
v -47.299465 -105.505424 -152.277756
v -36.784527 -132.144653 -70.241974
v -27.916807 -130.335251 -89.635643
v -65.287430 -121.619362 -72.048409
v -30.593710 -131.149155 -75.679756
v -18.182714 -128.919510 -64.348778
v -75.773438 -108.214272 -80.126518
v -80.084335 -97.111633 -72.430138
v -79.602936 -15.632609 -83.264420
v -48.662262 -123.709930 -115.540085
v -55.755447 19.128567 -133.452423
v -32.376408 -130.648773 -88.494026
v -26.738718 -130.868347 -68.330269
v -65.791809 -119.931465 -82.571701
v -53.875145 -127.132866 -85.379776
v -42.773155 -132.765427 -64.585052
v -85.653984 -76.191887 -78.656364
v -23.858728 -128.771454 -104.324608
v -42.346443 -131.391052 -75.681511
v -43.211002 -134.171692 -53.343441
v -83.737282 -80.276070 -72.670280
v -72.296982 -117.112915 -38.545944
v -43.674938 -13.848647 -187.080429
v -70.149902 -115.942093 -75.361794
v -73.659126 -111.134773 -92.749207
v -48.070904 -129.771118 -80.852539
v -60.144157 -124.548126 -79.365471
v -36.591690 -131.211685 -81.322639
v -74.396019 -109.847008 -96.123611
v -71.155472 -119.104095 -45.713024
v -80.787491 -85.784401 -42.900551
v -64.337013 -119.236038 -96.919487
v -27.698463 -125.241249 -122.141945
v -71.176033 -117.845093 -55.187096
v -64.999870 47.582726 -69.771996
v -62.446568 49.683128 -72.822418
v -38.164059 63.254498 -96.154594
v -30.550575 69.004265 -87.963882
v -33.960682 64.066978 -100.854927
v -41.197830 57.020218 -110.737579
v -16.902033 70.667221 -95.304916
v -26.768778 66.156525 -102.552246
v -44.900085 49.479767 -119.280769
v -55.242641 57.649105 -74.900749
v -40.207119 66.835144 -80.761841
v -10.225383 70.841400 -97.944809
v -77.784744 42.987240 -46.460339
v -95.428551 14.170187 -20.986504
v -9.578238 73.958412 -87.408638
v -72.381226 35.405792 -65.982437
v -65.178841 53.149490 -60.833160
v -20.744522 74.255264 -80.671387
v -57.277912 62.242668 -61.049385
v -29.786812 74.144699 -73.270294
v -41.180325 73.192001 -62.807480
v -8.569831 68.707909 -105.742477
v -25.614635 61.716862 -116.338875
v -42.774494 -112.554230 -146.108078
v -12.218876 -108.008896 -152.122803
v -18.021767 -127.392975 -109.356323
v -17.970526 -103.850914 -157.028641
v -51.312641 38.291134 -121.948830
v -39.095467 -121.599976 -130.697464
v -29.939909 54.256237 -126.893730
v -6.058795 -123.696465 -123.195099
v -8.723170 64.828613 -116.638824
v -32.004910 47.937927 -132.958817
v -18.097776 55.458439 -130.129166
v -87.958549 -83.284409 -93.668922
v -9.585956 -114.249870 -143.798309
v -16.863834 -92.119995 -169.429565
v -44.240917 -100.841446 -157.958298
v -71.065155 -106.737633 -130.401047
v -34.361782 -49.725445 -199.789948
v -45.550838 65.269646 -76.029465
v -35.434048 70.605110 -76.939629
v -45.288734 -89.378677 -168.204086
v -9.549334 77.841583 -75.020493
v -49.754257 72.429726 -52.032372
v -64.674965 61.127350 -48.281139
v -33.716579 78.693642 -57.610222
v -35.040981 74.273430 -67.473839
v -25.881458 81.502487 -57.247250
v -19.586494 78.870987 -67.940636
v -8.647888 82.589470 -62.297546
v -68.756508 27.816549 -82.809692
v -75.535484 -107.393921 -108.709633
v -59.537727 67.868851 -44.863224
v -60.201195 70.838600 -36.924778
v -54.886856 70.255150 -48.250027
v -44.566235 78.475296 -45.171223
v -37.170277 81.450768 -47.073856
v -35.337223 80.398270 -51.678890
v -24.807673 74.248749 -77.493874
v -24.091003 76.947510 -70.302582
v -20.804569 84.274605 -53.538635
v -14.589951 85.343513 -53.693314
v -60.393700 -118.181030 -118.504074
v -35.013069 68.127258 -84.840073
v -55.428009 76.076469 -33.278397
v -47.006210 80.203728 -37.150665
v -64.175285 68.951111 -32.770325
v -43.611301 84.036659 -31.664865
v -33.357464 84.490051 -43.232071
v -45.774792 72.585938 -57.778770
v -71.009460 62.398952 -31.420725
v -55.884865 78.171379 -26.221262
v -51.462467 78.086967 -35.416939
v -33.355667 88.120247 -33.348637
v -23.237015 87.954323 -42.728840
v -78.417747 50.158489 -35.120186
v -10.517216 87.080345 -50.779610
v -11.308619 90.910904 -40.940109
v -6.092829 87.318512 -51.003490
v -54.845478 62.434467 -65.368141
v -23.512022 91.422981 -32.810173
v -46.104641 68.553848 -66.912209
v -53.684021 -123.258553 -109.173538
v -79.064384 -102.767776 -84.920967
v -6.573532 91.575470 -40.322514
v -34.976410 23.116570 -150.905792
v -44.400757 16.362040 -151.056335
v -11.194151 -126.314026 -94.890053
v -28.669212 -129.643250 -100.136650
v -42.860031 33.119583 -135.953049
v -21.490889 -125.649918 -120.085312
v -54.468399 -69.579094 -180.278595
v -18.738739 -49.799305 -204.301147
v -16.620010 11.140100 -171.382965
v -8.805778 58.939320 -127.188255
v -78.408707 -43.815319 -174.426239
v -90.550240 -80.625954 -122.332626
v -42.467777 25.145559 -142.751892
v -71.004265 65.789299 -22.455948
v -75.916016 -13.343469 -159.473343
v -64.364944 72.660912 -21.640625
v -16.534866 18.018370 -163.820511
v -64.431992 73.796432 -16.905716
v -53.329449 81.010880 -22.518311
v -44.412048 85.398727 -25.824970
v -41.967297 87.594505 -22.169622
v -32.676445 91.407822 -22.735262
v -93.291534 30.589684 -10.994094
v -13.684455 93.998383 -30.994724
v -96.248878 15.369061 -15.474499
v -95.729294 19.777548 -13.421790
v -94.713364 23.250816 -15.032155
v -63.409019 4.814803 -146.130585
v -42.250370 89.078835 -13.901444
v -21.713509 94.677895 -22.703478
v -32.335365 93.361053 -12.923198
v -95.398277 25.358419 -2.664249
v -88.625816 44.124664 -3.177730
v -96.211266 21.401421 -4.618715
v -17.019018 95.535797 -23.154825
v -16.417250 -6.178103 -190.991837
v -34.482151 76.136719 -63.310673
v -23.134279 66.159622 -106.221069
v -43.488159 37.370991 -132.151810
v -38.547752 51.087788 -124.292068
v -25.855431 41.375790 -141.408630
v -24.917704 28.965261 -150.932693
v -10.581434 -101.329147 -159.677719
v -71.379662 26.978924 -75.425995
v -44.414665 62.931271 -84.633247
v -74.384621 26.103642 -68.250931
v -26.363417 58.730240 -121.685234
v -57.283890 1.573216 -160.452499
v -8.098941 -94.472908 -167.069107
v -71.091232 18.351347 -83.185204
v -10.695333 52.671600 -135.550140
v -72.937935 -3.231395 -143.341492
v -66.770752 56.488216 -52.146023
v -95.296776 -43.237980 -134.721191
v -76.496674 -97.691750 -135.873032
v -84.944221 -17.410725 -132.065613
v -78.784210 -10.064349 -109.716583
v -83.192955 -57.141014 -165.355148
v -64.803535 12.312961 -122.382736
v -89.411964 -27.855341 -147.878265
v -42.188553 29.500854 -139.438461
v -57.527031 14.995665 -136.071152
v -56.560829 27.512159 -122.427315
v -66.792686 6.109277 -132.880081
v -89.056458 -47.258732 -91.060349
v -71.119255 45.343899 -58.618347
v -95.944160 -55.849854 -130.616180
v -49.948578 -118.122566 -132.827393
v -90.095604 -75.889900 -135.690720
v -87.181938 -57.746067 -83.518028
v -53.011837 12.649786 -147.283203
v -71.614700 -18.612484 -171.950317
v -28.140234 19.945810 -157.884201
v -43.154118 -123.766640 -121.301933
v -10.236030 48.244389 -139.907364
v -21.270029 37.517315 -145.769440
v -75.386490 -3.578468 -124.143532
v -4.377802 -125.056168 -70.087654
v -12.430103 -111.548256 -147.713623
v -90.435341 -69.743263 -94.166649
v -56.625175 -19.909121 -184.342545
v -28.294746 8.246785 -170.825928
v -91.154457 -29.870741 -124.061378
v -60.935402 47.447685 -80.969994
v -55.215073 55.709618 -79.362755
v -12.351438 30.218138 -153.604935
v -44.846970 10.724843 -158.238434
v -33.981270 27.816540 -146.996552
v -44.989063 -3.537432 -176.357819
v -43.421051 20.858776 -146.532394
v -15.582727 2.622549 -181.599487
v -68.354408 59.280792 -43.839706
v -7.746026 23.503986 -160.112839
v -27.130825 -20.446381 -198.843033
v -21.887526 33.792053 -148.145157
v -49.831253 22.020769 -138.313736
v -25.840437 -63.131561 -195.433762
v -8.347239 15.715608 -167.809616
v -36.377434 17.482424 -155.978165
v -75.971931 -107.156784 -70.358078
v -13.346525 -98.344604 -162.951660
v -10.314000 -88.733681 -173.200546
v -10.220160 -82.318581 -180.108536
v -50.707096 -109.498886 -146.656708
v -60.481010 -74.567780 -173.639893
v -53.801098 -41.126675 -191.980698
v -15.557221 -85.831009 -175.996048
v -11.031952 -76.004639 -186.556137
v -46.563293 -65.443428 -186.690567
v -9.860415 -71.498680 -191.143753
v -72.948959 -90.381500 -150.352463
v -9.201807 -122.158615 -128.387482
v -40.973907 -85.088264 -173.054367
v -20.359083 -30.265978 -204.854904
v -15.468598 -58.912823 -200.442657
v -16.520573 -67.570206 -193.845428
v -70.432327 -81.537033 -161.332138
v -90.061668 -64.901962 -148.381790
v -61.002541 -46.858627 -187.029587
v -11.227557 -14.724353 -199.351028
v -8.224284 7.872288 -176.770676
v -66.805878 -69.048073 -173.511826
v -24.184576 13.619321 -166.227798
v -29.500950 -9.233749 -189.690247
v -53.779015 -30.794382 -190.717148
v -27.474426 -93.094940 -167.949829
v -35.707478 -17.551693 -193.650497
v -36.604851 -103.185211 -156.923065
v -29.199940 -39.608994 -203.184647
v -23.173269 -108.784004 -151.642273
v -13.797420 -23.073393 -203.897827
v -36.665451 -115.705688 -142.271500
v -8.666473 -1.263607 -187.256668
v -38.979099 2.322982 -172.859909
v -26.600574 24.353504 -154.298492
v -51.487965 -11.141656 -180.549820
v -32.378300 -117.856499 -139.273178
v -29.821861 -79.589355 -180.437378
v -10.215090 -41.061749 -207.678177
v -21.530922 5.398246 -176.702011
v -64.428154 -18.769394 -178.353546
v -8.621066 -104.468727 -155.954742
v -27.762272 -123.524460 -127.572945
v -36.744755 7.291554 -167.919052
v -48.457836 -92.479301 -164.484009
v -37.550343 -97.964989 -162.014236
v -24.974207 16.981325 -162.241531
v -18.391005 -119.738022 -135.125076
v -26.776875 -104.839203 -156.021301
v -66.387985 -95.461166 -151.659668
v -70.129799 -103.049713 -138.022278
v -11.250154 -64.715744 -197.017761
v -36.969318 -88.995026 -170.443634
v -84.471062 -73.845345 -151.389984
v -41.014744 -72.552376 -183.526306
v -33.174488 -112.597382 -147.210556
v -21.283392 -118.101669 -138.577744
v -6.661901 -124.819824 -117.001907
v -6.311360 -125.516129 -103.291855
v -12.860639 -126.467705 -109.533417
v -49.011280 -22.763590 -190.215363
v -22.819183 -2.863183 -185.720215
v -45.530880 -43.554699 -196.155716
v -29.729603 -29.655315 -201.566940
v -6.816037 -58.293953 -201.943756
v -76.615417 -28.363026 -173.344727
v -83.550247 -19.906710 -153.389206
v -52.217854 -1.284303 -168.926483
v -75.298988 -8.136004 -150.077728
v -37.107803 -6.083313 -183.270721
v -69.146484 -45.373741 -181.911865
v -8.881000 -91.371696 -170.411850
v -86.968605 -42.834560 -164.129440
v -35.713985 -64.881180 -191.293411
v -65.068443 -4.302986 -161.035599
v -55.468094 -106.741898 -147.190948
v -54.190716 -56.977062 -187.698380
v -17.328306 -96.094872 -165.311935
v -88.433823 -59.324276 -156.414597
v -9.573865 27.049292 -156.706909
v -66.740959 4.564057 -138.631973
v -68.417175 -10.985949 -166.809372
v -73.819206 -64.495262 -170.874435
v -50.719643 5.864764 -160.240387
v -54.085693 -98.696449 -156.445679
v -70.153267 -87.371651 -156.309311
v -94.150581 -42.477051 -114.938507
v -34.998997 -82.800636 -176.468552
v -8.248301 19.378841 -163.969131
v -63.348804 -79.974861 -167.833679
v -8.697996 -7.746929 -194.026123
v -21.410868 -12.496799 -195.371933
v -38.109592 -56.940941 -195.358765
v -10.130379 -79.044403 -183.474319
v -35.497898 -75.998207 -182.330444
v -18.403408 -72.223793 -189.371613
v -37.835304 -40.312038 -199.824860
v -93.467361 -36.283314 -141.657333
v -8.127975 3.550324 -181.874146
v -24.920383 -55.550198 -200.345779
v -38.374195 -69.000725 -187.208450
v -17.152500 -100.695457 -160.481842
v -8.307986 11.856103 -172.135651
v -19.177902 -83.143944 -178.511307
v -5.614098 -21.314758 -204.192444
v -20.668652 -75.433540 -185.881714
v -10.443460 -31.306578 -207.221039
v -9.660268 -50.151508 -205.644730
v -18.477291 -88.708527 -172.887512
v -76.595055 -55.410866 -173.117508
v -27.288589 -47.502483 -202.788422
v -5.198124 -106.716415 -153.303955
v -80.909523 -92.539429 -134.892044
v -85.963890 -21.932798 -114.662682
v -57.927197 9.245358 -146.439850
v -61.349613 2.889493 -153.632187
v -4.937850 -102.223900 -158.522705
v -78.327690 -21.212463 -166.155106
v -33.495560 -23.917145 -198.046234
v -8.529040 -62.411991 -199.048309
v -19.205307 -18.496929 -200.225449
v -23.934097 -68.824692 -191.376099
v -21.121750 -23.460709 -202.281494
v -20.094349 -40.256855 -205.892014
v -36.134144 -100.512489 -159.765045
v -34.717793 -34.476196 -200.673386
v -42.420235 -20.550827 -192.240982
v -37.798355 -1.438543 -177.913818
v -36.677101 -11.430517 -188.528015
v -60.664799 -36.199493 -187.771164
v -51.464512 -77.896591 -175.497421
v -23.834652 -82.147919 -178.887115
v -78.215584 -77.799843 -156.555054
v -16.015026 -1.901646 -186.605728
v -85.683792 -92.674980 -110.646873
v -59.310654 -61.481949 -182.728317
v -62.530380 -85.339233 -163.972137
v -51.663357 -89.870880 -165.633423
v -28.769606 -14.697681 -194.545166
v -15.515118 6.844922 -176.637085
v -28.789856 -67.519493 -191.253159
v -5.335154 -35.734879 -208.334366
v -4.978191 -46.605526 -207.099670
v -53.776318 -48.977673 -190.874802
v -5.090059 -11.373750 -197.562485
v -8.480597 -68.225410 -194.361359
v -15.399133 -35.706020 -206.850479
v -47.717236 -34.893997 -194.738480
v -24.749470 -25.793365 -202.129913
v -25.030119 -34.910381 -204.292725
v -7.706987 -25.734940 -205.954773
v -31.255686 -57.367374 -197.583298
v -12.878979 -54.506527 -203.367050
v -23.935238 -44.377876 -204.386612
v -77.818359 -7.982381 -138.395172
v -39.877716 14.524543 -156.990555
v -41.212692 -49.896935 -196.923889
v -96.051010 -54.770954 -122.649460
v -43.331997 -60.117748 -191.487198
v -29.910461 -4.151523 -184.466202
v -59.615479 -27.809799 -186.372482
v -24.951176 -76.664589 -183.942947
v -44.423130 -8.396568 -181.849899
v -58.342468 -14.361460 -179.103256
v -52.205158 -6.111501 -174.818146
v -82.607452 -35.425766 -169.258530
v -63.063587 -65.236412 -178.370331
v -46.848888 -81.849304 -174.054565
v -40.249256 9.115702 -163.530807
v -47.060215 -74.054886 -180.223419
v -47.323204 -70.504189 -182.757980
v -89.903473 -35.640381 -156.204300
v -87.374565 -21.697948 -139.583054
v -91.728493 -75.901001 -127.056236
v -8.155507 -85.727921 -176.567795
v -31.131584 -103.923401 -156.735046
v -52.139221 -112.402115 -142.193604
v -94.911942 -59.310360 -111.816139
v -68.142334 -74.084427 -169.052689
v -8.397610 -116.622047 -139.681396
v -28.689631 -111.039238 -149.098953
v -91.429764 -57.285835 -96.043213
v -73.555168 -36.846851 -178.723587
v -62.191860 -24.152981 -183.183380
v -89.253838 -50.435143 -159.353531
v -18.057997 -63.103714 -197.196152
v -59.424274 -3.740191 -166.208832
v -70.653961 -24.844126 -177.250275
v -32.759880 -60.694092 -195.100586
v -50.251671 -16.555592 -185.709717
v -22.610397 -7.659140 -190.675415
v -49.316601 12.136264 -152.283417
v -14.518359 -10.240774 -195.186798
v -92.845230 -70.646492 -107.151665
v -6.458776 40.995174 -146.035553
v -48.137203 -59.129272 -189.848343
v -5.895716 32.500118 -152.536453
v -90.792160 -42.364994 -99.055687
v -55.908859 -113.435402 -137.633179
v -61.660923 -54.730267 -184.312378
v -71.044258 -6.861294 -156.623032
v -69.117760 1.386477 -141.219971
v -92.823509 -55.337124 -148.285995
v -22.443764 1.585905 -180.846542
v -47.903225 -28.946264 -193.273926
v -83.387680 -16.693899 -117.913338
v -65.668617 -39.386398 -184.656708
v -79.284416 -13.492091 -151.828445
v -51.895214 -102.013718 -154.146851
v -73.447144 -49.138893 -177.847610
v -84.277557 -68.370239 -156.614792
v -82.621208 -64.498749 -161.833145
v -51.436134 2.937127 -163.770813
v -45.290794 0.862132 -170.870804
v -14.724955 -45.426403 -206.294189
v -90.182930 -33.681480 -107.171921
v -66.238914 -13.965049 -172.619049
v -65.215538 -50.857941 -183.359299
v -82.642799 -48.908958 -169.071381
v -50.263477 -46.802528 -193.236481
v -33.547955 4.871655 -172.528793
v -43.189323 -36.746056 -197.178528
v -94.333717 -65.744698 -131.399292
v -39.993084 -45.818153 -198.400757
v -95.979500 -49.552311 -132.327621
v -80.878967 -19.993027 -160.301971
v -87.348618 -27.362694 -154.891891
v -66.672462 8.959015 -122.997414
v -71.649811 2.279022 -117.205193
v -67.914841 -111.830162 -123.443573
v -92.095894 -36.124958 -149.146896
v -85.772758 -20.628595 -146.299835
v -93.980995 -36.604576 -129.378937
v -79.043976 -64.055206 -166.167496
v -77.177231 -6.158638 -127.171730
v -53.715839 -63.567936 -184.557175
v -86.270126 -90.479614 -118.139557
v -32.577126 -90.554321 -169.720459
v -17.832649 -110.704002 -149.148743
v -71.362656 -70.208221 -169.275467
v -55.095947 -121.049850 -117.708794
v -86.568153 -35.120987 -163.032806
v -90.461296 -43.791557 -157.766205
v -86.987427 -75.863831 -144.317551
v -94.845749 -45.692429 -142.306595
v -25.393280 51.843399 -132.162567
v -68.734978 -63.270664 -175.658890
v -68.400116 0.583676 -145.582550
v -32.487537 -96.128159 -164.430206
v -85.583839 -80.431351 -141.882950
v -61.271858 -69.739136 -176.585922
v -62.874397 -0.082963 -156.771072
v -93.383339 -36.986301 -120.362389
v -88.504120 -25.623402 -118.800987
v -88.525658 -23.710957 -129.010910
v -92.146896 -46.511852 -101.493271
v -94.468758 -61.219063 -136.876541
v -89.604301 -83.216858 -119.139595
v -78.074516 -35.878323 -174.352478
v -80.846664 -27.728863 -167.867432
v -21.968470 -95.268936 -166.040009
v -78.237785 -88.636589 -145.336655
v -82.771706 -14.425755 -126.729904
v -80.485550 -96.568703 -128.306290
v -94.195381 -47.198265 -110.072060
v -78.449821 -10.100488 -104.740128
v -81.665985 -12.905929 -136.662567
v -69.708008 -77.091621 -165.545135
v -71.774940 -60.127316 -174.968811
v -84.058899 -19.854534 -109.418808
v -90.742386 -28.515238 -140.603043
v -93.008957 -73.933708 -119.804230
v -79.240936 -14.024655 -93.083832
v -69.165810 -37.804752 -182.137512
v -69.621857 -99.847527 -143.204315
v -83.128204 -21.750345 -97.750229
v -74.606148 -2.593776 -102.976410
v -55.673252 22.156553 -129.674866
v -85.819649 -49.993000 -164.747955
v -70.282715 -8.704484 -161.078964
v -60.151939 -97.303123 -154.443741
v -73.824921 -15.725674 -166.217743
v -63.206856 -6.884649 -166.908783
v -88.243645 -22.939669 -133.423019
v -17.809353 32.399200 -150.582001
v -4.318581 -4.466010 -191.190491
v -72.154236 -30.025419 -178.159622
v -90.170639 -82.077759 -109.984901
v -77.052444 -8.210089 -143.995193
v -93.195518 -61.662655 -142.020721
v -84.762817 -94.532646 -103.004745
v -93.847023 -36.240051 -134.865891
v -22.460524 -90.048187 -171.251801
v -83.995018 -16.355059 -138.142410
v -54.947601 -25.206474 -188.104889
v -82.957855 -42.811039 -169.585068
v -87.157516 -34.529247 -93.859154
v -78.312241 -60.530449 -168.976105
v -4.628886 -87.377777 -174.838867
v -22.076292 19.759878 -160.471771
v -21.058941 -60.392284 -198.402191
v -84.130043 -66.335815 -70.670036
v -79.068245 -9.942879 -114.992134
v -80.654869 -100.789978 -112.576210
v -4.593422 -70.309196 -192.723450
v -32.264904 -44.372845 -201.722580
v -93.173447 -71.067497 -128.821014
v -91.356934 -52.789101 -153.842697
v -80.926056 -100.683640 -98.926483
v -89.500137 -83.599190 -106.601707
v -88.508232 -70.925453 -146.288162
v -93.792015 -37.018997 -124.539330
v -94.343925 -50.166271 -145.102951
v -93.742348 -70.501389 -116.145897
v -73.848717 -43.972328 -178.466309
v -11.958070 -123.889198 -124.020096
v -59.300339 -117.444168 -123.622276
v -75.136330 -105.325684 -123.521423
v -66.136452 -110.341248 -131.579163
v -88.496269 -82.941910 -129.008301
v -42.264851 -126.033592 -112.783836
v -93.124146 -59.093075 -144.495697
v -57.270847 -79.477577 -171.625565
v -68.079254 -98.091484 -147.065170
v -43.830494 -109.105858 -149.679794
v -65.650551 -86.773300 -160.595749
v -6.878354 -126.529236 -61.620155
v -80.969063 -73.105019 -157.188126
v -89.294975 -80.565338 -97.736488
v -64.376343 -118.144226 -104.728241
v -67.090302 -91.628174 -154.860214
v -76.197182 -103.197845 -125.965515
v -69.909943 -105.286346 -134.787003
v -88.769249 -80.498634 -132.418716
v -74.923607 -82.609741 -155.944778
v -91.516190 -68.041039 -97.881905
v -94.145988 -60.504215 -107.430000
v -92.457710 -55.695492 -99.747070
v -86.552254 -85.180084 -89.676811
v -81.137825 -94.215469 -131.162613
v -83.974205 -87.492714 -80.629135
v -65.671883 -103.461166 -142.938339
v -91.975029 -37.122898 -110.389656
v -95.636726 -60.472992 -126.319855
v -95.578377 -48.756577 -119.208061
v -22.949530 57.594208 -125.127754
v -92.888260 33.885349 3.112616
v -9.301827 55.845207 -131.686478
v -8.891327 70.033470 -101.127655
v -8.665050 66.990776 -110.862885
v -8.752180 62.011890 -122.292839
v -36.228195 49.384960 -128.202271
v -28.895842 44.422676 -137.438004
v -43.322594 53.615498 -114.692741
v -49.048603 43.478645 -120.121811
v -5.179054 50.868565 -137.984421
v -49.927410 45.722134 -116.210144
f 5385 5383 5270
f 5383 5384 5295
f 5384 5385 5297
f 5385 5384 5383
f 9757 5386 5275
f 9966 9869 5387
f 5387 5388 5295
f 9757 5275 5388
f 9975 9973 5391
f 5389 5390 5297
f 9968 9967 5391
f 9975 5389 9973
f 5384 5387 5295
f 9966 5296 9869
f 5390 5384 5297
f 5384 5390 5387
f 9468 5392 5271
f 9479 5393 5298
f 9471 5393 5394
f 9479 5298 5392
f 9560 5395 5276
f 9564 5396 5299
f 9552 5397 5298
f 9563 5395 9560
f 9609 5398 5275
f 9475 5399 5300
f 9555 5400 5299
f 5400 5399 5398
f 9552 5396 5397
f 9555 5399 5400
f 9481 5393 5300
f 9481 5300 5399
f 7116 7105 7064
f 7102 5402 5301
f 9598 5403 5303
f 7148 7105 5401
f 9605 5404 5277
f 9578 5404 5405
f 9974 5406 5301
f 9605 5277 5406
f 9574 5409 5407
f 9590 9589 5408
f 9576 5409 5302
f 9576 5302 5408
f 9606 5405 5301
f 9578 5302 5404
f 9590 5303 9589
f 9603 5402 9590
f 9609 5400 5398
f 9557 5410 5299
f 9869 5386 5387
f 9557 5299 5400
f 9562 5409 5276
f 9566 5409 5411
f 9567 5395 5299
f 9562 5276 5395
f 9964 5391 5277
f 9968 5296 9967
f 9604 5404 5302
f 9964 5277 5404
f 9567 5411 5395
f 9566 5302 5409
f 9569 5410 5296
f 9569 5296 5412
f 5414 146 1
f 10236 5413 42
f 10036 10017 5414
f 10392 9951 5415
f 10287 9888 9885
f 10287 5416 9888
f 9667 5419 5417
f 9946 5418 5305
f 9980 5419 5304
f 10002 9946 5305
f 10016 5416 9992
f 10393 9888 5304
f 10017 5413 5414
f 9982 5305 5418
f 4729 5420 6
f 9870 5421 5306
f 4715 5421 148
f 9870 5306 5420
f 9596 5422 5278
f 9863 9860 5423
f 9859 5423 5424
f 9858 5422 9596
f 10390 9877 5425
f 9979 5426 5307
f 9862 5423 5306
f 9863 5307 9860
f 9867 5421 43
f 9862 5306 5421
f 9469 5429 5427
f 9480 5428 5308
f 9991 9549 5429
f 9549 5310 5428
f 9607 5430 5279
f 9568 5430 5431
f 9556 5431 5432
f 9607 5279 5432
f 9586 5435 5433
f 9565 5434 5310
f 9575 5435 5309
f 9575 5309 5434
f 9554 5431 5308
f 9568 5309 5430
f 9553 5428 5310
f 9553 5310 5434
f 10391 9887 5426
f 9878 5436 5307
f 10387 9889 9885
f 9878 5307 5426
f 9588 5435 5278
f 9577 5435 5437
f 9861 5422 5307
f 9588 5278 5422
f 10004 5419 9667
f 10396 9883 5438
f 9669 5430 5309
f 9668 5279 5430
f 9861 5437 5422
f 9577 5309 5435
f 9981 5436 9885
f 10396 5304 9883
f 150 5439 4
f 5439 5440 5311
f 5440 150 44
f 150 5440 5439
f 7111 5443 5441
f 5441 5442 5312
f 7342 5442 5443
f 5443 5442 5441
f 5445 151 15
f 151 5444 44
f 5444 5445 5312
f 5445 5444 151
f 5440 5442 5311
f 5442 5444 5312
f 5444 5440 44
f 5440 5444 5442
f 7121 7070 7030
f 7134 5447 5313
f 7122 7069 7031
f 7135 5313 5446
f 9924 5449 5281
f 9962 5450 5314
f 9960 5450 5451
f 9961 5449 9924
f 7124 7109 7076
f 7123 7072 7032
f 7106 5454 5314
f 7123 5453 7072
f 7142 5450 5313
f 9970 5453 7106
f 7122 5447 7069
f 7149 5315 7032
f 4760 5456 152
f 4772 5455 45
f 9906 5456 5317
f 9906 5317 5455
f 4892 5457 15
f 9941 9934 5457
f 4790 5458 153
f 9941 5458 9934
f 9925 5461 5459
f 9918 9917 5460
f 9931 5461 5316
f 9931 5316 5460
f 9935 5458 45
f 9934 5316 5457
f 9918 5317 9917
f 9933 5455 9918
f 7124 5454 7109
f 9972 5462 5314
f 5462 5441 5312
f 7114 7111 5280
f 9930 5461 5281
f 9937 5461 5463
f 9963 5449 5314
f 9930 5281 5449
f 5457 5445 15
f 9976 5445 5464
f 9965 5457 5316
f 9965 5316 5464
f 9963 5463 5449
f 9937 5316 5461
f 9971 5462 5312
f 9976 5312 5445
f 9478 5429 5271
f 9551 5429 5465
f 9550 5392 5298
f 9478 5271 5392
f 9585 5433 5466
f 9602 9570 5467
f 9565 5433 5434
f 9907 9559 5310
f 9563 9560 5397
f 9561 5468 5298
f 9573 9572 5468
f 9561 5298 5397
f 9991 5310 9549
f 9871 5468 9572
f 9550 5465 5392
f 9602 5318 9570
f 9899 5456 6
f 9905 5456 5470
f 9873 5420 5306
f 9899 6 5420
f 9914 9913 5459
f 9978 9903 9876
f 9917 5459 5460
f 9978 5472 9903
f 9858 9596 5424
f 9859 5306 5423
f 9896 9866 5474
f 9897 9866 5319
f 9905 5317 5456
f 9897 5473 9866
f 9873 5470 5420
f 9903 5319 9876
f 7139 7070 5272
f 9597 5403 5475
f 9959 5446 5313
f 7108 5403 7104
f 9574 5276 5409
f 9927 9584 5477
f 9589 5407 5408
f 9599 9584 5320
f 9961 9924 5451
f 9928 5478 5313
f 9921 9910 5478
f 9921 5479 9910
f 9597 5303 5403
f 9923 5478 9910
f 9959 5475 5446
f 9927 5320 9584
f 9986 9595 5474
f 9865 9592 5474
f 9601 9570 5466
f 10025 5466 9570
f 9929 9922 5479
f 9911 9909 5479
f 9902 9876 5471
f 9926 5471 9876
f 9868 5469 5276
f 9871 9572 5318
f 9599 5476 9584
f 9868 9571 5469
f 9900 9591 5481
f 9600 9580 5482
f 9579 5318 9572
f 9994 9580 9901
f 254 5483 3
f 6640 6508 5483
f 6640 5484 6508
f 6478 6424 6403
f 6489 6476 6231
f 6471 6458 5487
f 6741 6739 5485
f 6511 6463 1239
f 6746 6452 5488
f 6510 6459 5830
f 6485 5486 6458
f 6472 5488 6234
f 6517 6464 72
f 6476 5322 6231
f 6450 6381 6325
f 6671 6406 6329
f 6419 6351 6331
f 6440 6329 6406
f 6248 5898 5821
f 6107 6005 5903
f 6184 5917 5827
f 6034 5924 5821
f 6481 6432 6415
f 6462 6405 6359
f 6009 5851 5832
f 6238 5851 5498
f 6055 5932 5827
f 6577 5794 5497
f 6419 5491 6351
f 6055 5494 5932
f 6436 6416 6198
f 6528 5799 5798
f 6666 6199 6197
f 6215 6200 5831
f 6181 6067 5855
f 6132 6008 5953
f 6228 5926 5828
f 6193 5940 5823
f 6102 5964 5911
f 5964 5776 5911
f 6218 6217 5502
f 6131 6004 5954
f 6038 5909 5905
f 6199 6166 6197
f 6481 5498 6432
f 6111 6065 5996
f 6441 6231 5485
f 6118 6066 5955
f 6061 5915 5828
f 5999 5841 5801
f 6106 6011 5904
f 6033 5925 5883
f 6511 5489 6463
f 6472 6234 5322
f 6133 6007 5855
f 6019 5811 6002
f 6098 6006 5936
f 6000 5845 5810
f 6244 6082 5848
f 6210 5830 5856
f 5510 5385 5270
f 5385 5509 5297
f 5509 5510 5329
f 5510 5509 5385
f 9610 5389 5511
f 5511 5512 5328
f 5512 5389 5297
f 5389 5512 5511
f 8113 8097 8095
f 8196 8186 5514
f 8201 8185 8184
f 8113 5513 8097
f 5509 5512 5297
f 8201 5514 8185
f 8196 5329 8186
f 5509 5514 5512
f 7078 7034 7033
f 7051 6961 6916
f 7152 7151 5401
f 7051 5517 6961
f 6841 6795 6278
f 7144 7053 5519
f 6909 6850 6848
f 6857 6841 5518
f 10388 5406 5277
f 7145 5406 5521
f 7103 5522 5331
f 5522 5521 5406
f 6912 6909 5519
f 7125 7067 5331
f 7137 5301 7107
f 7055 5519 6909
f 8461 6668 6444
f 6809 6804 6796
f 6727 6327 6322
f 6413 6322 6327
f 8128 8094 8026
f 7167 7158 6871
f 7181 7164 6873
f 7169 7158 5527
f 6820 6810 6306
f 6646 6302 6301
f 6880 6854 6793
f 6586 6306 5529
f 7166 6873 5527
f 6878 6864 5333
f 6647 6302 5334
f 6823 5524 6706
f 9973 5277 5391
f 5522 5532 5331
f 5532 5511 5328
f 5511 5532 5522
f 6811 6810 5531
f 6865 6854 5333
f 6920 5331 6905
f 6836 5531 6810
f 8101 8095 5515
f 8190 8183 5534
f 8166 7167 5526
f 8127 5526 7161
f 7163 6903 5533
f 8206 5333 6854
f 8189 5532 5328
f 8204 8182 5534
f 5439 258 4
f 7343 258 5535
f 5535 5439 5311
f 5439 5535 258
f 7085 7016 259
f 7086 7015 5537
f 7127 7082 74
f 7114 5443 7111
f 7147 7120 5538
f 7080 7035 5538
f 7080 5539 7035
f 7127 5537 7082
f 7088 5538 7035
f 7129 5535 5311
f 7086 5335 7015
f 6418 6349 1123
f 6653 6376 6310
f 6451 6374 1129
f 6438 6310 6376
f 6404 6320 6279
f 6648 6350 6303
f 6410 6339 6296
f 6431 6303 6350
f 6972 6941 6384
f 6958 6956 6942
f 6955 5545 6940
f 6410 5543 6339
f 6934 6431 6350
f 6451 5541 6374
f 6661 5543 6410
f 7095 7071 7030
f 7059 7009 5547
f 6987 6959 6924
f 7061 7001 6959
f 7154 7042 7036
f 7022 7012 6960
f 7150 7032 5452
f 7027 7012 5550
f 6394 6309 6284
f 6908 6901 6845
f 6938 6928 6900
f 6591 6309 5551
f 7062 7014 5550
f 6977 6947 5552
f 6980 6911 6901
f 6968 5547 6948
f 6994 5546 6967
f 6958 6354 6956
f 7083 7015 5536
f 6973 5554 6949
f 6922 6858 6394
f 6954 6925 6904
f 6649 6377 5542
f 6584 6320 5286
f 7084 7077 5539
f 7048 7019 7017
f 7022 5549 7012
f 7021 5549 6992
f 6982 6931 6926
f 7003 6951 6925
f 7018 5554 6995
f 6982 5555 6931
f 6789 6444 5523
f 6721 6399 6287
f 6672 6332 5490
f 6600 6523 6287
f 6581 6368 6295
f 6632 6333 6275
f 6740 6301 5529
f 6414 6275 6333
f 6032 5922 5882
f 6527 6483 5766
f 6470 5758 5756
f 6250 5866 5863
f 6728 6413 6327
f 6558 6470 5560
f 6536 5809 5777
f 6385 5559 6319
f 7058 7010 5548
f 6974 6918 6917
f 7054 7007 6916
f 6918 5562 6917
f 6592 6307 6284
f 6554 6352 6277
f 6849 6845 5551
f 6575 6352 5564
f 6863 6835 6833
f 6867 6280 5565
f 6593 6364 6274
f 6567 6545 6274
f 6868 5564 6285
f 6565 6364 5565
f 6979 6927 6847
f 6576 6538 6277
f 6627 6340 6305
f 6465 6337 5770
f 6654 6361 5540
f 6155 5875 5804
f 6169 5765 5753
f 6037 5907 5906
f 6557 6167 5569
f 6583 6315 6279
f 6637 6525 6264
f 6602 6341 6288
f 6779 6638 6313
f 5969 5799 5327
f 6522 6518 5342
f 6531 6362 6264
f 6759 6606 5567
f 6573 6562 6293
f 6899 6543 6323
f 6633 6314 5558
f 6504 6494 6260
f 6609 6366 5571
f 6549 6336 6269
f 6571 6537 6271
f 6556 6537 5563
f 5985 5879 5869
f 6683 5757 5751
f 5975 5884 5858
f 6135 5872 5858
f 6533 6491 6259
f 6516 5754 5752
f 6480 6346 5756
f 6501 6491 5573
f 10238 5414 1
f 10326 10027 9983
f 10027 5575 9983
f 10319 9832 9664
f 10012 9677 5577
f 10002 5417 9946
f 9832 5576 9664
f 10064 9958 9950
f 10254 10109 9989
f 10170 10111 10065
f 10037 9954 5577
f 10210 10028 5578
f 10130 10039 9958
f 10036 5305 10017
f 9469 5271 5429
f 9458 9440 5581
f 9480 5427 5428
f 9461 5581 9440
f 10257 9337 5582
f 9998 9434 5583
f 9444 5584 5344
f 9368 5582 9337
f 9675 5432 5279
f 9474 5432 5585
f 10270 9466 5586
f 9476 5586 9466
f 10317 9444 5583
f 9476 9466 5585
f 9472 5581 5308
f 9458 5344 9440
f 10042 9990 4228
f 10216 10044 4235
f 10290 10087 9385
f 10086 9385 9821
f 10347 10138 10070
f 10259 10112 10060
f 10137 10057 10051
f 10237 10200 10050
f 10386 10199 9341
f 10376 10174 10058
f 10266 9995 9373
f 10244 10120 10059
f 10251 10151 9952
f 10309 10058 5592
f 10094 9385 9898
f 10004 9667 5279
f 10018 9509 5594
f 10003 9677 5576
f 10270 5345 9466
f 10386 5593 10199
f 10274 10024 9397
f 10311 5582 5583
f 10257 5287 9337
f 10321 10242 10116
f 10315 10248 10112
f 10283 10213 9417
f 10247 5595 10155
f 10354 10286 5346
f 10125 9989 5343
f 10304 5595 9448
f 5383 5597 5270
f 5597 5598 5348
f 5598 5383 5295
f 5383 5598 5597
f 9488 9485 5599
f 9483 5599 5600
f 5600 5601 5348
f 9485 5288 5601
f 9510 5388 5275
f 5388 5602 5295
f 9511 5603 5349
f 9510 5275 5603
f 5598 5600 5348
f 9687 9483 5349
f 5602 5598 5295
f 5598 5602 5600
f 9626 9388 5604
f 9384 5605 5350
f 9392 5605 5606
f 9384 5350 5604
f 9648 9339 5607
f 9406 9379 5608
f 9796 9370 5608
f 9777 9379 5351
f 9497 5612 5610
f 9413 5611 5352
f 9409 5612 5351
f 9421 5612 9409
f 9378 5608 9370
f 9406 5351 9379
f 9402 5605 5352
f 9390 5608 9378
f 9468 5394 5392
f 9471 5300 5393
f 9508 9462 5614
f 9462 5354 5613
f 5398 5615 5275
f 9477 9464 5615
f 9475 5398 5399
f 9477 5616 9464
f 9424 9340 5619
f 9459 9445 5618
f 9375 5619 5353
f 9375 5353 5618
f 9473 5616 5300
f 9464 5353 5615
f 9459 5354 9445
f 9463 5613 9459
f 9488 5288 9485
f 9415 5620 5351
f 9687 5599 9483
f 9415 5351 5612
f 9425 5619 9340
f 9396 5619 5621
f 9777 5607 9379
f 9648 5289 9339
f 5615 5603 5275
f 5603 5622 5349
f 9467 5615 5353
f 9467 5353 5622
f 9395 5621 5607
f 9396 5353 5619
f 9465 5620 5349
f 9465 5349 5622
f 9646 9631 9504
f 9635 9506 5624
f 9646 9500 9631
f 9730 9674 9435
f 9793 9673 9521
f 9640 9499 5627
f 9536 9486 9451
f 9697 9436 5629
f 9534 9499 9433
f 9800 9501 5626
f 9656 9624 9437
f 9655 5356 9451
f 9787 9436 9642
f 10020 9880 4229
f 10084 9383 5631
f 10053 9708 4233
f 9884 9383 9689
f 9845 9714 9530
f 9806 9688 9407
f 9939 9676 9362
f 9825 9714 5632
f 10100 9785 4257
f 9807 9702 9651
f 9702 5636 9651
f 10015 9831 5357
f 9849 9732 9685
f 10053 5631 9708
f 10362 5633 9831
f 9637 9389 5639
f 9391 5638 5359
f 9545 9387 5639
f 9625 9387 5361
f 9711 9484 5642
f 9778 9752 9408
f 9738 9412 5641
f 9749 9416 5641
f 9797 9532 9348
f 9733 9358 5644
f 9748 9518 9372
f 9739 9372 9518
f 9401 5641 5359
f 9763 9608 9408
f 9733 5644 9377
f 9393 5638 9377
f 10368 9657 9453
f 9722 9634 9414
f 9654 9507 5626
f 9826 9683 9651
f 9797 5645 9532
f 9764 9734 9531
f 9808 9726 9618
f 9713 9530 5290
f 9788 9621 9482
f 9762 9642 9514
f 9778 5640 9752
f 9741 9422 9608
f 9774 9704 9630
f 9739 9518 5360
f 9814 5646 9622
f 9802 9762 5355
f 9460 5614 5271
f 9720 9441 9438
f 9461 9440 5580
f 9508 5354 9462
f 9425 9340 5289
f 9728 9350 9309
f 9445 5617 5618
f 9728 5651 9350
f 9368 9337 5584
f 9343 5652 5344
f 9322 9315 5652
f 9322 5653 9315
f 9441 5354 9438
f 9335 5652 9315
f 9442 5649 9439
f 9350 5362 9309
f 9380 5639 5274
f 9612 9359 5639
f 9363 5604 5350
f 9626 5274 9388
f 9639 9354 9329
f 9522 9334 9312
f 9773 9512 9358
f 9803 9522 5656
f 9426 9339 5609
f 9811 9347 5657
f 9632 9330 9313
f 9810 5658 9313
f 9545 5361 9387
f 9632 5657 9330
f 9363 5654 5604
f 9799 9334 5363
f 10119 10042 5588
f 10250 9822 9364
f 10078 5630 9383
f 10378 10219 9360
f 10351 10329 9349
f 10285 10010 9804
f 10278 9544 5661
f 9729 9686 9369
f 9681 9342 5662
f 10350 9717 9323
f 9816 5663 9317
f 10086 9821 5347
f 9908 9717 5662
f 10078 9383 9690
f 10351 9308 10329
f 9355 5658 9339
f 9493 9307 9300
f 9332 9309 5650
f 9492 5650 9309
f 9940 9324 5663
f 9515 9318 9302
f 9619 9312 5655
f 9431 5655 9312
f 9353 9326 5653
f 9721 9319 9298
f 10235 9308 5660
f 10377 9308 10021
f 9452 9316 9297
f 10011 9301 5666
f 9335 9315 5362
f 9430 5664 9299
f 5597 5510 5270
f 5510 5667 5329
f 5667 5597 5348
f 5597 5667 5510
f 8115 8102 8093
f 8207 8124 8107
f 8195 5513 8186
f 8102 5668 8093
f 5671 5601 5288
f 5601 5670 5348
f 8200 8191 8088
f 8191 5671 8088
f 8197 5669 8105
f 8207 8090 8124
f 5670 5667 5348
f 8192 5670 8107
f 6735 6326 5273
f 7749 7183 7175
f 6822 6803 6796
f 6817 6786 5672
f 7772 7765 7762
f 7820 7811 7761
f 7776 7733 7679
f 7819 7765 5674
f 8156 8027 8026
f 7184 7164 5332
f 7875 7844 7824
f 8042 7875 5678
f 7751 7180 7175
f 7833 7829 7811
f 6895 6875 5673
f 7818 6874 7814
f 9388 5606 5604
f 9392 5352 5605
f 9386 7973 5679
f 9386 5680 7973
f 9497 5288 5612
f 8117 8086 8024
f 9413 5610 5611
f 8086 5682 8024
f 7847 7827 7823
f 7998 7978 7953
f 7868 7865 5685
f 8041 7830 7823
f 8084 5682 5352
f 7980 7976 5684
f 7979 7953 5369
f 8106 5679 7989
f 8029 5678 7871
f 7881 7844 5367
f 8104 8090 5668
f 8023 7993 5686
f 7822 7768 7762
f 7996 7852 5687
f 7817 7812 5674
f 7845 5685 7827
f 8092 5671 5288
f 8108 8088 5365
f 8117 5681 8086
f 8110 5681 8089
f 7853 5687 7825
f 8142 7977 7974
f 8114 5686 8099
f 7995 7841 7991
f 5483 454 3
f 6758 6752 454
f 6564 5483 6508
f 6755 5483 6564
f 7334 7261 7239
f 7246 7211 6770
f 9214 5691 6770
f 6478 5487 6424
f 8152 6482 6456
f 8305 7336 6453
f 7336 5693 6701
f 7238 7215 5691
f 8753 6749 5692
f 9213 6482 5321
f 6713 5689 6482
f 7435 7407 2201
f 7536 7396 7378
f 7438 7406 2207
f 7423 7378 7396
f 8011 7897 7258
f 7959 7885 7324
f 8244 7530 7421
f 7912 7511 7325
f 7758 7411 2223
f 7911 7316 7260
f 8077 7886 7327
f 7890 7577 7421
f 8125 7324 8037
f 7438 5695 7406
f 7890 5697 7577
f 6670 6383 6325
f 6676 6360 6331
f 8320 6772 6317
f 8395 6772 5702
f 6692 6433 6378
f 6712 6386 6342
f 6687 6401 6359
f 7299 6439 6415
f 7286 7252 7186
f 8383 7178 6799
f 7179 6767 6695
f 7179 5707 6767
f 6715 6443 5704
f 6754 6704 6342
f 6788 6717 6766
f 6690 6676 5325
f 8151 7930 7560
f 8273 8131 7233
f 7246 5690 7211
f 8071 8014 7538
f 8049 7202 7251
f 8121 7220 7204
f 7960 7326 7318
f 7558 7322 7256
f 8447 6425 5693
f 6780 6709 6701
f 6712 5703 6386
f 6477 6433 5282
f 8072 7971 7208
f 6781 6700 5710
f 6780 5370 6709
f 8040 5708 7237
f 458 5624 5
f 9539 9495 5624
f 9539 5711 9495
f 9489 9428 5627
f 9779 9490 5713
f 9496 5627 9451
f 9489 5712 9428
f 459 5714 126
f 9491 5715 5375
f 9517 459 9114
f 9635 5356 9506
f 9491 5714 5715
f 9756 5711 458
f 9513 5714 9491
f 9389 5274 5639
f 9070 9061 5717
f 9391 5637 5638
f 9080 9061 9070
f 7916 7717 7715
f 9096 9066 7922
f 9089 7923 7920
f 9099 7925 7913
f 9755 5642 9484
f 9412 5359 5641
f 9113 9067 5722
f 9418 5722 9067
f 9093 9089 5719
f 9120 9090 9066
f 9065 5717 5359
f 9094 5719 9089
f 7432 7408 2198
f 7598 7580 5723
f 7545 7384 7380
f 7426 7380 7384
f 9105 9078 5725
f 9091 7700 7699
f 7700 5726 7699
f 7704 7601 7600
f 7591 7375 7373
f 7707 7698 7599
f 7594 7591 5728
f 7674 7587 7586
f 7710 7672 5728
f 7529 7525 7375
f 7597 5723 7581
f 9640 5291 9499
f 9112 9072 5722
f 9115 5712 5375
f 9112 5730 9072
f 7799 7704 5729
f 7702 7698 5378
f 9068 5718 7922
f 7792 5729 7704
f 9517 9114 5715
f 9109 9106 5732
f 9108 9091 5725
f 9084 9071 9079
f 9102 9097 9062
f 9098 7698 7955
f 9115 5730 5712
f 9109 5375 9106
f 8282 6719 6710
f 8396 8309 6766
f 8506 7288 6870
f 8282 5702 6719
f 7319 7232 7197
f 8386 8230 8177
f 8264 7221 7178
f 8264 5705 7221
f 8233 7771 7729
f 8220 7692 7653
f 7648 7634 7609
f 8390 7654 7634
f 8449 8281 6815
f 8333 7646 7628
f 8296 6870 7191
f 8311 5735 7253
f 7432 5724 7408
f 7425 7393 7369
f 7537 7381 5694
f 7645 7603 7602
f 7485 7397 7363
f 7592 7588 7373
f 7567 7496 7397
f 8009 7447 7431
f 7526 7500 7379
f 8312 7503 7401
f 7493 7482 7361
f 7426 7384 5379
f 7492 7401 5741
f 7568 7392 7370
f 7497 7477 7363
f 9060 5680 5274
f 9088 7975 7940
f 9064 5716 9061
f 8001 7975 5743
f 7802 7760 7728
f 8239 7725 7676
f 8157 7866 7864
f 7797 7763 5745
f 7937 7791 5720
f 7965 7934 7918
f 7777 7730 7718
f 7926 7916 5718
f 7947 7800 7942
f 7798 7780 7730
f 7985 7943 7918
f 7929 7872 7796
f 8052 7319 5293
f 7480 7389 7353
f 7470 7449 7352
f 8286 7470 5734
f 7644 7640 7602
f 7637 7611 7610
f 7494 7476 7358
f 7606 7476 5739
f 8257 7689 7686
f 8391 7636 7627
f 7782 7748 7742
f 7663 5750 7618
f 7473 7452 7357
f 7665 7632 7631
f 8259 7615 7609
f 7738 7734 7629
f 6642 6542 6298
f 6495 5751 5757
f 6515 6363 6311
f 6681 6426 6336
f 6568 6172 5753
f 6522 5753 6518
f 7279 6495 5757
f 6057 5913 5878
f 7279 5574 6495
f 6159 6135 5568
f 6544 6475 5756
f 6256 5865 5789
f 6629 5754 6516
f 5865 5757 5789
f 6664 5930 5768
f 6190 5882 5495
f 5956 5870 5862
f 5990 5888 5759
f 6249 5763 5880
f 5980 5895 5874
f 7284 6142 5870
f 5984 5875 5761
f 7330 5981 5893
f 5983 5894 5804
f 6154 5892 5806
f 6167 5765 5802
f 6148 5888 5805
f 6035 5898 5764
f 6601 6365 5570
f 6557 5765 6167
f 6558 5758 6470
f 5912 5766 5809
f 6527 5560 6483
f 6146 5561 5863
f 5809 5766 5777
f 6056 5917 5768
f 5975 5760 5884
f 6192 5945 5906
f 6028 5921 5881
f 6173 5921 5569
f 6087 5974 5938
f 6011 5493 5904
f 6005 5773 5903
f 6054 5933 5891
f 6195 5931 5819
f 6253 6034 5493
f 6029 5919 5880
f 6041 5940 5774
f 6197 6166 5499
f 6193 5775 5940
f 6039 5908 5823
f 6058 5916 5877
f 6674 6338 5557
f 6483 5777 5766
f 6252 5776 5998
f 6001 5911 5505
f 6507 5791 5779
f 6440 6406 5323
f 6170 5815 5780
f 6221 5820 6030
f 7883 5923 5771
f 6248 5781 5898
f 6060 5923 5897
f 6057 5782 5913
f 6032 5772 5922
f 5963 5903 5494
f 6180 6175 5859
f 6176 6175 5754
f 6012 5852 5825
f 6015 5849 5816
f 6114 6020 6003
f 6089 5999 5786
f 8054 6136 5864
f 6152 5890 5869
f 6105 5776 5964
f 6037 5788 5907
f 6250 5758 5866
f 6544 5751 6475
f 5968 5504 5910
f 6092 5959 5794
f 6689 5491 6419
f 5950 5790 5948
f 6168 5499 6166
f 6103 5968 5910
f 6134 6067 5793
f 5959 5842 5822
f 5962 5846 5796
f 7168 6139 5867
f 7285 5929 5878
f 6009 5794 5851
f 6093 6040 5842
f 6017 5840 5797
f 6070 5954 5326
f 6177 5946 5835
f 6196 5909 5327
f 6179 5799 5770
f 7308 6465 5500
f 6020 5508 6003
f 5979 5936 5507
f 5977 5843 5801
f 6247 6061 5505
f 6186 6157 5802
f 6174 5884 5753
f 6063 5771 5923
f 5974 5507 5938
f 6062 5926 5762
f 6161 5893 5761
f 6147 5889 5805
f 6151 5879 5759
f 6155 5769 5875
f 6158 5760 5975
f 6144 5885 5807
f 5989 5495 5882
f 6232 5485 6231
f 7295 6435 6403
f 5912 5809 5768
f 6664 5323 5930
f 6088 5971 5937
f 6090 5976 5841
f 6077 5856 5508
f 6506 6200 23
f 6202 5952 5834
f 5978 5844 5813
f 6010 5813 5846
f 6462 5497 6405
f 6432 5496 6415
f 6509 6396 5815
f 6484 5770 6337
f 6100 5978 5785
f 6121 6050 5852
f 6047 5854 5817
f 6104 6000 5326
f 6072 5790 5966
f 6084 5818 5965
f 6184 5783 5917
f 5901 5772 5900
f 5902 5820 5780
f 6030 5820 5905
f 6188 5899 5821
f 6223 5764 5882
f 6529 5822 5791
f 5949 5494 5918
f 5944 5823 5788
f 5907 5774 5906
f 6227 5941 5824
f 6189 5916 5503
f 6048 5800 5972
f 6082 5506 5848
f 6081 5800 5857
f 6128 5826 6018
f 6255 5918 5827
f 6634 5930 5323
f 7889 5928 5828
f 7290 5913 5762
f 7333 5927 5829
f 7293 5925 5283
f 6210 5856 5837
f 6675 5830 6459
f 6181 5812 6067
f 6612 6204 257
f 6506 5831 6200
f 6065 5808 5996
f 6112 5808 6065
f 6115 6019 6002
f 6131 5833 6004
f 6206 6204 5834
f 6008 5502 5953
f 6612 5834 6204
f 6191 5947 5835
f 5966 5775 5908
f 6245 6003 6074
f 6133 5501 6007
f 6076 5800 5973
f 6077 5837 5856
f 6016 5838 5792
f 6203 5951 5952
f 6076 5973 5839
f 6236 5839 6231
f 6023 5840 5818
f 6229 5793 6067
f 6102 5810 5964
f 5971 5786 5937
f 6107 5796 6005
f 6036 5794 5955
f 6098 5803 6006
f 7690 5771 5927
f 5982 5844 5803
f 6006 5785 5936
f 6254 5998 5845
f 6104 5845 6000
f 5958 5846 5813
f 6108 5846 5962
f 6116 5811 6019
f 6245 5811 6003
f 6241 6233 5848
f 6014 5996 5506
f 6013 5849 5832
f 6066 5324 5955
f 6068 5850 5817
f 6117 5850 6070
f 6678 5851 5814
f 5851 5794 5814
f 6111 5816 6065
f 6046 5785 5935
f 6049 5853 5825
f 6052 5507 5936
f 6051 5854 5826
f 6018 5786 5938
f 6069 5855 5833
f 6004 5793 5954
f 6110 5856 5847
f 6212 5830 6207
f 6081 5857 5837
f 6237 5322 6210
f 6185 5934 5858
f 6172 5752 5784
f 7284 5755 6142
f 5943 5754 5860
f 5943 5860 5787
f 7305 5860 7279
f 5939 5861 5859
f 6137 5568 5934
f 5942 5787 5865
f 6136 5755 5864
f 5863 5789 5756
f 6256 5561 5865
f 6176 5859 6175
f 7291 5755 5961
f 7311 5865 5787
f 5942 5865 5561
f 5985 5767 5879
f 5995 5758 5887
f 7300 6141 5867
f 6162 5761 5875
f 6243 6138 5868
f 8161 5868 5986
f 6143 5869 5862
f 7282 5956 5759
f 7275 5961 5870
f 6150 5759 5888
f 6249 5880 5919
f 5992 5892 5760
f 5987 5876 5872
f 6163 5895 5568
f 6243 5795 6138
f 7193 6139 5761
f 5957 5874 5861
f 6163 5874 5895
f 6162 5875 5874
f 5980 5769 5895
f 5992 5806 5892
f 6153 5769 5894
f 6156 5877 5804
f 6224 5983 5503
f 8065 6160 5878
f 5981 5762 5893
f 5990 5805 5888
f 6147 5767 5889
f 6251 5991 5880
f 6154 5763 5892
f 5988 5881 5871
f 6171 5569 6167
f 5989 5882 5805
f 6148 5764 5888
f 8161 5986 5883
f 7293 5883 5925
f 6169 5802 5765
f 6186 5760 6157
f 5885 5866 5758
f 5993 5767 5890
f 6145 5886 5807
f 6164 5886 5891
f 5995 5887 5807
f 6165 5766 5912
f 6150 5888 5868
f 7755 5764 5898
f 5994 5807 5886
f 6144 5767 5885
f 5993 5890 5866
f 6146 5863 5866
f 5997 5891 5886
f 6216 5891 5933
f 6157 5871 5802
f 5988 5763 5881
f 5984 5804 5875
f 6156 5762 5877
f 6153 5894 5806
f 6192 5503 5945
f 6159 5872 6135
f 5987 5769 5876
f 6095 5970 5896
f 6101 5493 6011
f 5976 5801 5841
f 6097 5977 5771
f 7755 5898 5883
f 6033 5781 5925
f 6109 5773 6005
f 6027 5931 5772
f 6024 5901 5900
f 6216 5933 5495
f 6027 5819 5931
f 6194 5783 5932
f 5902 5881 5763
f 6028 5780 5921
f 6026 5903 5819
f 6195 5773 5931
f 6025 5904 5899
f 6220 5493 6034
f 6187 5905 5820
f 6196 5905 5909
f 6183 5906 5880
f 6029 5774 5919
f 6041 5823 5940
f 5907 5788 5823
f 6072 5966 5908
f 6225 5908 6039
f 5969 5798 5799
f 6073 5946 5775
f 6043 5914 5910
f 6225 6039 5504
f 6228 5778 5926
f 6044 5776 5914
f 6165 5912 5886
f 6226 5768 5917
f 6062 5828 5926
f 7889 5782 5928
f 6044 5914 5824
f 5914 5788 5824
f 6042 5915 5911
f 6247 5915 6061
f 6045 5824 5945
f 6219 5824 6045
f 6226 5917 5891
f 6054 5783 5933
f 5949 5918 5791
f 5918 5779 5791
f 6031 5919 5820
f 6187 5774 5905
f 6179 5327 5799
f 6170 5770 5815
f 5921 5815 5569
f 5921 5780 5815
f 6035 5821 5898
f 6188 5772 5899
f 6063 5923 5829
f 7331 5782 5929
f 6059 5924 5896
f 6253 5924 6034
f 6064 5829 5929
f 7333 5781 5927
f 5926 5877 5762
f 6058 5778 5916
f 7690 5927 5896
f 6059 5781 5924
f 5928 5897 5505
f 6060 5782 5923
f 7331 5929 5829
f 6064 5929 5283
f 6056 5827 5917
f 6255 5779 5918
f 5931 5899 5772
f 6025 5773 5904
f 6194 5932 5819
f 6026 5494 5903
f 5933 5900 5495
f 6024 5783 5901
f 6137 5934 5859
f 6180 5784 6175
f 6119 6046 5935
f 6113 6015 5324
f 6120 6052 5936
f 6122 6012 5785
f 6022 5817 5850
f 6130 6047 5786
f 6128 6018 5938
f 6053 5938 5507
f 5939 5864 5755
f 8060 5859 6176
f 5940 5905 5774
f 6038 5775 5909
f 6246 5911 5776
f 6042 5778 5915
f 5942 5862 5787
f 6152 5561 5890
f 6178 5943 5864
f 8054 5787 6136
f 5944 5910 5504
f 6043 5788 5914
f 6222 5788 6037
f 6045 5945 5503
f 5946 5909 5775
f 6071 5798 5969
f 6205 5792 6198
f 6080 5790 5950
f 6078 5950 5948
f 6086 5504 5968
f 6040 5822 5842
f 5949 5791 5822
f 6080 5950 5838
f 5950 5818 5838
f 6079 5838 6021
f 6182 5838 6079
f 6217 5834 5952
f 6203 5952 73
f 6084 5965 5953
f 6021 5953 5502
f 6254 5797 5998
f 6085 6017 5793
f 6091 6036 5955
f 6108 5962 5324
f 6151 5869 5879
f 5956 5862 5869
f 7193 5867 6139
f 7300 5861 6141
f 5958 5904 5773
f 6106 5813 6011
f 5959 5497 5794
f 5959 5822 5497
f 7329 6242 5960
f 7285 5283 5929
f 7291 5961 5867
f 7341 7168 5795
f 5962 5955 5324
f 6091 5796 6036
f 5963 5842 5796
f 6093 5494 6040
f 6105 5964 5845
f 5964 5810 5845
f 6085 5840 6017
f 5965 5818 5840
f 6073 5835 5946
f 6191 5790 5947
f 6083 5967 5954
f 5967 5326 5954
f 6086 5968 5840
f 5968 5797 5840
f 6071 5969 5909
f 5969 5327 5909
f 6097 5843 5977
f 5970 5803 5843
f 6089 5841 5999
f 5971 5810 5841
f 6124 6048 5972
f 6129 5508 6020
f 6050 5825 5852
f 6125 5800 6048
f 6096 5974 5843
f 5974 5801 5843
f 6158 5975 5872
f 5975 5858 5872
f 6094 5976 5897
f 5976 5505 5897
f 7883 5897 5923
f 6094 5801 5976
f 5978 5935 5785
f 6099 5813 6010
f 5979 5843 5803
f 6096 5507 5974
f 5980 5875 5769
f 5980 5874 5875
f 7290 5878 5913
f 8065 5873 6160
f 5982 5896 5493
f 6095 5803 5970
f 6189 5877 5916
f 5983 5804 5877
f 5984 5893 5804
f 5984 5761 5893
f 5985 5890 5767
f 5985 5869 5890
f 5986 5888 5764
f 5986 5868 5888
f 5987 5895 5769
f 5987 5872 5895
f 5988 5892 5763
f 5988 5871 5892
f 5989 5889 5495
f 5989 5805 5889
f 5990 5879 5805
f 5990 5759 5879
f 6224 5894 5983
f 5991 5806 5894
f 5992 5876 5806
f 5992 5760 5876
f 5993 5885 5767
f 5993 5866 5885
f 5994 5889 5807
f 5994 5495 5889
f 5995 5885 5758
f 5995 5807 5885
f 5996 5848 5506
f 6241 5808 6233
f 5997 5912 5768
f 5997 5886 5912
f 6252 5998 5910
f 6103 5797 5968
f 5999 5938 5786
f 6087 5801 5974
f 6000 5937 5326
f 6088 5810 5971
f 6001 5841 5810
f 6090 5505 5976
f 6214 5836 6200
f 6213 5811 6075
f 6074 6003 5847
f 6110 5508 5856
f 6134 5855 6067
f 6004 5833 5855
f 6109 6005 5846
f 6005 5796 5846
f 6100 5844 5978
f 6006 5803 5844
f 6208 6007 5831
f 6215 5501 6200
f 6218 5834 6217
f 6206 5812 6204
f 6009 5955 5794
f 6118 5832 6066
f 6099 6010 5935
f 6010 5324 5935
f 6101 6011 5844
f 6011 5813 5844
f 6012 5936 5785
f 6120 5825 6052
f 6235 6013 5498
f 6238 5832 5851
f 6014 5852 5816
f 6121 5506 6050
f 6015 5935 5324
f 6119 5816 6046
f 6016 5947 5790
f 6211 5792 6205
f 6017 5954 5793
f 6083 5797 5967
f 6130 5854 6047
f 6018 5826 5854
f 6116 6019 5850
f 6019 5833 5850
f 6129 6020 5854
f 6020 5817 5854
f 6021 5838 5818
f 6079 6021 5502
f 6127 6022 5937
f 6022 5326 5937
f 6023 5948 5504
f 6078 5818 5950
f 6024 5933 5783
f 6024 5900 5933
f 6025 5931 5773
f 6025 5899 5931
f 6026 5932 5494
f 6026 5819 5932
f 6027 5901 5819
f 6027 5772 5901
f 6028 5902 5780
f 6028 5881 5902
f 6029 5906 5774
f 6029 5880 5906
f 6221 6030 5920
f 6030 5327 5920
f 6031 5902 5763
f 6031 5820 5902
f 6032 5900 5772
f 6190 5495 5900
f 6033 5898 5781
f 6033 5883 5898
f 6220 6034 5899
f 6034 5821 5899
f 6035 5922 5821
f 6223 5882 5922
f 6092 5842 5959
f 6036 5796 5842
f 6222 6037 5945
f 6037 5906 5945
f 6038 5940 5775
f 6038 5905 5940
f 6039 5944 5504
f 6039 5823 5944
f 6040 5949 5822
f 6040 5494 5949
f 6041 5907 5823
f 6041 5774 5907
f 6042 5941 5778
f 6246 5776 5941
f 6043 5944 5788
f 6043 5910 5944
f 6044 5941 5776
f 6044 5824 5941
f 6219 6045 5916
f 6045 5503 5916
f 6122 5852 6012
f 6046 5816 5852
f 6047 5937 5786
f 6127 5817 6022
f 6125 6048 5853
f 6048 5826 5853
f 6049 5973 5800
f 6123 5825 6050
f 6123 6050 5973
f 6050 5506 5973
f 6051 5972 5508
f 6124 5826 6048
f 6126 5853 6053
f 6052 5825 5853
f 6053 5853 5826
f 6126 6053 5507
f 6054 5917 5783
f 6054 5891 5917
f 6055 5918 5494
f 6055 5827 5918
f 6056 5930 5827
f 6056 5768 5930
f 6057 5929 5782
f 6057 5878 5929
f 6058 5926 5778
f 6058 5877 5926
f 6059 5927 5781
f 6059 5896 5927
f 6060 5928 5782
f 6060 5897 5928
f 6061 5928 5505
f 6061 5828 5928
f 6062 5913 5828
f 6062 5762 5913
f 6063 5927 5771
f 6063 5829 5927
f 6064 5925 5829
f 6064 5283 5925
f 6112 6065 5849
f 6065 5816 5849
f 6113 5849 6015
f 6066 5832 5849
f 6229 6067 5953
f 6132 5812 6008
f 6068 6003 5811
f 6114 5817 6020
f 6069 6002 5501
f 6115 5833 6019
f 6070 5850 5833
f 6117 6070 5326
f 6071 5946 5798
f 6071 5909 5946
f 6072 5948 5790
f 6072 5908 5948
f 6073 5966 5835
f 6073 5775 5966
f 6240 6075 6074
f 6212 6207 5847
f 6213 6075 5836
f 6075 5489 5836
f 6076 5857 5800
f 6076 5839 5857
f 6077 5972 5837
f 6077 5508 5972
f 6078 6023 5818
f 6078 5948 6023
f 6182 6079 5951
f 6079 5502 5951
f 6080 6016 5790
f 6080 5838 6016
f 6081 5972 5800
f 6081 5837 5972
f 6082 5973 5506
f 6082 5839 5973
f 6083 6017 5797
f 6083 5954 6017
f 6084 6021 5818
f 6084 5953 6021
f 6085 5965 5840
f 6085 5793 5965
f 6086 6023 5504
f 6086 5840 6023
f 6087 5999 5801
f 6087 5938 5999
f 6088 6000 5810
f 6088 5937 6000
f 6089 5971 5841
f 6089 5786 5971
f 6090 6001 5505
f 6090 5841 6001
f 6091 5962 5796
f 6091 5955 5962
f 6092 6036 5842
f 6092 5794 6036
f 6093 5963 5494
f 6093 5842 5963
f 6094 5977 5801
f 6094 5897 5977
f 6095 5982 5803
f 6095 5896 5982
f 6096 5979 5507
f 6096 5843 5979
f 6097 5970 5843
f 6097 5771 5970
f 6098 5979 5803
f 6098 5936 5979
f 6099 5978 5813
f 6099 5935 5978
f 6100 6006 5844
f 6100 5785 6006
f 6101 5982 5493
f 6101 5844 5982
f 6102 6001 5810
f 6102 5911 6001
f 6103 5998 5797
f 6103 5910 5998
f 6104 5967 5845
f 6104 5326 5967
f 6105 5998 5776
f 6105 5845 5998
f 6106 5958 5813
f 6106 5904 5958
f 6107 5963 5796
f 6107 5903 5963
f 6108 6010 5846
f 6108 5324 6010
f 6109 5958 5773
f 6109 5846 5958
f 6110 6003 5508
f 6110 5847 6003
f 6111 6014 5816
f 6111 5996 6014
f 6112 6013 5808
f 6112 5849 6013
f 6113 6066 5849
f 6113 5324 6066
f 6114 6068 5817
f 6114 6003 6068
f 6115 6069 5833
f 6115 6002 6069
f 6116 6068 5811
f 6116 5850 6068
f 6117 6022 5850
f 6117 5326 6022
f 6118 6009 5832
f 6118 5955 6009
f 6119 6015 5816
f 6119 5935 6015
f 6120 6012 5825
f 6120 5936 6012
f 6121 6014 5506
f 6121 5852 6014
f 6122 6046 5852
f 6122 5785 6046
f 6123 6049 5825
f 6123 5973 6049
f 6124 6051 5826
f 6124 5972 6051
f 6125 6049 5800
f 6125 5853 6049
f 6126 6052 5853
f 6126 5507 6052
f 6127 6047 5817
f 6127 5937 6047
f 6128 6053 5826
f 6128 5938 6053
f 6129 6051 5508
f 6129 5854 6051
f 6130 6018 5854
f 6130 5786 6018
f 6131 6070 5833
f 6131 5954 6070
f 6132 6067 5812
f 6132 5953 6067
f 6133 6069 5501
f 6133 5855 6069
f 6134 6004 5855
f 6134 5793 6004
f 6135 5934 5568
f 6135 5858 5934
f 6142 5862 5870
f 6136 5787 5862
f 6140 5861 5874
f 6137 5859 5861
f 7282 5870 5956
f 7275 5795 5961
f 7330 5873 5981
f 6242 5795 5960
f 6140 6137 5861
f 6140 5568 6137
f 6141 5939 5755
f 6141 5861 5939
f 6142 6136 5862
f 6142 5755 6136
f 6143 5942 5561
f 6143 5862 5942
f 6144 5889 5767
f 6144 5807 5889
f 6145 5887 5766
f 6145 5807 5887
f 6146 5890 5561
f 6146 5866 5890
f 6147 5879 5767
f 6147 5805 5879
f 6148 5882 5764
f 6148 5805 5882
f 7879 6149 5960
f 7888 6149 5283
f 6150 6138 5759
f 6150 5868 6138
f 6151 5956 5869
f 6151 5759 5956
f 6152 6143 5561
f 6152 5869 6143
f 6153 5876 5769
f 6153 5806 5876
f 6154 5880 5763
f 6251 5806 5991
f 6155 5894 5769
f 6155 5804 5894
f 6156 5893 5762
f 6156 5804 5893
f 6157 5892 5871
f 6157 5760 5892
f 6158 5876 5760
f 6158 5872 5876
f 6159 5895 5872
f 6159 5568 5895
f 7888 5960 6149
f 7329 5873 6242
f 6161 6139 5873
f 6161 5761 6139
f 6162 5957 5761
f 6162 5874 5957
f 6163 6140 5874
f 6163 5568 6140
f 6164 5994 5886
f 6164 5495 5994
f 6165 6145 5766
f 6165 5886 6145
f 6168 6166 5835
f 6177 5798 5946
f 6171 6167 5871
f 6167 5802 5871
f 6209 6168 5947
f 6168 5835 5947
f 6169 5884 5802
f 6169 5753 5884
f 6170 5920 5770
f 6170 5780 5920
f 6173 5881 5921
f 6171 5871 5881
f 6174 5858 5884
f 6185 5784 5934
f 6173 6171 5881
f 6173 5569 6171
f 6174 6172 5858
f 6174 5753 6172
f 6175 5752 5754
f 6175 5784 5752
f 8060 6176 5864
f 6178 5754 5943
f 6177 6166 5798
f 6177 5835 6166
f 6178 6176 5754
f 6178 5864 6176
f 6179 5920 5327
f 6179 5770 5920
f 6180 5934 5784
f 6180 5859 5934
f 6181 6007 5812
f 6181 5855 6007
f 6182 5792 5838
f 6182 5951 5792
f 6183 5991 5503
f 6183 5880 5991
f 6184 5932 5783
f 6184 5827 5932
f 6185 6172 5784
f 6185 5858 6172
f 6186 5884 5760
f 6186 5802 5884
f 6187 5919 5774
f 6187 5820 5919
f 6188 5922 5772
f 6188 5821 5922
f 6189 5983 5877
f 6189 5503 5983
f 6190 6032 5882
f 6190 5900 6032
f 6191 5966 5790
f 6191 5835 5966
f 6192 6183 5503
f 6192 5906 6183
f 6193 5908 5775
f 6193 5823 5908
f 6194 5901 5783
f 6194 5819 5901
f 6195 5903 5773
f 6195 5819 5903
f 6196 6030 5905
f 6196 5327 6030
f 6202 73 5952
f 6416 5499 6198
f 6716 6412 6340
f 6201 5792 5951
f 6205 6198 5499
f 6650 6198 6201
f 6528 5500 5799
f 6199 5798 6166
f 6514 5836 6449
f 6214 6200 5501
f 6201 6198 5792
f 6650 6201 73
f 6202 5834 992
f 6202 992 73
f 6203 6201 5951
f 6203 73 6201
f 6204 5831 257
f 6208 5812 6007
f 6211 6205 5947
f 6209 5499 6168
f 6206 6008 5812
f 6206 5834 6008
f 6207 6074 5847
f 6240 5489 6075
f 6208 6204 5812
f 6208 5831 6204
f 6209 6205 5499
f 6209 5947 6205
f 6510 5488 6459
f 6237 6210 5837
f 6211 6016 5792
f 6211 5947 6016
f 6212 5856 5830
f 6212 5847 5856
f 6213 6002 5811
f 6213 5836 6002
f 6214 6002 5836
f 6214 5501 6002
f 6215 6007 5501
f 6215 5831 6007
f 6216 6164 5891
f 6216 5495 6164
f 6217 5951 5502
f 6217 5952 5951
f 6218 6008 5834
f 6218 5502 6008
f 6227 5778 5941
f 6219 5916 5778
f 6220 5904 5493
f 6220 5899 5904
f 6221 5780 5820
f 6221 5920 5780
f 6222 5824 5788
f 6222 5945 5824
f 6223 6035 5764
f 6223 5922 6035
f 6224 5991 5894
f 6224 5503 5991
f 6225 5948 5908
f 6225 5504 5948
f 6226 5997 5768
f 6226 5891 5997
f 6227 6219 5778
f 6227 5824 6219
f 6228 5915 5778
f 6228 5828 5915
f 6229 5965 5793
f 6229 5953 5965
f 6235 5808 6013
f 6233 5485 5848
f 6232 6231 5839
f 6236 6231 5322
f 6232 5848 5485
f 6244 5839 6082
f 6233 6230 5485
f 6233 5808 6230
f 6234 6210 5322
f 6234 5830 6210
f 6235 6230 5808
f 7562 5498 6439
f 6236 5857 5839
f 6239 6236 5322
f 6239 5857 6236
f 6237 5837 5857
f 6238 6013 5832
f 6238 5498 6013
f 6239 6237 5857
f 6239 5322 6237
f 6240 6207 5489
f 6240 6074 6207
f 6241 5996 5808
f 6241 5848 5996
f 7341 6139 7168
f 6242 5873 6139
f 6243 5960 5795
f 7879 5868 6149
f 6244 6232 5839
f 6244 5848 6232
f 6245 6075 5811
f 6245 6074 6075
f 6246 6042 5911
f 6246 5941 6042
f 6247 5505 5911
f 6247 5911 5915
f 6248 5924 5781
f 6248 5821 5924
f 6249 6031 5763
f 6249 5919 6031
f 6250 5756 5758
f 6250 5863 5756
f 6251 6154 5806
f 6251 5880 6154
f 6252 5914 5776
f 6252 5910 5914
f 6253 5493 5896
f 6253 5896 5924
f 6254 5967 5797
f 6254 5845 5967
f 6255 5930 5779
f 6255 5827 5930
f 6256 5863 5561
f 6256 5789 5863
f 6492 6299 6261
f 6563 6546 6286
f 6499 6257 6321
f 6731 6521 6299
f 6434 6341 5342
f 6592 5286 6307
f 6400 6267 6314
f 6587 6328 6281
f 6756 6515 5752
f 6642 5572 6542
f 6617 6319 5559
f 6721 6262 6399
f 6434 6288 6341
f 6583 5544 6315
f 6606 6324 6289
f 6532 6264 6525
f 7340 6499 6321
f 6554 6265 6352
f 6899 6260 6543
f 6541 5558 6314
f 6534 6347 6267
f 6504 5572 6494
f 6502 6493 6268
f 6503 6323 5566
f 6501 6259 6491
f 6548 6269 6341
f 6550 6259 6501
f 6718 5563 6537
f 6856 6285 6853
f 6626 6370 5563
f 6855 6839 5330
f 6594 6272 6358
f 6566 6539 6273
f 6561 6273 6278
f 6913 6902 6848
f 6573 6273 6562
f 6387 6282 6301
f 6636 6570 6295
f 6566 6266 6539
f 6581 6276 6368
f 6597 5565 6364
f 6575 6277 6352
f 6574 6278 6273
f 6838 6278 6795
f 6611 6366 6290
f 6584 6279 6320
f 6565 6274 6364
f 7028 6913 5330
f 6630 6569 6281
f 6635 6368 5529
f 6631 6367 6282
f 6617 6282 6319
f 6484 6337 5567
f 6420 5540 6361
f 6619 6370 6294
f 6591 6284 6309
f 6618 6369 6285
f 6555 5564 6352
f 6572 6272 5565
f 6598 6286 6546
f 6411 6330 6332
f 6669 6381 5273
f 6604 6379 6288
f 6532 6525 5570
f 6723 6390 6289
f 6757 6531 5336
f 6530 6263 6362
f 6602 5571 6341
f 6621 6552 6291
f 6614 6291 6584
f 6556 6271 6537
f 6853 6844 6845
f 6580 6274 6280
f 6567 5566 6545
f 6621 6270 6552
f 6626 6294 6370
f 6633 6275 6314
f 6616 5529 6301
f 6637 6263 6525
f 6639 6296 6339
f 6414 6333 5340
f 6448 5557 6338
f 6486 6343 6298
f 6480 5340 6346
f 6543 6258 6323
f 6519 6257 6490
f 6952 6928 5338
f 6929 6353 6377
f 6616 6301 6282
f 6647 6301 6302
f 6821 5524 6322
f 6821 6322 6348
f 6639 6339 5544
f 6404 5542 6320
f 6521 6261 6299
f 6656 5574 6515
f 6736 6588 6305
f 6628 6402 6305
f 6412 6305 6340
f 6740 6645 6301
f 6865 6793 6854
f 6922 5553 6858
f 6391 6307 5286
f 6582 6297 6523
f 6655 5560 6346
f 6978 6908 5552
f 6858 6309 6394
f 6418 5540 6349
f 6408 6311 6261
f 6520 5573 6491
f 6599 6287 6399
f 6673 5490 6332
f 6422 6335 6313
f 6438 6376 5336
f 6541 6314 6267
f 6734 6314 6414
f 6649 6303 6377
f 6409 5544 6339
f 6442 5570 6365
f 6396 5569 5815
f 6732 6447 5701
f 6670 5492 6383
f 6397 6318 6297
f 6585 5559 6385
f 6578 6385 6319
f 6728 5334 6413
f 6862 6300 6859
f 6644 6320 5542
f 6745 6500 6321
f 6533 6257 6491
f 6809 5524 6804
f 6727 6322 6667
f 6593 6268 6364
f 6502 6258 6493
f 6725 6283 6402
f 6417 5567 6337
f 8597 6710 6382
f 6669 6325 6381
f 6628 9 6402
f 8345 6697 6326
f 6789 6326 6444
f 6595 6524 6327
f 7294 6599 6399
f 6861 6842 6791
f 6838 6795 5284
f 6677 6351 5492
f 6450 5490 6381
f 8326 6407 6330
f 6600 5557 6523
f 6447 6388 6331
f 6677 6331 6351
f 6436 256 6416
f 6673 6332 6330
f 6411 6332 5323
f 6423 6318 6346
f 6657 6333 5559
f 6808 6334 6306
f 6334 5529 6306
f 6428 5545 6354
f 6568 5752 6172
f 6658 6363 5573
f 6730 6417 6337
f 6627 5500 6340
f 6448 6338 5777
f 6536 5323 5809
f 6409 6339 6303
f 6648 5543 6350
f 6469 6197 6416
f 6666 5500 6199
f 6426 6269 6336
f 6548 6341 5571
f 7551 6777 6761
f 6729 6342 5704
f 6652 6343 6304
f 6496 5751 6495
f 6782 6344 6684
f 7283 6816 6792
f 6679 6335 6422
f 6430 5545 6392
f 6655 6346 6318
f 6423 6346 5340
f 6559 6266 6355
f 6535 6260 6503
f 6706 6348 6302
f 6743 6348 6413
f 6736 6283 6588
f 6589 6349 5540
f 6760 6349 6402
f 6955 6354 5545
f 6686 6350 5543
f 6427 6351 6329
f 6671 5491 6406
f 6555 6352 6271
f 6571 6265 6537
f 6644 6300 6320
f 6954 5555 6925
f 6428 6354 6350
f 6934 5337 6431
f 6559 6355 6276
f 6587 5284 6328
f 6654 6310 6361
f 6429 260 6374
f 1475 6356 1123
f 6547 6357 6270
f 6615 5571 6366
f 6594 6358 6277
f 6576 5341 6538
f 6443 6380 6359
f 6688 6359 6405
f 6461 6398 6360
f 6688 6405 5325
f 6420 6361 6289
f 6607 6361 5336
f 7338 6530 6362
f 6662 6638 5336
f 6682 6336 6549
f 6479 5752 6473
f 6597 6364 6286
f 6563 6268 6546
f 6442 6365 5765
f 6518 5753 5765
f 6615 6366 6291
f 6605 6279 6584
f 6635 6295 6368
f 6636 5558 6570
f 6820 6281 6810
f 6630 6276 6569
f 6620 6292 6591
f 6590 6271 6556
f 6623 6370 6292
f 6622 6284 6591
f 6722 5701 6447
f 6445 6371 5492
f 6659 6372 6312
f 6735 6372 6326
f 6828 6785 6763
f 6697 5273 6326
f 6429 6374 6310
f 6653 5541 6376
f 1483 6374 260
f 6610 6375 6294
f 6625 5286 6592
f 6662 6313 6638
f 6679 6422 5541
f 6377 6353 5542
f 6932 6377 6431
f 6733 5704 6342
f 6687 5496 6401
f 6609 6290 6366
f 6596 6263 6526
f 6691 6378 6415
f 6733 6342 6386
f 6446 6312 6372
f 6660 6381 5490
f 6445 6317 6371
f 6719 6382 6710
f 6672 6329 6332
f 6427 5492 6351
f 6454 6345 6393
f 6943 6384 5545
f 6986 6384 6454
f 6585 6385 6297
f 6720 6262 6523
f 6437 6386 6378
f 6692 5703 6433
f 6387 6319 6282
f 6726 6387 5334
f 6455 6344 6389
f 6732 6388 6447
f 6782 6389 6344
f 6455 6389 5325
f 6663 6390 6316
f 6603 6264 6532
f 6391 6320 6300
f 6391 5286 6320
f 6430 6392 6335
f 6680 5543 6661
f 6685 6393 6345
f 6454 6393 75
f 1482 6393 1129
f 6859 6394 6307
f 6394 6284 6307
f 6665 6316 6532
f 6468 6395 5569
f 6468 6316 6395
f 6663 5567 6390
f 6397 6308 5560
f 6397 6297 6308
f 6551 5791 6507
f 6529 5497 5822
f 6738 6327 6727
f 6595 6262 6524
f 6400 6298 6267
f 6641 6400 5340
f 6577 5814 5794
f 6512 6401 5496
f 6725 6402 6349
f 6760 6402 9
f 6466 6230 6439
f 6741 6403 6739
f 6404 6315 5542
f 6404 6279 6315
f 6690 6360 6676
f 6461 5497 6398
f 6634 5779 5930
f 6551 6507 5491
f 6660 6312 6381
f 6724 6287 6599
f 6651 6304 6495
f 6408 6261 6304
f 6409 6315 5544
f 6409 6303 6315
f 6661 6410 6313
f 6779 6296 6638
f 6411 6338 6330
f 6411 5323 6338
f 6412 1122 6305
f 6412 256 1122
f 6413 6348 6322
f 6743 6413 5334
f 1214 257 5831
f 6414 6314 6275
f 6734 6414 5340
f 6477 6378 6433
f 6691 6415 5496
f 6416 6197 5499
f 6469 6416 256
f 6759 6324 6606
f 6417 6283 6324
f 6418 6356 5540
f 6418 1123 6356
f 6689 6419 6360
f 6419 6331 6360
f 6420 6324 5540
f 6420 6289 6324
f 6753 5710 6747
f 6751 6698 6704
f 6422 6376 5541
f 6422 6313 6376
f 6423 6333 6318
f 6423 5340 6333
f 6489 5486 6476
f 7578 6458 6471
f 7312 7310 6421
f 8902 6425 6435
f 6426 6341 6269
f 6426 5342 6341
f 6427 6383 5492
f 6427 6329 6383
f 6428 6392 5545
f 6686 5543 6392
f 6429 6356 260
f 6429 6310 6356
f 6943 6345 6384
f 6430 6335 6345
f 6431 6377 6303
f 6932 6431 5337
f 6512 5814 6401
f 6678 5498 5851
f 7310 5693 6425
f 6433 5703 6421
f 6434 6365 6288
f 6434 5342 6365
f 6487 6435 6425
f 8902 6435 5282
f 6436 6198 1131
f 6436 1131 256
f 6715 6380 6443
f 6437 6378 6380
f 6438 6361 6310
f 6438 5336 6361
f 7562 6439 6230
f 6466 6439 5282
f 6440 6332 6329
f 6440 5323 6332
f 6488 6441 6424
f 6739 6403 6424
f 6442 6395 5570
f 6442 5765 6395
f 6443 6389 5704
f 6443 6359 6389
f 8461 5525 6668
f 6444 6326 6372
f 8330 6445 6382
f 6445 5492 6382
f 6446 6381 6312
f 6446 5273 6381
f 6722 6447 6371
f 6447 6331 6371
f 6448 6308 5557
f 6448 5777 6308
f 6449 5836 5489
f 6514 6449 23
f 6449 1239 23
f 6450 6383 5490
f 6450 6325 6383
f 6451 6393 5541
f 6451 1129 6393
f 6675 6459 5489
f 6517 6452 6464
f 7578 6471 5321
f 6487 5487 6435
f 6454 6384 6345
f 6986 6454 75
f 6455 6388 6344
f 6455 5325 6388
f 8152 5692 6482
f 6498 6456 5487
f 6467 5484 6464
f 6497 5486 6485
f 6458 6424 5487
f 6488 5486 6441
f 6513 6459 6452
f 6459 5488 6452
f 6498 6453 6456
f 8305 5693 7336
f 6461 6405 5497
f 6461 6360 6405
f 6462 6401 5497
f 6462 6359 6401
f 6463 6452 255
f 6513 5489 6459
f 6463 255 1239
f 6643 6505 5484
f 6746 6464 6452
f 6465 5799 5500
f 6465 5770 5799
f 6466 6403 6230
f 7295 5282 6435
f 6467 6457 5484
f 6467 5488 6457
f 6468 6396 6316
f 6468 5569 6396
f 6469 6340 6197
f 6716 256 6412
f 1272 255 6452
f 6470 6346 5560
f 6470 5756 6346
f 9213 6456 6482
f 6471 5487 6456
f 6472 6457 5488
f 6472 5322 6457
f 6479 6473 6336
f 6681 5342 6426
f 6474 6433 6421
f 6474 5282 6433
f 6641 6298 6400
f 6486 5751 6343
f 6476 6457 5322
f 6476 5486 6457
f 6477 6415 6378
f 7299 5282 6439
f 6478 6435 5487
f 6478 6403 6435
f 6756 6363 6515
f 6479 6336 6363
f 6480 6475 5340
f 6480 5756 6475
f 6481 6439 5498
f 6481 6415 6439
f 6714 5689 6564
f 6713 6482 5692
f 6483 6308 5777
f 6483 5560 6308
f 6484 5815 5770
f 6509 5567 6396
f 7579 6497 6485
f 6564 6508 5321
f 6486 6475 5751
f 6486 6298 6475
f 6487 6460 5487
f 6487 6425 6460
f 6488 6458 5486
f 6488 6424 6458
f 6489 6441 5486
f 6489 6231 6441
f 7339 6519 6490
f 6598 6546 5341
f 6520 6491 6261
f 6492 6257 6299
f 6492 6491 6257
f 6492 6261 6491
f 6493 6490 5341
f 7339 6258 6519
f 6742 6494 6299
f 6731 5572 6521
f 6496 6495 6304
f 6651 6495 5574
f 6496 6343 5751
f 6496 6304 6343
f 6497 6457 5486
f 6497 5484 6457
f 6498 6460 6453
f 6498 5487 6460
f 6499 6490 6257
f 6499 6265 6490
f 6610 6270 6375
f 6547 6259 6357
f 6550 6501 6269
f 6682 6549 5573
f 6502 6323 6258
f 6502 6268 6323
f 6535 6503 6266
f 6624 6562 5566
f 6542 6267 6298
f 6534 6260 6347
f 6505 6464 5484
f 6505 72 6464
f 1360 6505 254
f 6506 1214 5831
f 6506 23 1214
f 6507 6406 5491
f 6507 5779 6406
f 6508 6485 5321
f 7579 5484 6497
f 6509 6484 5567
f 6509 5815 6484
f 6510 6234 5488
f 6510 5830 6234
f 6511 6449 5489
f 6511 1239 6449
f 6512 6432 5814
f 6512 5496 6432
f 6513 6463 5489
f 6513 6452 6463
f 6514 6200 5836
f 6514 23 6200
f 6629 6516 5574
f 6656 6515 6311
f 6516 6515 5574
f 6516 5752 6515
f 6517 1272 6452
f 6517 72 1272
f 6518 6365 5342
f 6518 5765 6365
f 6519 6299 6257
f 6742 6258 6494
f 6658 6311 6363
f 6520 6261 6311
f 6521 6304 6261
f 6652 5572 6343
f 6522 6473 5753
f 6522 5342 6473
f 6720 6523 6297
f 6582 6523 5557
f 6726 6319 6387
f 6578 6262 6385
f 6601 6288 6365
f 6604 6263 6379
f 6596 6526 6290
f 6608 5544 6583
f 6527 5887 5560
f 6527 5766 5887
f 6528 6199 5500
f 6528 5798 6199
f 6529 6398 5497
f 6529 5791 6398
f 6530 6526 6263
f 6530 6296 6526
f 6607 6289 6361
f 6723 6264 6390
f 6603 6532 6316
f 6665 6532 5570
f 6533 6321 6257
f 6745 6259 6500
f 6534 6504 6260
f 6534 6267 6504
f 6535 6347 6260
f 6535 6266 6347
f 6536 6338 5323
f 6536 5777 6338
f 6718 6537 6321
f 7340 6265 6499
f 6538 6490 6265
f 6538 5341 6490
f 6539 6503 5566
f 6539 6266 6503
f 6540 6347 6266
f 6540 5558 6347
f 6541 6347 5558
f 6541 6267 6347
f 6542 6504 6267
f 6542 5572 6504
f 6543 6494 6258
f 6543 6260 6494
f 6683 5789 5757
f 6544 5756 5789
f 6545 6323 6268
f 6545 5566 6323
f 6546 6493 5341
f 6546 6268 6493
f 6547 6500 6259
f 6547 6270 6500
f 6548 6357 6269
f 6548 5571 6357
f 6549 6501 5573
f 6549 6269 6501
f 6550 6357 6259
f 6550 6269 6357
f 6551 6398 5791
f 6551 5491 6398
f 6552 6357 5571
f 6552 6270 6357
f 6553 6500 6270
f 6553 5563 6500
f 6554 6538 6265
f 6554 6277 6538
f 6555 6285 5564
f 6618 6271 6369
f 6590 6556 6292
f 6623 5563 6370
f 1360 72 6505
f 6557 6395 5765
f 6557 5569 6395
f 6558 5887 5758
f 6558 5560 5887
f 6559 6540 6266
f 6559 6276 6540
f 6983 6924 5339
f 6869 5564 6832
f 6561 6355 6273
f 6561 5284 6355
f 6562 6539 5566
f 6562 6273 6539
f 6563 6364 6268
f 6563 6286 6364
f 6755 6564 5689
f 6714 6564 5321
f 6565 6280 6274
f 6565 5565 6280
f 6566 6355 6266
f 6566 6273 6355
f 6624 6293 6562
f 6837 5520 6573
f 6568 6473 5752
f 6568 5753 6473
f 6569 6355 5284
f 6569 6276 6355
f 6570 6540 6276
f 6570 5558 6540
f 6571 6352 6265
f 6571 6271 6352
f 6572 6358 6272
f 6572 6286 6358
f 6937 6835 5520
f 6837 6573 6293
f 6574 6573 5520
f 6574 6273 6573
f 6575 6560 6277
f 6575 5564 6560
f 6576 6358 5341
f 6576 6277 6358
f 6577 6401 5814
f 6577 5497 6401
f 6578 6524 6262
f 6578 6319 6524
f 6579 6567 6274
f 6579 6293 6567
f 6580 6579 6274
f 6580 5520 6579
f 6581 6570 6276
f 6581 6295 6570
f 6582 6308 6297
f 6582 5557 6308
f 6608 6583 6290
f 6611 6279 6366
f 6605 6584 6291
f 6614 6584 5286
f 6657 6318 6333
f 6585 6297 6318
f 6586 6368 6281
f 6586 5529 6368
f 6587 6569 5284
f 6587 6281 6569
f 7308 6337 6465
f 6730 6283 6417
f 6589 6324 6283
f 6589 5540 6324
f 6590 6369 6271
f 6590 6292 6369
f 6622 6591 6292
f 6620 6591 5551
f 6625 6592 6294
f 6619 6284 6370
f 6593 6545 6268
f 6593 6274 6545
f 6594 6560 6272
f 6594 6277 6560
f 6595 6399 6262
f 6595 6327 6399
f 6596 6379 6263
f 6596 6290 6379
f 6597 6572 5565
f 6597 6286 6572
f 6598 6358 6286
f 6598 5341 6358
f 6724 6599 6312
f 6659 5525 6372
f 6674 6330 6338
f 8326 6287 6407
f 6601 6525 6288
f 6601 5570 6525
f 6602 6379 5571
f 6602 6288 6379
f 6603 6390 6264
f 6603 6316 6390
f 6604 6525 6263
f 6604 6288 6525
f 6605 6366 6279
f 6605 6291 6366
f 6606 6390 5567
f 6606 6289 6390
f 6607 6531 6289
f 6607 5336 6531
f 6608 6526 5544
f 6608 6290 6526
f 6609 6379 6290
f 6609 5571 6379
f 6610 6553 6270
f 6610 6294 6553
f 6611 6583 6279
f 6611 6290 6583
f 6612 992 5834
f 6612 257 992
f 6613 6367 6275
f 6613 6295 6367
f 6614 6375 6291
f 6614 5286 6375
f 6615 6552 5571
f 6615 6291 6552
f 6616 6367 5529
f 6616 6282 6367
f 6632 5559 6333
f 6631 6275 6367
f 6618 6555 6271
f 6618 6285 6555
f 6619 6592 6284
f 6619 6294 6592
f 6620 6369 6292
f 6620 5551 6369
f 6621 6375 6270
f 6621 6291 6375
f 6622 6370 6284
f 6622 6292 6370
f 6623 6556 5563
f 6623 6292 6556
f 6624 6567 6293
f 6624 5566 6567
f 6625 6375 5286
f 6625 6294 6375
f 6626 6553 6294
f 6626 5563 6553
f 6627 6588 5500
f 6627 6305 6588
f 6628 6305 1122
f 6628 1122 9
f 6629 5860 5754
f 6629 5574 5860
f 6630 6368 6276
f 6630 6281 6368
f 6631 6617 6275
f 6631 6282 6617
f 6632 6617 5559
f 6632 6275 6617
f 6633 6613 6275
f 6633 5558 6613
f 6634 6406 5779
f 6634 5323 6406
f 6635 6367 6295
f 6635 5529 6367
f 6636 6613 5558
f 6636 6295 6613
f 6637 6362 6263
f 6637 6264 6362
f 6757 6362 6531
f 7338 6296 6530
f 6639 6526 6296
f 6639 5544 6526
f 6643 254 6505
f 6640 5483 254
f 6641 6475 6298
f 6641 5340 6475
f 6642 6343 5572
f 6642 6298 6343
f 6643 6640 254
f 6643 5484 6640
f 6935 6644 6353
f 6644 5542 6353
f 6812 6646 5530
f 6818 6645 6334
f 6646 6645 5530
f 6646 6301 6645
f 6647 6387 6301
f 6647 5334 6387
f 6648 6339 5543
f 6648 6303 6339
f 6649 6315 6303
f 6649 5542 6315
f 6650 1131 6198
f 6650 73 1131
f 6651 6408 6304
f 6651 5574 6408
f 6652 6521 5572
f 6652 6304 6521
f 6653 6374 5541
f 6653 6310 6374
f 6654 6356 6310
f 6654 5540 6356
f 6655 6397 5560
f 6655 6318 6397
f 6656 6408 5574
f 6656 6311 6408
f 6657 6585 6318
f 6657 5559 6585
f 6658 6520 6311
f 6658 5573 6520
f 6659 6599 5525
f 6659 6312 6599
f 6660 6407 6312
f 6660 5490 6407
f 6680 6661 6335
f 6661 6313 6335
f 6662 6376 6313
f 6662 5336 6376
f 6663 6396 5567
f 6663 6316 6396
f 6664 5809 5323
f 6664 5768 5809
f 6665 6395 6316
f 6665 5570 6395
f 6666 6340 5500
f 6666 6197 6340
f 6668 5523 6444
f 6830 5524 6829
f 6787 6668 6667
f 6668 5525 6667
f 7303 6669 6373
f 8314 6669 5273
f 6670 6382 5492
f 8597 6325 6710
f 1475 260 6356
f 1476 1123 6349
f 6671 6351 5491
f 6671 6329 6351
f 6672 6383 6329
f 6672 5490 6383
f 6673 6407 5490
f 6673 6330 6407
f 6674 6600 6330
f 6674 5557 6600
f 6675 6207 5830
f 6675 5489 6207
f 1482 75 6393
f 1483 1129 6374
f 6676 6388 5325
f 6676 6331 6388
f 6677 6371 6331
f 6677 5492 6371
f 6678 6432 5498
f 6678 5814 6432
f 6679 6345 6335
f 6685 5541 6393
f 6680 6392 5543
f 6680 6335 6392
f 6681 6473 5342
f 6681 6336 6473
f 6682 6363 6336
f 6682 5573 6363
f 6683 6544 5789
f 6683 5751 6544
f 7292 6777 5706
f 6703 6684 6344
f 6685 6679 5541
f 6685 6345 6679
f 6686 6428 6350
f 6686 6392 6428
f 6687 6380 5496
f 6687 6359 6380
f 6688 6389 6359
f 6688 5325 6389
f 6689 6398 5491
f 6689 6360 6398
f 6690 6405 6360
f 6690 5325 6405
f 6691 6380 6378
f 6691 5496 6380
f 6692 6386 5703
f 6692 6378 6386
f 8394 8269 8212
f 8395 6693 6772
f 6737 5701 6696
f 6711 5706 6699
f 6819 6702 6695
f 6754 5373 6704
f 6737 6696 6694
f 6771 6696 6717
f 8314 6373 6669
f 8351 6814 6785
f 6744 5703 6704
f 7312 5693 7310
f 6711 6699 6684
f 6699 5704 6684
f 7213 6768 6700
f 7313 5373 6695
f 6753 6747 6701
f 6708 6701 5693
f 6702 6699 5706
f 6729 5704 6699
f 6774 6694 6762
f 7287 6344 6737
f 6744 6704 6698
f 6751 6704 5373
f 6705 6667 6322
f 6787 5523 6668
f 6813 6797 6706
f 6812 6302 6646
f 6781 6698 6700
f 6775 6421 6744
f 6708 6707 5710
f 8832 6708 5693
f 6749 6709 5370
f 8753 6709 6749
f 8739 6773 6710
f 7303 6325 6669
f 6711 6703 5706
f 6711 6684 6703
f 6712 6704 5703
f 6712 6342 6704
f 7206 6770 5370
f 6714 6482 5689
f 6714 5321 6482
f 6715 6437 6380
f 6715 5704 6437
f 6716 6469 256
f 6716 6340 6469
f 6778 6717 5701
f 6717 6696 5701
f 6718 6500 5563
f 6718 6321 6500
f 8320 5702 6772
f 8330 6317 6445
f 6720 6385 6262
f 6720 6297 6385
f 6721 6523 6262
f 6721 6287 6523
f 6778 6317 6717
f 6722 6371 6317
f 6723 6531 6264
f 6723 6289 6531
f 6724 6407 6287
f 6724 6312 6407
f 6725 6589 6283
f 6725 6349 6589
f 6726 6524 6319
f 6726 5334 6524
f 6738 6727 5525
f 6727 6667 5525
f 6728 6524 5334
f 6728 6327 6524
f 6729 6702 6342
f 6729 6699 6702
f 6730 6588 6283
f 6730 6337 6588
f 6731 6494 5572
f 6731 6299 6494
f 6732 5701 6344
f 6732 6344 6388
f 6733 6437 5704
f 6733 6386 6437
f 6734 6400 6314
f 6734 5340 6400
f 6735 6446 6372
f 6735 5273 6446
f 6736 6402 6283
f 6736 6305 6402
f 6737 6344 5701
f 7287 6737 6694
f 6738 6399 6327
f 7294 5525 6599
f 6739 6441 5485
f 6739 6424 6441
f 6740 5529 6334
f 6740 6334 6645
f 6741 5485 6230
f 6741 6230 6403
f 6742 6519 6258
f 6742 6299 6519
f 6743 5334 6302
f 6743 6302 6348
f 6744 6421 5703
f 6775 6744 6698
f 6745 6533 6259
f 6745 6321 6533
f 6746 6467 6464
f 6746 5488 6467
f 8163 5690 7206
f 7309 6747 5710
f 6748 6713 5692
f 6776 6748 5691
f 6749 6748 5692
f 8226 6749 5370
f 6776 6713 6748
f 6750 5689 6713
f 6751 6700 6698
f 7194 6751 5373
f 6752 6750 124
f 6752 5689 6750
f 2095 6752 124
f 6753 6708 5710
f 6753 6701 6708
f 6754 6695 5373
f 6819 6342 6702
f 6758 5689 6752
f 6755 454 5483
f 6756 6479 6363
f 6756 5752 6479
f 6757 6638 6362
f 6757 5336 6638
f 6758 6755 5689
f 6758 454 6755
f 6759 6417 6324
f 6759 5567 6417
f 6760 1476 6349
f 6760 9 1476
f 7296 6799 5706
f 7277 7186 7252
f 6769 6694 6696
f 8383 6762 7178
f 8474 8321 8228
f 8506 5672 7288
f 7194 6700 6751
f 8439 7213 5709
f 7307 5710 6700
f 7887 7255 5709
f 8209 6317 6772
f 8281 6766 6815
f 7313 6695 6767
f 7220 5707 7204
f 7307 6700 6768
f 8439 6768 7213
f 6769 6762 6694
f 8372 6816 5374
f 8226 6748 6749
f 6770 5691 6748
f 6771 6769 6696
f 6771 5374 6769
f 8209 6772 6766
f 8396 6693 8309
f 8718 6773 6763
f 6828 6373 6785
f 6774 6703 6694
f 6774 5706 6703
f 6775 6707 6421
f 6775 6698 6707
f 6776 6750 6713
f 6776 5691 6750
f 6777 6702 5706
f 6777 6695 6702
f 6778 6722 6317
f 6778 5701 6722
f 6779 6410 6296
f 6779 6313 6410
f 7314 6780 6747
f 6780 6701 6747
f 6781 6707 6698
f 6781 5710 6707
f 6782 5704 6389
f 6782 6684 5704
f 8919 8251 6807
f 8516 5702 8282
f 7749 6794 7183
f 6822 5523 6803
f 6817 6697 6786
f 8350 6373 8314
f 6881 6786 6784
f 7337 6326 6789
f 6787 6705 5523
f 6787 6667 6705
f 6788 6771 6717
f 6788 5374 6771
f 7337 6789 6784
f 6884 6789 5523
f 8311 7253 7188
f 8505 8451 8269
f 6888 5533 6886
f 7146 6887 6921
f 8436 7271 7188
f 8372 6792 6816
f 6811 6306 6810
f 6818 5530 6645
f 8218 6826 6794
f 6881 5672 6786
f 6795 6328 5284
f 6897 6842 5518
f 6875 6802 6796
f 7170 6796 5332
f 8205 5530 6864
f 6882 5332 6796
f 8393 6763 6785
f 8605 8473 8332
f 7292 6761 6777
f 7221 6799 7178
f 6879 6797 6805
f 6823 6706 6797
f 6876 6805 6801
f 7161 6871 5333
f 6884 6784 6789
f 6825 5523 6802
f 6829 5524 6809
f 6803 5523 6705
f 6877 6800 6873
f 6827 6804 5524
f 6824 6797 6813
f 6879 6805 5527
f 8500 8341 6806
f 8284 6693 7301
f 8490 6798 7302
f 8393 6785 6814
f 6936 6793 6864
f 6808 6306 6793
f 6829 6809 6803
f 6809 6796 6803
f 6836 6810 6328
f 6810 6281 6328
f 6811 6793 6306
f 6880 5531 6854
f 6812 6706 6302
f 6824 6813 5530
f 6813 6812 5530
f 6813 6706 6812
f 8237 6814 6798
f 8380 5672 7302
f 8371 6815 6790
f 8846 8394 6806
f 6816 6769 5374
f 6816 6762 6769
f 6817 6785 6697
f 8351 5672 6814
f 6818 6808 5530
f 6818 6334 6808
f 6819 6754 6342
f 6819 6695 6754
f 6820 6586 6281
f 6820 6306 6586
f 6821 6706 5524
f 6821 6348 6706
f 6822 6802 5523
f 6822 6796 6802
f 6827 6800 6804
f 6823 6797 6800
f 6824 6805 6797
f 6824 5530 6805
f 7861 7183 5673
f 6895 6802 6875
f 8234 6826 6825
f 6826 6784 6825
f 6827 6823 6800
f 6827 5524 6823
f 6828 6773 6373
f 6828 6763 6773
f 6830 6829 6705
f 6829 6803 6705
f 6830 6322 5524
f 6830 6705 6322
f 6860 6852 6831
f 6860 6272 6852
f 6869 6560 5564
f 6892 6832 6846
f 7079 6885 7053
f 6866 6850 5520
f 6979 5562 6927
f 6834 6272 6560
f 6835 6574 5520
f 6835 6278 6574
f 6883 6836 6791
f 6861 6328 6842
f 6837 6579 5520
f 6837 6293 6579
f 6838 6561 6278
f 6838 5284 6561
f 6891 6831 6847
f 6867 6839 6280
f 6868 6285 6840
f 6910 6840 5339
f 6894 6841 6833
f 6863 6278 6835
f 6857 6795 6841
f 6842 6328 6795
f 6843 6580 6280
f 6843 5520 6580
f 6844 6369 5551
f 6844 6285 6369
f 6845 6844 5551
f 6911 6845 6901
f 6910 6832 6840
f 6971 6917 6846
f 6893 6847 6831
f 6970 6915 6847
f 6851 6848 6843
f 6866 6848 6850
f 6906 6849 6309
f 6849 5551 6309
f 6937 6833 6835
f 7125 7053 7067
f 6855 6280 6839
f 6851 6843 6280
f 6896 6834 6892
f 6852 6272 6834
f 6856 6853 5339
f 6853 6285 6844
f 6888 6886 6854
f 6923 6854 5531
f 6855 6851 6280
f 6855 5330 6851
f 6856 6840 6285
f 6856 5339 6840
f 6857 6842 6795
f 6857 5518 6842
f 6952 6900 6928
f 6933 5552 6908
f 6914 6859 6300
f 6862 6859 6307
f 6860 5565 6272
f 6860 6831 5565
f 6861 6836 6328
f 6861 6791 6836
f 6862 6391 6300
f 6862 6307 6391
f 6863 6841 6278
f 6863 6833 6841
f 6936 6864 5530
f 8205 6864 6801
f 6865 6864 6793
f 6865 5333 6864
f 6866 5520 6843
f 6866 6843 6848
f 6867 5565 6831
f 6867 6831 6839
f 6868 6832 5564
f 6868 6840 6832
f 6869 6834 6560
f 6869 6832 6834
f 8380 7302 6798
f 8208 6794 7180
f 6878 6801 6864
f 6876 5527 6805
f 6890 6872 6791
f 6883 5531 6836
f 6898 6873 6800
f 7184 6873 7164
f 7818 7814 7174
f 7165 5332 7164
f 6875 6874 5673
f 7170 5332 6874
f 7169 6871 7158
f 6876 6801 6871
f 6877 6804 6800
f 6882 6796 6804
f 6878 6871 6801
f 6878 5333 6871
f 6879 6800 6797
f 6898 5527 6873
f 6880 6811 5531
f 6880 6793 6811
f 7288 6794 6870
f 8218 6784 6826
f 6882 6877 5332
f 6882 6804 6877
f 6883 6872 5531
f 6883 6791 6872
f 6884 6825 6784
f 6884 5523 6825
f 6889 6885 6833
f 6894 5518 6841
f 8206 6919 5333
f 7160 6886 5533
f 6897 6791 6842
f 6890 5533 6872
f 6888 6872 5533
f 6923 5531 6872
f 6912 6850 6909
f 6889 6833 6850
f 7163 6887 6903
f 6890 6791 6887
f 6891 6839 6831
f 6891 5330 6839
f 6892 6834 6832
f 6896 6892 5562
f 6893 6852 5562
f 6893 6831 6852
f 6894 6885 5518
f 6894 6833 6885
f 6895 6825 6802
f 8234 5673 6826
f 6896 6852 6834
f 6896 5562 6852
f 6897 6887 6791
f 6897 5518 6887
f 6898 6879 5527
f 6898 6800 6879
f 6899 6503 6260
f 6899 6323 6503
f 6938 5553 6928
f 6977 6900 6947
f 7026 6987 5547
f 6978 6901 6908
f 7040 7008 6902
f 7156 6961 5330
f 6903 5532 5533
f 6903 5331 5532
f 6944 6907 6904
f 6914 5553 6859
f 6921 6887 5518
f 6921 5518 6905
f 6930 6858 6900
f 6906 6309 6858
f 6931 6353 6926
f 6935 6300 6644
f 6933 6908 6849
f 6908 6845 6849
f 7055 6909 6902
f 6909 6848 6902
f 6910 6846 6832
f 6953 5339 6924
f 6911 6853 6845
f 6911 5339 6853
f 6912 6889 6850
f 6912 5519 6889
f 6913 6851 5330
f 6913 6848 6851
f 6914 6904 5553
f 6944 6300 6907
f 6915 6891 6847
f 6915 5330 6891
f 7023 6916 6915
f 7156 6916 6961
f 6917 6892 6846
f 6917 5562 6892
f 7054 5516 7007
f 7136 7104 7064
f 8182 8087 7159
f 7162 6919 6886
f 6920 5518 6885
f 6920 6905 5518
f 7146 6921 5331
f 6921 6905 5331
f 6922 6859 5553
f 6922 6394 6859
f 6923 6888 6854
f 6923 6872 6888
f 6953 6924 6846
f 6999 6974 5548
f 7100 6991 6965
f 6966 6925 5555
f 6969 6950 6926
f 6949 5337 6942
f 6998 6927 6918
f 6927 5562 6918
f 6951 6904 6925
f 6939 5338 6928
f 6929 6926 6353
f 6957 6929 5337
f 6930 6906 6858
f 6930 5552 6906
f 6931 6907 6353
f 6931 5555 6907
f 6932 6929 6377
f 6932 5337 6929
f 6933 6906 5552
f 6933 6849 6906
f 6934 6354 5337
f 6934 6350 6354
f 6935 6907 6300
f 6935 6353 6907
f 6936 6808 6793
f 6936 5530 6808
f 6937 6850 6833
f 6937 5520 6850
f 6938 6858 5553
f 6938 6900 6858
f 6939 5553 6904
f 6939 6928 5553
f 6972 261 6941
f 6941 5545 6384
f 7020 6994 6967
f 6941 6940 5545
f 6975 6941 261
f 6973 6949 6942
f 7006 6942 6956
f 6943 6430 6345
f 6943 5545 6430
f 6944 6914 6300
f 6944 6904 6914
f 8662 8378 8278
f 8280 7753 7679
f 6981 5550 6964
f 7039 7013 5315
f 6988 6981 6947
f 6992 6960 5338
f 6968 6948 6901
f 6980 5339 6911
f 6957 6926 6929
f 7005 6969 5554
f 7100 5556 6991
f 7088 7035 5335
f 6951 6939 6904
f 6951 5338 6939
f 6952 6947 6900
f 7004 6952 5338
f 6953 6910 5339
f 6953 6846 6910
f 6954 6907 5555
f 6954 6904 6907
f 7006 6956 5546
f 6976 5546 6956
f 6976 6956 6955
f 6956 6354 6955
f 6957 6949 6926
f 6957 5337 6949
f 6958 5337 6354
f 6958 6942 5337
f 7096 7073 7031
f 7095 5448 7071
f 7004 6947 6952
f 6988 5550 6981
f 7028 6902 6913
f 7132 7040 5517
f 7005 6950 6969
f 6985 5556 6984
f 7046 6995 7015
f 6964 6946 5552
f 6996 6964 5550
f 6997 6965 6925
f 7003 5338 6951
f 6985 6984 6950
f 6984 5556 6966
f 6975 6940 6941
f 7002 5546 6976
f 1825 6967 261
f 7000 6968 6946
f 6968 6901 6946
f 6969 6949 5554
f 6969 6926 6949
f 6970 6927 5516
f 6970 6847 6927
f 7001 6924 6959
f 6971 6846 6924
f 6972 6384 1748
f 6972 1748 261
f 6973 6963 5554
f 6973 6942 6963
f 6974 6971 5548
f 6974 6917 6971
f 6975 6967 6940
f 6975 261 6967
f 7002 6976 6940
f 6976 6955 6940
f 6977 6930 6900
f 6977 5552 6930
f 6978 6946 6901
f 6978 5552 6946
f 6979 6893 5562
f 6979 6847 6893
f 6983 6948 6924
f 6980 6901 6948
f 6981 5552 6947
f 6981 6964 5552
f 6982 6950 5555
f 6982 6926 6950
f 6983 6980 6948
f 6983 5339 6980
f 6984 5555 6950
f 6984 6966 5555
f 7094 6962 7017
f 6985 6950 6962
f 6986 1748 6384
f 6986 75 1748
f 6987 6948 5547
f 6987 6924 6948
f 7027 6960 7012
f 6988 6947 6960
f 6999 6918 6974
f 6998 5516 6927
f 6996 6946 6964
f 7000 5547 6968
f 7019 5556 7017
f 7090 7042 5280
f 7021 6992 6965
f 6992 5338 6965
f 6993 6963 5546
f 7024 5536 6995
f 6994 6993 5546
f 7050 6994 24
f 7157 7024 6995
f 7157 6963 7024
f 6996 6990 6946
f 7060 5550 7014
f 6997 6966 5556
f 6997 6925 6966
f 7057 6989 7033
f 6998 6918 6989
f 6999 6989 6918
f 7056 5548 7010
f 7029 6990 7013
f 7000 6946 6990
f 7001 6971 6924
f 7001 5548 6971
f 7002 6967 5546
f 7002 6940 6967
f 7003 6965 5338
f 7003 6925 6965
f 7004 6960 6947
f 7004 5338 6960
f 7005 6962 6950
f 7005 5554 6962
f 7006 6963 6942
f 7006 5546 6963
f 7138 7068 7102
f 7034 5516 7033
f 7113 5521 7103
f 7145 5301 5406
f 7026 6959 6987
f 7049 7009 5448
f 7056 7010 6989
f 7097 7010 7030
f 7049 6959 7009
f 7061 5548 7001
f 7043 5452 7032
f 7115 7076 5280
f 7045 6990 7014
f 7029 7013 5547
f 7060 7014 6990
f 7099 7014 7032
f 7015 6995 5536
f 7046 7015 5335
f 7020 24 6994
f 7050 6993 6994
f 7016 5536 6993
f 1889 7016 24
f 7025 6962 7018
f 7094 7017 5556
f 7018 6962 5554
f 7025 7018 5335
f 7019 6991 5556
f 7052 7019 5539
f 7020 6967 1825
f 7020 1825 24
f 7021 6991 5549
f 7021 6965 6991
f 7022 6992 5549
f 7022 6960 6992
f 7023 6970 5516
f 7023 6915 6970
f 7024 6993 5536
f 7024 6963 6993
f 7025 7017 6962
f 7153 5335 7035
f 7026 7009 6959
f 7026 5547 7009
f 7027 6988 6960
f 7027 5550 6988
f 7028 6961 6902
f 7028 5330 6961
f 7029 7000 6990
f 7029 5547 7000
f 7037 7030 7010
f 7139 7030 7070
f 7059 5547 7013
f 7098 7031 7069
f 7043 7032 7014
f 7099 7032 5315
f 7044 6989 7010
f 7057 7033 5516
f 7034 7007 5516
f 7087 5401 7068
f 7153 7035 7017
f 7048 5539 7019
f 7154 5549 7042
f 7047 5452 7038
f 7037 7011 5448
f 7058 5548 7011
f 7047 7038 7012
f 7038 5550 7012
f 7039 7031 7009
f 7096 5315 7073
f 7040 6961 5517
f 7040 6902 6961
f 7052 6991 7019
f 7155 6991 7052
f 7091 7041 7077
f 7042 5549 7041
f 7043 7038 5452
f 7062 5550 7038
f 7044 7033 6989
f 7136 5272 7104
f 7045 7013 6990
f 7045 5315 7013
f 7046 7018 6995
f 7046 5335 7018
f 7047 7036 5452
f 7047 7012 7036
f 7048 7035 5539
f 7048 7017 7035
f 7049 7011 6959
f 7049 5448 7011
f 7050 7016 6993
f 7050 24 7016
f 7092 7051 7007
f 7051 6916 7007
f 7155 7052 7041
f 7052 5539 7041
f 7053 6889 5519
f 7053 6885 6889
f 7054 7023 5516
f 7054 6916 7023
f 7055 7008 5519
f 7055 6902 7008
f 7056 6999 5548
f 7056 6989 6999
f 7057 6998 6989
f 7057 5516 6998
f 7058 7037 7010
f 7058 7011 7037
f 7059 7039 7009
f 7059 7013 7039
f 7060 6996 5550
f 7060 6990 6996
f 7061 7011 5548
f 7061 6959 7011
f 7062 7043 7014
f 7062 7038 7043
f 7098 7069 5448
f 7121 5446 7070
f 7093 7064 7033
f 7078 5401 7034
f 7140 7065 7072
f 7141 5447 7073
f 7132 7008 7040
f 7112 5521 7074
f 7103 5521 5522
f 7144 7067 7053
f 7087 7068 7007
f 7092 5517 7051
f 7118 7069 7063
f 7134 5313 7063
f 7116 5403 7105
f 7101 7070 5446
f 7135 7063 5313
f 7118 5448 7069
f 7119 7065 7073
f 7140 7072 5453
f 7141 7073 7065
f 7119 7073 5315
f 7112 7074 7008
f 7074 5519 7008
f 9970 7106 5314
f 7109 5452 7076
f 7090 7036 7042
f 7076 5452 7036
f 7077 7041 5539
f 7091 7077 5280
f 7148 7064 7105
f 7078 7033 7064
f 1889 259 7016
f 7079 6920 6885
f 7079 5331 6920
f 7342 5311 5442
f 7128 5443 7114
f 7147 5311 7120
f 7131 5537 7127
f 7083 5537 7015
f 7085 5536 7016
f 1958 7082 259
f 7083 7082 5537
f 7089 7083 5536
f 7130 7080 7120
f 7084 5539 7080
f 7089 7082 7083
f 7085 259 7082
f 7086 7081 5335
f 7086 5537 7081
f 7087 7034 5401
f 7087 7007 7034
f 7088 7081 5538
f 7088 5335 7081
f 7089 7085 7082
f 7089 5536 7085
f 7090 7076 7036
f 7090 5280 7076
f 7091 7042 7041
f 7091 5280 7042
f 7092 7068 5517
f 7092 7007 7068
f 7093 7044 5272
f 7093 7033 7044
f 7094 6985 6962
f 7094 5556 6985
f 7095 7037 5448
f 7095 7030 7037
f 7096 7039 5315
f 7096 7031 7039
f 7097 7044 7010
f 7097 5272 7044
f 7098 5448 7009
f 7098 7009 7031
f 7099 7045 7014
f 7099 5315 7045
f 7100 6997 5556
f 7100 6965 6997
f 7101 5475 5403
f 7101 5446 5475
f 7151 5402 7102
f 7138 7102 5301
f 7113 7103 7067
f 7103 5331 7067
f 7133 7108 7104
f 7133 7070 7108
f 7152 5402 7151
f 9598 5303 5402
f 7117 7106 7075
f 7106 5453 7075
f 7143 7107 7066
f 7107 5301 7066
f 7108 7101 5403
f 7108 7070 7101
f 7109 7075 5452
f 7117 5454 7106
f 9972 5314 5454
f 7110 5441 5462
f 7126 7110 7115
f 7111 5441 7110
f 7112 7066 5521
f 7112 7008 7066
f 7113 7074 5521
f 7113 7067 7074
f 7128 7114 7077
f 7114 5280 7077
f 7115 7110 5454
f 7126 7115 5280
f 7116 7104 5403
f 7116 7064 7104
f 7117 7109 5454
f 7117 7075 7109
f 7118 7071 5448
f 7118 7063 7071
f 7119 7072 7065
f 7149 7032 7072
f 7120 7080 5538
f 7130 7120 5443
f 7121 7071 5446
f 7121 7030 7071
f 7122 7073 5447
f 7122 7031 7073
f 7123 7075 5453
f 7150 5452 7075
f 7124 7115 5454
f 7124 7076 7115
f 7125 7079 7053
f 7125 5331 7079
f 7126 7111 7110
f 7126 5280 7111
f 7131 7127 5535
f 7128 7084 5443
f 7128 7077 7084
f 7129 7081 5535
f 7129 5538 7081
f 7130 7084 7080
f 7130 5443 7084
f 7131 7081 5537
f 7131 5535 7081
f 7132 7066 7008
f 7143 5517 7107
f 7133 5272 7070
f 7133 7104 5272
f 7134 7069 5447
f 7134 7063 7069
f 7135 7071 7063
f 7135 5446 7071
f 7136 7093 5272
f 7136 7064 7093
f 7137 5517 7068
f 7137 7107 5517
f 7138 7137 7068
f 7138 5301 7137
f 7139 7097 7030
f 7139 5272 7097
f 7140 5453 5450
f 7140 5450 7065
f 7142 5313 5447
f 7141 7065 5450
f 7142 7141 5450
f 7142 5447 7141
f 7143 7132 5517
f 7143 7066 7132
f 7144 7074 7067
f 7144 5519 7074
f 7145 7066 5301
f 7145 5521 7066
f 7146 6903 6887
f 7146 5331 6903
f 1958 74 7082
f 7147 7129 5311
f 7147 5538 7129
f 7148 7078 7064
f 7148 5401 7078
f 7149 7119 5315
f 7149 7072 7119
f 7150 7123 7032
f 7150 7075 7123
f 7151 7068 5401
f 7151 7102 7068
f 7152 7105 5402
f 7152 5401 7105
f 7153 7025 5335
f 7153 7017 7025
f 7154 7012 5549
f 7154 7036 7012
f 7155 5549 6991
f 7155 7041 5549
f 7156 5330 6915
f 7156 6915 6916
f 7157 5554 6963
f 7157 6995 5554
f 7876 7181 5528
f 8128 5526 8094
f 8181 7159 6919
f 7159 5333 6919
f 8193 8190 5328
f 7160 5533 5532
f 8127 7161 7159
f 7161 5333 7159
f 7162 7160 5534
f 7162 6886 7160
f 7163 6890 6887
f 7163 5533 6890
f 7828 7165 7164
f 7834 7828 5677
f 7165 6874 5332
f 7832 7814 5677
f 8031 7166 7158
f 7166 5527 7158
f 7167 7161 5526
f 7167 6871 7161
f 7168 5961 5795
f 7168 5867 5961
f 7169 6876 6871
f 7169 5527 6876
f 7170 6875 6796
f 7170 6874 6875
f 8595 7441 7418
f 8629 8440 8347
f 8473 8228 8332
f 8249 7646 5736
f 8375 8240 7304
f 8449 5374 8281
f 7833 5367 7829
f 7773 5675 7747
f 8292 7735 7733
f 7861 7175 7183
f 7816 5677 7813
f 7862 5673 7818
f 8420 8295 8169
f 8213 7177 7191
f 8310 7178 6792
f 7283 6762 6816
f 7219 7179 6761
f 7551 6695 6777
f 8208 6870 6794
f 8283 7180 7751
f 7181 7166 5528
f 7181 6873 7166
f 8365 8227 7276
f 8420 7182 8295
f 7183 6826 5673
f 7183 6794 6826
f 7184 6877 6873
f 7184 5332 6877
f 8644 8230 7196
f 8554 7248 7252
f 8552 6799 7221
f 7219 5707 7179
f 8575 8381 8306
f 8737 8545 8450
f 8334 7218 7188
f 7335 7188 7271
f 7273 7189 7186
f 7286 5705 7252
f 8743 8369 8250
f 8628 8444 8363
f 8296 7191 7177
f 8559 7191 8283
f 8770 8423 8337
f 8474 7192 8321
f 7193 5957 5867
f 7193 5761 5957
f 8126 7194 6764
f 7194 5373 6764
f 8498 8329 8272
f 8603 5735 8311
f 8644 8177 8230
f 8687 7196 8230
f 8048 7249 7226
f 7277 7252 7197
f 8701 7185 7253
f 8287 7185 7533
f 7289 7222 7204
f 7289 5709 7222
f 8438 8276 8169
f 8358 8221 7662
f 7752 7745 7201
f 8283 7751 5366
f 8303 8056 7202
f 7317 7202 7232
f 7896 7240 7205
f 7961 7694 7263
f 8325 7884 7207
f 7999 5707 7251
f 7224 6765 6768
f 7225 5708 7212
f 8040 7237 7216
f 8155 7206 5370
f 8129 8000 7318
f 8010 5696 7891
f 7969 7208 7207
f 7971 7203 7255
f 8167 7209 6747
f 7314 5370 6780
f 8413 8278 7172
f 8798 8663 8510
f 7244 7238 455
f 7225 7212 6765
f 8441 7309 5710
f 8121 6764 7220
f 8126 6700 7194
f 8606 7195 7561
f 8558 8470 8340
f 7215 6750 5691
f 7215 124 6750
f 7244 7215 7238
f 7575 7216 7209
f 8163 7216 5690
f 8459 7280 7217
f 8636 7335 7271
f 8457 8300 7218
f 8842 8375 7173
f 7281 7186 7251
f 7273 6761 7189
f 7220 6767 5707
f 7220 6764 6767
f 8552 7221 7189
f 7221 5705 7189
f 7222 7213 6764
f 7222 5709 7213
f 8593 8270 8160
f 8280 5366 7753
f 7224 7205 6765
f 7224 5709 7205
f 7225 7205 5708
f 7225 6765 7205
f 7510 7413 5742
f 7443 7226 7249
f 8342 8216 7650
f 8386 7227 8230
f 8303 7199 8056
f 8217 7228 7835
f 7247 7229 7198
f 7550 5734 7264
f 8004 7906 7236
f 7963 7230 7809
f 7901 5690 7216
f 7901 7216 7237
f 8049 7232 7202
f 8052 7232 7319
f 8061 7859 7274
f 8140 5708 7205
f 8053 7234 7228
f 7962 7322 5293
f 8220 7200 7692
f 8438 6945 8276
f 8067 8051 7236
f 8174 7236 7274
f 8083 7967 7237
f 7892 7270 5708
f 7245 7238 7211
f 9214 6770 7211
f 7334 5690 7261
f 7245 455 7238
f 7265 7239 7261
f 8131 7231 7270
f 7938 7240 7896
f 2053 124 7215
f 8069 7202 7317
f 7905 7207 7884
f 7265 7261 37
f 8044 5700 7560
f 7267 7243 7242
f 7932 7243 7266
f 7244 2053 7215
f 7244 455 2053
f 7245 7239 455
f 7245 7211 7239
f 7246 7206 5690
f 7246 6770 7206
f 7280 5705 7217
f 7278 7198 7248
f 7443 7249 5734
f 7264 5734 7249
f 7264 7249 7248
f 7249 7197 7248
f 8436 7185 7271
f 7533 7250 7196
f 7281 7251 5707
f 7999 7251 7202
f 7252 7248 7197
f 8554 7252 5705
f 8701 7253 7250
f 8384 5735 8177
f 8223 7204 5707
f 8336 7905 7884
f 8137 7205 5709
f 7938 7896 7203
f 7501 7413 7368
f 7962 7256 7322
f 7528 7394 5698
f 8050 7966 7835
f 7960 7257 7326
f 8018 5698 7394
f 7898 7554 7444
f 8062 7324 8036
f 8273 7231 8131
f 7961 7233 7694
f 8149 7262 7724
f 7570 7261 5690
f 2075 455 7239
f 8151 7321 7930
f 8149 7724 7266
f 7930 7262 7560
f 8079 7904 7263
f 8071 7323 8014
f 7550 7264 7198
f 7264 7248 7198
f 7265 2075 7239
f 7265 37 2075
f 7932 7266 7261
f 8162 7266 7724
f 8080 5700 8044
f 7967 7242 7237
f 8063 7241 7199
f 7997 5696 7328
f 7838 7233 7203
f 8055 7964 7694
f 7270 7237 5708
f 8083 7231 7967
f 8310 7217 7178
f 8459 7185 7280
f 8068 7199 8005
f 8217 7835 7966
f 7273 7219 6761
f 7273 7186 7219
f 8061 7203 7859
f 8070 7895 5372
f 7275 6138 5795
f 7275 5870 6138
f 8437 8291 7276
f 8874 8518 5733
f 7277 7232 7186
f 7277 7197 7232
f 7278 7247 7198
f 7278 5705 7247
f 7279 5860 5574
f 7305 7279 5757
f 7280 7247 5705
f 7280 7185 7247
f 2095 454 6752
f 7281 7219 7186
f 7281 5707 7219
f 7282 6138 5870
f 7282 5759 6138
f 7283 7178 6762
f 7283 6792 7178
f 7284 5961 5755
f 7284 5870 5961
f 7285 6160 5283
f 7285 5878 6160
f 7286 7189 5705
f 7286 7186 7189
f 7287 6703 6344
f 7287 6694 6703
f 7288 6881 6794
f 7288 5672 6881
f 8066 7289 7207
f 8325 7204 7884
f 7290 5981 5878
f 7290 5762 5981
f 7291 6141 5755
f 7291 5867 6141
f 7292 6799 6761
f 7292 5706 6799
f 7293 6149 5883
f 7293 5283 6149
f 7294 6738 5525
f 7294 6399 6738
f 7295 6466 5282
f 7295 6403 6466
f 7296 6774 6762
f 7296 5706 6774
f 8696 8284 7301
f 8251 6763 6807
f 8274 7298 7182
f 8295 7177 8169
f 7299 6477 5282
f 7299 6415 6477
f 7300 5957 5861
f 7300 5867 5957
f 8696 6783 8284
f 7301 5702 7297
f 8490 7302 7298
f 8596 7302 6870
f 7303 6710 6325
f 8739 6373 6773
f 8715 8497 8338
f 8505 6790 8451
f 7311 5757 5865
f 7305 5787 5860
f 8452 7332 7173
f 8685 8349 8240
f 8441 6765 7309
f 7307 6768 6765
f 7308 6588 6337
f 7308 5500 6588
f 8167 7212 7209
f 7309 6765 7212
f 7310 6474 6421
f 7310 6425 6474
f 7311 7305 5757
f 7311 5787 7305
f 8832 6707 6708
f 7312 6421 6707
f 7313 6764 5373
f 7313 6767 6764
f 8155 7209 7206
f 7314 6747 7209
f 8012 7315 7259
f 8074 7894 7323
f 7708 7440 5699
f 7675 7446 7321
f 8069 7317 7234
f 8130 7317 8052
f 8010 7891 7236
f 8129 5696 8000
f 8253 7319 7226
f 8048 7197 7249
f 8153 7231 7756
f 7886 7260 7327
f 7902 7422 7713
f 7907 7260 7316
f 8162 7724 37
f 8035 7234 5293
f 8035 5293 7322
f 7959 7230 7885
f 7903 7323 7808
f 7963 7809 5372
f 8045 7324 7259
f 7972 7325 7257
f 8252 8006 7230
f 8125 8037 7325
f 8064 7325 8037
f 8077 5700 7886
f 7899 7316 7468
f 7997 7328 7241
f 8051 7328 7236
f 7329 6160 5873
f 7329 5960 6160
f 7330 6161 5873
f 7330 5893 6161
f 7331 5923 5782
f 7331 5829 5923
f 8454 7332 7306
f 7332 5374 7306
f 7333 5925 5781
f 7333 5829 5925
f 7334 7211 5690
f 7334 7239 7211
f 8452 6792 7332
f 8400 8334 7173
f 7336 6709 6453
f 7336 6701 6709
f 8345 6786 6697
f 7337 6784 6786
f 7338 6638 6296
f 7338 6362 6638
f 7339 6493 6258
f 7339 6490 6493
f 7340 6537 6265
f 7340 6321 6537
f 7341 6242 6139
f 7341 5795 6242
f 7342 7120 5311
f 7342 5443 7120
f 7343 7127 74
f 7343 5535 7127
f 7343 74 258
f 7451 7385 7351
f 7491 7483 7366
f 7465 7456 7350
f 8176 7669 7619
f 7481 7344 7390
f 7572 7464 7385
f 7457 7382 7347
f 7459 7347 7387
f 7462 7456 5748
f 7608 7451 7344
f 7621 7386 7349
f 7621 7348 7386
f 7474 7454 7353
f 7490 5742 7413
f 7463 5749 7451
f 7697 5748 7456
f 7459 7387 7352
f 7471 7352 7418
f 7462 7350 7456
f 7472 7353 7389
f 7481 7390 7354
f 7485 7354 7397
f 7475 7350 7462
f 7564 5734 7470
f 7466 7453 7356
f 7563 7472 7389
f 7611 5749 7610
f 7607 5739 7476
f 7668 7592 5727
f 7660 7633 7600
f 7568 7370 7515
f 7549 5740 7502
f 7541 7398 7360
f 7489 7360 7256
f 7565 7527 7376
f 8009 5698 7447
f 8404 8297 7650
f 8267 7648 7362
f 7495 7359 7488
f 7496 7363 7397
f 8312 7361 7503
f 7539 7364 7419
f 7507 7403 7365
f 7567 5740 7496
f 7495 7488 7366
f 7506 7366 7483
f 7603 5739 7602
f 7593 5727 7546
f 7508 7361 7492
f 8159 7493 5742
f 7549 7502 7383
f 7571 5738 7513
f 7540 7412 7371
f 7542 7419 7379
f 7520 7410 7371
f 7505 5741 7401
f 7504 7359 7400
f 7518 5738 7515
f 7593 7546 7365
f 7525 7373 7375
f 7526 7364 7500
f 7530 7374 7421
f 7581 7544 7399
f 7581 5723 7544
f 8235 7566 7428
f 7423 7396 5371
f 7571 7393 5738
f 7424 5694 7381
f 7435 5694 7407
f 7569 5371 7514
f 7519 7412 5741
f 7424 7381 7370
f 7569 7381 5371
f 8268 7458 7382
f 7620 7617 7618
f 7521 7414 7383
f 7574 7369 7512
f 7574 7384 7369
f 7425 5724 7393
f 7480 7346 7389
f 7460 7344 7450
f 7464 7351 7385
f 7386 7348 7351
f 7461 7387 7350
f 7465 7347 7456
f 7467 7388 7355
f 7479 5742 7398
f 7503 7356 7401
f 7466 7346 7453
f 7604 7390 7357
f 7473 7344 7452
f 9118 5699 8058
f 7535 7377 7407
f 7427 5738 7393
f 7427 7393 7377
f 7534 5724 7405
f 8133 7437 7394
f 7912 5697 7511
f 8235 7391 7566
f 7714 5699 7469
f 7532 7376 7527
f 7552 7428 5695
f 8236 7397 7358
f 7494 7354 7476
f 7479 7398 7355
f 7484 7226 7443
f 7429 7399 7375
f 7529 5379 7525
f 7504 7400 7363
f 7497 5381 7477
f 7505 7401 7366
f 7491 7356 7483
f 7498 7402 7368
f 7509 5698 7442
f 7649 7367 7640
f 7839 7403 7507
f 7544 7380 7399
f 7583 7433 7404
f 7583 460 7433
f 7534 7405 7377
f 7434 7405 13
f 2369 7405 2198
f 7436 7406 7378
f 7576 7536 5695
f 2377 7406 456
f 7434 7377 7405
f 7535 7407 5694
f 2373 7407 13
f 7433 7380 7404
f 7545 5724 7384
f 2370 7408 460
f 7537 7378 7381
f 7436 456 7406
f 2374 7409 2201
f 7522 7372 7513
f 7516 7359 7487
f 7439 7395 7417
f 7758 2223 7440
f 7958 7411 7439
f 7543 7379 7500
f 7517 7370 7514
f 7490 7413 7360
f 7413 7256 7360
f 7523 7414 7372
f 7547 7369 7513
f 8246 7561 7650
f 8385 7441 5380
f 8078 7837 7430
f 8034 5697 7890
f 7556 7417 7395
f 7439 7417 125
f 2378 7417 2207
f 7557 7418 7352
f 8385 7418 7441
f 8150 7539 7419
f 7532 7527 5371
f 7524 7420 7383
f 7548 7420 5379
f 8016 7531 7421
f 7565 7374 7527
f 8076 7316 7444
f 7902 7713 7468
f 8075 7422 7741
f 7423 7381 7378
f 7423 5371 7381
f 7424 7392 5694
f 7424 7370 7392
f 7425 7384 5724
f 7425 7369 7384
f 7426 7399 7380
f 7426 5379 7399
f 7427 7392 5738
f 7427 7377 7392
f 7576 7396 7536
f 8134 7376 7532
f 7596 7429 5728
f 7594 7375 7591
f 7968 7395 7411
f 7740 7391 7552
f 8135 7431 7256
f 7558 7228 7322
f 7432 7405 5724
f 7432 2198 7405
f 7433 7408 7380
f 7433 460 7408
f 7434 7407 7377
f 7434 13 7407
f 7435 7409 5694
f 7435 2201 7409
f 7436 7409 456
f 7436 7378 7409
f 8339 7258 7897
f 8017 7437 7893
f 7438 7417 5695
f 7438 2207 7417
f 7439 7411 7395
f 7958 7439 125
f 8075 7741 7440
f 8148 7440 2223
f 7441 7415 5380
f 8418 7227 8229
f 7509 7442 7368
f 7501 7256 7413
f 7484 7443 7355
f 7478 7443 5734
f 9118 8058 7898
f 8014 7260 7538
f 7909 7445 7416
f 7970 7445 7511
f 8073 2137 7262
f 7908 7446 7675
f 8132 7431 7447
f 8018 7394 7437
f 8244 7394 7530
f 8017 7893 7257
f 8443 7449 7229
f 8286 7449 7470
f 7626 7460 7450
f 7506 7483 5381
f 7624 7452 5749
f 7463 7451 7351
f 7452 7451 5749
f 7452 7344 7451
f 7453 7450 5381
f 7626 7346 7460
f 7454 7385 7346
f 7572 5748 7464
f 8640 8259 5380
f 7457 7345 7382
f 7697 7456 7382
f 7456 7347 7382
f 8550 5380 7616
f 7457 7347 7455
f 7458 7386 5748
f 7458 7349 7386
f 7459 7455 7347
f 7459 7352 7455
f 7608 7385 7451
f 7460 7346 7385
f 7478 7355 7443
f 7467 7350 7388
f 7475 7462 7353
f 7474 5748 7454
f 7840 7622 7635
f 7463 7351 7348
f 7464 7386 7351
f 7464 5748 7386
f 7465 7387 7347
f 7465 7350 7387
f 7466 7389 7346
f 8313 7356 7482
f 7467 7461 7350
f 7467 7355 7461
f 7927 7899 7468
f 7908 7675 457
f 7714 7469 7416
f 7909 7259 7445
f 7564 7470 7387
f 7470 7352 7387
f 7471 7455 7352
f 7471 5380 7455
f 7472 7388 7353
f 7472 5742 7388
f 7473 7390 7344
f 7473 7357 7390
f 7474 7462 5748
f 7474 7353 7462
f 7475 7388 7350
f 7475 7353 7388
f 7607 7476 7390
f 7476 7354 7390
f 7477 7450 7354
f 7477 5381 7450
f 7478 7461 7355
f 7478 5734 7461
f 7479 7388 5742
f 7479 7355 7388
f 7480 7454 7346
f 7480 7353 7454
f 7481 7450 7344
f 7481 7354 7450
f 8313 7482 7389
f 7563 5742 7472
f 7483 7453 5381
f 7483 7356 7453
f 7484 7398 7226
f 7484 7355 7398
f 7485 7477 7354
f 7485 7363 7477
f 7524 7365 7420
f 7839 7507 7358
f 7516 7487 7372
f 7523 5740 7414
f 7519 7371 7412
f 7520 7359 7410
f 8253 5293 7319
f 7541 7226 7398
f 7490 7398 5742
f 7490 7360 7398
f 7491 7401 7356
f 7491 7366 7401
f 7508 7492 7364
f 7543 7500 5741
f 7510 7368 7413
f 7498 7361 7402
f 7494 7397 7354
f 7494 7358 7397
f 7495 7400 7359
f 7495 7366 7400
f 7496 7487 7363
f 7496 5740 7487
f 7497 7400 5381
f 7497 7363 7400
f 7498 7493 7361
f 7498 7368 7493
f 8248 7499 7402
f 7573 7499 5698
f 7500 7492 5741
f 7500 7364 7492
f 8135 7442 7431
f 7501 7368 7442
f 7502 7486 7365
f 7502 5740 7486
f 7503 7482 7356
f 7503 7361 7482
f 7504 7487 7359
f 7504 7363 7487
f 7505 7488 5741
f 7505 7366 7488
f 7506 7400 7366
f 7506 5381 7400
f 8236 7486 7397
f 7507 7365 7486
f 7508 7402 7361
f 8248 7364 7499
f 7573 7402 7499
f 7509 7368 7402
f 7510 7493 7368
f 7510 5742 7493
f 8036 7325 7511
f 7970 7511 5697
f 7548 7383 7420
f 7521 7369 7414
f 7547 7513 7372
f 7522 7513 5738
f 7517 7514 7379
f 8136 7542 5371
f 7518 7515 7371
f 7540 7370 7412
f 7516 7410 7359
f 7516 7372 7410
f 7517 7412 7370
f 7517 7379 7412
f 7518 7410 5738
f 7518 7371 7410
f 7519 7488 7371
f 7519 5741 7488
f 7520 7488 7359
f 7520 7371 7488
f 7521 7512 7369
f 7521 7383 7512
f 7522 7410 7372
f 7522 5738 7410
f 7523 7487 5740
f 7523 7372 7487
f 7524 7502 7365
f 7524 7383 7502
f 7525 7420 7373
f 7525 5379 7420
f 7526 7419 7364
f 7526 7379 7419
f 8136 7419 7542
f 8150 7374 7539
f 7528 7499 7374
f 7528 5698 7499
f 7529 7399 5379
f 7529 7375 7399
f 7530 7528 7374
f 7530 7394 7528
f 7553 7531 7391
f 7566 7376 7428
f 8134 7532 7396
f 7532 5371 7396
f 8287 7533 7229
f 8443 7196 7449
f 7534 7393 5724
f 7534 7377 7393
f 7535 7392 7377
f 7535 5694 7392
f 7536 7406 5695
f 7536 7378 7406
f 7537 7409 7378
f 7537 5694 7409
f 7964 7263 7694
f 8079 7260 7904
f 7539 7499 7364
f 7539 7374 7499
f 7540 7515 7370
f 7540 7371 7515
f 7541 7489 7226
f 7541 7360 7489
f 7542 7514 5371
f 7542 7379 7514
f 7543 7412 7379
f 7543 5741 7412
f 7544 7404 7380
f 7582 5723 7580
f 7545 7408 5724
f 7545 7380 7408
f 7546 7420 7365
f 7546 7373 7420
f 7547 7414 7369
f 7547 7372 7414
f 2369 13 7405
f 2370 2198 7408
f 7548 7512 7383
f 7548 5379 7512
f 7549 7414 5740
f 7549 7383 7414
f 2373 2201 7407
f 2374 456 7409
f 7550 7229 5734
f 7550 7198 7229
f 7551 7179 6695
f 7551 6761 7179
f 2377 2207 7406
f 2378 125 7417
f 7740 7552 7395
f 7556 5695 7417
f 7553 7416 5697
f 7837 7391 7430
f 7910 7554 7422
f 7741 5699 7440
f 7968 7411 7555
f 7900 5699 7714
f 7556 7552 5695
f 7556 7395 7552
f 7557 7449 7196
f 7557 7352 7449
f 8339 7897 7431
f 7558 7256 7431
f 8462 7559 7214
f 8717 8352 8306
f 7713 457 7468
f 2768 2223 7411
f 8044 7560 7243
f 7560 7262 7243
f 8418 8229 7561
f 8319 7561 7415
f 7562 6235 5498
f 7562 6230 6235
f 8159 7482 7493
f 7563 7389 7482
f 7564 7461 5734
f 7564 7387 7461
f 7565 7421 7374
f 8016 7376 7531
f 7566 7531 7376
f 7566 7391 7531
f 7567 7486 5740
f 7567 7397 7486
f 7568 5738 7392
f 7568 7515 5738
f 7569 7370 7381
f 7569 7514 7370
f 8225 5690 7901
f 7570 7242 7243
f 7571 7369 7393
f 7571 7513 7369
f 7572 7454 5748
f 7572 7385 7454
f 7573 7509 7402
f 7573 5698 7509
f 7574 5379 7384
f 7574 7512 5379
f 7575 7212 5708
f 7575 7209 7212
f 7576 7428 7396
f 7576 5695 7428
f 7577 7448 7394
f 7577 5697 7448
f 7578 6485 6458
f 7578 5321 6485
f 7579 6508 5484
f 7579 6485 6508
f 7582 7580 7404
f 7584 7580 2208
f 7598 5723 7586
f 7597 7581 7429
f 7581 7399 7429
f 7582 7544 5723
f 7582 7404 7544
f 7584 7404 7580
f 7583 2208 460
f 7584 7583 7404
f 7584 2208 7583
f 9095 9079 7699
f 7711 5726 7701
f 7711 7701 7589
f 7590 7586 5723
f 7587 2208 7580
f 7587 127 2208
f 7702 7599 7698
f 7667 7601 5727
f 7670 7589 7586
f 7674 127 7587
f 7671 7586 7589
f 7673 7585 7595
f 7590 5723 7585
f 7625 7591 7588
f 7591 7373 7588
f 7592 7546 5727
f 7592 7373 7546
f 7593 7403 5727
f 7593 7365 7403
f 7594 7429 7375
f 7594 5728 7429
f 7596 7585 7429
f 7709 7595 7699
f 7596 7595 7585
f 7596 5728 7595
f 7597 7585 5723
f 7597 7429 7585
f 7598 7587 7580
f 7598 7586 7587
f 7639 7599 7588
f 7625 5728 7591
f 7645 7367 7603
f 7667 7600 7601
f 7668 7588 7592
f 7707 5729 7698
f 7781 7719 7716
f 7612 7602 5739
f 7606 7358 7476
f 7603 7367 7358
f 7783 7719 5747
f 7613 7357 7611
f 7605 7403 7367
f 7605 5727 7403
f 7606 7603 7358
f 7606 5739 7603
f 7607 7604 5739
f 7607 7390 7604
f 7608 7460 7385
f 7608 7344 7460
f 7651 7616 7609
f 8608 7682 7636
f 7840 7348 7622
f 7614 7610 5749
f 7624 7357 7452
f 7661 7611 7637
f 7642 7612 7604
f 7612 5739 7604
f 7613 7604 7357
f 7642 5747 7612
f 7614 7463 7348
f 7614 5749 7463
f 8398 7615 7415
f 8640 7615 8259
f 8550 7455 5380
f 8271 7616 7345
f 8275 7382 7345
f 8268 7349 7458
f 8501 7669 7345
f 7620 7618 5750
f 8173 7609 7634
f 7651 7345 7616
f 7620 5750 7349
f 7620 7349 7617
f 7666 7622 7665
f 7623 5750 7622
f 7623 7622 7621
f 7622 7348 7621
f 7623 7349 5750
f 7623 7621 7349
f 7624 7611 7357
f 7624 5749 7611
f 7710 7599 7672
f 7625 7588 7599
f 7626 7453 7346
f 7626 7450 7453
f 7748 5744 7742
f 7882 7801 7759
f 8302 7684 7683
f 7658 5737 7654
f 7659 7629 7610
f 7661 7637 5747
f 7638 7630 7602
f 7644 5294 7640
f 7665 5750 7632
f 7739 7631 7721
f 7681 7632 7627
f 8391 7618 7636
f 7793 7787 7786
f 7795 7794 7717
f 8219 7695 7634
f 8256 7647 7362
f 7643 7635 7610
f 7738 5382 7734
f 7656 7636 7619
f 8176 7618 7669
f 7777 7629 7730
f 7637 7610 7629
f 7638 7612 5747
f 7638 7602 7612
f 7799 7601 7704
f 7639 7588 7601
f 7649 7640 7600
f 7660 5294 7633
f 8541 8322 8188
f 8404 7641 8297
f 7642 7613 5747
f 7642 7604 7613
f 7643 7614 7348
f 7643 7610 7614
f 7644 7630 5294
f 7644 7602 7630
f 7645 7640 7367
f 7645 7602 7640
f 8301 7646 7641
f 8256 7646 7647
f 8267 7634 7648
f 8219 7628 7695
f 7648 7615 7362
f 7648 7609 7615
f 7649 7605 7367
f 7649 7600 7605
f 8431 8342 7195
f 8246 7650 7362
f 8501 7619 7669
f 7651 7609 7619
f 8623 8491 8430
f 8377 8265 8170
f 8323 7684 5736
f 8448 7653 7692
f 8173 7634 7654
f 8608 5737 7682
f 7655 7635 7622
f 7655 5382 7635
f 7656 7654 5737
f 7656 7619 7654
f 7732 7678 7729
f 8299 7628 7684
f 8294 7658 7657
f 7757 7695 7628
f 7659 7635 5382
f 7659 7610 7635
f 7660 7640 5294
f 7660 7600 7640
f 7661 7613 7611
f 7661 5747 7613
f 8434 8308 8242
f 8301 5736 7646
f 7663 7632 5750
f 7663 7627 7632
f 8795 8664 8585
f 8526 8422 8355
f 7665 7622 5750
f 7666 7665 7631
f 7666 7655 7622
f 7666 7631 7655
f 7667 7605 7600
f 7667 5727 7605
f 7668 7601 7588
f 7668 5727 7601
f 7669 7617 7345
f 7669 7618 7617
f 7670 7590 5726
f 7670 7586 7590
f 7706 7589 7701
f 7705 7671 7589
f 2501 127 7671
f 7672 7595 5728
f 7917 7672 7702
f 7673 7590 7585
f 7673 5726 7590
f 7674 7671 127
f 7674 7586 7671
f 7675 7468 457
f 7927 7321 7899
f 7739 7721 7676
f 7727 7676 7725
f 7682 7627 7636
f 7726 5744 7721
f 8255 7687 7678
f 8343 7678 7732
f 8293 7691 7679
f 7693 7685 5676
f 7757 7657 7695
f 8233 5676 7771
f 8224 7686 7731
f 8388 7627 7682
f 8388 7682 7677
f 8257 5737 7689
f 8366 8211 7683
f 8335 8221 5736
f 8249 7628 7646
f 8299 7684 7653
f 7735 7679 7733
f 8448 7692 7685
f 8073 7262 7446
f 7688 7686 7677
f 7746 7686 7732
f 8245 7680 7693
f 7687 7657 7680
f 7688 7682 5737
f 7688 7677 7682
f 8294 5737 7658
f 8255 7657 7687
f 7690 5970 5771
f 7690 5896 5970
f 8346 7223 8213
f 8465 8270 7200
f 8293 7200 7691
f 7692 7679 7685
f 7693 7680 7653
f 8245 7693 5676
f 8055 5372 7964
f 8231 7203 8061
f 8390 7658 7654
f 7695 7657 7658
f 8455 8364 8261
f 8373 7696 8276
f 7697 7458 5748
f 7697 7382 7458
f 9098 7955 7915
f 7914 7698 5729
f 7703 7595 7672
f 7709 7699 5726
f 7706 7701 461
f 9107 7701 7700
f 7701 5726 7700
f 7702 7672 7599
f 7917 7702 5378
f 7703 7699 7595
f 9095 5378 9079
f 7792 7704 7633
f 7704 7600 7633
f 7705 2501 7671
f 7705 461 2501
f 7706 7705 7589
f 7706 461 7705
f 7707 7639 5729
f 7707 7599 7639
f 7708 7555 7411
f 7708 5699 7555
f 7709 7673 7595
f 7709 5726 7673
f 7710 7625 7599
f 7710 5728 7625
f 7711 7670 5726
f 7711 7589 7670
f 7712 2387 7422
f 8148 7712 7440
f 8007 7422 2387
f 8007 7713 7422
f 7900 7714 7430
f 8078 7416 7837
f 7784 7778 7715
f 7784 7630 7778
f 7981 7954 7920
f 7722 7718 5747
f 7795 5294 7794
f 7933 7787 5718
f 7783 7716 7719
f 7788 7779 7785
f 7719 7638 5747
f 7719 7630 7638
f 7873 7796 7764
f 7727 7725 5382
f 7726 7721 7632
f 7721 7631 7632
f 7722 7637 7629
f 7722 5747 7637
f 7723 7655 7631
f 7723 5382 7655
f 7724 7262 2137
f 2721 7724 2137
f 7750 7720 7734
f 7798 5746 7780
f 7726 7681 5744
f 7726 7632 7681
f 7727 7723 7676
f 7727 5382 7723
f 8224 7677 7686
f 7736 7728 5744
f 7737 7729 7678
f 7772 7729 7765
f 7789 7730 7720
f 7750 7734 5382
f 7775 7731 7728
f 7882 5292 7801
f 8343 7732 7686
f 7746 7732 5292
f 7747 7744 7733
f 7747 5675 7744
f 7734 7730 7629
f 7734 7720 7730
f 7735 7685 7679
f 7735 5676 7685
f 7736 7681 7677
f 7736 5744 7681
f 7737 7687 5676
f 7737 7678 7687
f 7738 7659 5382
f 7738 7629 7659
f 7739 7723 7631
f 7739 7676 7723
f 7740 7430 7391
f 7740 7395 7430
f 8058 7554 7898
f 7741 7422 7554
f 7946 7800 7874
f 7774 5744 7728
f 7829 7761 7811
f 8292 5676 7735
f 7754 7733 7744
f 7821 7820 5675
f 7770 7745 7176
f 7745 7175 7176
f 7746 7731 7686
f 7746 5292 7731
f 7773 7747 7201
f 7747 7733 7201
f 7748 7721 5744
f 7748 7676 7721
f 7749 7180 6794
f 7749 7175 7180
f 7750 7725 7720
f 7750 5382 7725
f 7776 7201 7733
f 7752 7175 7745
f 7752 7751 7175
f 7752 7201 7751
f 7753 7751 7201
f 7753 5366 7751
f 8171 7743 7771
f 7754 7744 7743
f 7755 5986 5764
f 7755 5883 5986
f 8153 7756 7320
f 7756 7263 7320
f 7757 7680 7657
f 8165 7653 7680
f 7758 7708 7411
f 7758 7440 7708
f 7805 7769 7759
f 7831 7802 5683
f 7774 7728 7760
f 8157 5683 7866
f 7767 7761 7743
f 7806 5674 7765
f 7877 7827 5685
f 7819 7762 7765
f 7804 7763 7742
f 7782 7676 7748
f 8239 7676 7763
f 7764 7720 7725
f 8392 7806 7765
f 8171 7771 5676
f 7766 7176 7174
f 7770 5675 7745
f 7767 7744 5675
f 7767 7743 7744
f 7768 7732 7729
f 7768 5292 7732
f 7769 7731 5292
f 7769 7728 7731
f 7770 7766 5675
f 7770 7176 7766
f 7771 7765 7729
f 8392 7743 7806
f 7772 7768 7729
f 7772 7762 7768
f 7773 7745 5675
f 7773 7201 7745
f 7774 7742 5744
f 7774 7760 7742
f 7775 7736 7677
f 7775 7728 7736
f 7776 7753 7201
f 7776 7679 7753
f 7777 7722 7629
f 7777 7718 7722
f 7790 7778 7716
f 7781 7630 7719
f 7780 7718 7730
f 8038 7718 7780
f 8038 7780 7779
f 7780 5746 7779
f 7781 7778 7630
f 7781 7716 7778
f 7782 7763 7676
f 7782 7742 7763
f 7783 7718 7716
f 7783 5747 7718
f 7784 5294 7630
f 7794 7715 7717
f 7948 7934 5746
f 8015 7785 7943
f 9100 7955 5731
f 9077 7924 9068
f 7926 7717 7916
f 7787 7633 7717
f 7928 5720 7791
f 8039 7788 7716
f 7872 7764 7796
f 7789 7720 7764
f 7790 7788 5720
f 7790 7716 7788
f 7928 7791 7778
f 7791 7715 7778
f 7792 7786 5729
f 7793 7633 7787
f 7793 7792 7633
f 7793 7786 7792
f 7794 7784 7715
f 7794 5294 7784
f 7795 7633 5294
f 7795 7717 7633
f 7994 5743 7987
f 7952 5745 7863
f 7797 7764 7725
f 7951 7873 5745
f 7798 7789 5746
f 7798 7730 7789
f 7799 7639 7601
f 7799 5729 7639
f 7860 7803 7800
f 7804 5745 7763
f 7826 7801 7762
f 7822 5292 7768
f 7847 7759 7827
f 7805 7728 7769
f 7831 7760 7802
f 7803 7742 7760
f 7804 7800 5745
f 7860 7742 7803
f 7805 7802 7728
f 7805 7759 7802
f 7858 7761 7829
f 7806 7743 7761
f 8019 7258 7257
f 8011 7228 7897
f 7935 5372 7809
f 8045 7808 7324
f 7935 7809 7808
f 8059 7809 7959
f 8022 7992 7868
f 7851 5674 7812
f 7850 7842 7824
f 7821 7811 7820
f 7853 7825 7812
f 7857 7812 7829
f 7816 7813 7766
f 7813 5675 7766
f 7834 7165 7828
f 7814 6874 7165
f 7850 5677 7842
f 7815 7811 7813
f 7832 7174 7814
f 7816 7766 7174
f 7817 7806 7761
f 7817 5674 7806
f 7818 5673 6874
f 7862 7818 7174
f 7849 7819 7810
f 7819 5674 7810
f 7820 7767 5675
f 7820 7761 7767
f 7821 7813 7811
f 7821 5675 7813
f 7822 7801 5292
f 7822 7762 7801
f 8008 7978 5684
f 7992 7865 7868
f 7836 7824 7815
f 7881 7824 7844
f 7851 7812 7825
f 7854 5687 7852
f 7855 7826 7810
f 7849 7762 7819
f 7845 7827 7801
f 7827 7759 7801
f 7846 7843 7828
f 7846 5528 7843
f 7858 7829 7812
f 7857 7829 5367
f 7830 7802 7759
f 7830 5683 7802
f 7831 7803 7760
f 7831 5683 7803
f 7832 7816 7174
f 7832 5677 7816
f 7848 7815 7824
f 7833 7811 7815
f 7834 7814 7165
f 7834 5677 7814
f 8000 7807 7318
f 8019 7257 7807
f 7836 7813 5677
f 7836 7815 7813
f 7837 7553 7391
f 7837 7416 7553
f 7838 7694 7233
f 7838 7269 7694
f 7839 7358 7367
f 7839 7367 7403
f 7840 7643 7348
f 7840 7635 7643
f 7995 7991 7870
f 7869 5367 7844
f 8175 5677 7828
f 7856 7842 7843
f 8175 7828 7843
f 8172 7843 5528
f 7993 7869 7844
f 8042 7844 7875
f 7845 7826 5685
f 7845 7801 7826
f 7876 7164 7181
f 7846 7828 7164
f 7847 7830 7759
f 7847 7823 7830
f 7848 7833 7815
f 7848 5367 7833
f 7849 7826 7762
f 7849 7810 7826
f 7850 7836 5677
f 7850 7824 7836
f 7851 7810 5674
f 7851 7825 7810
f 7854 7852 7810
f 7855 5685 7826
f 7853 7841 5687
f 7853 7812 7841
f 7854 7825 5687
f 7854 7810 7825
f 8147 7852 7868
f 7855 7810 7852
f 8120 7871 8026
f 7878 5678 7875
f 7857 7841 7812
f 7880 7857 5367
f 7858 7817 7761
f 7858 7812 7817
f 8072 7203 7971
f 8067 7208 8051
f 7860 7804 7742
f 7860 7800 7804
f 7861 7176 7175
f 7861 5673 7176
f 7862 7176 5673
f 7862 7174 7176
f 7944 7921 7863
f 7989 7973 5369
f 7946 7874 7864
f 7998 7864 7978
f 7877 7823 7827
f 7982 5684 7978
f 7956 7866 7823
f 8041 5683 7830
f 8099 5668 8090
f 8097 5285 8095
f 8033 7852 7996
f 8147 7868 5685
f 7880 7841 7857
f 8141 7991 5686
f 8032 5688 8021
f 8096 5365 8088
f 8156 5528 8027
f 7871 5678 7856
f 7872 7789 7764
f 7872 5746 7789
f 7873 7797 5745
f 7873 7764 7797
f 7874 7803 5683
f 7874 7800 7803
f 7878 7875 7842
f 7875 7824 7842
f 7876 7846 7164
f 7876 5528 7846
f 7986 7877 7865
f 7877 5685 7865
f 7878 7856 5678
f 7878 7842 7856
f 7879 6243 5868
f 7879 5960 6243
f 7880 7869 7841
f 7880 5367 7869
f 7881 7848 7824
f 7881 5367 7848
f 7882 7769 5292
f 7882 7759 7769
f 7883 5977 5897
f 7883 5771 5977
f 8336 7199 7905
f 8223 5707 7254
f 8037 7324 7885
f 8006 7318 7326
f 7904 7320 7263
f 7886 5700 7320
f 8066 5709 7289
f 8241 7208 7971
f 7888 6160 5960
f 7888 5283 6160
f 7889 5913 5782
f 7889 5828 5913
f 2721 37 7724
f 8034 7890 7531
f 7890 7421 7531
f 8004 7230 7906
f 8057 7891 5696
f 7892 7240 7233
f 8140 7205 7240
f 7972 7448 7325
f 8133 7893 7437
f 7911 7444 7316
f 8154 7894 8074
f 7906 7274 7236
f 7895 7269 7274
f 2990 457 7713
f 7896 7255 7203
f 8137 5709 7255
f 7897 7558 7431
f 7897 7228 7558
f 7931 7898 7315
f 7898 7444 7315
f 7907 7327 7260
f 7899 7321 7327
f 7900 7555 5699
f 7900 7430 7555
f 8225 7901 7242
f 7901 7237 7242
f 8076 7444 7554
f 7902 7468 7316
f 2736 2387 7712
f 7903 7259 7315
f 8154 8074 7315
f 7904 7886 7320
f 7904 7260 7886
f 7969 7241 7208
f 7905 7199 7241
f 7906 7895 7274
f 8082 7230 7963
f 7907 7899 7327
f 7907 7316 7899
f 7908 2516 7446
f 2833 7908 457
f 7909 7469 7259
f 7909 7416 7469
f 7910 7902 7316
f 7910 7422 7902
f 7911 7894 7444
f 8122 7260 8014
f 7912 7448 5697
f 7912 7325 7448
f 9090 7922 9066
f 7950 7923 5720
f 7957 7914 7786
f 7914 5729 7786
f 9073 5732 9071
f 9100 7915 7955
f 7925 7791 7913
f 7916 7715 7791
f 7917 7703 7672
f 7917 5378 7703
f 7994 7987 7939
f 7948 7918 7934
f 7945 7919 7796
f 7929 5746 7872
f 7965 7785 7934
f 7950 7920 7923
f 7951 7796 7873
f 7983 5743 7941
f 9092 7922 7913
f 9099 5718 7925
f 7937 7913 7791
f 9103 9096 5719
f 7933 7786 7787
f 7957 5731 7914
f 7925 7916 7791
f 7925 5718 7916
f 7926 7787 7717
f 7926 5718 7787
f 7927 7675 7321
f 7927 7468 7675
f 7928 7790 5720
f 7928 7778 7790
f 7949 7919 7948
f 7929 7796 7919
f 7930 7446 7262
f 7930 7321 7446
f 7931 7469 5699
f 8012 7259 7469
f 7932 7570 7243
f 7932 7261 7570
f 7933 7924 7786
f 7933 5718 7924
f 2768 7411 2388
f 7934 7779 5746
f 7934 7785 7779
f 7935 7323 5372
f 7935 7808 7323
f 7936 7788 7785
f 7936 5720 7788
f 7937 7923 7913
f 7937 5720 7923
f 7938 7203 7233
f 7938 7233 7240
f 8013 7941 7939
f 7985 5376 7943
f 7984 7863 7942
f 8003 7944 5743
f 7983 7941 7919
f 7941 7918 7919
f 7947 7942 7863
f 7984 7942 5369
f 8015 7943 7920
f 7981 5376 7954
f 8001 7940 7975
f 8002 7863 7984
f 8003 7921 7944
f 7945 7796 7921
f 7946 7942 7800
f 7946 7864 7942
f 7947 5745 7800
f 7947 7863 5745
f 7948 7919 7918
f 7949 7948 5746
f 7949 7929 7919
f 7949 5746 7929
f 7950 7936 7920
f 7950 5720 7936
f 7951 7921 7796
f 7952 7863 7921
f 7952 7951 5745
f 7952 7921 7951
f 7989 5679 7973
f 8008 7953 7978
f 9081 9063 7954
f 9080 9070 5376
f 7955 7914 5731
f 7955 7698 7914
f 8043 7865 7992
f 7986 7823 7877
f 9097 7924 9062
f 7957 7786 7924
f 7958 2388 7411
f 7958 125 2388
f 2794 7446 2516
f 7959 7809 7230
f 8059 7959 7324
f 7960 7807 7257
f 7960 7318 7807
f 7961 7756 7233
f 7961 7263 7756
f 7962 7489 7256
f 7962 5293 7489
f 8082 7963 7895
f 7963 5372 7895
f 7964 7538 7263
f 7964 5372 7538
f 7965 7943 7785
f 7965 7918 7943
f 8081 8047 7966
f 8081 7268 8047
f 7967 7267 7242
f 7967 7231 7267
f 7968 7430 7395
f 7968 7555 7430
f 7969 7905 7241
f 7969 7207 7905
f 7970 5697 7416
f 7970 7416 7445
f 8241 7971 7887
f 7971 7255 7887
f 7972 7893 7448
f 7972 7257 7893
f 8139 7940 5369
f 8139 5369 7973
f 8145 8021 5688
f 8033 7996 7974
f 9083 5716 9064
f 9761 5274 9389
f 8103 8025 7976
f 8089 8024 5368
f 7977 7868 7852
f 8022 5368 7992
f 7982 7978 7866
f 7978 7864 7866
f 7979 7942 7864
f 7979 5369 7942
f 7980 7956 7865
f 7980 5684 7956
f 7981 7943 5376
f 7981 7920 7943
f 7982 7956 5684
f 7982 7866 7956
f 7983 7945 5743
f 7983 7919 7945
f 8002 7984 7940
f 7984 5369 7940
f 9101 7939 9064
f 8013 7918 7941
f 7986 7956 7823
f 7986 7865 7956
f 9082 7987 7975
f 7987 5743 7975
f 8025 5684 7976
f 8084 5352 5679
f 8106 7989 7953
f 7989 5369 7953
f 8030 7990 7870
f 8164 7990 7996
f 8023 7869 7993
f 7991 7841 7869
f 8043 7992 7976
f 8138 7992 5368
f 8288 7993 7867
f 7993 7844 7867
f 7994 7941 5743
f 7994 7939 7941
f 7995 5687 7841
f 7995 7870 5687
f 7996 7990 7974
f 8164 7996 5687
f 2833 2516 7908
f 8304 7268 8081
f 8063 7199 7268
f 7998 7979 7864
f 7998 7953 7979
f 7999 7254 5707
f 8056 7199 7254
f 8000 7835 7807
f 8050 5696 7966
f 8001 7944 7940
f 8001 5743 7944
f 8002 7944 7863
f 8002 7940 7944
f 8003 7945 7921
f 8003 5743 7945
f 8004 7891 7230
f 8004 7236 7891
f 8068 8005 7272
f 8005 7234 7272
f 8006 7885 7230
f 8006 7326 7885
f 8007 2728 7713
f 8007 2387 2728
f 8008 7988 7953
f 8008 5684 7988
f 8009 7442 5698
f 8009 7431 7442
f 8010 7328 5696
f 8010 7236 7328
f 8011 7835 7228
f 8298 8011 7258
f 8012 7931 7315
f 8012 7469 7931
f 8013 7985 7918
f 8013 7939 7985
f 8122 8014 7894
f 8014 7323 7894
f 8015 7936 7785
f 8015 7920 7936
f 8016 7565 7376
f 8016 7421 7565
f 8017 7257 7258
f 8017 7258 7437
f 8018 7447 5698
f 8018 7437 7447
f 8298 7835 8011
f 8019 7807 7835
f 8141 7870 7991
f 8030 5688 7990
f 8032 8021 7974
f 8142 5368 7977
f 8022 7977 5368
f 8022 7868 7977
f 8023 7991 7869
f 8023 5686 7991
f 8138 7976 7992
f 8103 5682 8025
f 8025 7988 5684
f 8109 8025 5682
f 8046 8026 7871
f 8120 8026 5285
f 8166 7158 7167
f 8031 5528 7166
f 8146 7867 8042
f 8123 5668 8099
f 8029 8028 5678
f 8143 8029 5285
f 8144 8020 8096
f 8030 7870 8020
f 8031 8027 5528
f 8031 7158 8027
f 8032 7990 5688
f 8032 7974 7990
f 8033 7977 7852
f 8033 7974 7977
f 8034 7553 5697
f 8034 7531 7553
f 8035 7228 7234
f 8035 7322 7228
f 8062 8036 7445
f 8036 7511 7445
f 8064 8037 7326
f 8037 7885 7326
f 8038 7716 7718
f 8039 7779 7788
f 8039 8038 7779
f 8039 7716 8038
f 8040 7575 5708
f 8040 7216 7575
f 8041 7866 5683
f 8041 7823 7866
f 8042 7867 7844
f 8146 8042 5678
f 8043 7980 7865
f 8043 7976 7980
f 8080 8044 7267
f 8044 7243 7267
f 8045 7903 7808
f 8045 7259 7903
f 8172 7856 7843
f 8046 7871 7856
f 8053 7272 7234
f 8047 7268 7272
f 8048 7319 7197
f 8048 7226 7319
f 8049 7186 7232
f 8049 7251 7186
f 8050 8000 5696
f 8050 7835 8000
f 8051 7208 7241
f 8051 7241 7328
f 8052 7317 7232
f 8130 8052 5293
f 8053 8047 7272
f 8053 7228 8047
f 8054 5943 5787
f 8054 5864 5943
f 8070 7269 7895
f 8055 7694 7269
f 8056 7999 7202
f 8056 7254 7999
f 8252 7318 8006
f 8057 7230 7891
f 8058 7741 7554
f 8058 5699 7741
f 8059 7324 7808
f 8059 7808 7809
f 8060 5939 5859
f 8060 5864 5939
f 8231 8061 7269
f 8061 7274 7269
f 8062 7259 7324
f 8062 7445 7259
f 8063 7997 7241
f 8063 7268 7997
f 8064 7257 7325
f 8064 7326 7257
f 8065 5981 5873
f 8065 5878 5981
f 8066 7887 5709
f 8066 7207 7887
f 8067 7859 7208
f 8174 7274 7859
f 8068 7268 7199
f 8068 7272 7268
f 8069 8005 7202
f 8069 7234 8005
f 8070 8055 7269
f 8070 5372 8055
f 8071 5372 7323
f 8071 7538 5372
f 8072 7859 7203
f 8072 7208 7859
f 8073 7446 2794
f 8073 2794 2137
f 8074 7903 7315
f 8074 7323 7903
f 8075 7712 7422
f 8075 7440 7712
f 8076 7910 7316
f 8076 7554 7910
f 8077 7321 5700
f 8077 7327 7321
f 8078 7714 7416
f 8078 7430 7714
f 8079 7538 7260
f 8079 7263 7538
f 8080 7231 5700
f 8080 7267 7231
f 8304 8081 5696
f 8081 7966 5696
f 8082 7906 7230
f 8082 7895 7906
f 8083 7270 7231
f 8083 7237 7270
f 8109 7988 8025
f 8084 5679 7988
f 8116 5688 8096
f 8092 5288 5681
f 8086 5610 5682
f 8086 5681 5610
f 8194 8184 5328
f 8289 5285 8026
f 8116 8096 8088
f 8100 8088 5671
f 8110 8089 8021
f 8089 5368 8021
f 8114 8099 8090
f 8098 8090 5365
f 8204 8087 8182
f 8180 8091 8094
f 8202 8085 8100
f 8092 5681 8085
f 8143 8028 8029
f 8158 8028 8143
f 8111 8091 8095
f 8180 8094 5526
f 8095 8091 5515
f 8111 8095 5285
f 8119 8020 8098
f 8144 8096 5688
f 8097 8093 5285
f 8115 5513 8102
f 8098 8020 5686
f 8119 8098 5365
f 8123 8099 7867
f 8288 5686 7993
f 8100 8085 5688
f 8202 8100 5671
f 8195 8186 5329
f 8185 5515 8184
f 8124 5669 8107
f 8197 8105 5329
f 8103 8024 5682
f 8103 7976 8024
f 8118 8104 8102
f 8104 5668 8102
f 8105 8102 5513
f 8118 5669 8104
f 8106 7988 5679
f 8106 7953 7988
f 8200 5670 8191
f 8192 8107 5669
f 8108 8107 5670
f 8108 5365 8107
f 8109 8084 7988
f 8109 5682 8084
f 8110 8085 5681
f 8145 5688 8085
f 8111 8094 8091
f 8289 8026 8094
f 8112 8091 8087
f 8112 5515 8091
f 8113 8101 5513
f 8113 8095 8101
f 8114 8098 5686
f 8114 8090 8098
f 8115 8097 5513
f 8115 8093 8097
f 8116 8100 5688
f 8116 8088 8100
f 8117 8089 5681
f 8117 8024 8089
f 8118 8105 5669
f 8118 8102 8105
f 8119 8096 8020
f 8119 5365 8096
f 8120 8029 7871
f 8120 5285 8029
f 8121 7222 6764
f 8121 7204 7222
f 8122 7911 7260
f 8122 7894 7911
f 8123 8028 5668
f 8123 7867 8028
f 8124 8104 5669
f 8124 8090 8104
f 8125 8036 7324
f 8125 7325 8036
f 8126 7213 6700
f 8126 6764 7213
f 8127 8087 5526
f 8127 7159 8087
f 8128 8027 5526
f 8128 8026 8027
f 8129 8057 5696
f 8129 7318 8057
f 8130 5293 7234
f 8130 7234 7317
f 8131 7892 7233
f 8131 7270 7892
f 8132 7437 7258
f 8132 7447 7437
f 8133 7394 7448
f 8133 7448 7893
f 8134 7428 7376
f 8134 7396 7428
f 8135 7501 7442
f 8135 7256 7501
f 8136 7527 7419
f 8136 5371 7527
f 8137 7896 7205
f 8137 7255 7896
f 8138 8024 7976
f 8138 5368 8024
f 9088 5680 7975
f 8139 7973 5680
f 8140 7892 5708
f 8140 7240 7892
f 8141 8020 7870
f 8141 5686 8020
f 8142 8021 5368
f 8142 7974 8021
f 8158 8143 8093
f 8143 5285 8093
f 8144 8030 8020
f 8144 5688 8030
f 8145 8110 8021
f 8145 8085 8110
f 8146 8028 7867
f 8146 5678 8028
f 8147 7855 7852
f 8147 5685 7855
f 8148 2736 7712
f 8148 2223 2736
f 8149 7243 7262
f 8149 7266 7243
f 8150 7527 7374
f 8150 7419 7527
f 8151 5700 7321
f 8151 7560 5700
f 8152 6453 5692
f 8152 6456 6453
f 2990 7713 2728
f 8153 5700 7231
f 8153 7320 5700
f 8154 7315 7444
f 8154 7444 7894
f 8155 7314 7209
f 8155 5370 7314
f 8156 8046 5528
f 8156 8026 8046
f 8157 7874 5683
f 8157 7864 7874
f 8158 5668 8028
f 8158 8093 5668
f 8159 7563 7482
f 8159 5742 7563
f 8378 7235 8278
f 8446 7200 8220
f 8161 6149 5868
f 8161 5883 6149
f 8162 37 7261
f 8162 7261 7266
f 8163 7206 7209
f 8163 7209 7216
f 8164 5687 7870
f 8164 7870 7990
f 8165 7757 7628
f 8165 7680 7757
f 8166 8027 7158
f 8166 5526 8027
f 8167 7309 7212
f 8167 6747 7309
f 8784 8381 7214
f 8606 7561 8229
f 8589 8247 8169
f 8368 7177 8213
f 8475 8364 7664
f 8662 8170 8378
f 8171 7754 7743
f 8171 5676 7754
f 8172 8046 7856
f 8172 5528 8046
f 8173 7619 7609
f 8173 7654 7619
f 8174 8067 7236
f 8174 7859 8067
f 8175 7842 5677
f 8175 7843 7842
f 8176 7636 7618
f 8176 7619 7636
f 8433 8177 5735
f 8384 8177 7250
f 8818 7190 8450
f 8820 8369 7187
f 8542 8476 8329
f 8540 8278 8532
f 8180 5526 8087
f 8180 8087 8091
f 8181 7162 5534
f 8181 6919 7162
f 8182 8181 5534
f 8182 7159 8181
f 8183 8112 5534
f 8183 5515 8112
f 8193 8183 8190
f 8184 5515 8183
f 8185 8101 5515
f 8199 5514 8186
f 8199 8186 8101
f 8186 5513 8101
f 8709 8612 8520
f 8712 8187 8496
f 8335 7662 8221
f 8609 8407 8308
f 8189 7160 5532
f 8203 8189 8190
f 8190 8189 5328
f 8203 8190 5534
f 8191 5670 5601
f 8191 5601 5671
f 8192 5667 5670
f 8198 5669 8197
f 8193 8184 8183
f 8193 5328 8184
f 8194 5512 5514
f 8194 5328 5512
f 8195 8105 5513
f 8195 5329 8105
f 8196 5509 5329
f 8196 5514 5509
f 8198 8197 5667
f 8197 5329 5667
f 8198 8192 5669
f 8198 5667 8192
f 8199 8185 5514
f 8199 8101 8185
f 8200 8108 5670
f 8200 8088 8108
f 8201 8194 5514
f 8201 8184 8194
f 8202 8092 8085
f 8202 5671 8092
f 8203 5534 7160
f 8203 7160 8189
f 8204 8112 8087
f 8204 5534 8112
f 8205 6805 5530
f 8205 6801 6805
f 8206 6854 6886
f 8206 6886 6919
f 8207 5365 8090
f 8207 8107 5365
f 8208 7191 6870
f 8208 7180 7191
f 8209 6717 6317
f 8209 6766 6717
f 8344 8262 8210
f 8344 6807 8262
f 8465 8160 8270
f 8389 7235 8265
f 8309 6815 6766
f 8451 8212 8269
f 8368 8213 7223
f 8346 8213 5366
f 8547 8469 8360
f 8440 5733 8347
f 8833 7559 8232
f 8833 8232 8307
f 8417 8272 7195
f 8405 8322 7210
f 8217 8047 7228
f 8217 7966 8047
f 8218 6881 6784
f 8218 6794 6881
f 8333 7647 7646
f 8219 7634 7647
f 8446 8220 7683
f 8302 7653 7684
f 8323 7683 7684
f 8366 7235 8211
f 8918 8853 8730
f 9007 8801 8695
f 8223 7884 7204
f 8223 7254 7884
f 8224 7775 7677
f 8224 7731 7775
f 8225 7570 5690
f 8225 7242 7570
f 8226 6770 6748
f 8226 5370 6770
f 8482 8327 8227
f 8367 7182 8276
f 8518 8406 8332
f 8984 6783 8210
f 8397 8229 7559
f 8421 7227 8232
f 8687 8230 7418
f 8595 7227 7441
f 8231 7838 7203
f 8231 7269 7838
f 8421 8232 7559
f 8433 8232 8177
f 8233 7737 5676
f 8233 7729 7737
f 8234 6895 5673
f 8234 6825 6895
f 8235 7552 7391
f 8235 7428 7552
f 8236 7507 7486
f 8236 7358 7507
f 8237 6807 6763
f 8291 6798 7276
f 8762 7304 8240
f 8719 8468 8338
f 8239 7797 7725
f 8239 7763 7797
f 8371 7306 6815
f 8454 7173 7332
f 8241 7207 7208
f 8241 7887 7207
f 8619 8508 8430
f 8542 7210 8476
f 8712 8496 8243
f 8605 8243 8473
f 8244 7577 7394
f 8244 7421 7577
f 8245 7687 7680
f 8245 5676 7687
f 8398 7362 7615
f 8246 7415 7561
f 8387 8247 8160
f 8593 7223 8270
f 8248 7508 7364
f 8248 7402 7508
f 8249 7684 7628
f 8249 5736 7684
f 8400 7218 8334
f 8457 7187 8300
f 8718 7297 6773
f 8251 6783 7297
f 8252 8057 7318
f 8252 7230 8057
f 8253 7489 5293
f 8253 7226 7489
f 8802 8575 8178
f 8818 8450 8545
f 8255 7689 7657
f 8255 7678 7689
f 8297 7362 7650
f 8256 7641 7646
f 8257 7688 5737
f 8257 7686 7688
f 8478 7664 8364
f 8659 8617 8524
f 8259 7616 5380
f 8259 7609 7616
f 8528 8409 8318
f 8632 8510 7171
f 8534 8483 8214
f 8622 8477 8360
f 8629 8227 8440
f 8437 6807 8291
f 8509 8374 8263
f 8377 6945 8265
f 8264 7217 5705
f 8264 7178 7217
f 8389 8265 8160
f 8387 6945 8247
f 8498 8168 8329
f 8561 7214 8381
f 8267 7647 7634
f 8267 7362 7647
f 8268 7617 7349
f 8275 7345 7617
f 8565 8328 8269
f 8604 8321 6806
f 8270 7691 7200
f 8270 7223 7691
f 8271 7457 7455
f 8271 7345 7457
f 8431 8216 8342
f 8476 8272 8329
f 8273 7756 7231
f 8273 7233 7756
f 8274 7276 6798
f 8365 7182 8227
f 8275 8268 7382
f 8275 7617 8268
f 8367 8276 7696
f 8373 8276 6945
f 9186 8951 8848
f 8638 8543 8466
f 8540 8532 8370
f 8634 8358 7235
f 8851 8618 8489
f 8674 8611 8514
f 8280 7691 5366
f 8280 7679 7691
f 8281 6788 6766
f 8281 5374 6788
f 8516 8282 6773
f 8282 6710 6773
f 8283 7191 7180
f 8559 8283 5366
f 8284 6806 6693
f 8500 6783 8341
f 8471 8376 8285
f 8564 8415 8340
f 8286 5734 7229
f 8286 7229 7449
f 8287 7247 7185
f 8287 7229 7247
f 8288 8099 5686
f 8288 7867 8099
f 8289 8111 5285
f 8289 8094 8111
f 8755 8563 8463
f 8819 8533 8464
f 8291 8237 6798
f 8291 6807 8237
f 8292 7754 5676
f 8292 7733 7754
f 8293 7692 7200
f 8293 7679 7692
f 8294 7689 5737
f 8294 7657 7689
f 8295 7298 7177
f 8295 7182 7298
f 8596 7298 7302
f 8296 7177 7298
f 8297 8256 7362
f 8297 7641 8256
f 8298 8019 7835
f 8298 7258 8019
f 8299 8165 7628
f 8299 7653 8165
f 8829 8300 8215
f 8499 8300 7187
f 8301 8188 5736
f 8541 7641 8322
f 8302 8220 7653
f 8302 7683 8220
f 8303 8005 7199
f 8303 7202 8005
f 8304 7997 7268
f 8304 5696 7997
f 8447 6460 6425
f 8305 6453 6460
f 8499 8215 8300
f 8784 8306 8381
f 8357 8307 8215
f 8829 5735 8300
f 8405 8188 8322
f 8435 7662 8335
f 8309 8212 6815
f 8309 6693 8212
f 8310 7271 7217
f 8636 6792 7335
f 8603 8311 7218
f 8311 7188 7218
f 8312 7492 7361
f 8312 7401 7492
f 8313 7466 7356
f 8313 7389 7466
f 8350 8314 6697
f 8314 5273 6697
f 8515 8399 8315
f 8566 8422 7172
f 8610 8531 8467
f 8592 8243 8406
f 8722 8483 8401
f 8495 8317 8406
f 8407 8242 8308
f 8619 8179 8508
f 8319 7441 7227
f 8319 7415 7441
f 8320 6719 5702
f 8320 6317 6719
f 8846 8269 8394
f 8565 7192 8328
f 8411 8216 8272
f 8553 7641 8404
f 8323 8221 7683
f 8323 5736 8221
f 8624 8491 8258
f 8507 7664 8374
f 8325 7289 7204
f 8325 7207 7289
f 8326 6600 6287
f 8326 6330 6600
f 8630 8327 8261
f 8455 7696 8364
f 8749 8576 8238
f 8789 8584 8423
f 8684 8410 8329
f 8470 8168 8340
f 8330 6719 6317
f 8330 6382 6719
f 8558 8260 8470
f 8692 8538 8409
f 8412 8332 8210
f 8480 8332 8228
f 8333 8219 7647
f 8333 7628 8219
f 8334 7335 7173
f 8334 7188 7335
f 8435 8335 8188
f 8335 5736 8188
f 8336 7254 7199
f 8336 7884 7254
f 8809 8803 8425
f 8584 8337 8423
f 8737 8337 8545
f 8762 8240 8349
f 8339 8132 7258
f 8339 7431 8132
f 8628 8285 8444
f 8667 8471 8168
f 8604 8228 8321
f 8480 8210 8332
f 8342 7561 7195
f 8342 7650 7561
f 8343 7689 7678
f 8343 7686 7689
f 8919 6783 8251
f 8344 8210 6783
f 8345 7337 6786
f 8345 6326 7337
f 8346 7691 7223
f 8346 5366 7691
f 8600 8347 8262
f 8530 5733 8412
f 8782 8570 8484
f 8916 8760 8670
f 8494 8349 8238
f 8749 6790 8576
f 8350 6785 6373
f 8350 6697 6785
f 8351 6817 5672
f 8351 6785 6817
f 8776 8472 8352
f 8642 7187 8369
f 8715 8254 8497
f 9052 8178 8575
f 8787 8668 8555
f 8641 8502 8408
f 8594 8416 8355
f 8479 7172 8370
f 8731 8646 8556
f 8850 8650 8585
f 8357 7214 7559
f 8456 8215 8306
f 8358 8278 7235
f 8532 7662 8370
f 8582 8493 8359
f 8581 5733 8440
f 8475 8261 8364
f 8643 8214 8483
f 8882 8579 8277
f 8546 8361 8496
f 9252 8821 8800
f 8974 8859 8792
f 8838 8765 8678
f 8682 8463 8178
f 8478 8364 8263
f 8511 7696 8373
f 8365 8274 7182
f 8365 7276 8274
f 8634 8221 8358
f 8366 7683 8221
f 8367 8227 7182
f 8482 7696 8327
f 8368 8169 7177
f 8589 7223 8247
f 8642 8369 8254
f 8497 7304 8338
f 8479 8370 8242
f 8434 7662 8308
f 8371 8240 7306
f 8685 6790 8349
f 8372 7332 6792
f 8372 5374 7332
f 8511 8373 8263
f 8373 6945 8263
f 8507 8374 8315
f 8517 8170 8413
f 8375 8250 7173
f 8743 7304 8369
f 8462 8266 7559
f 8667 8376 8471
f 8377 8263 6945
f 8509 8170 8374
f 8378 8265 7235
f 8378 8170 8265
f 8523 7192 8474
f 8546 8496 8187
f 8380 6814 5672
f 8380 6798 6814
f 8877 8561 8381
f 8666 8444 8178
f 8769 8277 8579
f 9155 8952 8879
f 8383 7296 6762
f 8383 6799 7296
f 8384 7253 5735
f 8384 7250 7253
f 8385 7471 7418
f 8385 5380 7471
f 8386 8232 7227
f 8386 8177 8232
f 8387 8265 6945
f 8387 8160 8265
f 8388 7681 7627
f 8388 7677 7681
f 8389 8211 7235
f 8389 8160 8211
f 8390 7695 7658
f 8390 7634 7695
f 8391 7663 7618
f 8391 7627 7663
f 8392 7771 7743
f 8392 7765 7771
f 8393 8237 6763
f 8393 6814 8237
f 8394 6693 6806
f 8394 8212 6693
f 8395 7301 6693
f 8395 5702 7301
f 8396 6772 6693
f 8396 6766 6772
f 8397 8266 7195
f 8397 7559 8266
f 8398 8246 7362
f 8398 7415 8246
f 8654 8547 8324
f 8615 8258 8491
f 8400 8250 7218
f 8400 7173 8250
f 8711 8599 8520
f 8693 8535 8467
f 8544 8488 8402
f 8721 8617 7652
f 8633 8574 8481
f 8655 8577 8469
f 8553 8404 8216
f 8404 7650 8216
f 8405 8308 8188
f 8609 7210 8407
f 8592 8406 8317
f 8874 8406 8518
f 8560 8407 8318
f 8660 7210 8410
f 8623 8354 8491
f 8668 8279 8555
f 8618 8331 8489
f 8549 8260 8415
f 8660 8410 8318
f 8528 8260 8409
f 8411 8322 8216
f 8411 7210 8322
f 8530 8412 8262
f 8412 8210 8262
f 8517 8413 8315
f 8548 8413 7172
f 8616 8503 8414
f 8783 8588 8489
f 8691 8549 8415
f 8681 7171 8510
f 8538 8318 8409
f 8560 8242 8407
f 8417 8266 8168
f 8417 7195 8266
f 8418 8319 7227
f 8418 7561 8319
f 9144 8929 8729
f 8948 8703 8504
f 8420 8276 7182
f 8420 8169 8276
f 8421 8229 7227
f 8421 7559 8229
f 8548 8315 8413
f 8587 8515 8258
f 8789 7192 8584
f 8576 6790 8328
f 8601 8359 8495
f 8582 8261 8493
f 8975 8774 8704
f 8939 8794 8700
f 8817 8745 8569
f 8658 8607 8484
f 8746 8612 8382
f 8689 8277 8562
f 8954 8537 8428
f 8785 8563 8290
f 8855 8788 8527
f 8806 8533 7171
f 8512 8430 8355
f 8526 8258 8422
f 8431 8272 8216
f 8431 7195 8272
f 8843 8562 8432
f 8683 7192 8523
f 8433 8307 8232
f 8433 5735 8307
f 8434 8370 7662
f 8434 8242 8370
f 8435 8308 7662
f 8435 8188 8308
f 8436 7253 7185
f 8436 7188 7253
f 8437 8262 6807
f 8600 7276 8347
f 8438 8247 6945
f 8438 8169 8247
f 8439 7224 6768
f 8439 5709 7224
f 8581 8440 8327
f 8440 8227 8327
f 8441 7307 6765
f 8441 5710 7307
f 8732 8656 8568
f 8710 8583 8522
f 8443 7533 7196
f 8443 7229 7533
f 8802 8381 8575
f 8877 8285 8561
f 8673 8586 8487
f 8894 8580 8514
f 8446 8211 7200
f 8446 7683 8211
f 8447 8305 6460
f 8447 5693 8305
f 8448 7693 7653
f 8448 7685 7693
f 8449 7306 5374
f 8449 6815 7306
f 8716 8450 8338
f 8719 7190 8468
f 8451 6790 6815
f 8451 6815 8212
f 8452 7335 6792
f 8452 7173 7335
f 8991 8706 8525
f 8713 8543 8187
f 8842 8240 8375
f 8454 7306 8240
f 8455 8327 7696
f 8455 8261 8327
f 8456 8357 8215
f 8456 7214 8357
f 8820 8250 8369
f 8457 7218 8250
f 8747 8621 8539
f 8698 8625 8531
f 8459 7271 7185
f 8459 7217 7271
f 9023 8551 8460
f 8722 8317 8483
f 8461 6372 5525
f 8461 6444 6372
f 8462 8376 8266
f 8462 7214 8376
f 8666 8363 8444
f 8911 8765 8290
f 9045 8639 8464
f 8742 8564 7171
f 8465 8211 8160
f 8465 7200 8211
f 9058 8665 8536
f 8551 8187 8460
f 8534 8401 8483
f 8711 8316 8599
f 8748 8353 8254
f 9236 8912 8573
f 8610 8403 8531
f 8694 8574 8324
f 8470 8329 8168
f 8684 8260 8410
f 8471 8340 8168
f 8639 8285 8464
f 8875 8755 8353
f 8831 8472 8776
f 8473 8379 8228
f 8473 8243 8379
f 8523 8474 8379
f 8474 8228 8379
f 8627 8475 8360
f 8622 7664 8477
f 8476 8411 8272
f 8476 7210 8411
f 8613 8477 8399
f 8591 7664 8507
f 8478 8374 7664
f 8478 8263 8374
f 8566 8355 8422
f 8594 8242 8416
f 8984 8341 6783
f 8480 8228 8341
f 8674 8402 8611
f 8544 8324 8488
f 8482 8367 7696
f 8482 8227 8367
f 8643 8483 8359
f 8876 8317 8495
f 8763 8646 8426
f 8817 8348 8745
f 8648 8572 8485
f 8850 8356 8650
f 8759 8676 8602
f 8870 8760 8222
f 8851 8408 8618
f 8578 8354 8508
f 8587 8399 8515
f 8613 8324 8477
f 8782 8414 8570
f 8616 8331 8503
f 8490 8274 6798
f 8490 7298 8274
f 8977 8615 8491
f 8688 8611 8354
f 8953 8645 8557
f 8724 8631 8556
f 8577 8360 8469
f 8627 8261 8475
f 8494 8338 7304
f 8716 8238 8450
f 8876 8495 8359
f 8601 8495 5733
f 8496 8379 8243
f 8496 8361 8379
f 8497 8369 7304
f 8497 8254 8369
f 8498 8417 8168
f 8498 8272 8417
f 8499 8306 8215
f 8717 7187 8352
f 8500 8284 6783
f 8500 6806 8284
f 8501 7651 7619
f 8501 7345 7651
f 8679 8502 8409
f 8692 8179 8538
f 8742 8415 8564
f 8691 8331 8549
f 8892 8808 8730
f 9250 8889 8812
f 8505 8328 6790
f 8505 8269 8328
f 8506 7302 5672
f 8506 6870 7302
f 8591 8507 8399
f 8507 8315 8399
f 8578 8508 8408
f 8641 8179 8502
f 8509 8377 8170
f 8509 8263 8377
f 8797 8681 8510
f 8893 8707 8570
f 8511 8364 7696
f 8511 8263 8364
f 8512 8416 8179
f 8512 8355 8416
f 9183 9148 8998
f 8966 8873 8778
f 8649 8445 8567
f 8690 8586 8354
f 8515 8422 8258
f 8515 8315 8422
f 8516 7297 5702
f 8516 6773 7297
f 8517 8374 8170
f 8517 8315 8374
f 8518 8412 5733
f 8518 8332 8412
f 8836 8738 8598
f 8990 8959 8772
f 8962 8626 8520
f 8956 8638 8382
f 8793 8675 8521
f 8930 8775 8663
f 8852 8709 8442
f 8734 8647 8568
f 8683 8523 8361
f 8523 8379 8361
f 8649 8567 8524
f 8721 8524 8617
f 8967 8825 8764
f 8725 8382 8612
f 8624 8430 8491
f 8526 8355 8430
f 8785 8463 8563
f 8754 8363 8666
f 8528 8410 8260
f 8528 8318 8410
f 8803 8337 8579
f 9237 8936 8786
f 8530 8347 5733
f 8530 8262 8347
f 8664 8458 8585
f 9041 8621 8403
f 8532 8358 7662
f 8532 8278 8358
f 8798 8429 8663
f 8788 8363 8527
f 8661 8534 8467
f 8693 8214 8535
f 8680 8535 8469
f 8655 8214 8577
f 8625 8467 8531
f 8661 8401 8534
f 8815 7190 8735
f 8748 8254 8468
f 8538 8416 8318
f 8538 8179 8416
f 8653 8539 8481
f 8633 8403 8574
f 8540 7172 8278
f 8540 8370 7172
f 8541 8301 7641
f 8541 8188 8301
f 8542 8410 7210
f 8542 8329 8410
f 8744 8453 8546
f 8766 8706 8382
f 8694 8481 8574
f 8686 8402 8580
f 8733 8545 8425
f 8809 8337 8803
f 8862 8546 8453
f 8744 8546 8187
f 8547 8477 8324
f 8547 8360 8477
f 8548 8422 8315
f 8548 7172 8422
f 8549 8409 8260
f 8679 8331 8502
f 8550 8271 7455
f 8550 7616 8271
f 8713 8466 8543
f 8665 8401 8536
f 8552 6761 6799
f 8552 7189 6761
f 8553 8322 7641
f 8553 8216 8322
f 8554 7278 7248
f 8554 5705 7278
f 8856 8671 8555
f 8658 8279 8607
f 8942 8732 8492
f 8740 8645 8426
f 8881 8486 8727
f 8804 8676 8426
f 8558 8415 8260
f 8558 8340 8415
f 8559 8213 7191
f 8559 5366 8213
f 8560 8416 8242
f 8560 8318 8416
f 8561 8376 7214
f 8561 8285 8376
f 8689 8562 8453
f 8862 8361 8546
f 8821 8428 8800
f 8920 8768 8353
f 8806 8464 8533
f 9045 8340 8639
f 8565 8321 7192
f 8565 8269 8321
f 8566 8479 8355
f 8566 7172 8479
f 8731 8485 8646
f 8648 8445 8572
f 8795 8522 8664
f 8888 8442 8709
f 8810 8697 8569
f 8965 8865 8807
f 8775 8510 8663
f 8797 8414 8681
f 8884 8777 8677
f 8799 8656 8442
f 8657 8572 8487
f 8673 8445 8586
f 8912 8756 8735
f 8987 8847 8699
f 8654 8469 8547
f 8680 8403 8535
f 9052 8575 8352
f 8575 8306 8352
f 8576 8423 8238
f 8576 8328 8423
f 8577 8493 8360
f 8577 8214 8493
f 8690 8487 8586
f 8827 8408 8588
f 8769 8579 8432
f 8758 8337 8584
f 8686 8580 8481
f 8653 7652 8539
f 8581 8424 5733
f 8581 8327 8424
f 8630 8424 8327
f 8582 8359 8424
f 8720 8583 8531
f 8698 8316 8625
f 8758 8584 8432
f 8584 7192 8432
f 8651 8585 8524
f 8659 8458 8617
f 8688 8514 8611
f 8672 8445 8614
f 8587 8488 8399
f 8587 8258 8488
f 8827 8588 8487
f 8657 8279 8572
f 8589 8368 7223
f 8589 8169 8368
f 9047 9004 8927
f 9056 8946 8860
f 8591 8477 7664
f 8591 8399 8477
f 8592 8460 8243
f 8592 8317 8460
f 8593 8247 7223
f 8593 8160 8247
f 8594 8479 8242
f 8594 8355 8479
f 8595 8230 7227
f 8595 7418 8230
f 8596 8296 7298
f 8596 6870 8296
f 8597 6670 6325
f 8597 6382 6670
f 8766 8525 8706
f 8967 8427 8825
f 8652 8599 8522
f 8710 8316 8583
f 8600 8437 7276
f 8600 8262 8437
f 8601 8424 8359
f 8601 5733 8424
f 8707 8484 8570
f 8767 8426 8646
f 8603 8300 5735
f 8603 7218 8300
f 8604 8341 8228
f 8604 6806 8341
f 8605 8406 8243
f 8605 8332 8406
f 8606 8397 7195
f 8606 8229 8397
f 8761 8607 8489
f 8783 8279 8588
f 8608 7656 5737
f 8608 7636 7656
f 8609 8405 7210
f 8609 8308 8405
f 8610 8535 8403
f 8610 8467 8535
f 8611 8491 8354
f 8977 8402 8615
f 8845 8725 8612
f 8780 8695 8442
f 8613 8488 8324
f 8613 8399 8488
f 8672 8614 8514
f 8894 7652 8580
f 8615 8488 8258
f 8615 8402 8488
f 8616 8489 8331
f 8761 8414 8607
f 8617 8539 7652
f 8747 8458 8621
f 8618 8502 8331
f 8618 8408 8502
f 8619 8512 8179
f 8619 8430 8512
f 8801 8519 8695
f 8947 8839 8738
f 8621 8531 8403
f 8720 8458 8583
f 8622 8475 7664
f 8622 8360 8475
f 8623 8508 8354
f 8623 8430 8508
f 8624 8526 8430
f 8624 8258 8526
f 8625 8536 8467
f 8625 8316 8536
f 8626 8536 8316
f 9058 8466 8665
f 8627 8493 8261
f 8627 8360 8493
f 8628 8464 8285
f 8819 8363 8533
f 8629 7276 8227
f 8629 8347 7276
f 8630 8582 8424
f 8630 8261 8582
f 8736 8631 8567
f 8714 8356 8651
f 8632 8533 8429
f 8632 7171 8533
f 9041 8539 8621
f 8633 8481 8539
f 8634 8366 8221
f 8634 7235 8366
f 8883 8800 8428
f 9207 8892 8419
f 8636 8310 6792
f 8636 7271 8310
f 9244 9030 8887
f 8989 8935 8824
f 8746 8520 8612
f 8962 8466 8626
f 8639 8471 8285
f 8639 8340 8471
f 8640 5380 7415
f 8640 7415 7615
f 8641 8508 8179
f 8641 8408 8508
f 8642 8352 7187
f 8831 8776 8254
f 8643 8493 8214
f 8643 8359 8493
f 8644 7196 7250
f 8644 7250 8177
f 8763 8556 8646
f 8723 8492 8647
f 8767 8646 8555
f 8787 8485 8668
f 8940 8723 8647
f 8724 8356 8631
f 8648 8567 8445
f 8736 8485 8631
f 8649 8614 8445
f 8649 8524 8614
f 8844 8650 8568
f 8734 8356 8647
f 8714 8651 8567
f 8651 8524 8567
f 8799 8568 8656
f 8844 8522 8650
f 8653 8580 7652
f 8653 8481 8580
f 8654 8574 8469
f 8654 8324 8574
f 8655 8535 8214
f 8655 8469 8535
f 9007 8571 8801
f 8922 8777 8492
f 8657 8588 8279
f 8657 8487 8588
f 8658 8555 8279
f 8856 8484 8671
f 8659 8585 8458
f 8659 8524 8585
f 8660 8407 7210
f 8660 8318 8407
f 8661 8536 8401
f 8661 8467 8536
f 8662 8413 8170
f 8662 8278 8413
f 8853 8521 8730
f 8793 8429 8675
f 8664 8583 8458
f 8664 8522 8583
f 8665 8551 8401
f 8665 8466 8551
f 8754 8666 8463
f 8666 8178 8463
f 8667 8168 8266
f 8667 8266 8376
f 8668 8572 8279
f 8668 8485 8572
f 8890 8779 8669
f 8895 8222 8677
f 8973 8781 8670
f 8971 8878 8772
f 8804 8602 8676
f 8822 8484 8707
f 8672 8586 8445
f 8672 8514 8586
f 8673 8572 8445
f 8673 8487 8572
f 8674 8580 8402
f 8674 8514 8580
f 8823 8675 8527
f 8855 8429 8788
f 8740 8557 8645
f 8974 8727 8859
f 8858 8773 8677
f 8864 8751 8492
f 8906 8816 8752
f 8826 8757 8290
f 8679 8549 8331
f 8679 8409 8549
f 8680 8574 8403
f 8680 8469 8574
f 8681 8503 7171
f 8681 8414 8503
f 8682 8472 8353
f 8682 8178 8472
f 8683 8432 7192
f 8843 8361 8562
f 8684 8470 8260
f 8684 8329 8470
f 8685 8371 6790
f 8685 8240 8371
f 8686 8544 8402
f 8686 8481 8544
f 8687 7557 7196
f 8687 7418 7557
f 8688 8586 8514
f 8688 8354 8586
f 8689 8525 8277
f 8991 8453 8706
f 8690 8578 8487
f 8690 8354 8578
f 8691 8503 8331
f 8691 8415 8503
f 8692 8502 8179
f 8692 8409 8502
f 8693 8534 8214
f 8693 8467 8534
f 8694 8544 8481
f 8694 8324 8544
f 8852 8612 8709
f 8845 8519 8725
f 8696 7297 6783
f 8696 7301 7297
f 8830 8697 8602
f 8759 8486 8676
f 8698 8583 8316
f 8698 8531 8583
f 8975 8573 8774
f 9162 8909 8756
f 8828 8741 8700
f 8828 8525 8741
f 8701 7533 7185
f 8701 7250 7533
f 9005 8590 8792
f 9261 9038 8999
f 8811 8703 8563
f 8826 8703 8757
f 9186 8764 8951
f 8986 8529 8848
f 8854 8705 8529
f 8794 8277 8700
f 8956 8543 8638
f 8706 8453 8543
f 8822 8707 8602
f 8830 8348 8697
f 8951 8637 8848
f 9188 9006 8933
f 8888 8709 8599
f 8709 8520 8599
f 8710 8599 8316
f 8710 8522 8599
f 8711 8626 8316
f 8711 8520 8626
f 8712 8460 8187
f 8712 8243 8460
f 8713 8551 8466
f 8713 8187 8551
f 8714 8631 8356
f 8714 8567 8631
f 8715 8468 8254
f 8715 8338 8468
f 8716 8494 8238
f 8716 8338 8494
f 8717 8499 7187
f 8717 8306 8499
f 8718 8251 7297
f 8718 6763 8251
f 8719 8450 7190
f 8719 8338 8450
f 8720 8621 8458
f 8720 8531 8621
f 8721 8614 8524
f 8721 7652 8614
f 8722 8460 8317
f 9023 8401 8551
f 8953 8557 8751
f 8723 8556 8645
f 8724 8647 8356
f 8940 8556 8723
f 8928 8725 8598
f 8983 8836 8519
f 9016 8932 8837
f 8963 8841 8778
f 8918 8569 8853
f 8810 8486 8697
f 9053 9013 8901
f 9163 8985 8362
f 8937 8805 8729
f 8988 8729 8929
f 8961 8730 8678
f 8838 8521 8765
f 8731 8631 8485
f 8731 8556 8631
f 8732 8647 8492
f 8732 8568 8647
f 8925 7190 8818
f 8994 8774 8425
f 8734 8650 8356
f 8734 8568 8650
f 8815 8735 8537
f 8909 8735 8756
f 8736 8648 8485
f 8736 8567 8648
f 8770 8238 8423
f 8737 8450 8238
f 8950 8879 8620
f 8955 8519 8801
f 8739 7303 6373
f 8739 6710 7303
f 8871 8740 8676
f 8740 8426 8676
f 8839 8598 8738
f 8924 8525 8766
f 8742 8503 8415
f 8742 7171 8503
f 8743 8375 7304
f 8743 8250 8375
f 8744 8543 8453
f 8744 8187 8543
f 8885 8745 8663
f 8930 8348 8775
f 8746 8638 8520
f 8746 8382 8638
f 8747 8617 8458
f 8747 8539 8617
f 8954 8428 8768
f 8748 8468 8537
f 8749 8349 6790
f 8749 8238 8349
f 9270 9149 8957
f 9229 9140 9026
f 8922 8677 8777
f 8858 8557 8773
f 9133 9031 8943
f 9252 8504 8821
f 8753 5692 6453
f 8753 6453 6709
f 8754 8527 8363
f 8754 8463 8527
f 8755 8682 8353
f 8755 8463 8682
f 8949 8883 8699
f 8921 8573 8786
f 8911 8678 8765
f 8917 8816 8504
f 8758 8579 8337
f 8758 8432 8579
f 8759 8697 8486
f 8759 8602 8697
f 8923 8677 8222
f 8964 8884 8571
f 8761 8616 8414
f 8761 8489 8616
f 8762 8494 7304
f 8762 8349 8494
f 8763 8645 8556
f 8763 8426 8645
f 8915 8764 8700
f 8939 8529 8794
f 8765 8675 8290
f 8765 8521 8675
f 8924 8766 8598
f 8928 8382 8725
f 8767 8671 8426
f 8767 8555 8671
f 8875 8563 8755
f 9251 8428 8821
f 8769 8562 8277
f 8769 8432 8562
f 8770 8737 8238
f 8770 8337 8737
f 9278 9130 8995
f 9005 8792 8859
f 8870 8670 8760
f 9048 8772 8959
f 8966 8669 8873
f 8890 8557 8779
f 8774 8733 8425
f 8774 8573 8733
f 8775 8570 8510
f 8893 8348 8707
f 8776 8642 8254
f 8776 8352 8642
f 8942 8656 8732
f 8964 8777 8884
f 8990 8726 8959
f 9022 8897 8837
f 8896 8486 8863
f 8871 8557 8740
f 8780 8656 8571
f 8780 8442 8656
f 8983 8738 8836
f 9002 8620 8879
f 8782 8607 8414
f 8782 8484 8607
f 8783 8607 8279
f 8783 8489 8607
f 8784 8456 8306
f 8784 7214 8456
f 8785 8527 8463
f 8823 8290 8675
f 9204 8921 8786
f 9225 8987 8362
f 8787 8646 8485
f 8787 8555 8646
f 8788 8533 8363
f 8788 8429 8533
f 8789 8328 7192
f 8789 8423 8328
f 9202 8867 8790
f 8880 8419 8835
f 9248 8982 8926
f 9219 8945 8857
f 9009 8863 8792
f 8938 8873 8590
f 8793 8663 8429
f 8885 8521 8745
f 8882 8705 8579
f 8794 8529 8705
f 8795 8650 8522
f 8795 8585 8650
f 9168 8914 8861
f 9281 8891 8866
f 8797 8570 8414
f 8797 8510 8570
f 8798 8632 8429
f 8798 8510 8632
f 8799 8652 8568
f 8799 8442 8652
f 9263 8800 8728
f 8949 8800 8883
f 8955 8801 8670
f 8916 8571 8760
f 8802 8444 8381
f 8802 8178 8444
f 8803 8705 8425
f 8803 8579 8705
f 8804 8671 8602
f 8804 8426 8671
f 8854 8425 8705
f 8994 8704 8774
f 8806 8564 8464
f 8806 7171 8564
f 9055 8904 8849
f 8944 8860 8419
f 8978 8886 8808
f 8960 8865 8419
f 8809 8545 8337
f 8809 8425 8545
f 8810 8727 8486
f 8886 8569 8808
f 8811 8768 8428
f 8811 8563 8768
f 9153 9019 8812
f 9143 8972 8887
f 9201 8952 8708
f 9011 8637 8951
f 9167 8728 8699
f 9053 8834 9013
f 8815 8468 7190
f 8815 8537 8468
f 8948 8757 8703
f 8816 8678 8757
f 8817 8697 8348
f 8817 8569 8697
f 8925 8818 8733
f 8818 8545 8733
f 8819 8628 8363
f 8819 8464 8628
f 8820 8457 8250
f 8820 7187 8457
f 9251 8821 8703
f 8821 8504 8703
f 8822 8671 8484
f 8822 8602 8671
f 8823 8785 8290
f 8823 8527 8785
f 8941 8824 8738
f 8947 8427 8839
f 9003 8900 8825
f 8935 8427 8824
f 8826 8290 8563
f 8826 8563 8703
f 8827 8578 8408
f 8827 8487 8578
f 8828 8277 8525
f 8828 8700 8277
f 8829 8307 5735
f 8829 8215 8307
f 8830 8707 8348
f 8830 8602 8707
f 8831 8254 8353
f 8831 8353 8472
f 8832 7312 6707
f 8832 5693 7312
f 8833 8357 7559
f 8833 8307 8357
f 8917 8752 8816
f 9174 9031 8635
f 8880 8835 8752
f 8906 8678 8816
f 8836 8725 8519
f 8836 8598 8725
f 8938 8778 8873
f 8913 8726 8878
f 8838 8730 8521
f 8838 8678 8730
f 8839 8741 8598
f 8839 8427 8741
f 9282 9040 8976
f 9165 9038 8513
f 8841 8773 8669
f 8895 8677 8773
f 8842 8454 8240
f 8842 7173 8454
f 8843 8683 8361
f 8843 8432 8683
f 8844 8652 8522
f 8844 8568 8652
f 8845 8695 8519
f 8845 8612 8695
f 8846 8321 8269
f 8846 6806 8321
f 9042 8847 8814
f 9256 8362 9203
f 8986 8848 8729
f 9144 8637 8929
f 9050 9016 8771
f 9130 8702 8995
f 8850 8651 8356
f 8850 8585 8651
f 8851 8588 8408
f 8851 8489 8588
f 8852 8695 8612
f 8852 8442 8695
f 8853 8745 8521
f 8853 8569 8745
f 8854 8805 8425
f 8854 8529 8805
f 8855 8675 8429
f 8855 8527 8675
f 8856 8658 8484
f 8856 8555 8658
f 9290 9189 9033
f 9228 9128 8750
f 8858 8751 8557
f 8858 8677 8751
f 8910 8859 8807
f 8965 8727 8865
f 8960 8807 8865
f 8993 8904 8702
f 9039 8969 8908
f 9001 8932 8726
f 8862 8562 8361
f 8862 8453 8562
f 8896 8863 8779
f 8863 8669 8779
f 8864 8723 8645
f 8864 8492 8723
f 9207 8808 8892
f 8978 8727 8886
f 9155 8796 8952
f 9245 9014 8914
f 9182 8635 9031
f 9043 8752 8917
f 9057 8931 8868
f 9187 9044 8946
f 9293 9210 9172
f 9264 9127 9020
f 9288 8870 8772
f 8971 8222 8878
f 8871 8779 8557
f 8871 8676 8779
f 9185 9010 8958
f 9160 9028 8980
f 8873 8792 8590
f 9009 8669 8863
f 8874 8495 8406
f 8874 5733 8495
f 8875 8768 8563
f 8875 8353 8768
f 8876 8483 8317
f 8876 8359 8483
f 8877 8444 8285
f 8877 8381 8444
f 8913 8878 8778
f 8963 8222 8841
f 9002 8879 8824
f 8989 8708 8935
f 9056 8790 8946
f 9202 8752 8867
f 8881 8863 8486
f 8881 8792 8863
f 8882 8794 8705
f 8882 8277 8794
f 8883 8756 8699
f 9162 8428 8909
f 8884 8760 8571
f 8923 8222 8760
f 8885 8793 8521
f 8885 8663 8793
f 8886 8810 8569
f 8886 8727 8810
f 9238 8988 8929
f 9169 8887 8926
f 8888 8652 8442
f 8888 8599 8652
f 8936 8362 8786
f 8937 8704 8805
f 8890 8773 8557
f 8890 8669 8773
f 8973 8620 8781
f 9288 8670 8870
f 8892 8835 8419
f 8961 8678 8835
f 8893 8775 8348
f 8893 8570 8775
f 8894 8614 7652
f 8894 8514 8614
f 8895 8841 8222
f 8895 8773 8841
f 8896 8676 8486
f 8896 8779 8676
f 9267 8997 8897
f 9024 8590 8910
f 8993 8849 8904
f 8997 8771 8897
f 9141 9008 8899
f 9222 9151 9000
f 9244 8813 9030
f 9147 8708 8952
f 9149 8814 8957
f 9167 8699 8847
f 8902 6474 6425
f 8902 5282 6474
f 9208 9051 8992
f 9239 9156 9036
f 9044 8860 8946
f 9059 8807 8960
f 9259 9232 9029
f 9275 9211 9152
f 8906 8835 8678
f 8906 8752 8835
f 9235 8907 8834
f 9013 8728 8901
f 9154 9026 8840
f 9035 8976 8771
f 8909 8428 8537
f 8909 8537 8735
f 9024 8910 8849
f 9055 8807 8904
f 8911 8757 8678
f 8911 8290 8757
f 8912 7190 8573
f 8912 8735 7190
f 9001 8837 8932
f 8913 8778 8837
f 9048 8959 8866
f 9018 8914 8996
f 8915 8741 8427
f 8915 8700 8741
f 8916 8801 8571
f 8916 8670 8801
f 9043 8917 8834
f 9235 8504 8907
f 8918 8808 8569
f 8918 8730 8808
f 8919 8344 6783
f 8919 6807 8344
f 8920 8748 8537
f 8920 8353 8748
f 9236 8756 8912
f 8921 8699 8756
f 8922 8751 8677
f 8922 8492 8751
f 8923 8884 8677
f 8923 8760 8884
f 8924 8741 8525
f 8924 8598 8741
f 8925 8573 7190
f 8925 8733 8573
f 9195 9132 9012
f 9124 9006 8813
f 9243 9032 8979
f 9018 8996 8796
f 8928 8766 8382
f 8928 8598 8766
f 9142 8929 8887
f 9143 8637 8972
f 8930 8745 8348
f 8930 8663 8745
f 9138 8931 8867
f 9233 8931 9057
f 9014 8861 8914
f 9286 9037 8969
f 9047 8872 9004
f 9184 9010 8813
f 9270 8857 9149
f 9253 9189 8791
f 8935 8825 8427
f 9137 9003 8708
f 9163 8889 8985
f 8936 8704 8889
f 8937 8889 8704
f 8937 8729 8889
f 8938 8837 8778
f 9022 8590 8897
f 8939 8764 8529
f 8939 8700 8764
f 8940 8724 8556
f 8940 8647 8724
f 8941 8781 8620
f 8941 8738 8781
f 8942 8777 8656
f 8942 8492 8777
f 9199 9123 9015
f 9161 9017 8635
f 8944 8880 8790
f 8944 8419 8880
f 9197 8945 8901
f 9161 8945 9017
f 9274 9148 8868
f 9233 9057 8790
f 8947 8824 8427
f 8947 8738 8824
f 8948 8816 8757
f 8948 8504 8816
f 8949 8699 8728
f 8949 8728 8800
f 8950 8866 8796
f 9281 8620 8891
f 9011 8951 8825
f 8951 8764 8825
f 9147 8952 8872
f 9158 9004 8796
f 8953 8864 8645
f 8953 8751 8864
f 8954 8920 8537
f 8954 8768 8920
f 8955 8781 8519
f 8955 8670 8781
f 8956 8706 8543
f 8956 8382 8706
f 9180 9151 8750
f 9257 9141 8814
f 9137 8900 9003
f 9146 8813 8972
f 9283 8959 8914
f 9245 8726 9014
f 9059 8960 8860
f 8960 8419 8860
f 8961 8892 8730
f 8961 8835 8892
f 8962 8638 8466
f 8962 8520 8638
f 8963 8878 8222
f 8963 8778 8878
f 8964 8571 8656
f 8964 8656 8777
f 8965 8859 8727
f 8965 8807 8859
f 8966 8841 8669
f 8966 8778 8841
f 8967 8915 8427
f 8967 8764 8915
f 9166 9021 8968
f 9171 8513 9038
f 9050 8932 9016
f 9049 8861 9014
f 9285 9240 9140
f 9259 8869 9232
f 8971 8870 8222
f 8971 8772 8870
f 9146 8972 8900
f 9255 8637 9011
f 8973 8891 8620
f 8973 8670 8891
f 8974 8881 8727
f 8974 8792 8881
f 8975 8786 8573
f 9237 8704 8936
f 9037 8908 8969
f 9150 8840 9026
f 8977 8611 8402
f 8977 8491 8611
f 8978 8865 8727
f 8978 8808 8865
f 9136 9025 8979
f 9287 9039 8861
f 9242 9121 9027
f 9125 9020 8513
f 9183 8903 9148
f 9193 9051 8840
f 9153 8750 9019
f 9238 8812 8988
f 8983 8781 8738
f 8983 8519 8781
f 8984 8480 8341
f 8984 8210 8480
f 9256 9203 8899
f 9217 9019 8750
f 8986 8805 8529
f 8986 8729 8805
f 8987 8786 8362
f 9204 8699 8921
f 8988 8889 8729
f 8988 8812 8889
f 9201 8879 8952
f 8989 8824 8879
f 8990 8878 8726
f 8990 8772 8878
f 8991 8689 8453
f 8991 8525 8689
f 9291 9139 8992
f 9179 9040 8840
f 8993 8898 8849
f 9139 8702 8992
f 8994 8805 8704
f 8994 8425 8805
f 9178 8995 8946
f 9187 8702 9044
f 9158 8927 9004
f 9032 8861 8979
f 9282 8898 9040
f 8997 8849 8898
f 9289 9206 9129
f 9230 9133 8868
f 9176 9054 8999
f 9134 9028 8513
f 9280 9209 9000
f 9190 8750 9128
f 9001 8913 8837
f 9001 8726 8913
f 9002 8941 8620
f 9002 8824 8941
f 9003 8935 8708
f 9003 8825 8935
f 9004 8952 8796
f 9004 8872 8952
f 9005 8910 8590
f 9005 8859 8910
f 9030 8926 8887
f 9188 8933 9029
f 9007 8780 8571
f 9007 8695 8780
f 9225 8847 8987
f 9257 9008 9141
f 9009 8873 8669
f 9009 8792 8873
f 9124 8933 9006
f 9054 8872 8999
f 9255 9011 8900
f 9011 8825 8900
f 9269 9159 9122
f 9295 9212 9126
f 9263 8907 8800
f 9013 8834 8907
f 9049 9014 8932
f 9014 8726 8932
f 9220 9172 8934
f 9222 8957 9151
f 9016 8897 8771
f 9016 8837 8897
f 9174 8943 9031
f 9200 9123 8857
f 9018 8796 8866
f 9283 8866 8959
f 9250 8985 8889
f 9203 8362 8985
f 9134 8980 9028
f 9196 9121 8905
f 9179 8976 9040
f 9170 8908 9037
f 9022 8938 8590
f 9022 8837 8938
f 9023 8722 8401
f 9023 8460 8722
f 9024 8897 8590
f 9267 8849 8997
f 9264 8968 9127
f 9166 8908 9021
f 9268 9150 9026
f 9241 9127 8905
f 9273 9210 8970
f 9285 8905 9240
f 9165 8999 9038
f 9176 8933 9054
f 9258 9157 9029
f 9272 9160 8933
f 9224 9030 9006
f 9030 8813 9006
f 9182 9031 8931
f 9230 9031 9133
f 9168 8996 8914
f 9032 8927 8996
f 9254 9181 9033
f 9215 9156 8791
f 9296 9223 9164
f 9234 8791 9189
f 9035 8997 8898
f 9035 8771 8997
f 9266 9191 9145
f 9205 9152 8791
f 9170 9037 8976
f 9037 8771 8976
f 9171 9038 8979
f 9243 8927 9032
f 9039 8979 8861
f 9136 8908 9025
f 9193 8992 9051
f 9291 8898 9139
f 9041 8633 8539
f 9041 8403 8633
f 9260 8901 8728
f 9197 8814 8945
f 9043 8867 8752
f 9043 8834 8867
f 9044 8904 8860
f 9044 8702 8904
f 9045 8564 8340
f 9045 8464 8564
f 9177 9012 9132
f 9194 9159 8934
f 9047 8999 8872
f 9261 8927 9038
f 9048 8891 8772
f 9048 8866 8891
f 9287 8969 9039
f 9049 8932 8969
f 9050 8969 8932
f 9286 8771 9037
f 9229 8981 9140
f 9181 8903 9033
f 9052 8472 8178
f 9052 8352 8472
f 9053 8635 8834
f 9053 8901 8635
f 9054 9010 8872
f 9054 8933 9010
f 9055 8910 8807
f 9055 8849 8910
f 9056 8944 8790
f 9056 8860 8944
f 9057 8946 8790
f 9178 8868 8995
f 9058 8626 8466
f 9058 8536 8626
f 9059 8904 8807
f 9059 8860 8904
f 9060 7975 5680
f 9082 5716 7987
f 9620 5637 5717
f 9620 5717 9061
f 9085 9076 9062
f 9113 5377 9067
f 9117 5721 9067
f 9746 5359 9412
f 9083 9064 7939
f 9101 9064 5376
f 9065 9063 5717
f 9116 5721 9074
f 9418 9067 5721
f 9103 9066 9096
f 9117 9067 9066
f 9120 5377 9090
f 9068 7924 5718
f 9077 9068 5377
f 9087 5732 9073
f 9102 5731 9097
f 9070 7954 5376
f 9081 5717 9063
f 9106 5375 5715
f 9105 38 9078
f 9119 9062 9077
f 9085 5730 9076
f 9087 9073 7915
f 9073 5378 7915
f 9116 9074 9063
f 9074 5719 9063
f 9111 5732 9087
f 9086 9075 5731
f 9086 9069 9075
f 9076 5730 9069
f 9077 9062 7924
f 9119 9077 5377
f 9108 7700 9091
f 9107 461 7701
f 3918 9078 38
f 9079 9071 5725
f 9084 9079 5378
f 3918 461 9078
f 9080 9064 9061
f 9080 5376 9064
f 9081 9070 5717
f 9081 7954 9070
f 9082 9060 5716
f 9082 7975 9060
f 9083 7987 5716
f 9083 7939 7987
f 9084 9073 9071
f 9084 5378 9073
f 9085 9072 5730
f 9085 9062 9072
f 9086 9076 9069
f 9086 5731 9076
f 9111 9087 9075
f 9087 7915 9075
f 9088 8139 5680
f 9088 7940 8139
f 9094 9089 7954
f 9089 7920 7954
f 9090 9068 7922
f 9090 5377 9068
f 9091 9079 5725
f 9091 7699 9079
f 9093 7923 9089
f 9092 7913 7923
f 9093 9092 7923
f 9093 5719 9092
f 9094 9063 5719
f 9094 7954 9063
f 9095 7703 5378
f 9095 7699 7703
f 9096 9092 5719
f 9096 7922 9092
f 9097 7957 7924
f 9097 5731 7957
f 9098 5378 7698
f 9098 7915 5378
f 9099 7922 5718
f 9099 7913 7922
f 9100 9075 7915
f 9100 5731 9075
f 9101 7985 7939
f 9101 5376 7985
f 9102 9076 5731
f 9102 9062 9076
f 9103 9074 9066
f 9103 5719 9074
f 9110 9071 9106
f 9104 5725 9071
f 9105 9104 38
f 9105 5725 9104
f 9106 9071 5732
f 9110 9106 5715
f 9107 9078 461
f 9107 7700 9078
f 9108 9078 7700
f 9108 5725 9078
f 9109 9069 5375
f 9109 5732 9069
f 9110 9104 9071
f 9110 5715 9104
f 9111 9069 5732
f 9111 9075 9069
f 9112 5712 5730
f 9644 5722 9428
f 9113 9072 5377
f 9113 5722 9072
f 9114 9104 5715
f 9114 38 9104
f 9114 459 38
f 9115 9069 5730
f 9115 5375 9069
f 9116 9065 5721
f 9116 9063 9065
f 9117 9074 5721
f 9117 9066 9074
f 9118 7931 5699
f 9118 7898 7931
f 9119 9072 9062
f 9119 5377 9072
f 9120 9067 5377
f 9120 9066 9067
f 9241 9020 9127
f 9227 8980 9134
f 9180 9000 9151
f 9194 9122 9159
f 9219 9017 8945
f 9247 9123 9199
f 9124 9010 8933
f 9124 8813 9010
f 9125 9025 8968
f 9125 8513 9025
f 9294 9192 9126
f 9221 8869 9157
f 9240 9026 9140
f 9268 8968 9150
f 9190 9128 9012
f 9249 9195 8926
f 9226 9175 9129
f 9247 9199 8943
f 9130 8992 8702
f 9208 8903 9051
f 9177 9132 8869
f 9224 8926 9030
f 9232 9131 9029
f 9249 9132 9195
f 9274 8998 9148
f 9206 8943 9129
f 9227 9134 9020
f 9134 8513 9020
f 9200 9015 9123
f 9216 8934 9172
f 9136 9039 8908
f 9136 8979 9039
f 9137 8958 8900
f 9137 8708 8958
f 9138 8834 8635
f 9138 8867 8834
f 9139 8993 8702
f 9139 8898 8993
f 9198 9140 9036
f 9239 8981 9156
f 9141 8957 8814
f 9218 8899 9151
f 9142 8982 8812
f 9169 8926 8982
f 9143 8929 8637
f 9143 8887 8929
f 9144 8848 8637
f 9144 8729 8848
f 9196 9027 9121
f 9284 8970 9210
f 9184 8958 9010
f 9146 8900 8958
f 9147 8958 8708
f 9185 8872 9010
f 9148 8995 8868
f 9278 8903 9130
f 9149 8945 8814
f 9149 8857 8945
f 9150 9021 8840
f 9150 8968 9021
f 9217 8899 9019
f 9218 9151 8957
f 9215 9036 9156
f 9276 9191 8970
f 9228 8982 9128
f 9153 8812 8982
f 9154 9051 8981
f 9154 8840 9051
f 9155 8950 8796
f 9155 8879 8950
f 9253 9033 9189
f 9254 8981 9181
f 9221 9157 9027
f 9242 8980 9121
f 9158 8996 8927
f 9158 8796 8996
f 9293 9046 9210
f 9246 9012 9177
f 9160 9029 8933
f 9258 8980 9157
f 9161 8635 8901
f 9161 8901 8945
f 9162 8883 8428
f 9162 8756 8883
f 9163 8936 8889
f 9163 8362 8936
f 9277 9209 9135
f 9231 9015 9200
f 9165 9028 8999
f 9165 8513 9028
f 9166 9025 8908
f 9166 8968 9025
f 9167 9042 8728
f 9167 8847 9042
f 9168 9032 8996
f 9168 8861 9032
f 9169 9142 8887
f 9169 8982 9142
f 9170 9021 8908
f 9170 8976 9021
f 9171 9025 8513
f 9171 8979 9025
f 9265 9216 9172
f 9262 9211 8970
f 9173 9135 8857
f 9277 9000 9209
f 9174 9017 8943
f 9174 8635 9017
f 9275 9034 9211
f 9223 9015 9164
f 9272 9028 9160
f 9176 8999 9028
f 9246 9177 9046
f 9212 8869 9126
f 9178 9057 8868
f 9178 8946 9057
f 9179 9021 8976
f 9179 8840 9021
f 9180 9122 9000
f 9180 8750 9122
f 9181 9051 8903
f 9181 8981 9051
f 9182 9138 8635
f 9182 8931 9138
f 9183 9033 8903
f 9290 8998 9189
f 9184 9146 8958
f 9184 8813 9146
f 9185 9147 8872
f 9185 8958 9147
f 9186 8529 8764
f 9186 8848 8529
f 9187 8995 8702
f 9187 8946 8995
f 9188 9131 9006
f 9188 9029 9131
f 9234 9189 9129
f 9289 8998 9206
f 9190 9122 8750
f 9269 9012 9159
f 9262 9152 9211
f 9279 9036 9215
f 9276 9145 9191
f 9292 9027 9196
f 9193 9040 8992
f 9193 8840 9040
f 9280 8934 9209
f 9194 9000 9122
f 9248 9128 8982
f 9195 9012 9128
f 9292 9196 9145
f 9196 8905 9145
f 9197 9042 8814
f 9260 8728 9042
f 9198 9145 8905
f 9266 9036 9191
f 9199 9129 8943
f 9226 9015 9175
f 9231 9200 9135
f 9200 8857 9135
f 9201 8989 8879
f 9201 8708 8989
f 9202 8880 8752
f 9202 8790 8880
f 9203 9019 8899
f 9203 8985 9019
f 9204 8987 8699
f 9204 8786 8987
f 9205 9175 9034
f 9205 8791 9175
f 9206 9133 8943
f 9206 8998 9133
f 9207 8865 8808
f 9207 8419 8865
f 9208 9130 8903
f 9208 8992 9130
f 9209 9164 9135
f 9271 8934 9216
f 9284 9210 9126
f 9295 9046 9212
f 9273 9172 9210
f 9265 9034 9216
f 9212 9177 8869
f 9212 9046 9177
f 9213 6471 6456
f 9213 5321 6471
f 9214 7238 5691
f 9214 7211 7238
f 9279 9215 9152
f 9215 8791 9152
f 9271 9216 9164
f 9296 9034 9223
f 9217 9151 8899
f 9217 8750 9151
f 9218 9141 8899
f 9218 8957 9141
f 9219 9123 9017
f 9219 8857 9123
f 9220 9159 9046
f 9220 8934 9159
f 9221 9126 8869
f 9294 9027 9192
f 9222 9173 8957
f 9222 9000 9173
f 9223 9175 9015
f 9223 9034 9175
f 9224 9131 8926
f 9224 9006 9131
f 9225 9008 8847
f 9225 8362 9008
f 9226 9199 9015
f 9226 9129 9199
f 9227 9121 8980
f 9227 9020 9121
f 9228 9153 8982
f 9228 8750 9153
f 9229 9154 8981
f 9229 9026 9154
f 9230 8868 8931
f 9230 8931 9031
f 9231 9164 9015
f 9231 9135 9164
f 9232 9132 9131
f 9232 8869 9132
f 9233 8790 8867
f 9233 8867 8931
f 9234 9175 8791
f 9234 9129 9175
f 9235 8917 8504
f 9235 8834 8917
f 9236 8921 8756
f 9236 8573 8921
f 9237 8975 8704
f 9237 8786 8975
f 9238 9142 8812
f 9238 8929 9142
f 9239 9140 8981
f 9239 9036 9140
f 9240 9127 9026
f 9240 8905 9127
f 9241 9121 9020
f 9241 8905 9121
f 9242 9157 8980
f 9242 9027 9157
f 9243 9038 8927
f 9243 8979 9038
f 9244 8972 8813
f 9244 8887 8972
f 9245 8959 8726
f 9245 8914 8959
f 9246 9159 9012
f 9246 9046 9159
f 9247 8943 9017
f 9247 9017 9123
f 9248 9195 9128
f 9248 8926 9195
f 9249 8926 9131
f 9249 9131 9132
f 9250 9019 8985
f 9250 8812 9019
f 9251 8811 8428
f 9251 8703 8811
f 9252 8907 8504
f 9252 8800 8907
f 9253 9156 9033
f 9253 8791 9156
f 9254 9156 8981
f 9254 9033 9156
f 9255 8972 8637
f 9255 8900 8972
f 9256 9008 8362
f 9256 8899 9008
f 9257 8814 8847
f 9257 8847 9008
f 9258 9160 8980
f 9258 9029 9160
f 9259 9157 8869
f 9259 9029 9157
f 9260 9197 8901
f 9260 9042 9197
f 9261 9047 8927
f 9261 8999 9047
f 9262 9191 9152
f 9262 8970 9191
f 9263 9013 8907
f 9263 8728 9013
f 9264 9125 8968
f 9264 9020 9125
f 9265 9211 9034
f 9265 9172 9211
f 9266 9198 9036
f 9266 9145 9198
f 9267 9024 8849
f 9267 8897 9024
f 9268 9127 8968
f 9268 9026 9127
f 9269 9190 9012
f 9269 9122 9190
f 9270 9173 8857
f 9270 8957 9173
f 9271 9209 8934
f 9271 9164 9209
f 9272 9176 9028
f 9272 8933 9176
f 9273 9211 9172
f 9273 8970 9211
f 9274 9133 8998
f 9274 8868 9133
f 9275 9205 9034
f 9275 9152 9205
f 9276 9192 9145
f 9276 8970 9192
f 9277 9173 9000
f 9277 9135 9173
f 9278 9148 8903
f 9278 8995 9148
f 9279 9191 9036
f 9279 9152 9191
f 9280 9194 8934
f 9280 9000 9194
f 9281 8950 8620
f 9281 8866 8950
f 9282 9035 8898
f 9282 8976 9035
f 9283 9018 8866
f 9283 8914 9018
f 9284 9192 8970
f 9284 9126 9192
f 9285 9198 8905
f 9285 9140 9198
f 9286 9050 8771
f 9286 8969 9050
f 9287 9049 8969
f 9287 8861 9049
f 9288 8891 8670
f 9288 8772 8891
f 9289 9189 8998
f 9289 9129 9189
f 9290 9183 8998
f 9290 9033 9183
f 9291 9040 8898
f 9291 8992 9040
f 9292 9192 9027
f 9292 9145 9192
f 9293 9220 9046
f 9293 9172 9220
f 9294 9221 9027
f 9294 9126 9221
f 9295 9210 9046
f 9295 9126 9210
f 9296 9216 9034
f 9296 9164 9216
f 9432 9305 9297
f 9351 9313 5363
f 9540 9299 5664
f 9303 9298 5666
f 9494 9430 9299
f 9494 9298 9430
f 9747 9297 9431
f 9432 5664 9305
f 9454 9304 9301
f 10332 9317 5364
f 10021 9301 9538
f 9454 5665 9304
f 9304 5666 9301
f 9452 5665 9316
f 9304 9303 5666
f 10343 9304 5665
f 10343 9303 9304
f 9305 5664 9303
f 9725 9307 5664
f 9357 5289 9340
f 9540 9306 9299
f 9719 9307 5658
f 10377 10021 9538
f 10370 9308 5364
f 9492 9309 9299
f 9649 9309 5362
f 9719 9306 9307
f 9310 5650 9306
f 9319 5666 9298
f 10306 10128 9341
f 9747 9431 9312
f 9799 9312 9334
f 9633 9300 5363
f 9493 5658 9307
f 10006 5653 9326
f 10223 5660 9538
f 9315 9298 5362
f 9721 5653 9319
f 9838 9318 5665
f 9701 9627 9348
f 10380 9890 9317
f 10382 9515 5663
f 9842 9316 5665
f 10382 9318 9515
f 10011 9311 9301
f 9319 5653 9311
f 9842 5665 9318
f 9641 5655 9431
f 9519 9346 5361
f 9354 5655 9329
f 9343 5344 5584
f 10338 5584 9337
f 10282 9831 9362
f 9853 9686 5634
f 9829 9645 9324
f 9828 9324 9628
f 9516 5654 9363
f 9427 5656 9359
f 10006 9326 9314
f 10239 9326 9337
f 10360 5659 9356
f 10154 9345 9818
f 9328 5649 5652
f 9328 5651 5649
f 9829 9320 9645
f 9629 9320 9502
f 9378 9370 5350
f 9423 5609 9339
f 10303 9345 9371
f 10378 9333 10219
f 9665 9344 5354
f 9361 5650 9340
f 10297 9314 10239
f 10379 9333 5660
f 9760 9325 9351
f 9803 9334 9522
f 9335 9328 5652
f 9335 5362 9328
f 10345 5662 9717
f 10176 9336 5364
f 10338 9337 9326
f 10239 9337 5287
f 9828 9628 9338
f 9845 9338 9714
f 9423 9339 5658
f 9355 9339 5289
f 9357 9340 5650
f 9361 9340 5617
f 10306 5287 10128
f 10219 5591 9360
f 9908 9323 9717
f 9815 9342 9362
f 9343 9322 5652
f 9343 5584 9322
f 9344 9332 5617
f 9344 5651 9332
f 10355 10313 9331
f 10348 5591 10264
f 9773 5643 9512
f 9780 9321 9614
f 9347 9330 5657
f 9347 5609 9330
f 9701 5290 9627
f 9736 9639 5643
f 10176 9327 9336
f 10278 9349 9544
f 9350 9328 5362
f 9350 5651 9328
f 9351 9325 5657
f 9760 9351 5363
f 9850 5634 9846
f 10350 9317 9717
f 9353 9322 5584
f 9353 5653 9322
f 9852 9619 9321
f 9736 9354 9639
f 9355 9310 5658
f 9355 5289 9310
f 10271 9547 9356
f 10358 9919 9681
f 9357 9310 5289
f 9357 5650 9310
f 9614 9358 9346
f 9358 5361 9346
f 9519 5656 9346
f 9427 9359 5654
f 10235 9331 9308
f 10355 5591 10313
f 9361 9332 5650
f 9361 5617 9332
f 9919 9342 9681
f 10371 9362 9676
f 9516 9363 5657
f 9811 5350 9347
f 10154 5661 9345
f 10383 9364 5659
f 10296 10024 5595
f 10311 5583 9434
f 9775 9703 9531
f 9808 5632 9726
f 9367 5621 5619
f 9367 5607 5621
f 9368 5583 5582
f 10317 5584 9444
f 9732 9376 9685
f 10371 9676 5634
f 9370 9347 5350
f 9370 5609 9347
f 10348 10264 10010
f 10376 9371 10174
f 9790 5644 9358
f 9772 9532 5643
f 10174 5592 10058
f 10298 9804 10264
f 10279 10094 5587
f 10178 10131 9374
f 9375 5618 5617
f 9424 5617 9340
f 9743 9688 5633
f 9729 9338 9686
f 9625 5638 9387
f 9393 9377 5644
f 9390 9378 5605
f 9378 5350 5605
f 9796 5609 9370
f 9426 5607 9339
f 9612 5654 9359
f 9380 5604 5654
f 10117 5659 9364
f 10073 9690 9691
f 9854 9399 9382
f 9884 9689 5357
f 10221 360 9708
f 9384 5606 5605
f 9384 5604 5606
f 10145 10048 5587
f 10279 9385 10094
f 9386 5679 5606
f 9386 5606 5680
f 9754 5638 5637
f 9637 5637 9389
f 9388 5680 5606
f 9388 5274 5680
f 9761 9389 5716
f 9389 5637 5716
f 9390 5611 5608
f 9402 5352 5611
f 9391 5717 5637
f 9391 5359 5717
f 9392 5679 5352
f 9392 5606 5679
f 9750 5644 9535
f 9401 5359 5638
f 9751 9546 5648
f 9764 9394 9734
f 9395 5620 5621
f 9395 5351 5620
f 9396 5622 5353
f 9396 5621 5622
f 10273 10108 10001
f 10296 9397 10024
f 9765 9709 9529
f 9823 9695 9634
f 9944 9682 5635
f 10275 5592 10253
f 9401 9393 5641
f 9401 5638 9393
f 9402 9390 5605
f 9402 5611 9390
f 10136 9400 10096
f 10203 5590 10147
f 10320 10226 10114
f 10259 9404 10112
f 9947 9399 9854
f 9881 5635 9839
f 9421 9409 5611
f 9406 5608 5611
f 9682 9420 9410
f 9743 9407 9688
f 9745 9535 5644
f 9752 5640 9416
f 9409 9406 5611
f 9409 5351 9406
f 9824 9672 9410
f 9807 9410 9702
f 9727 5648 9546
f 9759 9704 5647
f 9746 9412 5721
f 9617 9412 5642
f 9413 5682 5610
f 9413 5352 5682
f 9768 5625 9673
f 9827 5636 9453
f 9415 5599 5620
f 9415 5612 5599
f 9738 5642 9412
f 9711 5640 9484
f 10249 10110 9956
f 10267 9417 10108
f 9617 5721 9412
f 9623 9429 5291
f 10346 10187 357
f 10171 10066 10047
f 10100 5635 9785
f 10019 9663 9456
f 9421 5611 5610
f 9421 5610 5612
f 9784 5648 9613
f 9788 5629 9621
f 9423 9330 5609
f 9810 9313 9330
f 9424 9375 5617
f 9424 5619 9375
f 9425 9367 5619
f 9425 5289 9367
f 9426 9379 5607
f 9426 5609 9379
f 9427 9325 5656
f 9427 5654 9325
f 9623 5722 9429
f 9644 9428 5712
f 9429 9418 5642
f 9429 5722 9418
f 9430 9303 5664
f 9430 9298 9303
f 9641 9431 9316
f 9431 9297 9316
f 9725 9300 9307
f 9432 9297 9300
f 9496 9451 5356
f 9697 5629 9514
f 10247 10155 9434
f 10344 9434 9998
f 9793 9507 9673
f 9670 9523 359
f 9657 9435 9453
f 9621 9433 9482
f 9537 5628 9536
f 9659 5628 9436
f 9654 9437 9507
f 9830 9439 9440
f 9460 5271 5580
f 9661 9439 9438
f 9720 5649 9441
f 9440 9439 5580
f 9830 9440 5344
f 9665 5651 9344
f 9441 5649 5651
f 9442 5652 5649
f 9442 5344 5652
f 10344 9998 5345
f 9556 5308 5431
f 9444 9443 5583
f 10314 9444 5344
f 9445 9344 5617
f 9445 5354 9344
f 10318 9446 9443
f 10307 9446 9998
f 9814 9622 9447
f 9783 9693 9447
f 10276 9449 9448
f 10018 5345 9509
f 10273 5596 10108
f 10196 5594 9993
f 10122 5594 10005
f 10243 5594 10122
f 9536 5628 9486
f 9534 5627 9499
f 9452 9305 5665
f 9452 9297 9305
f 9663 5636 9456
f 9674 9453 9435
f 9838 9302 9318
f 9454 9301 9302
f 9455 9320 9316
f 9645 5663 9324
f 9694 9420 361
f 9684 9410 9420
f 9694 9456 9420
f 9525 5623 9486
f 10314 9443 9444
f 9458 5581 9443
f 9459 5613 5354
f 9463 9459 5618
f 9460 9438 5614
f 9661 5580 9439
f 9470 5308 5581
f 9461 5580 5427
f 9462 5613 5394
f 9462 5394 5614
f 9463 5618 5616
f 9473 5300 5613
f 9464 5618 5353
f 9464 5616 5618
f 9465 5622 5621
f 9465 5621 5620
f 9466 9446 5585
f 9466 5345 9446
f 9467 5622 5603
f 9467 5603 5615
f 9468 5614 5394
f 9468 5271 5614
f 9469 5580 5271
f 9469 5427 5580
f 9470 9461 5427
f 9470 5581 9461
f 9471 5613 5300
f 9471 5394 5613
f 9472 9443 5581
f 10318 5585 9446
f 9473 9463 5616
f 9473 5613 9463
f 9474 9472 5308
f 9474 5585 9472
f 9475 5616 5398
f 9475 5300 5616
f 9476 5585 5432
f 9476 5432 5586
f 9477 5398 5616
f 9477 5615 5398
f 9478 5465 5429
f 9478 5392 5465
f 9479 5394 5393
f 9479 5392 5394
f 9480 9470 5427
f 9480 5308 9470
f 9481 5399 5396
f 9481 5396 5393
f 9744 9615 9482
f 9755 9484 5291
f 9483 5602 5349
f 9483 5600 5602
f 9737 9433 9499
f 9744 5640 9615
f 9485 5600 5599
f 9485 5601 5600
f 9638 5623 9506
f 9525 9486 5628
f 9696 9666 9533
f 9698 9487 9548
f 9488 5612 5288
f 9488 5599 5612
f 9490 5375 5712
f 9616 5627 9496
f 9490 9489 5713
f 9490 5712 9489
f 9513 9491 5713
f 9779 5375 9490
f 9492 9306 5650
f 9492 9299 9306
f 9493 9313 5658
f 9633 5363 9313
f 9494 5362 9298
f 9649 9299 9309
f 9541 5713 9496
f 9636 9495 5711
f 9616 9496 5713
f 9541 9496 5356
f 9497 5681 5288
f 9497 5610 5681
f 10204 10077 10030
f 10206 10077 5579
f 10194 10056 9949
f 9737 9482 9433
f 9706 9499 5291
f 9809 9487 9652
f 9700 9500 9646
f 9789 9500 9548
f 9809 9652 9501
f 9653 9548 9501
f 9800 5626 9523
f 9782 9629 9502
f 9782 9329 9629
f 9798 9503 9437
f 9656 5355 9624
f 9638 9506 5356
f 9643 5 5624
f 9505 9302 9301
f 9890 5364 9317
f 9506 9504 5624
f 9506 5623 9504
f 9673 5625 9521
f 9693 9624 5355
f 9508 9438 5354
f 9508 5614 9438
f 10005 5576 9677
f 10269 5586 10000
f 9510 5602 5388
f 9511 5349 5602
f 9511 9510 5603
f 9511 5602 9510
f 9745 9372 9535
f 9769 9512 5643
f 9678 359 9523
f 9513 5711 5714
f 9636 5713 9495
f 9784 9613 9514
f 9650 9514 5629
f 9653 100 9548
f 9515 9317 5663
f 10380 9302 9890
f 9516 9325 5654
f 9516 5657 9325
f 9517 5714 459
f 9517 5715 5714
f 9740 9518 9394
f 9851 9734 5645
f 9519 9359 5656
f 9519 5361 9359
f 9520 9300 9297
f 9520 5363 9300
f 9680 9521 9435
f 9730 5625 9674
f 9522 9321 5656
f 9852 9312 9619
f 9631 358 9504
f 9678 9523 9435
f 9680 5626 9521
f 9718 9411 9613
f 9767 9524 9703
f 9705 9525 9457
f 9781 5628 9528
f 9699 9526 9411
f 9735 9526 5355
f 9839 5635 9672
f 9742 9382 9399
f 9781 9528 9457
f 9666 9437 9533
f 9795 9411 9718
f 9753 9447 9526
f 9724 9366 9627
f 9825 9530 9714
f 9766 9723 9531
f 9758 9348 9627
f 9769 9372 9512
f 9843 9748 5645
f 9696 9457 9666
f 9652 5626 9501
f 9534 9451 5627
f 9534 9433 9451
f 9750 9535 9408
f 9763 5360 9608
f 9537 9536 9433
f 9536 9451 9433
f 9537 9436 5628
f 9786 9433 9621
f 10223 9538 9311
f 9538 9301 9311
f 9539 458 5711
f 9539 5624 458
f 9540 9307 9306
f 9540 5664 9307
f 9541 9495 5713
f 9541 5356 9495
f 9705 5623 9525
f 9542 9457 9487
f 10381 5661 10154
f 10360 9356 9547
f 10299 9544 9331
f 10329 9544 9349
f 9545 9359 5361
f 9545 5639 9359
f 9727 9546 9394
f 9740 5360 9518
f 10359 9894 9547
f 10373 10359 9327
f 9698 9548 9500
f 9789 9548 100
f 9549 5428 5427
f 9549 5427 5429
f 9987 9550 5468
f 9550 5298 5468
f 9907 5467 9559
f 9985 9551 5465
f 9552 5393 5396
f 9552 5298 5393
f 9553 5434 5431
f 9554 5308 5428
f 9554 9553 5431
f 9554 5428 9553
f 9555 5396 5399
f 9555 5299 5396
f 9556 9474 5308
f 9556 5432 9474
f 9557 5386 5410
f 9557 5400 5386
f 9987 5465 9550
f 9985 5467 9551
f 9601 5467 9570
f 9559 5466 5433
f 9560 5469 5397
f 9560 5276 5469
f 9573 5469 9572
f 9561 5397 5469
f 9562 5411 5409
f 9562 5395 5411
f 9564 5299 5395
f 9563 5397 5396
f 9564 9563 5396
f 9564 5395 9563
f 9565 9559 5433
f 9565 5310 9559
f 9604 5412 5404
f 9566 5411 5412
f 9567 5410 5411
f 9567 5299 5410
f 9568 5434 5309
f 9568 5431 5434
f 9569 5412 5411
f 9569 5411 5410
f 9857 9581 9570
f 9856 9570 5318
f 10007 5482 9579
f 9600 5476 9580
f 10007 9579 9572
f 9583 9572 5469
f 9573 9561 5469
f 9573 5468 9561
f 9574 5476 5276
f 9932 9574 5407
f 9575 5434 5433
f 9575 5433 5435
f 9576 5408 5407
f 9576 5407 5409
f 9577 5438 5309
f 9577 5437 5438
f 9578 5408 5302
f 9578 5405 5408
f 9857 5480 9581
f 9872 9579 5482
f 9994 9901 9593
f 9901 5481 9593
f 9865 5480 9592
f 9586 5278 5435
f 10026 9581 9865
f 10025 9570 9581
f 9583 9571 5482
f 9583 5469 9571
f 9587 5303 5477
f 9932 5476 9574
f 9585 9582 5278
f 9585 5466 9582
f 9586 9585 5278
f 9586 5433 9585
f 9587 9584 5407
f 9587 5477 9584
f 9588 5437 5435
f 9588 5422 5437
f 9589 9587 5407
f 9589 5303 9587
f 9590 5402 5303
f 9603 9590 5408
f 9936 9874 9591
f 9896 5319 9866
f 9938 9591 9876
f 9936 5480 9874
f 9872 5480 9579
f 9874 5481 9591
f 9957 5313 5478
f 9955 5477 9597
f 9595 9582 5474
f 9595 5278 9582
f 9596 9595 5424
f 9596 5278 9595
f 9597 5477 5303
f 9955 9597 5475
f 9598 7105 5403
f 9598 5402 7105
f 9599 9580 5476
f 10033 9599 5320
f 9600 9571 5476
f 9600 5482 9571
f 9601 9559 5467
f 9601 5466 9559
f 9602 9558 5318
f 9602 5467 9558
f 9603 5408 5405
f 9606 5301 5402
f 9604 9566 5412
f 9604 5302 9566
f 9605 5405 5404
f 9974 5301 5405
f 9606 9603 5405
f 9606 5402 9603
f 9607 5431 5430
f 9607 5432 5431
f 9776 9608 9422
f 9741 9608 5360
f 9609 5386 5400
f 9609 5275 5386
f 10388 5522 5406
f 9610 5511 5522
f 9611 9393 5644
f 9611 5641 9393
f 9612 9380 5654
f 9612 5639 9380
f 9735 9411 9526
f 9718 9613 5648
f 9614 9321 5643
f 9780 9614 9346
f 9791 9422 9650
f 9776 5640 9608
f 9616 9489 5627
f 9616 5713 9489
f 9617 9418 5721
f 9617 5642 9418
f 9819 9716 9618
f 9840 9618 9732
f 9619 9354 9321
f 9619 5655 9354
f 9620 5716 5637
f 9620 9061 5716
f 9786 9621 9436
f 9621 5629 9436
f 9820 9622 9414
f 9805 9722 5646
f 9623 9428 5722
f 9623 5291 9428
f 9624 9507 9437
f 9783 9624 9693
f 9625 9377 5638
f 9625 5361 9377
f 9626 9380 5274
f 9626 5604 9380
f 9855 9627 9366
f 9724 9627 5290
f 9846 5634 9686
f 9940 5663 9352
f 9629 5655 9320
f 9629 9329 5655
f 9817 9366 9724
f 9775 5647 9703
f 9631 9500 4370
f 9631 4370 358
f 9632 9351 5657
f 9632 9313 9351
f 9633 9493 9300
f 9633 9313 9493
f 9819 9398 9716
f 9841 9709 5646
f 9635 9495 5356
f 9635 5624 9495
f 9636 9513 5713
f 9636 5711 9513
f 9754 9387 5638
f 9637 5639 9387
f 9638 9486 5623
f 9655 9451 9486
f 9772 9348 9532
f 9639 9329 9348
f 9640 9428 5291
f 9640 5627 9428
f 9641 9320 5655
f 9641 9316 9320
f 9787 9642 9503
f 9802 9642 9762
f 9643 9504 358
f 9643 5624 9504
f 9643 358 5
f 9644 9112 5722
f 9644 5712 9112
f 9645 9455 5663
f 9645 9320 9455
f 9700 9646 5623
f 9646 9504 5623
f 9647 9502 9324
f 10041 9647 9713
f 9648 9367 5289
f 9648 5607 9367
f 9649 9494 9299
f 9649 5362 9494
f 9751 9422 9546
f 9791 9650 5629
f 9695 9414 9634
f 9692 9651 5636
f 9652 9533 5626
f 9652 9487 9533
f 4501 4370 9500
f 9653 9501 4361
f 9653 4361 100
f 9654 9533 9437
f 9654 5626 9533
f 9655 9638 5356
f 9655 9486 9638
f 9656 9503 5355
f 9656 9437 9503
f 10019 31 9663
f 9657 4358 9435
f 9657 31 4358
f 9834 9414 9695
f 9820 5625 9622
f 9659 9528 5628
f 9659 9503 9528
f 10254 9662 10109
f 10162 10133 10061
f 9661 9460 5580
f 9661 9438 9460
f 10201 10111 9660
f 10088 10064 5578
f 9663 9453 5636
f 10368 31 9657
f 9675 5586 5432
f 10000 5586 9675
f 9665 9441 5651
f 9665 5354 9441
f 9798 9528 9503
f 9666 9457 9528
f 9667 9664 5279
f 10319 5417 9832
f 9883 5304 5419
f 9669 5309 5438
f 9669 9668 5430
f 9669 5438 9668
f 9670 4361 9501
f 9670 359 4361
f 9944 9420 9682
f 9671 361 9420
f 4854 9671 4257
f 9945 9839 9672
f 9945 9527 9839
f 9768 9673 9447
f 9673 9507 9447
f 9674 9658 9453
f 9674 5625 9658
f 10000 9675 9664
f 9675 5279 9664
f 9853 9369 9686
f 9813 5633 9688
f 10122 10005 9677
f 10156 9677 10012
f 9678 9435 4358
f 9678 4358 359
f 9847 9376 9732
f 9731 9369 9688
f 9680 9523 5626
f 9680 9435 9523
f 10358 5357 9919
f 10271 5662 9547
f 9682 9672 5635
f 9682 9410 9672
f 9806 9376 9688
f 9824 9407 9672
f 9684 9456 5636
f 9684 9420 9456
f 9849 5358 9732
f 9833 9685 9407
f 9846 9686 9628
f 9686 9338 9628
f 9687 5620 5599
f 9687 5349 5620
f 9813 9688 9369
f 9731 9688 9376
f 10015 9382 9831
f 9947 9854 5631
f 10009 9691 9690
f 10009 9356 9691
f 10240 10218 9691
f 10240 5659 10218
f 9692 9658 9414
f 9827 9453 9658
f 9693 9526 9447
f 9693 5355 9526
f 9694 4506 9456
f 5233 9694 361
f 9834 9695 9651
f 9826 5358 9683
f 9696 9487 9457
f 9696 9533 9487
f 9697 9642 9436
f 9697 9514 9642
f 9698 9542 9487
f 9698 9500 9542
f 9841 9529 9709
f 9771 9411 9707
f 9700 9542 9500
f 9700 5623 9542
f 9701 9329 5290
f 9701 9348 9329
f 9702 9684 5636
f 9702 9410 9684
f 9792 9703 9524
f 9767 9703 5647
f 9770 9704 9529
f 9765 9398 9709
f 9705 9542 5623
f 9705 9457 9542
f 9706 9484 9482
f 9706 5291 9484
f 9771 9707 9529
f 9770 5647 9704
f 10089 9794 9708
f 10098 10089 9383
f 9708 360 4233
f 9805 9634 9722
f 9837 9398 9715
f 9851 9531 9734
f 9766 9366 9723
f 9711 9416 5640
f 9711 5642 9416
f 9801 9712 9630
f 9812 5632 9716
f 9713 9647 9338
f 10041 9713 5290
f 9848 9714 9679
f 9835 9714 9338
f 9837 9715 9634
f 9823 5358 9695
f 9812 9716 9630
f 9774 9398 9704
f 10345 9717 9336
f 10332 5364 9336
f 9795 9718 9524
f 9718 5648 9524
f 9719 9310 9306
f 9719 5658 9310
f 9720 9439 5649
f 9720 9438 9439
f 9721 9315 5653
f 9721 9298 9315
f 9722 9622 5646
f 9722 9414 9622
f 9759 9630 9704
f 9801 9366 9712
f 9817 9724 9530
f 9724 5290 9530
f 9725 9432 9300
f 9725 5664 9432
f 9836 9726 9679
f 9848 5632 9714
f 9727 9524 5648
f 9792 9394 9703
f 9728 9332 5651
f 9728 9309 9332
f 9835 9679 9714
f 9729 9369 9679
f 9730 9521 5625
f 9730 9435 9521
f 9731 9679 9369
f 9836 9376 9726
f 9847 9732 9618
f 9840 9732 5358
f 9733 5361 9358
f 9733 9377 5361
f 9843 9518 9748
f 9734 9394 9518
f 9735 9613 9411
f 9735 5355 9613
f 9736 5643 9321
f 9736 9321 9354
f 9737 9706 9482
f 9737 9499 9706
f 9738 9416 5642
f 9738 5641 9416
f 9739 9535 9372
f 9739 5360 9535
f 9740 9546 5360
f 9740 9394 9546
f 9741 9546 9422
f 9741 5360 9546
f 9742 9527 5633
f 9742 9399 9527
f 9743 9527 9407
f 9743 5633 9527
f 9744 9484 5640
f 9744 9482 9484
f 9745 9512 9372
f 9790 9358 9512
f 9746 9065 5359
f 9746 5721 9065
f 9747 9520 9297
f 9747 9312 9520
f 9748 9532 5645
f 9748 9372 9532
f 9749 9611 9408
f 9749 5641 9611
f 9750 9611 5644
f 9750 9408 9611
f 9751 9650 9422
f 9751 5648 9650
f 9752 9749 9408
f 9752 9416 9749
f 9753 9699 5646
f 9753 9526 9699
f 9754 9637 9387
f 9754 5637 9637
f 9755 9429 5642
f 9755 5291 9429
f 9756 5714 5711
f 9756 126 5714
f 9756 458 126
f 9757 5387 5386
f 9757 5388 5387
f 9758 9710 5645
f 9758 9627 9710
f 9759 9723 9630
f 9759 5647 9723
f 9760 9334 9325
f 9760 5363 9334
f 9761 9060 5274
f 9761 5716 9060
f 9762 9613 5355
f 9762 9514 9613
f 9763 9535 5360
f 9763 9408 9535
f 9764 9703 9394
f 9764 9531 9703
f 9765 9704 9398
f 9765 9529 9704
f 9855 9710 9627
f 9766 9531 9710
f 9767 9707 9524
f 9767 5647 9707
f 9768 9622 5625
f 9768 9447 9622
f 9769 9532 9372
f 9769 5643 9532
f 9770 9707 5647
f 9770 9529 9707
f 9771 9699 9411
f 9771 9529 9699
f 9772 9639 9348
f 9772 5643 9639
f 9773 9614 5643
f 9773 9358 9614
f 9774 9716 9398
f 9774 9630 9716
f 9775 9723 5647
f 9775 9531 9723
f 9776 9615 5640
f 9776 9422 9615
f 9777 9395 5607
f 9777 5351 9395
f 9778 9608 5640
f 9778 9408 9608
f 9779 9491 5375
f 9779 5713 9491
f 9780 5656 9321
f 9780 9346 5656
f 9781 9525 5628
f 9781 9457 9525
f 9782 5290 9329
f 9782 9502 5290
f 9783 9447 9507
f 9783 9507 9624
f 9784 9650 5648
f 9784 9514 9650
f 10099 9405 9886
f 10101 9785 5635
f 4894 9785 101
f 9786 9537 9433
f 9786 9436 9537
f 9787 9659 9436
f 9787 9503 9659
f 9788 9615 5629
f 9788 9482 9615
f 9789 4501 9500
f 9789 100 4501
f 9790 9745 5644
f 9790 9512 9745
f 9791 9615 9422
f 9791 5629 9615
f 9792 9727 9394
f 9792 9524 9727
f 9793 5626 9507
f 9793 9521 5626
f 10280 10020 5630
f 10098 9794 10089
f 9795 9707 9411
f 9795 9524 9707
f 9796 9379 5609
f 9796 5608 9379
f 9797 9758 5645
f 9797 9348 9758
f 9798 9666 9528
f 9798 9437 9666
f 9799 9520 9312
f 9799 5363 9520
f 9800 9670 9501
f 9800 9523 9670
f 9801 9723 9366
f 9801 9630 9723
f 9802 5355 9503
f 9802 9503 9642
f 9803 5656 9325
f 9803 9325 9334
f 10349 10244 5346
f 10264 9804 10010
f 9805 9709 9634
f 9805 5646 9709
f 9806 9685 9376
f 9806 9407 9685
f 9807 9683 9410
f 9807 9651 9683
f 9808 9716 5632
f 9808 9618 9716
f 9809 9548 9487
f 9809 9501 9548
f 9810 9423 5658
f 9810 9330 9423
f 9811 9363 5350
f 9811 5657 9363
f 9812 9712 5632
f 9812 9630 9712
f 9813 9676 5633
f 9813 9369 9676
f 9814 9753 5646
f 9814 9447 9753
f 9815 5634 9323
f 9815 9323 9342
f 9816 9352 5663
f 9816 9323 9352
f 9817 9712 9366
f 9817 9530 9712
f 10365 10316 9818
f 10091 9818 10052
f 9819 9715 9398
f 9819 9618 9715
f 9820 9658 5625
f 9820 9414 9658
f 10322 10126 9364
f 10166 10069 9893
f 10366 9822 9381
f 10069 9822 9893
f 9823 9715 5358
f 9823 9634 9715
f 9833 9683 9685
f 9824 9410 9683
f 9825 9712 9530
f 9825 5632 9712
f 9826 9695 5358
f 9826 9651 9695
f 9827 9692 5636
f 9827 9658 9692
f 9828 9647 9324
f 9828 9338 9647
f 9829 9502 9320
f 9829 9324 9502
f 9830 9442 9439
f 9830 5344 9442
f 9939 5633 9676
f 10362 9831 9382
f 10003 5577 9677
f 10037 5417 9954
f 9833 9824 9683
f 9833 9407 9824
f 9834 9692 9414
f 9834 9651 9692
f 9835 9729 9679
f 9835 9338 9729
f 9836 9731 9376
f 9836 9679 9731
f 9837 9709 9398
f 9837 9634 9709
f 9838 9454 9302
f 9838 5665 9454
f 9881 9839 9399
f 9839 9527 9399
f 9840 9715 9618
f 9840 5358 9715
f 9841 9699 9529
f 9841 5646 9699
f 9842 9455 9316
f 9842 9318 9455
f 9843 9734 9518
f 9843 5645 9734
f 10168 10102 9844
f 10201 10065 10111
f 9845 9713 9338
f 9845 9530 9713
f 9850 9846 9352
f 9846 9628 9352
f 9847 9726 9376
f 9847 9618 9726
f 9848 9726 5632
f 9848 9679 9726
f 9849 9683 5358
f 9849 9685 9683
f 9850 9323 5634
f 9850 9352 9323
f 9851 9710 9531
f 9851 5645 9710
f 9852 9522 9312
f 9852 9321 9522
f 9853 9676 9369
f 9853 5634 9676
f 10084 9689 9383
f 9854 9382 9689
f 9855 9766 9710
f 9855 9366 9766
f 9856 9579 5480
f 9856 5318 9579
f 9857 9856 5480
f 9857 9570 9856
f 9860 5307 5422
f 9858 5424 5423
f 9859 5473 5306
f 9920 9859 5424
f 9860 9858 5423
f 9860 5422 9858
f 10395 9861 5436
f 9861 5307 5436
f 9862 5425 5423
f 10390 43 9877
f 9979 5425 5426
f 9863 5423 5425
f 10398 9864 10396
f 10395 5437 9861
f 4715 43 5421
f 9865 9581 5480
f 10026 9865 5474
f 9920 5473 9859
f 9986 5424 9595
f 9867 9862 5421
f 9867 5425 9862
f 9868 5276 5476
f 9868 5476 9571
f 9869 5410 5386
f 9869 5296 5410
f 9870 148 5421
f 9870 5420 148
f 9871 9558 5468
f 9871 5318 9558
f 9872 9593 5480
f 9872 5482 9593
f 9915 9873 5473
f 9873 5306 5473
f 9874 9593 5481
f 9874 5480 9593
f 9915 5470 9873
f 9916 5472 9905
f 9926 9876 9591
f 9938 9876 5319
f 9877 5426 5425
f 10391 149 9887
f 9877 43 149
f 4729 148 5420
f 10387 5415 9889
f 9878 5426 5415
f 10097 5630 10073
f 10117 9364 9822
f 10217 10090 9381
f 10090 5588 9882
f 10153 9880 10083
f 10101 9405 9785
f 9881 9399 9405
f 10071 9882 9880
f 10083 9882 9984
f 9883 9668 5438
f 9883 5419 9668
f 9884 9690 9383
f 9884 5357 9690
f 9988 9885 5436
f 10393 9885 9888
f 10357 5631 10053
f 10099 9886 101
f 4986 9886 4233
f 9887 5415 5426
f 10392 14 9951
f 9887 149 14
f 9888 5418 5304
f 10394 9888 5416
f 10397 10016 9992
f 10370 9505 9308
f 9890 9302 9505
f 9891 9794 5630
f 10221 9708 9794
f 9891 4229 360
f 10334 5587 10150
f 10087 9821 9385
f 10126 5347 9821
f 10374 9543 10092
f 10373 9894 10359
f 10167 10138 9498
f 10142 10115 5590
f 9896 9592 5319
f 9896 5474 9592
f 9897 9875 5473
f 9897 5319 9875
f 10054 9898 9374
f 10179 9898 10086
f 9899 5470 5456
f 9899 5420 5470
f 9911 5481 9909
f 9925 5281 5461
f 9923 9910 5320
f 10033 9580 9599
f 9904 5317 5472
f 9914 5471 9913
f 9903 9875 5319
f 9903 5472 9875
f 9904 9902 5459
f 9904 5472 9902
f 9905 5472 5317
f 9916 9905 5470
f 9906 5455 152
f 9906 152 5456
f 9907 9551 5467
f 9907 5310 9551
f 4760 6 5456
f 9908 9342 9323
f 9908 5662 9342
f 9909 9901 5320
f 9909 5481 9901
f 9910 9909 5320
f 9910 5479 9909
f 9911 9900 5481
f 9911 5479 9900
f 9912 9900 5479
f 9912 5471 9900
f 9913 9912 5281
f 9913 5471 9912
f 9914 9902 5471
f 9914 5459 9902
f 9915 9875 5470
f 9915 5473 9875
f 9916 9875 5472
f 9916 5470 9875
f 9917 9904 5459
f 9917 5317 9904
f 9918 5455 5317
f 9933 9918 5460
f 4772 152 5455
f 9919 9362 9342
f 10282 5357 9831
f 9920 9866 5473
f 9920 5424 9866
f 9960 5313 5450
f 9929 5451 9922
f 9922 9912 5479
f 9922 5281 9912
f 9923 9594 5478
f 9923 5320 9594
f 9924 9922 5451
f 9924 5281 9922
f 9925 9913 5281
f 9925 5459 9913
f 9926 9900 5471
f 9926 9591 9900
f 9927 9594 5320
f 9927 5477 9594
f 9928 9921 5478
f 9928 5451 9921
f 9929 9921 5451
f 9929 5479 9921
f 9930 5463 5461
f 9930 5449 5463
f 9931 5460 5459
f 9931 5459 5461
f 9932 9584 5476
f 9932 5407 9584
f 9933 5460 5458
f 9935 45 5455
f 9934 5460 5316
f 9934 5458 5460
f 9935 9933 5458
f 9935 5455 9933
f 4790 45 5458
f 9936 9592 5480
f 9936 9591 9592
f 9937 5464 5316
f 9937 5463 5464
f 9938 9592 9591
f 9938 5319 9592
f 9939 9831 5633
f 9939 9362 9831
f 9940 9628 9324
f 9940 9352 9628
f 9941 153 5458
f 9941 5457 153
f 10156 10012 5343
f 10341 9958 10088
f 10040 9943 9942
f 10031 5577 9954
f 9944 9671 9420
f 9944 5635 9671
f 9945 9407 9527
f 9945 9672 9407
f 9980 5304 5418
f 9946 5417 5419
f 9947 9405 9399
f 9947 5631 9405
f 10209 10172 9400
f 10212 9948 10050
f 10160 10105 9498
f 10195 9949 10152
f 10081 10023 9950
f 10181 10062 10032
f 10039 9950 9958
f 9951 9889 5415
f 10389 147 9992
f 9951 14 147
f 10300 10207 10107
f 10260 9952 10151
f 10299 5661 9544
f 10361 9953 10215
f 10031 9954 9942
f 10029 9954 5305
f 9955 9594 5477
f 9955 5475 9594
f 10268 9417 10213
f 10321 9956 10242
f 9957 9594 5475
f 9957 5478 9594
f 10121 10034 5575
f 10088 9958 10064
f 9959 9957 5475
f 9959 5313 9957
f 9960 9928 5313
f 9960 5451 9928
f 9962 5314 5449
f 9961 5451 5450
f 9962 9961 5450
f 9962 5449 9961
f 9963 5462 5463
f 9963 5314 5462
f 9964 5412 5391
f 9964 5404 5412
f 9965 5464 5445
f 9965 5445 5457
f 9967 5390 5391
f 9966 5387 5390
f 9967 9966 5390
f 9967 5296 9966
f 9968 5412 5296
f 9968 5391 5412
f 10289 9969 9450
f 10157 5343 9989
f 9970 5450 5453
f 9970 5314 5450
f 9971 5464 5463
f 9971 5463 5462
f 9972 7110 5462
f 9972 5454 7110
f 9973 9610 5277
f 9973 5389 9610
f 9974 9605 5406
f 9974 5405 9605
f 9975 5390 5389
f 9975 5391 5390
f 9976 9971 5312
f 9976 5464 9971
f 10081 9660 10023
f 10175 9977 10103
f 9978 9902 5472
f 9978 9876 9902
f 9979 9863 5425
f 9979 5307 9863
f 9980 9946 5419
f 9980 5418 9946
f 9981 9864 5436
f 9981 5304 9864
f 10394 5418 9888
f 9982 5416 5413
f 10029 9942 9954
f 10076 9983 5575
f 10143 5588 10042
f 10158 10083 9984
f 10158 11 10083
f 9985 9558 5467
f 9985 5465 9558
f 9986 9866 5424
f 9986 5474 9866
f 9987 9558 5465
f 9987 5468 9558
f 9988 9878 5415
f 9988 5436 9878
f 10293 10157 9989
f 10324 10123 10116
f 10113 9892 10043
f 10119 9990 10042
f 5044 9990 356
f 9991 9551 5310
f 9991 5429 9551
f 10389 9992 9889
f 9992 5416 9889
f 10397 42 10016
f 10330 10196 9993
f 10242 9450 10116
f 9994 5482 9580
f 9994 9593 5482
f 10333 10139 9995
f 10353 10274 5593
f 10305 9996 9543
f 10374 10092 5659
f 10308 9997 9449
f 10304 9448 9449
f 9998 9446 5345
f 10307 9998 5583
f 4854 361 9671
f 10253 10252 10120
f 10260 10151 9999
f 10269 10000 5576
f 10000 9664 5576
f 10312 10214 10001
f 10286 9373 9995
f 10002 9954 5417
f 10002 5305 9954
f 10003 9832 5577
f 10003 5576 9832
f 10004 9668 5419
f 10004 5279 9668
f 10005 9509 5576
f 10005 5594 9509
f 10006 9311 5653
f 10006 9314 9311
f 10007 9583 5482
f 10007 9572 9583
f 10199 5591 9341
f 10266 5593 9995
f 10009 5357 9356
f 10009 9690 5357
f 10375 10010 9345
f 10291 10010 10285
f 10011 9319 9311
f 10011 5666 9319
f 10233 9943 10028
f 10012 5577 9943
f 10205 5579 10077
f 10315 5589 10248
f 10076 9942 9983
f 10197 5578 10028
f 10015 9689 9382
f 10015 5357 9689
f 10016 5413 5416
f 10016 42 5413
f 10017 9982 5413
f 10017 5305 9982
f 10018 9448 5345
f 10276 5594 9449
f 10019 9456 4506
f 10019 4506 31
f 10140 10062 355
f 10020 9891 5630
f 10020 4229 9891
f 10146 10072 10061
f 10021 9505 9301
f 10021 9308 9505
f 10225 10082 10022
f 10246 10189 10066
f 10210 9662 10028
f 10169 9660 10111
f 10295 10024 9365
f 10294 5593 10128
f 10025 9582 5466
f 10025 9581 9582
f 10026 9582 9581
f 10026 5474 9582
f 10121 354 10034
f 10197 10028 9943
f 10233 10028 5343
f 10029 9983 9942
f 10029 5305 9983
f 10255 10075 10030
f 10228 10109 5579
f 10031 9943 5577
f 10031 9942 9943
f 10232 10103 9977
f 10140 10032 10062
f 10033 9901 9580
f 10033 5320 9901
f 4892 153 5457
f 10034 9958 5575
f 10130 98 10039
f 4995 10034 354
f 4894 4257 9785
f 10162 10035 10133
f 10170 9844 10111
f 10036 9983 5305
f 10326 5414 10027
f 10037 9832 5417
f 10037 5577 9832
f 10161 10106 357
f 10347 9895 10138
f 10230 10038 10115
f 10144 10039 4876
f 10039 98 4876
f 10040 10014 5578
f 10040 9942 10014
f 10041 5290 9502
f 10041 9502 9647
f 10143 10042 9984
f 10042 4228 9984
f 10150 5587 10048
f 10113 10043 356
f 10340 10043 10216
f 10135 9403 10049
f 10145 10044 10048
f 10044 99 4235
f 10218 9879 9691
f 10366 10045 9822
f 10364 9374 10131
f 10208 9404 10177
f 10185 10118 10060
f 10189 10047 10066
f 10150 10048 10043
f 10216 10048 10044
f 10147 5590 10137
f 10135 10049 99
f 10049 4258 99
f 10241 10060 10118
f 10142 10050 10115
f 10163 10137 5590
f 10051 4258 10049
f 10346 10051 10187
f 10303 9371 10052
f 10372 10052 10127
f 10357 10053 9886
f 10053 4233 9886
f 10129 10054 9400
f 10209 9374 10172
f 10195 10152 10070
f 10148 10055 10072
f 10141 9949 10056
f 10187 10051 10057
f 10227 10057 10038
f 10163 10057 10137
f 10367 10127 10058
f 10178 10058 10131
f 10331 10059 9804
f 10291 10285 9371
f 10185 9419 10118
f 10202 10171 5589
f 10132 9977 10074
f 10186 10061 10132
f 10144 9950 10039
f 5040 10062 4876
f 10220 10046 10131
f 10292 10063 10208
f 10064 10023 5578
f 10064 9950 10023
f 10180 10068 10065
f 10234 10133 9977
f 10231 10102 10022
f 10202 10066 10171
f 10290 5588 10087
f 10302 9892 10119
f 10168 9498 10102
f 10160 10035 10105
f 10217 5588 10090
f 10069 9381 9822
f 10191 10165 10070
f 10190 10035 10164
f 10222 10071 5630
f 10280 9880 10020
f 10164 10035 10162
f 10192 10072 10146
f 10097 10073 9879
f 10073 9691 9879
f 10327 10132 10074
f 4996 10074 355
f 10262 10023 9660
f 10085 5578 10023
f 10076 10014 9942
f 10076 5575 10014
f 10205 10077 10022
f 10231 9844 10102
f 10078 10073 5630
f 10078 9690 10073
f 10129 5587 10054
f 10173 9403 10145
f 10184 10149 10080
f 10183 10080 10148
f 10245 10081 10032
f 10181 9950 10062
f 10258 10013 10123
f 10229 10082 5589
f 10153 10083 11
f 10083 9880 9882
f 10084 9854 9689
f 10084 5631 9854
f 10085 10075 9662
f 10262 9660 10075
f 10086 9898 9385
f 10179 10086 5347
f 10087 9893 9821
f 10166 5588 10069
f 10341 10088 10014
f 10088 5578 10014
f 10089 5631 9383
f 10089 9708 5631
f 10090 10071 9381
f 10090 9882 10071
f 10322 5347 10126
f 10365 9364 10316
f 10316 9996 9818
f 10092 9543 9996
f 10161 10056 10106
f 10227 10093 10057
f 10094 10054 5587
f 10094 9898 10054
f 10252 10059 10120
f 10352 10095 10285
f 10136 10096 5590
f 10211 9400 10172
f 10222 9381 10071
f 10097 9879 9381
f 10098 9383 5630
f 10098 5630 9794
f 10099 9785 9405
f 10099 101 9785
f 10100 9671 5635
f 10100 4257 9671
f 10101 9881 9405
f 10101 5635 9881
f 10336 10102 10066
f 10246 9498 10189
f 10175 10103 10032
f 10245 9660 10081
f 10265 10104 10138
f 10261 9419 10185
f 10167 10070 10138
f 10191 10055 10165
f 10256 9949 10165
f 5028 10106 4898
f 10229 10013 10082
f 10323 9956 10123
f 10267 10108 9956
f 10249 5596 10110
f 10206 10030 10077
f 10255 9662 10075
f 10110 9993 9450
f 10330 5596 10196
f 10169 10111 10030
f 10204 9844 10077
f 10356 10224 10112
f 10251 9404 10151
f 10113 9990 9892
f 10113 356 9990
f 10192 10146 30
f 10284 10114 10226
f 10301 10207 9417
f 10182 10038 10163
f 10200 10115 10050
f 10228 9989 10109
f 10293 9450 10157
f 10117 10045 5659
f 10117 9822 10045
f 10277 10118 10050
f 10237 9419 10200
f 10302 10119 5588
f 10119 9892 9990
f 10253 5592 10252
f 10284 10226 5346
f 10121 10027 354
f 10121 5575 10027
f 10243 10122 9969
f 10122 9677 9969
f 10323 10123 10013
f 10258 10123 5579
f 4986 101 9886
f 10281 10124 10063
f 10310 10124 10151
f 10125 10028 9662
f 10125 5343 10028
f 10250 9893 9822
f 10126 9821 9893
f 10127 10052 9371
f 10372 10127 5347
f 10294 10128 9365
f 10384 10128 5287
f 10129 10079 5587
f 10129 9400 10079
f 10130 10034 98
f 10130 9958 10034
f 10364 10131 10046
f 10309 10131 10058
f 4995 98 10034
f 10327 4878 10132
f 10234 10061 10133
f 10186 10132 4878
f 10232 10065 10103
f 10180 10035 10068
f 10184 4898 10149
f 10198 9419 10104
f 10193 9895 10141
f 10135 10044 9403
f 10135 99 10044
f 10136 10079 9400
f 10136 5590 10079
f 10147 10137 10049
f 10137 10051 10049
f 10263 10138 10104
f 10265 10138 9895
f 10272 10001 10213
f 10312 9397 10214
f 10140 10074 10032
f 10140 355 10074
f 10193 10141 10038
f 10342 10141 10056
f 10142 10096 10050
f 10142 5590 10096
f 10143 9882 5588
f 10143 9984 9882
f 10144 10062 9950
f 10144 4876 10062
f 10173 10145 5587
f 10145 9403 10044
f 10146 10061 4975
f 5087 10146 4975
f 10203 10147 9403
f 10147 10049 9403
f 10188 10148 10080
f 10183 10148 30
f 10194 10106 10056
f 10149 4898 10106
f 10334 10150 9892
f 10150 10043 9892
f 10339 10151 10124
f 10310 10151 9404
f 10152 10141 9895
f 10152 9949 10141
f 10153 4229 9880
f 10153 11 4229
f 10381 10154 9996
f 10154 9818 9996
f 10155 9365 5582
f 10295 5595 10024
f 10156 9969 9677
f 10156 5343 9969
f 10157 9969 5343
f 10157 9450 9969
f 10158 9984 4228
f 10158 4228 11
f 10301 10107 10207
f 10159 10013 10107
f 10160 10068 10035
f 10160 9498 10068
f 10161 10093 10056
f 10161 357 10093
f 5028 357 10106
f 10164 10162 10072
f 10162 10061 10072
f 10182 10163 5590
f 10163 10038 10057
f 10190 10164 10055
f 10164 10072 10055
f 10256 10165 10080
f 10188 10055 10148
f 10166 10087 5588
f 10166 9893 10087
f 10167 10105 10070
f 10167 9498 10105
f 10168 10068 9498
f 10168 9844 10068
f 10169 10075 9660
f 10169 10030 10075
f 10170 10068 9844
f 10170 10065 10068
f 10248 10060 10112
f 10171 10047 10060
f 10211 10172 9948
f 10172 10046 9948
f 5040 355 10062
f 10173 10079 9403
f 10173 5587 10079
f 10369 10174 10095
f 10174 9371 10095
f 10175 10074 9977
f 10175 10032 10074
f 5044 4228 9990
f 10176 9349 9327
f 10176 5364 9349
f 10208 10177 9948
f 10277 10177 10118
f 10178 9374 5347
f 10367 5347 10127
f 10179 5347 9374
f 10179 9374 9898
f 10180 10133 10035
f 10180 10065 10133
f 10181 10081 9950
f 10181 10032 10081
f 10182 10115 10038
f 10182 5590 10115
f 10183 4999 10080
f 10183 30 4999
f 10184 10080 4999
f 10184 4999 4898
f 10261 10185 10047
f 10185 10060 10047
f 10186 4975 10061
f 10186 4878 4975
f 10187 10093 357
f 10187 10057 10093
f 10188 10165 10055
f 10188 10080 10165
f 10189 10104 10047
f 10263 9498 10138
f 10190 10105 10035
f 10190 10055 10105
f 10191 10105 10055
f 10191 10070 10105
f 10192 10148 10072
f 10192 30 10148
f 10193 10134 9895
f 10230 10115 10134
f 10194 10149 10106
f 10194 9949 10149
f 10195 10165 9949
f 10195 10070 10165
f 10196 9449 5594
f 10335 5596 10214
f 10197 10040 5578
f 10197 9943 10040
f 10198 10134 9419
f 10198 9895 10134
f 10385 10008 10264
f 10199 5593 10008
f 10200 10134 10115
f 10200 9419 10134
f 10201 10103 10065
f 10201 9660 10103
f 10225 5589 10082
f 10336 10022 10102
f 10203 10079 5590
f 10203 9403 10079
f 10204 10111 9844
f 10204 10030 10111
f 10205 10082 5579
f 10205 10022 10082
f 10206 10109 10030
f 10206 5579 10109
f 10283 10114 10213
f 10337 9952 10260
f 10288 10063 10124
f 10292 10208 9948
f 10209 10054 9374
f 10209 9400 10054
f 10210 10085 9662
f 10210 5578 10085
f 10211 10096 9400
f 10212 10050 10096
f 10212 10211 9948
f 10212 10096 10211
f 10268 10213 10001
f 10272 10213 5346
f 10335 10214 9997
f 10325 9397 10296
f 10313 9953 9331
f 10375 10215 10010
f 10340 10216 4235
f 10216 10043 10048
f 10217 10069 5588
f 10217 9381 10069
f 5087 30 10146
f 10218 10045 9879
f 10218 5659 10045
f 10219 9341 5591
f 10219 9333 9341
f 10220 10063 10046
f 10281 5592 10124
f 10221 9891 360
f 10221 9794 9891
f 10222 10097 9381
f 10222 5630 10097
f 10379 9314 9333
f 10223 9311 9314
f 10328 10224 10107
f 10300 9952 10207
f 10225 10202 5589
f 10225 10022 10202
f 10349 10120 10244
f 10226 9999 10120
f 10342 10038 10141
f 10227 10056 10093
f 10228 10116 9989
f 10324 5579 10123
f 10229 10107 10013
f 10328 5589 10224
f 10230 10193 10038
f 10230 10134 10193
f 10231 10077 9844
f 10231 10022 10077
f 10232 10133 10065
f 10232 9977 10133
f 10233 10012 9943
f 10233 5343 10012
f 10234 10132 10061
f 10234 9977 10132
f 10235 9360 9331
f 10235 5660 9360
f 10236 5414 5413
f 10236 146 5414
f 10236 42 146
f 10237 10118 9419
f 10237 10050 10118
f 10238 10027 5414
f 10238 354 10027
f 10238 1 354
f 10297 10239 5287
f 10239 9314 9326
f 10240 9356 5659
f 10240 9691 9356
f 10241 10177 9404
f 10241 10118 10177
f 10242 10110 9450
f 10242 9956 10110
f 10243 9993 5594
f 10289 9450 9993
f 10354 9373 10286
f 10363 10244 10059
f 10245 10103 9660
f 10245 10032 10103
f 10246 10102 9498
f 10246 10066 10102
f 10247 9448 5595
f 10247 9434 9448
f 10248 10171 10060
f 10248 5589 10171
f 10249 10108 5596
f 10249 9956 10108
f 10250 10126 9893
f 10250 9364 10126
f 10251 10112 9404
f 10356 9952 10224
f 10252 10095 10059
f 10369 5592 10174
f 10275 10253 9999
f 10253 10120 9999
f 10254 10125 9662
f 10254 9989 10125
f 10255 10109 9662
f 10255 10030 10109
f 10256 10149 9949
f 10256 10080 10149
f 10384 9365 10128
f 10257 5582 9365
f 10258 10082 10013
f 10258 5579 10082
f 10259 10241 9404
f 10259 10060 10241
f 10337 10260 10114
f 10320 9999 10226
f 10261 10104 9419
f 10261 10047 10104
f 10262 10085 10023
f 10262 10075 10085
f 10263 10189 9498
f 10263 10104 10189
f 10298 10264 10008
f 10385 10264 5591
f 10265 10198 10104
f 10265 9895 10198
f 10266 10008 5593
f 10266 9373 10008
f 10267 10159 9417
f 10267 9956 10159
f 10268 10108 9417
f 10268 10001 10108
f 10269 9509 5586
f 10269 5576 9509
f 10270 9509 5345
f 10270 5586 9509
f 10271 9681 5662
f 10271 9356 9681
f 10272 10139 10001
f 10272 5346 10139
f 10273 10214 5596
f 10273 10001 10214
f 10274 9995 5593
f 10333 9397 10139
f 10275 10124 5592
f 10339 9999 10151
f 10276 10018 5594
f 10276 9448 10018
f 10277 10050 9948
f 10277 9948 10177
f 10278 5661 9327
f 10278 9327 9349
f 10279 10067 9385
f 10279 5587 10067
f 10280 10071 9880
f 10280 5630 10071
f 10281 10220 5592
f 10281 10063 10220
f 10282 9919 5357
f 10282 9362 9919
f 10283 10207 10114
f 10283 9417 10207
f 10284 10213 10114
f 10284 5346 10213
f 10285 10095 9371
f 10352 10285 9804
f 10286 10139 5346
f 10286 9995 10139
f 10287 9889 5416
f 10287 9885 9889
f 10288 10208 10063
f 10288 9404 10208
f 10289 10243 9969
f 10289 9993 10243
f 10290 10067 5588
f 10290 9385 10067
f 10291 9371 9345
f 10291 9345 10010
f 10292 9948 10046
f 10292 10046 10063
f 10293 10116 9450
f 10293 9989 10116
f 10353 10024 10274
f 10294 9365 10024
f 10295 10155 5595
f 10295 9365 10155
f 10325 10296 9997
f 10296 5595 9997
f 10297 9333 9314
f 10297 5287 9333
f 10363 9373 10244
f 10298 10008 9373
f 10299 9953 5661
f 10299 9331 9953
f 10300 10224 9952
f 10300 10107 10224
f 10301 10159 10107
f 10301 9417 10159
f 10302 10067 9892
f 10302 5588 10067
f 10303 9818 9345
f 10303 10052 9818
f 10304 9997 5595
f 10304 9449 9997
f 10305 9327 5661
f 10305 9543 9327
f 10306 9333 5287
f 10306 9341 9333
f 10307 5583 9443
f 10307 9443 9446
f 10308 10196 5596
f 10308 9449 10196
f 10309 10220 10131
f 10309 5592 10220
f 10310 10288 10124
f 10310 9404 10288
f 10311 10155 5582
f 10311 9434 10155
f 10312 10139 9397
f 10312 10001 10139
f 10313 10215 9953
f 10313 5591 10215
f 10314 9458 9443
f 10314 5344 9458
f 10315 10224 5589
f 10315 10112 10224
f 10316 10092 9996
f 10383 5659 10092
f 10317 9368 5584
f 10317 5583 9368
f 10318 9472 5585
f 10318 9443 9472
f 10319 9667 5417
f 10319 9664 9667
f 10320 10260 9999
f 10320 10114 10260
f 10321 10123 9956
f 10321 10116 10123
f 10322 10091 5347
f 10322 9364 10091
f 10323 10159 9956
f 10323 10013 10159
f 10324 10228 5579
f 10324 10116 10228
f 10325 10214 9397
f 10325 9997 10214
f 10326 10036 5414
f 10326 9983 10036
f 10327 10074 4996
f 10327 4996 4878
f 10328 10229 5589
f 10328 10107 10229
f 10329 9308 9331
f 10329 9331 9544
f 10330 10110 5596
f 10330 9993 10110
f 10331 10298 9373
f 10331 9804 10298
f 10332 9717 9317
f 10332 9336 9717
f 10333 10274 9397
f 10333 9995 10274
f 10334 10067 5587
f 10334 9892 10067
f 10335 10308 5596
f 10335 9997 10308
f 10336 10202 10022
f 10336 10066 10202
f 10337 10207 9952
f 10337 10114 10207
f 10338 9353 5584
f 10338 9326 9353
f 10339 10275 9999
f 10339 10124 10275
f 10340 356 10043
f 10340 4235 356
f 10341 5575 9958
f 10341 10014 5575
f 10342 10227 10038
f 10342 10056 10227
f 10343 9305 9303
f 10343 5665 9305
f 10344 9448 9434
f 10344 5345 9448
f 10345 9327 5662
f 10345 9336 9327
f 10346 4258 10051
f 10346 357 4258
f 10347 10152 9895
f 10347 10070 10152
f 10348 10215 5591
f 10348 10010 10215
f 10349 10226 10120
f 10349 5346 10226
f 10350 9816 9317
f 10350 9323 9816
f 10351 5364 9308
f 10351 9349 5364
f 10352 9804 10059
f 10352 10059 10095
f 10353 10294 10024
f 10353 5593 10294
f 10354 10244 9373
f 10354 5346 10244
f 10355 9360 5591
f 10355 9331 9360
f 10356 10251 9952
f 10356 10112 10251
f 10357 9405 5631
f 10357 9886 9405
f 10358 9356 5357
f 10358 9681 9356
f 10359 5662 9327
f 10359 9547 5662
f 10360 9894 5659
f 10360 9547 9894
f 10361 9345 5661
f 10361 5661 9953
f 10362 9742 5633
f 10362 9382 9742
f 5233 4506 9694
f 10363 10331 9373
f 10363 10059 10331
f 10364 10172 9374
f 10364 10046 10172
f 10365 10091 9364
f 10365 9818 10091
f 10366 9381 9879
f 10366 9879 10045
f 10367 10178 5347
f 10367 10058 10178
f 10368 9663 31
f 10368 9453 9663
f 10369 10252 5592
f 10369 10095 10252
f 10370 9890 9505
f 10370 5364 9890
f 10371 9815 9362
f 10371 5634 9815
f 10372 10091 10052
f 10372 5347 10091
f 10373 9327 9543
f 10373 9543 9894
f 10374 9894 9543
f 10374 5659 9894
f 10375 10361 10215
f 10375 9345 10361
f 10376 10127 9371
f 10376 10058 10127
f 10377 5660 9308
f 10377 9538 5660
f 10378 5660 9333
f 10378 9360 5660
f 10379 10223 9314
f 10379 5660 10223
f 10380 9515 9302
f 10380 9317 9515
f 10381 10305 5661
f 10381 9996 10305
f 10382 9455 9318
f 10382 5663 9455
f 10383 10316 9364
f 10383 10092 10316
f 10384 10257 9365
f 10384 5287 10257
f 10385 10199 10008
f 10385 5591 10199
f 10386 10128 5593
f 10386 9341 10128
f 10387 9988 5415
f 10387 9885 9988
f 10388 9610 5522
f 10388 5277 9610
f 10389 9951 147
f 10389 9889 9951
f 10390 9867 43
f 10390 5425 9867
f 10391 9877 149
f 10391 5426 9877
f 10392 9887 14
f 10392 5415 9887
f 10393 9981 9885
f 10393 5304 9981
f 10394 9982 5418
f 10394 5416 9982
f 10395 9864 5437
f 10395 5436 9864
f 10396 9864 5304
f 10398 10396 5438
f 10397 9992 147
f 10397 147 42
f 10398 5438 5437
f 10398 5437 9864
