# Blender 5.1.1
# www.blender.org
mtllib lamptique.mtl
o Lamp
v -0.031600 0.714821 -0.011170
v -0.103078 0.714821 -0.011170
v -0.031600 0.706922 -0.007899
v -0.103078 0.706922 -0.007899
v -0.031600 0.703650 -0.000000
v -0.103078 0.703650 -0.000000
v -0.031600 0.706922 0.007899
v -0.103078 0.706922 0.007899
v -0.031600 0.714821 0.011170
v -0.103078 0.714821 0.011170
v -0.031600 0.722719 0.007899
v -0.103078 0.722719 0.007899
v -0.031600 0.725991 -0.000000
v -0.103078 0.725991 -0.000000
v -0.031600 0.722719 -0.007899
v -0.103078 0.722719 -0.007899
v -0.133690 0.710046 -0.011170
v -0.129741 0.703205 -0.007899
v -0.128105 0.700372 -0.000000
v -0.129741 0.703205 0.007899
v -0.133690 0.710046 0.011170
v -0.137640 0.716886 0.007899
v -0.139275 0.719719 -0.000000
v -0.137640 0.716886 -0.007899
v -0.157814 0.690604 -0.011170
v -0.150973 0.686655 -0.007899
v -0.148140 0.685019 -0.000000
v -0.150973 0.686655 0.007899
v -0.157814 0.690604 0.011170
v -0.164654 0.694554 0.007899
v -0.167487 0.696190 -0.000000
v -0.164654 0.694554 -0.007899
v -0.157814 0.661706 -0.000000
v -0.161086 0.661706 0.007899
v -0.180155 0.661706 -0.000000
v -0.168985 0.661706 -0.011170
v -0.176883 0.661706 -0.007899
v -0.176883 0.661706 0.007899
v -0.168985 0.661706 0.011170
v -0.161086 0.661706 -0.007899
v -0.173760 0.631094 -0.011170
v -0.180600 0.635043 -0.007899
v -0.183433 0.636679 -0.000000
v -0.180600 0.635043 0.007899
v -0.173760 0.631094 0.011170
v -0.166919 0.627144 0.007899
v -0.164086 0.625509 -0.000000
v -0.166919 0.627144 -0.007899
v -0.193201 0.606970 -0.011170
v -0.197150 0.613811 -0.007899
v -0.198786 0.616644 -0.000000
v -0.197150 0.613811 0.007899
v -0.193201 0.606970 0.011170
v -0.189252 0.600130 0.007899
v -0.187616 0.597297 -0.000000
v -0.189252 0.600130 -0.007899
v -0.222099 0.595799 -0.011170
v -0.222099 0.603698 -0.007899
v -0.222099 0.606970 -0.000000
v -0.222099 0.603698 0.007899
v -0.222099 0.595799 0.011170
v -0.222099 0.587901 0.007899
v -0.222099 0.584629 -0.000000
v -0.222099 0.587901 -0.007899
v -0.290044 0.753319 -0.052966
v -0.259464 0.753319 -0.061160
v -0.259464 0.510900 -0.037995
v -0.259464 0.739343 -0.037995
v -0.278461 0.510900 -0.032905
v -0.278461 0.739343 -0.032905
v -0.292368 0.510900 -0.018997
v -0.292368 0.739343 -0.018997
v -0.297459 0.510900 0.000000
v -0.297459 0.739343 0.000000
v -0.292368 0.510900 0.018998
v -0.292368 0.739343 0.018998
v -0.278461 0.510900 0.032905
v -0.278461 0.739343 0.032905
v -0.259464 0.510900 0.037995
v -0.259464 0.739343 0.037995
v -0.240466 0.510900 0.032905
v -0.240466 0.739343 0.032905
v -0.226559 0.510900 0.018998
v -0.226559 0.739343 0.018998
v -0.221469 0.510900 0.000000
v -0.221469 0.739343 0.000000
v -0.226559 0.510900 -0.018997
v -0.226559 0.739343 -0.018997
v -0.240466 0.510900 -0.032905
v -0.240466 0.739343 -0.032905
v -0.312430 0.753319 -0.030580
v -0.320623 0.753319 0.000000
v -0.312430 0.753319 0.030580
v -0.290044 0.753319 0.052966
v -0.259464 0.753319 0.061160
v -0.228884 0.753319 0.052966
v -0.206498 0.753319 0.030580
v -0.198304 0.753319 0.000000
v -0.206498 0.753319 -0.030580
v -0.228884 0.753319 -0.052966
v -0.290044 0.772535 -0.052966
v -0.259464 0.772535 -0.061160
v -0.312430 0.772535 -0.030580
v -0.320623 0.772535 0.000000
v -0.312430 0.772535 0.030580
v -0.290044 0.772535 0.052966
v -0.259464 0.772535 0.061160
v -0.228884 0.772535 0.052966
v -0.206498 0.772535 0.030580
v -0.198304 0.772535 0.000000
v -0.206498 0.772535 -0.030580
v -0.228884 0.772535 -0.052966
v -0.281574 0.772535 -0.038297
v -0.259464 0.772535 -0.044221
v -0.297761 0.772535 -0.022111
v -0.303685 0.772535 0.000000
v -0.297761 0.772535 0.022111
v -0.281574 0.772535 0.038297
v -0.259464 0.772535 0.044222
v -0.237353 0.772535 0.038297
v -0.221167 0.772535 0.022111
v -0.215242 0.772535 0.000000
v -0.221167 0.772535 -0.022111
v -0.237353 0.772535 -0.038297
v -0.281574 0.787822 -0.038297
v -0.259464 0.787822 -0.044221
v -0.297761 0.787822 -0.022111
v -0.303685 0.787822 0.000000
v -0.297761 0.787822 0.022111
v -0.281574 0.787822 0.038297
v -0.259464 0.787822 0.044222
v -0.237353 0.787822 0.038297
v -0.221167 0.787822 0.022111
v -0.215242 0.787822 0.000000
v -0.221167 0.787822 -0.022111
v -0.237353 0.787822 -0.038297
v -0.283096 0.790442 -0.040933
v -0.259464 0.790442 -0.047265
v -0.300397 0.790442 -0.023633
v -0.306729 0.790442 0.000000
v -0.300397 0.790442 0.023633
v -0.283096 0.790442 0.040933
v -0.259464 0.790442 0.047266
v -0.235831 0.790442 0.040933
v -0.218530 0.790442 0.023633
v -0.212198 0.790442 0.000000
v -0.218530 0.790442 -0.023633
v -0.235831 0.790442 -0.040933
v -0.280755 0.793062 -0.036878
v -0.259464 0.793062 -0.042583
v -0.296342 0.793062 -0.021292
v -0.302047 0.793062 0.000000
v -0.296342 0.793062 0.021292
v -0.280755 0.793062 0.036878
v -0.259464 0.793062 0.042584
v -0.238172 0.793062 0.036879
v -0.222585 0.793062 0.021292
v -0.216880 0.793062 0.000000
v -0.222585 0.793062 -0.021292
v -0.238172 0.793062 -0.036878
v -0.283084 0.795246 -0.040912
v -0.259464 0.795246 -0.047241
v -0.300375 0.795246 -0.023620
v -0.306704 0.795246 0.000000
v -0.300375 0.795246 0.023621
v -0.283084 0.795246 0.040912
v -0.259464 0.795246 0.047241
v -0.235843 0.795246 0.040912
v -0.218552 0.795246 0.023621
v -0.212223 0.795246 0.000000
v -0.218552 0.795246 -0.023620
v -0.235843 0.795246 -0.040912
v -0.283084 0.802671 -0.040912
v -0.259464 0.802671 -0.047241
v -0.300375 0.802671 -0.023620
v -0.306704 0.802671 0.000000
v -0.300375 0.802671 0.023621
v -0.283084 0.802671 0.040912
v -0.259464 0.802671 0.047241
v -0.235843 0.802671 0.040912
v -0.218552 0.802671 0.023621
v -0.212223 0.802671 0.000000
v -0.218552 0.802671 -0.023620
v -0.235843 0.802671 -0.040912
v -0.288337 0.808349 -0.050011
v -0.259464 0.808349 -0.057747
v -0.309474 0.808349 -0.028874
v -0.317211 0.808349 0.000000
v -0.309474 0.808349 0.028874
v -0.288337 0.808349 0.050011
v -0.259464 0.808349 0.057748
v -0.230590 0.808349 0.050011
v -0.209453 0.808349 0.028874
v -0.201716 0.808349 0.000000
v -0.209453 0.808349 -0.028874
v -0.230590 0.808349 -0.050011
v -0.296683 0.838921 -0.064467
v -0.259464 0.838921 -0.074440
v -0.323930 0.838921 -0.037220
v -0.333903 0.838921 0.000000
v -0.323930 0.838921 0.037220
v -0.296683 0.838921 0.064467
v -0.259464 0.838921 0.074440
v -0.222244 0.838921 0.064467
v -0.194997 0.838921 0.037220
v -0.185024 0.838921 0.000000
v -0.194997 0.838921 -0.037220
v -0.222244 0.838921 -0.064467
v -0.286263 0.856391 -0.046418
v -0.259464 0.856391 -0.053599
v -0.305882 0.856391 -0.026800
v -0.313063 0.856391 0.000000
v -0.305882 0.856391 0.026800
v -0.286263 0.856391 0.046419
v -0.259464 0.856391 0.053600
v -0.232664 0.856391 0.046419
v -0.213045 0.856391 0.026800
v -0.205864 0.856391 0.000000
v -0.213045 0.856391 -0.026800
v -0.232664 0.856391 -0.046418
v -0.286263 0.882159 -0.046418
v -0.259464 0.882159 -0.053599
v -0.305882 0.882159 -0.026800
v -0.313063 0.882159 0.000000
v -0.305882 0.882159 0.026800
v -0.286263 0.882159 0.046419
v -0.259464 0.882159 0.053600
v -0.232664 0.882159 0.046419
v -0.213045 0.882159 0.026800
v -0.205864 0.882159 0.000000
v -0.213045 0.882159 -0.026800
v -0.232664 0.882159 -0.046418
v -0.358217 0.882159 -0.171046
v -0.259464 0.882159 -0.197507
v -0.430510 0.882159 -0.098754
v -0.456971 0.882159 0.000000
v -0.430510 0.882159 0.098754
v -0.358217 0.882159 0.171046
v -0.259464 0.882159 0.197507
v -0.160710 0.882159 0.171046
v -0.088417 0.882159 0.098754
v -0.061956 0.882159 0.000000
v -0.088417 0.882159 -0.098753
v -0.160710 0.882159 -0.171046
v -0.358217 0.904980 -0.171046
v -0.259464 0.904980 -0.197507
v -0.430510 0.904980 -0.098754
v -0.456971 0.904980 0.000000
v -0.430510 0.904980 0.098754
v -0.358217 0.904980 0.171046
v -0.259464 0.904980 0.197507
v -0.160710 0.904980 0.171046
v -0.088417 0.904980 0.098754
v -0.061956 0.904980 0.000000
v -0.088417 0.904980 -0.098753
v -0.160710 0.904980 -0.171046
v -0.259464 0.505805 -0.045292
v -0.282110 0.505805 -0.039224
v -0.298688 0.505805 -0.022646
v -0.304756 0.505805 0.000000
v -0.298688 0.505805 0.022646
v -0.282110 0.505805 0.039224
v -0.259464 0.505805 0.045292
v -0.236818 0.505805 0.039224
v -0.220240 0.505805 0.022646
v -0.214172 0.505805 0.000000
v -0.220240 0.505805 -0.022646
v -0.236818 0.505805 -0.039224
v -0.259464 0.508717 -0.064536
v -0.291731 0.508717 -0.055889
v -0.315353 0.508717 -0.032268
v -0.323999 0.508717 0.000000
v -0.315353 0.508717 0.032268
v -0.291731 0.508717 0.055890
v -0.259464 0.508717 0.064536
v -0.227196 0.508717 0.055890
v -0.203574 0.508717 0.032268
v -0.194928 0.508717 0.000000
v -0.203574 0.508717 -0.032268
v -0.227196 0.508717 -0.055889
v -0.259464 0.501802 -0.053023
v -0.285975 0.501802 -0.045919
v -0.305383 0.501802 -0.026511
v -0.312487 0.501802 0.000000
v -0.305383 0.501802 0.026512
v -0.285975 0.501802 0.045919
v -0.259464 0.501802 0.053023
v -0.232952 0.501802 0.045919
v -0.213544 0.501802 0.026512
v -0.206441 0.501802 0.000000
v -0.213544 0.501802 -0.026511
v -0.232952 0.501802 -0.045919
v -0.259464 0.493068 -0.044118
v -0.281522 0.493068 -0.038207
v -0.297671 0.493068 -0.022059
v -0.303581 0.493068 0.000000
v -0.297671 0.493068 0.022059
v -0.281522 0.493068 0.038207
v -0.259464 0.493068 0.044118
v -0.237405 0.493068 0.038207
v -0.221256 0.493068 0.022059
v -0.215346 0.493068 0.000000
v -0.221256 0.493068 -0.022059
v -0.237405 0.493068 -0.038207
v -0.259464 0.492704 -0.042340
v -0.280634 0.492704 -0.036667
v -0.296131 0.492704 -0.021170
v -0.301803 0.492704 0.000000
v -0.296131 0.492704 0.021170
v -0.280634 0.492704 0.036668
v -0.259464 0.492704 0.042340
v -0.238294 0.492704 0.036668
v -0.222796 0.492704 0.021170
v -0.217124 0.492704 0.000000
v -0.222796 0.492704 -0.021170
v -0.238294 0.492704 -0.036667
v -0.259464 0.452306 -0.013589
v -0.266258 0.452306 -0.011768
v -0.271232 0.452306 -0.006794
v -0.273052 0.452306 0.000000
v -0.271232 0.452306 0.006795
v -0.266258 0.452306 0.011768
v -0.259464 0.452306 0.013589
v -0.252669 0.452306 0.011768
v -0.247695 0.452306 0.006795
v -0.245875 0.452306 0.000000
v -0.247695 0.452306 -0.006794
v -0.252669 0.452306 -0.011768
v -0.241221 0.479784 -0.031597
v -0.259464 0.479784 -0.036485
v -0.227867 0.479784 -0.018242
v -0.222979 0.479784 0.000000
v -0.227867 0.479784 0.018242
v -0.241221 0.479784 0.031597
v -0.259464 0.479784 0.036485
v -0.277706 0.479784 0.031597
v -0.291060 0.479784 0.018242
v -0.295948 0.479784 0.000000
v -0.291060 0.479784 -0.018242
v -0.277706 0.479784 -0.031597
v -0.259464 0.466045 -0.028254
v -0.245337 0.466045 -0.024468
v -0.234995 0.466045 -0.014127
v -0.231210 0.466045 0.000000
v -0.234995 0.466045 0.014127
v -0.245337 0.466045 0.024469
v -0.259464 0.466045 0.028254
v -0.273590 0.466045 0.024469
v -0.283932 0.466045 0.014127
v -0.287717 0.466045 0.000000
v -0.283932 0.466045 -0.014127
v -0.273590 0.466045 -0.024468
v -0.259464 0.448667 -0.013589
v -0.266258 0.448667 -0.011768
v -0.271232 0.448667 -0.006794
v -0.273052 0.448667 0.000000
v -0.271232 0.448667 0.006795
v -0.266258 0.448667 0.011768
v -0.259464 0.448667 0.013589
v -0.252669 0.448667 0.011768
v -0.247695 0.448667 0.006795
v -0.245875 0.448667 0.000000
v -0.247695 0.448667 -0.006794
v -0.252669 0.448667 -0.011768
v -0.259464 0.441024 -0.006903
v -0.262915 0.441024 -0.005978
v -0.265442 0.441024 -0.003452
v -0.266367 0.441024 0.000000
v -0.265442 0.441024 0.003452
v -0.262915 0.441024 0.005979
v -0.259464 0.441024 0.006904
v -0.256012 0.441024 0.005979
v -0.253485 0.441024 0.003452
v -0.252560 0.441024 0.000000
v -0.253485 0.441024 -0.003452
v -0.256012 0.441024 -0.005978
v -0.259464 0.425375 -0.006903
v -0.262915 0.425375 -0.005978
v -0.265442 0.425375 -0.003452
v -0.266367 0.425375 0.000000
v -0.265442 0.425375 0.003452
v -0.262915 0.425375 0.005979
v -0.259464 0.425375 0.006904
v -0.256012 0.425375 0.005979
v -0.253485 0.425375 0.003452
v -0.252560 0.425375 0.000000
v -0.253485 0.425375 -0.003452
v -0.256012 0.425375 -0.005978
v -0.253897 0.430591 -0.009642
v -0.253897 0.435808 -0.009642
v -0.259464 0.435808 -0.011133
v -0.259464 0.430591 -0.011133
v -0.249822 0.430591 -0.005567
v -0.249822 0.435808 -0.005567
v -0.248330 0.430591 0.000000
v -0.248330 0.435808 0.000000
v -0.249822 0.430591 0.005567
v -0.249822 0.435808 0.005567
v -0.253897 0.430591 0.009642
v -0.253897 0.435808 0.009642
v -0.259464 0.430591 0.011134
v -0.259464 0.435808 0.011134
v -0.265030 0.430591 0.009642
v -0.265030 0.435808 0.009642
v -0.269105 0.430591 0.005567
v -0.269105 0.435808 0.005567
v -0.270597 0.430591 0.000000
v -0.270597 0.435808 0.000000
v -0.269105 0.430591 -0.005567
v -0.269105 0.435808 -0.005567
v -0.265030 0.430591 -0.009642
v -0.265030 0.435808 -0.009642
v -0.348040 0.904980 -0.153418
v -0.259464 0.904980 -0.177152
v -0.412882 0.904980 -0.088576
v -0.436616 0.904980 0.000000
v -0.412882 0.904980 0.088576
v -0.348040 0.904980 0.153418
v -0.259464 0.904980 0.177152
v -0.170887 0.904980 0.153418
v -0.106045 0.904980 0.088576
v -0.082312 0.904980 0.000000
v -0.106045 0.904980 -0.088576
v -0.170887 0.904980 -0.153418
v -0.365205 0.944102 -0.183150
v -0.259464 0.944102 -0.211483
v -0.442614 0.944102 -0.105742
v -0.470947 0.944102 0.000000
v -0.442614 0.944102 0.105742
v -0.365205 0.944102 0.183150
v -0.259464 0.944102 0.211484
v -0.153722 0.944102 0.183150
v -0.076313 0.944102 0.105742
v -0.047980 0.944102 0.000000
v -0.076313 0.944102 -0.105742
v -0.153721 0.944102 -0.183150
v -0.294748 1.113627 -0.061115
v -0.259464 1.113627 -0.070570
v -0.320579 1.113627 -0.035285
v -0.330033 1.113627 0.000000
v -0.320579 1.113627 0.035285
v -0.294748 1.113627 0.061115
v -0.259464 1.113627 0.070570
v -0.224179 1.113627 0.061115
v -0.198348 1.113627 0.035285
v -0.188894 1.113627 0.000000
v -0.198348 1.113627 -0.035285
v -0.224179 1.113627 -0.061115
v -0.334630 1.057118 -0.130191
v -0.356068 1.000610 -0.167323
v -0.259464 1.000610 -0.193208
v -0.259464 1.057118 -0.150332
v -0.389655 1.057118 -0.075166
v -0.426787 1.000610 -0.096604
v -0.409796 1.057118 0.000000
v -0.452672 1.000610 0.000000
v -0.389655 1.057118 0.075166
v -0.426787 1.000610 0.096604
v -0.334630 1.057118 0.130192
v -0.356068 1.000610 0.167323
v -0.259464 1.057118 0.150332
v -0.259464 1.000610 0.193209
v -0.184297 1.057118 0.130192
v -0.162859 1.000610 0.167324
v -0.129272 1.057118 0.075166
v -0.092140 1.000610 0.096604
v -0.109131 1.057118 0.000000
v -0.066255 1.000610 0.000000
v -0.129272 1.057118 -0.075166
v -0.092140 1.000610 -0.096604
v -0.184297 1.057118 -0.130191
v -0.162859 1.000610 -0.167323
v -0.298791 1.143813 -0.068117
v -0.259464 1.143813 -0.078655
v -0.327580 1.143813 -0.039327
v -0.338118 1.143813 0.000000
v -0.327580 1.143813 0.039327
v -0.298791 1.143813 0.068117
v -0.259464 1.143813 0.078655
v -0.220136 1.143813 0.068117
v -0.191347 1.143813 0.039328
v -0.180809 1.143813 0.000000
v -0.191347 1.143813 -0.039327
v -0.220136 1.143813 -0.068117
v -0.292472 1.164943 -0.057173
v -0.259464 1.164943 -0.066017
v -0.316636 1.164943 -0.033009
v -0.325481 1.164943 0.000000
v -0.316636 1.164943 0.033009
v -0.292472 1.164943 0.057173
v -0.259464 1.164943 0.066018
v -0.226455 1.164943 0.057173
v -0.202291 1.164943 0.033009
v -0.193446 1.164943 0.000000
v -0.202291 1.164943 -0.033009
v -0.226455 1.164943 -0.057173
v -0.303164 1.189846 -0.075692
v -0.259464 1.189846 -0.087401
v -0.335155 1.189846 -0.043701
v -0.346865 1.189846 0.000000
v -0.335155 1.189846 0.043701
v -0.303164 1.189846 0.075692
v -0.259464 1.189846 0.087402
v -0.215763 1.189846 0.075692
v -0.183772 1.189846 0.043701
v -0.172062 1.189846 0.000000
v -0.183772 1.189846 -0.043701
v -0.215763 1.189846 -0.075692
v -0.303164 1.210222 -0.075692
v -0.259464 1.210222 -0.087401
v -0.335155 1.210222 -0.043701
v -0.346865 1.210222 0.000000
v -0.335155 1.210222 0.043701
v -0.303164 1.210222 0.075692
v -0.259464 1.210222 0.087402
v -0.215763 1.210222 0.075692
v -0.183772 1.210222 0.043701
v -0.172062 1.210222 0.000000
v -0.183772 1.210222 -0.043701
v -0.215763 1.210222 -0.075692
v -0.298319 1.217014 -0.067300
v -0.259464 1.217014 -0.077711
v -0.326763 1.217014 -0.038855
v -0.337175 1.217014 0.000000
v -0.326763 1.217014 0.038856
v -0.298319 1.217014 0.067300
v -0.259464 1.217014 0.077711
v -0.220608 1.217014 0.067300
v -0.192164 1.217014 0.038856
v -0.181752 1.217014 0.000000
v -0.192164 1.217014 -0.038855
v -0.220608 1.217014 -0.067300
v 0.031600 0.714821 -0.011170
v 0.103078 0.714821 -0.011170
v 0.031600 0.706922 -0.007899
v 0.103078 0.706922 -0.007899
v 0.031600 0.703650 -0.000000
v 0.103078 0.703650 -0.000000
v 0.031600 0.706922 0.007899
v 0.103078 0.706922 0.007899
v 0.031600 0.714821 0.011170
v 0.103078 0.714821 0.011170
v 0.031600 0.722719 0.007899
v 0.103078 0.722719 0.007899
v 0.031600 0.725991 -0.000000
v 0.103078 0.725991 -0.000000
v 0.031600 0.722719 -0.007899
v 0.103078 0.722719 -0.007899
v 0.133690 0.710046 -0.011170
v 0.129741 0.703205 -0.007899
v 0.128105 0.700372 -0.000000
v 0.129741 0.703205 0.007899
v 0.133690 0.710046 0.011170
v 0.137640 0.716886 0.007899
v 0.139275 0.719719 -0.000000
v 0.137640 0.716886 -0.007899
v 0.157814 0.690604 -0.011170
v 0.150973 0.686655 -0.007899
v 0.148140 0.685019 -0.000000
v 0.150973 0.686655 0.007899
v 0.157814 0.690604 0.011170
v 0.164654 0.694554 0.007899
v 0.167487 0.696190 -0.000000
v 0.164654 0.694554 -0.007899
v 0.157814 0.661706 -0.000000
v 0.161086 0.661706 0.007899
v 0.180155 0.661706 -0.000000
v 0.168985 0.661706 -0.011170
v 0.176883 0.661706 -0.007899
v 0.176883 0.661706 0.007899
v 0.168985 0.661706 0.011170
v 0.161086 0.661706 -0.007899
v 0.173760 0.631094 -0.011170
v 0.180600 0.635043 -0.007899
v 0.183433 0.636679 -0.000000
v 0.180600 0.635043 0.007899
v 0.173760 0.631094 0.011170
v 0.166919 0.627144 0.007899
v 0.164086 0.625509 -0.000000
v 0.166919 0.627144 -0.007899
v 0.193201 0.606970 -0.011170
v 0.197150 0.613811 -0.007899
v 0.198786 0.616644 -0.000000
v 0.197150 0.613811 0.007899
v 0.193201 0.606970 0.011170
v 0.189252 0.600130 0.007899
v 0.187616 0.597297 -0.000000
v 0.189252 0.600130 -0.007899
v 0.222099 0.595799 -0.011170
v 0.222099 0.603698 -0.007899
v 0.222099 0.606970 -0.000000
v 0.222099 0.603698 0.007899
v 0.222099 0.595799 0.011170
v 0.222099 0.587901 0.007899
v 0.222099 0.584629 -0.000000
v 0.222099 0.587901 -0.007899
v 0.290044 0.753319 -0.052966
v 0.259464 0.753319 -0.061160
v 0.259464 0.510900 -0.037995
v 0.259464 0.739343 -0.037995
v 0.278461 0.510900 -0.032905
v 0.278461 0.739343 -0.032905
v 0.292368 0.510900 -0.018997
v 0.292368 0.739343 -0.018997
v 0.297459 0.510900 0.000000
v 0.297459 0.739343 0.000000
v 0.292368 0.510900 0.018998
v 0.292368 0.739343 0.018998
v 0.278461 0.510900 0.032905
v 0.278461 0.739343 0.032905
v 0.259464 0.510900 0.037995
v 0.259464 0.739343 0.037995
v 0.240466 0.510900 0.032905
v 0.240466 0.739343 0.032905
v 0.226559 0.510900 0.018998
v 0.226559 0.739343 0.018998
v 0.221469 0.510900 0.000000
v 0.221469 0.739343 0.000000
v 0.226559 0.510900 -0.018997
v 0.226559 0.739343 -0.018997
v 0.240466 0.510900 -0.032905
v 0.240466 0.739343 -0.032905
v 0.312430 0.753319 -0.030580
v 0.320623 0.753319 0.000000
v 0.312430 0.753319 0.030580
v 0.290044 0.753319 0.052966
v 0.259464 0.753319 0.061160
v 0.228884 0.753319 0.052966
v 0.206498 0.753319 0.030580
v 0.198304 0.753319 0.000000
v 0.206498 0.753319 -0.030580
v 0.228884 0.753319 -0.052966
v 0.290044 0.772535 -0.052966
v 0.259464 0.772535 -0.061160
v 0.312430 0.772535 -0.030580
v 0.320623 0.772535 0.000000
v 0.312430 0.772535 0.030580
v 0.290044 0.772535 0.052966
v 0.259464 0.772535 0.061160
v 0.228884 0.772535 0.052966
v 0.206498 0.772535 0.030580
v 0.198304 0.772535 0.000000
v 0.206498 0.772535 -0.030580
v 0.228884 0.772535 -0.052966
v 0.281574 0.772535 -0.038297
v 0.259464 0.772535 -0.044221
v 0.297761 0.772535 -0.022111
v 0.303685 0.772535 0.000000
v 0.297761 0.772535 0.022111
v 0.281574 0.772535 0.038297
v 0.259464 0.772535 0.044222
v 0.237353 0.772535 0.038297
v 0.221167 0.772535 0.022111
v 0.215242 0.772535 0.000000
v 0.221167 0.772535 -0.022111
v 0.237353 0.772535 -0.038297
v 0.281574 0.787822 -0.038297
v 0.259464 0.787822 -0.044221
v 0.297761 0.787822 -0.022111
v 0.303685 0.787822 0.000000
v 0.297761 0.787822 0.022111
v 0.281574 0.787822 0.038297
v 0.259464 0.787822 0.044222
v 0.237353 0.787822 0.038297
v 0.221167 0.787822 0.022111
v 0.215242 0.787822 0.000000
v 0.221167 0.787822 -0.022111
v 0.237353 0.787822 -0.038297
v 0.283096 0.790442 -0.040933
v 0.259464 0.790442 -0.047265
v 0.300397 0.790442 -0.023633
v 0.306729 0.790442 0.000000
v 0.300397 0.790442 0.023633
v 0.283096 0.790442 0.040933
v 0.259464 0.790442 0.047266
v 0.235831 0.790442 0.040933
v 0.218530 0.790442 0.023633
v 0.212198 0.790442 0.000000
v 0.218530 0.790442 -0.023633
v 0.235831 0.790442 -0.040933
v 0.280755 0.793062 -0.036878
v 0.259464 0.793062 -0.042583
v 0.296342 0.793062 -0.021292
v 0.302047 0.793062 0.000000
v 0.296342 0.793062 0.021292
v 0.280755 0.793062 0.036878
v 0.259464 0.793062 0.042584
v 0.238172 0.793062 0.036879
v 0.222585 0.793062 0.021292
v 0.216880 0.793062 0.000000
v 0.222585 0.793062 -0.021292
v 0.238172 0.793062 -0.036878
v 0.283084 0.795246 -0.040912
v 0.259464 0.795246 -0.047241
v 0.300375 0.795246 -0.023620
v 0.306704 0.795246 0.000000
v 0.300375 0.795246 0.023621
v 0.283084 0.795246 0.040912
v 0.259464 0.795246 0.047241
v 0.235843 0.795246 0.040912
v 0.218552 0.795246 0.023621
v 0.212223 0.795246 0.000000
v 0.218552 0.795246 -0.023620
v 0.235843 0.795246 -0.040912
v 0.283084 0.802671 -0.040912
v 0.259464 0.802671 -0.047241
v 0.300375 0.802671 -0.023620
v 0.306704 0.802671 0.000000
v 0.300375 0.802671 0.023621
v 0.283084 0.802671 0.040912
v 0.259464 0.802671 0.047241
v 0.235843 0.802671 0.040912
v 0.218552 0.802671 0.023621
v 0.212223 0.802671 0.000000
v 0.218552 0.802671 -0.023620
v 0.235843 0.802671 -0.040912
v 0.288337 0.808349 -0.050011
v 0.259464 0.808349 -0.057747
v 0.309474 0.808349 -0.028874
v 0.317211 0.808349 0.000000
v 0.309474 0.808349 0.028874
v 0.288337 0.808349 0.050011
v 0.259464 0.808349 0.057748
v 0.230590 0.808349 0.050011
v 0.209453 0.808349 0.028874
v 0.201716 0.808349 0.000000
v 0.209453 0.808349 -0.028874
v 0.230590 0.808349 -0.050011
v 0.296683 0.838921 -0.064467
v 0.259464 0.838921 -0.074440
v 0.323930 0.838921 -0.037220
v 0.333903 0.838921 0.000000
v 0.323930 0.838921 0.037220
v 0.296683 0.838921 0.064467
v 0.259464 0.838921 0.074440
v 0.222244 0.838921 0.064467
v 0.194997 0.838921 0.037220
v 0.185024 0.838921 0.000000
v 0.194997 0.838921 -0.037220
v 0.222244 0.838921 -0.064467
v 0.286263 0.856391 -0.046418
v 0.259464 0.856391 -0.053599
v 0.305882 0.856391 -0.026800
v 0.313063 0.856391 0.000000
v 0.305882 0.856391 0.026800
v 0.286263 0.856391 0.046419
v 0.259464 0.856391 0.053600
v 0.232664 0.856391 0.046419
v 0.213045 0.856391 0.026800
v 0.205864 0.856391 0.000000
v 0.213045 0.856391 -0.026800
v 0.232664 0.856391 -0.046418
v 0.286263 0.882159 -0.046418
v 0.259464 0.882159 -0.053599
v 0.305882 0.882159 -0.026800
v 0.313063 0.882159 0.000000
v 0.305882 0.882159 0.026800
v 0.286263 0.882159 0.046419
v 0.259464 0.882159 0.053600
v 0.232664 0.882159 0.046419
v 0.213045 0.882159 0.026800
v 0.205864 0.882159 0.000000
v 0.213045 0.882159 -0.026800
v 0.232664 0.882159 -0.046418
v 0.358217 0.882159 -0.171046
v 0.259464 0.882159 -0.197507
v 0.430510 0.882159 -0.098754
v 0.456971 0.882159 0.000000
v 0.430510 0.882159 0.098754
v 0.358217 0.882159 0.171046
v 0.259464 0.882159 0.197507
v 0.160710 0.882159 0.171046
v 0.088417 0.882159 0.098754
v 0.061956 0.882159 0.000000
v 0.088417 0.882159 -0.098753
v 0.160710 0.882159 -0.171046
v 0.358217 0.904980 -0.171046
v 0.259464 0.904980 -0.197507
v 0.430510 0.904980 -0.098754
v 0.456971 0.904980 0.000000
v 0.430510 0.904980 0.098754
v 0.358217 0.904980 0.171046
v 0.259464 0.904980 0.197507
v 0.160710 0.904980 0.171046
v 0.088417 0.904980 0.098754
v 0.061956 0.904980 0.000000
v 0.088417 0.904980 -0.098753
v 0.160710 0.904980 -0.171046
v 0.259464 0.505805 -0.045292
v 0.282110 0.505805 -0.039224
v 0.298688 0.505805 -0.022646
v 0.304756 0.505805 0.000000
v 0.298688 0.505805 0.022646
v 0.282110 0.505805 0.039224
v 0.259464 0.505805 0.045292
v 0.236818 0.505805 0.039224
v 0.220240 0.505805 0.022646
v 0.214172 0.505805 0.000000
v 0.220240 0.505805 -0.022646
v 0.236818 0.505805 -0.039224
v 0.259464 0.508717 -0.064536
v 0.291731 0.508717 -0.055889
v 0.315353 0.508717 -0.032268
v 0.323999 0.508717 0.000000
v 0.315353 0.508717 0.032268
v 0.291731 0.508717 0.055890
v 0.259464 0.508717 0.064536
v 0.227196 0.508717 0.055890
v 0.203574 0.508717 0.032268
v 0.194928 0.508717 0.000000
v 0.203574 0.508717 -0.032268
v 0.227196 0.508717 -0.055889
v 0.259464 0.501802 -0.053023
v 0.285975 0.501802 -0.045919
v 0.305383 0.501802 -0.026511
v 0.312487 0.501802 0.000000
v 0.305383 0.501802 0.026512
v 0.285975 0.501802 0.045919
v 0.259464 0.501802 0.053023
v 0.232952 0.501802 0.045919
v 0.213544 0.501802 0.026512
v 0.206441 0.501802 0.000000
v 0.213544 0.501802 -0.026511
v 0.232952 0.501802 -0.045919
v 0.259464 0.493068 -0.044118
v 0.281522 0.493068 -0.038207
v 0.297671 0.493068 -0.022059
v 0.303581 0.493068 0.000000
v 0.297671 0.493068 0.022059
v 0.281522 0.493068 0.038207
v 0.259464 0.493068 0.044118
v 0.237405 0.493068 0.038207
v 0.221256 0.493068 0.022059
v 0.215346 0.493068 0.000000
v 0.221256 0.493068 -0.022059
v 0.237405 0.493068 -0.038207
v 0.259464 0.492704 -0.042340
v 0.280634 0.492704 -0.036667
v 0.296131 0.492704 -0.021170
v 0.301803 0.492704 0.000000
v 0.296131 0.492704 0.021170
v 0.280634 0.492704 0.036668
v 0.259464 0.492704 0.042340
v 0.238294 0.492704 0.036668
v 0.222796 0.492704 0.021170
v 0.217124 0.492704 0.000000
v 0.222796 0.492704 -0.021170
v 0.238294 0.492704 -0.036667
v 0.259464 0.452306 -0.013589
v 0.266258 0.452306 -0.011768
v 0.271232 0.452306 -0.006794
v 0.273052 0.452306 0.000000
v 0.271232 0.452306 0.006795
v 0.266258 0.452306 0.011768
v 0.259464 0.452306 0.013589
v 0.252669 0.452306 0.011768
v 0.247695 0.452306 0.006795
v 0.245875 0.452306 0.000000
v 0.247695 0.452306 -0.006794
v 0.252669 0.452306 -0.011768
v 0.241221 0.479784 -0.031597
v 0.259464 0.479784 -0.036485
v 0.227867 0.479784 -0.018242
v 0.222979 0.479784 0.000000
v 0.227867 0.479784 0.018242
v 0.241221 0.479784 0.031597
v 0.259464 0.479784 0.036485
v 0.277706 0.479784 0.031597
v 0.291060 0.479784 0.018242
v 0.295948 0.479784 0.000000
v 0.291060 0.479784 -0.018242
v 0.277706 0.479784 -0.031597
v 0.259464 0.466045 -0.028254
v 0.245337 0.466045 -0.024468
v 0.234995 0.466045 -0.014127
v 0.231210 0.466045 0.000000
v 0.234995 0.466045 0.014127
v 0.245337 0.466045 0.024469
v 0.259464 0.466045 0.028254
v 0.273590 0.466045 0.024469
v 0.283932 0.466045 0.014127
v 0.287717 0.466045 0.000000
v 0.283932 0.466045 -0.014127
v 0.273590 0.466045 -0.024468
v 0.259464 0.448667 -0.013589
v 0.266258 0.448667 -0.011768
v 0.271232 0.448667 -0.006794
v 0.273052 0.448667 0.000000
v 0.271232 0.448667 0.006795
v 0.266258 0.448667 0.011768
v 0.259464 0.448667 0.013589
v 0.252669 0.448667 0.011768
v 0.247695 0.448667 0.006795
v 0.245875 0.448667 0.000000
v 0.247695 0.448667 -0.006794
v 0.252669 0.448667 -0.011768
v 0.259464 0.441024 -0.006903
v 0.262915 0.441024 -0.005978
v 0.265442 0.441024 -0.003452
v 0.266367 0.441024 0.000000
v 0.265442 0.441024 0.003452
v 0.262915 0.441024 0.005979
v 0.259464 0.441024 0.006904
v 0.256012 0.441024 0.005979
v 0.253485 0.441024 0.003452
v 0.252560 0.441024 0.000000
v 0.253485 0.441024 -0.003452
v 0.256012 0.441024 -0.005978
v 0.259464 0.425375 -0.006903
v 0.262915 0.425375 -0.005978
v 0.265442 0.425375 -0.003452
v 0.266367 0.425375 0.000000
v 0.265442 0.425375 0.003452
v 0.262915 0.425375 0.005979
v 0.259464 0.425375 0.006904
v 0.256012 0.425375 0.005979
v 0.253485 0.425375 0.003452
v 0.252560 0.425375 0.000000
v 0.253485 0.425375 -0.003452
v 0.256012 0.425375 -0.005978
v 0.253897 0.430591 -0.009642
v 0.253897 0.435808 -0.009642
v 0.259464 0.435808 -0.011133
v 0.259464 0.430591 -0.011133
v 0.249822 0.430591 -0.005567
v 0.249822 0.435808 -0.005567
v 0.248330 0.430591 0.000000
v 0.248330 0.435808 0.000000
v 0.249822 0.430591 0.005567
v 0.249822 0.435808 0.005567
v 0.253897 0.430591 0.009642
v 0.253897 0.435808 0.009642
v 0.259464 0.430591 0.011134
v 0.259464 0.435808 0.011134
v 0.265030 0.430591 0.009642
v 0.265030 0.435808 0.009642
v 0.269105 0.430591 0.005567
v 0.269105 0.435808 0.005567
v 0.270597 0.430591 0.000000
v 0.270597 0.435808 0.000000
v 0.269105 0.430591 -0.005567
v 0.269105 0.435808 -0.005567
v 0.265030 0.430591 -0.009642
v 0.265030 0.435808 -0.009642
v 0.348040 0.904980 -0.153418
v 0.259464 0.904980 -0.177152
v 0.412882 0.904980 -0.088576
v 0.436616 0.904980 0.000000
v 0.412882 0.904980 0.088576
v 0.348040 0.904980 0.153418
v 0.259464 0.904980 0.177152
v 0.170887 0.904980 0.153418
v 0.106045 0.904980 0.088576
v 0.082312 0.904980 0.000000
v 0.106045 0.904980 -0.088576
v 0.170887 0.904980 -0.153418
v 0.365205 0.944102 -0.183150
v 0.259464 0.944102 -0.211483
v 0.442614 0.944102 -0.105742
v 0.470947 0.944102 0.000000
v 0.442614 0.944102 0.105742
v 0.365205 0.944102 0.183150
v 0.259464 0.944102 0.211484
v 0.153722 0.944102 0.183150
v 0.076313 0.944102 0.105742
v 0.047980 0.944102 0.000000
v 0.076313 0.944102 -0.105742
v 0.153721 0.944102 -0.183150
v 0.294748 1.113627 -0.061115
v 0.259464 1.113627 -0.070570
v 0.320579 1.113627 -0.035285
v 0.330033 1.113627 0.000000
v 0.320579 1.113627 0.035285
v 0.294748 1.113627 0.061115
v 0.259464 1.113627 0.070570
v 0.224179 1.113627 0.061115
v 0.198348 1.113627 0.035285
v 0.188894 1.113627 0.000000
v 0.198348 1.113627 -0.035285
v 0.224179 1.113627 -0.061115
v 0.334630 1.057118 -0.130191
v 0.356068 1.000610 -0.167323
v 0.259464 1.000610 -0.193208
v 0.259464 1.057118 -0.150332
v 0.389655 1.057118 -0.075166
v 0.426787 1.000610 -0.096604
v 0.409796 1.057118 0.000000
v 0.452672 1.000610 0.000000
v 0.389655 1.057118 0.075166
v 0.426787 1.000610 0.096604
v 0.334630 1.057118 0.130192
v 0.356068 1.000610 0.167323
v 0.259464 1.057118 0.150332
v 0.259464 1.000610 0.193209
v 0.184297 1.057118 0.130192
v 0.162859 1.000610 0.167324
v 0.129272 1.057118 0.075166
v 0.092140 1.000610 0.096604
v 0.109131 1.057118 0.000000
v 0.066255 1.000610 0.000000
v 0.129272 1.057118 -0.075166
v 0.092140 1.000610 -0.096604
v 0.184297 1.057118 -0.130191
v 0.162859 1.000610 -0.167323
v 0.298791 1.143813 -0.068117
v 0.259464 1.143813 -0.078655
v 0.327580 1.143813 -0.039327
v 0.338118 1.143813 0.000000
v 0.327580 1.143813 0.039327
v 0.298791 1.143813 0.068117
v 0.259464 1.143813 0.078655
v 0.220136 1.143813 0.068117
v 0.191347 1.143813 0.039328
v 0.180809 1.143813 0.000000
v 0.191347 1.143813 -0.039327
v 0.220136 1.143813 -0.068117
v 0.292472 1.164943 -0.057173
v 0.259464 1.164943 -0.066017
v 0.316636 1.164943 -0.033009
v 0.325481 1.164943 0.000000
v 0.316636 1.164943 0.033009
v 0.292472 1.164943 0.057173
v 0.259464 1.164943 0.066018
v 0.226455 1.164943 0.057173
v 0.202291 1.164943 0.033009
v 0.193446 1.164943 0.000000
v 0.202291 1.164943 -0.033009
v 0.226455 1.164943 -0.057173
v 0.303164 1.189846 -0.075692
v 0.259464 1.189846 -0.087401
v 0.335155 1.189846 -0.043701
v 0.346865 1.189846 0.000000
v 0.335155 1.189846 0.043701
v 0.303164 1.189846 0.075692
v 0.259464 1.189846 0.087402
v 0.215763 1.189846 0.075692
v 0.183772 1.189846 0.043701
v 0.172062 1.189846 0.000000
v 0.183772 1.189846 -0.043701
v 0.215763 1.189846 -0.075692
v 0.303164 1.210222 -0.075692
v 0.259464 1.210222 -0.087401
v 0.335155 1.210222 -0.043701
v 0.346865 1.210222 0.000000
v 0.335155 1.210222 0.043701
v 0.303164 1.210222 0.075692
v 0.259464 1.210222 0.087402
v 0.215763 1.210222 0.075692
v 0.183772 1.210222 0.043701
v 0.172062 1.210222 0.000000
v 0.183772 1.210222 -0.043701
v 0.215763 1.210222 -0.075692
v 0.298319 1.217014 -0.067300
v 0.259464 1.217014 -0.077711
v 0.326763 1.217014 -0.038855
v 0.337175 1.217014 0.000000
v 0.326763 1.217014 0.038856
v 0.298319 1.217014 0.067300
v 0.259464 1.217014 0.077711
v 0.220608 1.217014 0.067300
v 0.192164 1.217014 0.038856
v 0.181752 1.217014 0.000000
v 0.192164 1.217014 -0.038855
v 0.220608 1.217014 -0.067300
v -0.000261 0.750708 -0.008387
v -0.000261 0.973730 -0.008387
v 0.005670 0.750708 -0.005931
v 0.005670 0.973730 -0.005931
v 0.008127 0.750708 -0.000000
v 0.008127 0.973730 -0.000000
v 0.005670 0.750708 0.005931
v 0.005670 0.973730 0.005931
v -0.000261 0.750708 0.008387
v -0.000261 0.973730 0.008387
v -0.006192 0.750708 0.005931
v -0.006192 0.973730 0.005931
v -0.008648 0.750708 -0.000000
v -0.008648 0.973730 -0.000000
v -0.006192 0.750708 -0.005931
v -0.006192 0.973730 -0.005931
v -0.000261 0.976317 -0.022281
v 0.015494 0.976317 -0.015755
v 0.022020 0.976317 0.000000
v 0.015494 0.976317 0.015755
v -0.000261 0.976317 0.022281
v -0.016016 0.976317 0.015755
v -0.022542 0.976317 0.000000
v -0.016016 0.976317 -0.015755
v -0.000261 0.983107 -0.022281
v 0.015494 0.983107 -0.015755
v 0.022020 0.983107 0.000000
v 0.015494 0.983107 0.015755
v -0.000261 0.983107 0.022281
v -0.016016 0.983107 0.015755
v -0.022542 0.983107 0.000000
v -0.016016 0.983107 -0.015755
v -0.000261 0.985694 -0.018941
v 0.013132 0.985694 -0.013393
v 0.018680 0.985694 0.000000
v 0.013132 0.985694 0.013393
v -0.000261 0.985694 0.018941
v -0.013654 0.985694 0.013393
v -0.019201 0.985694 -0.000000
v -0.013654 0.985694 -0.013393
v -0.000261 0.996688 -0.025600
v 0.017841 0.996688 -0.018102
v 0.025340 0.996688 0.000000
v 0.017841 0.996688 0.018102
v -0.000261 0.996688 0.025600
v -0.018363 0.996688 0.018102
v -0.025861 0.996688 0.000000
v -0.018363 0.996688 -0.018102
v -0.000261 1.021803 -0.007764
v 0.005229 1.021803 -0.005490
v 0.007503 1.021803 -0.000000
v 0.005229 1.021803 0.005490
v -0.000261 1.021803 0.007764
v -0.005751 1.021803 0.005490
v -0.008025 1.021803 -0.000000
v -0.005751 1.021803 -0.005490
v -0.000261 1.009892 -0.024267
v -0.017420 1.009892 -0.017159
v -0.024528 1.009892 0.000000
v -0.017420 1.009892 0.017159
v -0.000261 1.009892 0.024267
v 0.016898 1.009892 0.017159
v 0.024006 1.009892 0.000000
v 0.016898 1.009892 -0.017159
v -0.013573 1.054972 0.000000
v -0.019099 1.041631 0.000000
v -0.013573 1.028291 0.000000
v -0.000233 1.022765 0.000000
v -0.006903 1.054972 -0.011553
v -0.009666 1.041631 -0.016339
v -0.006903 1.028291 -0.011553
v 0.006437 1.054972 -0.011553
v 0.009200 1.041631 -0.016339
v 0.006437 1.028291 -0.011553
v 0.013107 1.054972 0.000000
v 0.018633 1.041631 0.000000
v 0.013107 1.028291 0.000000
v 0.006437 1.054972 0.011553
v 0.009200 1.041631 0.016339
v 0.006437 1.028291 0.011553
v -0.000233 1.060498 0.000000
v -0.006903 1.054972 0.011553
v -0.009666 1.041631 0.016339
v -0.006903 1.028291 0.011553
v -0.000261 1.026742 -0.007764
v 0.005229 1.026742 -0.005490
v 0.007503 1.026742 -0.000000
v 0.005229 1.026742 0.005490
v -0.000261 1.026742 0.007764
v -0.005751 1.026742 0.005490
v -0.008025 1.026742 -0.000000
v -0.005751 1.026742 -0.005490
v -0.000000 0.000000 -0.141197
v -0.000000 0.036278 -0.141197
v 0.070598 0.000000 -0.122280
v 0.070598 0.036278 -0.122280
v 0.122280 0.000000 -0.070598
v 0.122280 0.036278 -0.070598
v 0.141197 0.000000 0.000000
v 0.141197 0.036278 0.000000
v 0.122280 0.000000 0.070599
v 0.122280 0.036278 0.070599
v 0.070598 0.000000 0.122280
v 0.070598 0.036278 0.122280
v -0.000000 0.000000 0.141197
v -0.000000 0.036278 0.141197
v -0.070598 0.000000 0.122280
v -0.070598 0.036278 0.122280
v -0.122280 0.000000 0.070599
v -0.122280 0.036278 0.070599
v -0.141197 0.000000 0.000000
v -0.141197 0.036278 0.000000
v -0.122280 0.000000 -0.070598
v -0.122280 0.036278 -0.070598
v -0.070599 0.000000 -0.122280
v -0.070599 0.036278 -0.122280
v -0.000000 0.050117 -0.117199
v 0.058600 0.050117 -0.101498
v 0.101498 0.050117 -0.058600
v 0.117199 0.050117 0.000000
v 0.101498 0.050117 0.058600
v 0.058600 0.050117 0.101498
v -0.000000 0.050117 0.117200
v -0.058600 0.050117 0.101498
v -0.101498 0.050117 0.058600
v -0.117200 0.050117 0.000000
v -0.101498 0.050117 -0.058600
v -0.058600 0.050117 -0.101498
v -0.000000 0.102959 -0.038534
v 0.019267 0.102959 -0.033371
v 0.033371 0.102959 -0.019267
v 0.038534 0.102959 0.000000
v 0.033371 0.102959 0.019267
v 0.019267 0.102959 0.033371
v -0.000000 0.102959 0.038534
v -0.019267 0.102959 0.033371
v -0.033371 0.102959 0.019267
v -0.038534 0.102959 0.000000
v -0.033371 0.102959 -0.019267
v -0.019267 0.102959 -0.033371
v -0.000000 0.122183 -0.008334
v 0.004167 0.122183 -0.007218
v 0.007218 0.122183 -0.004167
v 0.008334 0.122183 0.000000
v 0.007218 0.122183 0.004167
v 0.004167 0.122183 0.007218
v -0.000000 0.122183 0.008334
v -0.004167 0.122183 0.007218
v -0.007218 0.122183 0.004167
v -0.008334 0.122183 0.000000
v -0.007218 0.122183 -0.004167
v -0.004167 0.122183 -0.007218
v 0.000001 0.651193 -0.008334
v 0.004168 0.651193 -0.007218
v 0.007218 0.651193 -0.004167
v 0.008335 0.651193 0.000000
v 0.007218 0.651193 0.004167
v 0.004168 0.651193 0.007218
v 0.000001 0.651193 0.008334
v -0.004167 0.651193 0.007218
v -0.007217 0.651193 0.004167
v -0.008334 0.651193 0.000000
v -0.007217 0.651193 -0.004167
v -0.004167 0.651193 -0.007218
v 0.000001 0.651193 -0.028147
v 0.014074 0.651193 -0.024376
v 0.024377 0.651193 -0.014074
v 0.028148 0.651193 0.000000
v 0.024377 0.651193 0.014074
v 0.014074 0.651193 0.024376
v 0.000001 0.651193 0.028147
v -0.014073 0.651193 0.024376
v -0.024376 0.651193 0.014074
v -0.028147 0.651193 0.000000
v -0.024376 0.651193 -0.014073
v -0.014073 0.651193 -0.024376
v 0.000001 0.657260 -0.028147
v 0.014074 0.657260 -0.024376
v 0.024377 0.657260 -0.014074
v 0.028148 0.657260 0.000000
v 0.024377 0.657260 0.014074
v 0.014074 0.657260 0.024376
v 0.000001 0.657260 0.028147
v -0.014073 0.657260 0.024376
v -0.024376 0.657260 0.014074
v -0.028147 0.657260 0.000000
v -0.024376 0.657260 -0.014073
v -0.014073 0.657260 -0.024376
v 0.000001 0.657260 -0.025740
v 0.012871 0.657260 -0.022291
v 0.022292 0.657260 -0.012870
v 0.025741 0.657260 0.000000
v 0.022292 0.657260 0.012870
v 0.012871 0.657260 0.022292
v 0.000001 0.657260 0.025740
v -0.012869 0.657260 0.022292
v -0.022291 0.657260 0.012870
v -0.025740 0.657260 0.000000
v -0.022291 0.657260 -0.012870
v -0.012870 0.657260 -0.022291
v 0.000001 0.665349 -0.022025
v 0.011013 0.665349 -0.019074
v 0.019075 0.665349 -0.011012
v 0.022026 0.665349 0.000000
v 0.019075 0.665349 0.011013
v 0.011013 0.665349 0.019074
v 0.000001 0.665349 0.022025
v -0.011012 0.665349 0.019074
v -0.019074 0.665349 0.011013
v -0.022025 0.665349 0.000000
v -0.019074 0.665349 -0.011012
v -0.011012 0.665349 -0.019074
v 0.000001 0.667625 -0.024169
v 0.012085 0.667625 -0.020931
v 0.020931 0.667625 -0.012084
v 0.024170 0.667625 0.000000
v 0.020931 0.667625 0.012085
v 0.012085 0.667625 0.020931
v 0.000001 0.667625 0.024169
v -0.012084 0.667625 0.020931
v -0.020930 0.667625 0.012085
v -0.024169 0.667625 0.000000
v -0.020930 0.667625 -0.012084
v -0.012084 0.667625 -0.020931
v 0.000001 0.669900 -0.022506
v 0.011254 0.669900 -0.019491
v 0.019491 0.669900 -0.011253
v 0.022507 0.669900 0.000000
v 0.019491 0.669900 0.011253
v 0.011254 0.669900 0.019491
v 0.000001 0.669900 0.022506
v -0.011253 0.669900 0.019491
v -0.019490 0.669900 0.011253
v -0.022506 0.669900 0.000000
v -0.019490 0.669900 -0.011253
v -0.011253 0.669900 -0.019491
v 0.000001 0.676219 -0.022506
v 0.011254 0.676219 -0.019491
v 0.019491 0.676219 -0.011253
v 0.022507 0.676219 0.000000
v 0.019491 0.676219 0.011253
v 0.011254 0.676219 0.019491
v 0.000001 0.676219 0.022506
v -0.011253 0.676219 0.019491
v -0.019490 0.676219 0.011253
v -0.022506 0.676219 0.000000
v -0.019490 0.676219 -0.011253
v -0.011253 0.676219 -0.019491
v -0.016109 0.750708 -0.000000
v -0.029766 0.741583 -0.000000
v -0.038891 0.727926 -0.000000
v -0.042096 0.711817 -0.000000
v -0.038891 0.695707 -0.000000
v -0.029766 0.682050 -0.000000
v -0.016109 0.672925 -0.000000
v -0.013951 0.750708 -0.008055
v -0.025778 0.741583 -0.014883
v -0.033681 0.727926 -0.019446
v -0.036456 0.711817 -0.021048
v -0.033681 0.695707 -0.019446
v -0.025778 0.682050 -0.014883
v -0.013951 0.672925 -0.008055
v -0.000000 0.669721 -0.000000
v -0.008055 0.750708 -0.013951
v -0.014883 0.741583 -0.025778
v -0.019446 0.727926 -0.033681
v -0.021048 0.711817 -0.036456
v -0.019446 0.695707 -0.033681
v -0.014883 0.682050 -0.025778
v -0.008055 0.672925 -0.013951
v -0.000000 0.750708 -0.016109
v -0.000000 0.741583 -0.029766
v -0.000000 0.727926 -0.038891
v -0.000000 0.711817 -0.042096
v -0.000000 0.695707 -0.038891
v -0.000000 0.682050 -0.029766
v -0.000000 0.672925 -0.016109
v 0.008055 0.750708 -0.013951
v 0.014883 0.741583 -0.025778
v 0.019446 0.727926 -0.033681
v 0.021048 0.711817 -0.036456
v 0.019446 0.695707 -0.033681
v 0.014883 0.682050 -0.025778
v 0.008055 0.672925 -0.013951
v -0.000000 0.753912 -0.000000
v 0.013951 0.750708 -0.008055
v 0.025778 0.741583 -0.014883
v 0.033681 0.727926 -0.019446
v 0.036456 0.711817 -0.021048
v 0.033681 0.695707 -0.019446
v 0.025778 0.682050 -0.014883
v 0.013951 0.672925 -0.008055
v 0.016109 0.750708 -0.000000
v 0.029766 0.741583 -0.000000
v 0.038891 0.727926 -0.000000
v 0.042096 0.711817 -0.000000
v 0.038891 0.695707 -0.000000
v 0.029766 0.682050 -0.000000
v 0.016109 0.672925 -0.000000
v 0.013951 0.750708 0.008055
v 0.025778 0.741583 0.014883
v 0.033681 0.727926 0.019446
v 0.036456 0.711817 0.021048
v 0.033681 0.695707 0.019446
v 0.025778 0.682050 0.014883
v 0.013951 0.672925 0.008055
v 0.008055 0.750708 0.013951
v 0.014883 0.741583 0.025778
v 0.019446 0.727926 0.033681
v 0.021048 0.711817 0.036456
v 0.019446 0.695707 0.033681
v 0.014883 0.682050 0.025778
v 0.008055 0.672925 0.013951
v -0.000000 0.750708 0.016109
v -0.000000 0.741583 0.029766
v -0.000000 0.727926 0.038891
v -0.000000 0.711817 0.042096
v -0.000000 0.695707 0.038891
v -0.000000 0.682050 0.029766
v -0.000000 0.672925 0.016109
v -0.008055 0.750708 0.013951
v -0.014883 0.741583 0.025778
v -0.019446 0.727926 0.033681
v -0.021048 0.711817 0.036456
v -0.019446 0.695707 0.033681
v -0.014883 0.682050 0.025778
v -0.008055 0.672925 0.013951
v -0.013951 0.750708 0.008055
v -0.025778 0.741583 0.014883
v -0.033681 0.727926 0.019446
v -0.036456 0.711817 0.021048
v -0.033681 0.695707 0.019446
v -0.025778 0.682050 0.014883
v -0.013951 0.672925 0.008055
v -0.000000 0.102959 -0.038534
v 0.019267 0.102959 -0.033371
v 0.033371 0.102959 -0.019267
v 0.038534 0.102959 0.000000
v 0.033371 0.102959 0.019267
v 0.019267 0.102959 0.033371
v -0.000000 0.102959 0.038534
v -0.019267 0.102959 0.033371
v -0.033371 0.102959 0.019267
v -0.038534 0.102959 0.000000
v -0.033371 0.102959 -0.019267
v -0.019267 0.102959 -0.033371
v -0.000000 0.106104 -0.036074
v 0.018037 0.106104 -0.031241
v 0.031241 0.106104 -0.018037
v 0.036075 0.106104 0.000000
v 0.031241 0.106104 0.018037
v 0.018037 0.106104 0.031242
v -0.000000 0.106104 0.036075
v -0.018037 0.106104 0.031242
v -0.031242 0.106104 0.018037
v -0.036075 0.106104 0.000000
v -0.031242 0.106104 -0.018037
v -0.018037 0.106104 -0.031241
v -0.000000 0.106104 -0.017773
v 0.008886 0.106104 -0.015391
v 0.015392 0.106104 -0.008886
v 0.017773 0.106104 0.000000
v 0.015392 0.106104 0.008886
v 0.008886 0.106104 0.015392
v -0.000000 0.106104 0.017773
v -0.008886 0.106104 0.015392
v -0.015392 0.106104 0.008886
v -0.017773 0.106104 0.000000
v -0.015392 0.106104 -0.008886
v -0.008886 0.106104 -0.015391
v -0.000000 0.122183 -0.017773
v 0.008886 0.122183 -0.015391
v 0.015392 0.122183 -0.008886
v 0.017773 0.122183 0.000000
v 0.015392 0.122183 0.008886
v 0.008886 0.122183 0.015392
v -0.000000 0.122183 0.017773
v -0.008886 0.122183 0.015392
v -0.015392 0.122183 0.008886
v -0.017773 0.122183 0.000000
v -0.015392 0.122183 -0.008886
v -0.008886 0.122183 -0.015391
v -0.000000 0.122183 -0.008334
v 0.004167 0.122183 -0.007218
v 0.007218 0.122183 -0.004167
v 0.008334 0.122183 0.000000
v 0.007218 0.122183 0.004167
v 0.004167 0.122183 0.007218
v -0.000000 0.122183 0.008334
v -0.004167 0.122183 0.007218
v -0.007218 0.122183 0.004167
v -0.008334 0.122183 0.000000
v -0.007218 0.122183 -0.004167
v -0.004167 0.122183 -0.007218
v -0.259464 0.510900 -0.037995
v -0.278461 0.510900 -0.032905
v -0.292368 0.510900 -0.018997
v -0.297459 0.510900 0.000000
v -0.292368 0.510900 0.018998
v -0.278461 0.510900 0.032905
v -0.259464 0.510900 0.037995
v -0.240466 0.510900 0.032905
v -0.226559 0.510900 0.018998
v -0.221469 0.510900 0.000000
v -0.226559 0.510900 -0.018997
v -0.240466 0.510900 -0.032905
v -0.259464 0.772535 -0.061160
v -0.228884 0.772535 -0.052966
v -0.206498 0.772535 -0.030580
v -0.198304 0.772535 0.000000
v -0.206498 0.772535 0.030580
v -0.228884 0.772535 0.052966
v -0.259464 0.772535 0.061160
v -0.290044 0.772535 0.052966
v -0.312430 0.772535 0.030580
v -0.320623 0.772535 0.000000
v -0.312430 0.772535 -0.030580
v -0.290044 0.772535 -0.052966
v -0.259464 0.772535 -0.044221
v -0.237353 0.772535 -0.038297
v -0.221167 0.772535 -0.022111
v -0.215242 0.772535 0.000000
v -0.221167 0.772535 0.022111
v -0.237353 0.772535 0.038297
v -0.259464 0.772535 0.044222
v -0.281574 0.772535 0.038297
v -0.297761 0.772535 0.022111
v -0.303685 0.772535 0.000000
v -0.297761 0.772535 -0.022111
v -0.281574 0.772535 -0.038297
v -0.259464 0.790442 -0.047265
v -0.235831 0.790442 -0.040933
v -0.218530 0.790442 -0.023633
v -0.212198 0.790442 0.000000
v -0.218530 0.790442 0.023633
v -0.235831 0.790442 0.040933
v -0.259464 0.790442 0.047266
v -0.283096 0.790442 0.040933
v -0.300397 0.790442 0.023633
v -0.306729 0.790442 0.000000
v -0.300397 0.790442 -0.023633
v -0.283096 0.790442 -0.040933
v -0.259464 0.793062 -0.042583
v -0.238172 0.793062 -0.036878
v -0.222585 0.793062 -0.021292
v -0.216880 0.793062 0.000000
v -0.222585 0.793062 0.021292
v -0.238172 0.793062 0.036879
v -0.259464 0.793062 0.042584
v -0.280755 0.793062 0.036878
v -0.296342 0.793062 0.021292
v -0.302047 0.793062 0.000000
v -0.296342 0.793062 -0.021292
v -0.280755 0.793062 -0.036878
v -0.259464 0.795246 -0.047241
v -0.235843 0.795246 -0.040912
v -0.218552 0.795246 -0.023620
v -0.212223 0.795246 0.000000
v -0.218552 0.795246 0.023621
v -0.235843 0.795246 0.040912
v -0.259464 0.795246 0.047241
v -0.283084 0.795246 0.040912
v -0.300375 0.795246 0.023621
v -0.306704 0.795246 0.000000
v -0.300375 0.795246 -0.023620
v -0.283084 0.795246 -0.040912
v -0.259464 0.802671 -0.047241
v -0.235843 0.802671 -0.040912
v -0.218552 0.802671 -0.023620
v -0.212223 0.802671 0.000000
v -0.218552 0.802671 0.023621
v -0.235843 0.802671 0.040912
v -0.259464 0.802671 0.047241
v -0.283084 0.802671 0.040912
v -0.300375 0.802671 0.023621
v -0.306704 0.802671 0.000000
v -0.300375 0.802671 -0.023620
v -0.283084 0.802671 -0.040912
v -0.259464 0.838921 -0.074440
v -0.222244 0.838921 -0.064467
v -0.194997 0.838921 -0.037220
v -0.185024 0.838921 0.000000
v -0.194997 0.838921 0.037220
v -0.222244 0.838921 0.064467
v -0.259464 0.838921 0.074440
v -0.296683 0.838921 0.064467
v -0.323930 0.838921 0.037220
v -0.333903 0.838921 0.000000
v -0.323930 0.838921 -0.037220
v -0.296683 0.838921 -0.064467
v -0.259464 0.882159 -0.053599
v -0.232664 0.882159 -0.046418
v -0.213045 0.882159 -0.026800
v -0.205864 0.882159 0.000000
v -0.213045 0.882159 0.026800
v -0.232664 0.882159 0.046419
v -0.259464 0.882159 0.053600
v -0.286263 0.882159 0.046419
v -0.305882 0.882159 0.026800
v -0.313063 0.882159 0.000000
v -0.305882 0.882159 -0.026800
v -0.286263 0.882159 -0.046418
v -0.259464 0.882159 -0.197507
v -0.160710 0.882159 -0.171046
v -0.088417 0.882159 -0.098753
v -0.061956 0.882159 0.000000
v -0.088417 0.882159 0.098754
v -0.160710 0.882159 0.171046
v -0.259464 0.882159 0.197507
v -0.358217 0.882159 0.171046
v -0.430510 0.882159 0.098754
v -0.456971 0.882159 0.000000
v -0.430510 0.882159 -0.098754
v -0.358217 0.882159 -0.171046
v -0.259464 0.904980 -0.197507
v -0.160710 0.904980 -0.171046
v -0.088417 0.904980 -0.098753
v -0.061956 0.904980 0.000000
v -0.088417 0.904980 0.098754
v -0.160710 0.904980 0.171046
v -0.259464 0.904980 0.197507
v -0.358217 0.904980 0.171046
v -0.430510 0.904980 0.098754
v -0.456971 0.904980 0.000000
v -0.430510 0.904980 -0.098754
v -0.358217 0.904980 -0.171046
v -0.259464 0.508717 -0.064536
v -0.291731 0.508717 -0.055889
v -0.315353 0.508717 -0.032268
v -0.323999 0.508717 0.000000
v -0.315353 0.508717 0.032268
v -0.291731 0.508717 0.055890
v -0.259464 0.508717 0.064536
v -0.227196 0.508717 0.055890
v -0.203574 0.508717 0.032268
v -0.194928 0.508717 0.000000
v -0.203574 0.508717 -0.032268
v -0.227196 0.508717 -0.055889
v -0.259464 0.441024 -0.006903
v -0.262915 0.441024 -0.005978
v -0.265442 0.441024 -0.003452
v -0.266367 0.441024 0.000000
v -0.265442 0.441024 0.003452
v -0.262915 0.441024 0.005979
v -0.259464 0.441024 0.006904
v -0.256012 0.441024 0.005979
v -0.253485 0.441024 0.003452
v -0.252560 0.441024 0.000000
v -0.253485 0.441024 -0.003452
v -0.256012 0.441024 -0.005978
v -0.259464 1.113627 -0.070570
v -0.224179 1.113627 -0.061115
v -0.198348 1.113627 -0.035285
v -0.188894 1.113627 0.000000
v -0.198348 1.113627 0.035285
v -0.224179 1.113627 0.061115
v -0.259464 1.113627 0.070570
v -0.294748 1.113627 0.061115
v -0.320579 1.113627 0.035285
v -0.330033 1.113627 0.000000
v -0.320579 1.113627 -0.035285
v -0.294748 1.113627 -0.061115
v -0.259464 1.164943 -0.066017
v -0.226455 1.164943 -0.057173
v -0.202291 1.164943 -0.033009
v -0.193446 1.164943 0.000000
v -0.202291 1.164943 0.033009
v -0.226455 1.164943 0.057173
v -0.259464 1.164943 0.066018
v -0.292472 1.164943 0.057173
v -0.316636 1.164943 0.033009
v -0.325481 1.164943 0.000000
v -0.316636 1.164943 -0.033009
v -0.292472 1.164943 -0.057173
v 0.259464 0.510900 -0.037995
v 0.278461 0.510900 -0.032905
v 0.292368 0.510900 -0.018997
v 0.297459 0.510900 0.000000
v 0.292368 0.510900 0.018998
v 0.278461 0.510900 0.032905
v 0.259464 0.510900 0.037995
v 0.240466 0.510900 0.032905
v 0.226559 0.510900 0.018998
v 0.221469 0.510900 0.000000
v 0.226559 0.510900 -0.018997
v 0.240466 0.510900 -0.032905
v 0.259464 0.772535 -0.061160
v 0.228884 0.772535 -0.052966
v 0.206498 0.772535 -0.030580
v 0.198304 0.772535 0.000000
v 0.206498 0.772535 0.030580
v 0.228884 0.772535 0.052966
v 0.259464 0.772535 0.061160
v 0.290044 0.772535 0.052966
v 0.312430 0.772535 0.030580
v 0.320623 0.772535 0.000000
v 0.312430 0.772535 -0.030580
v 0.290044 0.772535 -0.052966
v 0.259464 0.772535 -0.044221
v 0.237353 0.772535 -0.038297
v 0.221167 0.772535 -0.022111
v 0.215242 0.772535 0.000000
v 0.221167 0.772535 0.022111
v 0.237353 0.772535 0.038297
v 0.259464 0.772535 0.044222
v 0.281574 0.772535 0.038297
v 0.297761 0.772535 0.022111
v 0.303685 0.772535 0.000000
v 0.297761 0.772535 -0.022111
v 0.281574 0.772535 -0.038297
v 0.259464 0.790442 -0.047265
v 0.235831 0.790442 -0.040933
v 0.218530 0.790442 -0.023633
v 0.212198 0.790442 0.000000
v 0.218530 0.790442 0.023633
v 0.235831 0.790442 0.040933
v 0.259464 0.790442 0.047266
v 0.283096 0.790442 0.040933
v 0.300397 0.790442 0.023633
v 0.306729 0.790442 0.000000
v 0.300397 0.790442 -0.023633
v 0.283096 0.790442 -0.040933
v 0.259464 0.793062 -0.042583
v 0.238172 0.793062 -0.036878
v 0.222585 0.793062 -0.021292
v 0.216880 0.793062 0.000000
v 0.222585 0.793062 0.021292
v 0.238172 0.793062 0.036879
v 0.259464 0.793062 0.042584
v 0.280755 0.793062 0.036878
v 0.296342 0.793062 0.021292
v 0.302047 0.793062 0.000000
v 0.296342 0.793062 -0.021292
v 0.280755 0.793062 -0.036878
v 0.259464 0.795246 -0.047241
v 0.235843 0.795246 -0.040912
v 0.218552 0.795246 -0.023620
v 0.212223 0.795246 0.000000
v 0.218552 0.795246 0.023621
v 0.235843 0.795246 0.040912
v 0.259464 0.795246 0.047241
v 0.283084 0.795246 0.040912
v 0.300375 0.795246 0.023621
v 0.306704 0.795246 0.000000
v 0.300375 0.795246 -0.023620
v 0.283084 0.795246 -0.040912
v 0.259464 0.802671 -0.047241
v 0.235843 0.802671 -0.040912
v 0.218552 0.802671 -0.023620
v 0.212223 0.802671 0.000000
v 0.218552 0.802671 0.023621
v 0.235843 0.802671 0.040912
v 0.259464 0.802671 0.047241
v 0.283084 0.802671 0.040912
v 0.300375 0.802671 0.023621
v 0.306704 0.802671 0.000000
v 0.300375 0.802671 -0.023620
v 0.283084 0.802671 -0.040912
v 0.259464 0.838921 -0.074440
v 0.222244 0.838921 -0.064467
v 0.194997 0.838921 -0.037220
v 0.185024 0.838921 0.000000
v 0.194997 0.838921 0.037220
v 0.222244 0.838921 0.064467
v 0.259464 0.838921 0.074440
v 0.296683 0.838921 0.064467
v 0.323930 0.838921 0.037220
v 0.333903 0.838921 0.000000
v 0.323930 0.838921 -0.037220
v 0.296683 0.838921 -0.064467
v 0.259464 0.882159 -0.053599
v 0.232664 0.882159 -0.046418
v 0.213045 0.882159 -0.026800
v 0.205864 0.882159 0.000000
v 0.213045 0.882159 0.026800
v 0.232664 0.882159 0.046419
v 0.259464 0.882159 0.053600
v 0.286263 0.882159 0.046419
v 0.305882 0.882159 0.026800
v 0.313063 0.882159 0.000000
v 0.305882 0.882159 -0.026800
v 0.286263 0.882159 -0.046418
v 0.259464 0.882159 -0.197507
v 0.160710 0.882159 -0.171046
v 0.088417 0.882159 -0.098753
v 0.061956 0.882159 0.000000
v 0.088417 0.882159 0.098754
v 0.160710 0.882159 0.171046
v 0.259464 0.882159 0.197507
v 0.358217 0.882159 0.171046
v 0.430510 0.882159 0.098754
v 0.456971 0.882159 0.000000
v 0.430510 0.882159 -0.098754
v 0.358217 0.882159 -0.171046
v 0.259464 0.904980 -0.197507
v 0.160710 0.904980 -0.171046
v 0.088417 0.904980 -0.098753
v 0.061956 0.904980 0.000000
v 0.088417 0.904980 0.098754
v 0.160710 0.904980 0.171046
v 0.259464 0.904980 0.197507
v 0.358217 0.904980 0.171046
v 0.430510 0.904980 0.098754
v 0.456971 0.904980 0.000000
v 0.430510 0.904980 -0.098754
v 0.358217 0.904980 -0.171046
v 0.259464 0.508717 -0.064536
v 0.291731 0.508717 -0.055889
v 0.315353 0.508717 -0.032268
v 0.323999 0.508717 0.000000
v 0.315353 0.508717 0.032268
v 0.291731 0.508717 0.055890
v 0.259464 0.508717 0.064536
v 0.227196 0.508717 0.055890
v 0.203574 0.508717 0.032268
v 0.194928 0.508717 0.000000
v 0.203574 0.508717 -0.032268
v 0.227196 0.508717 -0.055889
v 0.259464 0.441024 -0.006903
v 0.262915 0.441024 -0.005978
v 0.265442 0.441024 -0.003452
v 0.266367 0.441024 0.000000
v 0.265442 0.441024 0.003452
v 0.262915 0.441024 0.005979
v 0.259464 0.441024 0.006904
v 0.256012 0.441024 0.005979
v 0.253485 0.441024 0.003452
v 0.252560 0.441024 0.000000
v 0.253485 0.441024 -0.003452
v 0.256012 0.441024 -0.005978
v 0.259464 1.113627 -0.070570
v 0.224179 1.113627 -0.061115
v 0.198348 1.113627 -0.035285
v 0.188894 1.113627 0.000000
v 0.198348 1.113627 0.035285
v 0.224179 1.113627 0.061115
v 0.259464 1.113627 0.070570
v 0.294748 1.113627 0.061115
v 0.320579 1.113627 0.035285
v 0.330033 1.113627 0.000000
v 0.320579 1.113627 -0.035285
v 0.294748 1.113627 -0.061115
v 0.259464 1.164943 -0.066017
v 0.226455 1.164943 -0.057173
v 0.202291 1.164943 -0.033009
v 0.193446 1.164943 0.000000
v 0.202291 1.164943 0.033009
v 0.226455 1.164943 0.057173
v 0.259464 1.164943 0.066018
v 0.292472 1.164943 0.057173
v 0.316636 1.164943 0.033009
v 0.325481 1.164943 0.000000
v 0.316636 1.164943 -0.033009
v 0.292472 1.164943 -0.057173
v 0.005670 0.973730 -0.005931
v -0.000261 0.973730 -0.008387
v 0.008127 0.973730 -0.000000
v 0.005670 0.973730 0.005931
v -0.000261 0.973730 0.008387
v -0.006192 0.973730 0.005931
v -0.008648 0.973730 -0.000000
v -0.006192 0.973730 -0.005931
v 0.015494 0.976317 -0.015755
v -0.000261 0.976317 -0.022281
v 0.022020 0.976317 0.000000
v 0.015494 0.976317 0.015755
v -0.000261 0.976317 0.022281
v -0.016016 0.976317 0.015755
v -0.022542 0.976317 0.000000
v -0.016016 0.976317 -0.015755
v 0.013132 0.985694 -0.013393
v -0.000261 0.985694 -0.018941
v 0.018680 0.985694 0.000000
v 0.013132 0.985694 0.013393
v -0.000261 0.985694 0.018941
v -0.013654 0.985694 0.013393
v -0.019201 0.985694 -0.000000
v -0.013654 0.985694 -0.013393
v 0.005229 1.021803 -0.005490
v -0.000261 1.021803 -0.007764
v 0.007503 1.021803 -0.000000
v 0.005229 1.021803 0.005490
v -0.000261 1.021803 0.007764
v -0.005751 1.021803 0.005490
v -0.008025 1.021803 -0.000000
v -0.005751 1.021803 -0.005490
v -0.000000 0.000000 -0.141197
v 0.070598 0.000000 -0.122280
v 0.070598 0.036278 -0.122280
v -0.000000 0.036278 -0.141197
v 0.122280 0.000000 -0.070598
v 0.122280 0.036278 -0.070598
v 0.141197 0.000000 0.000000
v 0.141197 0.036278 0.000000
v 0.122280 0.000000 0.070599
v 0.122280 0.036278 0.070599
v 0.070598 0.000000 0.122280
v 0.070598 0.036278 0.122280
v -0.000000 0.000000 0.141197
v -0.000000 0.036278 0.141197
v -0.070598 0.000000 0.122280
v -0.070598 0.036278 0.122280
v -0.122280 0.000000 0.070599
v -0.122280 0.036278 0.070599
v -0.141197 0.000000 0.000000
v -0.141197 0.036278 0.000000
v -0.122280 0.000000 -0.070598
v -0.122280 0.036278 -0.070598
v -0.070599 0.000000 -0.122280
v -0.070599 0.036278 -0.122280
v 0.014074 0.651193 -0.024376
v 0.000001 0.651193 -0.028147
v 0.024377 0.651193 -0.014074
v 0.028148 0.651193 0.000000
v 0.024377 0.651193 0.014074
v 0.014074 0.651193 0.024376
v 0.000001 0.651193 0.028147
v -0.014073 0.651193 0.024376
v -0.024376 0.651193 0.014074
v -0.028147 0.651193 0.000000
v -0.024376 0.651193 -0.014073
v -0.014073 0.651193 -0.024376
v 0.014074 0.657260 -0.024376
v 0.000001 0.657260 -0.028147
v 0.024377 0.657260 -0.014074
v 0.028148 0.657260 0.000000
v 0.024377 0.657260 0.014074
v 0.014074 0.657260 0.024376
v 0.000001 0.657260 0.028147
v -0.014073 0.657260 0.024376
v -0.024376 0.657260 0.014074
v -0.028147 0.657260 0.000000
v -0.024376 0.657260 -0.014073
v -0.014073 0.657260 -0.024376
v 0.011013 0.665349 -0.019074
v 0.000001 0.665349 -0.022025
v 0.019075 0.665349 -0.011012
v 0.022026 0.665349 0.000000
v 0.019075 0.665349 0.011013
v 0.011013 0.665349 0.019074
v 0.000001 0.665349 0.022025
v -0.011012 0.665349 0.019074
v -0.019074 0.665349 0.011013
v -0.022025 0.665349 0.000000
v -0.019074 0.665349 -0.011012
v -0.011012 0.665349 -0.019074
v 0.011254 0.669900 -0.019491
v 0.000001 0.669900 -0.022506
v 0.019491 0.669900 -0.011253
v 0.022507 0.669900 0.000000
v 0.019491 0.669900 0.011253
v 0.011254 0.669900 0.019491
v 0.000001 0.669900 0.022506
v -0.011253 0.669900 0.019491
v -0.019490 0.669900 0.011253
v -0.022506 0.669900 0.000000
v -0.019490 0.669900 -0.011253
v -0.011253 0.669900 -0.019491
v 0.011254 0.676219 -0.019491
v 0.000001 0.676219 -0.022506
v 0.019491 0.676219 -0.011253
v 0.022507 0.676219 0.000000
v 0.019491 0.676219 0.011253
v 0.011254 0.676219 0.019491
v 0.000001 0.676219 0.022506
v -0.011253 0.676219 0.019491
v -0.019490 0.676219 0.011253
v -0.022506 0.676219 0.000000
v -0.019490 0.676219 -0.011253
v -0.011253 0.676219 -0.019491
v 0.018037 0.106104 -0.031241
v -0.000000 0.106104 -0.036074
v 0.031241 0.106104 -0.018037
v 0.036075 0.106104 0.000000
v 0.031241 0.106104 0.018037
v 0.018037 0.106104 0.031242
v -0.000000 0.106104 0.036075
v -0.018037 0.106104 0.031242
v -0.031242 0.106104 0.018037
v -0.036075 0.106104 0.000000
v -0.031242 0.106104 -0.018037
v -0.018037 0.106104 -0.031241
v 0.008886 0.106104 -0.015391
v -0.000000 0.106104 -0.017773
v 0.015392 0.106104 -0.008886
v 0.017773 0.106104 0.000000
v 0.015392 0.106104 0.008886
v 0.008886 0.106104 0.015392
v -0.000000 0.106104 0.017773
v -0.008886 0.106104 0.015392
v -0.015392 0.106104 0.008886
v -0.017773 0.106104 0.000000
v -0.015392 0.106104 -0.008886
v -0.008886 0.106104 -0.015391
v 0.008886 0.122183 -0.015391
v -0.000000 0.122183 -0.017773
v 0.015392 0.122183 -0.008886
v 0.017773 0.122183 0.000000
v 0.015392 0.122183 0.008886
v 0.008886 0.122183 0.015392
v -0.000000 0.122183 0.017773
v -0.008886 0.122183 0.015392
v -0.015392 0.122183 0.008886
v -0.017773 0.122183 0.000000
v -0.015392 0.122183 -0.008886
v -0.008886 0.122183 -0.015391
vn -0.0000 -0.0000 -1.0000
vn -0.0000 -0.7071 -0.7071
vn 0.0491 -0.7015 -0.7110
vn -0.0045 0.0189 -0.9998
vn -0.0000 -1.0000 -0.0000
vn 0.0685 -0.9977 -0.0000
vn -0.0000 -0.7071 0.7071
vn 0.0491 -0.7015 0.7110
vn -0.0000 -0.0000 1.0000
vn -0.0045 0.0189 0.9998
vn -0.0000 0.7071 0.7071
vn -0.0606 0.7183 0.6931
vn -0.0000 1.0000 -0.0000
vn -0.0830 0.9965 -0.0000
vn -0.0220 0.0598 -0.9980
vn -0.3069 0.6703 -0.6756
vn -0.0606 0.7183 -0.6931
vn -0.0000 0.7071 -0.7071
vn -0.0490 0.0408 -0.9980
vn -0.6010 0.4270 -0.6756
vn -0.4235 0.9059 -0.0000
vn -0.3069 0.6703 0.6756
vn -0.0220 0.0598 0.9980
vn 0.2629 -0.6211 0.7384
vn 0.3788 -0.9255 -0.0000
vn 0.2629 -0.6211 -0.7384
vn -0.8197 0.5728 -0.0000
vn -0.6010 0.4270 0.6756
vn -0.0490 0.0408 0.9980
vn 0.5382 -0.4064 0.7384
vn 0.7908 -0.6121 -0.0000
vn 0.5382 -0.4064 -0.7384
vn -0.0249 0.0109 -0.9996
vn 0.6757 -0.1915 -0.7118
vn 0.6703 -0.3069 -0.6756
vn 0.0598 -0.0220 -0.9980
vn 0.6757 -0.1915 0.7118
vn 0.9592 -0.2827 -0.0000
vn 0.4270 -0.6010 -0.6756
vn 0.0408 -0.0490 -0.9980
vn -0.0249 0.0109 0.9996
vn -0.7061 0.1781 0.6853
vn -0.6211 0.2629 0.7384
vn 0.0598 -0.0220 0.9980
vn -0.7061 0.1781 -0.6853
vn -0.6211 0.2629 -0.7384
vn 0.2651 -0.7128 -0.6493
vn 0.0306 -0.0874 -0.9957
vn 0.9059 -0.4235 -0.0000
vn 0.5728 -0.8197 -0.0000
vn 0.6703 -0.3069 0.6756
vn 0.4270 -0.6010 0.6756
vn 0.0408 -0.0490 0.9980
vn -0.4064 0.5382 0.7384
vn -0.9255 0.3788 -0.0000
vn -0.6121 0.7908 -0.0000
vn -0.4064 0.5382 -0.7384
vn 0.3468 -0.9379 -0.0000
vn 0.2651 -0.7128 0.6493
vn 0.0306 -0.0874 0.9957
vn -0.2525 0.6242 0.7394
vn -0.3793 0.9253 -0.0000
vn -0.2525 0.6242 -0.7394
vn -0.9719 0.2355 -0.0000
vn 0.8880 -0.4598 -0.0000
vn 1.0000 -0.0000 -0.0000
vn 0.8660 -0.0000 0.5000
vn 0.7690 -0.4598 0.4440
vn -0.8480 -0.5299 -0.0000
vn -0.8880 -0.4598 -0.0000
vn -0.7690 -0.4598 -0.4440
vn -0.7344 -0.5299 -0.4240
vn -0.5000 -0.0000 -0.8660
vn -0.4240 -0.5299 -0.7344
vn -0.0000 -0.5299 -0.8480
vn 0.7690 -0.4598 -0.4440
vn 0.8660 -0.0000 -0.5000
vn -0.7344 -0.5299 0.4240
vn -0.7690 -0.4598 0.4440
vn -0.8660 -0.0000 -0.5000
vn 0.4440 -0.4598 0.7690
vn 0.5000 -0.0000 0.8660
vn -0.0000 -0.4598 0.8880
vn -0.4240 -0.5299 0.7344
vn -0.4440 -0.4598 0.7690
vn -1.0000 -0.0000 -0.0000
vn -0.5000 -0.0000 0.8660
vn -0.0000 -0.5299 0.8480
vn -0.8660 -0.0000 0.5000
vn 0.4240 -0.5299 0.7344
vn 0.7344 -0.5299 0.4240
vn 0.8480 -0.5299 -0.0000
vn -0.4440 -0.4598 -0.7690
vn 0.7344 -0.5299 -0.4240
vn 0.4240 -0.5299 -0.7344
vn 0.4440 -0.4598 -0.7690
vn -0.0000 -0.4598 -0.8880
vn 0.5000 -0.0000 -0.8660
vn 0.2863 0.8199 -0.4958
vn 0.0838 0.9858 -0.1452
vn -0.0000 0.9858 -0.1676
vn -0.0000 0.8199 -0.5725
vn -0.4477 -0.4454 -0.7754
vn -0.0000 -0.4454 -0.8953
vn -0.3262 -0.7578 -0.5650
vn -0.0000 -0.7578 -0.6524
vn -0.7754 -0.4454 -0.4477
vn -0.8953 -0.4454 -0.0000
vn -0.7754 -0.4454 0.4477
vn -0.4477 -0.4454 0.7754
vn -0.0000 -0.4454 0.8953
vn 0.4477 -0.4454 0.7754
vn 0.7754 -0.4454 0.4477
vn 0.8953 -0.4454 -0.0000
vn 0.7754 -0.4454 -0.4477
vn 0.4477 -0.4454 -0.7754
vn -0.2442 0.8726 -0.4230
vn -0.0000 0.8726 -0.4884
vn -0.5650 -0.7578 -0.3262
vn -0.6524 -0.7578 -0.0000
vn -0.5650 -0.7578 0.3262
vn -0.3262 -0.7578 0.5650
vn -0.0000 -0.7578 0.6524
vn 0.3262 -0.7578 0.5650
vn 0.5650 -0.7578 0.3262
vn 0.6524 -0.7578 -0.0000
vn 0.5650 -0.7578 -0.3262
vn 0.3262 -0.7578 -0.5650
vn -0.2123 -0.9054 -0.3677
vn -0.0000 -0.9054 -0.4245
vn -0.4230 0.8726 -0.2442
vn -0.4884 0.8726 -0.0000
vn -0.4230 0.8726 0.2442
vn -0.2442 0.8726 0.4230
vn -0.0000 0.8726 0.4884
vn 0.2442 0.8726 0.4230
vn 0.4230 0.8726 0.2442
vn 0.4884 0.8726 -0.0000
vn 0.4230 0.8726 -0.2442
vn 0.2442 0.8726 -0.4230
vn -0.3677 -0.9054 -0.2123
vn -0.4245 -0.9054 -0.0000
vn -0.3677 -0.9054 0.2123
vn -0.2123 -0.9054 0.3677
vn -0.0000 -0.9054 0.4245
vn 0.2123 -0.9054 0.3677
vn 0.3677 -0.9054 0.2123
vn 0.4245 -0.9054 -0.0000
vn 0.3677 -0.9054 -0.2123
vn 0.2123 -0.9054 -0.3677
vn -0.2377 -0.8798 -0.4117
vn -0.3639 -0.6859 -0.6302
vn -0.0000 -0.6859 -0.7277
vn -0.0000 -0.8798 -0.4754
vn -0.4388 -0.4792 -0.7601
vn -0.0000 -0.4792 -0.8777
vn -0.4117 -0.8798 -0.2377
vn -0.6302 -0.6859 -0.3639
vn -0.4754 -0.8798 -0.0000
vn -0.7277 -0.6859 -0.0000
vn -0.4117 -0.8798 0.2377
vn -0.6302 -0.6859 0.3639
vn -0.2377 -0.8798 0.4117
vn -0.3639 -0.6859 0.6302
vn -0.0000 -0.8798 0.4754
vn -0.0000 -0.6859 0.7277
vn 0.2377 -0.8798 0.4117
vn 0.3639 -0.6859 0.6302
vn 0.4117 -0.8798 0.2377
vn 0.6302 -0.6859 0.3639
vn 0.4754 -0.8798 -0.0000
vn 0.7277 -0.6859 -0.0000
vn 0.4117 -0.8798 -0.2377
vn 0.6302 -0.6859 -0.3639
vn 0.2377 -0.8798 -0.4117
vn 0.3639 -0.6859 -0.6302
vn -0.3212 0.7664 -0.5563
vn -0.4460 0.4521 -0.7725
vn -0.0000 0.4521 -0.8920
vn -0.0000 0.7664 -0.6424
vn -0.7601 -0.4792 -0.4388
vn -0.8777 -0.4792 -0.0000
vn -0.7601 -0.4792 0.4388
vn -0.4388 -0.4792 0.7601
vn -0.0000 -0.4792 0.8777
vn 0.4388 -0.4792 0.7601
vn 0.7601 -0.4792 0.4388
vn 0.8777 -0.4792 -0.0000
vn 0.7601 -0.4792 -0.4388
vn 0.4388 -0.4792 -0.7601
vn -0.5563 0.7664 -0.3212
vn -0.7725 0.4521 -0.4460
vn -0.6424 0.7664 -0.0000
vn -0.8920 0.4521 -0.0000
vn -0.5563 0.7664 0.3212
vn -0.7725 0.4521 0.4460
vn -0.3212 0.7664 0.5563
vn -0.4460 0.4521 0.7725
vn -0.0000 0.7664 0.6424
vn -0.0000 0.4521 0.8920
vn 0.3212 0.7664 0.5563
vn 0.4460 0.4521 0.7725
vn 0.5563 0.7664 0.3212
vn 0.7725 0.4521 0.4460
vn 0.6424 0.7664 -0.0000
vn 0.8920 0.4521 -0.0000
vn 0.5563 0.7664 -0.3212
vn 0.7725 0.4521 -0.4460
vn 0.3212 0.7664 -0.5563
vn 0.4460 0.4521 -0.7725
vn -0.0748 0.9887 0.1296
vn -0.0000 0.9887 0.1496
vn 0.4958 0.8199 -0.2862
vn 0.1452 0.9858 -0.0838
vn 0.5725 0.8199 -0.0000
vn 0.1676 0.9858 -0.0000
vn 0.4958 0.8199 0.2863
vn 0.1452 0.9858 0.0838
vn 0.2862 0.8199 0.4958
vn 0.0838 0.9858 0.1452
vn -0.0000 0.8199 0.5725
vn -0.0000 0.9858 0.1676
vn -0.2863 0.8199 0.4958
vn -0.0838 0.9858 0.1452
vn -0.4958 0.8199 0.2862
vn -0.1452 0.9858 0.0838
vn -0.5725 0.8199 -0.0000
vn -0.1676 0.9858 -0.0000
vn -0.4958 0.8199 -0.2862
vn -0.1452 0.9858 -0.0838
vn -0.2863 0.8199 -0.4958
vn -0.0838 0.9858 -0.1452
vn 0.2574 -0.8573 -0.4459
vn 0.2997 -0.8005 -0.5190
vn -0.0000 -0.8005 -0.5993
vn -0.0000 -0.8573 -0.5149
vn -0.1296 0.9887 0.0748
vn -0.1496 0.9887 -0.0000
vn -0.1296 0.9887 -0.0748
vn -0.0748 0.9887 -0.1296
vn -0.0000 0.9887 -0.1496
vn 0.0748 0.9887 -0.1296
vn 0.1296 0.9887 -0.0748
vn 0.1496 0.9887 -0.0000
vn 0.1296 0.9887 0.0748
vn 0.0748 0.9887 0.1296
vn 0.2523 -0.8633 -0.4370
vn -0.0000 -0.8633 -0.5047
vn 0.4459 -0.8573 -0.2574
vn 0.5190 -0.8005 -0.2997
vn 0.5149 -0.8573 -0.0000
vn 0.5993 -0.8005 -0.0000
vn 0.4459 -0.8573 0.2574
vn 0.5190 -0.8005 0.2997
vn 0.2574 -0.8573 0.4459
vn 0.2997 -0.8005 0.5190
vn -0.0000 -0.8573 0.5149
vn -0.0000 -0.8005 0.5993
vn -0.2574 -0.8573 0.4459
vn -0.2997 -0.8005 0.5190
vn -0.4459 -0.8573 0.2574
vn -0.5190 -0.8005 0.2997
vn -0.5149 -0.8573 -0.0000
vn -0.5993 -0.8005 -0.0000
vn -0.4459 -0.8573 -0.2574
vn -0.5190 -0.8005 -0.2997
vn -0.2574 -0.8573 -0.4459
vn -0.2997 -0.8005 -0.5190
vn 0.2866 -0.8194 -0.4964
vn -0.0000 -0.8194 -0.5732
vn 0.4370 -0.8633 -0.2523
vn 0.5047 -0.8633 -0.0000
vn 0.4370 -0.8633 0.2523
vn 0.2523 -0.8633 0.4370
vn -0.0000 -0.8633 0.5047
vn -0.2523 -0.8633 0.4370
vn -0.4370 -0.8633 0.2523
vn -0.5047 -0.8633 -0.0000
vn -0.4370 -0.8633 -0.2523
vn -0.2523 -0.8633 -0.4370
vn 0.3935 -0.6169 -0.6816
vn 0.4529 -0.4238 -0.7844
vn -0.0000 -0.4238 -0.9058
vn -0.0000 -0.6169 -0.7870
vn 0.4964 -0.8194 -0.2866
vn 0.5732 -0.8194 -0.0000
vn 0.4964 -0.8194 0.2866
vn 0.2866 -0.8194 0.4964
vn -0.0000 -0.8194 0.5732
vn -0.2866 -0.8194 0.4964
vn -0.4964 -0.8194 0.2866
vn -0.5732 -0.8194 -0.0000
vn -0.4964 -0.8194 -0.2866
vn -0.2866 -0.8194 -0.4964
vn 0.4713 -0.3339 -0.8163
vn -0.0000 -0.3339 -0.9426
vn 0.6816 -0.6169 -0.3935
vn 0.7844 -0.4238 -0.4529
vn 0.7870 -0.6169 -0.0000
vn 0.9058 -0.4238 -0.0000
vn 0.6816 -0.6169 0.3935
vn 0.7844 -0.4238 0.4529
vn 0.3935 -0.6169 0.6816
vn 0.4529 -0.4238 0.7844
vn -0.0000 -0.6169 0.7870
vn -0.0000 -0.4238 0.9058
vn -0.3935 -0.6169 0.6816
vn -0.4529 -0.4238 0.7844
vn -0.6816 -0.6169 0.3935
vn -0.7844 -0.4238 0.4529
vn -0.7870 -0.6169 -0.0000
vn -0.9058 -0.4238 -0.0000
vn -0.6816 -0.6169 -0.3935
vn -0.7844 -0.4238 -0.4529
vn -0.3935 -0.6169 -0.6816
vn -0.4529 -0.4238 -0.7844
vn 0.4439 -0.4603 -0.7688
vn -0.0000 -0.4603 -0.8878
vn 0.7688 -0.4603 -0.4439
vn 0.8878 -0.4603 -0.0000
vn 0.7688 -0.4603 0.4439
vn 0.4439 -0.4603 0.7688
vn -0.0000 -0.4603 0.8878
vn -0.4439 -0.4603 0.7688
vn -0.7688 -0.4603 0.4439
vn -0.8878 -0.4603 -0.0000
vn -0.7688 -0.4603 -0.4439
vn -0.4439 -0.4603 -0.7688
vn 0.3763 -0.6584 -0.6518
vn -0.0000 -0.6584 -0.7527
vn 0.8163 -0.3339 -0.4713
vn 0.9426 -0.3339 -0.0000
vn 0.8163 -0.3339 0.4713
vn 0.4713 -0.3339 0.8163
vn -0.0000 -0.3339 0.9426
vn -0.4713 -0.3339 0.8163
vn -0.8163 -0.3339 0.4713
vn -0.9426 -0.3339 -0.0000
vn -0.8163 -0.3339 -0.4713
vn -0.4713 -0.3339 -0.8163
vn 0.4741 -0.3179 -0.8211
vn 0.2425 -0.8745 -0.4200
vn -0.0000 -0.8745 -0.4850
vn -0.0000 -0.3179 -0.9481
vn 0.6518 -0.6584 -0.3763
vn 0.7527 -0.6584 -0.0000
vn 0.6518 -0.6584 0.3763
vn 0.3763 -0.6584 0.6518
vn -0.0000 -0.6584 0.7527
vn -0.3763 -0.6584 0.6518
vn -0.6518 -0.6584 0.3763
vn -0.7527 -0.6584 -0.0000
vn -0.6518 -0.6584 -0.3763
vn -0.3763 -0.6584 -0.6518
vn 0.4200 -0.8745 -0.2425
vn 0.4850 -0.8745 -0.0000
vn 0.4200 -0.8745 0.2425
vn 0.2425 -0.8745 0.4200
vn -0.0000 -0.8745 0.4850
vn -0.2425 -0.8745 0.4200
vn -0.4200 -0.8745 0.2425
vn -0.4850 -0.8745 -0.0000
vn -0.4200 -0.8745 -0.2425
vn -0.2425 -0.8745 -0.4200
vn 0.8211 -0.3179 -0.4741
vn 0.9481 -0.3179 -0.0000
vn 0.8211 -0.3179 0.4741
vn 0.4741 -0.3179 0.8211
vn -0.0000 -0.3179 0.9481
vn -0.4741 -0.3179 0.8211
vn -0.8211 -0.3179 0.4741
vn -0.9481 -0.3179 -0.0000
vn -0.8211 -0.3179 -0.4741
vn -0.4741 -0.3179 -0.8211
vn 0.3884 0.6298 -0.6727
vn 0.4741 0.3179 -0.8211
vn -0.0000 0.3179 -0.9481
vn -0.0000 0.6298 -0.7767
vn 0.6727 0.6298 -0.3884
vn 0.8211 0.3179 -0.4741
vn 0.7767 0.6298 -0.0000
vn 0.9481 0.3179 -0.0000
vn 0.6727 0.6298 0.3884
vn 0.8211 0.3179 0.4741
vn 0.3884 0.6298 0.6727
vn 0.4741 0.3179 0.8211
vn -0.0000 0.6298 0.7767
vn -0.0000 0.3179 0.9481
vn -0.3884 0.6298 0.6727
vn -0.4741 0.3179 0.8211
vn -0.6727 0.6298 0.3884
vn -0.8211 0.3179 0.4741
vn -0.7767 0.6298 -0.0000
vn -0.9481 0.3179 -0.0000
vn -0.6727 0.6298 -0.3884
vn -0.8211 0.3179 -0.4741
vn -0.3884 0.6298 -0.6727
vn -0.4741 0.3179 -0.8211
vn -0.3540 0.7062 -0.6132
vn -0.2890 0.8160 -0.5006
vn -0.0000 0.8160 -0.5781
vn -0.0000 0.7062 -0.7080
vn -0.3758 -0.6596 -0.6509
vn -0.4911 -0.1879 -0.8506
vn -0.0000 -0.1879 -0.9822
vn -0.0000 -0.6596 -0.7516
vn -0.6509 -0.6596 -0.3758
vn -0.8506 -0.1879 -0.4911
vn -0.7516 -0.6596 -0.0000
vn -0.9822 -0.1879 -0.0000
vn -0.6509 -0.6596 0.3758
vn -0.8506 -0.1879 0.4911
vn -0.3758 -0.6596 0.6509
vn -0.4911 -0.1879 0.8506
vn -0.0000 -0.6596 0.7516
vn -0.0000 -0.1879 0.9822
vn 0.3758 -0.6596 0.6509
vn 0.4911 -0.1879 0.8506
vn 0.6509 -0.6596 0.3758
vn 0.8506 -0.1879 0.4911
vn 0.7516 -0.6596 -0.0000
vn 0.9822 -0.1879 -0.0000
vn 0.6509 -0.6596 -0.3758
vn 0.8506 -0.1879 -0.4911
vn 0.3758 -0.6596 -0.6509
vn 0.4911 -0.1879 -0.8506
vn -0.4830 -0.2587 -0.8365
vn -0.4957 0.1302 -0.8587
vn -0.0000 0.1302 -0.9915
vn -0.0000 -0.2587 -0.9660
vn -0.6132 0.7062 -0.3540
vn -0.5006 0.8160 -0.2890
vn -0.7080 0.7062 -0.0000
vn -0.5781 0.8160 -0.0000
vn -0.6132 0.7062 0.3540
vn -0.5006 0.8160 0.2890
vn -0.3540 0.7062 0.6132
vn -0.2890 0.8160 0.5006
vn -0.0000 0.7062 0.7080
vn -0.0000 0.8160 0.5781
vn 0.3540 0.7062 0.6132
vn 0.2890 0.8160 0.5006
vn 0.6132 0.7062 0.3540
vn 0.5006 0.8160 0.2890
vn 0.7080 0.7062 -0.0000
vn 0.5781 0.8160 -0.0000
vn 0.6132 0.7062 -0.3540
vn 0.5006 0.8160 -0.2890
vn 0.3540 0.7062 -0.6132
vn 0.2890 0.8160 -0.5006
vn -0.4461 0.4516 -0.7727
vn -0.0000 0.4516 -0.8922
vn -0.7727 0.4516 -0.4461
vn -0.8922 0.4516 -0.0000
vn -0.7727 0.4516 0.4461
vn -0.4461 0.4516 0.7727
vn -0.0000 0.4516 0.8922
vn 0.4461 0.4516 0.7727
vn 0.7727 0.4516 0.4461
vn 0.8922 0.4516 -0.0000
vn 0.7727 0.4516 -0.4461
vn 0.4461 0.4516 -0.7727
vn -0.4291 0.5133 -0.7432
vn -0.0000 0.5133 -0.8582
vn -0.8365 -0.2587 -0.4830
vn -0.8587 0.1302 -0.4957
vn -0.9660 -0.2587 -0.0000
vn -0.9915 0.1302 -0.0000
vn -0.8365 -0.2587 0.4830
vn -0.8587 0.1302 0.4957
vn -0.4830 -0.2587 0.8365
vn -0.4957 0.1302 0.8587
vn -0.0000 -0.2587 0.9660
vn -0.0000 0.1302 0.9915
vn 0.4830 -0.2587 0.8365
vn 0.4957 0.1302 0.8587
vn 0.8365 -0.2587 0.4830
vn 0.8587 0.1302 0.4957
vn 0.9660 -0.2587 -0.0000
vn 0.9915 0.1302 -0.0000
vn 0.8365 -0.2587 -0.4830
vn 0.8587 0.1302 -0.4957
vn 0.4830 -0.2587 -0.8365
vn 0.4957 0.1302 -0.8587
vn -0.3793 -0.6515 -0.6570
vn -0.4720 -0.3300 -0.8175
vn -0.0000 -0.3300 -0.9440
vn -0.0000 -0.6515 -0.7587
vn -0.7432 0.5133 -0.4291
vn -0.8582 0.5133 -0.0000
vn -0.7432 0.5133 0.4291
vn -0.4291 0.5133 0.7432
vn -0.0000 0.5133 0.8582
vn 0.4291 0.5133 0.7432
vn 0.7432 0.5133 0.4291
vn 0.8582 0.5133 -0.0000
vn 0.7432 0.5133 -0.4291
vn 0.4291 0.5133 -0.7432
vn -0.4507 0.4329 -0.7807
vn -0.0000 0.4329 -0.9014
vn -0.6570 -0.6515 -0.3793
vn -0.8175 -0.3300 -0.4720
vn -0.7587 -0.6515 -0.0000
vn -0.9440 -0.3300 -0.0000
vn -0.6570 -0.6515 0.3793
vn -0.8175 -0.3300 0.4720
vn -0.3793 -0.6515 0.6570
vn -0.4720 -0.3300 0.8175
vn -0.0000 -0.6515 0.7587
vn -0.0000 -0.3300 0.9440
vn 0.3793 -0.6515 0.6570
vn 0.4720 -0.3300 0.8175
vn 0.6570 -0.6515 0.3793
vn 0.8175 -0.3300 0.4720
vn 0.7587 -0.6515 -0.0000
vn 0.9440 -0.3300 -0.0000
vn 0.6570 -0.6515 -0.3793
vn 0.8175 -0.3300 -0.4720
vn 0.3793 -0.6515 -0.6570
vn 0.4720 -0.3300 -0.8175
vn -0.1725 0.9386 -0.2988
vn -0.0000 0.9386 -0.3451
vn -0.7807 0.4329 -0.4507
vn -0.9014 0.4329 -0.0000
vn -0.7807 0.4329 0.4507
vn -0.4507 0.4329 0.7807
vn -0.0000 0.4329 0.9014
vn 0.4507 0.4329 0.7807
vn 0.7807 0.4329 0.4507
vn 0.9014 0.4329 -0.0000
vn 0.7807 0.4329 -0.4507
vn 0.4507 0.4329 -0.7807
vn -0.2988 0.9386 -0.1725
vn -0.3451 0.9386 -0.0000
vn -0.2988 0.9386 0.1725
vn -0.1725 0.9386 0.2988
vn -0.0000 0.9386 0.3451
vn 0.1725 0.9386 0.2988
vn 0.2988 0.9386 0.1725
vn 0.3451 0.9386 -0.0000
vn 0.2988 0.9386 -0.1725
vn 0.1725 0.9386 -0.2988
vn 0.0045 0.0189 -0.9998
vn -0.0491 -0.7015 -0.7110
vn -0.0685 -0.9977 -0.0000
vn -0.0491 -0.7015 0.7110
vn 0.0045 0.0189 0.9998
vn 0.0606 0.7183 0.6931
vn 0.0830 0.9965 -0.0000
vn 0.0606 0.7183 -0.6931
vn 0.3069 0.6703 -0.6756
vn 0.0220 0.0598 -0.9980
vn 0.6010 0.4270 -0.6756
vn 0.0490 0.0408 -0.9980
vn 0.4235 0.9059 -0.0000
vn 0.3069 0.6703 0.6756
vn 0.0220 0.0598 0.9980
vn -0.2629 -0.6211 0.7384
vn -0.3788 -0.9255 -0.0000
vn -0.2629 -0.6211 -0.7384
vn 0.8197 0.5728 -0.0000
vn 0.6010 0.4270 0.6756
vn 0.0490 0.0408 0.9980
vn -0.5382 -0.4064 0.7384
vn -0.7908 -0.6121 -0.0000
vn -0.5382 -0.4064 -0.7384
vn 0.0249 0.0109 -0.9996
vn -0.0598 -0.0220 -0.9980
vn -0.6703 -0.3069 -0.6756
vn -0.6757 -0.1915 -0.7118
vn -0.9592 -0.2827 -0.0000
vn -0.6757 -0.1915 0.7118
vn -0.0408 -0.0490 -0.9980
vn -0.4270 -0.6010 -0.6756
vn 0.0249 0.0109 0.9996
vn -0.0598 -0.0220 0.9980
vn 0.6211 0.2629 0.7384
vn 0.7061 0.1781 0.6853
vn 0.7061 0.1781 -0.6853
vn 0.6211 0.2629 -0.7384
vn -0.0306 -0.0874 -0.9957
vn -0.2651 -0.7128 -0.6493
vn -0.5728 -0.8197 -0.0000
vn -0.9059 -0.4235 -0.0000
vn -0.4270 -0.6010 0.6756
vn -0.6703 -0.3069 0.6756
vn -0.0408 -0.0490 0.9980
vn 0.4064 0.5382 0.7384
vn 0.6121 0.7908 -0.0000
vn 0.9255 0.3788 -0.0000
vn 0.4064 0.5382 -0.7384
vn -0.3468 -0.9379 -0.0000
vn -0.2651 -0.7128 0.6493
vn -0.0306 -0.0874 0.9957
vn 0.2525 0.6242 0.7394
vn 0.3793 0.9253 -0.0000
vn 0.2525 0.6242 -0.7394
vn 0.9719 0.2355 -0.0000
vn -0.5564 0.7664 -0.3212
vn -0.4958 0.8199 0.2863
vn -0.2862 0.8199 0.4958
vn 0.2863 0.8199 0.4958
vn 0.4958 0.8199 0.2862
vn 0.7071 -0.0000 -0.7071
vn 0.7071 -0.0000 0.7071
vn -0.7071 -0.0000 0.7071
vn -0.0000 -0.9831 -0.1830
vn -0.1294 -0.9831 -0.1294
vn -0.7071 -0.0000 -0.7071
vn -0.6472 0.4027 -0.6472
vn -0.0000 0.4027 -0.9153
vn -0.1830 -0.9831 -0.0000
vn -0.1294 -0.9831 0.1294
vn -0.0000 -0.9831 0.1830
vn 0.1294 -0.9831 0.1294
vn 0.1830 -0.9831 -0.0000
vn 0.1294 -0.9831 -0.1294
vn -0.4329 0.7907 -0.4329
vn -0.0000 0.7907 -0.6122
vn -0.9153 0.4027 -0.0000
vn -0.6472 0.4027 0.6472
vn -0.0000 0.4027 0.9153
vn 0.6472 0.4027 0.6472
vn 0.9153 0.4027 -0.0000
vn 0.6472 0.4027 -0.6472
vn -0.0000 -0.5181 -0.8553
vn -0.6048 -0.5181 -0.6048
vn -0.6921 -0.2052 -0.6921
vn -0.0000 -0.2052 -0.9787
vn -0.6122 0.7907 -0.0000
vn -0.4329 0.7907 0.4329
vn -0.0000 0.7907 0.6122
vn 0.4329 0.7907 0.4329
vn 0.6122 0.7907 -0.0000
vn 0.4329 0.7907 -0.4329
vn -0.0000 0.4606 -0.8876
vn -0.6276 0.4606 -0.6276
vn -0.4138 0.8109 -0.4138
vn -0.0000 0.8109 -0.5852
vn -0.8553 -0.5181 -0.0000
vn -0.9787 -0.2052 -0.0000
vn -0.6048 -0.5181 0.6048
vn -0.6921 -0.2052 0.6921
vn -0.0000 -0.5181 0.8553
vn -0.0000 -0.2052 0.9787
vn 0.6048 -0.5181 0.6048
vn 0.6921 -0.2052 0.6921
vn 0.8553 -0.5181 -0.0000
vn 0.9787 -0.2052 -0.0000
vn 0.6048 -0.5181 -0.6048
vn 0.6921 -0.2052 -0.6921
vn -0.8876 0.4606 -0.0000
vn -0.5852 0.8109 -0.0000
vn -0.6276 0.4606 0.6276
vn -0.4138 0.8109 0.4138
vn -0.0000 0.4606 0.8876
vn -0.0000 0.8109 0.5852
vn 0.6276 0.4606 0.6276
vn 0.4138 0.8109 0.4138
vn 0.8876 0.4606 -0.0000
vn 0.5852 0.8109 -0.0000
vn 0.6276 0.4606 -0.6276
vn 0.4138 0.8109 -0.4138
vn -0.7597 -0.6503 -0.0000
vn -0.3798 -0.6503 -0.6579
vn -0.7597 0.6503 -0.0000
vn -0.3798 0.6503 -0.6579
vn 0.3798 -0.6503 -0.6579
vn 0.3798 0.6503 -0.6579
vn 0.7597 -0.6503 -0.0000
vn 0.7597 0.6503 -0.0000
vn 0.3798 -0.6503 0.6579
vn 0.3798 0.6503 0.6579
vn -0.3798 -0.6503 0.6579
vn -0.3798 0.6503 0.6579
vn -0.0000 0.8663 -0.4996
vn -0.2498 0.8663 -0.4327
vn -0.2624 0.8512 -0.4545
vn -0.0000 0.8512 -0.5248
vn -0.2788 0.8301 -0.4829
vn -0.0000 0.8301 -0.5576
vn -0.4327 0.8663 -0.2498
vn -0.4545 0.8512 -0.2624
vn -0.4996 0.8663 -0.0000
vn -0.5248 0.8512 -0.0000
vn -0.4327 0.8663 0.2498
vn -0.4545 0.8512 0.2624
vn -0.2498 0.8663 0.4327
vn -0.2624 0.8512 0.4545
vn -0.0000 0.8663 0.4996
vn -0.0000 0.8512 0.5248
vn 0.2498 0.8663 0.4327
vn 0.2624 0.8512 0.4545
vn 0.4327 0.8663 0.2498
vn 0.4545 0.8512 0.2624
vn 0.4996 0.8663 -0.0000
vn 0.5248 0.8512 -0.0000
vn 0.4327 0.8663 -0.2498
vn 0.4545 0.8512 -0.2624
vn 0.2498 0.8663 -0.4327
vn 0.2624 0.8512 -0.4545
vn -0.4829 0.8301 -0.2788
vn -0.5576 0.8301 -0.0000
vn -0.4829 0.8301 0.2788
vn -0.2788 0.8301 0.4829
vn -0.0000 0.8301 0.5576
vn 0.2788 0.8301 0.4829
vn 0.4829 0.8301 0.2788
vn 0.5576 0.8301 -0.0000
vn 0.4829 0.8301 -0.2788
vn 0.2788 0.8301 -0.4829
vn -0.2350 0.8827 -0.4070
vn -0.0000 0.8827 -0.4699
vn -0.4544 0.4173 -0.7870
vn -0.0000 0.4173 -0.9088
vn -0.4070 0.8827 -0.2350
vn -0.4699 0.8827 -0.0000
vn -0.4070 0.8827 0.2350
vn -0.2350 0.8827 0.4070
vn -0.0000 0.8827 0.4699
vn 0.2350 0.8827 0.4070
vn 0.4070 0.8827 0.2350
vn 0.4699 0.8827 -0.0000
vn 0.4070 0.8827 -0.2350
vn 0.2350 0.8827 -0.4070
vn -0.0000 -0.6858 -0.7278
vn -0.3639 -0.6858 -0.6303
vn -0.4992 -0.0566 -0.8646
vn -0.0000 -0.0566 -0.9984
vn -0.7870 0.4173 -0.4544
vn -0.9088 0.4173 -0.0000
vn -0.7870 0.4173 0.4544
vn -0.4544 0.4173 0.7870
vn -0.0000 0.4173 0.9088
vn 0.4544 0.4173 0.7870
vn 0.7870 0.4173 0.4544
vn 0.9088 0.4173 -0.0000
vn 0.7870 0.4173 -0.4544
vn 0.4544 0.4173 -0.7870
vn -0.4037 0.5901 -0.6992
vn -0.0000 0.5901 -0.8073
vn -0.6303 -0.6858 -0.3639
vn -0.8646 -0.0566 -0.4992
vn -0.7278 -0.6858 -0.0000
vn -0.9984 -0.0566 -0.0000
vn -0.6303 -0.6858 0.3639
vn -0.8646 -0.0566 0.4992
vn -0.3639 -0.6858 0.6303
vn -0.4992 -0.0566 0.8646
vn -0.0000 -0.6858 0.7278
vn -0.0000 -0.0566 0.9984
vn 0.3639 -0.6858 0.6303
vn 0.4992 -0.0566 0.8646
vn 0.6303 -0.6858 0.3639
vn 0.8646 -0.0566 0.4992
vn 0.7278 -0.6858 -0.0000
vn 0.9984 -0.0566 -0.0000
vn 0.6303 -0.6858 -0.3639
vn 0.8646 -0.0566 -0.4992
vn 0.3639 -0.6858 -0.6303
vn 0.4992 -0.0566 -0.8646
vn -0.6992 0.5901 -0.4037
vn -0.8073 0.5901 -0.0000
vn -0.6992 0.5901 0.4037
vn -0.4037 0.5901 0.6992
vn -0.0000 0.5901 0.8073
vn 0.4037 0.5901 0.6992
vn 0.6992 0.5901 0.4037
vn 0.8073 0.5901 -0.0000
vn 0.6992 0.5901 -0.4037
vn 0.4037 0.5901 -0.6992
vn -0.4097 -0.9122 -0.0000
vn -0.7226 -0.6913 -0.0000
vn -0.6258 -0.6913 -0.3613
vn -0.3548 -0.9122 -0.2049
vn -0.9283 -0.3718 -0.0000
vn -0.8040 -0.3718 -0.4642
vn -0.9283 0.3718 -0.0000
vn -0.8040 0.3718 -0.4642
vn -0.7226 0.6913 -0.0000
vn -0.6258 0.6913 -0.3613
vn -0.4097 0.9122 -0.0000
vn -0.3548 0.9122 -0.2049
vn -0.3613 -0.6913 -0.6258
vn -0.2049 -0.9122 -0.3548
vn -0.4642 -0.3718 -0.8040
vn -0.4642 0.3718 -0.8040
vn -0.3613 0.6913 -0.6258
vn -0.2049 0.9122 -0.3548
vn -0.0000 -0.6913 -0.7226
vn -0.0000 -0.9122 -0.4097
vn -0.0000 -0.3718 -0.9283
vn -0.0000 0.3718 -0.9283
vn -0.0000 0.6913 -0.7226
vn -0.0000 0.9122 -0.4097
vn 0.3613 -0.6913 -0.6258
vn 0.2049 -0.9122 -0.3548
vn 0.4642 -0.3718 -0.8040
vn 0.4642 0.3718 -0.8040
vn 0.3613 0.6913 -0.6258
vn 0.2049 0.9122 -0.3548
vn 0.6258 -0.6913 -0.3613
vn 0.3548 -0.9122 -0.2049
vn 0.8040 -0.3718 -0.4642
vn 0.8040 0.3718 -0.4642
vn 0.6258 0.6913 -0.3613
vn 0.3548 0.9122 -0.2049
vn 0.7226 -0.6913 -0.0000
vn 0.4097 -0.9122 -0.0000
vn 0.9283 -0.3718 -0.0000
vn 0.9283 0.3718 -0.0000
vn 0.7226 0.6913 -0.0000
vn 0.4097 0.9122 -0.0000
vn 0.6258 -0.6913 0.3613
vn 0.3548 -0.9122 0.2049
vn 0.8040 -0.3718 0.4642
vn 0.8040 0.3718 0.4642
vn 0.6258 0.6913 0.3613
vn 0.3548 0.9122 0.2049
vn 0.3613 -0.6913 0.6258
vn 0.2049 -0.9122 0.3548
vn 0.4642 -0.3718 0.8040
vn 0.4642 0.3718 0.8040
vn 0.3613 0.6913 0.6258
vn 0.2049 0.9122 0.3548
vn -0.0000 -0.6913 0.7226
vn -0.0000 -0.9122 0.4097
vn -0.0000 -0.3718 0.9283
vn -0.0000 0.3718 0.9283
vn -0.0000 0.6913 0.7226
vn -0.0000 0.9122 0.4097
vn -0.3613 -0.6913 0.6258
vn -0.2049 -0.9122 0.3548
vn -0.4642 -0.3718 0.8040
vn -0.4642 0.3718 0.8040
vn -0.3613 0.6913 0.6258
vn -0.2049 0.9122 0.3548
vn -0.6258 -0.6913 0.3613
vn -0.3548 -0.9122 0.2049
vn -0.8040 -0.3718 0.4642
vn -0.8040 0.3718 0.4642
vn -0.6258 0.6913 0.3613
vn -0.3548 0.9122 0.2049
vn -0.0000 0.6159 -0.7878
vn -0.3939 0.6159 -0.6822
vn -0.6822 0.6159 -0.3939
vn -0.7878 0.6159 -0.0000
vn -0.6822 0.6159 0.3939
vn -0.3939 0.6159 0.6822
vn -0.0000 0.6159 0.7878
vn 0.3939 0.6159 0.6822
vn 0.6822 0.6159 0.3939
vn 0.7878 0.6159 -0.0000
vn 0.6822 0.6159 -0.3939
vn 0.3939 0.6159 -0.6822
vt 0.526204 0.860735
vt 0.520493 0.860651
vt 0.521429 0.813092
vt 0.526908 0.813780
vt 0.514830 0.860559
vt 0.515640 0.812673
vt 0.560591 0.860468
vt 0.554877 0.860564
vt 0.553982 0.813129
vt 0.559787 0.812698
vt 0.549236 0.860657
vt 0.548473 0.813814
vt 0.543542 0.860739
vt 0.543074 0.814420
vt 0.537776 0.860790
vt 0.537674 0.814647
vt 0.528061 0.794297
vt 0.532955 0.793919
vt 0.532281 0.814401
vt 0.531977 0.860788
vt 0.527782 0.775066
vt 0.532817 0.774427
vt 0.537700 0.793729
vt 0.542446 0.793925
vt 0.547343 0.794306
vt 0.552696 0.794712
vt 0.558672 0.794843
vt 0.516740 0.794836
vt 0.522712 0.794703
vt 0.537705 0.774150
vt 0.542592 0.774428
vt 0.547627 0.775068
vt 0.553096 0.775895
vt 0.559105 0.776533
vt 0.516307 0.776529
vt 0.522315 0.775892
vt 0.526241 0.754255
vt 0.520452 0.756445
vt 0.516141 0.730760
vt 0.522666 0.730806
vt 0.554960 0.756446
vt 0.561131 0.757935
vt 0.515692 0.704061
vt 0.522418 0.705080
vt 0.549171 0.754256
vt 0.543505 0.752445
vt 0.545635 0.730992
vt 0.552747 0.730807
vt 0.531906 0.752444
vt 0.529778 0.730991
vt 0.519804 0.677347
vt 0.525845 0.680509
vt 0.509609 0.731092
vt 0.509209 0.703369
vt 0.565804 0.731093
vt 0.559272 0.730761
vt 0.559722 0.704061
vt 0.566205 0.703370
vt 0.552996 0.705080
vt 0.545708 0.706097
vt 0.537706 0.730947
vt 0.537707 0.706421
vt 0.529706 0.706097
vt 0.513507 0.675500
vt 0.555610 0.677347
vt 0.561908 0.675500
vt 0.549569 0.680509
vt 0.543746 0.683511
vt 0.537707 0.684801
vt 0.531667 0.683511
vt 0.537706 0.751791
vt 0.514281 0.757933
vt 0.732731 0.644053
vt 0.731918 0.638394
vt 0.741001 0.636942
vt 0.741605 0.642624
vt 0.788798 0.653040
vt 0.789354 0.641995
vt 0.798996 0.643219
vt 0.797985 0.654066
vt 0.808948 0.764370
vt 0.799895 0.764866
vt 0.806942 0.655392
vt 0.815580 0.656995
vt 0.723219 0.646364
vt 0.721897 0.640032
vt 0.779480 0.652333
vt 0.779524 0.641221
vt 0.790660 0.764839
vt 0.750784 0.641580
vt 0.750466 0.635641
vt 0.760172 0.634883
vt 0.760207 0.640982
vt 0.770187 0.651920
vt 0.769793 0.640824
vt 0.781406 0.764975
vt 0.770035 0.634547
vt 0.761003 0.651823
vt 0.772281 0.764445
vt 0.780094 0.635031
vt 0.751988 0.652001
vt 0.763037 0.763803
vt 0.790264 0.635818
vt 0.743254 0.652396
vt 0.753690 0.762988
vt 0.800183 0.637194
vt 0.734981 0.652986
vt 0.744284 0.761818
vt 0.809809 0.639046
vt 0.808376 0.644856
vt 0.727084 0.654031
vt 0.734977 0.760030
vt 0.810926 0.632769
vt 0.820408 0.635347
vt 0.819084 0.641269
vt 0.823804 0.658879
vt 0.826395 0.649121
vt 0.836344 0.652111
vt 0.831408 0.661036
vt 0.726094 0.757569
vt 0.817461 0.646846
vt 0.718696 0.753838
vt 0.817568 0.763049
vt 0.825342 0.760809
vt 0.818627 0.766444
vt 0.809525 0.768023
vt 0.828095 0.643629
vt 0.837628 0.645586
vt 0.812348 0.626206
vt 0.822116 0.629103
vt 0.800991 0.630664
vt 0.790756 0.629080
vt 0.780417 0.627890
vt 0.769947 0.628408
vt 0.759531 0.628476
vt 0.749496 0.629321
vt 0.739927 0.630502
vt 0.730993 0.632851
vt 0.722582 0.634164
vt 0.829270 0.638242
vt 0.837273 0.640487
vt 0.812807 0.624450
vt 0.822657 0.627462
vt 0.802037 0.623845
vt 0.791371 0.622132
vt 0.780541 0.621164
vt 0.769586 0.621133
vt 0.758806 0.621615
vt 0.748384 0.622776
vt 0.738519 0.624533
vt 0.729429 0.626872
vt 0.721406 0.629623
vt 0.831109 0.632393
vt 0.839031 0.636054
vt 0.813442 0.622094
vt 0.823419 0.625261
vt 0.802392 0.622009
vt 0.791603 0.620247
vt 0.780627 0.619266
vt 0.769551 0.619217
vt 0.758653 0.619753
vt 0.748117 0.620994
vt 0.738147 0.622875
vt 0.729007 0.625452
vt 0.720693 0.628471
vt 0.831733 0.630864
vt 0.840018 0.634700
vt 0.814017 0.619883
vt 0.824122 0.623194
vt 0.802875 0.619546
vt 0.791910 0.617722
vt 0.780738 0.616723
vt 0.769481 0.616662
vt 0.758416 0.617276
vt 0.747722 0.618634
vt 0.737608 0.620681
vt 0.728315 0.623349
vt 0.720392 0.626361
vt 0.832533 0.629004
vt 0.840393 0.633010
vt 0.814981 0.616660
vt 0.825285 0.620191
vt 0.803303 0.617229
vt 0.792168 0.615341
vt 0.780807 0.614321
vt 0.769378 0.614257
vt 0.758150 0.614939
vt 0.747301 0.616403
vt 0.737042 0.618606
vt 0.727645 0.621548
vt 0.719455 0.625071
vt 0.833415 0.627034
vt 0.841740 0.631470
vt 0.816271 0.611920
vt 0.826903 0.615747
vt 0.804037 0.613844
vt 0.792641 0.611856
vt 0.780996 0.610798
vt 0.769295 0.610738
vt 0.757808 0.611519
vt 0.746718 0.613141
vt 0.736231 0.615561
vt 0.726575 0.618724
vt 0.718342 0.622570
vt 0.834732 0.624406
vt 0.842986 0.629228
vt 0.820567 0.600212
vt 0.831995 0.604935
vt 0.804965 0.608868
vt 0.793160 0.606733
vt 0.781079 0.605624
vt 0.768956 0.605591
vt 0.757072 0.606524
vt 0.745616 0.608395
vt 0.734787 0.611155
vt 0.724764 0.614823
vt 0.715878 0.619708
vt 0.836804 0.620257
vt 0.846103 0.626056
vt 0.824449 0.589282
vt 0.836547 0.595172
vt 0.808271 0.596415
vt 0.795323 0.593788
vt 0.782023 0.592460
vt 0.768686 0.592463
vt 0.755634 0.593750
vt 0.743122 0.596244
vt 0.731367 0.599850
vt 0.720357 0.604528
vt 0.708638 0.610356
vt 0.842638 0.610229
vt 0.853522 0.616076
vt 0.829504 0.576427
vt 0.842746 0.583785
vt 0.811078 0.584663
vt 0.796872 0.581575
vt 0.782263 0.580119
vt 0.767646 0.580293
vt 0.753385 0.582019
vt 0.739798 0.585185
vt 0.727183 0.589608
vt 0.715804 0.594954
vt 0.705821 0.600310
vt 0.847035 0.601799
vt 0.856026 0.607723
vt 0.856137 0.511949
vt 0.882063 0.529116
vt 0.814577 0.570813
vt 0.798660 0.567204
vt 0.782332 0.565643
vt 0.766065 0.566066
vt 0.750256 0.568354
vt 0.735260 0.572368
vt 0.721457 0.577958
vt 0.709403 0.585001
vt 0.700828 0.592960
vt 0.853573 0.592289
vt 0.861963 0.601156
vt 0.859532 0.505575
vt 0.887058 0.523400
vt 0.828616 0.501285
vt 0.800919 0.496261
vt 0.773899 0.496036
vt 0.748072 0.499992
vt 0.723801 0.507769
vt 0.701445 0.519273
vt 0.681501 0.534696
vt 0.664668 0.554558
vt 0.651010 0.579836
vt 0.904553 0.552878
vt 0.922189 0.582842
vt 0.089749 0.972062
vt 0.071043 0.939664
vt 0.071043 0.902254
vt 0.089749 0.869856
vt 0.122147 0.851150
vt 0.159557 0.851150
vt 0.191955 0.869855
vt 0.210660 0.902254
vt 0.210660 0.939664
vt 0.191955 0.972062
vt 0.159557 0.990767
vt 0.122147 0.990767
vt 0.830541 0.494709
vt 0.801595 0.489756
vt 0.773510 0.489756
vt 0.746738 0.494029
vt 0.721573 0.502196
vt 0.698303 0.514176
vt 0.677354 0.530207
vt 0.659407 0.550821
vt 0.644854 0.576428
vt 0.910707 0.548339
vt 0.928980 0.578763
vt 0.820962 0.772754
vt 0.810811 0.774814
vt 0.826775 0.763336
vt 0.724656 0.761180
vt 0.716529 0.756295
vt 0.734205 0.763812
vt 0.743825 0.765696
vt 0.753447 0.766830
vt 0.762903 0.767581
vt 0.772195 0.768168
vt 0.781456 0.768783
vt 0.790809 0.768524
vt 0.800154 0.768611
vt 0.656060 0.750613
vt 0.653095 0.742909
vt 0.668036 0.733929
vt 0.673491 0.740211
vt 0.830604 0.768183
vt 0.721509 0.767909
vt 0.711157 0.761112
vt 0.732407 0.771244
vt 0.743185 0.772987
vt 0.753256 0.773862
vt 0.762902 0.774404
vt 0.772250 0.774808
vt 0.781284 0.775196
vt 0.790741 0.775562
vt 0.800778 0.775572
vt 0.650210 0.735618
vt 0.662740 0.727771
vt 0.636166 0.754072
vt 0.636585 0.745965
vt 0.616737 0.614210
vt 0.618177 0.622163
vt 0.602486 0.627627
vt 0.598250 0.620987
vt 0.636774 0.614210
vt 0.635569 0.622360
vt 0.655956 0.620443
vt 0.652407 0.627940
vt 0.672505 0.631809
vt 0.667018 0.638060
vt 0.685451 0.647214
vt 0.678460 0.651795
vt 0.693926 0.665634
vt 0.685925 0.668205
vt 0.697161 0.685749
vt 0.688748 0.686059
vt 0.694753 0.706004
vt 0.686600 0.703961
vt 0.686717 0.724734
vt 0.679538 0.720426
vt 0.649766 0.734567
vt 0.661962 0.726902
vt 0.636583 0.738578
vt 0.619343 0.629947
vt 0.606128 0.634189
vt 0.634206 0.630364
vt 0.648759 0.635345
vt 0.661414 0.644230
vt 0.671368 0.656260
vt 0.677872 0.670652
vt 0.680340 0.686256
vt 0.678516 0.701838
vt 0.672490 0.716104
vt 0.642179 0.718018
vt 0.635481 0.707441
vt 0.638695 0.703828
vt 0.648992 0.712894
vt 0.636622 0.737458
vt 0.619496 0.631042
vt 0.606698 0.635077
vt 0.633984 0.631561
vt 0.648204 0.636408
vt 0.660625 0.645085
vt 0.670340 0.656917
vt 0.676702 0.671018
vt 0.679119 0.686298
vt 0.677341 0.701546
vt 0.671464 0.715496
vt 0.633978 0.705796
vt 0.636658 0.702456
vt 0.634178 0.720818
vt 0.631960 0.709783
vt 0.621023 0.649692
vt 0.620913 0.663241
vt 0.616022 0.662827
vt 0.612607 0.651173
vt 0.629968 0.650657
vt 0.626075 0.664846
vt 0.638739 0.654171
vt 0.631096 0.667688
vt 0.646537 0.660033
vt 0.635540 0.671701
vt 0.652716 0.667817
vt 0.639052 0.676670
vt 0.656805 0.676986
vt 0.641410 0.682185
vt 0.658505 0.686921
vt 0.642526 0.687995
vt 0.657642 0.696696
vt 0.642526 0.693767
vt 0.654392 0.705496
vt 0.641249 0.699273
vt 0.646257 0.726551
vt 0.655810 0.720100
vt 0.635560 0.729509
vt 0.620502 0.640020
vt 0.609637 0.642619
vt 0.632269 0.640719
vt 0.643836 0.644901
vt 0.654045 0.652233
vt 0.662079 0.662134
vt 0.667335 0.673884
vt 0.669373 0.686591
vt 0.667997 0.699203
vt 0.663338 0.710677
vt 0.628758 0.701547
vt 0.629951 0.699148
vt 0.630801 0.708306
vt 0.620371 0.665819
vt 0.615814 0.665245
vt 0.624898 0.667358
vt 0.629359 0.670021
vt 0.633290 0.673658
vt 0.636439 0.678161
vt 0.638564 0.683033
vt 0.639677 0.688281
vt 0.639712 0.693451
vt 0.638706 0.698323
vt 0.623017 0.699975
vt 0.620188 0.698865
vt 0.620709 0.697228
vt 0.623578 0.697821
vt 0.627600 0.703481
vt 0.618103 0.673411
vt 0.615512 0.672058
vt 0.620862 0.675305
vt 0.623822 0.677172
vt 0.626164 0.679891
vt 0.628279 0.682836
vt 0.629540 0.686318
vt 0.630776 0.689615
vt 0.630962 0.693046
vt 0.630934 0.696297
vt 0.224435 0.842040
vt 0.216713 0.846498
vt 0.207796 0.846498
vt 0.200075 0.842040
vt 0.195617 0.834318
vt 0.195617 0.825402
vt 0.200075 0.817681
vt 0.207796 0.813222
vt 0.216713 0.813222
vt 0.224435 0.817681
vt 0.228893 0.825402
vt 0.228893 0.834319
vt 0.622032 0.702333
vt 0.619406 0.700410
vt 0.613629 0.680067
vt 0.612206 0.683563
vt 0.610052 0.682983
vt 0.610468 0.678811
vt 0.616096 0.681510
vt 0.614152 0.684584
vt 0.618182 0.683153
vt 0.615881 0.685852
vt 0.619985 0.685000
vt 0.617387 0.687299
vt 0.621470 0.686994
vt 0.618642 0.688885
vt 0.622578 0.689099
vt 0.619751 0.690462
vt 0.623370 0.691262
vt 0.620400 0.692157
vt 0.623773 0.693469
vt 0.620891 0.693852
vt 0.623841 0.695660
vt 0.620944 0.695546
vt 0.625043 0.700622
vt 0.625615 0.698277
vt 0.624364 0.703063
vt 0.615175 0.677649
vt 0.611967 0.675597
vt 0.617745 0.679440
vt 0.619955 0.681365
vt 0.621948 0.683519
vt 0.623561 0.685860
vt 0.624741 0.688237
vt 0.625532 0.690777
vt 0.625968 0.693311
vt 0.625945 0.695847
vt 0.862186 0.906240
vt 0.840869 0.862056
vt 0.860600 0.854128
vt 0.887230 0.893393
vt 0.885618 0.963405
vt 0.878465 0.945993
vt 0.909067 0.931049
vt 0.918350 0.947794
vt 0.851471 0.974915
vt 0.846559 0.956826
vt 0.816153 0.982078
vt 0.813571 0.963488
vt 0.780091 0.984715
vt 0.779911 0.965873
vt 0.743804 0.982689
vt 0.746076 0.963886
vt 0.707875 0.975927
vt 0.712599 0.957479
vt 0.672920 0.964492
vt 0.679981 0.946706
vt 0.639493 0.948764
vt 0.648492 0.931814
vt 0.607678 0.929947
vt 0.617437 0.913428
vt 0.574651 0.911421
vt 0.581811 0.891156
vt 0.949912 0.928507
vt 0.938722 0.911736
vt 0.972094 0.886194
vt 0.982418 0.906893
vt 0.835403 0.846106
vt 0.853596 0.839116
vt 0.835673 0.915368
vt 0.820033 0.867821
vt 0.808136 0.920885
vt 0.798537 0.871199
vt 0.780032 0.922779
vt 0.776762 0.872043
vt 0.751842 0.921002
vt 0.755101 0.870276
vt 0.724055 0.915510
vt 0.733985 0.865896
vt 0.697141 0.906240
vt 0.713899 0.858980
vt 0.671480 0.892996
vt 0.695437 0.849725
vt 0.647219 0.875054
vt 0.679406 0.838538
vt 0.623695 0.849174
vt 0.666661 0.826591
vt 0.910270 0.876336
vt 0.878615 0.844320
vt 0.893251 0.832980
vt 0.929934 0.853560
vt 0.871637 0.928353
vt 0.899882 0.914136
vt 0.842079 0.938534
vt 0.811479 0.944752
vt 0.780255 0.946961
vt 0.748889 0.945094
vt 0.717882 0.939107
vt 0.687681 0.928995
vt 0.658501 0.914745
vt 0.629764 0.896056
vt 0.598287 0.870191
vt 0.926954 0.895365
vt 0.954038 0.869250
vt 0.831374 0.834237
vt 0.848593 0.827906
vt 0.816328 0.851242
vt 0.796757 0.854271
vt 0.776984 0.855051
vt 0.757342 0.853523
vt 0.738198 0.849713
vt 0.719947 0.843744
vt 0.703002 0.835897
vt 0.687694 0.826726
vt 0.673829 0.816500
vt 0.870352 0.830562
vt 0.885860 0.820307
vt 0.826170 0.819764
vt 0.842402 0.813845
vt 0.813536 0.838983
vt 0.795357 0.841808
vt 0.777026 0.842568
vt 0.758825 0.841224
vt 0.741067 0.837822
vt 0.724081 0.832490
vt 0.708200 0.825466
vt 0.693769 0.817131
vt 0.681132 0.808876
vt 0.864768 0.820698
vt 0.879018 0.812287
vt 0.823952 0.812239
vt 0.839648 0.806436
vt 0.809746 0.824133
vt 0.793283 0.826760
vt 0.776670 0.827479
vt 0.760167 0.826310
vt 0.744032 0.823330
vt 0.728500 0.818685
vt 0.713726 0.812614
vt 0.699623 0.805432
vt 0.685103 0.797335
vt 0.858161 0.806646
vt 0.874785 0.798351
vt 0.822455 0.807685
vt 0.837884 0.802138
vt 0.808258 0.816558
vt 0.792710 0.819193
vt 0.776955 0.819928
vt 0.761286 0.818884
vt 0.745936 0.816137
vt 0.731107 0.811813
vt 0.716923 0.806104
vt 0.703266 0.799217
vt 0.689140 0.790254
vt 0.854839 0.799483
vt 0.870349 0.790417
vt 0.522641 0.974622
vt 0.515281 0.961875
vt 0.515281 0.947155
vt 0.522641 0.934408
vt 0.535388 0.927048
vt 0.550108 0.927048
vt 0.562855 0.934408
vt 0.570215 0.947155
vt 0.570215 0.961875
vt 0.562855 0.974622
vt 0.550108 0.981982
vt 0.535388 0.981982
vt 0.807292 0.812419
vt 0.792242 0.814857
vt 0.776980 0.815568
vt 0.761791 0.814576
vt 0.746897 0.811941
vt 0.732481 0.807775
vt 0.718665 0.802236
vt 0.705427 0.795448
vt 0.692522 0.786851
vt 0.852724 0.795443
vt 0.866990 0.786851
vt 0.371508 0.965910
vt 0.403906 0.984615
vt 0.441317 0.984615
vt 0.473715 0.965910
vt 0.492420 0.933512
vt 0.492420 0.896102
vt 0.473715 0.863703
vt 0.441317 0.844998
vt 0.403906 0.844998
vt 0.371508 0.863704
vt 0.352803 0.896102
vt 0.352803 0.933512
vt 0.212131 0.796516
vt 0.216589 0.788794
vt 0.216589 0.779878
vt 0.212131 0.772156
vt 0.204409 0.767698
vt 0.195492 0.767698
vt 0.187771 0.772156
vt 0.183313 0.779878
vt 0.183313 0.788794
vt 0.187771 0.796516
vt 0.195492 0.800974
vt 0.204409 0.800974
vt 0.814049 0.013308
vt 0.806690 0.313465
vt 0.797695 0.314821
vt 0.805409 0.013096
vt 0.788478 0.315283
vt 0.797692 0.012895
vt 0.779352 0.315249
vt 0.789974 0.012669
vt 0.770412 0.315022
vt 0.782259 0.012418
vt 0.761685 0.314700
vt 0.774547 0.012140
vt 0.753176 0.314223
vt 0.766839 0.011836
vt 0.736942 0.311022
vt 0.744871 0.313302
vt 0.739064 0.325113
vt 0.726652 0.320383
vt 0.759134 0.011503
vt 0.751431 0.011144
vt 0.738038 0.329673
vt 0.724666 0.326660
vt 0.748863 0.327510
vt 0.757963 0.328981
vt 0.766909 0.330113
vt 0.776089 0.331142
vt 0.785976 0.332104
vt 0.797365 0.332908
vt 0.814049 0.333349
vt 0.737356 0.332763
vt 0.725086 0.330633
vt 0.748323 0.331617
vt 0.757612 0.332884
vt 0.766608 0.334009
vt 0.775793 0.335213
vt 0.785715 0.336579
vt 0.797191 0.338117
vt 0.812402 0.341092
vt 0.736075 0.341125
vt 0.721161 0.340284
vt 0.747881 0.334147
vt 0.757250 0.335229
vt 0.766241 0.336321
vt 0.775381 0.337618
vt 0.785242 0.339225
vt 0.796601 0.341094
vt 0.810407 0.344289
vt 0.721697 0.353077
vt 0.737023 0.349340
vt 0.742120 0.368758
vt 0.736454 0.371519
vt 0.746940 0.341490
vt 0.756257 0.342095
vt 0.765002 0.343109
vt 0.773735 0.344690
vt 0.782963 0.347097
vt 0.793428 0.350855
vt 0.808189 0.357463
vt 0.743725 0.373497
vt 0.738392 0.375774
vt 0.747304 0.348286
vt 0.748284 0.366926
vt 0.756131 0.348302
vt 0.754521 0.365997
vt 0.764393 0.349138
vt 0.760671 0.365889
vt 0.772534 0.350835
vt 0.766688 0.366599
vt 0.780895 0.353682
vt 0.772565 0.368209
vt 0.789893 0.358421
vt 0.778263 0.370918
vt 0.800577 0.367461
vt 0.782980 0.374979
vt 0.547531 0.492483
vt 0.545461 0.500510
vt 0.533703 0.499628
vt 0.538127 0.488055
vt 0.545225 0.508580
vt 0.535386 0.511108
vt 0.505037 0.498922
vt 0.520601 0.470841
vt 0.519145 0.523192
vt 0.588861 0.479477
vt 0.602968 0.503746
vt 0.574303 0.503041
vt 0.572620 0.491561
vt 0.587405 0.531828
vt 0.569878 0.514614
vt 0.562545 0.502159
vt 0.562780 0.494088
vt 0.560475 0.510186
vt 0.554003 0.501334
vt 0.555076 0.494102
vt 0.552929 0.508567
vt 0.557343 0.470841
vt 0.550662 0.531828
vt 0.749283 0.371813
vt 0.754874 0.370853
vt 0.760369 0.370639
vt 0.765674 0.371214
vt 0.770711 0.372674
vt 0.775433 0.375181
vt 0.779995 0.378771
vt 0.988856 0.408113
vt 0.988856 0.448554
vt 0.907380 0.448554
vt 0.907380 0.408113
vt 0.825904 0.448554
vt 0.825904 0.408113
vt 0.744428 0.448554
vt 0.744428 0.408113
vt 0.662952 0.448554
vt 0.662952 0.408113
vt 0.581476 0.448554
vt 0.581476 0.408113
vt 0.500000 0.448554
vt 0.500000 0.408113
vt 0.418524 0.448554
vt 0.418524 0.408113
vt 0.337048 0.448554
vt 0.337048 0.408113
vt 0.255572 0.448554
vt 0.255572 0.408113
vt 0.174096 0.448554
vt 0.174096 0.408113
vt 0.332908 0.323915
vt 0.266750 0.371296
vt 0.254748 0.342829
vt 0.309785 0.303505
vt 0.092620 0.408113
vt 0.092620 0.448554
vt 0.011144 0.448554
vt 0.011144 0.408113
vt 0.658136 0.051882
vt 0.698874 0.122442
vt 0.698874 0.203918
vt 0.658136 0.274478
vt 0.587576 0.315216
vt 0.506100 0.315216
vt 0.435539 0.274478
vt 0.394801 0.203918
vt 0.394801 0.122442
vt 0.435539 0.051882
vt 0.506100 0.011144
vt 0.587576 0.011144
vt 0.213935 0.245500
vt 0.232019 0.232744
vt 0.186650 0.385826
vt 0.187926 0.354972
vt 0.107990 0.364990
vt 0.122228 0.337595
vt 0.045580 0.312805
vt 0.070075 0.294022
vt 0.011144 0.239116
vt 0.041282 0.232473
vt 0.011144 0.157794
vt 0.041255 0.164534
vt 0.045566 0.084133
vt 0.069987 0.102983
vt 0.107923 0.031983
vt 0.122064 0.059392
vt 0.186472 0.011144
vt 0.187679 0.041950
vt 0.266417 0.025522
vt 0.254473 0.053916
vt 0.332658 0.072389
vt 0.309832 0.092985
vt 0.372514 0.142876
vt 0.343149 0.151619
vt 0.192137 0.249413
vt 0.170731 0.243732
vt 0.153745 0.229525
vt 0.144372 0.209466
vt 0.144372 0.187329
vt 0.153743 0.167278
vt 0.170717 0.153081
vt 0.192101 0.147406
vt 0.213872 0.151312
vt 0.231941 0.164048
vt 0.242967 0.183214
vt 0.241212 0.470841
vt 0.248247 0.470906
vt 0.248247 0.874033
vt 0.241212 0.873968
vt 0.255282 0.470972
vt 0.255282 0.874099
vt 0.262317 0.471037
vt 0.262317 0.874164
vt 0.269352 0.471102
vt 0.269353 0.874229
vt 0.276387 0.471168
vt 0.276388 0.874295
vt 0.283423 0.471233
vt 0.283423 0.874360
vt 0.290458 0.471299
vt 0.290458 0.874426
vt 0.297493 0.471364
vt 0.297493 0.874491
vt 0.304528 0.471430
vt 0.304528 0.874557
vt 0.311563 0.471495
vt 0.311564 0.874622
vt 0.318598 0.471560
vt 0.318599 0.874687
vt 0.325634 0.471626
vt 0.325634 0.874753
vt 0.422366 0.621509
vt 0.438608 0.621509
vt 0.452674 0.629630
vt 0.460795 0.643696
vt 0.460795 0.659939
vt 0.452674 0.674005
vt 0.438608 0.682126
vt 0.422366 0.682126
vt 0.408299 0.674005
vt 0.400178 0.659939
vt 0.400178 0.643696
vt 0.408299 0.629630
vt 0.352237 0.619878
vt 0.363768 0.609604
vt 0.365303 0.611694
vt 0.354560 0.621409
vt 0.347921 0.614905
vt 0.359864 0.604540
vt 0.373187 0.595976
vt 0.376463 0.601703
vt 0.387564 0.589220
vt 0.390115 0.595361
vt 0.402739 0.584230
vt 0.404543 0.590672
vt 0.418493 0.581063
vt 0.419526 0.587714
vt 0.434613 0.579775
vt 0.434852 0.586544
vt 0.450873 0.580406
vt 0.450308 0.587197
vt 0.467040 0.582974
vt 0.465668 0.589684
vt 0.482857 0.587463
vt 0.480696 0.593976
vt 0.498023 0.593807
vt 0.495127 0.599988
vt 0.512190 0.601853
vt 0.508546 0.607578
vt 0.525129 0.611728
vt 0.520677 0.617322
vt 0.370915 0.620005
vt 0.361130 0.627405
vt 0.377635 0.603963
vt 0.391005 0.597769
vt 0.405140 0.593188
vt 0.419821 0.590300
vt 0.434840 0.589164
vt 0.449984 0.589813
vt 0.465036 0.592256
vt 0.479768 0.596464
vt 0.493932 0.602335
vt 0.507133 0.609633
vt 0.518640 0.618786
vt 0.372673 0.622647
vt 0.362410 0.630101
vt 0.381988 0.613004
vt 0.394210 0.607303
vt 0.407187 0.603091
vt 0.420683 0.600440
vt 0.434494 0.599400
vt 0.448422 0.600001
vt 0.462269 0.602247
vt 0.475828 0.606109
vt 0.488885 0.611498
vt 0.501227 0.618166
vt 0.512590 0.625506
vt 0.374356 0.625153
vt 0.364630 0.632357
vt 0.383582 0.616062
vt 0.395443 0.610594
vt 0.408024 0.606539
vt 0.421107 0.603990
vt 0.434495 0.603000
vt 0.447998 0.603599
vt 0.461421 0.605792
vt 0.474574 0.609551
vt 0.487271 0.614790
vt 0.499283 0.621373
vt 0.511050 0.629101
vt 0.377822 0.630588
vt 0.368266 0.637367
vt 0.385007 0.618734
vt 0.396560 0.613462
vt 0.408798 0.609550
vt 0.421522 0.607097
vt 0.434541 0.606156
vt 0.447670 0.606760
vt 0.460723 0.608913
vt 0.473518 0.612587
vt 0.485893 0.617700
vt 0.497718 0.624016
vt 0.508943 0.631369
vt 0.425392 0.784174
vt 0.412405 0.784174
vt 0.401158 0.777681
vt 0.394664 0.766434
vt 0.394664 0.753447
vt 0.401158 0.742200
vt 0.412405 0.735706
vt 0.425392 0.735706
vt 0.436639 0.742200
vt 0.443132 0.753447
vt 0.443132 0.766434
vt 0.436639 0.777681
vt 0.387981 0.624586
vt 0.398872 0.619697
vt 0.410375 0.616076
vt 0.422324 0.613816
vt 0.434546 0.612972
vt 0.446868 0.613576
vt 0.459119 0.615636
vt 0.471136 0.619134
vt 0.482778 0.624019
vt 0.493995 0.630196
vt 0.505053 0.637368
vt 0.075946 0.553287
vt 0.078932 0.569041
vt 0.065042 0.572458
vt 0.065781 0.552049
vt 0.084011 0.580066
vt 0.070170 0.587860
vt 0.090264 0.588777
vt 0.078415 0.599750
vt 0.097914 0.596050
vt 0.089255 0.608752
vt 0.107773 0.602114
vt 0.103042 0.614656
vt 0.122002 0.606565
vt 0.121141 0.616004
vt 0.044618 0.573857
vt 0.053273 0.546554
vt 0.049179 0.597969
vt 0.061624 0.616369
vt 0.079243 0.628289
vt 0.100394 0.632708
vt 0.123621 0.627601
vt 0.011144 0.568591
vt 0.038839 0.532437
vt 0.011144 0.612315
vt 0.033516 0.646614
vt 0.068187 0.663325
vt 0.104392 0.660241
vt 0.132366 0.640473
vt 0.097702 0.493692
vt 0.125676 0.473924
vt 0.129674 0.501458
vt 0.106447 0.506564
vt 0.161881 0.470841
vt 0.150824 0.505876
vt 0.196552 0.487551
vt 0.168443 0.517797
vt 0.218924 0.521850
vt 0.180889 0.536197
vt 0.218924 0.565575
vt 0.185450 0.560308
vt 0.191229 0.601729
vt 0.176795 0.587611
vt 0.127026 0.519510
vt 0.108927 0.518161
vt 0.140813 0.525414
vt 0.151653 0.534416
vt 0.159898 0.546306
vt 0.165026 0.561707
vt 0.164287 0.582117
vt 0.122295 0.532051
vt 0.108066 0.527601
vt 0.132154 0.538115
vt 0.139803 0.545389
vt 0.146057 0.554100
vt 0.151136 0.565125
vt 0.154122 0.580879
vt 0.116831 0.541354
vt 0.105363 0.535139
vt 0.124468 0.547386
vt 0.130481 0.553688
vt 0.135750 0.560720
vt 0.140796 0.569347
vt 0.145865 0.581966
vt 0.110962 0.548688
vt 0.101499 0.541158
vt 0.117300 0.554819
vt 0.122472 0.560665
vt 0.127317 0.566823
vt 0.132506 0.574083
vt 0.139053 0.584523
vt 0.104630 0.554786
vt 0.096719 0.545945
vt 0.110215 0.561284
vt 0.115034 0.567083
vt 0.119853 0.572881
vt 0.125438 0.579380
vt 0.133349 0.588220
vt 0.097562 0.560083
vt 0.091015 0.549642
vt 0.102751 0.567343
vt 0.107596 0.573501
vt 0.112768 0.579347
vt 0.119106 0.585477
vt 0.128568 0.593008
vt 0.089272 0.564819
vt 0.084203 0.552200
vt 0.094318 0.573445
vt 0.099587 0.580478
vt 0.105600 0.586780
vt 0.113237 0.592811
vt 0.124705 0.599027
vt 0.080813 0.524416
vt 0.149255 0.609749
vt 0.351483 0.557488
vt 0.347921 0.535169
vt 0.352322 0.535203
vt 0.355780 0.556072
vt 0.374594 0.536357
vt 0.375356 0.547193
vt 0.352140 0.514073
vt 0.356198 0.515576
vt 0.362814 0.495778
vt 0.366144 0.498466
vt 0.378485 0.481797
vt 0.380817 0.485353
vt 0.397551 0.473256
vt 0.398697 0.477330
vt 0.418217 0.470841
vt 0.418089 0.475055
vt 0.438580 0.474716
vt 0.437199 0.478682
vt 0.456762 0.484490
vt 0.454262 0.487839
vt 0.471059 0.499228
vt 0.467681 0.501641
vt 0.480066 0.517517
vt 0.476132 0.518743
vt 0.482750 0.537577
vt 0.478636 0.537441
vt 0.478520 0.557488
vt 0.474619 0.555965
vt 0.391259 0.538898
vt 0.391717 0.548156
vt 0.377096 0.524556
vt 0.383218 0.513682
vt 0.392426 0.505048
vt 0.403824 0.499551
vt 0.416328 0.497710
vt 0.428774 0.499674
vt 0.440026 0.505226
vt 0.449083 0.513804
vt 0.455196 0.524541
vt 0.457958 0.536313
vt 0.457195 0.547550
vt 0.401072 0.539278
vt 0.401929 0.544179
vt 0.393180 0.531098
vt 0.397064 0.524525
vt 0.402585 0.519485
vt 0.409280 0.516335
vt 0.416559 0.515322
vt 0.423770 0.516519
vt 0.430262 0.519803
vt 0.435451 0.524873
vt 0.438877 0.531312
vt 0.440206 0.538762
vt 0.439061 0.547728
vt 0.401917 0.534534
vt 0.404168 0.530364
vt 0.407545 0.527106
vt 0.411715 0.525027
vt 0.416291 0.524291
vt 0.420854 0.524951
vt 0.424992 0.526930
vt 0.428327 0.530040
vt 0.430541 0.533998
vt 0.431347 0.538470
vt 0.430265 0.542921
s 1
usemtl brass
f 1/1/1 3/2/2 4/3/3 2/4/4
f 3/2/2 5/5/5 6/6/6 4/3/3
f 5/7/5 7/8/7 8/9/8 6/10/6
f 7/8/7 9/11/9 10/12/10 8/9/8
f 9/11/9 11/13/11 12/14/12 10/12/10
f 11/13/11 13/15/13 14/16/14 12/14/12
f 2/4/4 17/17/15 24/18/16 16/19/17
f 15/20/18 1/1/1 2/4/4 16/19/17
f 13/15/13 15/20/18 16/19/17 14/16/14
f 17/17/15 25/21/19 32/22/20 24/18/16
f 16/19/17 24/18/16 23/23/21 14/16/14
f 14/16/14 23/23/21 22/24/22 12/14/12
f 12/14/12 22/24/22 21/25/23 10/12/10
f 10/12/10 21/25/23 20/26/24 8/9/8
f 8/9/8 20/26/24 19/27/25 6/10/6
f 6/6/6 19/28/25 18/29/26 4/3/3
f 4/3/3 18/29/26 17/17/15 2/4/4
f 24/18/16 32/22/20 31/30/27 23/23/21
f 23/23/21 31/30/27 30/31/28 22/24/22
f 22/24/22 30/31/28 29/32/29 21/25/23
f 21/25/23 29/32/29 28/33/30 20/26/24
f 20/26/24 28/33/30 27/34/31 19/27/25
f 19/28/25 27/35/31 26/36/32 18/29/26
f 18/29/26 26/36/32 25/21/19 17/17/15
f 36/37/33 40/38/34 48/39/35 41/40/36
f 28/33/30 34/41/37 33/42/38 27/34/31
f 41/40/36 48/39/35 56/43/39 49/44/40
f 39/45/41 38/46/42 44/47/43 45/48/44
f 37/49/45 36/37/33 41/40/36 42/50/46
f 49/44/40 56/43/39 64/51/47 57/52/48
f 48/39/35 47/53/49 55/54/50 56/43/39
f 47/55/49 46/56/51 54/57/52 55/58/50
f 46/56/51 45/48/44 53/59/53 54/57/52
f 45/48/44 44/47/43 52/60/54 53/59/53
f 44/47/43 43/61/55 51/62/56 52/60/54
f 43/61/55 42/50/46 50/63/57 51/62/56
f 42/50/46 41/40/36 49/44/40 50/63/57
f 56/43/39 55/54/50 63/64/58 64/51/47
f 55/58/50 54/57/52 62/65/59 63/66/58
f 54/57/52 53/59/53 61/67/60 62/65/59
f 53/59/53 52/60/54 60/68/61 61/67/60
f 52/60/54 51/62/56 59/69/62 60/68/61
f 51/62/56 50/63/57 58/70/63 59/69/62
f 50/63/57 49/44/40 57/52/48 58/70/63
f 25/21/19 36/37/33 37/49/45 32/22/20
f 32/22/20 37/49/45 35/71/64 31/30/27
f 31/30/27 35/71/64 38/46/42 30/31/28
f 30/31/28 38/46/42 39/45/41 29/32/29
f 29/32/29 39/45/41 34/41/37 28/33/30
f 27/35/31 33/72/38 40/38/34 26/36/32
f 26/36/32 40/38/34 36/37/33 25/21/19
f 40/38/34 33/72/38 47/53/49 48/39/35
f 33/42/38 34/41/37 46/56/51 47/55/49
f 34/41/37 39/45/41 45/48/44 46/56/51
f 38/46/42 35/71/64 43/61/55 44/47/43
f 35/71/64 37/49/45 42/50/46 43/61/55
f 98/73/65 1474/74/66 1475/75/67 97/76/68
f 74/77/69 92/78/70 91/79/71 72/80/72
f 1459/81/1 1460/82/73 70/83/74 68/84/75
f 99/85/76 1473/86/77 1474/74/66 98/73/65
f 76/87/78 93/88/79 92/78/70 74/77/69
f 1460/82/73 1461/89/80 72/80/72 70/83/74
f 96/90/81 1476/91/82 1477/92/9 95/93/83
f 78/94/84 94/95/85 93/88/79 76/87/78
f 1461/89/80 1462/96/86 74/77/69 72/80/72
f 95/93/83 1477/92/9 1478/97/87 94/95/85
f 80/98/88 95/93/83 94/95/85 78/94/84
f 1462/96/86 1463/99/89 76/87/78 74/77/69
f 94/95/85 1478/97/87 1479/100/89 93/88/79
f 82/101/90 96/90/81 95/93/83 80/98/88
f 1463/99/89 1464/102/87 78/94/84 76/87/78
f 93/88/79 1479/100/89 1480/103/86 92/78/70
f 84/104/91 97/76/68 96/90/81 82/101/90
f 1464/102/87 1465/105/9 80/98/88 78/94/84
f 92/78/70 1480/103/86 1481/106/80 91/79/71
f 86/107/92 98/73/65 97/76/68 84/104/91
f 1465/105/9 1466/108/82 82/101/90 80/98/88
f 91/79/71 1481/106/80 1482/109/73 65/110/93
f 88/111/94 99/85/76 98/73/65 86/107/92
f 1466/108/82 1467/112/67 84/104/91 82/101/90
f 101/109/13 1494/113/13 1483/114/13 102/115/13
f 90/116/95 100/117/96 99/118/76 88/119/94
f 1467/112/67 1468/120/66 86/107/92 84/104/91
f 70/83/74 65/110/93 66/121/97 68/84/75
f 65/110/93 1482/109/73 1471/115/1 66/121/97
f 1468/120/66 1469/122/77 88/111/94 86/107/92
f 68/84/75 66/121/97 100/117/96 90/116/95
f 1470/123/98 1459/81/1 68/84/75 90/116/95
f 1469/124/77 1470/123/98 90/116/95 88/119/94
f 97/76/68 1475/75/67 1476/91/82 96/90/81
f 72/80/72 91/79/71 65/110/93 70/83/74
f 89/123/99 268/125/100 257/126/101 67/81/102
f 100/117/96 1472/127/98 1473/128/77 99/118/76
f 66/121/97 1471/115/1 1472/127/98 100/117/96
f 113/113/73 125/129/103 126/130/104 114/114/1
f 103/106/13 1493/131/13 1494/113/13 101/109/13
f 104/103/13 1492/132/13 1493/131/13 103/106/13
f 105/100/13 1491/133/13 1492/132/13 104/103/13
f 106/97/13 1490/134/13 1491/133/13 105/100/13
f 107/92/13 1489/135/13 1490/134/13 106/97/13
f 108/91/13 1488/136/13 1489/135/13 107/92/13
f 109/75/13 1487/137/13 1488/136/13 108/91/13
f 110/74/13 1486/138/13 1487/137/13 109/75/13
f 111/86/13 1485/139/13 1486/138/13 110/74/13
f 112/127/13 1484/140/13 1485/141/13 111/128/13
f 102/115/13 1483/114/13 1484/140/13 112/127/13
f 125/129/103 1506/142/105 1495/143/106 126/130/104
f 115/131/80 127/144/107 125/129/103 113/113/73
f 116/132/86 128/145/108 127/144/107 115/131/80
f 117/133/89 129/146/109 128/145/108 116/132/86
f 118/134/87 130/147/110 129/146/109 117/133/89
f 119/135/9 131/148/111 130/147/110 118/134/87
f 120/136/82 132/149/112 131/148/111 119/135/9
f 121/137/67 133/150/113 132/149/112 120/136/82
f 122/138/66 134/151/114 133/150/113 121/137/67
f 123/139/77 135/152/115 134/151/114 122/138/66
f 124/140/98 136/153/116 135/154/115 123/141/77
f 114/114/1 126/130/104 136/153/116 124/140/98
f 137/142/117 1518/155/117 1507/156/118 138/143/118
f 127/144/107 1505/157/119 1506/142/105 125/129/103
f 128/145/108 1504/158/120 1505/157/119 127/144/107
f 129/146/109 1503/159/121 1504/158/120 128/145/108
f 130/147/110 1502/160/122 1503/159/121 129/146/109
f 131/148/111 1501/161/123 1502/160/122 130/147/110
f 132/149/112 1500/162/124 1501/161/123 131/148/111
f 133/150/113 1499/163/125 1500/162/124 132/149/112
f 134/151/114 1498/164/126 1499/163/125 133/150/113
f 135/152/115 1497/165/127 1498/164/126 134/151/114
f 136/153/116 1496/166/128 1497/167/127 135/154/115
f 126/130/104 1495/143/106 1496/166/128 136/153/116
f 149/155/129 1530/168/129 1519/169/130 150/156/130
f 139/157/131 1517/170/131 1518/155/117 137/142/117
f 140/158/132 1516/171/132 1517/170/131 139/157/131
f 141/159/133 1515/172/133 1516/171/132 140/158/132
f 142/160/134 1514/173/134 1515/172/133 141/159/133
f 143/161/135 1513/174/135 1514/173/134 142/160/134
f 144/162/136 1512/175/136 1513/174/135 143/161/135
f 145/163/137 1511/176/137 1512/175/136 144/162/136
f 146/164/138 1510/177/138 1511/176/137 145/163/137
f 147/165/139 1509/178/139 1510/177/138 146/164/138
f 148/166/140 1508/179/140 1509/180/139 147/167/139
f 138/143/118 1507/156/118 1508/179/140 148/166/140
f 161/168/73 1542/181/73 1531/182/1 162/169/1
f 151/170/141 1529/183/141 1530/168/129 149/155/129
f 152/171/142 1528/184/142 1529/183/141 151/170/141
f 153/172/143 1527/185/143 1528/184/142 152/171/142
f 154/173/144 1526/186/144 1527/185/143 153/172/143
f 155/174/145 1525/187/145 1526/186/144 154/173/144
f 156/175/146 1524/188/146 1525/187/145 155/174/145
f 157/176/147 1523/189/147 1524/188/146 156/175/146
f 158/177/148 1522/190/148 1523/189/147 157/176/147
f 159/178/149 1521/191/149 1522/190/148 158/177/148
f 160/179/150 1520/192/150 1521/193/149 159/180/149
f 150/156/130 1519/169/130 1520/192/150 160/179/150
f 173/181/151 185/194/152 186/195/153 174/182/154
f 163/183/80 1541/196/80 1542/181/73 161/168/73
f 164/184/86 1540/197/86 1541/196/80 163/183/80
f 165/185/89 1539/198/89 1540/197/86 164/184/86
f 166/186/87 1538/199/87 1539/198/89 165/185/89
f 167/187/9 1537/200/9 1538/199/87 166/186/87
f 168/188/82 1536/201/82 1537/200/9 167/187/9
f 169/189/67 1535/202/67 1536/201/82 168/188/82
f 170/190/66 1534/203/66 1535/202/67 169/189/67
f 171/191/77 1533/204/77 1534/203/66 170/190/66
f 172/192/98 1532/205/98 1533/206/77 171/193/77
f 162/169/1 1531/182/1 1532/205/98 172/192/98
f 185/194/152 1554/207/155 1543/208/156 186/195/153
f 175/196/157 187/209/158 185/194/152 173/181/151
f 176/197/159 188/210/160 187/209/158 175/196/157
f 177/198/161 189/211/162 188/210/160 176/197/159
f 178/199/163 190/212/164 189/211/162 177/198/161
f 179/200/165 191/213/166 190/212/164 178/199/163
f 180/201/167 192/214/168 191/213/166 179/200/165
f 181/202/169 193/215/170 192/214/168 180/201/167
f 182/203/171 194/216/172 193/215/170 181/202/169
f 183/204/173 195/217/174 194/216/172 182/203/171
f 184/205/175 196/218/176 195/219/174 183/206/173
f 174/182/154 186/195/153 196/218/176 184/205/175
f 197/207/177 209/220/178 210/221/179 198/208/180
f 187/209/158 1553/222/181 1554/207/155 185/194/152
f 188/210/160 1552/223/182 1553/222/181 187/209/158
f 189/211/162 1551/224/183 1552/223/182 188/210/160
f 190/212/164 1550/225/184 1551/224/183 189/211/162
f 191/213/166 1549/226/185 1550/225/184 190/212/164
f 192/214/168 1548/227/186 1549/226/185 191/213/166
f 193/215/170 1547/228/187 1548/227/186 192/214/168
f 194/216/172 1546/229/188 1547/228/187 193/215/170
f 195/217/174 1545/230/189 1546/229/188 194/216/172
f 196/218/176 1544/231/190 1545/232/189 195/219/174
f 186/195/153 1543/208/156 1544/231/190 196/218/176
f 209/220/178 1566/233/73 1555/234/1 210/221/179
f 199/222/191 211/235/192 209/220/178 197/207/177
f 200/223/193 212/236/194 211/235/192 199/222/191
f 201/224/195 213/237/196 212/236/194 200/223/193
f 202/225/197 214/238/198 213/237/196 201/224/195
f 203/226/199 215/239/200 214/238/198 202/225/197
f 204/227/201 216/240/202 215/239/200 203/226/199
f 205/228/203 217/241/204 216/240/202 204/227/201
f 206/229/205 218/242/206 217/241/204 205/228/203
f 207/230/207 219/243/208 218/242/206 206/229/205
f 208/231/209 220/244/210 219/245/208 207/232/207
f 198/208/180 210/221/179 220/244/210 208/231/209
f 221/233/5 1578/246/5 1567/247/5 222/234/5
f 211/235/192 1565/248/80 1566/233/73 209/220/178
f 212/236/194 1564/249/86 1565/248/80 211/235/192
f 213/237/196 1563/250/89 1564/249/86 212/236/194
f 214/238/198 1562/251/87 1563/250/89 213/237/196
f 215/239/200 1561/252/9 1562/251/87 214/238/198
f 216/240/202 1560/253/82 1561/252/9 215/239/200
f 217/241/204 1559/254/67 1560/253/82 216/240/202
f 218/242/206 1558/255/66 1559/254/67 217/241/204
f 219/243/208 1557/256/77 1558/255/66 218/242/206
f 220/244/210 1556/257/98 1557/258/77 219/245/208
f 210/221/179 1555/234/1 1556/257/98 220/244/210
f 233/246/73 245/259/73 246/260/1 234/247/1
f 223/248/5 1577/261/5 1578/246/5 221/233/5
f 224/249/5 1576/262/5 1577/261/5 223/248/5
f 225/250/5 1575/263/5 1576/262/5 224/249/5
f 226/251/5 1574/264/5 1575/263/5 225/250/5
f 227/252/5 1573/265/5 1574/264/5 226/251/5
f 228/253/5 1572/266/5 1573/265/5 227/252/5
f 229/254/5 1571/267/5 1572/266/5 228/253/5
f 230/255/5 1570/268/5 1571/267/5 229/254/5
f 231/256/5 1569/269/5 1570/268/5 230/255/5
f 232/257/5 1568/270/5 1569/271/5 231/258/5
f 222/234/5 1567/247/5 1568/270/5 232/257/5
f 1590/272/13 1589/273/13 1588/274/13 1587/275/13 1586/276/13 1585/277/13 1584/278/13 1583/279/13 1582/280/13 1581/281/13 1580/282/13 1579/283/13
f 235/261/80 247/284/80 245/259/73 233/246/73
f 236/262/86 248/285/86 247/284/80 235/261/80
f 237/263/89 249/286/89 248/285/86 236/262/86
f 238/264/87 250/287/87 249/286/89 237/263/89
f 239/265/9 251/288/9 250/287/87 238/264/87
f 240/266/82 252/289/82 251/288/9 239/265/9
f 241/267/67 253/290/67 252/289/82 240/266/82
f 242/268/66 254/291/66 253/290/67 241/267/67
f 243/269/77 255/292/77 254/291/66 242/268/66
f 244/270/98 256/293/98 255/294/77 243/271/77
f 234/247/1 246/260/1 256/293/98 244/270/98
f 268/125/100 1602/295/211 1591/296/212 257/126/101
f 87/124/213 267/297/214 268/125/100 89/123/99
f 85/120/215 266/298/216 267/299/214 87/122/213
f 83/112/217 265/300/218 266/298/216 85/120/215
f 81/108/219 264/301/220 265/300/218 83/112/217
f 79/105/221 263/302/222 264/301/220 81/108/219
f 77/102/223 262/303/224 263/302/222 79/105/221
f 75/99/225 261/304/226 262/303/224 77/102/223
f 73/96/227 260/305/228 261/304/226 75/99/225
f 71/89/229 259/306/230 260/305/228 73/96/227
f 69/82/231 258/307/232 259/306/230 71/89/229
f 67/81/102 257/126/101 258/307/232 69/82/231
f 280/308/233 292/309/234 281/310/235 269/311/236
f 267/297/214 1601/312/237 1602/295/211 268/125/100
f 266/298/216 1600/313/238 1601/314/237 267/299/214
f 265/300/218 1599/315/239 1600/313/238 266/298/216
f 264/301/220 1598/316/240 1599/315/239 265/300/218
f 263/302/222 1597/317/241 1598/316/240 264/301/220
f 262/303/224 1596/318/242 1597/317/241 263/302/222
f 261/304/226 1595/319/243 1596/318/242 262/303/224
f 260/305/228 1594/320/244 1595/319/243 261/304/226
f 259/306/230 1593/321/245 1594/320/244 260/305/228
f 258/307/232 1592/322/246 1593/321/245 259/306/230
f 257/126/101 1591/296/212 1592/322/246 258/307/232
f 292/309/234 304/323/247 293/324/248 281/310/235
f 279/325/249 291/326/250 292/309/234 280/308/233
f 278/327/251 290/328/252 291/329/250 279/330/249
f 277/331/253 289/332/254 290/328/252 278/327/251
f 276/333/255 288/334/256 289/332/254 277/331/253
f 275/335/257 287/336/258 288/334/256 276/333/255
f 274/337/259 286/338/260 287/336/258 275/335/257
f 273/339/261 285/340/262 286/338/260 274/337/259
f 272/341/263 284/342/264 285/340/262 273/339/261
f 271/343/265 283/344/266 284/342/264 272/341/263
f 270/345/267 282/346/268 283/344/266 271/343/265
f 269/311/236 281/310/235 282/346/268 270/345/267
f 304/323/247 316/347/269 305/348/270 293/324/248
f 291/326/250 303/349/271 304/323/247 292/309/234
f 290/328/252 302/350/272 303/351/271 291/329/250
f 289/332/254 301/352/273 302/350/272 290/328/252
f 288/334/256 300/353/274 301/352/273 289/332/254
f 287/336/258 299/354/275 300/353/274 288/334/256
f 286/338/260 298/355/276 299/354/275 287/336/258
f 285/340/262 297/356/277 298/355/276 286/338/260
f 284/342/264 296/357/278 297/356/277 285/340/262
f 283/344/266 295/358/279 296/357/278 284/342/264
f 282/346/268 294/359/280 295/358/279 283/344/266
f 281/310/235 293/324/248 294/359/280 282/346/268
f 342/360/281 328/361/282 317/362/283 341/363/284
f 303/349/271 315/364/285 316/347/269 304/323/247
f 302/350/272 314/365/286 315/366/285 303/351/271
f 301/352/273 313/367/287 314/365/286 302/350/272
f 300/353/274 312/368/288 313/367/287 301/352/273
f 299/354/275 311/369/289 312/368/288 300/353/274
f 298/355/276 310/370/290 311/369/289 299/354/275
f 297/356/277 309/371/291 310/370/290 298/355/276
f 296/357/278 308/372/292 309/371/291 297/356/277
f 295/358/279 307/373/293 308/372/292 296/357/278
f 294/359/280 306/374/294 307/373/293 295/358/279
f 293/324/248 305/348/270 306/374/294 294/359/280
f 328/361/282 364/375/295 353/376/296 317/362/283
f 343/377/297 327/378/298 328/361/282 342/360/281
f 344/379/299 326/380/300 327/381/298 343/382/297
f 345/383/301 325/384/302 326/380/300 344/379/299
f 346/385/303 324/386/304 325/384/302 345/383/301
f 347/387/305 323/388/306 324/386/304 346/385/303
f 348/389/307 322/390/308 323/388/306 347/387/305
f 349/391/309 321/392/310 322/390/308 348/389/307
f 350/393/311 320/394/312 321/392/310 349/391/309
f 351/395/313 319/396/314 320/394/312 350/393/311
f 352/397/315 318/398/316 319/396/314 351/395/313
f 341/363/284 317/362/283 318/398/316 352/397/315
f 316/347/269 329/399/317 330/400/318 305/348/270
f 315/364/285 331/401/319 329/399/317 316/347/269
f 314/365/286 332/402/320 331/403/319 315/366/285
f 313/367/287 333/404/321 332/402/320 314/365/286
f 312/368/288 334/405/322 333/404/321 313/367/287
f 311/369/289 335/406/323 334/405/322 312/368/288
f 310/370/290 336/407/324 335/406/323 311/369/289
f 309/371/291 337/408/325 336/407/324 310/370/290
f 308/372/292 338/409/326 337/408/325 309/371/291
f 307/373/293 339/410/327 338/409/326 308/372/292
f 306/374/294 340/411/328 339/410/327 307/373/293
f 305/348/270 330/400/318 340/411/328 306/374/294
f 329/399/317 342/360/281 341/363/284 330/400/318
f 331/401/319 343/377/297 342/360/281 329/399/317
f 332/402/320 344/379/299 343/382/297 331/403/319
f 333/404/321 345/383/301 344/379/299 332/402/320
f 334/405/322 346/385/303 345/383/301 333/404/321
f 335/406/323 347/387/305 346/385/303 334/405/322
f 336/407/324 348/389/307 347/387/305 335/406/323
f 337/408/325 349/391/309 348/389/307 336/407/324
f 338/409/326 350/393/311 349/391/309 337/408/325
f 339/410/327 351/395/313 350/393/311 338/409/326
f 340/411/328 352/397/315 351/395/313 339/410/327
f 330/400/318 341/363/284 352/397/315 340/411/328
f 364/375/295 1614/412/329 1603/413/330 353/376/296
f 327/378/298 363/414/331 364/375/295 328/361/282
f 326/380/300 362/415/332 363/416/331 327/381/298
f 325/384/302 361/417/333 362/415/332 326/380/300
f 324/386/304 360/418/334 361/417/333 325/384/302
f 323/388/306 359/419/335 360/418/334 324/386/304
f 322/390/308 358/420/336 359/419/335 323/388/306
f 321/392/310 357/421/337 358/420/336 322/390/308
f 320/394/312 356/422/338 357/421/337 321/392/310
f 319/396/314 355/423/339 356/422/338 320/394/312
f 318/398/316 354/424/340 355/423/339 319/396/314
f 317/362/283 353/376/296 354/424/340 318/398/316
f 389/425/341 388/426/342 377/427/343 392/428/344
f 363/414/331 1613/429/345 1614/412/329 364/375/295
f 362/415/332 1612/430/346 1613/431/345 363/416/331
f 361/417/333 1611/432/347 1612/430/346 362/415/332
f 360/418/334 1610/433/348 1611/432/347 361/417/333
f 359/419/335 1609/434/349 1610/433/348 360/418/334
f 358/420/336 1608/435/350 1609/434/349 359/419/335
f 357/421/337 1607/436/351 1608/435/350 358/420/336
f 356/422/338 1606/437/352 1607/436/351 357/421/337
f 355/423/339 1605/438/353 1606/437/352 356/422/338
f 354/424/340 1604/439/354 1605/438/353 355/423/339
f 353/376/296 1603/413/330 1604/439/354 354/424/340
f 377/440/343 388/441/342 387/442/355 386/443/356 385/444/357 384/445/358 383/446/359 382/447/360 381/448/361 380/449/362 379/450/363 378/451/364
f 393/452/365 387/453/355 388/426/342 389/425/341
f 395/454/366 386/455/356 387/456/355 393/457/365
f 397/458/367 385/459/357 386/455/356 395/454/366
f 399/460/368 384/461/358 385/459/357 397/458/367
f 401/462/369 383/463/359 384/461/358 399/460/368
f 403/464/370 382/465/360 383/463/359 401/462/369
f 405/466/371 381/467/361 382/465/360 403/464/370
f 407/468/372 380/469/362 381/467/361 405/466/371
f 409/470/373 379/471/363 380/469/362 407/468/372
f 411/472/374 378/473/364 379/471/363 409/470/373
f 392/428/344 377/427/343 378/473/364 411/472/374
f 376/412/375 390/474/376 391/475/377 365/413/378
f 390/474/376 389/425/341 392/428/344 391/475/377
f 375/429/379 394/476/380 390/474/376 376/412/375
f 394/476/380 393/452/365 389/425/341 390/474/376
f 374/430/381 396/477/382 394/478/380 375/431/379
f 396/477/382 395/454/366 393/457/365 394/478/380
f 373/432/383 398/479/384 396/477/382 374/430/381
f 398/479/384 397/458/367 395/454/366 396/477/382
f 372/433/385 400/480/386 398/479/384 373/432/383
f 400/480/386 399/460/368 397/458/367 398/479/384
f 371/434/387 402/481/388 400/480/386 372/433/385
f 402/481/388 401/462/369 399/460/368 400/480/386
f 370/435/389 404/482/390 402/481/388 371/434/387
f 404/482/390 403/464/370 401/462/369 402/481/388
f 369/436/391 406/483/392 404/482/390 370/435/389
f 406/483/392 405/466/371 403/464/370 404/482/390
f 368/437/393 408/484/394 406/483/392 369/436/391
f 408/484/394 407/468/372 405/466/371 406/483/392
f 367/438/395 410/485/396 408/484/394 368/437/393
f 410/485/396 409/470/373 407/468/372 408/484/394
f 366/439/397 412/486/398 410/485/396 367/438/395
f 412/486/398 411/472/374 409/470/373 410/485/396
f 365/413/378 391/475/377 412/486/398 366/439/397
f 391/475/377 392/428/344 411/472/374 412/486/398
f 533/1/1 534/4/543 536/3/544 535/2/2
f 535/2/2 536/3/544 538/6/545 537/5/5
f 537/7/5 538/10/545 540/9/546 539/8/7
f 539/8/7 540/9/546 542/12/547 541/11/9
f 541/11/9 542/12/547 544/14/548 543/13/11
f 543/13/11 544/14/548 546/16/549 545/15/13
f 534/4/543 548/19/550 556/18/551 549/17/552
f 547/20/18 548/19/550 534/4/543 533/1/1
f 545/15/13 546/16/549 548/19/550 547/20/18
f 549/17/552 556/18/551 564/22/553 557/21/554
f 548/19/550 546/16/549 555/23/555 556/18/551
f 546/16/549 544/14/548 554/24/556 555/23/555
f 544/14/548 542/12/547 553/25/557 554/24/556
f 542/12/547 540/9/546 552/26/558 553/25/557
f 540/9/546 538/10/545 551/27/559 552/26/558
f 538/6/545 536/3/544 550/29/560 551/28/559
f 536/3/544 534/4/543 549/17/552 550/29/560
f 556/18/551 555/23/555 563/30/561 564/22/553
f 555/23/555 554/24/556 562/31/562 563/30/561
f 554/24/556 553/25/557 561/32/563 562/31/562
f 553/25/557 552/26/558 560/33/564 561/32/563
f 552/26/558 551/27/559 559/34/565 560/33/564
f 551/28/559 550/29/560 558/36/566 559/35/565
f 550/29/560 549/17/552 557/21/554 558/36/566
f 568/37/567 573/40/568 580/39/569 572/38/570
f 560/33/564 559/34/565 565/42/571 566/41/572
f 573/40/568 581/44/573 588/43/574 580/39/569
f 571/45/575 577/48/576 576/47/577 570/46/578
f 569/49/579 574/50/580 573/40/568 568/37/567
f 581/44/573 589/52/581 596/51/582 588/43/574
f 580/39/569 588/43/574 587/54/583 579/53/584
f 579/55/584 587/58/583 586/57/585 578/56/586
f 578/56/586 586/57/585 585/59/587 577/48/576
f 577/48/576 585/59/587 584/60/588 576/47/577
f 576/47/577 584/60/588 583/62/589 575/61/590
f 575/61/590 583/62/589 582/63/591 574/50/580
f 574/50/580 582/63/591 581/44/573 573/40/568
f 588/43/574 596/51/582 595/64/592 587/54/583
f 587/58/583 595/66/592 594/65/593 586/57/585
f 586/57/585 594/65/593 593/67/594 585/59/587
f 585/59/587 593/67/594 592/68/595 584/60/588
f 584/60/588 592/68/595 591/69/596 583/62/589
f 583/62/589 591/69/596 590/70/597 582/63/591
f 582/63/591 590/70/597 589/52/581 581/44/573
f 557/21/554 564/22/553 569/49/579 568/37/567
f 564/22/553 563/30/561 567/71/598 569/49/579
f 563/30/561 562/31/562 570/46/578 567/71/598
f 562/31/562 561/32/563 571/45/575 570/46/578
f 561/32/563 560/33/564 566/41/572 571/45/575
f 559/35/565 558/36/566 572/38/570 565/72/571
f 558/36/566 557/21/554 568/37/567 572/38/570
f 572/38/570 580/39/569 579/53/584 565/72/571
f 565/42/571 579/55/584 578/56/586 566/41/572
f 566/41/572 578/56/586 577/48/576 571/45/575
f 570/46/578 576/47/577 575/61/590 567/71/598
f 567/71/598 575/61/590 574/50/580 569/49/579
f 630/73/70 629/76/79 1655/75/89 1654/74/86
f 606/77/92 604/80/94 623/79/76 624/78/65
f 1639/81/1 600/84/75 602/83/95 1640/82/98
f 631/85/71 630/73/70 1654/74/86 1653/86/80
f 608/87/91 606/77/92 624/78/65 625/88/68
f 1640/82/98 602/83/95 604/80/94 1641/89/77
f 628/90/85 627/93/83 1657/92/9 1656/91/87
f 610/94/90 608/87/91 625/88/68 626/95/81
f 1641/89/77 604/80/94 606/77/92 1642/96/66
f 627/93/83 626/95/81 1658/97/82 1657/92/9
f 612/98/88 610/94/90 626/95/81 627/93/83
f 1642/96/66 606/77/92 608/87/91 1643/99/67
f 626/95/81 625/88/68 1659/100/67 1658/97/82
f 614/101/84 612/98/88 627/93/83 628/90/85
f 1643/99/67 608/87/91 610/94/90 1644/102/82
f 625/88/68 624/78/65 1660/103/66 1659/100/67
f 616/104/78 614/101/84 628/90/85 629/76/79
f 1644/102/82 610/94/90 612/98/88 1645/105/9
f 624/78/65 623/79/76 1661/106/77 1660/103/66
f 618/107/69 616/104/78 629/76/79 630/73/70
f 1645/105/9 612/98/88 614/101/84 1646/108/87
f 623/79/76 597/110/96 1662/109/98 1661/106/77
f 620/111/72 618/107/69 630/73/70 631/85/71
f 1646/108/87 614/101/84 616/104/78 1647/112/89
f 633/109/13 634/115/13 1663/114/13 1674/113/13
f 622/116/74 620/119/72 631/118/71 632/117/93
f 1647/112/89 616/104/78 618/107/69 1648/120/86
f 602/83/95 600/84/75 598/121/97 597/110/96
f 597/110/96 598/121/97 1651/115/1 1662/109/98
f 1648/120/86 618/107/69 620/111/72 1649/122/80
f 600/84/75 622/116/74 632/117/93 598/121/97
f 1650/123/73 622/116/74 600/84/75 1639/81/1
f 1649/124/80 620/119/72 622/116/74 1650/123/73
f 629/76/79 628/90/85 1656/91/87 1655/75/89
f 604/80/94 602/83/95 597/110/96 623/79/76
f 621/123/231 599/81/102 789/126/101 800/125/232
f 632/117/93 631/118/71 1653/128/80 1652/127/73
f 598/121/97 632/117/93 1652/127/73 1651/115/1
f 645/113/98 646/114/1 658/130/104 657/129/116
f 635/106/13 633/109/13 1674/113/13 1673/131/13
f 636/103/13 635/106/13 1673/131/13 1672/132/13
f 637/100/13 636/103/13 1672/132/13 1671/133/13
f 638/97/13 637/100/13 1671/133/13 1670/134/13
f 639/92/13 638/97/13 1670/134/13 1669/135/13
f 640/91/13 639/92/13 1669/135/13 1668/136/13
f 641/75/13 640/91/13 1668/136/13 1667/137/13
f 642/74/13 641/75/13 1667/137/13 1666/138/13
f 643/86/13 642/74/13 1666/138/13 1665/139/13
f 644/127/13 643/128/13 1665/141/13 1664/140/13
f 634/115/13 644/127/13 1664/140/13 1663/114/13
f 657/129/116 658/130/104 1675/143/106 1686/142/128
f 647/131/77 645/113/98 657/129/116 659/144/115
f 648/132/66 647/131/77 659/144/115 660/145/114
f 649/133/67 648/132/66 660/145/114 661/146/113
f 650/134/82 649/133/67 661/146/113 662/147/112
f 651/135/9 650/134/82 662/147/112 663/148/111
f 652/136/87 651/135/9 663/148/111 664/149/110
f 653/137/89 652/136/87 664/149/110 665/150/109
f 654/138/86 653/137/89 665/150/109 666/151/108
f 655/139/80 654/138/86 666/151/108 667/152/107
f 656/140/73 655/141/80 667/154/107 668/153/103
f 646/114/1 656/140/73 668/153/103 658/130/104
f 669/142/140 670/143/118 1687/156/118 1698/155/140
f 659/144/115 657/129/116 1686/142/128 1685/157/127
f 660/145/114 659/144/115 1685/157/127 1684/158/126
f 661/146/113 660/145/114 1684/158/126 1683/159/125
f 662/147/112 661/146/113 1683/159/125 1682/160/124
f 663/148/111 662/147/112 1682/160/124 1681/161/123
f 664/149/110 663/148/111 1681/161/123 1680/162/122
f 665/150/109 664/149/110 1680/162/122 1679/163/121
f 666/151/108 665/150/109 1679/163/121 1678/164/120
f 667/152/107 666/151/108 1678/164/120 1677/165/119
f 668/153/103 667/154/107 1677/167/119 1676/166/105
f 658/130/104 668/153/103 1676/166/105 1675/143/106
f 681/155/150 682/156/130 1699/169/130 1710/168/150
f 671/157/139 669/142/140 1698/155/140 1697/170/139
f 672/158/138 671/157/139 1697/170/139 1696/171/138
f 673/159/137 672/158/138 1696/171/138 1695/172/137
f 674/160/136 673/159/137 1695/172/137 1694/173/136
f 675/161/135 674/160/136 1694/173/136 1693/174/135
f 676/162/134 675/161/135 1693/174/135 1692/175/134
f 677/163/133 676/162/134 1692/175/134 1691/176/133
f 678/164/132 677/163/133 1691/176/133 1690/177/132
f 679/165/131 678/164/132 1690/177/132 1689/178/131
f 680/166/117 679/167/131 1689/180/131 1688/179/117
f 670/143/118 680/166/117 1688/179/117 1687/156/118
f 693/168/98 694/169/1 1711/182/1 1722/181/98
f 683/170/149 681/155/150 1710/168/150 1709/183/149
f 684/171/148 683/170/149 1709/183/149 1708/184/148
f 685/172/147 684/171/148 1708/184/148 1707/185/147
f 686/173/146 685/172/147 1707/185/147 1706/186/146
f 687/174/145 686/173/146 1706/186/146 1705/187/145
f 688/175/144 687/174/145 1705/187/145 1704/188/144
f 689/176/143 688/175/144 1704/188/144 1703/189/143
f 690/177/142 689/176/143 1703/189/143 1702/190/142
f 691/178/141 690/177/142 1702/190/142 1701/191/141
f 692/179/129 691/180/141 1701/193/141 1700/192/129
f 682/156/130 692/179/129 1700/192/129 1699/169/130
f 705/181/175 706/182/154 718/195/153 717/194/176
f 695/183/77 693/168/98 1722/181/98 1721/196/77
f 696/184/66 695/183/77 1721/196/77 1720/197/66
f 697/185/67 696/184/66 1720/197/66 1719/198/67
f 698/186/82 697/185/67 1719/198/67 1718/199/82
f 699/187/9 698/186/82 1718/199/82 1717/200/9
f 700/188/87 699/187/9 1717/200/9 1716/201/87
f 701/189/89 700/188/87 1716/201/87 1715/202/89
f 702/190/86 701/189/89 1715/202/89 1714/203/86
f 703/191/80 702/190/86 1714/203/86 1713/204/80
f 704/192/73 703/193/80 1713/206/80 1712/205/73
f 694/169/1 704/192/73 1712/205/73 1711/182/1
f 717/194/176 718/195/153 1723/208/156 1734/207/190
f 707/196/173 705/181/175 717/194/176 719/209/174
f 708/197/171 707/196/173 719/209/174 720/210/172
f 709/198/169 708/197/171 720/210/172 721/211/170
f 710/199/167 709/198/169 721/211/170 722/212/168
f 711/200/165 710/199/167 722/212/168 723/213/166
f 712/201/163 711/200/165 723/213/166 724/214/164
f 713/202/161 712/201/163 724/214/164 725/215/162
f 714/203/159 713/202/161 725/215/162 726/216/160
f 715/204/157 714/203/159 726/216/160 727/217/158
f 716/205/151 715/206/157 727/219/158 728/218/152
f 706/182/154 716/205/151 728/218/152 718/195/153
f 729/207/209 730/208/180 742/221/179 741/220/210
f 719/209/174 717/194/176 1734/207/190 1733/222/189
f 720/210/172 719/209/174 1733/222/189 1732/223/188
f 721/211/170 720/210/172 1732/223/188 1731/224/187
f 722/212/168 721/211/170 1731/224/187 1730/225/186
f 723/213/166 722/212/168 1730/225/186 1729/226/185
f 724/214/164 723/213/166 1729/226/185 1728/227/184
f 725/215/162 724/214/164 1728/227/184 1727/228/183
f 726/216/160 725/215/162 1727/228/183 1726/229/182
f 727/217/158 726/216/160 1726/229/182 1725/230/181
f 728/218/152 727/219/158 1725/232/181 1724/231/155
f 718/195/153 728/218/152 1724/231/155 1723/208/156
f 741/220/210 742/221/179 1735/234/1 1746/233/98
f 731/222/207 729/207/209 741/220/210 743/235/208
f 732/223/205 731/222/207 743/235/208 744/236/206
f 733/224/203 732/223/205 744/236/206 745/237/204
f 734/225/201 733/224/203 745/237/204 746/238/202
f 735/226/199 734/225/201 746/238/202 747/239/200
f 736/227/197 735/226/199 747/239/200 748/240/198
f 737/228/195 736/227/197 748/240/198 749/241/196
f 738/229/193 737/228/195 749/241/196 750/242/194
f 739/230/599 738/229/193 750/242/194 751/243/192
f 740/231/177 739/232/599 751/245/192 752/244/178
f 730/208/180 740/231/177 752/244/178 742/221/179
f 753/233/5 754/234/5 1747/247/5 1758/246/5
f 743/235/208 741/220/210 1746/233/98 1745/248/77
f 744/236/206 743/235/208 1745/248/77 1744/249/66
f 745/237/204 744/236/206 1744/249/66 1743/250/67
f 746/238/202 745/237/204 1743/250/67 1742/251/82
f 747/239/200 746/238/202 1742/251/82 1741/252/9
f 748/240/198 747/239/200 1741/252/9 1740/253/87
f 749/241/196 748/240/198 1740/253/87 1739/254/89
f 750/242/194 749/241/196 1739/254/89 1738/255/86
f 751/243/192 750/242/194 1738/255/86 1737/256/80
f 752/244/178 751/245/192 1737/258/80 1736/257/73
f 742/221/179 752/244/178 1736/257/73 1735/234/1
f 765/246/98 766/247/1 778/260/1 777/259/98
f 755/248/5 753/233/5 1758/246/5 1757/261/5
f 756/249/5 755/248/5 1757/261/5 1756/262/5
f 757/250/5 756/249/5 1756/262/5 1755/263/5
f 758/251/5 757/250/5 1755/263/5 1754/264/5
f 759/252/5 758/251/5 1754/264/5 1753/265/5
f 760/253/5 759/252/5 1753/265/5 1752/266/5
f 761/254/5 760/253/5 1752/266/5 1751/267/5
f 762/255/5 761/254/5 1751/267/5 1750/268/5
f 763/256/5 762/255/5 1750/268/5 1749/269/5
f 764/257/5 763/258/5 1749/271/5 1748/270/5
f 754/234/5 764/257/5 1748/270/5 1747/247/5
f 1770/629/13 1759/630/13 1760/631/13 1761/632/13 1762/633/13 1763/634/13 1764/635/13 1765/636/13 1766/637/13 1767/638/13 1768/639/13 1769/640/13
f 767/261/77 765/246/98 777/259/98 779/284/77
f 768/262/66 767/261/77 779/284/77 780/285/66
f 769/263/67 768/262/66 780/285/66 781/286/67
f 770/264/82 769/263/67 781/286/67 782/287/82
f 771/265/9 770/264/82 782/287/82 783/288/9
f 772/266/87 771/265/9 783/288/9 784/289/87
f 773/267/89 772/266/87 784/289/87 785/290/89
f 774/268/86 773/267/89 785/290/89 786/291/86
f 775/269/80 774/268/86 786/291/86 787/292/80
f 776/270/73 775/271/80 787/294/80 788/293/73
f 766/247/1 776/270/73 788/293/73 778/260/1
f 800/125/232 789/126/101 1771/296/212 1782/295/246
f 619/124/229 621/123/231 800/125/232 799/297/230
f 617/120/227 619/122/229 799/299/230 798/298/228
f 615/112/600 617/120/227 798/298/228 797/300/226
f 613/108/601 615/112/600 797/300/226 796/301/224
f 611/105/221 613/108/601 796/301/224 795/302/222
f 609/102/602 611/105/221 795/302/222 794/303/220
f 607/99/603 609/102/602 794/303/220 793/304/218
f 605/96/215 607/99/603 793/304/218 792/305/216
f 603/89/213 605/96/215 792/305/216 791/306/214
f 601/82/99 603/89/213 791/306/214 790/307/100
f 599/81/102 601/82/99 790/307/100 789/126/101
f 812/308/267 801/311/236 813/310/235 824/309/268
f 799/297/230 800/125/232 1782/295/246 1781/312/245
f 798/298/228 799/299/230 1781/314/245 1780/313/244
f 797/300/226 798/298/228 1780/313/244 1779/315/243
f 796/301/224 797/300/226 1779/315/243 1778/316/242
f 795/302/222 796/301/224 1778/316/242 1777/317/241
f 794/303/220 795/302/222 1777/317/241 1776/318/240
f 793/304/218 794/303/220 1776/318/240 1775/319/239
f 792/305/216 793/304/218 1775/319/239 1774/320/238
f 791/306/214 792/305/216 1774/320/238 1773/321/237
f 790/307/100 791/306/214 1773/321/237 1772/322/211
f 789/126/101 790/307/100 1772/322/211 1771/296/212
f 824/309/268 813/310/235 825/324/248 836/323/280
f 811/325/265 812/308/267 824/309/268 823/326/266
f 810/327/263 811/330/265 823/329/266 822/328/264
f 809/331/261 810/327/263 822/328/264 821/332/262
f 808/333/259 809/331/261 821/332/262 820/334/260
f 807/335/257 808/333/259 820/334/260 819/336/258
f 806/337/255 807/335/257 819/336/258 818/338/256
f 805/339/253 806/337/255 818/338/256 817/340/254
f 804/341/251 805/339/253 817/340/254 816/342/252
f 803/343/249 804/341/251 816/342/252 815/344/250
f 802/345/233 803/343/249 815/344/250 814/346/234
f 801/311/236 802/345/233 814/346/234 813/310/235
f 836/323/280 825/324/248 837/348/270 848/347/294
f 823/326/266 824/309/268 836/323/280 835/349/279
f 822/328/264 823/329/266 835/351/279 834/350/278
f 821/332/262 822/328/264 834/350/278 833/352/277
f 820/334/260 821/332/262 833/352/277 832/353/276
f 819/336/258 820/334/260 832/353/276 831/354/275
f 818/338/256 819/336/258 831/354/275 830/355/274
f 817/340/254 818/338/256 830/355/274 829/356/273
f 816/342/252 817/340/254 829/356/273 828/357/272
f 815/344/250 816/342/252 828/357/272 827/358/271
f 814/346/234 815/344/250 827/358/271 826/359/247
f 813/310/235 814/346/234 826/359/247 825/324/248
f 874/360/315 873/363/284 849/362/283 860/361/316
f 835/349/279 836/323/280 848/347/294 847/364/293
f 834/350/278 835/351/279 847/366/293 846/365/292
f 833/352/277 834/350/278 846/365/292 845/367/291
f 832/353/276 833/352/277 845/367/291 844/368/290
f 831/354/275 832/353/276 844/368/290 843/369/289
f 830/355/274 831/354/275 843/369/289 842/370/288
f 829/356/273 830/355/274 842/370/288 841/371/287
f 828/357/272 829/356/273 841/371/287 840/372/286
f 827/358/271 828/357/272 840/372/286 839/373/285
f 826/359/247 827/358/271 839/373/285 838/374/269
f 825/324/248 826/359/247 838/374/269 837/348/270
f 860/361/316 849/362/283 885/376/296 896/375/340
f 875/377/313 874/360/315 860/361/316 859/378/314
f 876/379/311 875/382/313 859/381/314 858/380/312
f 877/383/309 876/379/311 858/380/312 857/384/310
f 878/385/307 877/383/309 857/384/310 856/386/308
f 879/387/305 878/385/307 856/386/308 855/388/306
f 880/389/303 879/387/305 855/388/306 854/390/304
f 881/391/301 880/389/303 854/390/304 853/392/302
f 882/393/299 881/391/301 853/392/302 852/394/300
f 883/395/297 882/393/299 852/394/300 851/396/298
f 884/397/281 883/395/297 851/396/298 850/398/282
f 873/363/284 884/397/281 850/398/282 849/362/283
f 848/347/294 837/348/270 862/400/318 861/399/328
f 847/364/293 848/347/294 861/399/328 863/401/327
f 846/365/292 847/366/293 863/403/327 864/402/326
f 845/367/291 846/365/292 864/402/326 865/404/325
f 844/368/290 845/367/291 865/404/325 866/405/324
f 843/369/289 844/368/290 866/405/324 867/406/323
f 842/370/288 843/369/289 867/406/323 868/407/322
f 841/371/287 842/370/288 868/407/322 869/408/321
f 840/372/286 841/371/287 869/408/321 870/409/320
f 839/373/285 840/372/286 870/409/320 871/410/319
f 838/374/269 839/373/285 871/410/319 872/411/317
f 837/348/270 838/374/269 872/411/317 862/400/318
f 861/399/328 862/400/318 873/363/284 874/360/315
f 863/401/327 861/399/328 874/360/315 875/377/313
f 864/402/326 863/403/327 875/382/313 876/379/311
f 865/404/325 864/402/326 876/379/311 877/383/309
f 866/405/324 865/404/325 877/383/309 878/385/307
f 867/406/323 866/405/324 878/385/307 879/387/305
f 868/407/322 867/406/323 879/387/305 880/389/303
f 869/408/321 868/407/322 880/389/303 881/391/301
f 870/409/320 869/408/321 881/391/301 882/393/299
f 871/410/319 870/409/320 882/393/299 883/395/297
f 872/411/317 871/410/319 883/395/297 884/397/281
f 862/400/318 872/411/317 884/397/281 873/363/284
f 896/375/340 885/376/296 1783/413/330 1794/412/354
f 859/378/314 860/361/316 896/375/340 895/414/339
f 858/380/312 859/381/314 895/416/339 894/415/338
f 857/384/310 858/380/312 894/415/338 893/417/337
f 856/386/308 857/384/310 893/417/337 892/418/336
f 855/388/306 856/386/308 892/418/336 891/419/335
f 854/390/304 855/388/306 891/419/335 890/420/334
f 853/392/302 854/390/304 890/420/334 889/421/333
f 852/394/300 853/392/302 889/421/333 888/422/332
f 851/396/298 852/394/300 888/422/332 887/423/331
f 850/398/282 851/396/298 887/423/331 886/424/295
f 849/362/283 850/398/282 886/424/295 885/376/296
f 921/425/374 924/428/344 909/427/343 920/426/364
f 895/414/339 896/375/340 1794/412/354 1793/429/353
f 894/415/338 895/416/339 1793/431/353 1792/430/352
f 893/417/337 894/415/338 1792/430/352 1791/432/351
f 892/418/336 893/417/337 1791/432/351 1790/433/350
f 891/419/335 892/418/336 1790/433/350 1789/434/349
f 890/420/334 891/419/335 1789/434/349 1788/435/348
f 889/421/333 890/420/334 1788/435/348 1787/436/347
f 888/422/332 889/421/333 1787/436/347 1786/437/346
f 887/423/331 888/422/332 1786/437/346 1785/438/345
f 886/424/295 887/423/331 1785/438/345 1784/439/329
f 885/376/296 886/424/295 1784/439/329 1783/413/330
f 909/641/343 910/642/342 911/643/355 912/644/356 913/645/357 914/646/358 915/647/359 916/648/360 917/649/361 918/650/362 919/651/363 920/652/364
f 925/452/373 921/425/374 920/426/364 919/453/363
f 927/454/372 925/457/373 919/456/363 918/455/362
f 929/458/371 927/454/372 918/455/362 917/459/361
f 931/460/370 929/458/371 917/459/361 916/461/360
f 933/462/369 931/460/370 916/461/360 915/463/359
f 935/464/368 933/462/369 915/463/359 914/465/358
f 937/466/367 935/464/368 914/465/358 913/467/357
f 939/468/366 937/466/367 913/467/357 912/469/356
f 941/470/365 939/468/366 912/469/356 911/471/355
f 943/472/341 941/470/365 911/471/355 910/473/342
f 924/428/344 943/472/341 910/473/342 909/427/343
f 908/412/397 897/413/378 923/475/377 922/474/398
f 922/474/398 923/475/377 924/428/344 921/425/374
f 907/429/395 908/412/397 922/474/398 926/476/396
f 926/476/396 922/474/398 921/425/374 925/452/373
f 906/430/393 907/431/395 926/478/396 928/477/394
f 928/477/394 926/478/396 925/457/373 927/454/372
f 905/432/391 906/430/393 928/477/394 930/479/392
f 930/479/392 928/477/394 927/454/372 929/458/371
f 904/433/389 905/432/391 930/479/392 932/480/390
f 932/480/390 930/479/392 929/458/371 931/460/370
f 903/434/387 904/433/389 932/480/390 934/481/388
f 934/481/388 932/480/390 931/460/370 933/462/369
f 902/435/385 903/434/387 934/481/388 936/482/386
f 936/482/386 934/481/388 933/462/369 935/464/368
f 901/436/383 902/435/385 936/482/386 938/483/384
f 938/483/384 936/482/386 935/464/368 937/466/367
f 900/437/381 901/436/383 938/483/384 940/484/382
f 940/484/382 938/483/384 937/466/367 939/468/366
f 899/438/379 900/437/381 940/484/382 942/485/380
f 942/485/380 940/484/382 939/468/366 941/470/365
f 898/439/375 899/438/379 942/485/380 944/486/376
f 944/486/376 942/485/380 941/470/365 943/472/341
f 897/413/378 898/439/375 944/486/376 923/475/377
f 923/475/377 944/486/376 943/472/341 924/428/344
f 1065/653/1 1820/654/1 1819/655/604 1067/656/604
f 1067/656/604 1819/655/604 1821/657/66 1069/658/66
f 1069/658/66 1821/657/66 1822/659/605 1071/660/605
f 1071/660/605 1822/659/605 1823/661/9 1073/662/9
f 1073/662/9 1823/661/9 1824/663/606 1075/664/606
f 1075/664/606 1824/663/606 1825/665/86 1077/666/86
f 1066/667/607 1080/668/608 1834/669/608 1828/670/607
f 1079/671/609 1826/668/609 1820/667/1 1065/672/1
f 1077/666/86 1825/665/86 1826/668/609 1079/671/609
f 1081/670/1 1088/669/609 1096/673/610 1089/674/611
f 1080/668/608 1078/665/612 1833/675/612 1834/669/608
f 1078/665/612 1076/663/613 1832/676/613 1833/675/612
f 1076/663/613 1074/661/614 1831/677/614 1832/676/613
f 1074/661/614 1072/659/615 1830/678/615 1831/677/614
f 1072/659/615 1070/657/616 1829/679/616 1830/678/615
f 1070/657/616 1068/655/617 1827/680/617 1829/679/616
f 1068/655/617 1066/654/607 1828/681/607 1827/680/617
f 1089/674/611 1096/673/610 1842/682/618 1836/683/619
f 1088/669/609 1087/675/86 1095/684/620 1096/673/610
f 1087/675/86 1086/676/606 1094/685/621 1095/684/620
f 1086/676/606 1085/677/9 1093/686/622 1094/685/621
f 1085/677/9 1084/678/605 1092/687/623 1093/686/622
f 1084/678/605 1083/679/66 1091/688/624 1092/687/623
f 1083/679/66 1082/680/604 1090/689/625 1091/688/624
f 1082/680/604 1081/681/1 1089/690/611 1090/689/625
f 1097/683/626 1104/682/627 1112/691/628 1105/692/629
f 1096/673/610 1095/684/620 1841/693/630 1842/682/618
f 1095/684/620 1094/685/621 1840/694/631 1841/693/630
f 1094/685/621 1093/686/622 1839/695/632 1840/694/631
f 1093/686/622 1092/687/623 1838/696/633 1839/695/632
f 1092/687/623 1091/688/624 1837/697/634 1838/696/633
f 1091/688/624 1090/689/625 1835/698/635 1837/697/634
f 1090/689/625 1089/690/611 1836/699/619 1835/698/635
f 1121/700/636 1122/701/637 1850/702/638 1844/703/639
f 1104/682/627 1103/693/640 1111/704/641 1112/691/628
f 1103/693/640 1102/694/642 1110/705/643 1111/704/641
f 1102/694/642 1101/695/644 1109/706/645 1110/705/643
f 1101/695/644 1100/696/646 1108/707/647 1109/706/645
f 1100/696/646 1099/697/648 1107/708/649 1108/707/647
f 1099/697/648 1098/698/650 1106/709/651 1107/708/649
f 1098/698/650 1097/699/626 1105/710/629 1106/709/651
f 1113/703/1 1120/702/609 1156/711/609 1149/712/1
f 1122/701/637 1123/713/652 1849/714/653 1850/702/638
f 1123/713/652 1124/715/654 1848/716/655 1849/714/653
f 1124/715/654 1125/717/656 1847/718/657 1848/716/655
f 1125/717/656 1126/719/658 1846/720/659 1847/718/657
f 1126/719/658 1127/721/660 1845/722/661 1846/720/659
f 1127/721/660 1128/723/662 1843/724/663 1845/722/661
f 1128/723/662 1121/725/636 1844/726/639 1843/724/663
f 1105/692/629 1112/691/628 1122/701/637 1121/700/636
f 1112/691/628 1111/704/641 1123/713/652 1122/701/637
f 1111/704/641 1110/705/643 1124/715/654 1123/713/652
f 1110/705/643 1109/706/645 1125/717/656 1124/715/654
f 1109/706/645 1108/707/647 1126/719/658 1125/717/656
f 1108/707/647 1107/708/649 1127/721/660 1126/719/658
f 1107/708/649 1106/709/651 1128/723/662 1127/721/660
f 1106/709/651 1105/710/629 1121/725/636 1128/723/662
f 1131/727/664 1130/728/86 1134/729/73 1135/730/665
f 1130/728/86 1129/731/666 1133/732/667 1134/729/73
f 1135/730/665 1134/729/73 1137/733/98 1138/734/668
f 1134/729/73 1133/732/667 1136/735/669 1137/733/98
f 1138/736/668 1137/737/98 1140/738/66 1141/739/670
f 1137/737/98 1136/740/669 1139/741/671 1140/738/66
f 1141/739/670 1140/738/66 1143/742/82 1144/743/672
f 1140/738/66 1139/741/671 1142/744/673 1143/742/82
f 1144/743/672 1143/742/82 1147/745/87 1148/746/674
f 1143/742/82 1142/744/673 1146/747/675 1147/745/87
f 1132/748/5 1131/727/664 1135/730/665
f 1129/731/666 1145/749/13 1133/732/667
f 1132/748/5 1135/730/665 1138/734/668
f 1133/732/667 1145/749/13 1136/735/669
f 1132/748/5 1138/736/668 1141/739/670
f 1136/740/669 1145/749/13 1139/741/671
f 1132/748/5 1141/739/670 1144/743/672
f 1139/741/671 1145/749/13 1142/744/673
f 1132/748/5 1144/743/672 1148/746/674
f 1142/744/673 1145/749/13 1146/747/675
f 1132/748/5 1148/746/674 1131/727/664
f 1148/746/674 1147/745/87 1130/728/86 1131/727/664
f 1147/745/87 1146/747/675 1129/731/666 1130/728/86
f 1146/747/675 1145/749/13 1129/731/666
f 1120/702/609 1119/714/86 1155/750/86 1156/711/609
f 1119/714/86 1118/716/606 1154/751/606 1155/750/86
f 1118/716/606 1117/718/9 1153/752/9 1154/751/606
f 1117/718/9 1116/720/605 1152/753/605 1153/752/9
f 1116/720/605 1115/722/66 1151/754/66 1152/753/605
f 1115/722/66 1114/724/604 1150/755/604 1151/754/66
f 1114/724/604 1113/726/1 1149/756/1 1150/755/604
f 1851/757/1 1854/758/1 1853/759/98 1852/760/98
f 1852/760/98 1853/759/98 1856/761/77 1855/762/77
f 1855/762/77 1856/761/77 1858/763/66 1857/764/66
f 1857/764/66 1858/763/66 1860/765/67 1859/766/67
f 1859/766/67 1860/765/67 1862/767/82 1861/768/82
f 1861/768/82 1862/767/82 1864/769/9 1863/770/9
f 1863/770/9 1864/769/9 1866/771/87 1865/772/87
f 1865/772/87 1866/771/87 1868/773/89 1867/774/89
f 1867/774/89 1868/773/89 1870/775/86 1869/776/86
f 1869/776/86 1870/775/86 1872/777/80 1871/778/80
f 1158/779/676 1180/780/677 1192/781/678 1181/782/679
f 1873/783/73 1874/784/73 1854/785/1 1851/786/1
f 1871/778/80 1872/777/80 1874/784/73 1873/783/73
f 1157/787/5 1159/788/5 1161/789/5 1163/790/5 1165/791/5 1167/792/5 1169/793/5 1171/794/5 1173/795/5 1175/796/5 1177/797/5 1179/798/5
f 1181/782/679 1192/781/678 1204/799/680 1193/800/681
f 1180/780/677 1178/801/682 1191/802/683 1192/781/678
f 1178/801/682 1176/803/684 1190/804/685 1191/802/683
f 1176/803/684 1174/805/686 1189/806/687 1190/804/685
f 1174/805/686 1172/807/688 1188/808/689 1189/806/687
f 1172/807/688 1170/809/690 1187/810/691 1188/808/689
f 1170/809/690 1168/811/692 1186/812/693 1187/810/691
f 1168/811/692 1166/813/694 1185/814/695 1186/812/693
f 1166/813/694 1164/815/696 1184/816/697 1185/814/695
f 1164/815/696 1162/817/698 1183/818/699 1184/816/697
f 1162/817/698 1160/819/700 1182/820/701 1183/818/699
f 1160/819/700 1158/821/676 1181/822/679 1182/820/701
f 1192/781/678 1191/802/683 1203/823/702 1204/799/680
f 1191/802/683 1190/804/685 1202/824/703 1203/823/702
f 1190/804/685 1189/806/687 1201/825/704 1202/824/703
f 1189/806/687 1188/808/689 1200/826/705 1201/825/704
f 1188/808/689 1187/810/691 1199/827/706 1200/826/705
f 1187/810/691 1186/812/693 1198/828/707 1199/827/706
f 1186/812/693 1185/814/695 1197/829/708 1198/828/707
f 1185/814/695 1184/816/697 1196/830/709 1197/829/708
f 1184/816/697 1183/818/699 1195/831/710 1196/830/709
f 1183/818/699 1182/820/701 1194/832/711 1195/831/710
f 1182/820/701 1181/822/679 1193/833/681 1194/832/711
f 1205/834/1 1216/835/73 1228/836/73 1217/837/1
f 1216/835/73 1215/838/80 1227/839/80 1228/836/73
f 1215/838/80 1214/840/86 1226/841/86 1227/839/80
f 1214/840/86 1213/842/89 1225/843/89 1226/841/86
f 1213/842/89 1212/844/87 1224/845/87 1225/843/89
f 1212/844/87 1211/846/9 1223/847/9 1224/845/87
f 1211/846/9 1210/848/82 1222/849/82 1223/847/9
f 1210/848/82 1209/850/67 1221/851/67 1222/849/82
f 1209/850/67 1208/852/66 1220/853/66 1221/851/67
f 1208/852/66 1207/854/77 1219/855/77 1220/853/66
f 1207/854/77 1206/856/98 1218/857/98 1219/855/77
f 1206/856/98 1205/858/1 1217/859/1 1218/857/98
f 1875/860/5 1877/861/5 1878/862/5 1879/863/5 1880/864/5 1881/865/5 1882/866/5 1883/867/5 1884/868/5 1885/869/5 1886/870/5 1876/871/5
f 1241/872/13 1252/873/13 1264/874/712 1253/875/713
f 1229/876/1 1240/877/73 1898/873/73 1888/872/1
f 1240/877/73 1239/878/80 1897/879/80 1898/873/73
f 1239/878/80 1238/880/86 1896/881/86 1897/879/80
f 1238/880/86 1237/882/89 1895/883/89 1896/881/86
f 1237/882/89 1236/884/87 1894/885/87 1895/883/89
f 1236/884/87 1235/886/9 1893/887/9 1894/885/87
f 1235/886/9 1234/888/82 1892/889/82 1893/887/9
f 1234/888/82 1233/890/67 1891/891/67 1892/889/82
f 1233/890/67 1232/892/66 1890/893/66 1891/891/67
f 1232/892/66 1231/894/77 1889/895/77 1890/893/66
f 1231/894/77 1230/896/98 1887/897/98 1889/895/77
f 1230/896/98 1229/898/1 1888/899/1 1887/897/98
f 1253/875/713 1264/874/712 1910/900/714 1900/901/715
f 1252/873/13 1251/879/13 1263/902/716 1264/874/712
f 1251/879/13 1250/881/13 1262/903/717 1263/902/716
f 1250/881/13 1249/883/13 1261/904/718 1262/903/717
f 1249/883/13 1248/885/13 1260/905/719 1261/904/718
f 1248/885/13 1247/887/13 1259/906/720 1260/905/719
f 1247/887/13 1246/889/13 1258/907/721 1259/906/720
f 1246/889/13 1245/891/13 1257/908/722 1258/907/721
f 1245/891/13 1244/893/13 1256/909/723 1257/908/722
f 1244/893/13 1243/895/13 1255/910/724 1256/909/723
f 1243/895/13 1242/897/13 1254/911/725 1255/910/724
f 1242/897/13 1241/899/13 1253/912/713 1254/911/725
f 1265/901/726 1276/900/727 1288/913/728 1277/914/729
f 1264/874/712 1263/902/716 1909/915/730 1910/900/714
f 1263/902/716 1262/903/717 1908/916/731 1909/915/730
f 1262/903/717 1261/904/718 1907/917/732 1908/916/731
f 1261/904/718 1260/905/719 1906/918/733 1907/917/732
f 1260/905/719 1259/906/720 1905/919/734 1906/918/733
f 1259/906/720 1258/907/721 1904/920/735 1905/919/734
f 1258/907/721 1257/908/722 1903/921/736 1904/920/735
f 1257/908/722 1256/909/723 1902/922/737 1903/921/736
f 1256/909/723 1255/910/724 1901/923/738 1902/922/737
f 1255/910/724 1254/911/725 1899/924/739 1901/923/738
f 1254/911/725 1253/912/713 1900/925/715 1899/924/739
f 1277/914/729 1288/913/728 1922/926/740 1912/927/741
f 1276/900/727 1275/915/742 1287/928/743 1288/913/728
f 1275/915/742 1274/916/744 1286/929/745 1287/928/743
f 1274/916/744 1273/917/746 1285/930/747 1286/929/745
f 1273/917/746 1272/918/748 1284/931/749 1285/930/747
f 1272/918/748 1271/919/750 1283/932/751 1284/931/749
f 1271/919/750 1270/920/752 1282/933/753 1283/932/751
f 1270/920/752 1269/921/754 1281/934/755 1282/933/753
f 1269/921/754 1268/922/756 1280/935/757 1281/934/755
f 1268/922/756 1267/923/758 1279/936/759 1280/935/757
f 1267/923/758 1266/924/760 1278/937/761 1279/936/759
f 1266/924/760 1265/925/726 1277/938/729 1278/937/761
f 1289/927/1 1300/926/73 1312/939/73 1301/940/1
f 1288/913/728 1287/928/743 1921/941/762 1922/926/740
f 1287/928/743 1286/929/745 1920/942/763 1921/941/762
f 1286/929/745 1285/930/747 1919/943/764 1920/942/763
f 1285/930/747 1284/931/749 1918/944/765 1919/943/764
f 1284/931/749 1283/932/751 1917/945/766 1918/944/765
f 1283/932/751 1282/933/753 1916/946/767 1917/945/766
f 1282/933/753 1281/934/755 1915/947/768 1916/946/767
f 1281/934/755 1280/935/757 1914/948/769 1915/947/768
f 1280/935/757 1279/936/759 1913/949/770 1914/948/769
f 1279/936/759 1278/937/761 1911/950/771 1913/949/770
f 1278/937/761 1277/938/729 1912/951/741 1911/950/771
f 1923/952/13 1924/953/13 1934/954/13 1933/955/13 1932/956/13 1931/957/13 1930/958/13 1929/959/13 1928/960/13 1927/961/13 1926/962/13 1925/963/13
f 1300/926/73 1299/941/80 1311/964/80 1312/939/73
f 1299/941/80 1298/942/86 1310/965/86 1311/964/80
f 1298/942/86 1297/943/89 1309/966/89 1310/965/86
f 1297/943/89 1296/944/87 1308/967/87 1309/966/89
f 1296/944/87 1295/945/9 1307/968/9 1308/967/87
f 1295/945/9 1294/946/82 1306/969/82 1307/968/9
f 1294/946/82 1293/947/67 1305/970/67 1306/969/82
f 1293/947/67 1292/948/66 1304/971/66 1305/970/67
f 1292/948/66 1291/949/77 1303/972/77 1304/971/66
f 1291/949/77 1290/950/98 1302/973/98 1303/972/77
f 1290/950/98 1289/951/1 1301/974/1 1302/973/98
f 1319/975/772 1318/976/773 1325/977/774 1326/978/775
f 1318/976/773 1317/979/776 1324/980/777 1325/977/774
f 1317/979/776 1316/981/86 1323/982/80 1324/980/777
f 1316/981/86 1315/983/778 1322/984/779 1323/982/80
f 1315/983/778 1314/985/780 1321/986/781 1322/984/779
f 1314/985/780 1313/987/782 1320/988/783 1321/986/781
f 1326/978/775 1325/977/774 1333/989/784 1334/990/785
f 1325/977/774 1324/980/777 1332/991/786 1333/989/784
f 1324/980/777 1323/982/80 1331/992/73 1332/991/786
f 1323/982/80 1322/984/779 1330/993/787 1331/992/73
f 1322/984/779 1321/986/781 1329/994/788 1330/993/787
f 1321/986/781 1320/988/783 1328/995/789 1329/994/788
f 1334/990/785 1333/989/784 1340/996/790 1341/997/791
f 1333/989/784 1332/991/786 1339/998/792 1340/996/790
f 1332/991/786 1331/992/73 1338/999/1 1339/998/792
f 1331/992/73 1330/993/787 1337/1000/793 1338/999/1
f 1330/993/787 1329/994/788 1336/1001/794 1337/1000/793
f 1329/994/788 1328/995/789 1335/1002/795 1336/1001/794
f 1341/1003/791 1340/1004/790 1347/1005/796 1348/1006/797
f 1340/1004/790 1339/1007/792 1346/1008/798 1347/1005/796
f 1339/1007/792 1338/1009/1 1345/1010/98 1346/1008/798
f 1338/1009/1 1337/1011/793 1344/1012/799 1345/1010/98
f 1337/1011/793 1336/1013/794 1343/1014/800 1344/1012/799
f 1336/1013/794 1335/1015/795 1342/1016/801 1343/1014/800
f 1348/1006/797 1347/1005/796 1355/1017/802 1356/1018/803
f 1347/1005/796 1346/1008/798 1354/1019/804 1355/1017/802
f 1346/1008/798 1345/1010/98 1353/1020/77 1354/1019/804
f 1345/1010/98 1344/1012/799 1352/1021/805 1353/1020/77
f 1344/1012/799 1343/1014/800 1351/1022/806 1352/1021/805
f 1343/1014/800 1342/1016/801 1350/1023/807 1351/1022/806
f 1356/1018/803 1355/1017/802 1362/1024/808 1363/1025/809
f 1355/1017/802 1354/1019/804 1361/1026/810 1362/1024/808
f 1354/1019/804 1353/1020/77 1360/1027/66 1361/1026/810
f 1353/1020/77 1352/1021/805 1359/1028/811 1360/1027/66
f 1352/1021/805 1351/1022/806 1358/1029/812 1359/1028/811
f 1351/1022/806 1350/1023/807 1357/1030/813 1358/1029/812
f 1363/1025/809 1362/1024/808 1369/1031/814 1370/1032/815
f 1362/1024/808 1361/1026/810 1368/1033/816 1369/1031/814
f 1361/1026/810 1360/1027/66 1367/1034/67 1368/1033/816
f 1360/1027/66 1359/1028/811 1366/1035/817 1367/1034/67
f 1359/1028/811 1358/1029/812 1365/1036/818 1366/1035/817
f 1358/1029/812 1357/1030/813 1364/1037/819 1365/1036/818
f 1370/1032/815 1369/1031/814 1376/1038/820 1377/1039/821
f 1369/1031/814 1368/1033/816 1375/1040/822 1376/1038/820
f 1368/1033/816 1367/1034/67 1374/1041/82 1375/1040/822
f 1367/1034/67 1366/1035/817 1373/1042/823 1374/1041/82
f 1366/1035/817 1365/1036/818 1372/1043/824 1373/1042/823
f 1365/1036/818 1364/1037/819 1371/1044/825 1372/1043/824
f 1377/1039/821 1376/1038/820 1383/1045/826 1384/1046/827
f 1376/1038/820 1375/1040/822 1382/1047/828 1383/1045/826
f 1375/1040/822 1374/1041/82 1381/1048/9 1382/1047/828
f 1374/1041/82 1373/1042/823 1380/1049/829 1381/1048/9
f 1373/1042/823 1372/1043/824 1379/1050/830 1380/1049/829
f 1372/1043/824 1371/1044/825 1378/1051/831 1379/1050/830
f 1384/1046/827 1383/1045/826 1390/1052/832 1391/1053/833
f 1383/1045/826 1382/1047/828 1389/1054/834 1390/1052/832
f 1382/1047/828 1381/1048/9 1388/1055/87 1389/1054/834
f 1381/1048/9 1380/1049/829 1387/1056/835 1388/1055/87
f 1380/1049/829 1379/1050/830 1386/1057/836 1387/1056/835
f 1379/1050/830 1378/1051/831 1385/1058/837 1386/1057/836
f 1391/1053/833 1390/1052/832 1397/1059/838 1398/1060/839
f 1390/1052/832 1389/1054/834 1396/1061/840 1397/1059/838
f 1389/1054/834 1388/1055/87 1395/1062/89 1396/1061/840
f 1388/1055/87 1387/1056/835 1394/1063/841 1395/1062/89
f 1387/1056/835 1386/1057/836 1393/1064/842 1394/1063/841
f 1386/1057/836 1385/1058/837 1392/1065/843 1393/1064/842
f 1327/1066/5 1319/975/772 1326/978/775
f 1313/987/782 1349/1067/13 1320/988/783
f 1327/1066/5 1326/978/775 1334/990/785
f 1320/988/783 1349/1067/13 1328/995/789
f 1327/1066/5 1334/990/785 1341/997/791
f 1328/995/789 1349/1067/13 1335/1002/795
f 1327/1066/5 1341/1003/791 1348/1006/797
f 1335/1015/795 1349/1067/13 1342/1016/801
f 1327/1066/5 1348/1006/797 1356/1018/803
f 1342/1016/801 1349/1067/13 1350/1023/807
f 1327/1066/5 1356/1018/803 1363/1025/809
f 1350/1023/807 1349/1067/13 1357/1030/813
f 1327/1066/5 1363/1025/809 1370/1032/815
f 1357/1030/813 1349/1067/13 1364/1037/819
f 1327/1066/5 1370/1032/815 1377/1039/821
f 1364/1037/819 1349/1067/13 1371/1044/825
f 1327/1066/5 1377/1039/821 1384/1046/827
f 1371/1044/825 1349/1067/13 1378/1051/831
f 1327/1066/5 1384/1046/827 1391/1053/833
f 1378/1051/831 1349/1067/13 1385/1058/837
f 1327/1066/5 1391/1053/833 1398/1060/839
f 1385/1058/837 1349/1067/13 1392/1065/843
f 1327/1066/5 1398/1060/839 1319/975/772
f 1398/1060/839 1397/1059/838 1318/976/773 1319/975/772
f 1397/1059/838 1396/1061/840 1317/979/776 1318/976/773
f 1396/1061/840 1395/1062/89 1316/981/86 1317/979/776
f 1395/1062/89 1394/1063/841 1315/983/778 1316/981/86
f 1394/1063/841 1393/1064/842 1314/985/780 1315/983/778
f 1393/1064/842 1392/1065/843 1313/987/782 1314/985/780
f 1392/1065/843 1349/1067/13 1313/987/782
f 1399/1068/844 1410/1069/845 1946/1070/845 1936/1071/844
f 1411/1071/13 1422/1070/13 1958/1072/13 1948/1073/13
f 1410/1069/845 1409/1074/846 1945/1075/846 1946/1070/845
f 1409/1074/846 1408/1076/847 1944/1077/847 1945/1075/846
f 1408/1076/847 1407/1078/848 1943/1079/848 1944/1077/847
f 1407/1078/848 1406/1080/849 1942/1081/849 1943/1079/848
f 1406/1080/849 1405/1082/850 1941/1083/850 1942/1081/849
f 1405/1082/850 1404/1084/851 1940/1085/851 1941/1083/850
f 1404/1084/851 1403/1086/852 1939/1087/852 1940/1085/851
f 1403/1086/852 1402/1088/853 1938/1089/853 1939/1087/852
f 1402/1088/853 1401/1090/854 1937/1091/854 1938/1089/853
f 1401/1090/854 1400/1092/855 1935/1093/855 1937/1091/854
f 1400/1092/855 1399/1094/844 1936/1095/844 1935/1093/855
f 1423/1073/1 1434/1072/73 1970/1096/73 1960/1097/1
f 1422/1070/13 1421/1075/13 1957/1098/13 1958/1072/13
f 1421/1075/13 1420/1077/13 1956/1099/13 1957/1098/13
f 1420/1077/13 1419/1079/13 1955/1100/13 1956/1099/13
f 1419/1079/13 1418/1081/13 1954/1101/13 1955/1100/13
f 1418/1081/13 1417/1083/13 1953/1102/13 1954/1101/13
f 1417/1083/13 1416/1085/13 1952/1103/13 1953/1102/13
f 1416/1085/13 1415/1087/13 1951/1104/13 1952/1103/13
f 1415/1087/13 1414/1089/13 1950/1105/13 1951/1104/13
f 1414/1089/13 1413/1091/13 1949/1106/13 1950/1105/13
f 1413/1091/13 1412/1093/13 1947/1107/13 1949/1106/13
f 1412/1093/13 1411/1095/13 1948/1108/13 1947/1107/13
f 1435/1097/13 1446/1096/13 1458/1109/13 1447/1110/13
f 1434/1072/73 1433/1098/80 1969/1111/80 1970/1096/73
f 1433/1098/80 1432/1099/86 1968/1112/86 1969/1111/80
f 1432/1099/86 1431/1100/89 1967/1113/89 1968/1112/86
f 1431/1100/89 1430/1101/87 1966/1114/87 1967/1113/89
f 1430/1101/87 1429/1102/9 1965/1115/9 1966/1114/87
f 1429/1102/9 1428/1103/82 1964/1116/82 1965/1115/9
f 1428/1103/82 1427/1104/67 1963/1117/67 1964/1116/82
f 1427/1104/67 1426/1105/66 1962/1118/66 1963/1117/67
f 1426/1105/66 1425/1106/77 1961/1119/77 1962/1118/66
f 1425/1106/77 1424/1107/98 1959/1120/98 1961/1119/77
f 1424/1107/98 1423/1108/1 1960/1121/1 1959/1120/98
f 1446/1096/13 1445/1111/13 1457/1122/13 1458/1109/13
f 1445/1111/13 1444/1112/13 1456/1123/13 1457/1122/13
f 1444/1112/13 1443/1113/13 1455/1124/13 1456/1123/13
f 1443/1113/13 1442/1114/13 1454/1125/13 1455/1124/13
f 1442/1114/13 1441/1115/13 1453/1126/13 1454/1125/13
f 1441/1115/13 1440/1116/13 1452/1127/13 1453/1126/13
f 1440/1116/13 1439/1117/13 1451/1128/13 1452/1127/13
f 1439/1117/13 1438/1118/13 1450/1129/13 1451/1128/13
f 1438/1118/13 1437/1119/13 1449/1130/13 1450/1129/13
f 1437/1119/13 1436/1120/13 1448/1131/13 1449/1130/13
f 1436/1120/13 1435/1121/13 1447/1132/13 1448/1131/13
usemtl glass
f 449/487/399 1626/488/400 1615/489/401 452/490/402
f 413/491/403 425/492/404 426/493/405 414/494/406
f 415/495/407 427/496/408 425/492/404 413/491/403
f 416/497/409 428/498/410 427/496/408 415/495/407
f 417/499/411 429/500/412 428/498/410 416/497/409
f 418/501/413 430/502/414 429/500/412 417/499/411
f 419/503/415 431/504/416 430/502/414 418/501/413
f 420/505/417 432/506/418 431/504/416 419/503/415
f 421/507/419 433/508/420 432/506/418 420/505/417
f 422/509/421 434/510/422 433/508/420 421/507/419
f 423/511/423 435/512/424 434/510/422 422/509/421
f 424/513/425 436/514/426 435/515/424 423/516/423
f 414/494/406 426/493/405 436/514/426 424/513/425
f 437/488/427 473/517/428 474/518/429 438/489/430
f 453/519/431 1625/520/432 1626/488/400 449/487/399
f 455/521/433 1624/522/434 1625/520/432 453/519/431
f 457/523/435 1623/524/436 1624/522/434 455/521/433
f 459/525/437 1622/526/438 1623/524/436 457/523/435
f 461/527/439 1621/528/440 1622/526/438 459/525/437
f 463/529/441 1620/530/442 1621/528/440 461/527/439
f 465/531/443 1619/532/444 1620/530/442 463/529/441
f 467/533/445 1618/534/446 1619/532/444 465/531/443
f 469/535/447 1617/536/448 1618/534/446 467/533/445
f 471/537/449 1616/538/450 1617/539/448 469/540/447
f 452/490/402 1615/489/401 1616/538/450 471/537/449
f 425/492/404 450/541/451 451/542/452 426/493/405
f 450/541/451 449/487/399 452/490/402 451/542/452
f 427/496/408 454/543/453 450/541/451 425/492/404
f 454/543/453 453/519/431 449/487/399 450/541/451
f 428/498/410 456/544/454 454/543/453 427/496/408
f 456/544/454 455/521/433 453/519/431 454/543/453
f 429/500/412 458/545/455 456/544/454 428/498/410
f 458/545/455 457/523/435 455/521/433 456/544/454
f 430/502/414 460/546/456 458/545/455 429/500/412
f 460/546/456 459/525/437 457/523/435 458/545/455
f 431/504/416 462/547/457 460/546/456 430/502/414
f 462/547/457 461/527/439 459/525/437 460/546/456
f 432/506/418 464/548/458 462/547/457 431/504/416
f 464/548/458 463/529/441 461/527/439 462/547/457
f 433/508/420 466/549/459 464/548/458 432/506/418
f 466/549/459 465/531/443 463/529/441 464/548/458
f 434/510/422 468/550/460 466/549/459 433/508/420
f 468/550/460 467/533/445 465/531/443 466/549/459
f 435/512/424 470/551/461 468/550/460 434/510/422
f 470/551/461 469/535/447 467/533/445 468/550/460
f 436/514/426 472/552/462 470/553/461 435/515/424
f 472/552/462 471/537/449 469/540/447 470/553/461
f 426/493/405 451/542/452 472/552/462 436/514/426
f 451/542/452 452/490/402 471/537/449 472/552/462
f 473/517/428 1638/554/463 1627/555/464 474/518/429
f 439/520/465 475/556/466 473/517/428 437/488/427
f 440/522/467 476/557/468 475/556/466 439/520/465
f 441/524/469 477/558/470 476/557/468 440/522/467
f 442/526/471 478/559/472 477/558/470 441/524/469
f 443/528/473 479/560/474 478/559/472 442/526/471
f 444/530/475 480/561/476 479/560/474 443/528/473
f 445/532/477 481/562/478 480/561/476 444/530/475
f 446/534/479 482/563/480 481/562/478 445/532/477
f 447/536/481 483/564/482 482/563/480 446/534/479
f 448/538/483 484/565/484 483/566/482 447/539/481
f 438/489/430 474/518/429 484/565/484 448/538/483
f 485/554/485 497/567/486 498/568/487 486/555/488
f 475/556/466 1637/569/489 1638/554/463 473/517/428
f 476/557/468 1636/570/490 1637/569/489 475/556/466
f 477/558/470 1635/571/491 1636/570/490 476/557/468
f 478/559/472 1634/572/492 1635/571/491 477/558/470
f 479/560/474 1633/573/493 1634/572/492 478/559/472
f 480/561/476 1632/574/494 1633/573/493 479/560/474
f 481/562/478 1631/575/495 1632/574/494 480/561/476
f 482/563/480 1630/576/496 1631/575/495 481/562/478
f 483/564/482 1629/577/497 1630/576/496 482/563/480
f 484/565/484 1628/578/498 1629/579/497 483/566/482
f 474/518/429 1627/555/464 1628/578/498 484/565/484
f 497/567/486 509/580/499 510/581/500 498/568/487
f 487/569/501 499/582/502 497/567/486 485/554/485
f 488/570/503 500/583/504 499/582/502 487/569/501
f 489/571/505 501/584/506 500/583/504 488/570/503
f 490/572/507 502/585/508 501/584/506 489/571/505
f 491/573/509 503/586/510 502/585/508 490/572/507
f 492/574/511 504/587/512 503/586/510 491/573/509
f 493/575/513 505/588/514 504/587/512 492/574/511
f 494/576/515 506/589/516 505/588/514 493/575/513
f 495/577/517 507/590/518 506/589/516 494/576/515
f 496/578/519 508/591/520 507/592/518 495/579/517
f 486/555/488 498/568/487 508/591/520 496/578/519
f 509/580/499 521/593/521 522/594/522 510/581/500
f 499/582/502 511/595/523 509/580/499 497/567/486
f 500/583/504 512/596/524 511/595/523 499/582/502
f 501/584/506 513/597/525 512/596/524 500/583/504
f 502/585/508 514/598/526 513/597/525 501/584/506
f 503/586/510 515/599/527 514/598/526 502/585/508
f 504/587/512 516/600/528 515/599/527 503/586/510
f 505/588/514 517/601/529 516/600/528 504/587/512
f 506/589/516 518/602/530 517/601/529 505/588/514
f 507/590/518 519/603/531 518/602/530 506/589/516
f 508/591/520 520/604/532 519/605/531 507/592/518
f 498/568/487 510/581/500 520/604/532 508/591/520
f 521/606/521 523/607/533 524/608/534 525/609/535 526/610/536 527/611/537 528/612/538 529/613/539 530/614/540 531/615/541 532/616/542 522/617/522
f 511/595/523 523/618/533 521/593/521 509/580/499
f 512/596/524 524/619/534 523/618/533 511/595/523
f 513/597/525 525/620/535 524/619/534 512/596/524
f 514/598/526 526/621/536 525/620/535 513/597/525
f 515/599/527 527/622/537 526/621/536 514/598/526
f 516/600/528 528/623/538 527/622/537 515/599/527
f 517/601/529 529/624/539 528/623/538 516/600/528
f 518/602/530 530/625/540 529/624/539 517/601/529
f 519/603/531 531/626/541 530/625/540 518/602/530
f 520/604/532 532/627/542 531/628/541 519/605/531
f 510/581/500 522/594/522 532/627/542 520/604/532
f 981/487/449 984/490/402 1795/489/401 1806/488/450
f 945/491/425 946/494/406 958/493/405 957/492/426
f 947/495/423 945/491/425 957/492/426 959/496/424
f 948/497/421 947/495/423 959/496/424 960/498/422
f 949/499/419 948/497/421 960/498/422 961/500/420
f 950/501/417 949/499/419 961/500/420 962/502/418
f 951/503/415 950/501/417 962/502/418 963/504/416
f 952/505/413 951/503/415 963/504/416 964/506/414
f 953/507/411 952/505/413 964/506/414 965/508/412
f 954/509/409 953/507/411 965/508/412 966/510/410
f 955/511/407 954/509/409 966/510/410 967/512/408
f 956/513/403 955/516/407 967/515/408 968/514/404
f 946/494/406 956/513/403 968/514/404 958/493/405
f 969/488/483 970/489/430 1006/518/429 1005/517/484
f 985/519/447 981/487/449 1806/488/450 1805/520/448
f 987/521/445 985/519/447 1805/520/448 1804/522/446
f 989/523/443 987/521/445 1804/522/446 1803/524/444
f 991/525/441 989/523/443 1803/524/444 1802/526/442
f 993/527/439 991/525/441 1802/526/442 1801/528/440
f 995/529/437 993/527/439 1801/528/440 1800/530/438
f 997/531/435 995/529/437 1800/530/438 1799/532/436
f 999/533/433 997/531/435 1799/532/436 1798/534/434
f 1001/535/431 999/533/433 1798/534/434 1797/536/432
f 1003/537/399 1001/540/431 1797/539/432 1796/538/400
f 984/490/402 1003/537/399 1796/538/400 1795/489/401
f 957/492/426 958/493/405 983/542/452 982/541/462
f 982/541/462 983/542/452 984/490/402 981/487/449
f 959/496/424 957/492/426 982/541/462 986/543/461
f 986/543/461 982/541/462 981/487/449 985/519/447
f 960/498/422 959/496/424 986/543/461 988/544/460
f 988/544/460 986/543/461 985/519/447 987/521/445
f 961/500/420 960/498/422 988/544/460 990/545/459
f 990/545/459 988/544/460 987/521/445 989/523/443
f 962/502/418 961/500/420 990/545/459 992/546/458
f 992/546/458 990/545/459 989/523/443 991/525/441
f 963/504/416 962/502/418 992/546/458 994/547/457
f 994/547/457 992/546/458 991/525/441 993/527/439
f 964/506/414 963/504/416 994/547/457 996/548/456
f 996/548/456 994/547/457 993/527/439 995/529/437
f 965/508/412 964/506/414 996/548/456 998/549/455
f 998/549/455 996/548/456 995/529/437 997/531/435
f 966/510/410 965/508/412 998/549/455 1000/550/454
f 1000/550/454 998/549/455 997/531/435 999/533/433
f 967/512/408 966/510/410 1000/550/454 1002/551/453
f 1002/551/453 1000/550/454 999/533/433 1001/535/431
f 968/514/404 967/515/408 1002/553/453 1004/552/451
f 1004/552/451 1002/553/453 1001/540/431 1003/537/399
f 958/493/405 968/514/404 1004/552/451 983/542/452
f 983/542/452 1004/552/451 1003/537/399 984/490/402
f 1005/517/484 1006/518/429 1807/555/464 1818/554/498
f 971/520/481 969/488/483 1005/517/484 1007/556/482
f 972/522/479 971/520/481 1007/556/482 1008/557/480
f 973/524/477 972/522/479 1008/557/480 1009/558/478
f 974/526/475 973/524/477 1009/558/478 1010/559/476
f 975/528/473 974/526/475 1010/559/476 1011/560/474
f 976/530/471 975/528/473 1011/560/474 1012/561/472
f 977/532/469 976/530/471 1012/561/472 1013/562/470
f 978/534/467 977/532/469 1013/562/470 1014/563/468
f 979/536/465 978/534/467 1014/563/468 1015/564/466
f 980/538/427 979/539/465 1015/566/466 1016/565/428
f 970/489/430 980/538/427 1016/565/428 1006/518/429
f 1017/554/519 1018/555/488 1030/568/487 1029/567/520
f 1007/556/482 1005/517/484 1818/554/498 1817/569/497
f 1008/557/480 1007/556/482 1817/569/497 1816/570/496
f 1009/558/478 1008/557/480 1816/570/496 1815/571/495
f 1010/559/476 1009/558/478 1815/571/495 1814/572/494
f 1011/560/474 1010/559/476 1814/572/494 1813/573/493
f 1012/561/472 1011/560/474 1813/573/493 1812/574/492
f 1013/562/470 1012/561/472 1812/574/492 1811/575/491
f 1014/563/468 1013/562/470 1811/575/491 1810/576/490
f 1015/564/466 1014/563/468 1810/576/490 1809/577/489
f 1016/565/428 1015/566/466 1809/579/489 1808/578/463
f 1006/518/429 1016/565/428 1808/578/463 1807/555/464
f 1029/567/520 1030/568/487 1042/581/500 1041/580/532
f 1019/569/517 1017/554/519 1029/567/520 1031/582/518
f 1020/570/515 1019/569/517 1031/582/518 1032/583/516
f 1021/571/513 1020/570/515 1032/583/516 1033/584/514
f 1022/572/511 1021/571/513 1033/584/514 1034/585/512
f 1023/573/509 1022/572/511 1034/585/512 1035/586/510
f 1024/574/507 1023/573/509 1035/586/510 1036/587/508
f 1025/575/505 1024/574/507 1036/587/508 1037/588/506
f 1026/576/503 1025/575/505 1037/588/506 1038/589/504
f 1027/577/501 1026/576/503 1038/589/504 1039/590/502
f 1028/578/485 1027/579/501 1039/592/502 1040/591/486
f 1018/555/488 1028/578/485 1040/591/486 1030/568/487
f 1041/580/532 1042/581/500 1054/594/522 1053/593/542
f 1031/582/518 1029/567/520 1041/580/532 1043/595/531
f 1032/583/516 1031/582/518 1043/595/531 1044/596/530
f 1033/584/514 1032/583/516 1044/596/530 1045/597/529
f 1034/585/512 1033/584/514 1045/597/529 1046/598/528
f 1035/586/510 1034/585/512 1046/598/528 1047/599/527
f 1036/587/508 1035/586/510 1047/599/527 1048/600/526
f 1037/588/506 1036/587/508 1048/600/526 1049/601/525
f 1038/589/504 1037/588/506 1049/601/525 1050/602/524
f 1039/590/502 1038/589/504 1050/602/524 1051/603/523
f 1040/591/486 1039/592/502 1051/605/523 1052/604/499
f 1030/568/487 1040/591/486 1052/604/499 1042/581/500
f 1053/606/542 1054/617/522 1064/616/521 1063/615/533 1062/614/534 1061/613/535 1060/612/536 1059/611/537 1058/610/538 1057/609/539 1056/608/540 1055/607/541
f 1043/595/531 1041/580/532 1053/593/542 1055/618/541
f 1044/596/530 1043/595/531 1055/618/541 1056/619/540
f 1045/597/529 1044/596/530 1056/619/540 1057/620/539
f 1046/598/528 1045/597/529 1057/620/539 1058/621/538
f 1047/599/527 1046/598/528 1058/621/538 1059/622/537
f 1048/600/526 1047/599/527 1059/622/537 1060/623/536
f 1049/601/525 1048/600/526 1060/623/536 1061/624/535
f 1050/602/524 1049/601/525 1061/624/535 1062/625/534
f 1051/603/523 1050/602/524 1062/625/534 1063/626/533
f 1052/604/499 1051/605/523 1063/628/533 1064/627/521
f 1042/581/500 1052/604/499 1064/627/521 1054/594/522
