# Blender 4.0.2
# www.blender.org
o vintage_grandfather_clock_01_Body
v 0.007461 1.731939 0.119368
v 0.006461 1.728209 0.119368
v 0.003730 1.725478 0.119368
v -0.000000 1.724478 0.119368
v -0.003730 1.725478 0.119368
v -0.006461 1.728209 0.119368
v -0.007461 1.731939 0.119368
v -0.006461 1.735670 0.119368
v -0.003730 1.738401 0.119368
v -0.000000 1.739400 0.119368
v 0.003730 1.738401 0.119368
v 0.006461 1.735670 0.119368
v 0.012803 1.731939 0.118823
v 0.011088 1.725537 0.118823
v 0.011088 1.725537 0.119368
v 0.012803 1.731939 0.119368
v 0.006402 1.720851 0.118823
v 0.006402 1.720851 0.119368
v -0.000000 1.719136 0.118823
v -0.000000 1.719136 0.119368
v -0.006402 1.720851 0.118823
v -0.006402 1.720851 0.119368
v -0.011088 1.725537 0.118823
v -0.011088 1.725537 0.119368
v -0.012803 1.731939 0.118823
v -0.012803 1.731939 0.119368
v -0.011088 1.738341 0.118823
v -0.011088 1.738341 0.119368
v -0.006402 1.743027 0.118823
v -0.006402 1.743027 0.119368
v -0.000000 1.744743 0.118823
v -0.000000 1.744743 0.119368
v 0.006402 1.743027 0.118823
v 0.006402 1.743027 0.119368
v 0.011088 1.738341 0.118823
v 0.011088 1.738341 0.119368
v 0.007461 1.731939 0.118827
v 0.006461 1.728209 0.118827
v 0.003730 1.725478 0.118827
v -0.000000 1.724478 0.118827
v -0.003730 1.725478 0.118827
v -0.006461 1.728209 0.118827
v -0.007461 1.731939 0.118827
v -0.006461 1.735670 0.118827
v -0.003730 1.738401 0.118827
v -0.000000 1.739400 0.118827
v 0.003730 1.738401 0.118827
v 0.006461 1.735670 0.118827
v 0.276622 1.474699 -0.172211
v 0.276532 1.469428 -0.172211
v 0.273354 1.474846 -0.172211
v 0.276622 1.474699 0.138409
v 0.273534 1.474699 0.154313
v 0.273354 1.474846 0.135697
v 0.276532 1.469428 0.137914
v 0.273419 1.469428 0.153953
v 0.273251 1.469575 0.133774
v 0.264507 1.466396 0.123913
v 0.270084 1.469575 0.150146
v 0.273251 1.469575 -0.172211
v 0.264507 1.466396 -0.172211
v -0.273251 1.469575 -0.172211
v -0.264507 1.466396 -0.172211
v -0.276532 1.469428 -0.172211
v -0.273354 1.474846 -0.172211
v -0.273251 1.469575 0.133774
v -0.270084 1.469575 0.150146
v -0.264507 1.466396 0.123913
v -0.276532 1.469428 0.137914
v -0.273419 1.469428 0.153953
v -0.276622 1.474699 0.138409
v -0.273354 1.474846 0.135697
v -0.273534 1.474699 0.154313
v -0.276622 1.474699 -0.172211
v -0.270314 1.474846 0.151384
v -0.264739 1.474699 0.167796
v -0.261656 1.474846 0.164682
v -0.251576 1.474699 0.176806
v -0.264553 1.469428 0.167549
v -0.251284 1.469428 0.176634
v -0.261064 1.469575 0.164026
v -0.247565 1.469575 0.173300
v -0.252290 1.466396 0.154354
v -0.238759 1.466396 0.163686
v -0.261332 1.466396 0.140387
v -0.245002 1.460502 0.146352
v -0.231533 1.460502 0.155642
v -0.254001 1.460502 0.132448
v -0.239437 1.452816 0.140250
v -0.226045 1.452816 0.149482
v -0.248385 1.452816 0.126433
v -0.236405 1.443668 0.136919
v -0.223021 1.443668 0.146149
v -0.245349 1.443668 0.123104
v -0.241381 1.443668 0.142404
v -0.228008 1.443668 0.151628
v -0.241364 1.435750 0.142380
v -0.250316 1.443668 0.128599
v -0.250312 1.435750 0.128549
v -0.253454 1.443668 0.112315
v -0.253454 1.435750 0.112235
v -0.248489 1.443668 0.106808
v -0.253454 1.443667 -0.172211
v -0.253454 1.435750 -0.172211
v -0.248489 1.443667 -0.172211
v -0.251527 1.452816 -0.172211
v -0.248489 1.435750 -0.172211
v 0.248489 1.443667 -0.172211
v 0.253454 1.443667 -0.172211
v 0.251527 1.452816 -0.172211
v 0.248489 1.435750 -0.172211
v 0.248489 1.443668 0.106808
v 0.245349 1.443668 0.123104
v 0.253454 1.443668 0.112315
v 0.251527 1.452816 0.110135
v 0.248385 1.452816 0.126433
v 0.257161 1.460502 0.116047
v 0.254001 1.460502 0.132448
v 0.257161 1.460502 -0.172211
v -0.257161 1.460502 -0.172211
v -0.257161 1.460502 0.116047
v -0.251527 1.452816 0.110135
v 0.261332 1.466396 0.140387
v 0.245002 1.460502 0.146352
v 0.252290 1.466396 0.154354
v 0.231533 1.460502 0.155642
v 0.239437 1.452816 0.140250
v 0.226045 1.452816 0.149482
v 0.236405 1.443668 0.136919
v 0.223021 1.443668 0.146149
v 0.241381 1.443668 0.142404
v 0.228008 1.443668 0.151628
v 0.241364 1.435750 0.142380
v 0.250316 1.443668 0.128599
v 0.250312 1.435750 0.128549
v 0.253454 1.435750 0.112235
v 0.206954 1.435750 0.106364
v 0.212176 1.435750 0.154867
v -0.206954 1.435750 0.106364
v 0.227972 1.435750 0.151622
v 0.206954 1.435750 -0.148997
v 0.253454 1.435750 -0.172211
v -0.206954 1.435750 -0.148997
v -0.212176 1.435750 0.154867
v -0.227972 1.435750 0.151622
v -0.212235 1.443668 0.154867
v -0.207232 1.443668 0.149391
v 0.212235 1.443668 0.154867
v 0.207232 1.443668 0.149391
v 0.210249 1.452816 0.152724
v 0.215647 1.460502 0.158904
v -0.210249 1.452816 0.152724
v -0.215647 1.460502 0.158904
v -0.222797 1.466396 0.166963
v -0.231641 1.469575 0.176556
v 0.222797 1.466396 0.166963
v 0.238759 1.466396 0.163686
v 0.231641 1.469575 0.176556
v 0.247565 1.469575 0.173300
v 0.235632 1.469428 0.179825
v 0.251284 1.469428 0.176634
v 0.236050 1.474699 0.179969
v -0.235632 1.469428 0.179825
v -0.236050 1.474699 0.179969
v -0.233416 1.474846 0.176689
v -0.248700 1.474846 0.173568
v -0.234217 1.489201 0.177275
v 0.233416 1.474846 0.176689
v 0.248700 1.474846 0.173569
v 0.234217 1.489201 0.177275
v 0.240522 1.495565 0.185260
v 0.249367 1.489201 0.174174
v 0.255550 1.495565 0.182188
v 0.262210 1.489201 0.165343
v 0.268291 1.495565 0.173439
v 0.270792 1.489201 0.152126
v 0.261656 1.474846 0.164683
v 0.270314 1.474846 0.151384
v 0.264739 1.474699 0.167797
v 0.251576 1.474699 0.176806
v 0.264553 1.469428 0.167549
v 0.261064 1.469575 0.164026
v 0.276804 1.495565 0.160347
v 0.273805 1.489201 0.136536
v 0.279793 1.495565 0.144903
v 0.273805 1.489201 -0.172211
v 0.279793 1.495565 -0.172211
v -0.273805 1.489201 -0.172211
v -0.279793 1.495565 -0.172211
v -0.273805 1.489201 0.136536
v -0.279793 1.495565 0.144903
v -0.270792 1.489201 0.152126
v -0.276804 1.495565 0.160347
v -0.262210 1.489201 0.165343
v -0.268291 1.495565 0.173439
v -0.249367 1.489201 0.174174
v -0.255550 1.495565 0.182187
v -0.255639 1.509785 0.182202
v -0.240522 1.495565 0.185259
v -0.240665 1.509785 0.185259
v 0.240665 1.509785 0.185260
v -0.213198 1.509785 0.134471
v -0.236753 1.509785 0.110893
v 0.213198 1.509785 0.134471
v -0.268333 1.509785 0.173494
v -0.276815 1.509785 0.160461
v -0.279793 1.509785 0.145088
v -0.279793 1.509785 -0.172211
v 0.279793 1.509785 -0.172211
v -0.236514 1.509785 -0.136675
v 0.236514 1.509785 -0.136675
v 0.236753 1.509785 0.110893
v 0.276815 1.509785 0.160461
v 0.268333 1.509785 0.173494
v 0.279793 1.509785 0.145088
v 0.255639 1.509785 0.182202
v -0.195514 1.551250 0.144830
v -0.195514 1.921918 0.144830
v -0.195514 1.551250 0.157885
v -0.207157 1.507502 0.144830
v 0.195514 1.551250 0.144830
v 0.195514 1.921918 0.144830
v 0.195514 1.551250 0.157885
v 0.207157 1.507502 0.144830
v 0.241103 1.507508 0.110884
v 0.207157 1.962826 0.144830
v 0.241103 1.962833 0.110884
v 0.202895 1.962826 0.144830
v 0.165503 1.921777 0.144830
v 0.187539 2.001889 0.144830
v 0.157696 1.952929 0.144830
v 0.142761 1.983560 0.144830
v 0.157696 1.952929 0.157885
v 0.142761 1.983560 0.157885
v 0.148749 1.948711 0.157885
v 0.165503 1.921777 0.157885
v 0.195514 1.921918 0.157885
v 0.158039 1.913562 0.157885
v 0.187033 1.913668 0.157885
v 0.158039 1.913562 0.132015
v 0.186845 1.941174 0.132016
v 0.187033 1.913668 0.132016
v 0.148749 1.948709 0.132016
v 0.134929 1.976841 0.132015
v 0.115181 2.000800 0.132015
v 0.163443 1.991892 0.132015
v 0.134929 1.976841 0.157885
v 0.115181 2.000800 0.157885
v 0.090648 2.020926 0.157885
v 0.121408 2.009578 0.157885
v 0.095390 2.030931 0.157885
v 0.121408 2.009578 0.144830
v 0.160004 2.039078 0.144830
v 0.095390 2.030931 0.144830
v 0.065710 2.046806 0.144830
v 0.123804 2.067570 0.144830
v 0.081679 2.089097 0.144830
v 0.041500 2.100375 0.144830
v 0.033172 2.055264 0.144830
v -0.000000 2.104157 0.144830
v -0.000000 2.057612 0.144830
v -0.041500 2.100375 0.144830
v -0.033172 2.055264 0.144830
v -0.081679 2.089097 0.144830
v -0.123804 2.067570 0.144830
v -0.065710 2.046806 0.144830
v -0.095390 2.030931 0.144830
v -0.065710 2.046806 0.157885
v -0.095390 2.030931 0.157885
v -0.033172 2.055264 0.157885
v -0.062682 2.035900 0.157885
v -0.062682 2.035900 0.132016
v -0.090648 2.020926 0.157885
v -0.031850 2.043887 0.157885
v -0.031850 2.043887 0.132016
v -0.000000 2.046147 0.157885
v -0.000000 2.057612 0.157885
v -0.000000 2.046147 0.132016
v 0.031850 2.043887 0.157885
v 0.031850 2.043887 0.132016
v 0.033172 2.055264 0.157885
v 0.062682 2.035900 0.157885
v 0.062682 2.035900 0.132016
v 0.065710 2.046806 0.157885
v 0.073306 2.066687 0.132015
v 0.090648 2.020926 0.132016
v 0.108953 2.048636 0.132016
v 0.108953 2.048636 -0.144040
v 0.139645 2.023596 0.132016
v 0.139645 2.023596 -0.144040
v 0.163444 1.991892 -0.144040
v 0.115181 2.000800 -0.144040
v 0.134929 1.976841 -0.144040
v 0.090648 2.020926 -0.144040
v 0.115181 2.000800 -0.156855
v 0.160004 2.039078 -0.156855
v 0.134929 1.976841 -0.156855
v 0.090648 2.020926 -0.156855
v 0.123804 2.067570 -0.156855
v 0.062682 2.035900 -0.156855
v 0.031850 2.043887 -0.156855
v 0.081679 2.089097 -0.156855
v 0.062682 2.035900 -0.144040
v 0.031850 2.043887 -0.144040
v 0.073306 2.066687 -0.144040
v 0.037300 2.076702 -0.144040
v 0.037300 2.076702 0.132016
v 0.000000 2.079985 -0.144040
v -0.037300 2.076702 -0.144040
v -0.000000 2.079985 0.132016
v 0.000000 2.046147 -0.144040
v -0.031850 2.043887 -0.144040
v 0.000000 2.046147 -0.156855
v -0.031850 2.043887 -0.156855
v 0.000000 2.104157 -0.156855
v -0.041500 2.100375 -0.156855
v 0.041500 2.100375 -0.156855
v -0.081679 2.089097 -0.156855
v -0.123804 2.067570 -0.156855
v -0.062682 2.035900 -0.156855
v -0.090648 2.020926 -0.156855
v -0.062682 2.035900 -0.144040
v -0.090648 2.020926 -0.144040
v -0.073306 2.066687 -0.144040
v -0.073306 2.066687 0.132015
v -0.108953 2.048636 -0.144040
v -0.139645 2.023596 -0.144040
v -0.108953 2.048636 0.132016
v -0.139645 2.023596 0.132016
v -0.090648 2.020926 0.132016
v -0.115181 2.000800 0.132015
v -0.134929 1.976841 0.132015
v -0.115181 2.000800 0.157885
v -0.134929 1.976841 0.157885
v -0.121408 2.009578 0.157885
v -0.142761 1.983560 0.157885
v -0.121408 2.009578 0.144830
v -0.142761 1.983560 0.144830
v -0.160004 2.039078 0.144830
v -0.187539 2.001889 0.144830
v -0.202895 1.962826 0.144830
v -0.165503 1.921777 0.144830
v -0.157696 1.952929 0.144830
v -0.207157 1.962826 0.144830
v -0.241103 1.962833 0.110884
v -0.241103 1.878326 0.054731
v -0.241103 1.894552 0.038507
v -0.241103 1.884604 0.044784
v -0.241103 1.507508 0.110884
v -0.241103 1.962881 -0.156855
v -0.241103 1.912935 0.035264
v -0.241103 1.875078 0.073113
v -0.239136 1.874112 0.072563
v -0.241103 1.595266 0.073113
v -0.239136 1.596233 0.072563
v -0.241103 1.592022 0.054729
v -0.239136 1.593061 0.054609
v -0.241103 1.585746 0.044783
v -0.239136 1.586430 0.044100
v -0.241103 1.575800 0.038508
v -0.239136 1.575921 0.037469
v -0.241103 1.557417 0.035264
v -0.239136 1.557967 0.034297
v -0.241103 1.557417 -0.080516
v -0.239136 1.557967 -0.079549
v -0.241103 1.575800 -0.083760
v -0.241103 1.507508 -0.156855
v -0.241103 1.585746 -0.090036
v -0.241103 1.592022 -0.099982
v -0.241103 1.595266 -0.118365
v -0.186923 1.559371 -0.156855
v 0.241103 1.507508 -0.156855
v 0.241103 1.585746 -0.090036
v 0.241103 1.592022 -0.099982
v 0.241103 1.575800 -0.083760
v 0.241103 1.962881 -0.156855
v 0.241103 1.595266 -0.118365
v 0.241103 1.557417 -0.080516
v 0.186923 1.559371 -0.156855
v 0.187038 1.913728 -0.156855
v 0.186923 1.559371 -0.144040
v 0.187038 1.913728 -0.144040
v -0.186923 1.559371 -0.144040
v 0.205553 1.539619 -0.144040
v 0.205558 1.941228 -0.144040
v -0.205553 1.539619 -0.144040
v 0.205553 1.539619 0.132016
v 0.205563 1.941174 0.132016
v -0.205553 1.539619 0.132015
v 0.186923 1.559371 0.132016
v -0.186923 1.559371 0.132015
v 0.186923 1.559371 0.157885
v -0.186923 1.559371 0.157885
v -0.187033 1.913668 0.157885
v -0.158039 1.913562 0.157885
v -0.195514 1.921918 0.157885
v -0.187033 1.913668 0.132016
v -0.158039 1.913562 0.132015
v -0.205563 1.941174 0.132015
v -0.186845 1.941174 0.132015
v -0.205558 1.941228 -0.144040
v -0.187038 1.913728 -0.144040
v -0.186850 1.941178 -0.144040
v -0.163444 1.991892 -0.144040
v -0.158043 1.913602 -0.144040
v -0.148753 1.948697 -0.144040
v -0.148753 1.948697 -0.156855
v -0.134929 1.976841 -0.144040
v -0.115181 2.000800 -0.144040
v -0.134929 1.976841 -0.156855
v -0.115181 2.000800 -0.156855
v -0.187539 2.001889 -0.156855
v -0.202897 1.962826 -0.156855
v -0.160004 2.039078 -0.156855
v -0.158043 1.913602 -0.156855
v -0.187038 1.913728 -0.156855
v -0.163443 1.991892 0.132015
v -0.148749 1.948709 0.132016
v -0.148749 1.948711 0.157885
v -0.157696 1.952929 0.157885
v -0.165503 1.921777 0.157885
v 0.186850 1.941178 -0.144040
v 0.158043 1.913602 -0.144040
v 0.148753 1.948697 -0.144040
v 0.148753 1.948697 -0.156855
v 0.158043 1.913602 -0.156855
v 0.202897 1.962826 -0.156855
v 0.187539 2.001889 -0.156855
v 0.239136 1.557967 -0.079549
v 0.241103 1.557417 0.035264
v 0.239136 1.557967 0.034297
v 0.241103 1.575800 0.038508
v 0.239136 1.575921 0.037469
v 0.241103 1.585746 0.044783
v 0.239136 1.586430 0.044100
v 0.241103 1.592022 0.054729
v 0.239136 1.593061 0.054609
v 0.241103 1.595266 0.073113
v 0.239136 1.596233 0.072563
v 0.241103 1.875078 0.073113
v 0.239136 1.874112 0.072563
v 0.241103 1.878326 0.054731
v 0.239136 1.877287 0.054610
v 0.241103 1.884604 0.044784
v 0.239136 1.883921 0.044100
v 0.241103 1.894552 0.038508
v 0.239136 1.894432 0.037469
v 0.241103 1.912935 0.035264
v 0.239136 1.912385 0.034297
v 0.241103 1.912961 -0.080516
v 0.239136 1.912411 -0.079549
v 0.241103 1.894577 -0.083760
v 0.239136 1.894457 -0.082721
v 0.241103 1.884634 -0.090035
v 0.239136 1.883950 -0.089352
v 0.241103 1.878360 -0.099980
v 0.239136 1.877321 -0.099860
v 0.241103 1.875120 -0.118365
v 0.239136 1.874153 -0.117815
v 0.239108 1.871079 -0.116067
v 0.239136 1.596233 -0.117815
v 0.239108 1.599307 -0.116067
v 0.239136 1.593061 -0.099861
v 0.239108 1.596365 -0.099478
v 0.239136 1.586430 -0.089352
v 0.239108 1.588604 -0.087178
v 0.239136 1.575921 -0.082721
v 0.239108 1.576304 -0.079417
v 0.236277 1.576331 -0.079186
v 0.239108 1.559715 -0.076475
v 0.236277 1.559838 -0.076260
v 0.239108 1.559715 0.031223
v 0.236277 1.559838 0.031008
v 0.239108 1.576304 0.034165
v 0.236277 1.576331 0.033934
v 0.239108 1.588604 0.041926
v 0.236277 1.588756 0.041774
v 0.239108 1.596365 0.054226
v 0.236277 1.596596 0.054199
v 0.239108 1.599307 0.070815
v 0.236277 1.599522 0.070692
v 0.239108 1.871038 0.070815
v 0.236277 1.870823 0.070692
v 0.239108 1.873983 0.054227
v 0.236277 1.873752 0.054200
v 0.239108 1.881747 0.041926
v 0.236277 1.881595 0.041774
v 0.239108 1.894049 0.034165
v 0.236277 1.894022 0.033934
v 0.239108 1.910638 0.031223
v 0.236277 1.910515 0.031008
v 0.239108 1.910663 -0.076475
v 0.236277 1.910540 -0.076260
v 0.239108 1.894074 -0.079417
v 0.236277 1.894047 -0.079186
v 0.239108 1.881776 -0.087178
v 0.236277 1.881624 -0.087026
v 0.239108 1.874017 -0.099478
v 0.236277 1.873786 -0.099451
v 0.235190 1.871844 -0.099226
v 0.236277 1.870864 -0.115944
v 0.235190 1.869057 -0.114917
v 0.236277 1.599522 -0.115944
v 0.235190 1.601329 -0.114917
v 0.236277 1.596596 -0.099452
v 0.235190 1.598538 -0.099226
v 0.236277 1.588756 -0.087026
v 0.235190 1.590033 -0.085749
v 0.235190 1.576555 -0.077244
v 0.232409 1.590033 -0.085749
v 0.232409 1.576555 -0.077244
v 0.232409 1.598538 -0.099226
v 0.232409 1.880346 -0.085749
v 0.232409 1.590033 0.040496
v 0.232409 1.598538 0.053974
v 0.232409 1.576555 0.031992
v 0.235190 1.590033 0.040496
v 0.232409 1.880318 0.040496
v 0.232409 1.893797 0.031992
v 0.232409 1.871810 0.053974
v 0.235190 1.880318 0.040496
v 0.235190 1.893797 0.031992
v 0.235190 1.871810 0.053974
v 0.235190 1.869016 0.069665
v 0.235190 1.601329 0.069665
v 0.232409 1.869016 0.069665
v 0.232409 1.601329 0.069665
v 0.235190 1.598538 0.053974
v 0.235190 1.909488 0.029201
v 0.232409 1.909488 0.029201
v 0.235190 1.909512 -0.074453
v 0.235190 1.893822 -0.077244
v 0.232409 1.909512 -0.074453
v 0.232409 1.893822 -0.077244
v 0.235190 1.880346 -0.085749
v 0.235190 1.576555 0.031992
v 0.235190 1.560865 0.029201
v 0.232409 1.560865 0.029201
v 0.235190 1.560865 -0.074453
v 0.232409 1.560865 -0.074453
v 0.232409 1.871844 -0.099226
v 0.232409 1.869057 -0.114917
v 0.232409 1.601329 -0.114917
v -0.239136 1.596233 -0.117815
v -0.241103 1.875120 -0.118365
v -0.239136 1.874153 -0.117815
v -0.241103 1.878360 -0.099980
v -0.239136 1.877321 -0.099860
v -0.241103 1.884634 -0.090035
v -0.239136 1.883950 -0.089352
v -0.241103 1.894577 -0.083760
v -0.239136 1.894457 -0.082721
v -0.241103 1.912961 -0.080516
v -0.239136 1.912411 -0.079549
v -0.239108 1.910663 -0.076475
v -0.239136 1.912385 0.034297
v -0.239108 1.910638 0.031223
v -0.239136 1.894432 0.037469
v -0.239108 1.894049 0.034165
v -0.239136 1.883921 0.044100
v -0.239108 1.881747 0.041926
v -0.239136 1.877287 0.054610
v -0.239108 1.873983 0.054227
v -0.236277 1.873752 0.054200
v -0.239108 1.871038 0.070815
v -0.236277 1.870823 0.070692
v -0.239108 1.599307 0.070815
v -0.236277 1.599522 0.070692
v -0.239108 1.596365 0.054226
v -0.236277 1.596596 0.054199
v -0.239108 1.588604 0.041926
v -0.236277 1.588756 0.041774
v -0.239108 1.576304 0.034165
v -0.236277 1.576331 0.033934
v -0.239108 1.559715 0.031223
v -0.236277 1.559838 0.031008
v -0.239108 1.559715 -0.076475
v -0.236277 1.559838 -0.076260
v -0.239108 1.576304 -0.079417
v -0.236277 1.576331 -0.079186
v -0.239136 1.575921 -0.082721
v -0.239108 1.588604 -0.087178
v -0.236277 1.588756 -0.087026
v -0.239136 1.586430 -0.089352
v -0.239108 1.596365 -0.099478
v -0.236277 1.596596 -0.099452
v -0.239136 1.593061 -0.099861
v -0.239108 1.599307 -0.116067
v -0.236277 1.599522 -0.115944
v -0.239108 1.871079 -0.116067
v -0.236277 1.870864 -0.115944
v -0.239108 1.874017 -0.099478
v -0.236277 1.873786 -0.099451
v -0.239108 1.881776 -0.087178
v -0.236277 1.881624 -0.087026
v -0.239108 1.894074 -0.079417
v -0.236277 1.894047 -0.079186
v -0.235190 1.893822 -0.077244
v -0.236277 1.910540 -0.076260
v -0.235190 1.909512 -0.074453
v -0.236277 1.910515 0.031008
v -0.235190 1.909488 0.029201
v -0.236277 1.894022 0.033934
v -0.235190 1.893797 0.031992
v -0.236277 1.881595 0.041774
v -0.235190 1.880318 0.040496
v -0.235190 1.871810 0.053974
v -0.232409 1.880318 0.040496
v -0.232409 1.893797 0.031992
v -0.232409 1.871810 0.053974
v -0.232409 1.880346 -0.085749
v -0.232409 1.590033 0.040496
v -0.232409 1.598538 0.053974
v -0.232409 1.576555 0.031992
v -0.235190 1.590033 0.040496
v -0.232409 1.590033 -0.085749
v -0.232409 1.576555 -0.077244
v -0.232409 1.598538 -0.099226
v -0.235190 1.590033 -0.085749
v -0.235190 1.576555 -0.077244
v -0.235190 1.598538 -0.099226
v -0.235190 1.601329 -0.114917
v -0.235190 1.869057 -0.114917
v -0.232409 1.601329 -0.114917
v -0.232409 1.869057 -0.114917
v -0.232409 1.871844 -0.099226
v -0.235190 1.871844 -0.099226
v -0.235190 1.880346 -0.085749
v -0.235190 1.560865 -0.074453
v -0.232409 1.560865 -0.074453
v -0.235190 1.560865 0.029201
v -0.235190 1.576555 0.031992
v -0.232409 1.560865 0.029201
v -0.235190 1.598538 0.053974
v -0.235190 1.601329 0.069665
v -0.235190 1.869016 0.069665
v -0.232409 1.601329 0.069665
v -0.232409 1.869016 0.069665
v -0.232409 1.893822 -0.077244
v -0.232409 1.909512 -0.074453
v -0.232409 1.909488 0.029201
v -0.037300 2.076702 0.132016
v -0.288891 0.028914 -0.172211
v -0.288891 0.028914 0.155605
v -0.288891 0.044429 -0.172211
v -0.224238 0.028914 0.220219
v -0.288891 0.044429 -0.172211
v -0.251462 0.039593 -0.172211
v -0.284191 0.044429 -0.172211
v 0.288891 0.028914 -0.172211
v 0.288891 0.028914 0.155605
v 0.288891 0.044429 -0.172211
v 0.224238 0.028914 0.220219
v 0.288891 0.044429 -0.172211
v 0.251462 0.039593 -0.172211
v 0.284191 0.044429 -0.172211
v 0.288120 0.046633 -0.172211
v 0.286257 0.047542 -0.172211
v 0.284191 0.047539 -0.172211
v 0.280146 0.053070 -0.172211
v 0.284191 0.047537 0.150424
v 0.286257 0.047542 -0.172211
v 0.280146 0.053070 -0.172211
v 0.278738 0.060814 -0.172211
v 0.278738 0.081715 -0.172211
v 0.277681 0.088276 -0.172211
v 0.273786 0.093004 -0.172211
v 0.267048 0.094286 -0.172211
v 0.266666 0.101547 -0.172211
v 0.260963 0.101547 -0.172211
v 0.267048 0.094286 -0.172211
v 0.266666 0.101547 0.131755
v 0.199600 0.101547 0.198211
v 0.260963 0.101547 0.125372
v 0.267048 0.094287 0.131935
v 0.200271 0.094287 0.198233
v 0.273786 0.093004 0.139100
v 0.207568 0.093004 0.205028
v 0.277681 0.088276 0.143922
v 0.273786 0.093004 -0.172211
v 0.277681 0.088276 -0.172211
v 0.278738 0.081715 -0.172211
v 0.278738 0.060814 -0.172211
v 0.278738 0.081715 0.145557
v 0.214130 0.081715 0.210016
v 0.278738 0.060814 0.145692
v 0.214302 0.060814 0.210016
v 0.280146 0.053070 0.146830
v 0.215462 0.053070 0.211430
v 0.219064 0.047537 0.215495
v -0.215462 0.053070 0.211430
v -0.280146 0.053070 0.146830
v -0.214302 0.060814 0.210016
v -0.219064 0.047537 0.215495
v -0.284191 0.047537 0.150424
v -0.221260 0.047542 0.217595
v -0.223211 0.046633 0.219450
v -0.286276 0.047542 0.152619
v 0.221260 0.047542 0.217595
v 0.223211 0.046633 0.219450
v 0.286276 0.047542 0.152619
v 0.288125 0.046633 0.154576
v 0.288891 0.044429 0.155410
v 0.288120 0.046633 -0.172211
v 0.224042 0.044429 0.220219
v -0.224042 0.044429 0.220219
v -0.288891 0.044429 0.155410
v -0.288125 0.046633 0.154576
v -0.288120 0.046633 -0.172211
v -0.286257 0.047542 -0.172211
v -0.284191 0.047539 -0.172211
v -0.280146 0.053070 -0.172211
v -0.280146 0.053070 -0.172211
v -0.286257 0.047542 -0.172211
v -0.288120 0.046633 -0.172211
v -0.278738 0.060814 -0.172211
v -0.278738 0.081715 -0.172211
v -0.277681 0.088276 -0.172211
v -0.273786 0.093004 -0.172211
v -0.267048 0.094286 -0.172211
v -0.266666 0.101547 -0.172211
v -0.260963 0.101547 -0.172211
v -0.267048 0.094286 -0.172211
v -0.266666 0.101547 0.131754
v -0.199600 0.101547 0.198211
v -0.260963 0.101547 0.125372
v -0.267048 0.094287 0.131935
v -0.200271 0.094287 0.198233
v -0.273786 0.093004 0.139100
v -0.207568 0.093004 0.205028
v -0.277681 0.088276 0.143922
v -0.273786 0.093004 -0.172211
v -0.277681 0.088276 -0.172211
v -0.278738 0.081715 -0.172211
v -0.278738 0.060814 -0.172211
v -0.278738 0.081715 0.145557
v -0.214130 0.081715 0.210016
v -0.278738 0.060814 0.145692
v -0.212452 0.088276 0.208951
v 0.212452 0.088276 0.208951
v -0.260963 0.387980 0.125327
v -0.193270 0.101547 0.192037
v -0.192840 0.387980 0.192037
v 0.193270 0.101547 0.192037
v 0.192840 0.387980 0.192037
v 0.260963 0.387980 0.125327
v 0.210966 0.387980 0.204470
v 0.279480 0.387980 0.137387
v 0.211219 0.401218 0.204422
v -0.210966 0.387980 0.204470
v -0.279480 0.387980 0.137387
v -0.211220 0.401218 0.204422
v -0.279413 0.401218 0.137367
v -0.207924 0.401218 0.200596
v -0.275668 0.401218 0.133599
v -0.206170 0.403579 0.197725
v 0.207924 0.401218 0.200596
v 0.275668 0.401218 0.133599
v 0.206170 0.403579 0.197725
v 0.272845 0.403579 0.131609
v 0.204739 0.407956 0.195265
v 0.270407 0.407956 0.130062
v 0.203156 0.413714 0.192658
v -0.204739 0.407956 0.195265
v -0.270407 0.407956 0.130062
v -0.203156 0.413714 0.192658
v -0.268016 0.413828 0.128229
v -0.201987 0.420559 0.191220
v -0.266356 0.420785 0.127288
v -0.202071 0.424675 0.191220
v 0.201987 0.420559 0.191220
v 0.266356 0.420785 0.127288
v 0.202071 0.424675 0.191220
v 0.266356 0.424675 0.127426
v 0.204348 0.427636 0.193348
v 0.268626 0.427636 0.129622
v 0.206909 0.431553 0.195507
v -0.204348 0.427636 0.193348
v -0.268626 0.427636 0.129622
v -0.206909 0.431553 0.195507
v -0.270928 0.431553 0.132042
v -0.207944 0.436340 0.196373
v -0.271852 0.436340 0.133031
v -0.206803 0.441126 0.195507
v 0.207944 0.436340 0.196373
v 0.271852 0.436340 0.133031
v 0.206803 0.441126 0.195507
v 0.270928 0.441126 0.131993
v 0.204104 0.445043 0.193348
v 0.268626 0.445043 0.129510
v 0.201654 0.448004 0.191220
v -0.204104 0.445043 0.193348
v -0.268626 0.445043 0.129510
v -0.201654 0.448004 0.191220
v -0.266356 0.448004 0.127236
v -0.174160 0.448004 0.124315
v -0.199451 0.448004 0.099304
v 0.174160 0.448004 0.124315
v 0.199451 0.448004 0.099304
v 0.199451 0.448004 -0.105306
v 0.266356 0.448004 0.127236
v 0.266356 0.448004 -0.172211
v 0.268626 0.445043 -0.172211
v -0.266356 0.448004 -0.172212
v 0.251462 0.440763 -0.172211
v 0.270928 0.441126 -0.172211
v 0.271852 0.436339 -0.172211
v 0.270928 0.431553 -0.172211
v 0.268626 0.427636 -0.172211
v 0.251462 0.421678 -0.172211
v 0.266356 0.424675 -0.172211
v -0.251462 0.440763 -0.172212
v -0.268626 0.445043 -0.172212
v -0.270928 0.441126 -0.172212
v -0.271852 0.436339 -0.172212
v -0.270928 0.431553 -0.172212
v -0.268626 0.427636 -0.172212
v -0.251462 0.421678 -0.172212
v -0.266356 0.424675 -0.172212
v -0.266356 0.424675 -0.172212
v -0.266356 0.421678 -0.172212
v -0.268626 0.427636 -0.172212
v -0.266356 0.424675 0.127426
v -0.270928 0.431553 -0.172212
v -0.271852 0.436339 -0.172212
v -0.270928 0.441126 -0.172212
v -0.270928 0.441126 0.131993
v -0.268016 0.414274 -0.172212
v -0.270407 0.407956 -0.172212
v -0.272845 0.403579 -0.172212
v -0.260963 0.387980 -0.172212
v -0.279480 0.387980 -0.172212
v -0.275668 0.401218 -0.172212
v -0.279413 0.401218 -0.172212
v -0.272845 0.403579 0.131609
v 0.266356 0.424675 -0.172211
v 0.266356 0.421678 -0.172211
v 0.268626 0.427636 -0.172211
v 0.270928 0.431553 -0.172211
v 0.271852 0.436339 -0.172211
v 0.270928 0.431553 0.132042
v 0.270928 0.441126 -0.172211
v 0.268016 0.414274 -0.172211
v 0.270407 0.407956 -0.172211
v 0.268016 0.413828 0.128229
v 0.272845 0.403579 -0.172211
v 0.260963 0.387980 -0.172211
v 0.279480 0.387980 -0.172211
v 0.275668 0.401218 -0.172211
v 0.279413 0.401218 -0.172211
v 0.279413 0.401218 0.137368
v -0.199451 0.448004 -0.105306
v 0.219125 0.000003 0.212768
v 0.282304 0.000003 0.150588
v 0.166901 0.000003 0.212768
v 0.210998 -0.000065 0.193536
v 0.229130 0.000086 0.236441
v 0.306341 0.000086 0.160448
v 0.166901 0.000003 0.238410
v 0.229050 0.011537 0.236456
v 0.306355 0.011537 0.160369
v 0.228905 0.012878 0.236134
v 0.166866 0.011454 0.238410
v 0.166862 0.012796 0.238060
v 0.166860 0.013619 0.237075
v 0.166858 0.014006 0.234688
v 0.228518 0.013698 0.235224
v 0.305105 0.013698 0.159845
v 0.227592 0.014076 0.233017
v 0.302864 0.014076 0.158933
v 0.227314 0.016699 0.232399
v 0.302236 0.016699 0.158658
v 0.225958 0.017442 0.229172
v 0.166851 0.016631 0.234016
v 0.166848 0.017385 0.230525
v 0.166821 0.026328 0.227197
v 0.166813 0.028914 0.222925
v 0.224608 0.026375 0.226106
v 0.295847 0.026375 0.155993
v 0.222938 0.028947 0.222159
v 0.291840 0.028947 0.154347
v 0.219010 0.028914 0.212768
v 0.282304 0.028914 0.150475
v 0.166813 0.028914 0.212768
v 0.166813 0.028914 0.193521
v 0.166901 0.000003 0.193521
v 0.210918 0.028847 0.193521
v 0.262760 0.028847 0.142500
v 0.262775 -0.000065 0.142577
v 0.262760 0.028914 0.099250
v 0.262760 0.000003 0.099344
v 0.282304 0.028914 0.099250
v 0.282304 0.000003 0.099344
v 0.292618 0.028914 0.099250
v 0.296956 0.026328 0.099259
v 0.300336 0.017385 0.099288
v 0.298960 0.017442 0.157323
v 0.303880 0.016631 0.099290
v 0.304563 0.014006 0.099299
v 0.306987 0.013619 0.099300
v 0.307987 0.012796 0.099303
v 0.306028 0.012878 0.160226
v 0.308343 0.011454 0.099307
v 0.308343 0.000003 0.099344
v -0.282304 0.000003 -0.171025
v -0.195571 0.000003 -0.171025
v -0.282304 0.000003 -0.068235
v -0.262760 0.000003 -0.140983
v -0.308343 0.000003 -0.171025
v -0.282304 0.028914 -0.171025
v -0.292618 0.028914 -0.171025
v -0.296956 0.026328 -0.171025
v -0.300336 0.017385 -0.171025
v -0.304563 0.014006 -0.171025
v -0.303880 0.016631 -0.171025
v -0.308343 0.011454 -0.171025
v -0.306987 0.013619 -0.171025
v -0.307987 0.012796 -0.171025
v -0.307987 0.012796 -0.068245
v -0.306987 0.013619 -0.068245
v -0.308343 0.011454 -0.068244
v -0.308343 0.000003 -0.068235
v -0.304563 0.014006 -0.068246
v -0.303880 0.016631 -0.068248
v -0.300336 0.017385 -0.068248
v -0.296956 0.026328 -0.068255
v -0.292618 0.028914 -0.068257
v -0.282304 0.028914 -0.068257
v -0.262760 0.028914 -0.068257
v -0.262760 0.000003 -0.068235
v -0.262760 0.028914 -0.140983
v -0.195571 0.028914 -0.140983
v -0.195571 0.000003 -0.140983
v -0.195571 0.028914 -0.171025
v -0.219125 0.000003 0.212768
v -0.282304 0.000003 0.150588
v -0.166901 0.000003 0.212768
v -0.210998 -0.000065 0.193536
v -0.229130 0.000086 0.236441
v -0.306341 0.000086 0.160448
v -0.166901 0.000003 0.238410
v -0.229050 0.011537 0.236456
v -0.306355 0.011537 0.160369
v -0.228905 0.012878 0.236134
v -0.166866 0.011454 0.238410
v -0.166862 0.012796 0.238060
v -0.166860 0.013619 0.237075
v -0.166858 0.014006 0.234688
v -0.228518 0.013698 0.235224
v -0.305105 0.013698 0.159845
v -0.227592 0.014076 0.233017
v -0.302864 0.014076 0.158932
v -0.227314 0.016699 0.232399
v -0.302236 0.016699 0.158658
v -0.225958 0.017442 0.229172
v -0.166851 0.016631 0.234016
v -0.166848 0.017385 0.230525
v -0.166821 0.026328 0.227197
v -0.166813 0.028914 0.222925
v -0.224608 0.026375 0.226106
v -0.295847 0.026375 0.155993
v -0.222938 0.028947 0.222159
v -0.291840 0.028947 0.154346
v -0.219010 0.028914 0.212768
v -0.282304 0.028914 0.150475
v -0.166813 0.028914 0.212768
v -0.166813 0.028914 0.193521
v -0.166901 0.000003 0.193521
v -0.210918 0.028847 0.193521
v -0.262760 0.028847 0.142500
v -0.262775 -0.000065 0.142577
v -0.262760 0.028914 0.099250
v -0.262760 0.000003 0.099344
v -0.282304 0.028914 0.099250
v -0.282304 0.000003 0.099344
v -0.292618 0.028914 0.099250
v -0.296956 0.026328 0.099259
v -0.300336 0.017385 0.099288
v -0.298960 0.017442 0.157323
v -0.303880 0.016631 0.099290
v -0.304563 0.014006 0.099299
v -0.306987 0.013619 0.099300
v -0.307987 0.012796 0.099303
v -0.306028 0.012878 0.160226
v -0.308343 0.011454 0.099307
v -0.308343 0.000003 0.099344
v 0.282304 0.000003 -0.171024
v 0.195571 0.000003 -0.171024
v 0.282304 0.000003 -0.068235
v 0.262760 0.000003 -0.140983
v 0.308343 0.000003 -0.171024
v 0.282304 0.028914 -0.171024
v 0.292618 0.028914 -0.171024
v 0.296956 0.026328 -0.171024
v 0.300336 0.017385 -0.171024
v 0.304563 0.014006 -0.171024
v 0.303880 0.016631 -0.171024
v 0.308343 0.011454 -0.171024
v 0.306987 0.013619 -0.171024
v 0.307987 0.012796 -0.171024
v 0.307987 0.012796 -0.068245
v 0.306987 0.013619 -0.068245
v 0.308343 0.011454 -0.068244
v 0.308343 0.000003 -0.068235
v 0.304563 0.014006 -0.068246
v 0.303880 0.016631 -0.068247
v 0.300336 0.017385 -0.068248
v 0.296956 0.026328 -0.068255
v 0.292618 0.028914 -0.068257
v 0.282304 0.028914 -0.068257
v 0.262760 0.028914 -0.068257
v 0.262760 0.000003 -0.068235
v 0.262760 0.028914 -0.140983
v 0.195571 0.028914 -0.140983
v 0.195571 0.000003 -0.140983
v 0.195571 0.028914 -0.171024
v -0.178006 0.447819 0.132004
v -0.178006 0.460513 0.132004
v -0.189692 0.447819 0.139813
v -0.189692 0.460513 0.139813
v -0.203478 0.447819 0.142555
v -0.203478 0.460513 0.142555
v -0.217263 0.447819 0.139813
v -0.217263 0.460513 0.139813
v -0.228950 0.447819 0.132004
v -0.228950 0.460513 0.132004
v -0.236759 0.447819 0.120317
v -0.236759 0.460513 0.120317
v -0.239501 0.447819 0.106532
v -0.239501 0.460513 0.106532
v -0.236759 0.447819 0.092746
v -0.236759 0.460513 0.092746
v -0.228950 0.447819 0.081060
v -0.228950 0.460513 0.081060
v -0.224889 0.465117 0.085121
v -0.224889 0.468876 0.085121
v -0.231453 0.465117 0.094944
v -0.231453 0.468876 0.094944
v -0.233758 0.465117 0.106532
v -0.233758 0.468876 0.106532
v -0.231453 0.465117 0.118119
v -0.231453 0.468876 0.118119
v -0.224889 0.465117 0.127943
v -0.224889 0.468876 0.127943
v -0.215065 0.465117 0.134507
v -0.215065 0.468876 0.134507
v -0.203478 0.465117 0.136812
v -0.203478 0.468876 0.136812
v -0.191890 0.465117 0.134507
v -0.191890 0.468876 0.134507
v -0.182067 0.465117 0.127943
v -0.182067 0.468876 0.127943
v -0.178006 0.475960 0.132004
v -0.178006 0.481954 0.132004
v -0.189692 0.475960 0.139813
v -0.189692 0.481954 0.139813
v -0.203478 0.475960 0.142555
v -0.203478 0.481954 0.142555
v -0.217263 0.475960 0.139813
v -0.217263 0.481954 0.139813
v -0.228950 0.475960 0.132004
v -0.228950 0.481954 0.132004
v -0.236759 0.475960 0.120317
v -0.236759 0.481954 0.120317
v -0.239501 0.475960 0.106532
v -0.239501 0.481954 0.106532
v -0.236759 0.475960 0.092746
v -0.236759 0.481954 0.092746
v -0.228950 0.475960 0.081060
v -0.228950 0.481954 0.081060
v -0.222918 0.485928 0.087091
v -0.228878 0.485928 0.096011
v -0.227173 0.491644 0.082836
v -0.229092 0.499217 0.080917
v -0.234437 0.491644 0.093708
v -0.236945 0.499217 0.092669
v -0.236988 0.491644 0.106532
v -0.239702 0.499217 0.106532
v -0.234437 0.491644 0.119356
v -0.230971 0.485928 0.106532
v -0.228878 0.485928 0.117053
v -0.222918 0.485928 0.125972
v -0.213999 0.485928 0.131932
v -0.227173 0.491644 0.130227
v -0.229092 0.499217 0.132146
v -0.216302 0.491644 0.137491
v -0.217340 0.499217 0.139999
v -0.203478 0.491644 0.140042
v -0.203478 0.499217 0.142756
v -0.190654 0.491644 0.137491
v -0.203478 0.485928 0.134025
v -0.192957 0.485928 0.131932
v -0.184037 0.485928 0.125972
v -0.179782 0.491644 0.130227
v -0.177863 0.499217 0.132146
v -0.178098 0.507238 0.131911
v -0.189615 0.499217 0.139999
v -0.189742 0.507238 0.139692
v -0.203478 0.507238 0.142424
v -0.193843 0.549941 0.129791
v -0.185676 0.549941 0.124334
v -0.203478 0.549941 0.131708
v -0.190598 0.551874 0.137627
v -0.203478 0.551874 0.140189
v -0.189513 0.555375 0.140246
v -0.179678 0.551874 0.130331
v -0.177674 0.555375 0.132336
v -0.177674 0.559138 0.132336
v -0.189513 0.559138 0.140246
v -0.180447 0.563579 0.129562
v -0.191014 0.563579 0.136623
v -0.185022 0.566195 0.124988
v -0.193490 0.566195 0.130645
v -0.185022 1.320959 0.124988
v -0.193490 1.320959 0.130645
v -0.180447 1.323575 0.129562
v -0.191014 1.323575 0.136623
v -0.177674 1.328016 0.132336
v -0.189513 1.328016 0.140246
v -0.177674 1.331780 0.132336
v -0.179678 1.335280 0.130331
v -0.189513 1.331780 0.140246
v -0.190598 1.335280 0.137627
v -0.203478 1.331780 0.143024
v -0.203478 1.335280 0.140189
v -0.217443 1.331780 0.140246
v -0.203478 1.328016 0.143024
v -0.217443 1.328016 0.140246
v -0.203478 1.323575 0.139102
v -0.215942 1.323575 0.136623
v -0.203478 1.320959 0.132632
v -0.213466 1.320959 0.130645
v -0.203478 0.566195 0.132632
v -0.213466 0.566195 0.130645
v -0.203478 0.563579 0.139102
v -0.215942 0.563579 0.136623
v -0.203478 0.559138 0.143024
v -0.217443 0.559138 0.140246
v -0.203478 0.555375 0.143024
v -0.217443 0.555375 0.140246
v -0.216358 0.551874 0.137627
v -0.229282 0.555375 0.132336
v -0.227277 0.551874 0.130331
v -0.237192 0.555375 0.120497
v -0.229282 0.559138 0.132336
v -0.237192 0.559138 0.120497
v -0.226508 0.563579 0.129562
v -0.233569 0.563579 0.118996
v -0.221934 0.566195 0.124988
v -0.227591 0.566195 0.116520
v -0.221934 1.320959 0.124988
v -0.227591 1.320959 0.116520
v -0.226508 1.323575 0.129562
v -0.233569 1.323575 0.118996
v -0.229282 1.328016 0.132336
v -0.237192 1.328016 0.120497
v -0.229282 1.331780 0.132336
v -0.227277 1.335280 0.130331
v -0.237192 1.331780 0.120497
v -0.234573 1.335280 0.119412
v -0.239970 1.331780 0.106532
v -0.237135 1.335280 0.106532
v -0.237192 1.331780 0.092567
v -0.239970 1.328016 0.106532
v -0.237192 1.328016 0.092567
v -0.236048 1.323575 0.106532
v -0.233569 1.323575 0.094068
v -0.229578 1.320959 0.106532
v -0.227591 1.320959 0.096544
v -0.229578 0.566195 0.106532
v -0.227591 0.566195 0.096544
v -0.236048 0.563579 0.106532
v -0.233569 0.563579 0.094068
v -0.239970 0.559138 0.106532
v -0.237192 0.559138 0.092567
v -0.239970 0.555375 0.106532
v -0.237135 0.551874 0.106532
v -0.237192 0.555375 0.092567
v -0.234573 0.551874 0.093652
v -0.229282 0.555375 0.080728
v -0.227277 0.551874 0.082732
v -0.229282 0.559138 0.080728
v -0.226508 0.563579 0.083501
v -0.221934 0.566195 0.088076
v -0.221934 1.320959 0.088076
v -0.226508 1.323575 0.083501
v -0.229282 1.328016 0.080728
v -0.229282 1.331780 0.080728
v -0.227277 1.335280 0.082732
v -0.234573 1.335280 0.093652
v -0.221280 1.337213 0.088730
v -0.226737 1.337213 0.096897
v -0.228857 1.379917 0.081152
v -0.229092 1.387937 0.080917
v -0.236638 1.379917 0.092796
v -0.239370 1.379917 0.106532
v -0.236945 1.387937 0.092669
v -0.239702 1.387937 0.106532
v -0.234437 1.395510 0.093708
v -0.236988 1.395510 0.106532
v -0.227173 1.395510 0.082836
v -0.228878 1.401226 0.096011
v -0.230971 1.401226 0.106532
v -0.222918 1.401226 0.087091
v -0.236759 1.405201 0.092746
v -0.239501 1.405201 0.106532
v -0.228950 1.405201 0.081060
v -0.236759 1.411194 0.092746
v -0.228950 1.411194 0.081060
v -0.239501 1.411194 0.106532
v -0.231453 1.418278 0.094944
v -0.231453 1.422038 0.094944
v -0.233758 1.418278 0.106532
v -0.224889 1.418278 0.085121
v -0.224889 1.422038 0.085121
v -0.228950 1.426641 0.081060
v -0.236759 1.426641 0.092746
v -0.228950 1.439335 0.081060
v -0.236759 1.439335 0.092746
v -0.239501 1.439335 0.106532
v -0.236759 1.439335 0.120317
v -0.239501 1.426641 0.106532
v -0.236759 1.426641 0.120317
v -0.233758 1.422038 0.106532
v -0.231453 1.422038 0.118119
v -0.231453 1.418278 0.118119
v -0.224889 1.422038 0.127943
v -0.228950 1.426641 0.132004
v -0.224889 1.418278 0.127943
v -0.215065 1.422038 0.134507
v -0.217263 1.426641 0.139813
v -0.215065 1.418278 0.134507
v -0.203478 1.422038 0.136812
v -0.203478 1.426641 0.142555
v -0.203478 1.418278 0.136812
v -0.191890 1.422038 0.134507
v -0.189692 1.426641 0.139813
v -0.191890 1.418278 0.134507
v -0.182067 1.422038 0.127943
v -0.178006 1.426641 0.132004
v -0.182067 1.418278 0.127943
v -0.178006 1.411194 0.132004
v -0.178006 1.405201 0.132004
v -0.189692 1.411194 0.139813
v -0.189692 1.405201 0.139813
v -0.203478 1.411194 0.142555
v -0.203478 1.405201 0.142555
v -0.217263 1.411194 0.139813
v -0.217263 1.405201 0.139813
v -0.228950 1.411194 0.132004
v -0.228950 1.405201 0.132004
v -0.236759 1.411194 0.120317
v -0.236759 1.405201 0.120317
v -0.228878 1.401226 0.117053
v -0.222918 1.401226 0.125972
v -0.234437 1.395510 0.119356
v -0.236945 1.387937 0.120394
v -0.227173 1.395510 0.130227
v -0.229092 1.387937 0.132146
v -0.216302 1.395510 0.137491
v -0.217340 1.387937 0.139999
v -0.203478 1.395510 0.140042
v -0.213999 1.401226 0.131932
v -0.203478 1.401226 0.134025
v -0.192957 1.401226 0.131932
v -0.184037 1.401226 0.125972
v -0.190654 1.395510 0.137491
v -0.189615 1.387937 0.139999
v -0.179782 1.395510 0.130227
v -0.177863 1.387937 0.132146
v -0.178098 1.379917 0.131911
v -0.189742 1.379917 0.139692
v -0.185676 1.337213 0.124334
v -0.193843 1.337213 0.129791
v -0.203478 1.337213 0.131708
v -0.213112 1.337213 0.129791
v -0.203478 1.379917 0.142424
v -0.203478 1.387937 0.142756
v -0.217213 1.379917 0.139692
v -0.228857 1.379917 0.131911
v -0.236638 1.379917 0.120267
v -0.221280 1.337213 0.124334
v -0.226737 1.337213 0.116166
v -0.228654 1.337213 0.106532
v -0.216358 1.335280 0.137627
v -0.178006 1.439335 0.132004
v -0.189692 1.439335 0.139813
v -0.203478 1.439335 0.142555
v -0.217263 1.439335 0.139813
v -0.228950 1.439335 0.132004
v -0.221280 0.549941 0.088730
v -0.226737 0.549941 0.096897
v -0.228857 0.507238 0.081152
v -0.236638 0.507238 0.092796
v -0.239370 0.507238 0.106532
v -0.236638 0.507238 0.120267
v -0.228654 0.549941 0.106532
v -0.226737 0.549941 0.116166
v -0.221280 0.549941 0.124334
v -0.234573 0.551874 0.119412
v -0.213112 0.549941 0.129791
v -0.228857 0.507238 0.131911
v -0.217213 0.507238 0.139692
v -0.236945 0.499217 0.120394
v 0.178006 0.447819 0.132004
v 0.178006 0.460513 0.132004
v 0.189692 0.447819 0.139813
v 0.189692 0.460513 0.139813
v 0.203478 0.447819 0.142555
v 0.203478 0.460513 0.142555
v 0.217263 0.447819 0.139813
v 0.217263 0.460513 0.139813
v 0.228950 0.447819 0.132004
v 0.228950 0.460513 0.132004
v 0.236759 0.447819 0.120317
v 0.236759 0.460513 0.120317
v 0.239501 0.447819 0.106532
v 0.239501 0.460513 0.106532
v 0.236759 0.447819 0.092746
v 0.236759 0.460513 0.092746
v 0.228950 0.447819 0.081060
v 0.228950 0.460513 0.081060
v 0.224889 0.465117 0.085121
v 0.224889 0.468876 0.085121
v 0.231453 0.465117 0.094944
v 0.231453 0.468876 0.094944
v 0.233758 0.465117 0.106532
v 0.233758 0.468876 0.106532
v 0.231453 0.465117 0.118119
v 0.231453 0.468876 0.118119
v 0.224889 0.465117 0.127943
v 0.224889 0.468876 0.127943
v 0.215065 0.465117 0.134507
v 0.215065 0.468876 0.134507
v 0.203478 0.465117 0.136812
v 0.203478 0.468876 0.136812
v 0.191890 0.465117 0.134507
v 0.191890 0.468876 0.134507
v 0.182067 0.465117 0.127943
v 0.182067 0.468876 0.127943
v 0.178006 0.475960 0.132004
v 0.178006 0.481954 0.132004
v 0.189692 0.475960 0.139813
v 0.189692 0.481954 0.139813
v 0.203478 0.475960 0.142555
v 0.203478 0.481954 0.142555
v 0.217263 0.475960 0.139813
v 0.217263 0.481954 0.139813
v 0.228950 0.475960 0.132004
v 0.228950 0.481954 0.132004
v 0.236759 0.475960 0.120317
v 0.236759 0.481954 0.120317
v 0.239501 0.475960 0.106532
v 0.239501 0.481954 0.106532
v 0.236759 0.475960 0.092746
v 0.236759 0.481954 0.092746
v 0.228950 0.475960 0.081060
v 0.228950 0.481954 0.081060
v 0.222918 0.485928 0.087091
v 0.228878 0.485928 0.096011
v 0.227173 0.491644 0.082836
v 0.229092 0.499217 0.080917
v 0.234437 0.491644 0.093708
v 0.236945 0.499217 0.092669
v 0.236988 0.491644 0.106532
v 0.239702 0.499217 0.106532
v 0.234437 0.491644 0.119356
v 0.230971 0.485928 0.106532
v 0.228878 0.485928 0.117053
v 0.222918 0.485928 0.125972
v 0.213999 0.485928 0.131932
v 0.227173 0.491644 0.130227
v 0.229092 0.499217 0.132147
v 0.216302 0.491644 0.137491
v 0.217340 0.499217 0.139999
v 0.203478 0.491644 0.140042
v 0.203478 0.499217 0.142756
v 0.190654 0.491644 0.137491
v 0.203478 0.485928 0.134025
v 0.192957 0.485928 0.131932
v 0.184037 0.485928 0.125972
v 0.179782 0.491644 0.130227
v 0.177863 0.499217 0.132147
v 0.178098 0.507238 0.131911
v 0.189615 0.499217 0.139999
v 0.189742 0.507238 0.139692
v 0.203478 0.507238 0.142424
v 0.193843 0.549941 0.129791
v 0.185676 0.549941 0.124334
v 0.203478 0.549941 0.131708
v 0.190598 0.551874 0.137627
v 0.203478 0.551874 0.140189
v 0.189513 0.555375 0.140246
v 0.179678 0.551874 0.130331
v 0.177674 0.555375 0.132336
v 0.177674 0.559138 0.132336
v 0.189513 0.559138 0.140246
v 0.180447 0.563579 0.129562
v 0.191014 0.563579 0.136623
v 0.185022 0.566195 0.124988
v 0.193490 0.566195 0.130645
v 0.185022 1.320959 0.124988
v 0.193490 1.320959 0.130645
v 0.180447 1.323575 0.129562
v 0.191014 1.323575 0.136623
v 0.177674 1.328016 0.132336
v 0.189513 1.328016 0.140246
v 0.177674 1.331780 0.132336
v 0.179678 1.335280 0.130331
v 0.189513 1.331780 0.140246
v 0.190598 1.335280 0.137627
v 0.203478 1.331780 0.143024
v 0.203478 1.335280 0.140189
v 0.217443 1.331780 0.140246
v 0.203478 1.328016 0.143024
v 0.217443 1.328016 0.140246
v 0.203478 1.323575 0.139102
v 0.215942 1.323575 0.136623
v 0.203478 1.320959 0.132632
v 0.213466 1.320959 0.130645
v 0.203478 0.566195 0.132632
v 0.213466 0.566195 0.130645
v 0.203478 0.563579 0.139102
v 0.215942 0.563579 0.136623
v 0.203478 0.559138 0.143024
v 0.217443 0.559138 0.140246
v 0.203478 0.555375 0.143024
v 0.217443 0.555375 0.140246
v 0.216358 0.551874 0.137627
v 0.229282 0.555375 0.132336
v 0.227277 0.551874 0.130331
v 0.237192 0.555375 0.120497
v 0.229282 0.559138 0.132336
v 0.237192 0.559138 0.120497
v 0.226508 0.563579 0.129562
v 0.233569 0.563579 0.118996
v 0.221934 0.566195 0.124988
v 0.227591 0.566195 0.116520
v 0.221934 1.320959 0.124988
v 0.227591 1.320959 0.116520
v 0.226508 1.323575 0.129562
v 0.233569 1.323575 0.118996
v 0.229282 1.328016 0.132336
v 0.237192 1.328016 0.120497
v 0.229282 1.331780 0.132336
v 0.227277 1.335280 0.130331
v 0.237192 1.331780 0.120497
v 0.234573 1.335280 0.119412
v 0.239970 1.331780 0.106532
v 0.237135 1.335280 0.106532
v 0.237192 1.331780 0.092567
v 0.239970 1.328016 0.106532
v 0.237192 1.328016 0.092567
v 0.236048 1.323575 0.106532
v 0.233569 1.323575 0.094068
v 0.229578 1.320959 0.106532
v 0.227591 1.320959 0.096544
v 0.229578 0.566195 0.106532
v 0.227591 0.566195 0.096544
v 0.236048 0.563579 0.106532
v 0.233569 0.563579 0.094068
v 0.239970 0.559138 0.106532
v 0.237192 0.559138 0.092567
v 0.239970 0.555375 0.106532
v 0.237135 0.551874 0.106532
v 0.237192 0.555375 0.092567
v 0.234573 0.551874 0.093652
v 0.229282 0.555375 0.080728
v 0.227277 0.551874 0.082732
v 0.229282 0.559138 0.080728
v 0.226508 0.563579 0.083501
v 0.221934 0.566195 0.088076
v 0.221934 1.320959 0.088076
v 0.226508 1.323575 0.083501
v 0.229282 1.328016 0.080728
v 0.229282 1.331780 0.080728
v 0.227277 1.335280 0.082732
v 0.234573 1.335280 0.093652
v 0.221280 1.337213 0.088730
v 0.226737 1.337213 0.096898
v 0.228857 1.379916 0.081152
v 0.229092 1.387937 0.080917
v 0.236638 1.379916 0.092797
v 0.239370 1.379916 0.106532
v 0.236945 1.387937 0.092669
v 0.239702 1.387937 0.106532
v 0.234437 1.395510 0.093708
v 0.236988 1.395510 0.106532
v 0.227173 1.395510 0.082836
v 0.228878 1.401226 0.096011
v 0.230971 1.401226 0.106532
v 0.222918 1.401226 0.087091
v 0.236759 1.405201 0.092746
v 0.239501 1.405201 0.106532
v 0.228950 1.405201 0.081060
v 0.236759 1.411194 0.092746
v 0.228950 1.411194 0.081060
v 0.239501 1.411194 0.106532
v 0.231453 1.418278 0.094944
v 0.231453 1.422038 0.094944
v 0.233758 1.418278 0.106532
v 0.224889 1.418278 0.085121
v 0.224889 1.422038 0.085121
v 0.228950 1.426641 0.081060
v 0.236759 1.426641 0.092746
v 0.228950 1.439335 0.081060
v 0.236759 1.439335 0.092746
v 0.239501 1.439335 0.106532
v 0.236759 1.439335 0.120317
v 0.239501 1.426641 0.106532
v 0.236759 1.426641 0.120317
v 0.233758 1.422038 0.106532
v 0.231453 1.422038 0.118119
v 0.231453 1.418278 0.118119
v 0.224889 1.422038 0.127943
v 0.228950 1.426641 0.132004
v 0.224889 1.418278 0.127943
v 0.215065 1.422038 0.134507
v 0.217263 1.426641 0.139813
v 0.215065 1.418278 0.134507
v 0.203478 1.422038 0.136812
v 0.203478 1.426641 0.142555
v 0.203478 1.418278 0.136812
v 0.191890 1.422038 0.134507
v 0.189692 1.426641 0.139813
v 0.191890 1.418278 0.134507
v 0.182067 1.422038 0.127943
v 0.178006 1.426641 0.132004
v 0.182067 1.418278 0.127943
v 0.178006 1.411194 0.132004
v 0.178006 1.405201 0.132004
v 0.189692 1.411194 0.139813
v 0.189692 1.405201 0.139813
v 0.203478 1.411194 0.142555
v 0.203478 1.405201 0.142555
v 0.217263 1.411194 0.139813
v 0.217263 1.405201 0.139813
v 0.228950 1.411194 0.132004
v 0.228950 1.405201 0.132004
v 0.236759 1.411194 0.120317
v 0.236759 1.405201 0.120317
v 0.228878 1.401226 0.117053
v 0.222918 1.401226 0.125972
v 0.234437 1.395510 0.119356
v 0.236945 1.387937 0.120394
v 0.227173 1.395510 0.130227
v 0.229092 1.387937 0.132147
v 0.216302 1.395510 0.137491
v 0.217340 1.387937 0.139999
v 0.203478 1.395510 0.140042
v 0.213999 1.401226 0.131932
v 0.203478 1.401226 0.134025
v 0.192957 1.401226 0.131932
v 0.184037 1.401226 0.125972
v 0.190654 1.395510 0.137491
v 0.189615 1.387937 0.139999
v 0.179782 1.395510 0.130227
v 0.177863 1.387937 0.132147
v 0.178098 1.379916 0.131911
v 0.189742 1.379916 0.139692
v 0.185676 1.337213 0.124334
v 0.193843 1.337213 0.129791
v 0.203478 1.337213 0.131708
v 0.213112 1.337213 0.129791
v 0.203478 1.379916 0.142424
v 0.203478 1.387937 0.142756
v 0.217213 1.379916 0.139692
v 0.228857 1.379916 0.131911
v 0.236638 1.379916 0.120267
v 0.221280 1.337213 0.124334
v 0.226737 1.337213 0.116166
v 0.228654 1.337213 0.106532
v 0.216358 1.335280 0.137627
v 0.178006 1.439335 0.132004
v 0.189692 1.439335 0.139813
v 0.203478 1.439335 0.142555
v 0.217263 1.439335 0.139813
v 0.228950 1.439335 0.132004
v 0.221280 0.549941 0.088730
v 0.226737 0.549941 0.096898
v 0.228857 0.507238 0.081152
v 0.236638 0.507238 0.092797
v 0.239370 0.507238 0.106532
v 0.236638 0.507238 0.120267
v 0.228654 0.549941 0.106532
v 0.226737 0.549941 0.116166
v 0.221280 0.549941 0.124334
v 0.234573 0.551874 0.119412
v 0.213112 0.549941 0.129791
v 0.228857 0.507238 0.131911
v 0.217213 0.507238 0.139692
v 0.236945 0.499217 0.120394
v -0.176024 0.446658 0.139697
v -0.238339 0.446675 0.081687
v -0.135477 0.515545 0.139697
v -0.121079 0.515540 0.139697
v -0.106561 0.512003 0.139697
v -0.097786 0.505849 0.139697
v -0.090693 0.498026 0.139697
v -0.078993 0.489941 0.139697
v -0.063626 0.485707 0.139697
v 0.176024 0.446658 0.139697
v -0.176024 1.436051 0.139697
v -0.238339 1.436034 0.081687
v -0.135477 1.367164 0.139697
v -0.121079 1.367169 0.139697
v -0.106561 1.370706 0.139697
v -0.097786 1.376860 0.139697
v -0.090693 1.384683 0.139697
v -0.078993 1.392768 0.139697
v -0.063626 1.397002 0.139697
v 0.176024 1.436051 0.139697
v 0.238339 1.436034 0.081687
v 0.135477 1.367164 0.139697
v 0.121079 1.367169 0.139697
v 0.106561 1.370706 0.139697
v 0.097786 1.376860 0.139697
v 0.090693 1.384683 0.139697
v 0.078993 1.392768 0.139697
v 0.063626 1.397002 0.139697
v 0.063455 1.396284 0.137909
v 0.063009 1.393798 0.137696
v 0.078412 1.392141 0.137909
v -0.063455 1.396284 0.137909
v -0.063009 1.393798 0.137696
v -0.078412 1.392141 0.137909
v -0.076898 1.389892 0.137696
v -0.089846 1.384239 0.137909
v -0.087640 1.382468 0.137696
v -0.096937 1.376419 0.137909
v -0.094726 1.374654 0.137696
v -0.105965 1.370087 0.137909
v -0.104412 1.367861 0.137696
v -0.120864 1.366458 0.137909
v -0.120304 1.363989 0.137696
v -0.134411 1.366484 0.137909
v -0.131634 1.364098 0.137696
v -0.134411 0.516225 0.137909
v -0.131634 0.518611 0.137696
v -0.120864 0.516251 0.137909
v -0.120304 0.518720 0.137696
v -0.105965 0.512622 0.137909
v -0.104412 0.514848 0.137696
v -0.096937 0.506290 0.137909
v -0.094726 0.508055 0.137696
v -0.089846 0.498470 0.137909
v -0.087640 0.500241 0.137696
v -0.078412 0.490568 0.137909
v -0.076898 0.492817 0.137696
v -0.063455 0.486425 0.137909
v -0.063009 0.488912 0.137696
v 0.063455 0.486425 0.137909
v 0.063009 0.488912 0.137696
v 0.078412 0.490568 0.137909
v 0.063626 0.485707 0.139697
v 0.078993 0.489941 0.139697
v 0.090693 0.498026 0.139697
v 0.089846 0.498470 0.137909
v 0.097786 0.505849 0.139697
v 0.096937 0.506290 0.137909
v 0.106561 0.512003 0.139697
v 0.105965 0.512622 0.137909
v 0.121079 0.515540 0.139697
v 0.120864 0.516251 0.137909
v 0.135477 0.515545 0.139697
v 0.134411 0.516225 0.137909
v 0.131635 0.518611 0.137696
v 0.134411 1.366484 0.137909
v 0.131635 1.364098 0.137696
v 0.120864 1.366458 0.137909
v 0.120304 1.363989 0.137696
v 0.105965 1.370087 0.137909
v 0.104412 1.367861 0.137696
v 0.096937 1.376419 0.137909
v 0.094726 1.374654 0.137696
v 0.089846 1.384239 0.137909
v 0.087640 1.382468 0.137696
v 0.087619 1.382457 0.134654
v 0.076898 1.389892 0.137696
v 0.076883 1.389876 0.134654
v 0.075832 1.388618 0.133697
v 0.063005 1.393779 0.134654
v 0.062696 1.392356 0.133697
v -0.063005 1.393779 0.134654
v -0.062696 1.392356 0.133697
v -0.076883 1.389876 0.134654
v -0.075832 1.388618 0.133697
v -0.087619 1.382457 0.134654
v -0.086086 1.381531 0.133697
v -0.094704 1.374643 0.134654
v -0.093168 1.373721 0.133697
v -0.104396 1.367845 0.134654
v -0.103318 1.366603 0.133697
v -0.120299 1.363971 0.134654
v -0.119910 1.362561 0.133697
v -0.131607 1.364080 0.134654
v -0.129679 1.362727 0.133697
v -0.131607 0.518629 0.134654
v -0.129679 0.519982 0.133697
v -0.120299 0.518738 0.134654
v -0.119910 0.520148 0.133697
v -0.104396 0.514864 0.134654
v -0.103318 0.516106 0.133697
v -0.094704 0.508066 0.134654
v -0.093168 0.508988 0.133697
v -0.087619 0.500252 0.134654
v -0.086086 0.501178 0.133697
v -0.076883 0.492833 0.134654
v -0.075832 0.494091 0.133697
v -0.063005 0.488930 0.134654
v -0.062696 0.490353 0.133697
v 0.063005 0.488930 0.134654
v 0.062696 0.490353 0.133697
v 0.076883 0.492833 0.134654
v 0.075832 0.494091 0.133697
v 0.076898 0.492817 0.137696
v 0.087619 0.500252 0.134654
v 0.086086 0.501178 0.133697
v 0.087640 0.500241 0.137696
v 0.094704 0.508066 0.134654
v 0.093168 0.508988 0.133697
v 0.094726 0.508055 0.137696
v 0.104396 0.514864 0.134654
v 0.103318 0.516106 0.133697
v 0.104412 0.514848 0.137696
v 0.120299 0.518738 0.134654
v 0.119910 0.520148 0.133697
v 0.120304 0.518720 0.137696
v 0.131607 0.518629 0.134654
v 0.129679 0.519982 0.133697
v 0.131607 1.364080 0.134654
v 0.129679 1.362727 0.133697
v 0.120299 1.363971 0.134654
v 0.119910 1.362561 0.133697
v 0.104396 1.367845 0.134654
v 0.103318 1.366603 0.133697
v 0.094704 1.374643 0.134654
v 0.093168 1.373721 0.133697
v 0.086086 1.381531 0.133697
v 0.093168 1.373721 0.130153
v 0.103318 1.366603 0.130153
v 0.086086 1.381531 0.130153
v -0.093168 1.373721 0.130153
v -0.103318 1.366603 0.130153
v -0.086086 1.381531 0.130153
v -0.075832 1.388618 0.130153
v -0.062696 1.392356 0.130153
v 0.075832 1.388618 0.130153
v 0.062696 1.392356 0.130153
v -0.119910 1.362561 0.130153
v -0.103318 0.516106 0.130153
v -0.119910 0.520148 0.130153
v -0.093168 0.508988 0.130153
v 0.103318 0.516106 0.130153
v 0.119910 0.520148 0.130153
v 0.093168 0.508988 0.130153
v 0.086086 0.501178 0.130153
v 0.075832 0.494091 0.130153
v -0.086086 0.501178 0.130153
v -0.075832 0.494091 0.130153
v -0.062696 0.490353 0.130153
v 0.062696 0.490353 0.130153
v 0.129679 0.519982 0.130153
v 0.119910 1.362561 0.130153
v 0.129679 1.362727 0.130153
v -0.129679 0.519982 0.130153
v -0.129679 1.362727 0.130153
v 0.238339 0.446675 0.081687
v 0.238339 1.436034 -0.156855
v 0.238339 1.369662 0.043581
v 0.238339 1.400568 0.010375
v 0.238339 1.372359 0.027290
v 0.238339 1.377407 0.018695
v 0.238339 1.385406 0.013272
v 0.236611 1.385028 0.012224
v 0.236405 1.384044 0.009494
v 0.236611 1.376662 0.017896
v 0.236611 1.399541 0.009450
v 0.236405 1.396868 0.007044
v 0.236611 1.399541 -0.084618
v 0.236405 1.396868 -0.082212
v 0.236611 1.385028 -0.087392
v 0.238339 1.400568 -0.085543
v 0.238339 1.385406 -0.088440
v 0.238339 1.377407 -0.093863
v 0.236611 1.376662 -0.093064
v 0.238339 1.372359 -0.102458
v 0.236611 1.371384 -0.102052
v 0.238339 1.369662 -0.118749
v 0.236611 1.368802 -0.117646
v 0.238339 0.513047 -0.118749
v 0.236611 0.513907 -0.117646
v 0.238339 0.510350 -0.102458
v 0.238339 0.446675 -0.156855
v 0.207969 0.446666 -0.156855
v 0.238339 0.482141 -0.085543
v 0.238339 0.505302 -0.093863
v 0.238339 0.497303 -0.088440
v 0.236611 0.497681 -0.087392
v 0.236405 0.498665 -0.084662
v 0.236611 0.483168 -0.084618
v 0.236611 0.506047 -0.093064
v 0.236405 0.507985 -0.090981
v 0.236611 0.511325 -0.102052
v 0.236405 0.513866 -0.100995
v 0.233465 0.513891 -0.100984
v 0.236405 0.516147 -0.114773
v 0.233465 0.516169 -0.114745
v 0.236405 1.366562 -0.114773
v 0.233465 1.366540 -0.114745
v 0.236405 1.368843 -0.100995
v 0.233465 1.368818 -0.100984
v 0.236405 1.374724 -0.090981
v 0.233465 1.374705 -0.090960
v 0.236405 1.384044 -0.084662
v 0.233465 1.384034 -0.084635
v 0.232540 1.383351 -0.082739
v 0.233465 1.396841 -0.082188
v 0.232540 1.394984 -0.080516
v 0.233465 1.396841 0.007020
v 0.232540 1.394984 0.005348
v 0.233465 1.384034 0.009467
v 0.232540 1.383351 0.007571
v 0.233465 1.374705 0.015792
v 0.232540 1.373358 0.014346
v 0.233465 1.368818 0.025816
v 0.236405 1.374724 0.015813
v 0.236405 1.368843 0.025827
v 0.236405 1.366562 0.039605
v 0.236611 1.371384 0.026884
v 0.236611 1.368802 0.042478
v 0.236611 0.513907 0.042478
v 0.236405 0.516147 0.039605
v 0.236611 0.511325 0.026884
v 0.238339 0.513047 0.043581
v 0.238339 0.510350 0.027290
v 0.238339 0.505302 0.018695
v 0.236611 0.506047 0.017896
v 0.238339 0.497303 0.013272
v 0.236611 0.497681 0.012224
v 0.238339 0.482141 0.010375
v 0.236611 0.483168 0.009450
v 0.236405 0.485842 0.007044
v 0.233465 0.485868 0.007020
v 0.236405 0.498665 0.009494
v 0.236405 0.485842 -0.082212
v 0.233465 0.485868 -0.082188
v 0.232540 0.487725 -0.080516
v 0.233465 0.498675 -0.084635
v 0.232540 0.499358 -0.082739
v 0.233465 0.508004 -0.090960
v 0.232540 0.509351 -0.089514
v 0.232540 0.515656 -0.100250
v 0.229115 0.509351 -0.089514
v 0.229115 0.515656 -0.100250
v 0.229115 0.499358 -0.082739
v 0.229115 0.509351 0.014346
v 0.229115 0.515656 0.025082
v 0.229115 0.499358 0.007571
v 0.232540 0.509351 0.014346
v 0.232540 0.515656 0.025082
v 0.233465 0.508004 0.015792
v 0.232540 0.499358 0.007571
v 0.233465 0.498675 0.009467
v 0.232540 0.487725 0.005348
v 0.229115 0.487725 0.005348
v 0.229115 0.487725 -0.080516
v 0.233465 0.513891 0.025816
v 0.236405 0.507985 0.015813
v 0.236405 0.513866 0.025827
v 0.233465 0.516169 0.039577
v 0.232540 0.517725 0.037581
v 0.233465 1.366540 0.039577
v 0.232540 1.364984 0.037581
v 0.232540 1.367053 0.025082
v 0.229115 1.364984 0.037581
v 0.229115 1.367053 0.025082
v 0.229115 0.517725 0.037581
v 0.229115 1.373358 0.014346
v 0.229115 1.367053 -0.100250
v 0.229115 1.364984 -0.112749
v 0.229115 1.373358 -0.089514
v 0.232540 1.367053 -0.100250
v 0.232540 1.373358 -0.089514
v 0.232540 1.364984 -0.112749
v 0.232540 0.517725 -0.112749
v 0.229115 0.517725 -0.112749
v 0.229115 1.383351 -0.082739
v 0.229115 1.394984 -0.080516
v 0.229115 1.383351 0.007571
v 0.229115 1.394984 0.005348
v 0.207969 0.446666 -0.148512
v 0.207969 1.436042 -0.156855
v 0.207969 1.436042 -0.148512
v -0.238339 1.436034 -0.156855
v -0.238339 1.369662 0.043581
v -0.238339 1.400568 0.010375
v -0.238339 1.372359 0.027290
v -0.238339 1.377407 0.018695
v -0.238339 1.385406 0.013272
v -0.236611 1.385028 0.012224
v -0.236405 1.384044 0.009494
v -0.236611 1.376662 0.017896
v -0.236611 1.399541 0.009450
v -0.236405 1.396868 0.007043
v -0.236611 1.399541 -0.084618
v -0.236405 1.396868 -0.082212
v -0.236611 1.385028 -0.087392
v -0.238339 1.400568 -0.085543
v -0.238339 1.385406 -0.088440
v -0.238339 1.377407 -0.093863
v -0.236611 1.376662 -0.093064
v -0.238339 1.372359 -0.102458
v -0.236611 1.371384 -0.102052
v -0.238339 1.369662 -0.118749
v -0.236611 1.368802 -0.117646
v -0.238339 0.513047 -0.118749
v -0.236611 0.513907 -0.117646
v -0.238339 0.510350 -0.102458
v -0.238339 0.446675 -0.156855
v -0.207969 0.446666 -0.156855
v -0.238339 0.482141 -0.085543
v -0.238339 0.505302 -0.093863
v -0.238339 0.497303 -0.088440
v -0.236611 0.497681 -0.087392
v -0.236405 0.498665 -0.084662
v -0.236611 0.483168 -0.084618
v -0.236611 0.506047 -0.093064
v -0.236405 0.507985 -0.090981
v -0.236611 0.511325 -0.102052
v -0.236405 0.513866 -0.100995
v -0.233465 0.513891 -0.100984
v -0.236405 0.516147 -0.114773
v -0.233465 0.516169 -0.114745
v -0.236405 1.366562 -0.114773
v -0.233465 1.366540 -0.114745
v -0.236405 1.368843 -0.100995
v -0.233465 1.368818 -0.100984
v -0.236405 1.374724 -0.090981
v -0.233465 1.374705 -0.090960
v -0.236405 1.384044 -0.084662
v -0.233465 1.384034 -0.084635
v -0.232540 1.383351 -0.082739
v -0.233465 1.396841 -0.082188
v -0.232540 1.394984 -0.080516
v -0.233465 1.396841 0.007020
v -0.232540 1.394984 0.005348
v -0.233465 1.384034 0.009467
v -0.232540 1.383351 0.007571
v -0.233465 1.374705 0.015792
v -0.232540 1.373358 0.014346
v -0.233465 1.368818 0.025816
v -0.236405 1.374724 0.015813
v -0.236405 1.368843 0.025827
v -0.236405 1.366562 0.039605
v -0.236611 1.371384 0.026884
v -0.236611 1.368802 0.042478
v -0.236611 0.513907 0.042478
v -0.236405 0.516147 0.039605
v -0.236611 0.511325 0.026884
v -0.238339 0.513047 0.043581
v -0.238339 0.510350 0.027290
v -0.238339 0.505302 0.018695
v -0.236611 0.506047 0.017896
v -0.238339 0.497303 0.013272
v -0.236611 0.497681 0.012224
v -0.238339 0.482141 0.010375
v -0.236611 0.483168 0.009450
v -0.236405 0.485842 0.007044
v -0.233465 0.485868 0.007020
v -0.236405 0.498665 0.009494
v -0.236405 0.485842 -0.082212
v -0.233465 0.485868 -0.082188
v -0.232540 0.487725 -0.080516
v -0.233465 0.498675 -0.084635
v -0.232540 0.499358 -0.082739
v -0.233465 0.508004 -0.090960
v -0.232540 0.509351 -0.089514
v -0.232540 0.515656 -0.100250
v -0.229115 0.509351 -0.089514
v -0.229115 0.515656 -0.100250
v -0.229115 0.499358 -0.082739
v -0.229115 0.509351 0.014346
v -0.229115 0.515656 0.025082
v -0.229115 0.499358 0.007571
v -0.232540 0.509351 0.014346
v -0.232540 0.515656 0.025082
v -0.233465 0.508004 0.015792
v -0.232540 0.499358 0.007571
v -0.233465 0.498675 0.009467
v -0.232540 0.487725 0.005348
v -0.229115 0.487725 0.005348
v -0.229115 0.487725 -0.080516
v -0.233465 0.513891 0.025816
v -0.236405 0.507985 0.015813
v -0.236405 0.513866 0.025827
v -0.233465 0.516169 0.039577
v -0.232540 0.517725 0.037581
v -0.233465 1.366540 0.039577
v -0.232540 1.364984 0.037581
v -0.232540 1.367053 0.025082
v -0.229115 1.364984 0.037581
v -0.229115 1.367053 0.025082
v -0.229115 0.517725 0.037581
v -0.229115 1.373358 0.014346
v -0.229115 1.367053 -0.100250
v -0.229115 1.364984 -0.112749
v -0.229115 1.373358 -0.089514
v -0.232540 1.367053 -0.100250
v -0.232540 1.373358 -0.089514
v -0.232540 1.364984 -0.112749
v -0.232540 0.517725 -0.112749
v -0.229115 0.517725 -0.112749
v -0.229115 1.383351 -0.082739
v -0.229115 1.394984 -0.080516
v -0.229115 1.383351 0.007571
v -0.229115 1.394984 0.005348
v -0.207969 0.446666 -0.148512
v -0.207969 1.436042 -0.156855
v -0.207969 1.436042 -0.148512
v -0.233159 0.447786 -0.160022
v 0.233159 0.447786 -0.160022
v -0.233159 1.434923 -0.160022
v -0.233159 0.447786 -0.156872
v 0.233159 0.447786 -0.156872
v -0.233159 1.434923 -0.156872
v 0.233159 1.434923 -0.156872
v 0.233159 1.434923 -0.160022
v -0.256750 0.036377 -0.175309
v -0.256750 0.443596 -0.175309
v -0.256750 0.036377 -0.172158
v 0.256750 0.036377 -0.175309
v 0.256750 0.443596 -0.175309
v 0.256750 0.036377 -0.172158
v 0.256750 0.443596 -0.172158
v -0.256750 0.443596 -0.172158
v -0.158043 1.913602 -0.157001
v -0.149304 1.948938 -0.157001
v -0.187038 1.913728 -0.157001
v 0.000000 1.913602 -0.156724
v 0.000000 1.559371 -0.157001
v -0.158052 1.913602 -0.147213
v -0.149320 1.948944 -0.147213
v -0.187038 1.913728 -0.147212
v -0.186923 1.559371 -0.147212
v 0.000000 1.559369 -0.147213
v -0.186923 1.559371 -0.157001
v 0.186923 1.559371 -0.147212
v 0.187038 1.913728 -0.147212
v 0.186923 1.559371 -0.157001
v 0.187038 1.913728 -0.157001
v 0.158043 1.913602 -0.157001
v 0.149304 1.948938 -0.157001
v 0.158052 1.913602 -0.147213
v 0.149320 1.948944 -0.147213
v 0.134944 1.976851 -0.147213
v 0.115195 2.000813 -0.147213
v 0.134929 1.976841 -0.157001
v 0.115181 2.000800 -0.157001
v 0.090648 2.020926 -0.157001
v 0.062682 2.035900 -0.157001
v 0.090658 2.020942 -0.147213
v 0.062689 2.035918 -0.147213
v 0.031853 2.043906 -0.147213
v 0.000000 2.046167 -0.147213
v 0.031850 2.043887 -0.157001
v 0.000000 2.046147 -0.157001
v -0.031850 2.043887 -0.157001
v -0.062682 2.035900 -0.157001
v -0.031853 2.043906 -0.147213
v -0.062689 2.035918 -0.147213
v -0.090658 2.020942 -0.147213
v -0.115195 2.000813 -0.147213
v -0.090648 2.020926 -0.157001
v -0.115181 2.000800 -0.157001
v -0.134929 1.976841 -0.157001
v -0.134944 1.976851 -0.147213
v 0.179914 0.585137 0.142500
v 0.180548 0.585723 0.142478
v 0.179528 0.585137 0.143525
v 0.179461 0.585137 0.141502
v 0.178489 0.585137 0.142549
v 0.178531 0.585137 0.143978
v 0.177479 0.585137 0.141573
v 0.178440 0.585137 0.141119
v 0.177057 0.585137 0.142604
v 0.177506 0.585137 0.143593
v 0.177072 0.585723 0.144056
v 0.178552 0.585723 0.144612
v 0.176419 0.585723 0.142616
v 0.177072 0.619104 0.144056
v 0.177533 0.619690 0.143609
v 0.178552 0.619104 0.144612
v 0.176419 0.619104 0.142616
v 0.177060 0.619690 0.142632
v 0.177023 0.619104 0.141141
v 0.178414 0.619104 0.140483
v 0.177457 0.619690 0.141591
v 0.177023 0.585723 0.141141
v 0.178414 0.585723 0.140483
v 0.179894 0.585723 0.141039
v 0.179894 0.619104 0.141039
v 0.179437 0.619690 0.141471
v 0.180548 0.619104 0.142478
v 0.179992 0.619104 0.143958
v 0.179913 0.619690 0.142458
v 0.179553 0.619690 0.143492
v 0.178491 0.619690 0.142542
v 0.178567 0.619690 0.143969
v 0.178407 0.619690 0.141113
v 0.179992 0.585723 0.143958
v 0.186283 0.611023 0.131112
v 0.186283 0.594138 0.131112
v 0.186283 0.621056 0.131112
v 0.185466 0.611023 0.130257
v 0.187032 0.611023 0.132596
v 0.187032 0.594138 0.132596
v 0.181345 0.611023 0.138024
v 0.187032 0.621056 0.132596
v 0.181327 0.621056 0.138042
v 0.188459 0.624608 0.131233
v 0.187884 0.624608 0.129583
v 0.187032 0.626978 0.132596
v 0.179899 0.624608 0.139405
v 0.181327 0.626978 0.138042
v 0.178278 0.624608 0.138754
v 0.179880 0.621056 0.137225
v 0.179880 0.626978 0.137225
v 0.177462 0.624608 0.137899
v 0.179064 0.621056 0.136370
v 0.179064 0.626978 0.136370
v 0.180007 0.631368 0.135470
v 0.179167 0.632311 0.136271
v 0.180823 0.631368 0.136325
v 0.179984 0.632311 0.137126
v 0.182167 0.631368 0.137240
v 0.186192 0.631368 0.133398
v 0.181419 0.632311 0.137954
v 0.186940 0.632311 0.132684
v 0.183720 0.637427 0.135758
v 0.182565 0.638105 0.134661
v 0.184639 0.637427 0.134880
v 0.183597 0.638105 0.133676
v 0.186179 0.632311 0.131211
v 0.182781 0.638105 0.132821
v 0.181749 0.638105 0.133806
v 0.185363 0.632311 0.130356
v 0.184523 0.631368 0.131158
v 0.185466 0.626978 0.130257
v 0.185339 0.631368 0.132013
v 0.186283 0.626978 0.131112
v 0.187068 0.624608 0.128728
v 0.185466 0.621056 0.130257
v 0.179064 0.611023 0.136370
v 0.179064 0.593994 0.136370
v 0.179880 0.611023 0.137225
v 0.179880 0.593994 0.137225
v 0.179428 0.611024 0.137759
v 0.179428 0.593995 0.137759
v 0.179125 0.611026 0.138682
v 0.180938 0.611024 0.138498
v 0.180855 0.593997 0.138455
v 0.180816 0.611026 0.138891
v 0.180816 0.593997 0.138891
v 0.180912 0.611026 0.139393
v 0.181527 0.611026 0.140781
v 0.180912 0.593997 0.139393
v 0.179406 0.611026 0.139860
v 0.179979 0.611026 0.141192
v 0.179406 0.593997 0.139860
v 0.179125 0.593997 0.138682
v 0.179979 0.593997 0.141192
v 0.181527 0.593997 0.140781
v 0.180551 0.593997 0.142524
v 0.182227 0.593997 0.142503
v 0.179961 0.593997 0.143991
v 0.180551 0.611026 0.142524
v 0.179961 0.611026 0.143991
v 0.182227 0.611026 0.142503
v 0.181158 0.611026 0.145164
v 0.178523 0.611026 0.146287
v 0.181158 0.593997 0.145164
v 0.178523 0.593997 0.146287
v 0.176084 0.593997 0.145360
v 0.178506 0.593997 0.144610
v 0.177040 0.593997 0.144020
v 0.178506 0.611026 0.144610
v 0.177040 0.611026 0.144020
v 0.176084 0.611026 0.145360
v 0.176420 0.611026 0.142509
v 0.176420 0.593997 0.142509
v 0.174790 0.611026 0.142735
v 0.177008 0.611026 0.141101
v 0.177008 0.593997 0.141101
v 0.175667 0.611026 0.140147
v 0.175667 0.593997 0.140147
v 0.174790 0.593997 0.142735
v 0.181203 0.593997 0.138118
v 0.181159 0.583950 0.138159
v 0.187032 0.583950 0.132596
v 0.179900 0.580394 0.139405
v 0.179880 0.583950 0.137225
v 0.178278 0.580394 0.138754
v 0.179064 0.583950 0.136370
v 0.177462 0.580394 0.137899
v 0.179064 0.578020 0.136370
v 0.180007 0.573624 0.135470
v 0.179880 0.578020 0.137225
v 0.181327 0.578020 0.138042
v 0.180823 0.573624 0.136325
v 0.182167 0.573624 0.137240
v 0.179984 0.572681 0.137126
v 0.181419 0.572681 0.137954
v 0.182565 0.566886 0.134661
v 0.179167 0.572681 0.136271
v 0.181749 0.566886 0.133806
v 0.182781 0.566887 0.132821
v 0.185363 0.572681 0.130356
v 0.183597 0.566887 0.133676
v 0.184639 0.567565 0.134880
v 0.186179 0.572681 0.131211
v 0.186940 0.572681 0.132684
v 0.185339 0.573624 0.132013
v 0.186192 0.573624 0.133398
v 0.186283 0.578020 0.131112
v 0.184523 0.573624 0.131158
v 0.185466 0.578020 0.130257
v 0.187068 0.580394 0.128728
v 0.185466 0.583950 0.130257
v 0.187884 0.580394 0.129583
v 0.186283 0.583950 0.131112
v 0.188459 0.580394 0.131233
v 0.187032 0.578020 0.132596
v 0.185466 0.594138 0.130257
v 0.183720 0.567565 0.135758
v 0.164230 0.586655 0.139598
v 0.173259 0.586655 0.139598
v 0.164230 0.593300 0.139598
v 0.164230 0.586655 0.141180
v 0.173225 0.586655 0.141179
v 0.164230 0.593300 0.141180
v 0.164230 0.611752 0.141180
v 0.173225 0.593300 0.141179
v 0.173225 0.611752 0.141179
v 0.173904 0.593299 0.141253
v 0.173904 0.586654 0.141253
v 0.173904 0.611751 0.141253
v 0.174271 0.593297 0.141419
v 0.175234 0.593297 0.140100
v 0.174228 0.586653 0.141387
v 0.174271 0.611749 0.141419
v 0.174603 0.593291 0.141935
v 0.176017 0.593291 0.141196
v 0.174602 0.586649 0.141934
v 0.174851 0.593285 0.142853
v 0.176419 0.593285 0.142616
v 0.174851 0.586646 0.142853
v 0.175976 0.593285 0.145227
v 0.177072 0.593285 0.144056
v 0.175976 0.586646 0.145227
v 0.178606 0.593285 0.146215
v 0.178552 0.593285 0.144612
v 0.178606 0.586646 0.146215
v 0.181163 0.593285 0.145054
v 0.181163 0.586646 0.145054
v 0.182151 0.593285 0.142425
v 0.179992 0.593285 0.143958
v 0.179992 0.586646 0.143958
v 0.180548 0.593285 0.142478
v 0.180548 0.586646 0.142478
v 0.179894 0.593285 0.141039
v 0.179894 0.586646 0.141039
v 0.178414 0.593285 0.140483
v 0.180990 0.593285 0.139868
v 0.180990 0.586646 0.139868
v 0.178589 0.593285 0.138917
v 0.178589 0.586646 0.138917
v 0.178414 0.586646 0.140483
v 0.182151 0.586646 0.142425
v 0.178552 0.586646 0.144612
v 0.177072 0.586646 0.144056
v 0.176419 0.586646 0.142616
v 0.176017 0.586649 0.141196
v 0.175234 0.586653 0.140100
v 0.174437 0.586654 0.139736
v 0.174437 0.593299 0.139736
v 0.174437 0.611751 0.139736
v 0.174437 0.618390 0.139736
v 0.175234 0.611749 0.140100
v 0.175234 0.618389 0.140100
v 0.176017 0.611742 0.141196
v 0.176017 0.618385 0.141196
v 0.176419 0.611736 0.142616
v 0.174602 0.611742 0.141934
v 0.174603 0.618385 0.141935
v 0.174851 0.611736 0.142853
v 0.174851 0.618382 0.142853
v 0.175976 0.611736 0.145227
v 0.177072 0.611736 0.144056
v 0.175976 0.618382 0.145227
v 0.178606 0.611736 0.146215
v 0.178606 0.618382 0.146215
v 0.181163 0.611736 0.145054
v 0.178552 0.611736 0.144612
v 0.178552 0.618382 0.144612
v 0.179992 0.611736 0.143958
v 0.179992 0.618382 0.143958
v 0.180548 0.611736 0.142478
v 0.180548 0.618382 0.142478
v 0.179894 0.611736 0.141039
v 0.182107 0.611736 0.142426
v 0.182151 0.618382 0.142425
v 0.180899 0.611736 0.139964
v 0.180990 0.618382 0.139868
v 0.178547 0.611736 0.139028
v 0.178414 0.611736 0.140483
v 0.178589 0.618382 0.138917
v 0.178414 0.618382 0.140483
v 0.179894 0.618382 0.141039
v 0.181163 0.618382 0.145054
v 0.177072 0.618382 0.144056
v 0.176419 0.618382 0.142616
v 0.174229 0.618389 0.141387
v 0.173904 0.618390 0.141253
v 0.173225 0.618391 0.141179
v 0.164230 0.618391 0.141180
v 0.173259 0.618391 0.139598
v 0.164230 0.618391 0.139598
v 0.164230 0.611752 0.139598
v -0.201031 1.857911 -0.156850
v -0.201031 1.830456 -0.156850
v -0.201031 1.857911 -0.158432
v -0.201031 1.869571 -0.156850
v -0.192001 1.869571 -0.156850
v -0.201031 1.869571 -0.158432
v -0.192036 1.869571 -0.158431
v -0.192036 1.857911 -0.158431
v -0.191357 1.869575 -0.158504
v -0.191357 1.857913 -0.158504
v -0.190823 1.869575 -0.156988
v -0.191033 1.869584 -0.158638
v -0.190027 1.869584 -0.157351
v -0.191033 1.857918 -0.158638
v -0.190027 1.857918 -0.157351
v -0.190659 1.857932 -0.159186
v -0.190990 1.830468 -0.158670
v -0.190027 1.830468 -0.157351
v -0.191357 1.830459 -0.158504
v -0.190658 1.830493 -0.159186
v -0.190990 1.819113 -0.158670
v -0.190027 1.819113 -0.157351
v -0.191357 1.819097 -0.158504
v -0.192036 1.819091 -0.158431
v -0.190823 1.819097 -0.156988
v -0.192036 1.819091 -0.156849
v -0.190823 1.830459 -0.156988
v -0.190823 1.857913 -0.156988
v -0.192036 1.830456 -0.156849
v -0.192001 1.857911 -0.156850
v -0.201031 1.819091 -0.156850
v -0.201031 1.819091 -0.158432
v -0.201031 1.830456 -0.158432
v -0.192036 1.830456 -0.158431
v -0.189244 1.830493 -0.158448
v -0.190410 1.830518 -0.160104
v -0.188842 1.830518 -0.159868
v -0.190410 1.857946 -0.160104
v -0.189284 1.830518 -0.162479
v -0.188189 1.830518 -0.161307
v -0.189284 1.857946 -0.162479
v -0.186655 1.830518 -0.163466
v -0.186709 1.830518 -0.161863
v -0.186655 1.857946 -0.163466
v -0.184098 1.830518 -0.162305
v -0.184098 1.857946 -0.162305
v -0.183110 1.830518 -0.159676
v -0.185269 1.830518 -0.161210
v -0.185269 1.857946 -0.161210
v -0.184713 1.830518 -0.159730
v -0.184713 1.857946 -0.159730
v -0.185367 1.830518 -0.158290
v -0.185367 1.857946 -0.158290
v -0.184271 1.830518 -0.157119
v -0.184271 1.857946 -0.157119
v -0.183110 1.857947 -0.159676
v -0.186709 1.857946 -0.161863
v -0.188189 1.857946 -0.161307
v -0.188842 1.857946 -0.159868
v -0.189244 1.857932 -0.158448
v -0.172521 1.818695 -0.156850
v -0.181550 1.818695 -0.156850
v -0.172521 1.829369 -0.156850
v -0.172521 1.818695 -0.158432
v -0.181516 1.818695 -0.158431
v -0.172521 1.829369 -0.158432
v -0.172521 1.859007 -0.158432
v -0.181516 1.829369 -0.158431
v -0.181516 1.859007 -0.158431
v -0.182195 1.829367 -0.158504
v -0.182195 1.818694 -0.158504
v -0.182195 1.859005 -0.158504
v -0.182562 1.829364 -0.158670
v -0.183525 1.829364 -0.157351
v -0.182519 1.818692 -0.158638
v -0.182561 1.859002 -0.158670
v -0.182893 1.829354 -0.159186
v -0.184308 1.829354 -0.158448
v -0.182893 1.818686 -0.159186
v -0.183142 1.829345 -0.160104
v -0.184709 1.829345 -0.159868
v -0.183142 1.818681 -0.160104
v -0.184267 1.829345 -0.162479
v -0.185363 1.829345 -0.161307
v -0.184267 1.818681 -0.162479
v -0.186896 1.829345 -0.163466
v -0.186843 1.829345 -0.161863
v -0.186896 1.818681 -0.163466
v -0.189454 1.829345 -0.162306
v -0.189454 1.818681 -0.162306
v -0.190441 1.829345 -0.159676
v -0.188282 1.829345 -0.161210
v -0.188282 1.818681 -0.161210
v -0.188838 1.829345 -0.159730
v -0.188838 1.818681 -0.159730
v -0.188185 1.829345 -0.158290
v -0.188185 1.818681 -0.158290
v -0.189281 1.829345 -0.157119
v -0.189281 1.818681 -0.157119
v -0.190441 1.818681 -0.159676
v -0.186843 1.818681 -0.161863
v -0.185363 1.818681 -0.161307
v -0.184709 1.818681 -0.159868
v -0.184308 1.818686 -0.158448
v -0.183525 1.818692 -0.157351
v -0.182728 1.818694 -0.156988
v -0.182728 1.829367 -0.156988
v -0.182728 1.859005 -0.156988
v -0.182728 1.869670 -0.156988
v -0.183525 1.859002 -0.157351
v -0.183525 1.869668 -0.157351
v -0.184308 1.858992 -0.158448
v -0.184308 1.869662 -0.158448
v -0.184709 1.858982 -0.159868
v -0.182893 1.858992 -0.159185
v -0.182893 1.869662 -0.159186
v -0.183142 1.858982 -0.160104
v -0.183142 1.869656 -0.160104
v -0.184267 1.858982 -0.162479
v -0.185363 1.858982 -0.161307
v -0.184267 1.869656 -0.162479
v -0.186896 1.858982 -0.163466
v -0.186896 1.869656 -0.163466
v -0.189454 1.858982 -0.162306
v -0.186843 1.858982 -0.161863
v -0.186843 1.869656 -0.161863
v -0.188282 1.858982 -0.161210
v -0.188282 1.869656 -0.161210
v -0.188838 1.858982 -0.159730
v -0.188838 1.869656 -0.159730
v -0.188185 1.858982 -0.158290
v -0.190398 1.858982 -0.159678
v -0.190441 1.869656 -0.159676
v -0.189190 1.858982 -0.157216
v -0.189281 1.869656 -0.157119
v -0.188185 1.869656 -0.158290
v -0.189454 1.869656 -0.162306
v -0.185363 1.869656 -0.161307
v -0.184709 1.869656 -0.159868
v -0.182520 1.869668 -0.158638
v -0.182195 1.869670 -0.158504
v -0.181516 1.869671 -0.158431
v -0.172521 1.869671 -0.158432
v -0.181550 1.869671 -0.156850
v -0.172521 1.869671 -0.156850
v -0.172521 1.859007 -0.156850
v -0.188204 1.816257 -0.159751
v -0.188838 1.816758 -0.159730
v -0.187819 1.816257 -0.160776
v -0.187752 1.816257 -0.158754
v -0.186780 1.816257 -0.159801
v -0.185796 1.816257 -0.160844
v -0.185348 1.816257 -0.159856
v -0.186731 1.816257 -0.158370
v -0.185770 1.816257 -0.158825
v -0.186822 1.816257 -0.161229
v -0.186843 1.816758 -0.161863
v -0.188282 1.816758 -0.161210
v -0.185363 1.816758 -0.161307
v -0.186843 1.871257 -0.161863
v -0.186858 1.871757 -0.161220
v -0.188282 1.871257 -0.161210
v -0.185363 1.871257 -0.161307
v -0.185824 1.871757 -0.160860
v -0.184709 1.871257 -0.159868
v -0.185351 1.871757 -0.159884
v -0.185314 1.871257 -0.158392
v -0.184709 1.816758 -0.159868
v -0.185314 1.816758 -0.158392
v -0.186705 1.816758 -0.157734
v -0.188185 1.816758 -0.158290
v -0.186705 1.871257 -0.157734
v -0.188185 1.871257 -0.158290
v -0.186698 1.871757 -0.158365
v -0.187727 1.871757 -0.158723
v -0.185748 1.871757 -0.158842
v -0.186782 1.871757 -0.159793
v -0.188204 1.871757 -0.159709
v -0.187844 1.871757 -0.160744
v -0.188838 1.871257 -0.159730
v -0.155517 0.935569 0.139598
v -0.143187 0.935569 0.139598
v -0.155517 0.967305 0.139598
v -0.155517 0.935569 0.141180
v -0.143235 0.935569 0.141179
v -0.155517 0.967305 0.141180
v -0.143234 0.967305 0.141179
v -0.143187 0.967305 0.139598
v 0.166664 1.716812 -0.156696
v 0.154334 1.716812 -0.156696
v 0.166664 1.748549 -0.156696
v 0.166664 1.716812 -0.158278
v 0.154381 1.716812 -0.158277
v 0.166664 1.748549 -0.158278
v 0.154381 1.748549 -0.158277
v 0.154334 1.748549 -0.156696
v -0.257466 1.533688 0.152585
v -0.247689 1.533688 0.162118
v -0.257639 1.533688 0.138930
v -0.257466 1.936696 0.152585
v -0.247689 1.936696 0.162118
v -0.257639 1.936696 0.138930
v -0.248106 1.936696 0.129152
v -0.234451 1.936696 0.128979
v -0.248106 1.533688 0.129152
v -0.234451 1.533688 0.128979
v -0.224673 1.533688 0.138513
v -0.224500 1.533688 0.152168
v -0.224673 1.936696 0.138513
v -0.224500 1.936696 0.152168
v -0.234034 1.936696 0.161945
v -0.234034 1.533688 0.161945
v 0.257466 1.533688 0.152585
v 0.247689 1.533688 0.162118
v 0.257639 1.533688 0.138930
v 0.257466 1.936695 0.152585
v 0.247689 1.936695 0.162118
v 0.257639 1.936695 0.138930
v 0.248106 1.936695 0.129152
v 0.234451 1.936695 0.128979
v 0.248106 1.533688 0.129152
v 0.234451 1.533688 0.128979
v 0.224673 1.533688 0.138513
v 0.224500 1.533688 0.152168
v 0.224673 1.936695 0.138513
v 0.224500 1.936695 0.152168
v 0.234034 1.936695 0.161945
v 0.234034 1.533688 0.161945
v 0.216084 1.507467 0.145549
v 0.219432 1.507467 0.158041
v 0.216084 1.512521 0.145549
v 0.219432 1.507467 0.133056
v 0.228577 1.507467 0.123911
v 0.219432 1.512521 0.133056
v 0.228577 1.512521 0.123911
v 0.223207 1.514438 0.135236
v 0.230757 1.514438 0.127686
v 0.220444 1.514438 0.145549
v 0.225825 1.525177 0.136747
v 0.232268 1.525177 0.130304
v 0.223466 1.525177 0.145549
v 0.222538 1.527370 0.134849
v 0.230370 1.527370 0.127017
v 0.219671 1.527370 0.145549
v 0.222538 1.531390 0.134849
v 0.230370 1.531390 0.127017
v 0.219671 1.531390 0.145549
v 0.224597 1.533203 0.136038
v 0.229483 1.533203 0.138859
v 0.222049 1.533203 0.145549
v 0.231559 1.533203 0.129076
v 0.234380 1.533203 0.133962
v 0.241070 1.533203 0.126528
v 0.241070 1.531390 0.124150
v 0.241070 1.533203 0.132170
v 0.250580 1.533203 0.129076
v 0.251769 1.531390 0.127017
v 0.247759 1.533203 0.133962
v 0.257542 1.533203 0.136038
v 0.252656 1.533203 0.138859
v 0.259602 1.531390 0.134849
v 0.260091 1.533203 0.145549
v 0.262468 1.531390 0.145549
v 0.254449 1.533203 0.145549
v 0.257542 1.533203 0.155059
v 0.259602 1.531390 0.156248
v 0.252656 1.533203 0.152238
v 0.250580 1.533203 0.162021
v 0.247759 1.533203 0.157135
v 0.251769 1.531390 0.164081
v 0.241070 1.533203 0.164570
v 0.241070 1.531390 0.166947
v 0.241070 1.533203 0.158928
v 0.231559 1.533203 0.162021
v 0.230370 1.531390 0.164081
v 0.234380 1.533203 0.157135
v 0.224597 1.533203 0.155059
v 0.222538 1.531390 0.156248
v 0.229483 1.533203 0.152238
v 0.227691 1.533203 0.145549
v 0.222538 1.527370 0.156248
v 0.230370 1.527370 0.164081
v 0.225825 1.525177 0.154350
v 0.232268 1.525177 0.160794
v 0.223207 1.514438 0.155861
v 0.230757 1.514438 0.163411
v 0.219432 1.512521 0.158041
v 0.228577 1.512521 0.167187
v 0.228577 1.507467 0.167187
v 0.241070 1.512521 0.170534
v 0.241070 1.507467 0.170534
v 0.253562 1.512521 0.167187
v 0.241070 1.514438 0.166174
v 0.251382 1.514438 0.163411
v 0.241070 1.525177 0.163152
v 0.249871 1.525177 0.160794
v 0.241070 1.527370 0.166947
v 0.251769 1.527370 0.164081
v 0.259602 1.527370 0.156248
v 0.262468 1.527370 0.145549
v 0.256315 1.525177 0.154350
v 0.258673 1.525177 0.145549
v 0.258932 1.514438 0.155861
v 0.261695 1.514438 0.145549
v 0.262708 1.512521 0.158041
v 0.262708 1.507467 0.158041
v 0.266055 1.512521 0.145549
v 0.266055 1.507467 0.145549
v 0.262708 1.512521 0.133056
v 0.262708 1.507467 0.133056
v 0.253562 1.512521 0.123911
v 0.258932 1.514438 0.135236
v 0.251382 1.514438 0.127686
v 0.256315 1.525177 0.136747
v 0.249871 1.525177 0.130304
v 0.259602 1.527370 0.134849
v 0.251769 1.527370 0.127017
v 0.241070 1.527370 0.124150
v 0.241070 1.525177 0.127945
v 0.241070 1.514438 0.124923
v 0.241070 1.512521 0.120563
v 0.241070 1.507467 0.120563
v 0.253562 1.507467 0.123911
v 0.253562 1.507467 0.167187
v -0.216084 1.507467 0.145549
v -0.219432 1.507467 0.158041
v -0.216084 1.512521 0.145549
v -0.219432 1.507467 0.133056
v -0.228577 1.507467 0.123911
v -0.219432 1.512521 0.133056
v -0.228577 1.512521 0.123911
v -0.223207 1.514438 0.135236
v -0.230757 1.514438 0.127686
v -0.220444 1.514438 0.145549
v -0.225825 1.525177 0.136747
v -0.232268 1.525177 0.130304
v -0.223466 1.525177 0.145549
v -0.222538 1.527370 0.134849
v -0.230370 1.527370 0.127017
v -0.219671 1.527370 0.145549
v -0.222538 1.531390 0.134849
v -0.230370 1.531390 0.127017
v -0.219671 1.531390 0.145549
v -0.224597 1.533203 0.136038
v -0.229483 1.533203 0.138859
v -0.222049 1.533203 0.145549
v -0.231559 1.533203 0.129076
v -0.234380 1.533203 0.133962
v -0.241070 1.533203 0.126528
v -0.241070 1.531390 0.124150
v -0.241070 1.533203 0.132170
v -0.250580 1.533203 0.129076
v -0.251769 1.531390 0.127017
v -0.247759 1.533203 0.133962
v -0.257542 1.533203 0.136038
v -0.252656 1.533203 0.138859
v -0.259602 1.531390 0.134849
v -0.260091 1.533203 0.145549
v -0.262468 1.531390 0.145549
v -0.254449 1.533203 0.145549
v -0.257542 1.533203 0.155059
v -0.259602 1.531390 0.156248
v -0.252656 1.533203 0.152238
v -0.250580 1.533203 0.162021
v -0.247759 1.533203 0.157135
v -0.251769 1.531390 0.164081
v -0.241070 1.533203 0.164570
v -0.241070 1.531390 0.166947
v -0.241070 1.533203 0.158928
v -0.231559 1.533203 0.162021
v -0.230370 1.531390 0.164081
v -0.234380 1.533203 0.157135
v -0.224597 1.533203 0.155059
v -0.222538 1.531390 0.156248
v -0.229483 1.533203 0.152238
v -0.227691 1.533203 0.145549
v -0.222538 1.527370 0.156248
v -0.230370 1.527370 0.164081
v -0.225825 1.525177 0.154350
v -0.232268 1.525177 0.160794
v -0.223207 1.514438 0.155861
v -0.230757 1.514438 0.163411
v -0.219432 1.512521 0.158041
v -0.228577 1.512521 0.167187
v -0.228577 1.507467 0.167187
v -0.241070 1.512521 0.170534
v -0.241070 1.507467 0.170534
v -0.253562 1.512521 0.167187
v -0.241070 1.514438 0.166174
v -0.251382 1.514438 0.163411
v -0.241070 1.525177 0.163152
v -0.249871 1.525177 0.160794
v -0.241070 1.527370 0.166947
v -0.251769 1.527370 0.164081
v -0.259602 1.527370 0.156248
v -0.262468 1.527370 0.145549
v -0.256315 1.525177 0.154350
v -0.258673 1.525177 0.145549
v -0.258932 1.514438 0.155861
v -0.261695 1.514438 0.145549
v -0.262707 1.512521 0.158041
v -0.262707 1.507467 0.158041
v -0.266055 1.512521 0.145549
v -0.266055 1.507467 0.145549
v -0.262707 1.512521 0.133056
v -0.262707 1.507467 0.133056
v -0.253562 1.512521 0.123911
v -0.258932 1.514438 0.135236
v -0.251382 1.514438 0.127686
v -0.256315 1.525177 0.136747
v -0.249871 1.525177 0.130304
v -0.259602 1.527370 0.134849
v -0.251769 1.527370 0.127017
v -0.241070 1.527370 0.124150
v -0.241070 1.525177 0.127945
v -0.241070 1.514438 0.124923
v -0.241070 1.512521 0.120563
v -0.241070 1.507467 0.120563
v -0.253562 1.507467 0.123911
v -0.253562 1.507467 0.167187
v -0.216084 1.960680 0.145549
v -0.219432 1.960680 0.158041
v -0.216084 1.955626 0.145549
v -0.219432 1.960680 0.133056
v -0.228577 1.960680 0.123911
v -0.219432 1.955626 0.133056
v -0.228577 1.955626 0.123911
v -0.223207 1.953709 0.135236
v -0.230757 1.953709 0.127686
v -0.220444 1.953709 0.145549
v -0.225825 1.942970 0.136747
v -0.232268 1.942970 0.130304
v -0.223466 1.942970 0.145549
v -0.222538 1.940777 0.134849
v -0.230370 1.940777 0.127017
v -0.219671 1.940777 0.145549
v -0.222538 1.936757 0.134849
v -0.230370 1.936757 0.127017
v -0.219671 1.936757 0.145549
v -0.224597 1.934944 0.136038
v -0.229483 1.934944 0.138859
v -0.222049 1.934944 0.145549
v -0.231559 1.934944 0.129076
v -0.234380 1.934944 0.133962
v -0.241070 1.934944 0.126528
v -0.241070 1.936757 0.124150
v -0.241070 1.934944 0.132170
v -0.250580 1.934944 0.129076
v -0.251769 1.936757 0.127017
v -0.247759 1.934944 0.133962
v -0.257542 1.934944 0.136038
v -0.252656 1.934944 0.138859
v -0.259602 1.936757 0.134849
v -0.260091 1.934944 0.145549
v -0.262468 1.936757 0.145549
v -0.254449 1.934944 0.145549
v -0.257542 1.934944 0.155059
v -0.259602 1.936757 0.156248
v -0.252656 1.934944 0.152238
v -0.250580 1.934944 0.162021
v -0.247759 1.934944 0.157135
v -0.251769 1.936757 0.164081
v -0.241070 1.934944 0.164570
v -0.241070 1.936757 0.166947
v -0.241070 1.934944 0.158928
v -0.231559 1.934944 0.162021
v -0.230370 1.936757 0.164081
v -0.234380 1.934944 0.157135
v -0.224597 1.934944 0.155059
v -0.222538 1.936757 0.156248
v -0.229483 1.934944 0.152238
v -0.227691 1.934944 0.145549
v -0.222538 1.940777 0.156248
v -0.230370 1.940777 0.164081
v -0.225825 1.942970 0.154350
v -0.232268 1.942970 0.160794
v -0.223207 1.953709 0.155861
v -0.230757 1.953709 0.163411
v -0.219432 1.955626 0.158041
v -0.228577 1.955626 0.167187
v -0.228577 1.960680 0.167187
v -0.241070 1.955626 0.170534
v -0.241070 1.960680 0.170534
v -0.253562 1.955626 0.167187
v -0.241070 1.953709 0.166174
v -0.251382 1.953709 0.163411
v -0.241070 1.942970 0.163152
v -0.249871 1.942970 0.160794
v -0.241070 1.940777 0.166947
v -0.251769 1.940777 0.164081
v -0.259602 1.940777 0.156248
v -0.262468 1.940777 0.145549
v -0.256315 1.942970 0.154350
v -0.258673 1.942970 0.145549
v -0.258932 1.953709 0.155861
v -0.261695 1.953709 0.145549
v -0.262707 1.955626 0.158041
v -0.262707 1.960680 0.158041
v -0.266055 1.955626 0.145549
v -0.266055 1.960680 0.145549
v -0.262707 1.955626 0.133056
v -0.262707 1.960680 0.133056
v -0.253562 1.955626 0.123911
v -0.258932 1.953709 0.135236
v -0.251382 1.953709 0.127686
v -0.256315 1.942970 0.136747
v -0.249871 1.942970 0.130304
v -0.259602 1.940777 0.134849
v -0.251769 1.940777 0.127017
v -0.241070 1.940777 0.124150
v -0.241070 1.942970 0.127945
v -0.241070 1.953709 0.124923
v -0.241070 1.955626 0.120563
v -0.241070 1.960680 0.120563
v -0.253562 1.960680 0.123911
v -0.253562 1.960680 0.167187
v 0.216084 1.960680 0.145549
v 0.219432 1.960680 0.158041
v 0.216084 1.955626 0.145549
v 0.219432 1.960680 0.133056
v 0.228577 1.960680 0.123911
v 0.219432 1.955626 0.133056
v 0.228577 1.955626 0.123911
v 0.223207 1.953709 0.135236
v 0.230757 1.953709 0.127686
v 0.220444 1.953709 0.145549
v 0.225825 1.942970 0.136747
v 0.232268 1.942970 0.130304
v 0.223466 1.942970 0.145549
v 0.222538 1.940777 0.134849
v 0.230370 1.940777 0.127017
v 0.219671 1.940777 0.145549
v 0.222538 1.936757 0.134849
v 0.230370 1.936757 0.127017
v 0.219671 1.936757 0.145549
v 0.224597 1.934944 0.136038
v 0.229483 1.934944 0.138859
v 0.222049 1.934944 0.145549
v 0.231559 1.934944 0.129076
v 0.234380 1.934944 0.133962
v 0.241070 1.934944 0.126528
v 0.241070 1.936757 0.124150
v 0.241070 1.934944 0.132170
v 0.250580 1.934944 0.129076
v 0.251769 1.936757 0.127017
v 0.247759 1.934944 0.133962
v 0.257542 1.934944 0.136038
v 0.252656 1.934944 0.138859
v 0.259602 1.936757 0.134849
v 0.260091 1.934944 0.145549
v 0.262468 1.936757 0.145549
v 0.254449 1.934944 0.145549
v 0.257542 1.934944 0.155059
v 0.259602 1.936757 0.156248
v 0.252656 1.934944 0.152238
v 0.250580 1.934944 0.162021
v 0.247759 1.934944 0.157135
v 0.251769 1.936757 0.164081
v 0.241070 1.934944 0.164570
v 0.241070 1.936757 0.166947
v 0.241070 1.934944 0.158928
v 0.231559 1.934944 0.162021
v 0.230370 1.936757 0.164081
v 0.234380 1.934944 0.157135
v 0.224597 1.934944 0.155059
v 0.222538 1.936757 0.156248
v 0.229483 1.934944 0.152238
v 0.227691 1.934944 0.145549
v 0.222538 1.940777 0.156248
v 0.230370 1.940777 0.164081
v 0.225825 1.942970 0.154350
v 0.232268 1.942970 0.160794
v 0.223207 1.953709 0.155861
v 0.230757 1.953709 0.163411
v 0.219432 1.955626 0.158041
v 0.228577 1.955626 0.167187
v 0.228577 1.960680 0.167187
v 0.241070 1.955626 0.170534
v 0.241070 1.960680 0.170534
v 0.253562 1.955626 0.167187
v 0.241070 1.953709 0.166174
v 0.251382 1.953709 0.163411
v 0.241070 1.942970 0.163152
v 0.249871 1.942970 0.160794
v 0.241070 1.940777 0.166947
v 0.251769 1.940777 0.164081
v 0.259602 1.940777 0.156248
v 0.262468 1.940777 0.145549
v 0.256315 1.942970 0.154350
v 0.258673 1.942970 0.145549
v 0.258932 1.953709 0.155861
v 0.261695 1.953709 0.145549
v 0.262707 1.955626 0.158041
v 0.262707 1.960680 0.158041
v 0.266055 1.955626 0.145549
v 0.266055 1.960680 0.145549
v 0.262707 1.955626 0.133056
v 0.262707 1.960680 0.133056
v 0.253562 1.955626 0.123911
v 0.258932 1.953709 0.135236
v 0.251382 1.953709 0.127686
v 0.256315 1.942970 0.136747
v 0.249871 1.942970 0.130304
v 0.259602 1.940777 0.134849
v 0.251769 1.940777 0.127017
v 0.241070 1.940777 0.124150
v 0.241070 1.942970 0.127945
v 0.241070 1.953709 0.124923
v 0.241070 1.955626 0.120563
v 0.241070 1.960680 0.120563
v 0.253562 1.960680 0.123911
v 0.253562 1.960680 0.167187
v -0.218007 1.982673 0.174008
v -0.204550 2.012253 0.174006
v -0.274046 1.982673 0.173999
v -0.224411 1.992409 0.176582
v -0.218007 1.982672 0.181065
v -0.212021 1.975318 0.181062
v -0.279037 1.982672 0.181065
v -0.204547 2.012251 0.181064
v -0.180957 2.047759 0.181067
v -0.199168 2.006595 0.181061
v -0.175660 2.042520 0.181064
v -0.199170 2.006597 0.174004
v -0.188456 1.995333 0.173999
v -0.212022 1.975319 0.174005
v -0.175662 2.042524 0.174006
v -0.165115 2.032089 0.173999
v -0.146330 2.068819 0.174017
v -0.137616 2.057003 0.173999
v -0.113573 2.089503 0.174040
v -0.146327 2.068808 0.181075
v -0.113568 2.089485 0.181098
v -0.150702 2.074741 0.181084
v -0.116936 2.096044 0.181118
v -0.150705 2.074752 0.174026
v -0.180959 2.047764 0.174009
v -0.116940 2.096062 0.174060
v -0.156142 2.082709 0.176382
v -0.187705 2.054927 0.176388
v -0.162765 2.092489 0.182234
v -0.120870 2.104786 0.176421
v -0.125673 2.115562 0.182314
v -0.081910 2.119757 0.176439
v -0.084477 2.131296 0.182350
v -0.042720 2.129753 0.176307
v -0.079753 2.110452 0.174076
v -0.042389 2.120432 0.174030
v -0.079744 2.110434 0.181133
v -0.042381 2.120423 0.181088
v -0.077505 2.103408 0.181108
v -0.041261 2.113128 0.181077
v -0.077514 2.103426 0.174050
v -0.073054 2.089434 0.173999
v -0.041269 2.113138 0.174020
v -0.039038 2.098611 0.173999
v -0.000000 2.115995 0.173999
v -0.000000 2.101314 0.173999
v -0.000000 2.115990 0.181057
v 0.041269 2.113138 0.174020
v 0.039038 2.098611 0.173999
v 0.077514 2.103426 0.174050
v 0.041261 2.113128 0.181077
v 0.077505 2.103408 0.181108
v 0.042381 2.120423 0.181088
v -0.000000 2.123362 0.181057
v 0.079744 2.110434 0.181133
v 0.042389 2.120432 0.174030
v 0.079753 2.110452 0.174076
v -0.000000 2.123367 0.173999
v 0.042720 2.129753 0.176307
v 0.081910 2.119757 0.176439
v 0.042985 2.141773 0.182267
v -0.000000 2.132715 0.176266
v -0.000000 2.144741 0.182205
v -0.042985 2.141773 0.182267
v -0.000000 2.154984 0.190768
v -0.042967 2.152023 0.190849
v -0.000000 2.160915 0.198524
v 0.042967 2.152023 0.190849
v 0.086519 2.141173 0.190831
v 0.042728 2.157957 0.198597
v 0.087591 2.147077 0.198718
v 0.043314 2.165319 0.198606
v 0.089136 2.154297 0.198741
v -0.000000 2.168318 0.198524
v 0.043288 2.165309 0.207583
v -0.000000 2.168314 0.207501
v 0.089118 2.154276 0.207719
v 0.043859 2.172666 0.212822
v 0.044460 2.180035 0.207600
v -0.000000 2.175714 0.212732
v 0.090652 2.161485 0.212972
v 0.092207 2.168718 0.207765
v 0.137267 2.144312 0.212945
v 0.139864 2.151338 0.207737
v 0.134668 2.137316 0.207693
v 0.179294 2.118974 0.212829
v 0.183074 2.125487 0.207608
v 0.175505 2.112484 0.207588
v 0.215989 2.088357 0.212768
v 0.220613 2.094513 0.207541
v 0.211362 2.082211 0.207534
v 0.236655 2.061564 0.212751
v 0.241205 2.068313 0.207523
v 0.232108 2.054816 0.207519
v 0.252744 2.034858 0.212759
v 0.257519 2.042283 0.207533
v 0.247729 2.027514 0.207528
v 0.312812 2.034843 0.212759
v 0.309028 2.042285 0.207533
v 0.309028 2.027515 0.207534
v 0.312807 2.034850 -0.188176
v 0.309024 2.042290 -0.182944
v 0.309024 2.027520 -0.182944
v 0.252814 2.034867 -0.188176
v 0.257598 2.042292 -0.182944
v 0.247789 2.027521 -0.182950
v 0.237107 2.060872 -0.188187
v 0.241679 2.067595 -0.182955
v 0.232534 2.054146 -0.182959
v 0.216704 2.087646 -0.188171
v 0.221344 2.093786 -0.182937
v 0.212066 2.081496 -0.182944
v 0.181440 2.118283 -0.188109
v 0.185255 2.124770 -0.182869
v 0.177632 2.111773 -0.182889
v 0.138131 2.144639 -0.187993
v 0.140732 2.151650 -0.182741
v 0.135533 2.137598 -0.182784
v 0.093964 2.162603 -0.187966
v 0.095459 2.169794 -0.182713
v 0.092448 2.155387 -0.182759
v 0.043934 2.172698 -0.188116
v 0.044505 2.180055 -0.182878
v 0.043335 2.165330 -0.182895
v 0.000000 2.175729 -0.188207
v 0.000000 2.183129 -0.182976
v 0.000000 2.168323 -0.182976
v -0.043934 2.172698 -0.188116
v -0.044505 2.180055 -0.182878
v -0.043335 2.165330 -0.182895
v -0.093964 2.162603 -0.187966
v -0.095459 2.169794 -0.182713
v -0.092448 2.155387 -0.182759
v -0.138131 2.144639 -0.187993
v -0.140732 2.151650 -0.182741
v -0.135533 2.137598 -0.182784
v -0.181440 2.118283 -0.188110
v -0.185255 2.124770 -0.182869
v -0.177632 2.111773 -0.182889
v -0.216704 2.087646 -0.188171
v -0.221344 2.093786 -0.182937
v -0.212066 2.081496 -0.182944
v -0.237107 2.060872 -0.188187
v -0.241679 2.067595 -0.182955
v -0.232534 2.054146 -0.182959
v -0.252814 2.034867 -0.188176
v -0.257598 2.042292 -0.182944
v -0.247789 2.027521 -0.182950
v -0.312807 2.034850 -0.188176
v -0.309024 2.042290 -0.182944
v -0.309024 2.027520 -0.182944
v -0.312812 2.034843 0.212759
v -0.309028 2.042285 0.207533
v -0.309028 2.027515 0.207534
v -0.252744 2.034858 0.212759
v -0.257519 2.042283 0.207533
v -0.247729 2.027514 0.207528
v -0.236655 2.061564 0.212751
v -0.241205 2.068313 0.207523
v -0.232108 2.054816 0.207519
v -0.215989 2.088357 0.212768
v -0.220613 2.094513 0.207541
v -0.211362 2.082211 0.207534
v -0.179294 2.118974 0.212829
v -0.183074 2.125487 0.207608
v -0.175505 2.112484 0.207588
v -0.137267 2.144312 0.212945
v -0.139864 2.151338 0.207737
v -0.134668 2.137316 0.207693
v -0.090652 2.161485 0.212972
v -0.092207 2.168718 0.207765
v -0.089118 2.154276 0.207719
v -0.043859 2.172666 0.212822
v -0.044460 2.180035 0.207600
v -0.043288 2.165309 0.207583
v -0.043314 2.165319 0.198606
v -0.042728 2.157957 0.198597
v -0.089136 2.154297 0.198741
v -0.087591 2.147077 0.198718
v -0.134665 2.137343 0.198716
v -0.132067 2.130331 0.198694
v -0.175498 2.112503 0.198611
v -0.171714 2.106001 0.198601
v -0.211359 2.082219 0.198556
v -0.206733 2.076068 0.198553
v -0.232111 2.054818 0.198541
v -0.227564 2.048069 0.198539
v -0.247729 2.027515 0.198550
v -0.242835 2.020130 0.198547
v -0.302678 2.027518 0.198524
v -0.302678 2.020132 0.198524
v -0.302678 2.027518 -0.173999
v -0.302678 2.020132 -0.173999
v -0.247789 2.027519 -0.173973
v -0.227453 1.997726 -0.173985
v -0.232531 2.054145 -0.173982
v -0.213714 2.026808 -0.173989
v -0.212068 2.081487 -0.173967
v -0.191880 2.058592 -0.173982
v -0.177639 2.111754 -0.173912
v -0.161102 2.086675 -0.173952
v -0.135535 2.137572 -0.173807
v -0.123659 2.110118 -0.173894
v -0.092430 2.155365 -0.173782
v -0.085986 2.126379 -0.173877
v -0.043310 2.165320 -0.173918
v -0.041997 2.135548 -0.173952
v 0.000000 2.168318 -0.173999
v 0.000000 2.138455 -0.173999
v 0.043310 2.165320 -0.173918
v 0.041997 2.135548 -0.173952
v 0.092430 2.155365 -0.173782
v 0.085986 2.126379 -0.173877
v 0.135535 2.137572 -0.173807
v 0.123659 2.110118 -0.173894
v 0.177639 2.111754 -0.173912
v 0.161103 2.086675 -0.173952
v 0.212068 2.081487 -0.173967
v 0.191880 2.058592 -0.173982
v 0.232531 2.054145 -0.173982
v 0.213714 2.026808 -0.173989
v 0.247789 2.027519 -0.173973
v 0.227453 1.997726 -0.173985
v 0.302678 2.027518 -0.173999
v 0.302678 2.020132 -0.173999
v 0.302678 2.027518 0.198524
v 0.302678 2.020132 0.198524
v 0.247729 2.027515 0.198550
v 0.242835 2.020130 0.198547
v 0.232111 2.054818 0.198541
v 0.227564 2.048069 0.198539
v 0.211359 2.082219 0.198556
v 0.206733 2.076068 0.198553
v 0.175498 2.112503 0.198611
v 0.171714 2.106001 0.198601
v 0.134665 2.137343 0.198716
v 0.132067 2.130331 0.198694
v 0.129708 2.124782 0.190768
v 0.125673 2.115562 0.182314
v 0.168369 2.100883 0.190647
v 0.162765 2.092489 0.182234
v 0.202575 2.071230 0.190497
v 0.195771 2.063650 0.182163
v 0.224064 2.041040 0.190323
v 0.218334 2.031511 0.182137
v 0.237853 2.012719 0.189721
v 0.231582 2.003273 0.181827
v 0.295305 2.014558 0.191929
v 0.286342 2.005391 0.184057
v 0.293573 2.013884 -0.173998
v 0.284528 2.004544 -0.173997
v 0.277900 1.993569 -0.173998
v 0.274046 1.982673 -0.173999
v 0.279373 1.994322 0.178217
v 0.224411 1.992409 0.176582
v 0.274046 1.982673 0.173999
v 0.218007 1.982673 0.174008
v 0.279037 1.982672 0.181065
v 0.218006 1.982672 0.181065
v 0.279037 1.975318 0.181065
v 0.281104 1.982673 -0.173999
v 0.281104 1.975319 -0.173999
v 0.274046 1.975319 -0.173999
v 0.274046 1.960673 -0.173999
v 0.274046 1.975319 0.173999
v 0.274046 1.960673 0.173999
v 0.212022 1.975319 0.174005
v 0.200103 1.960673 0.173999
v 0.199170 2.006597 0.174004
v 0.212021 1.975318 0.181063
v 0.199168 2.006595 0.181061
v 0.175660 2.042520 0.181064
v 0.204547 2.012251 0.181064
v 0.180957 2.047759 0.181067
v 0.204550 2.012253 0.174006
v 0.180959 2.047764 0.174009
v 0.211120 2.021097 0.176602
v 0.187705 2.054927 0.176388
v 0.156142 2.082709 0.176382
v 0.120870 2.104786 0.176421
v 0.150705 2.074752 0.174026
v 0.116940 2.096062 0.174060
v 0.150702 2.074741 0.181084
v 0.116936 2.096044 0.181118
v 0.146327 2.068808 0.181075
v 0.113568 2.089485 0.181098
v 0.146330 2.068819 0.174017
v 0.137616 2.057003 0.173999
v 0.175662 2.042524 0.174006
v 0.113573 2.089503 0.174040
v 0.106865 2.076441 0.173999
v 0.073054 2.089434 0.173999
v 0.106955 2.076462 0.135305
v 0.073446 2.089565 0.135305
v 0.137843 2.056923 0.135305
v 0.165189 2.032014 0.135305
v 0.165115 2.032089 0.173999
v 0.188487 1.995290 0.135305
v 0.188456 1.995333 0.173999
v 0.200103 1.960673 0.135305
v 0.200103 1.960673 -0.147802
v 0.200103 1.960673 -0.173999
v 0.188714 1.994978 -0.147802
v 0.188735 1.994950 -0.173999
v 0.165727 2.031464 -0.147802
v 0.165777 2.031413 -0.173999
v 0.139503 2.056336 -0.147802
v 0.139657 2.056282 -0.173999
v 0.107611 2.076615 -0.147802
v 0.107672 2.076630 -0.173999
v 0.076311 2.090520 -0.147802
v 0.076576 2.090608 -0.173999
v 0.039038 2.098611 -0.147802
v 0.039038 2.098611 -0.173999
v 0.000000 2.101314 -0.147802
v 0.000000 2.101314 -0.173999
v -0.039038 2.098611 -0.147802
v -0.039038 2.098611 -0.173999
v -0.076311 2.090520 -0.147802
v -0.076576 2.090608 -0.173999
v -0.107611 2.076615 -0.147802
v -0.107672 2.076630 -0.173999
v -0.139503 2.056336 -0.147802
v -0.139657 2.056282 -0.173999
v -0.165727 2.031464 -0.147802
v -0.165777 2.031413 -0.173999
v -0.188714 1.994978 -0.147802
v -0.188735 1.994950 -0.173999
v -0.200103 1.960673 -0.147802
v -0.200103 1.960673 -0.173999
v -0.200103 1.960673 0.135305
v -0.274046 1.960673 -0.173999
v -0.274046 1.975319 -0.173999
v -0.274046 1.960673 0.173999
v -0.200103 1.960673 0.173999
v -0.274046 1.975319 0.173999
v -0.279037 1.975318 0.181065
v -0.281104 1.975319 -0.173999
v -0.281104 1.982673 -0.173999
v -0.274046 1.982673 -0.173999
v -0.277900 1.993569 -0.173998
v -0.284528 2.004544 -0.173997
v -0.279373 1.994322 0.178217
v -0.286342 2.005391 0.184057
v -0.295305 2.014558 0.191929
v -0.231582 2.003273 0.181827
v -0.237853 2.012719 0.189721
v -0.218334 2.031511 0.182136
v -0.211120 2.021097 0.176602
v -0.224064 2.041040 0.190323
v -0.195771 2.063650 0.182163
v -0.202575 2.071230 0.190497
v -0.168369 2.100883 0.190647
v -0.129708 2.124782 0.190768
v -0.086519 2.141173 0.190831
v -0.293573 2.013884 -0.173998
v -0.188487 1.995290 0.135305
v -0.165189 2.032014 0.135305
v -0.137843 2.056923 0.135305
v -0.106955 2.076462 0.135305
v -0.106865 2.076441 0.173999
v -0.073446 2.089565 0.135305
v -0.039038 2.098611 0.135305
v -0.000000 2.101314 0.135305
v 0.039038 2.098611 0.135305
v 0.084477 2.131296 0.182350
v -0.000000 2.183120 0.207501
v -0.044485 2.180044 0.198623
v -0.045071 2.187407 0.198631
v -0.000000 2.183124 0.198524
v -0.092227 2.168739 0.198788
v -0.093772 2.175959 0.198811
v -0.139862 2.151365 0.198760
v -0.142460 2.158375 0.198782
v -0.183067 2.125506 0.198631
v -0.186852 2.132008 0.198641
v -0.220611 2.094522 0.198564
v -0.225236 2.100673 0.198568
v -0.241206 2.068316 0.198545
v -0.245753 2.075065 0.198547
v -0.257519 2.042285 0.198556
v -0.262414 2.049669 0.198559
v -0.302678 2.042288 0.198524
v -0.302678 2.049673 0.198524
v -0.302678 2.042288 -0.173999
v -0.302678 2.049673 -0.173999
v -0.257598 2.042291 -0.173967
v -0.262503 2.049676 -0.173964
v -0.241677 2.067593 -0.173978
v -0.246251 2.074317 -0.173976
v -0.221347 2.093777 -0.173959
v -0.225987 2.099922 -0.173956
v -0.185262 2.124751 -0.173892
v -0.189073 2.131249 -0.173882
v -0.140733 2.151624 -0.173763
v -0.143332 2.158649 -0.173741
v -0.095440 2.169774 -0.173735
v -0.096946 2.176978 -0.173712
v -0.044481 2.180045 -0.173900
v -0.045066 2.187408 -0.173892
v 0.000000 2.183124 -0.173999
v 0.000000 2.190527 -0.173999
v 0.044481 2.180045 -0.173900
v 0.045066 2.187408 -0.173892
v 0.095440 2.169774 -0.173735
v 0.096946 2.176978 -0.173712
v 0.140733 2.151624 -0.173763
v 0.143332 2.158649 -0.173741
v 0.185262 2.124751 -0.173892
v 0.189073 2.131249 -0.173882
v 0.221347 2.093777 -0.173959
v 0.225987 2.099922 -0.173955
v 0.241677 2.067593 -0.173978
v 0.246251 2.074317 -0.173976
v 0.257598 2.042291 -0.173967
v 0.262503 2.049676 -0.173964
v 0.302678 2.042288 -0.173999
v 0.302678 2.049673 -0.173999
v 0.302678 2.042288 0.198524
v 0.302678 2.049673 0.198524
v 0.257519 2.042285 0.198556
v 0.262414 2.049669 0.198559
v 0.241206 2.068316 0.198545
v 0.245753 2.075065 0.198547
v 0.220610 2.094522 0.198564
v 0.225236 2.100673 0.198568
v 0.183067 2.125506 0.198631
v 0.186852 2.132008 0.198641
v 0.139862 2.151365 0.198760
v 0.142460 2.158375 0.198782
v 0.092227 2.168739 0.198788
v 0.093772 2.175959 0.198811
v 0.044485 2.180044 0.198623
v 0.045071 2.187407 0.198631
v -0.000000 2.190527 0.198524
v 0.137572 1.913744 0.102809
v 0.134123 1.944356 0.102809
v 0.137572 1.896739 0.102809
v -0.000000 1.913744 0.102809
v -0.137572 1.913744 0.102809
v 0.000000 2.051316 0.102809
v -0.137572 1.896739 0.102809
v -0.134123 1.944357 0.102809
v -0.123948 1.973434 0.102809
v -0.107558 1.999519 0.102809
v -0.085775 2.021302 0.102809
v -0.059690 2.037692 0.102809
v -0.030613 2.047867 0.102809
v 0.030613 2.047867 0.102809
v 0.059691 2.037692 0.102809
v 0.085775 2.021302 0.102809
v 0.107559 1.999519 0.102809
v 0.123949 1.973434 0.102809
v -0.054898 1.735356 0.102538
v -0.054898 1.735356 0.117817
v -0.053482 1.731939 0.102538
v -0.058315 1.736771 0.102538
v -0.058315 1.731939 0.102538
v -0.054898 1.728522 0.102538
v -0.058315 1.727107 0.102538
v -0.061732 1.728522 0.102538
v -0.063147 1.731939 0.102538
v -0.061732 1.735356 0.102538
v -0.061732 1.735356 0.117817
v -0.063147 1.731939 0.117817
v -0.058315 1.736771 0.117817
v -0.089786 1.749799 0.117817
v -0.084577 1.766972 0.117817
v -0.089786 1.749799 0.114653
v -0.091545 1.731939 0.117817
v -0.091545 1.731939 0.114653
v -0.089786 1.714079 0.117817
v -0.089786 1.714079 0.114653
v -0.084577 1.696906 0.117817
v -0.084577 1.696906 0.114653
v -0.076117 1.681079 0.117817
v -0.061732 1.728522 0.117817
v -0.058315 1.727107 0.117817
v -0.054898 1.728522 0.117817
v -0.053482 1.731939 0.117817
v -0.000000 1.731939 0.117817
v -0.000000 1.640394 0.117817
v -0.000000 1.823484 0.117817
v -0.017859 1.642153 0.117817
v -0.035033 1.647362 0.117817
v -0.050860 1.655822 0.117817
v -0.064732 1.667207 0.117817
v 0.076117 1.681079 0.117817
v 0.064732 1.667207 0.117817
v 0.050860 1.655822 0.117817
v 0.035033 1.647362 0.117817
v 0.017859 1.642153 0.117817
v 0.017860 1.821725 0.117817
v 0.035033 1.816516 0.117817
v 0.050860 1.808056 0.117817
v 0.053482 1.731939 0.117817
v 0.054898 1.728522 0.117817
v 0.054898 1.735356 0.117817
v 0.064732 1.796671 0.117817
v 0.076117 1.782799 0.117817
v -0.017860 1.821725 0.117817
v -0.035033 1.816516 0.117817
v -0.050860 1.808056 0.117817
v -0.064732 1.796671 0.117817
v -0.064732 1.796671 0.114653
v -0.076117 1.782799 0.117817
v -0.076117 1.782799 0.114653
v -0.084577 1.766972 0.114653
v -0.140585 1.825875 0.114653
v -0.119558 1.851497 0.114653
v -0.140585 1.825875 0.117817
v -0.156210 1.796643 0.114653
v -0.156210 1.796643 0.117817
v -0.165831 1.764925 0.114653
v -0.165831 1.764925 0.117817
v -0.169080 1.731939 0.114653
v -0.169080 1.731939 0.117817
v -0.165831 1.698953 0.114653
v -0.165831 1.698953 0.117817
v -0.156210 1.667235 0.114653
v -0.156210 1.667235 0.117817
v -0.140585 1.638003 0.114653
v -0.140585 1.638003 0.117817
v -0.119558 1.612381 0.114653
v -0.076117 1.681079 0.114653
v -0.064732 1.667207 0.114653
v -0.050860 1.655822 0.114653
v -0.035033 1.647362 0.114653
v -0.093936 1.591354 0.114653
v -0.093936 1.591354 0.117817
v -0.064704 1.575729 0.114653
v -0.064704 1.575729 0.117817
v -0.032986 1.566108 0.114653
v -0.032986 1.566108 0.117817
v -0.000000 1.562859 0.114653
v -0.017859 1.642153 0.114653
v -0.000000 1.640394 0.114653
v 0.017859 1.642153 0.114653
v 0.035033 1.647362 0.114653
v 0.032986 1.566108 0.114653
v 0.064704 1.575729 0.114653
v 0.032986 1.566108 0.117817
v 0.064704 1.575729 0.117817
v -0.000000 1.562859 0.117817
v 0.047594 1.523705 0.117817
v 0.093360 1.523705 0.117817
v -0.000000 1.523705 0.117817
v 0.047594 1.523705 0.114184
v 0.093360 1.523705 0.114184
v -0.000000 1.523705 0.114184
v -0.047594 1.523705 0.114184
v -0.093360 1.523705 0.114184
v -0.047594 1.523705 0.117817
v -0.093360 1.523705 0.117817
v -0.135538 1.523705 0.117817
v -0.208234 1.523705 0.117817
v -0.135538 1.523705 0.114184
v -0.208234 1.523705 0.114184
v -0.208234 1.596401 0.114184
v -0.208234 1.638579 0.114184
v -0.208234 1.596401 0.117817
v -0.208234 1.638579 0.117817
v -0.208234 1.684344 0.117817
v -0.208234 1.731939 0.117817
v -0.208234 1.684344 0.114184
v -0.208234 1.731939 0.114184
v -0.208234 1.779533 0.114184
v -0.208234 1.825299 0.114184
v -0.208234 1.779533 0.117817
v -0.208234 1.825299 0.117817
v -0.208234 1.867477 0.117817
v -0.208234 1.913084 0.117817
v -0.208234 1.867477 0.114184
v -0.208234 1.913084 0.114184
v -0.135538 1.913084 0.114184
v -0.093360 1.913084 0.114184
v -0.135538 1.913084 0.117817
v -0.093360 1.913084 0.117817
v -0.093936 1.872524 0.117817
v -0.064704 1.888148 0.117817
v -0.093936 1.872524 0.114653
v -0.119558 1.851497 0.117817
v -0.064704 1.888148 0.114653
v -0.050860 1.808056 0.114653
v -0.035033 1.816516 0.114653
v -0.017860 1.821725 0.114653
v -0.000000 1.823484 0.114653
v -0.032986 1.897770 0.114653
v -0.000000 1.901019 0.114653
v -0.032986 1.897770 0.117817
v -0.000000 1.901019 0.117817
v -0.047594 1.913084 0.117817
v -0.014565 1.913084 0.117817
v -0.000000 1.913084 0.117817
v -0.012613 1.920367 0.117817
v -0.014565 1.913084 0.114184
v -0.047594 1.913084 0.114184
v -0.012613 1.920367 0.114184
v -0.007282 1.925697 0.114184
v -0.000000 1.927649 0.114184
v -0.007282 1.925697 0.117817
v -0.000000 1.927649 0.117817
v 0.007282 1.925697 0.117817
v 0.012613 1.920367 0.117817
v 0.007282 1.925697 0.114184
v 0.012613 1.920367 0.114184
v 0.014565 1.913084 0.114184
v 0.047594 1.913084 0.114184
v 0.014565 1.913084 0.117817
v 0.047594 1.913084 0.117817
v 0.032986 1.897770 0.117817
v 0.032986 1.897770 0.114653
v 0.064704 1.888148 0.117817
v 0.064704 1.888148 0.114653
v 0.093936 1.872524 0.117817
v 0.093360 1.913084 0.117817
v 0.135538 1.913084 0.117817
v 0.093360 1.913084 0.114184
v 0.135538 1.913084 0.114184
v 0.208234 1.913084 0.114184
v 0.208234 1.867477 0.114184
v 0.208234 1.913084 0.117817
v 0.208234 1.867477 0.117817
v 0.119558 1.851497 0.117817
v 0.119558 1.851497 0.114653
v 0.140585 1.825875 0.117817
v 0.140585 1.825875 0.114653
v 0.156210 1.796643 0.117817
v 0.156210 1.796643 0.114653
v 0.165831 1.764925 0.117817
v 0.208234 1.825299 0.117817
v 0.208234 1.779533 0.117817
v 0.208234 1.825299 0.114184
v 0.208234 1.779533 0.114184
v 0.208234 1.731939 0.114184
v 0.208234 1.684344 0.114184
v 0.208234 1.731939 0.117817
v 0.208234 1.684344 0.117817
v 0.169080 1.731939 0.117817
v 0.169080 1.731939 0.114653
v 0.165831 1.698953 0.117817
v 0.165831 1.698953 0.114653
v 0.156210 1.667235 0.117817
v 0.156210 1.667235 0.114653
v 0.140585 1.638003 0.117817
v 0.208234 1.638579 0.117817
v 0.208234 1.596401 0.117817
v 0.208234 1.638579 0.114184
v 0.208234 1.596401 0.114184
v 0.208234 1.523705 0.114184
v 0.135538 1.523705 0.114184
v 0.208234 1.523705 0.117817
v 0.135538 1.523705 0.117817
v 0.119558 1.612381 0.117817
v 0.119558 1.612381 0.114653
v 0.093936 1.591354 0.117817
v 0.093936 1.591354 0.114653
v 0.050860 1.655822 0.114653
v 0.064732 1.667207 0.114653
v 0.076117 1.681079 0.114653
v 0.084577 1.696906 0.114653
v 0.140585 1.638003 0.114653
v 0.084577 1.696906 0.117817
v 0.089786 1.714079 0.114653
v 0.089786 1.714079 0.117817
v 0.091545 1.731939 0.114653
v 0.091545 1.731939 0.117817
v 0.089786 1.749799 0.114653
v 0.089786 1.749799 0.117817
v 0.084577 1.766972 0.114653
v 0.165831 1.764925 0.114653
v 0.084577 1.766972 0.117817
v 0.076117 1.782799 0.114653
v 0.064732 1.796671 0.114653
v 0.050860 1.808056 0.114653
v 0.035033 1.816516 0.114653
v 0.093936 1.872524 0.114653
v 0.017860 1.821725 0.114653
v 0.058315 1.736771 0.117817
v 0.058315 1.736771 0.102538
v 0.061732 1.735356 0.117817
v 0.061732 1.735356 0.102538
v 0.063147 1.731939 0.117817
v 0.063147 1.731939 0.102538
v 0.061732 1.728522 0.117817
v 0.061732 1.728522 0.102538
v 0.058315 1.727107 0.117817
v 0.058315 1.727107 0.102538
v 0.054898 1.728522 0.102538
v 0.058315 1.731939 0.102538
v 0.053482 1.731939 0.102538
v 0.054898 1.735356 0.102538
v -0.119558 1.612381 0.117817
v -0.003052 1.910692 0.120108
v -0.000000 1.909428 0.120108
v -0.004316 1.913744 0.120108
v -0.003052 1.910692 0.100477
v -0.002140 1.911603 0.122111
v -0.000000 1.910717 0.122111
v -0.003027 1.913744 0.122111
v -0.000000 1.913743 0.123211
v -0.000000 1.916770 0.122111
v -0.002140 1.915884 0.122111
v 0.003027 1.913744 0.122111
v 0.002140 1.915884 0.122111
v 0.002140 1.911603 0.122111
v 0.003052 1.910692 0.120108
v 0.004316 1.913744 0.120108
v 0.003052 1.910692 0.100477
v 0.004316 1.913744 0.100477
v -0.000000 1.909428 0.100477
v 0.003052 1.916795 0.100477
v 0.003052 1.916795 0.120108
v -0.000000 1.918059 0.100477
v -0.000000 1.918059 0.120108
v -0.003052 1.916795 0.100477
v -0.003052 1.916795 0.120108
v -0.004316 1.913744 0.100477
v 0.107478 1.913744 0.114611
v 0.138798 1.913744 0.114611
v 0.104784 1.937660 0.114611
v 0.107478 1.913744 0.110317
v 0.107478 1.896739 0.114611
v 0.138798 1.896739 0.114611
v 0.107478 1.896739 0.110317
v 0.138798 1.896739 0.110892
v 0.138798 1.913743 0.110892
v 0.135318 1.944629 0.110892
v 0.125052 1.973966 0.110892
v 0.135318 1.944629 0.114611
v 0.125052 1.973966 0.114611
v 0.096835 1.960377 0.114611
v 0.108516 2.000283 0.114611
v 0.084030 1.980755 0.114611
v 0.086539 2.022260 0.114611
v 0.108516 2.000283 0.110892
v 0.086539 2.022260 0.110892
v 0.060222 2.038796 0.110892
v 0.030885 2.049061 0.110892
v 0.060222 2.038796 0.114611
v 0.046633 2.010578 0.114611
v 0.030885 2.049061 0.114611
v 0.000000 2.052541 0.114611
v 0.023916 2.018528 0.114611
v 0.000000 2.021222 0.114611
v 0.023916 2.018528 0.110317
v 0.000000 2.021222 0.110317
v 0.046633 2.010578 0.110317
v 0.067012 1.997774 0.110317
v 0.084030 1.980755 0.110317
v 0.067012 1.997774 0.114611
v 0.096835 1.960377 0.110317
v 0.104784 1.937660 0.110317
v -0.023916 2.018528 0.110317
v -0.046633 2.010579 0.110317
v -0.023916 2.018528 0.114611
v -0.046633 2.010579 0.114611
v -0.030885 2.049061 0.114611
v -0.060222 2.038796 0.114611
v -0.030885 2.049061 0.110892
v -0.060222 2.038796 0.110892
v 0.000000 2.052541 0.110892
v -0.086539 2.022260 0.110892
v -0.108516 2.000283 0.110892
v -0.086539 2.022260 0.114611
v -0.067012 1.997774 0.114611
v -0.108516 2.000283 0.114611
v -0.084030 1.980756 0.114611
v -0.125052 1.973966 0.114611
v -0.096835 1.960377 0.114611
v -0.135318 1.944629 0.114611
v -0.125052 1.973966 0.110892
v -0.135318 1.944629 0.110892
v -0.138798 1.913744 0.110892
v -0.138798 1.913744 0.114611
v -0.138798 1.896739 0.110892
v -0.138798 1.896739 0.114611
v -0.107478 1.896739 0.114611
v -0.107478 1.896739 0.110317
v -0.107478 1.913744 0.114611
v -0.104784 1.937660 0.114611
v -0.107478 1.913744 0.110317
v -0.104784 1.937660 0.110317
v -0.096835 1.960377 0.110317
v -0.084030 1.980756 0.110317
v -0.067012 1.997774 0.110317
v -0.195278 1.913677 0.112373
v -0.165007 1.913553 0.112373
v -0.195278 1.913677 0.108753
v -0.195278 1.895866 0.112373
v -0.165007 1.895741 0.112373
v -0.137695 1.895751 0.111312
v -0.137695 1.913563 0.111312
v -0.129601 1.948035 0.111312
v -0.117560 1.975624 0.111312
v -0.155306 1.954863 0.112373
v -0.155307 1.954860 0.108753
v -0.140877 1.987923 0.112373
v -0.120259 2.016081 0.112373
v -0.140877 1.987923 0.108753
v -0.120259 2.016081 0.108753
v -0.094644 2.039735 0.108753
v -0.065446 2.057333 0.108753
v -0.094644 2.039735 0.112373
v -0.065445 2.057333 0.112373
v -0.078979 2.018860 0.111312
v -0.100354 1.999121 0.111312
v -0.054613 2.033545 0.111312
v -0.027750 2.041378 0.111312
v -0.000000 2.043595 0.111312
v -0.033254 2.066720 0.112373
v -0.000000 2.069376 0.112373
v -0.033254 2.066720 0.108753
v -0.000000 2.069376 0.108753
v 0.033254 2.066720 0.108753
v 0.065446 2.057333 0.108753
v 0.033254 2.066720 0.112373
v 0.065445 2.057333 0.112373
v 0.027750 2.041378 0.111312
v 0.054613 2.033545 0.111312
v 0.078979 2.018860 0.111312
v 0.100354 1.999121 0.111312
v 0.094644 2.039735 0.112373
v 0.120259 2.016081 0.112373
v 0.094644 2.039735 0.108753
v 0.120259 2.016081 0.108753
v 0.140877 1.987923 0.108753
v 0.140877 1.987923 0.112373
v 0.155307 1.954860 0.108753
v 0.155306 1.954863 0.112373
v 0.165007 1.913553 0.108753
v 0.195278 1.913677 0.108753
v 0.165007 1.913553 0.112373
v 0.195278 1.913677 0.112373
v 0.137695 1.913563 0.111312
v 0.165007 1.895741 0.112373
v 0.195278 1.895866 0.112373
v 0.137695 1.895751 0.111312
v 0.129601 1.948035 0.111312
v 0.117560 1.975624 0.111312
v -0.165007 1.913553 0.108753
v -0.049051 1.982400 0.106639
v -0.035909 1.980083 0.106639
v -0.049051 1.982400 0.107763
v -0.062193 1.980083 0.106639
v -0.073749 1.973411 0.106639
v -0.062193 1.980083 0.107763
v -0.073749 1.973411 0.107763
v -0.049051 1.943976 0.107763
v -0.011211 1.950649 0.107763
v -0.015775 1.963188 0.107763
v -0.049051 1.905553 0.107763
v -0.035909 1.907870 0.107763
v -0.086891 1.950649 0.107763
v -0.086891 1.937304 0.107763
v -0.024353 1.973411 0.107763
v -0.035909 1.980083 0.107763
v -0.024353 1.914542 0.107763
v -0.015775 1.924765 0.107763
v -0.082327 1.924765 0.107763
v -0.073749 1.914542 0.107763
v -0.011211 1.937304 0.107763
v -0.062193 1.907870 0.107763
v -0.082327 1.963188 0.107763
v -0.082327 1.963188 0.106639
v -0.086891 1.950649 0.106639
v -0.086891 1.937304 0.106639
v -0.082327 1.924765 0.106639
v -0.073749 1.914542 0.106639
v -0.062193 1.907870 0.106639
v -0.049051 1.905553 0.106639
v -0.035909 1.907870 0.106639
v -0.024353 1.914542 0.106639
v -0.015775 1.924765 0.106639
v -0.011211 1.937304 0.106639
v -0.011211 1.950649 0.106639
v -0.015775 1.963188 0.106639
v -0.024353 1.973411 0.106639
v -0.063768 1.945890 0.110894
v -0.050627 1.943573 0.110894
v -0.063768 1.945890 0.112087
v -0.076910 1.943573 0.110894
v -0.088467 1.936901 0.110894
v -0.076910 1.943573 0.112087
v -0.088467 1.936901 0.112087
v -0.063768 1.907466 0.112087
v -0.025928 1.900794 0.112087
v -0.025928 1.914139 0.112087
v -0.097044 1.926678 0.112087
v -0.101608 1.914139 0.112087
v -0.030492 1.926678 0.112087
v -0.039070 1.936901 0.112087
v -0.050627 1.943573 0.112087
v -0.101608 1.900794 0.112087
v -0.101608 1.900794 0.110894
v -0.101608 1.914139 0.110894
v -0.097044 1.926678 0.110894
v -0.039070 1.936901 0.110894
v -0.030492 1.926678 0.110894
v -0.025928 1.914139 0.110894
v -0.025928 1.900794 0.110894
v 0.063488 1.945890 0.110894
v 0.050347 1.943573 0.110894
v 0.063488 1.945890 0.112087
v 0.076630 1.943573 0.110894
v 0.088187 1.936901 0.110894
v 0.076630 1.943573 0.112087
v 0.088187 1.936901 0.112087
v 0.063488 1.907466 0.112087
v 0.025648 1.900794 0.112087
v 0.025648 1.914139 0.112087
v 0.096764 1.926678 0.112087
v 0.101328 1.914139 0.112087
v 0.030212 1.926678 0.112087
v 0.038790 1.936901 0.112087
v 0.050347 1.943573 0.112087
v 0.101328 1.900794 0.112087
v 0.101328 1.900794 0.110894
v 0.101328 1.914139 0.110894
v 0.096764 1.926678 0.110894
v 0.038790 1.936901 0.110894
v 0.030212 1.926678 0.110894
v 0.025648 1.914139 0.110894
v 0.025648 1.900794 0.110894
v 0.002531 1.727294 0.123939
v 0.003540 1.728008 0.123939
v -0.002861 1.734911 0.123939
v 0.002531 1.727294 0.125174
v 0.003540 1.728008 0.125174
v -0.002861 1.734911 0.125174
v -0.001852 1.735625 0.125174
v -0.001852 1.735625 0.123939
v 0.007233 1.731939 0.115788
v 0.006264 1.728322 0.115788
v 0.007233 1.731939 0.120325
v 0.006264 1.735556 0.115788
v 0.003617 1.738203 0.115788
v 0.006264 1.735556 0.120325
v 0.003617 1.738203 0.120325
v 0.004791 1.734705 0.122563
v 0.002766 1.736730 0.122563
v 0.005533 1.731939 0.122563
v 0.001854 1.733009 0.123636
v 0.001071 1.733793 0.123636
v 0.002141 1.731939 0.123636
v 0.001296 1.732687 0.125532
v 0.000748 1.733235 0.125532
v 0.001497 1.731939 0.125532
v -0.000000 1.731939 0.125532
v 0.001296 1.731190 0.125532
v -0.001296 1.731190 0.125532
v -0.000748 1.730642 0.125532
v 0.000748 1.730642 0.125532
v -0.000000 1.733436 0.125532
v -0.000748 1.733235 0.125532
v -0.001497 1.731939 0.125532
v -0.000000 1.730442 0.125532
v -0.001296 1.732687 0.125532
v -0.001854 1.733009 0.123636
v -0.002141 1.731939 0.123636
v -0.001071 1.733793 0.123636
v -0.004791 1.734705 0.122563
v -0.005533 1.731939 0.122563
v -0.002766 1.736730 0.122563
v -0.006264 1.735556 0.120325
v -0.007233 1.731939 0.120325
v -0.006264 1.735556 0.115788
v -0.003617 1.738203 0.120325
v -0.003617 1.738203 0.115788
v -0.000000 1.739172 0.120325
v -0.000000 1.739172 0.115788
v -0.000000 1.737472 0.122563
v -0.000000 1.734080 0.123636
v -0.007233 1.731939 0.115788
v -0.006264 1.728322 0.115788
v -0.003617 1.725675 0.115788
v -0.006264 1.728322 0.120325
v -0.003617 1.725675 0.120325
v -0.004791 1.729172 0.122563
v -0.002766 1.727148 0.122563
v -0.001854 1.730868 0.123636
v -0.001071 1.730084 0.123636
v -0.000000 1.729797 0.123636
v 0.001071 1.730084 0.123636
v -0.000000 1.726406 0.122563
v 0.002766 1.727148 0.122563
v -0.000000 1.724706 0.120325
v 0.003617 1.725675 0.120325
v -0.000000 1.724706 0.115788
v 0.003617 1.725675 0.115788
v 0.006264 1.728322 0.120325
v 0.004791 1.729172 0.122563
v 0.001854 1.730868 0.123636
v 0.203327 1.723943 0.114674
v 0.192545 1.723943 0.114674
v 0.203327 1.734724 0.114674
v 0.203327 1.723943 0.132815
v 0.192545 1.723943 0.132815
v 0.203327 1.734724 0.132815
v 0.192545 1.734724 0.132815
v 0.192545 1.734724 0.114674
v -0.005391 2.054277 0.099395
v 0.005391 2.054277 0.099395
v -0.005391 2.065059 0.099395
v -0.005391 2.054277 0.137398
v 0.005391 2.054277 0.137398
v -0.005391 2.065059 0.137398
v 0.005391 2.065059 0.137398
v 0.005391 2.065059 0.099395
v -0.203327 1.547667 0.114674
v -0.192545 1.547667 0.114674
v -0.203327 1.558449 0.114674
v -0.203327 1.547667 0.132815
v -0.192545 1.547667 0.132815
v -0.203327 1.558449 0.132815
v -0.192545 1.558449 0.132815
v -0.192545 1.558449 0.114674
v -0.203327 1.723943 0.114674
v -0.192545 1.723943 0.114674
v -0.203327 1.734724 0.114674
v -0.203327 1.723943 0.132815
v -0.192545 1.723943 0.132815
v -0.203327 1.734724 0.132815
v -0.192545 1.734724 0.132815
v -0.192545 1.734724 0.114674
v -0.203327 1.900218 0.114674
v -0.192545 1.900218 0.114674
v -0.203327 1.910999 0.114674
v -0.203327 1.900218 0.132815
v -0.192545 1.900218 0.132815
v -0.203327 1.910999 0.132815
v -0.192545 1.910999 0.132815
v -0.192545 1.910999 0.114674
v 0.203327 1.547667 0.114674
v 0.192545 1.547667 0.114674
v 0.203327 1.558449 0.114674
v 0.203327 1.547667 0.132815
v 0.192545 1.547667 0.132815
v 0.203327 1.558449 0.132815
v 0.192545 1.558449 0.132815
v 0.192545 1.558449 0.114674
v 0.203327 1.900218 0.114674
v 0.192545 1.900218 0.114674
v 0.203327 1.910999 0.114674
v 0.203327 1.900218 0.132815
v 0.192545 1.900218 0.132815
v 0.203327 1.910999 0.132815
v 0.192545 1.910999 0.132815
v 0.192545 1.910999 0.114674
v -0.005391 1.547667 0.102515
v 0.005391 1.547667 0.102515
v -0.005391 1.558449 0.102515
v -0.005391 1.547667 0.132836
v 0.005391 1.547667 0.132836
v -0.005391 1.558449 0.132836
v 0.005391 1.558449 0.132836
v 0.005391 1.558449 0.102515
v -0.058315 1.735916 0.103553
v -0.062292 1.731939 0.103553
v -0.054337 1.731939 0.103553
v -0.058315 1.735916 0.117196
v -0.062292 1.731939 0.117196
v -0.058315 1.735270 0.118739
v -0.054337 1.731939 0.117196
v -0.054984 1.731939 0.118739
v -0.058315 1.727962 0.117196
v -0.058315 1.728608 0.118739
v -0.058315 1.727962 0.103553
v -0.061645 1.731939 0.118739
v 0.058315 1.735916 0.103553
v 0.062292 1.731939 0.103553
v 0.054337 1.731939 0.103553
v 0.058315 1.735916 0.117196
v 0.062292 1.731939 0.117196
v 0.058315 1.735269 0.118739
v 0.054337 1.731939 0.117196
v 0.054984 1.731939 0.118739
v 0.058315 1.727962 0.117196
v 0.058315 1.728608 0.118739
v 0.058315 1.727962 0.103553
v 0.061645 1.731939 0.118739
v -0.187033 1.913668 0.144830
v -0.186923 1.559371 0.144830
v -0.158040 1.913562 0.144830
v -0.148749 1.948711 0.144830
v -0.000000 1.913562 0.144830
v 0.158039 1.913562 0.144830
v -0.000000 2.046147 0.144830
v 0.186922 1.559371 0.144830
v -0.031850 2.043887 0.144830
v -0.062682 2.035900 0.144830
v -0.090648 2.020926 0.144830
v -0.115182 2.000800 0.144830
v -0.134929 1.976841 0.144830
v 0.148748 1.948711 0.144830
v 0.134929 1.976841 0.144830
v 0.115181 2.000800 0.144830
v 0.090647 2.020926 0.144830
v 0.062682 2.035900 0.144830
v 0.031850 2.043887 0.144830
v 0.187033 1.913668 0.144830
v 0.186283 0.959938 0.131112
v 0.186283 0.943053 0.131112
v 0.186283 0.969971 0.131112
v 0.185466 0.959938 0.130257
v 0.187032 0.959938 0.132596
v 0.187032 0.943053 0.132596
v 0.181345 0.959938 0.138024
v 0.187032 0.969971 0.132596
v 0.181327 0.969971 0.138042
v 0.188459 0.973523 0.131233
v 0.187884 0.973523 0.129583
v 0.187032 0.975893 0.132596
v 0.179900 0.973523 0.139405
v 0.181327 0.975893 0.138042
v 0.178278 0.973523 0.138754
v 0.179880 0.969971 0.137225
v 0.179880 0.975893 0.137225
v 0.177462 0.973523 0.137899
v 0.179064 0.969971 0.136370
v 0.179064 0.975893 0.136370
v 0.180007 0.980283 0.135470
v 0.179167 0.981225 0.136271
v 0.180823 0.980283 0.136325
v 0.179984 0.981225 0.137126
v 0.182167 0.980283 0.137240
v 0.186192 0.980283 0.133398
v 0.181419 0.981225 0.137954
v 0.186940 0.981225 0.132684
v 0.183720 0.986342 0.135758
v 0.182565 0.987020 0.134661
v 0.184639 0.986342 0.134880
v 0.183597 0.987020 0.133676
v 0.186179 0.981225 0.131211
v 0.182781 0.987020 0.132821
v 0.181749 0.987020 0.133806
v 0.185363 0.981225 0.130356
v 0.184523 0.980283 0.131158
v 0.185466 0.975893 0.130257
v 0.185339 0.980283 0.132013
v 0.186283 0.975893 0.131112
v 0.187068 0.973523 0.128728
v 0.185466 0.969971 0.130257
v 0.179064 0.959938 0.136370
v 0.179064 0.942909 0.136370
v 0.179880 0.959938 0.137225
v 0.179880 0.942909 0.137225
v 0.179428 0.959939 0.137759
v 0.179428 0.942909 0.137759
v 0.179125 0.959941 0.138682
v 0.180938 0.959939 0.138498
v 0.180855 0.942912 0.138455
v 0.180816 0.959941 0.138891
v 0.180816 0.942912 0.138891
v 0.180912 0.959941 0.139393
v 0.181527 0.959941 0.140781
v 0.180912 0.942912 0.139393
v 0.179406 0.959941 0.139860
v 0.179979 0.959941 0.141192
v 0.179406 0.942912 0.139860
v 0.179125 0.942912 0.138682
v 0.179979 0.942912 0.141192
v 0.181527 0.942912 0.140781
v 0.180551 0.942912 0.142524
v 0.182227 0.942912 0.142503
v 0.179961 0.942912 0.143991
v 0.180551 0.959941 0.142524
v 0.179961 0.959941 0.143991
v 0.182227 0.959941 0.142503
v 0.181158 0.959941 0.145164
v 0.178523 0.959941 0.146287
v 0.181158 0.942912 0.145164
v 0.178523 0.942912 0.146287
v 0.176084 0.942912 0.145360
v 0.178506 0.942912 0.144610
v 0.177040 0.942912 0.144020
v 0.178506 0.959941 0.144610
v 0.177040 0.959941 0.144020
v 0.176084 0.959941 0.145360
v 0.176420 0.959941 0.142509
v 0.176420 0.942912 0.142509
v 0.174790 0.959941 0.142735
v 0.177008 0.959941 0.141101
v 0.177008 0.942912 0.141101
v 0.175667 0.959941 0.140147
v 0.175667 0.942912 0.140147
v 0.174790 0.942912 0.142735
v 0.181203 0.942912 0.138118
v 0.181159 0.932864 0.138159
v 0.187032 0.932864 0.132596
v 0.179900 0.929309 0.139405
v 0.179880 0.932864 0.137225
v 0.178278 0.929309 0.138754
v 0.179064 0.932864 0.136370
v 0.177462 0.929309 0.137899
v 0.179064 0.926935 0.136370
v 0.180007 0.922539 0.135470
v 0.179880 0.926935 0.137225
v 0.181327 0.926935 0.138042
v 0.180823 0.922539 0.136325
v 0.182167 0.922539 0.137240
v 0.179984 0.921596 0.137126
v 0.181419 0.921596 0.137954
v 0.182565 0.915801 0.134661
v 0.179167 0.921596 0.136271
v 0.181749 0.915801 0.133806
v 0.182781 0.915801 0.132821
v 0.185363 0.921596 0.130356
v 0.183597 0.915801 0.133676
v 0.184639 0.916480 0.134880
v 0.186179 0.921596 0.131211
v 0.186940 0.921596 0.132684
v 0.185340 0.922539 0.132013
v 0.186192 0.922539 0.133398
v 0.186283 0.926935 0.131112
v 0.184523 0.922539 0.131158
v 0.185466 0.926935 0.130257
v 0.187068 0.929309 0.128728
v 0.185466 0.932864 0.130257
v 0.187884 0.929309 0.129583
v 0.186283 0.932864 0.131112
v 0.188459 0.929309 0.131233
v 0.187032 0.926935 0.132596
v 0.185466 0.943053 0.130257
v 0.183720 0.916480 0.135758
v 0.164230 0.935569 0.139598
v 0.173259 0.935569 0.139598
v 0.164230 0.942215 0.139598
v 0.164230 0.935569 0.141180
v 0.173225 0.935569 0.141179
v 0.164230 0.942215 0.141180
v 0.164230 0.960666 0.141180
v 0.173225 0.942215 0.141179
v 0.173225 0.960666 0.141179
v 0.173904 0.942214 0.141253
v 0.173904 0.935569 0.141253
v 0.173904 0.960666 0.141253
v 0.174271 0.942212 0.141419
v 0.175234 0.942212 0.140100
v 0.174228 0.935568 0.141387
v 0.174271 0.960663 0.141419
v 0.174603 0.942206 0.141935
v 0.176017 0.942206 0.141196
v 0.174602 0.935564 0.141934
v 0.174851 0.942200 0.142853
v 0.176419 0.942200 0.142616
v 0.174851 0.935561 0.142853
v 0.175976 0.942200 0.145227
v 0.177072 0.942200 0.144056
v 0.175976 0.935561 0.145227
v 0.178606 0.942200 0.146215
v 0.178552 0.942200 0.144612
v 0.178606 0.935561 0.146215
v 0.181163 0.942200 0.145054
v 0.181163 0.935561 0.145054
v 0.182151 0.942200 0.142425
v 0.179992 0.942200 0.143958
v 0.179992 0.935561 0.143958
v 0.180548 0.942200 0.142478
v 0.180548 0.935561 0.142478
v 0.179894 0.942200 0.141039
v 0.179894 0.935561 0.141039
v 0.178414 0.942200 0.140483
v 0.180990 0.942200 0.139868
v 0.180990 0.935561 0.139868
v 0.178589 0.942200 0.138917
v 0.178589 0.935561 0.138917
v 0.178414 0.935561 0.140483
v 0.182151 0.935561 0.142425
v 0.178552 0.935561 0.144612
v 0.177072 0.935561 0.144056
v 0.176419 0.935561 0.142616
v 0.176017 0.935564 0.141196
v 0.175234 0.935568 0.140100
v 0.174437 0.935569 0.139736
v 0.174437 0.942214 0.139736
v 0.174437 0.960666 0.139736
v 0.174437 0.967305 0.139736
v 0.175234 0.960663 0.140100
v 0.175234 0.967304 0.140100
v 0.176017 0.960657 0.141196
v 0.176017 0.967300 0.141196
v 0.176419 0.960651 0.142616
v 0.174602 0.960657 0.141934
v 0.174603 0.967300 0.141935
v 0.174851 0.960651 0.142853
v 0.174851 0.967296 0.142853
v 0.175976 0.960651 0.145227
v 0.177072 0.960651 0.144056
v 0.175976 0.967296 0.145227
v 0.178606 0.960651 0.146215
v 0.178606 0.967296 0.146215
v 0.181163 0.960651 0.145054
v 0.178552 0.960651 0.144612
v 0.178552 0.967296 0.144612
v 0.179992 0.960651 0.143958
v 0.179992 0.967296 0.143958
v 0.180548 0.960651 0.142478
v 0.180548 0.967296 0.142478
v 0.179894 0.960651 0.141039
v 0.182107 0.960651 0.142426
v 0.182151 0.967296 0.142425
v 0.180899 0.960651 0.139964
v 0.180990 0.967296 0.139868
v 0.178547 0.960651 0.139028
v 0.178414 0.960651 0.140483
v 0.178589 0.967296 0.138917
v 0.178414 0.967296 0.140483
v 0.179894 0.967296 0.141039
v 0.181163 0.967296 0.145054
v 0.177072 0.967296 0.144056
v 0.176419 0.967296 0.142616
v 0.174229 0.967304 0.141387
v 0.173904 0.967305 0.141253
v 0.173225 0.967305 0.141179
v 0.164230 0.967305 0.141180
v 0.173259 0.967305 0.139598
v 0.164230 0.967305 0.139598
v 0.164230 0.960666 0.139598
v 0.179914 0.934052 0.142500
v 0.180548 0.934638 0.142478
v 0.179528 0.934052 0.143525
v 0.179461 0.934052 0.141502
v 0.178489 0.934052 0.142549
v 0.178531 0.934052 0.143978
v 0.177479 0.934052 0.141573
v 0.178440 0.934052 0.141119
v 0.177057 0.934052 0.142604
v 0.177506 0.934052 0.143593
v 0.177072 0.934638 0.144056
v 0.178552 0.934638 0.144612
v 0.176419 0.934638 0.142616
v 0.177072 0.968019 0.144056
v 0.177533 0.968604 0.143609
v 0.178552 0.968019 0.144612
v 0.176419 0.968019 0.142616
v 0.177060 0.968604 0.142632
v 0.177023 0.968019 0.141141
v 0.178414 0.968019 0.140483
v 0.177457 0.968604 0.141591
v 0.177023 0.934638 0.141141
v 0.178414 0.934638 0.140483
v 0.179894 0.934638 0.141039
v 0.179894 0.968019 0.141039
v 0.179437 0.968604 0.141471
v 0.180548 0.968019 0.142478
v 0.179992 0.968019 0.143958
v 0.179913 0.968604 0.142458
v 0.179553 0.968604 0.143492
v 0.178491 0.968604 0.142542
v 0.178567 0.968604 0.143969
v 0.178407 0.968604 0.141113
v 0.179992 0.934638 0.143958
v 0.186283 1.293771 0.131112
v 0.186283 1.276886 0.131112
v 0.186283 1.303804 0.131112
v 0.185466 1.293771 0.130257
v 0.187032 1.293771 0.132596
v 0.187032 1.276886 0.132596
v 0.181345 1.293771 0.138024
v 0.187032 1.303804 0.132596
v 0.181327 1.303804 0.138042
v 0.188459 1.307356 0.131233
v 0.187884 1.307356 0.129583
v 0.187032 1.309726 0.132596
v 0.179900 1.307356 0.139405
v 0.181327 1.309726 0.138042
v 0.178278 1.307356 0.138754
v 0.179880 1.303804 0.137225
v 0.179880 1.309726 0.137225
v 0.177462 1.307356 0.137899
v 0.179064 1.303804 0.136370
v 0.179064 1.309726 0.136370
v 0.180007 1.314116 0.135470
v 0.179167 1.315058 0.136271
v 0.180823 1.314116 0.136325
v 0.179984 1.315058 0.137126
v 0.182167 1.314116 0.137240
v 0.186192 1.314116 0.133398
v 0.181419 1.315058 0.137954
v 0.186940 1.315058 0.132684
v 0.183720 1.320175 0.135758
v 0.182565 1.320853 0.134661
v 0.184639 1.320175 0.134880
v 0.183597 1.320853 0.133676
v 0.186179 1.315058 0.131211
v 0.182781 1.320853 0.132821
v 0.181749 1.320853 0.133806
v 0.185363 1.315058 0.130356
v 0.184523 1.314116 0.131158
v 0.185466 1.309726 0.130257
v 0.185339 1.314116 0.132013
v 0.186283 1.309726 0.131112
v 0.187068 1.307356 0.128728
v 0.185466 1.303804 0.130257
v 0.179064 1.293771 0.136370
v 0.179064 1.276742 0.136370
v 0.179880 1.293771 0.137225
v 0.179880 1.276742 0.137225
v 0.179428 1.293772 0.137759
v 0.179428 1.276743 0.137759
v 0.179125 1.293774 0.138682
v 0.180938 1.293772 0.138498
v 0.180855 1.276745 0.138455
v 0.180816 1.293774 0.138891
v 0.180816 1.276745 0.138891
v 0.180912 1.293774 0.139393
v 0.181527 1.293774 0.140781
v 0.180912 1.276745 0.139393
v 0.179406 1.293774 0.139860
v 0.179979 1.293774 0.141192
v 0.179406 1.276745 0.139860
v 0.179125 1.276745 0.138682
v 0.179979 1.276745 0.141192
v 0.181527 1.276745 0.140781
v 0.180551 1.276745 0.142524
v 0.182227 1.276745 0.142503
v 0.179961 1.276745 0.143991
v 0.180551 1.293774 0.142524
v 0.179961 1.293774 0.143991
v 0.182227 1.293774 0.142503
v 0.181158 1.293774 0.145164
v 0.178523 1.293774 0.146287
v 0.181158 1.276745 0.145164
v 0.178523 1.276745 0.146287
v 0.176084 1.276745 0.145360
v 0.178506 1.276745 0.144610
v 0.177040 1.276745 0.144020
v 0.178506 1.293774 0.144610
v 0.177040 1.293774 0.144020
v 0.176084 1.293774 0.145360
v 0.176420 1.293774 0.142509
v 0.176420 1.276745 0.142509
v 0.174790 1.293774 0.142735
v 0.177008 1.293774 0.141101
v 0.177008 1.276745 0.141101
v 0.175667 1.293774 0.140147
v 0.175667 1.276745 0.140147
v 0.174790 1.276745 0.142735
v 0.181203 1.276745 0.138118
v 0.181159 1.266697 0.138159
v 0.187032 1.266697 0.132596
v 0.179900 1.263142 0.139405
v 0.179880 1.266697 0.137225
v 0.178278 1.263142 0.138754
v 0.179064 1.266697 0.136370
v 0.177462 1.263142 0.137899
v 0.179064 1.260768 0.136370
v 0.180007 1.256372 0.135470
v 0.179880 1.260768 0.137225
v 0.181327 1.260768 0.138042
v 0.180823 1.256372 0.136325
v 0.182167 1.256372 0.137240
v 0.179984 1.255429 0.137126
v 0.181419 1.255429 0.137954
v 0.182565 1.249634 0.134661
v 0.179167 1.255429 0.136271
v 0.181749 1.249634 0.133806
v 0.182781 1.249635 0.132821
v 0.185363 1.255429 0.130356
v 0.183597 1.249635 0.133676
v 0.184639 1.250313 0.134880
v 0.186179 1.255429 0.131211
v 0.186940 1.255429 0.132684
v 0.185340 1.256372 0.132013
v 0.186192 1.256372 0.133398
v 0.186283 1.260768 0.131112
v 0.184523 1.256372 0.131158
v 0.185466 1.260768 0.130257
v 0.187068 1.263142 0.128728
v 0.185466 1.266697 0.130257
v 0.187884 1.263142 0.129583
v 0.186283 1.266697 0.131112
v 0.188459 1.263142 0.131233
v 0.187032 1.260768 0.132596
v 0.185466 1.276886 0.130257
v 0.183720 1.250313 0.135758
v 0.164230 1.269403 0.139598
v 0.173259 1.269403 0.139598
v 0.164230 1.276048 0.139598
v 0.164230 1.269403 0.141180
v 0.173225 1.269403 0.141179
v 0.164230 1.276048 0.141180
v 0.164230 1.294499 0.141180
v 0.173225 1.276048 0.141179
v 0.173225 1.294499 0.141179
v 0.173904 1.276047 0.141253
v 0.173904 1.269402 0.141253
v 0.173904 1.294499 0.141253
v 0.174271 1.276045 0.141419
v 0.175234 1.276045 0.140100
v 0.174228 1.269401 0.141387
v 0.174271 1.294496 0.141419
v 0.174603 1.276039 0.141935
v 0.176017 1.276039 0.141196
v 0.174602 1.269397 0.141934
v 0.174851 1.276033 0.142853
v 0.176419 1.276033 0.142616
v 0.174851 1.269394 0.142853
v 0.175976 1.276033 0.145227
v 0.177072 1.276033 0.144056
v 0.175976 1.269394 0.145227
v 0.178606 1.276033 0.146215
v 0.178552 1.276033 0.144612
v 0.178606 1.269394 0.146215
v 0.181163 1.276033 0.145054
v 0.181163 1.269394 0.145054
v 0.182151 1.276033 0.142425
v 0.179992 1.276033 0.143958
v 0.179992 1.269394 0.143958
v 0.180548 1.276033 0.142478
v 0.180548 1.269394 0.142478
v 0.179894 1.276033 0.141039
v 0.179894 1.269394 0.141039
v 0.178414 1.276033 0.140483
v 0.180990 1.276033 0.139868
v 0.180990 1.269394 0.139868
v 0.178589 1.276033 0.138917
v 0.178589 1.269394 0.138917
v 0.178414 1.269394 0.140483
v 0.182151 1.269394 0.142425
v 0.178552 1.269394 0.144612
v 0.177072 1.269394 0.144056
v 0.176419 1.269394 0.142616
v 0.176017 1.269397 0.141196
v 0.175234 1.269401 0.140100
v 0.174437 1.269402 0.139736
v 0.174437 1.276047 0.139736
v 0.174437 1.294499 0.139736
v 0.174437 1.301138 0.139736
v 0.175234 1.294496 0.140100
v 0.175234 1.301137 0.140100
v 0.176017 1.294490 0.141196
v 0.176017 1.301133 0.141196
v 0.176419 1.294484 0.142616
v 0.174602 1.294490 0.141934
v 0.174603 1.301133 0.141935
v 0.174851 1.294484 0.142853
v 0.174851 1.301129 0.142853
v 0.175976 1.294484 0.145227
v 0.177072 1.294484 0.144056
v 0.175976 1.301129 0.145227
v 0.178606 1.294484 0.146215
v 0.178606 1.301129 0.146215
v 0.181163 1.294484 0.145054
v 0.178552 1.294484 0.144612
v 0.178552 1.301129 0.144612
v 0.179992 1.294484 0.143958
v 0.179992 1.301129 0.143958
v 0.180548 1.294484 0.142478
v 0.180548 1.301129 0.142478
v 0.179894 1.294484 0.141039
v 0.182107 1.294484 0.142426
v 0.182151 1.301129 0.142425
v 0.180899 1.294484 0.139964
v 0.180990 1.301129 0.139868
v 0.178547 1.294484 0.139028
v 0.178414 1.294484 0.140483
v 0.178589 1.301129 0.138917
v 0.178414 1.301129 0.140483
v 0.179894 1.301129 0.141039
v 0.181163 1.301129 0.145054
v 0.177072 1.301129 0.144056
v 0.176419 1.301129 0.142616
v 0.174229 1.301137 0.141387
v 0.173904 1.301138 0.141253
v 0.173225 1.301138 0.141179
v 0.164230 1.301138 0.141180
v 0.173259 1.301138 0.139598
v 0.164230 1.301138 0.139598
v 0.164230 1.294499 0.139598
v 0.179914 1.267885 0.142500
v 0.180548 1.268471 0.142478
v 0.179528 1.267885 0.143525
v 0.179461 1.267885 0.141502
v 0.178489 1.267885 0.142549
v 0.178531 1.267885 0.143978
v 0.177479 1.267885 0.141573
v 0.178440 1.267885 0.141119
v 0.177057 1.267885 0.142604
v 0.177506 1.267885 0.143593
v 0.177072 1.268471 0.144056
v 0.178552 1.268471 0.144612
v 0.176419 1.268471 0.142616
v 0.177072 1.301852 0.144056
v 0.177533 1.302438 0.143609
v 0.178552 1.301852 0.144612
v 0.176419 1.301852 0.142616
v 0.177060 1.302438 0.142632
v 0.177023 1.301852 0.141141
v 0.178414 1.301852 0.140483
v 0.177457 1.302438 0.141591
v 0.177023 1.268471 0.141141
v 0.178414 1.268471 0.140483
v 0.179894 1.268471 0.141039
v 0.179894 1.301852 0.141039
v 0.179437 1.302438 0.141471
v 0.180548 1.301852 0.142478
v 0.179992 1.301852 0.143958
v 0.179913 1.302438 0.142458
v 0.179553 1.302438 0.143492
v 0.178491 1.302438 0.142542
v 0.178567 1.302438 0.143969
v 0.178407 1.302438 0.141113
v 0.179992 1.268471 0.143958
v -0.172521 1.602038 -0.156850
v -0.181550 1.602038 -0.156850
v -0.172521 1.612713 -0.156850
v -0.172521 1.602038 -0.158432
v -0.181516 1.602038 -0.158431
v -0.172521 1.612713 -0.158432
v -0.172521 1.642350 -0.158432
v -0.181516 1.612713 -0.158431
v -0.181516 1.642350 -0.158431
v -0.182195 1.612711 -0.158504
v -0.182195 1.602037 -0.158504
v -0.182195 1.642349 -0.158504
v -0.182562 1.612708 -0.158670
v -0.183525 1.612708 -0.157351
v -0.182519 1.602035 -0.158638
v -0.182561 1.642345 -0.158670
v -0.182893 1.612698 -0.159186
v -0.184308 1.612698 -0.158448
v -0.182893 1.602030 -0.159186
v -0.183142 1.612688 -0.160104
v -0.184709 1.612688 -0.159868
v -0.183142 1.602024 -0.160104
v -0.184267 1.612688 -0.162479
v -0.185363 1.612688 -0.161307
v -0.184267 1.602024 -0.162479
v -0.186896 1.612688 -0.163466
v -0.186843 1.612688 -0.161863
v -0.186896 1.602024 -0.163466
v -0.189454 1.612688 -0.162306
v -0.189454 1.602024 -0.162306
v -0.190441 1.612688 -0.159676
v -0.188282 1.612688 -0.161210
v -0.188282 1.602024 -0.161210
v -0.188838 1.612688 -0.159730
v -0.188838 1.602024 -0.159730
v -0.188185 1.612688 -0.158290
v -0.188185 1.602024 -0.158290
v -0.189281 1.612688 -0.157119
v -0.189281 1.602024 -0.157119
v -0.190441 1.602024 -0.159676
v -0.186843 1.602024 -0.161863
v -0.185363 1.602024 -0.161307
v -0.184709 1.602024 -0.159868
v -0.184308 1.602030 -0.158448
v -0.183525 1.602035 -0.157351
v -0.182728 1.602037 -0.156988
v -0.182728 1.612711 -0.156988
v -0.182728 1.642349 -0.156988
v -0.182728 1.653014 -0.156988
v -0.183525 1.642345 -0.157351
v -0.183525 1.653012 -0.157351
v -0.184308 1.642335 -0.158448
v -0.184308 1.653005 -0.158448
v -0.184709 1.642325 -0.159868
v -0.182893 1.642335 -0.159185
v -0.182893 1.653005 -0.159186
v -0.183142 1.642325 -0.160104
v -0.183142 1.653000 -0.160104
v -0.184267 1.642325 -0.162479
v -0.185363 1.642325 -0.161307
v -0.184267 1.653000 -0.162479
v -0.186896 1.642325 -0.163466
v -0.186896 1.653000 -0.163466
v -0.189454 1.642325 -0.162306
v -0.186843 1.642325 -0.161863
v -0.186843 1.653000 -0.161863
v -0.188282 1.642325 -0.161210
v -0.188282 1.653000 -0.161210
v -0.188838 1.642325 -0.159730
v -0.188838 1.653000 -0.159730
v -0.188185 1.642325 -0.158290
v -0.190398 1.642325 -0.159678
v -0.190441 1.653000 -0.159676
v -0.189190 1.642325 -0.157216
v -0.189281 1.653000 -0.157119
v -0.188185 1.653000 -0.158290
v -0.189454 1.653000 -0.162306
v -0.185363 1.653000 -0.161307
v -0.184709 1.653000 -0.159868
v -0.182520 1.653012 -0.158639
v -0.182195 1.653014 -0.158504
v -0.181516 1.653014 -0.158431
v -0.172521 1.653014 -0.158432
v -0.181550 1.653014 -0.156850
v -0.172521 1.653014 -0.156850
v -0.172521 1.642350 -0.156850
v -0.188204 1.599601 -0.159751
v -0.188838 1.600102 -0.159730
v -0.187819 1.599601 -0.160776
v -0.187752 1.599601 -0.158754
v -0.186780 1.599601 -0.159801
v -0.185796 1.599601 -0.160844
v -0.185348 1.599601 -0.159856
v -0.186731 1.599601 -0.158370
v -0.185770 1.599601 -0.158825
v -0.186822 1.599601 -0.161229
v -0.186843 1.600102 -0.161863
v -0.188282 1.600102 -0.161210
v -0.185363 1.600102 -0.161307
v -0.186843 1.654600 -0.161863
v -0.186858 1.655101 -0.161220
v -0.188282 1.654600 -0.161210
v -0.185363 1.654600 -0.161307
v -0.185824 1.655101 -0.160860
v -0.184709 1.654600 -0.159868
v -0.185351 1.655101 -0.159884
v -0.185314 1.654600 -0.158392
v -0.184709 1.600102 -0.159868
v -0.185314 1.600102 -0.158392
v -0.186705 1.600102 -0.157734
v -0.188185 1.600102 -0.158290
v -0.186705 1.654600 -0.157734
v -0.188185 1.654600 -0.158290
v -0.186698 1.655101 -0.158365
v -0.187727 1.655101 -0.158723
v -0.185748 1.655101 -0.158842
v -0.186782 1.655101 -0.159793
v -0.188204 1.655101 -0.159709
v -0.187844 1.655101 -0.160744
v -0.188838 1.654600 -0.159730
v -0.201031 1.641255 -0.156850
v -0.201031 1.613799 -0.156850
v -0.201031 1.641255 -0.158432
v -0.201031 1.652915 -0.156850
v -0.192001 1.652915 -0.156850
v -0.201031 1.652915 -0.158432
v -0.192036 1.652915 -0.158431
v -0.192036 1.641255 -0.158431
v -0.191357 1.652918 -0.158504
v -0.191357 1.641257 -0.158504
v -0.190823 1.652918 -0.156988
v -0.191033 1.652928 -0.158638
v -0.190027 1.652928 -0.157351
v -0.191033 1.641262 -0.158638
v -0.190027 1.641262 -0.157351
v -0.190659 1.641276 -0.159186
v -0.190990 1.613811 -0.158670
v -0.190027 1.613811 -0.157351
v -0.191357 1.613802 -0.158504
v -0.190658 1.613837 -0.159186
v -0.190990 1.602457 -0.158670
v -0.190027 1.602457 -0.157351
v -0.191357 1.602440 -0.158504
v -0.192036 1.602434 -0.158431
v -0.190823 1.602440 -0.156988
v -0.192036 1.602434 -0.156849
v -0.190823 1.613802 -0.156988
v -0.190823 1.641257 -0.156988
v -0.192036 1.613799 -0.156849
v -0.192001 1.641255 -0.156850
v -0.201031 1.602434 -0.156850
v -0.201031 1.602434 -0.158432
v -0.201031 1.613799 -0.158432
v -0.192036 1.613799 -0.158431
v -0.189244 1.613837 -0.158448
v -0.190410 1.613862 -0.160104
v -0.188842 1.613862 -0.159868
v -0.190410 1.641290 -0.160104
v -0.189284 1.613862 -0.162479
v -0.188189 1.613862 -0.161307
v -0.189284 1.641290 -0.162479
v -0.186655 1.613862 -0.163466
v -0.186709 1.613862 -0.161863
v -0.186655 1.641290 -0.163466
v -0.184098 1.613862 -0.162306
v -0.184098 1.641290 -0.162306
v -0.183110 1.613862 -0.159676
v -0.185269 1.613862 -0.161210
v -0.185269 1.641290 -0.161210
v -0.184713 1.613862 -0.159730
v -0.184713 1.641290 -0.159730
v -0.185367 1.613862 -0.158290
v -0.185367 1.641290 -0.158290
v -0.184271 1.613862 -0.157119
v -0.184271 1.641290 -0.157119
v -0.183110 1.641290 -0.159676
v -0.186709 1.641290 -0.161863
v -0.188189 1.641290 -0.161307
v -0.188842 1.641290 -0.159868
v -0.189244 1.641276 -0.158448
vn -0.0000 -0.0000 1.0000
vn 0.9659 -0.2588 -0.0000
vn 0.7071 -0.7071 -0.0000
vn 0.2588 -0.9659 -0.0000
vn -0.2588 -0.9659 -0.0000
vn -0.7071 -0.7071 -0.0000
vn -0.9659 -0.2588 -0.0000
vn -0.9659 0.2588 -0.0000
vn -0.7071 0.7071 -0.0000
vn -0.2588 0.9659 -0.0000
vn 0.2588 0.9659 -0.0000
vn 0.7071 0.7071 -0.0000
vn 0.9659 0.2588 -0.0000
vn -0.0000 -0.0000 -1.0000
vn 0.8521 0.5234 0.0001
vn 0.8303 -0.5573 0.0096
vn 0.8292 -0.5590 -0.0000
vn 0.0445 0.9990 0.0004
vn 0.0448 0.9990 -0.0000
vn 0.7703 0.5821 0.2603
vn 0.6751 -0.6854 0.2729
vn 0.0334 0.9994 0.0134
vn -0.0302 -0.9995 -0.0121
vn -0.0442 -0.9990 -0.0004
vn 0.3383 -0.9410 0.0033
vn 0.3606 -0.9214 0.1447
vn 0.4852 -0.8744 0.0047
vn 0.3416 -0.9398 -0.0000
vn -0.3416 -0.9398 -0.0000
vn -0.4852 -0.8744 0.0047
vn -0.3383 -0.9410 0.0033
vn 0.0442 -0.9990 -0.0004
vn -0.8292 -0.5590 -0.0000
vn 0.0446 -0.9990 -0.0000
vn -0.5458 -0.8368 0.0434
vn 0.0302 -0.9995 -0.0121
vn -0.6751 -0.6854 0.2729
vn -0.3579 -0.9243 0.1326
vn -0.8600 0.5102 0.0095
vn -0.8521 0.5233 -0.0000
vn -0.0334 0.9994 0.0135
vn -0.0446 0.9990 0.0004
vn -0.6772 0.6918 0.2505
vn -0.0240 0.9994 0.0234
vn -0.4878 -0.6984 0.5237
vn -0.3200 0.5740 0.7538
vn -0.0140 0.9994 0.0329
vn -0.2834 -0.6882 0.6679
vn 0.0212 -0.9996 -0.0206
vn -0.0981 -0.9682 0.2301
vn -0.2554 -0.9346 0.2477
vn -0.1467 -0.9277 0.3433
vn -0.2422 -0.9653 0.0974
vn -0.4168 -0.8144 0.4038
vn -0.2362 -0.7994 0.5524
vn -0.5746 -0.7853 0.2306
vn -0.5726 -0.6036 0.5549
vn -0.3194 -0.5830 0.7470
vn -0.7659 -0.5646 0.3075
vn -0.6445 -0.4410 0.6246
vn -0.3565 -0.4216 0.8338
vn -0.8483 -0.4055 0.3406
vn -0.0000 1.0000 -0.0000
vn -0.3933 -0.0026 0.9194
vn -0.7184 -0.0036 0.6956
vn -0.3934 -0.0025 0.9194
vn -0.9281 -0.0028 0.3723
vn -0.9282 -0.0029 0.3721
vn -0.9999 -0.0009 0.0101
vn -0.9999 -0.0001 0.0100
vn -1.0000 -0.0000 -0.0000
vn -0.8883 -0.4592 -0.0000
vn -0.9479 -0.3184 0.0099
vn -0.8865 -0.4626 0.0084
vn 0.9479 -0.3184 0.0099
vn 0.8883 -0.4592 -0.0000
vn 0.8865 -0.4626 0.0084
vn 0.8483 -0.4055 0.3406
vn 0.7356 -0.6757 0.0482
vn 0.7625 -0.5716 0.3032
vn 0.7218 -0.6921 -0.0000
vn 0.5687 -0.7896 0.2307
vn 0.4890 -0.8723 -0.0000
vn -0.4890 -0.8723 -0.0000
vn -0.7183 -0.6957 0.0069
vn -0.7218 -0.6921 -0.0000
vn 0.4168 -0.8144 0.4038
vn 0.5726 -0.6036 0.5548
vn 0.1467 -0.9277 0.3433
vn 0.2362 -0.7994 0.5524
vn 0.3194 -0.5830 0.7470
vn 0.6445 -0.4410 0.6246
vn 0.3565 -0.4216 0.8338
vn 0.3933 -0.0026 0.9194
vn 0.7184 -0.0036 0.6956
vn 0.7183 -0.0036 0.6958
vn 0.9281 -0.0028 0.3723
vn 0.9282 -0.0029 0.3721
vn 0.9999 -0.0001 0.0101
vn -0.0000 -1.0000 -0.0000
vn 1.0000 -0.0000 -0.0000
vn 0.9999 -0.0010 0.0100
vn 0.0070 -0.0008 1.0000
vn 0.3934 -0.0025 0.9194
vn -0.0067 -0.0001 1.0000
vn -0.0074 -0.0007 1.0000
vn 0.0069 -0.0000 1.0000
vn 0.0053 -0.4954 0.8687
vn 0.0069 -0.3443 0.9388
vn -0.0866 -0.4490 0.8893
vn 0.0044 -0.7269 0.6868
vn -0.0678 -0.7024 0.7086
vn -0.0070 -0.3443 0.9388
vn -0.0406 -0.8824 0.4687
vn 0.0030 -0.8917 0.4526
vn -0.0021 -0.9498 0.3128
vn 0.0022 -0.9498 0.3127
vn -0.0127 -0.9995 -0.0298
vn 0.0073 -0.5595 0.8288
vn -0.0003 -0.9990 -0.0445
vn -0.0073 -0.5596 0.8288
vn 0.0003 -0.9990 -0.0445
vn 0.2847 -0.6893 0.6662
vn 0.0086 0.5072 0.8618
vn -0.0085 0.5072 0.8618
vn 0.0127 -0.9995 -0.0298
vn -0.0003 0.9990 0.0445
vn 0.0003 0.9990 0.0445
vn -0.0059 -0.0411 0.9991
vn -0.3908 -0.0570 0.9187
vn -0.0063 -0.0413 0.9991
vn 0.0059 -0.0413 0.9991
vn 0.0140 0.9994 0.0329
vn 0.3908 -0.0570 0.9187
vn 0.0064 -0.0412 0.9991
vn -0.0039 -0.7835 0.6214
vn 0.0070 -0.3615 0.9323
vn -0.0044 -0.3591 0.9333
vn 0.2136 -0.8386 0.5012
vn 0.3530 -0.4324 0.8297
vn 0.3848 -0.8437 0.3742
vn 0.6433 -0.4407 0.6261
vn 0.7155 -0.0596 0.6961
vn 0.3912 -0.0566 0.9186
vn 0.8544 -0.3896 0.3439
vn 0.9264 -0.0505 0.3733
vn 0.9262 -0.0501 0.3736
vn 0.0240 0.9994 0.0234
vn 0.6837 0.6883 0.2425
vn 0.2609 0.6856 0.6797
vn 0.5349 -0.6992 0.4743
vn -0.0212 -0.9996 -0.0206
vn 0.2422 -0.9653 0.0974
vn 0.2440 -0.9370 0.2501
vn 0.0981 -0.9682 0.2301
vn 0.9994 -0.0320 0.0093
vn 0.9995 -0.0319 0.0091
vn 0.5498 -0.8054 0.2215
vn 0.9600 -0.2798 0.0081
vn 0.9600 -0.2800 -0.0000
vn 0.7239 -0.6899 0.0066
vn 0.7283 -0.6853 -0.0000
vn 0.9995 -0.0315 -0.0000
vn -0.9600 -0.2800 -0.0000
vn -0.7239 -0.6899 0.0066
vn -0.9600 -0.2798 0.0082
vn -0.9995 -0.0315 -0.0000
vn -0.9995 -0.0319 0.0091
vn -0.9994 -0.0320 0.0093
vn -0.5498 -0.8054 0.2215
vn -0.8544 -0.3896 0.3439
vn -0.9262 -0.0501 0.3736
vn -0.3848 -0.8437 0.3742
vn -0.6433 -0.4407 0.6261
vn -0.7156 -0.0596 0.6960
vn -0.9264 -0.0505 0.3733
vn -0.3530 -0.4324 0.8297
vn -0.3912 -0.0566 0.9186
vn -0.2136 -0.8386 0.5012
vn -0.3914 -0.0035 0.9202
vn -0.7164 -0.0048 0.6977
vn -0.0057 -0.0001 1.0000
vn -0.9274 -0.0036 0.3740
vn -1.0000 -0.0012 0.0089
vn 1.0000 -0.0001 0.0089
vn 0.3914 -0.0035 0.9202
vn 0.7163 -0.0048 0.6978
vn 0.9274 -0.0036 0.3740
vn 0.0061 -0.0011 1.0000
vn 0.7071 -0.0000 0.7071
vn 0.8419 0.5396 -0.0000
vn 0.9384 0.3455 -0.0000
vn 0.8420 0.5394 -0.0000
vn 0.9700 0.2431 -0.0000
vn -0.0047 1.0000 -0.0000
vn 0.0037 -1.0000 -0.0000
vn -0.9668 -0.2555 -0.0000
vn -0.9393 -0.3431 -0.0000
vn -0.8407 -0.5416 -0.0000
vn -0.7055 -0.7087 -0.0000
vn -0.5558 -0.8313 -0.0000
vn 0.5557 0.8314 -0.0000
vn 0.3642 0.9313 -0.0000
vn -0.5557 0.8314 -0.0000
vn -0.3642 0.9313 -0.0000
vn -0.1623 0.9867 -0.0000
vn 0.3640 -0.9314 -0.0000
vn 0.1614 -0.9869 -0.0000
vn 0.1615 -0.9869 -0.0000
vn 0.5558 -0.8313 -0.0000
vn -0.1615 -0.9869 -0.0000
vn -0.1614 -0.9869 -0.0000
vn -0.3636 -0.9315 -0.0000
vn -0.3635 -0.9316 -0.0000
vn 0.1623 0.9867 -0.0000
vn -0.5447 -0.8386 -0.0000
vn -0.3647 -0.9311 -0.0000
vn -0.7212 -0.6927 -0.0000
vn -0.8679 -0.4967 -0.0000
vn -0.8407 -0.5415 -0.0000
vn -0.1786 -0.9839 -0.0000
vn 0.1786 -0.9839 -0.0000
vn 0.1611 -0.9869 -0.0000
vn 0.3636 -0.9315 -0.0000
vn 0.3647 -0.9311 -0.0000
vn 0.5446 -0.8387 -0.0000
vn 0.7212 -0.6927 -0.0000
vn 0.5447 -0.8386 -0.0000
vn 0.7055 -0.7087 -0.0000
vn 0.8406 -0.5417 -0.0000
vn -0.8421 0.5394 -0.0000
vn -0.7071 -0.0000 0.7071
vn -0.2692 -0.0000 -0.9631
vn -0.4700 -0.8692 -0.1536
vn -0.4614 -0.8400 -0.2853
vn -0.4613 -0.8399 -0.2860
vn -0.4701 0.8692 -0.1534
vn -0.4615 0.8401 -0.2851
vn -0.4702 0.8691 -0.1534
vn -0.4412 0.6346 -0.6346
vn -0.4613 0.8400 -0.2858
vn -0.4614 0.2851 -0.8401
vn -0.4701 0.1534 -0.8692
vn -0.4613 0.2858 -0.8400
vn -0.2692 0.9631 -0.0000
vn -0.2693 0.9631 -0.0000
vn -0.4700 0.1534 0.8692
vn -0.4614 0.2851 0.8401
vn -0.4701 0.1534 0.8692
vn -1.0000 0.0003 -0.0000
vn 1.0000 0.0003 -0.0000
vn -0.0037 -1.0000 -0.0000
vn -0.0001 -1.0000 -0.0002
vn -0.0026 -1.0000 -0.0000
vn -0.0027 -1.0000 -0.0000
vn 0.9080 -0.4190 -0.0000
vn 0.8679 -0.4967 -0.0000
vn 0.9392 -0.3433 -0.0000
vn 0.8407 -0.5416 -0.0000
vn 0.9667 -0.2559 -0.0000
vn 0.8407 -0.5415 -0.0000
vn -0.0043 -1.0000 -0.0000
vn 0.8678 -0.4970 -0.0000
vn 0.9393 -0.3430 -0.0000
vn 0.9668 -0.2555 -0.0000
vn -0.9384 0.3455 -0.0000
vn -0.8420 0.5394 -0.0000
vn -0.9700 0.2431 -0.0000
vn 0.0047 1.0000 -0.0000
vn 0.0026 -1.0000 -0.0000
vn 0.0001 -1.0000 -0.0002
vn 0.0027 -1.0000 -0.0000
vn -0.9080 -0.4190 -0.0000
vn -0.9392 -0.3433 -0.0000
vn -0.9667 -0.2559 -0.0000
vn 0.0043 -1.0000 -0.0000
vn 0.2693 0.9630 -0.0000
vn 0.2692 0.9631 -0.0000
vn 0.4700 0.1534 0.8692
vn 0.4614 0.2851 0.8401
vn 0.4613 0.2858 0.8400
vn 0.4614 0.2851 -0.8401
vn 0.4701 0.1534 -0.8692
vn 0.4613 0.2858 -0.8400
vn 0.4412 0.6346 -0.6346
vn 0.4614 0.8401 -0.2851
vn 0.4613 0.8400 -0.2858
vn 0.4701 0.8692 -0.1534
vn 0.2692 -0.0000 -0.9631
vn 0.4614 -0.8401 -0.2853
vn 0.4700 -0.8692 -0.1536
vn 0.4612 -0.8399 -0.2860
vn 0.4412 -0.6345 -0.6346
vn 0.4615 -0.2851 -0.8401
vn 0.4613 -0.2858 -0.8399
vn 0.4701 -0.1534 -0.8692
vn 0.2691 -0.9631 -0.0002
vn 0.2694 -0.9630 -0.0002
vn 0.4615 -0.2851 0.8401
vn 0.4700 -0.1534 0.8692
vn 0.4613 -0.2858 0.8399
vn 0.4411 -0.6346 0.6345
vn 0.4615 -0.8401 0.2850
vn 0.4613 -0.8400 0.2856
vn 0.4702 -0.8692 0.1532
vn 0.2692 -0.0000 0.9631
vn 0.9999 -0.0000 0.0160
vn 0.5718 -0.0000 0.8204
vn 0.5715 -0.0000 0.8206
vn 0.7918 -0.6015 0.1065
vn 1.0000 -0.0081 0.0031
vn 0.7660 -0.6026 0.2240
vn 1.0000 0.0081 0.0031
vn 0.7917 0.6015 0.1067
vn 0.7659 0.6026 0.2241
vn 0.4614 0.8401 0.2851
vn 0.4700 0.8692 0.1534
vn 0.4613 0.8400 0.2858
vn 0.6983 0.5457 0.4633
vn 0.4412 0.6346 0.6346
vn 1.0000 0.0030 0.0081
vn 0.7659 0.2241 0.6026
vn 0.7917 0.1067 0.6015
vn 0.0757 0.7051 0.7051
vn 0.0795 0.3471 0.9345
vn 0.0821 0.1740 0.9813
vn 0.5885 0.8085 -0.0000
vn 0.0432 0.9991 -0.0000
vn 0.5581 0.8298 -0.0000
vn 0.9999 0.0160 -0.0000
vn 0.7643 0.2115 -0.6092
vn 0.0821 0.1740 -0.9813
vn 0.0796 0.3471 -0.9345
vn 1.0000 0.0029 -0.0082
vn 0.7917 0.1067 -0.6015
vn 0.0757 0.7051 -0.7051
vn 0.7283 0.4916 -0.4773
vn 0.7661 0.5965 -0.2393
vn 0.0795 0.9345 -0.3471
vn 1.0000 0.0081 -0.0029
vn 0.0821 0.9813 -0.1740
vn 0.7918 0.6014 -0.1066
vn 0.0432 -0.0000 -0.9991
vn 0.5715 -0.0000 -0.8206
vn 0.5718 -0.0000 -0.8204
vn 0.9999 -0.0000 -0.0160
vn 0.7643 -0.6091 -0.2115
vn 0.0821 -0.9813 -0.1742
vn 0.0796 -0.9344 -0.3472
vn 1.0000 -0.0081 -0.0029
vn 0.7918 -0.6014 -0.1068
vn 0.0758 -0.7050 -0.7052
vn 0.7284 -0.4772 -0.4917
vn 0.7661 -0.2393 -0.5965
vn 0.0795 -0.3470 -0.9345
vn 1.0000 -0.0030 -0.0081
vn 0.0821 -0.1740 -0.9813
vn 0.7918 -0.1067 -0.6015
vn 0.0432 -0.9991 -0.0002
vn 0.5885 -0.8085 -0.0002
vn 0.5582 -0.8297 -0.0002
vn 0.9999 -0.0160 -0.0000
vn 0.7643 -0.2114 0.6092
vn 0.0821 -0.1740 0.9813
vn 0.0796 -0.3471 0.9345
vn 1.0000 -0.0028 0.0082
vn 0.7918 -0.1067 0.6014
vn 0.0757 -0.7052 0.7050
vn 0.7283 -0.4917 0.4773
vn 0.0796 -0.9345 0.3469
vn 0.0820 -0.9814 0.1738
vn 0.8675 -0.4651 0.1764
vn 0.4143 -0.6436 0.6435
vn 0.4388 -0.8386 0.3228
vn 0.4614 -0.8736 0.1551
vn 0.6868 -0.0000 0.7268
vn 0.2638 -0.0000 0.9646
vn 0.2637 -0.0000 0.9646
vn 0.0432 -0.0000 0.9991
vn 0.8674 0.4652 0.1765
vn 0.4632 0.8726 0.1551
vn 0.4387 0.8386 0.3229
vn 0.0820 0.9813 0.1740
vn 0.0796 0.9345 0.3471
vn 0.4527 0.5906 0.6680
vn 0.8675 0.1765 0.4651
vn 0.4388 0.3229 0.8386
vn -0.0000 0.3611 0.9325
vn -0.0000 0.7071 0.7071
vn 0.4613 0.6658 -0.5865
vn -0.0000 0.9325 -0.3611
vn 0.4387 0.8386 -0.3229
vn 0.4786 0.3512 -0.8047
vn -0.0000 0.7071 -0.7071
vn 0.4613 -0.5865 -0.6658
vn -0.0000 -0.3611 -0.9325
vn 0.4388 -0.3229 -0.8386
vn 0.4786 -0.8047 -0.3514
vn -0.0000 -0.7070 -0.7072
vn 0.8675 -0.1765 -0.4651
vn 0.8675 -0.4651 -0.1766
vn 0.4632 -0.8726 -0.1552
vn -0.0000 -0.9325 -0.3613
vn 0.2638 -0.0000 -0.9646
vn 0.6869 -0.0000 -0.7268
vn 0.2637 -0.0000 -0.9646
vn -0.0000 0.9845 -0.1751
vn 0.4614 0.8735 -0.1552
vn 0.8675 0.4651 -0.1765
vn 0.4614 -0.1552 -0.8735
vn -0.0000 -0.1751 -0.9845
vn 0.6868 -0.7269 -0.0002
vn 0.2655 -0.9641 -0.0002
vn 0.6868 -0.7268 -0.0002
vn 0.2653 -0.9642 -0.0002
vn 0.9946 -0.1041 -0.0000
vn 0.8675 -0.1765 0.4651
vn 0.4632 -0.1551 0.8726
vn 0.4388 -0.3229 0.8386
vn -0.0000 -0.3611 0.9325
vn -0.0000 -0.1751 0.9845
vn 0.9934 -0.1144 -0.0000
vn -0.0000 -0.7072 0.7070
vn -0.0000 -0.9326 0.3610
vn 0.8675 0.1765 -0.4651
vn 0.4632 0.1551 -0.8726
vn -0.0000 0.3611 -0.9325
vn 0.2655 0.9641 -0.0000
vn 0.6869 0.7267 -0.0000
vn 0.6868 0.7268 -0.0000
vn 0.2653 0.9642 -0.0000
vn 0.4614 0.1552 0.8735
vn -0.0000 0.1751 0.9845
vn -0.0000 -0.9846 0.1749
vn -0.0000 0.9325 0.3611
vn -0.2692 -0.0000 0.9631
vn -0.4700 0.8692 0.1534
vn -0.4614 0.8401 0.2851
vn -0.4613 0.8400 0.2858
vn -0.4702 -0.8692 0.1532
vn -0.4614 -0.8402 0.2850
vn -0.4703 -0.8691 0.1532
vn -0.4411 -0.6347 0.6345
vn -0.4613 -0.8400 0.2857
vn -0.4615 -0.2851 0.8401
vn -0.4700 -0.1534 0.8692
vn -0.4613 -0.2858 0.8399
vn -0.2693 -0.9630 -0.0002
vn -0.2694 -0.9630 -0.0002
vn -0.9999 -0.0160 -0.0000
vn -0.5884 -0.8086 -0.0002
vn -0.5581 -0.8298 -0.0002
vn -0.7918 -0.1067 0.6014
vn -1.0000 -0.0028 0.0082
vn -0.7660 -0.2241 0.6026
vn -0.7918 -0.1067 -0.6015
vn -1.0000 -0.0030 -0.0081
vn -1.0000 -0.0015 -0.0083
vn -0.4701 -0.1534 -0.8692
vn -0.4615 -0.2851 -0.8401
vn -0.6983 -0.4632 -0.5458
vn -0.7313 -0.3294 -0.5972
vn -0.4412 -0.6345 -0.6346
vn -0.4613 -0.2858 -0.8399
vn -1.0000 -0.0081 -0.0030
vn -1.0000 -0.0064 -0.0065
vn -0.7918 -0.6014 -0.1068
vn -0.6642 -0.7272 -0.1733
vn -0.0821 -0.9813 -0.1742
vn -0.0796 -0.9344 -0.3472
vn -0.0758 -0.7050 -0.7051
vn -0.5715 -0.0000 -0.8206
vn -0.0432 -0.0000 -0.9991
vn -0.5718 -0.0000 -0.8204
vn -0.9999 -0.0000 -0.0161
vn -0.9999 -0.0000 -0.0160
vn -0.0821 0.9813 -0.1740
vn -0.7659 0.6026 -0.2241
vn -0.7917 0.6015 -0.1067
vn -1.0000 0.0082 -0.0028
vn -1.0000 0.0083 -0.0015
vn -0.0757 0.7051 -0.7051
vn -0.0796 0.9345 -0.3471
vn -0.7283 0.4773 -0.4916
vn -0.7659 0.2241 -0.6026
vn -1.0000 0.0030 -0.0081
vn -1.0000 0.0064 -0.0065
vn -0.0821 0.1740 -0.9813
vn -0.0795 0.3471 -0.9345
vn -0.7917 0.1067 -0.6015
vn -0.5885 0.8085 -0.0000
vn -0.0432 0.9991 -0.0000
vn -0.0431 0.9991 -0.0000
vn -0.9999 0.0160 -0.0000
vn -0.0821 0.1740 0.9813
vn -0.7659 0.2241 0.6026
vn -0.7917 0.1067 0.6015
vn -1.0000 0.0032 0.0081
vn -1.0000 0.0015 0.0083
vn -0.0757 0.7051 0.7051
vn -0.0796 0.3471 0.9345
vn -0.7283 0.4916 0.4773
vn -0.7660 0.6026 0.2241
vn -1.0000 0.0081 0.0029
vn -1.0000 0.0065 0.0065
vn -0.0821 0.9813 0.1740
vn -0.0796 0.9345 0.3471
vn -0.7918 0.6015 0.1067
vn -0.0432 -0.0000 0.9991
vn -0.5715 -0.0000 0.8206
vn -0.5718 -0.0000 0.8204
vn -0.9999 -0.0000 0.0160
vn -0.0820 -0.9814 0.1738
vn -0.7660 -0.6026 0.2240
vn -0.7918 -0.6015 0.1065
vn -1.0000 -0.0081 0.0030
vn -1.0000 -0.0083 0.0015
vn -0.0757 -0.7052 0.7050
vn -0.0797 -0.9345 0.3469
vn -0.7283 -0.4774 0.4916
vn -1.0000 -0.0065 0.0064
vn -0.0821 -0.1740 0.9813
vn -0.0795 -0.3471 0.9345
vn -0.4632 -0.1551 0.8726
vn -0.8675 -0.1765 0.4651
vn -0.4388 -0.3229 0.8386
vn -0.4146 -0.6387 0.6482
vn -0.8568 -0.3646 0.3646
vn -0.6870 -0.7267 -0.0002
vn -0.2688 -0.9632 -0.0002
vn -0.2598 -0.9657 -0.0002
vn -0.0432 -0.9991 -0.0002
vn -0.4614 -0.1552 -0.8735
vn -0.8675 -0.1765 -0.4651
vn -0.8743 -0.0848 -0.4779
vn -0.0821 -0.1740 -0.9813
vn -0.4527 -0.6679 -0.5907
vn -0.4597 -0.2781 -0.8434
vn -0.0796 -0.3470 -0.9345
vn -0.8675 -0.4651 -0.1766
vn -0.8568 -0.3646 -0.3647
vn -0.4596 -0.8434 -0.2782
vn -0.4142 0.6436 -0.6436
vn -0.4388 0.8386 -0.3229
vn -0.4387 0.3229 -0.8386
vn -0.4142 0.6436 0.6436
vn -0.4388 0.3229 0.8386
vn -0.4387 0.8386 0.3229
vn -0.8675 0.1765 0.4651
vn -0.8674 0.4652 0.1765
vn -0.8568 0.3646 0.3646
vn -0.4631 0.8726 0.1551
vn -0.2638 -0.0000 0.9646
vn -0.6868 -0.0000 0.7268
vn -0.2637 -0.0000 0.9646
vn -0.4399 -0.8357 0.3287
vn -0.4614 -0.8736 0.1551
vn -0.8675 -0.4651 0.1764
vn -0.8743 -0.4780 0.0847
vn -0.4614 0.1552 0.8735
vn -0.8743 0.0848 0.4779
vn -0.6869 0.7268 -0.0000
vn -0.2655 0.9641 -0.0000
vn -0.6868 0.7268 -0.0000
vn -0.2653 0.9642 -0.0000
vn -0.4632 0.1551 -0.8726
vn -0.8675 0.1765 -0.4651
vn -0.8568 0.3646 -0.3646
vn -0.8675 0.4651 -0.1765
vn -0.4614 0.8735 -0.1552
vn -0.8743 0.4780 -0.0848
vn -0.6869 -0.0000 -0.7268
vn -0.2638 -0.0000 -0.9646
vn -0.2637 -0.0000 -0.9646
vn -0.4632 -0.8726 -0.1552
vn -0.4412 0.6346 0.6346
vn -0.4412 0.6345 0.6346
vn -0.4613 0.2858 0.8400
vn -0.9990 0.0443 -0.0000
vn 0.9990 0.0443 0.0013
vn 0.9252 0.3794 -0.0000
vn 0.8072 0.5903 -0.0000
vn 0.9248 0.3804 -0.0000
vn 0.2244 0.9745 -0.0000
vn -0.0026 1.0000 -0.0000
vn 0.2277 0.9737 -0.0000
vn 0.9986 0.0525 -0.0000
vn 0.7023 0.0665 0.7087
vn 0.7035 0.0552 0.7086
vn 0.7023 0.0670 0.7087
vn 0.2452 0.9376 0.2464
vn 0.0912 0.9916 0.0916
vn 0.0900 0.9918 0.0906
vn 0.4955 0.8686 -0.0000
vn 0.1871 0.9823 -0.0000
vn 0.4989 0.8666 -0.0000
vn 0.2474 0.9366 0.2482
vn 0.5714 0.5870 0.5735
vn 0.5736 0.5833 0.5751
vn 0.9162 0.4008 -0.0000
vn 0.9170 0.3990 -0.0000
vn 0.9993 0.0387 -0.0000
vn 0.9988 0.0488 -0.0000
vn 0.9993 0.0386 0.0002
vn 0.9988 0.0487 -0.0000
vn 0.7044 0.0764 0.7057
vn 0.7045 0.0732 0.7059
vn 0.7048 0.0673 0.7062
vn 0.6203 0.4790 0.6211
vn 0.7050 0.0655 0.7062
vn 0.5056 0.6986 0.5062
vn 0.5049 0.6998 0.5053
vn -0.0000 0.0490 0.9988
vn -0.0000 0.3814 0.9244
vn -0.0000 0.5920 0.8059
vn -0.6203 0.4790 0.6211
vn -0.5056 0.6986 0.5062
vn -0.5049 0.6998 0.5053
vn -0.7050 0.0655 0.7062
vn -0.6209 0.4776 0.6217
vn -0.1102 0.9878 0.1102
vn 0.0013 1.0000 -0.0013
vn -0.0000 1.0000 -0.0026
vn -0.0000 0.9742 0.2255
vn -0.0000 0.9742 0.2256
vn -0.0000 0.6405 0.7680
vn -0.1102 0.9878 0.1103
vn -0.4466 0.7751 0.4469
vn -0.4467 0.7751 0.4469
vn 0.1102 0.9878 0.1102
vn 0.4466 0.7751 0.4469
vn 0.1101 0.9878 0.1102
vn -0.0013 1.0000 -0.0013
vn 0.7637 0.6456 -0.0000
vn 0.4467 0.7751 0.4469
vn 0.7048 0.0768 0.7052
vn 0.7684 0.6400 -0.0000
vn 0.9989 0.0459 -0.0001
vn 0.7069 0.0089 0.7073
vn -0.0013 0.0449 0.9990
vn -0.0000 0.0448 0.9990
vn -0.7037 0.0768 0.7063
vn -0.7051 0.0716 0.7055
vn -0.7069 0.0089 0.7073
vn -0.7684 0.6400 -0.0000
vn -0.9989 0.0459 -0.0000
vn -0.2277 0.9737 -0.0000
vn -0.7637 0.6456 -0.0000
vn 0.0026 1.0000 -0.0000
vn -0.2244 0.9745 -0.0000
vn -0.9252 0.3794 -0.0000
vn -0.8072 0.5903 -0.0000
vn -0.8073 0.5901 -0.0000
vn -0.9986 0.0525 -0.0000
vn -0.7023 0.0665 0.7087
vn -0.7035 0.0552 0.7086
vn -0.7035 0.0546 0.7086
vn -0.2452 0.9376 0.2464
vn -0.0912 0.9916 0.0916
vn -0.2474 0.9366 0.2482
vn -0.1871 0.9823 -0.0000
vn -0.4955 0.8686 -0.0000
vn -0.4989 0.8666 -0.0000
vn -0.5714 0.5870 0.5735
vn -0.9162 0.4008 -0.0000
vn -0.9170 0.3990 -0.0000
vn -0.9993 0.0387 -0.0000
vn -0.9993 0.0386 -0.0000
vn -0.9988 0.0488 -0.0000
vn -0.9988 0.0487 -0.0000
vn -0.5736 0.5833 0.5751
vn -0.7042 0.0764 0.7059
vn -0.7048 0.0673 0.7062
vn -0.7042 0.0732 0.7062
vn -0.9248 0.3804 -0.0000
vn -0.0000 0.4007 0.9162
vn -0.0003 0.0389 0.9992
vn -0.0000 0.0388 0.9992
vn -0.0000 0.8675 0.4975
vn -0.0000 0.9826 0.1855
vn -0.0000 0.8675 0.4974
vn -0.0000 0.0029 1.0000
vn -0.7001 0.0009 0.7141
vn -0.7013 0.0003 0.7129
vn -0.6997 0.0011 0.7145
vn 0.7001 0.0009 0.7141
vn 0.7013 0.0003 0.7129
vn 0.7017 0.0001 0.7125
vn 0.7010 0.0033 0.7132
vn 0.6997 -0.0094 0.7144
vn 0.6996 -0.0108 0.7145
vn -0.0000 0.0036 1.0000
vn -0.0000 0.0037 1.0000
vn -0.6997 -0.0094 0.7144
vn -0.7010 0.0033 0.7132
vn -0.6996 -0.0108 0.7145
vn -0.4018 0.8212 0.4052
vn -0.5239 0.6677 0.5288
vn -0.5178 0.6780 0.5217
vn -0.0000 0.6200 0.7846
vn -0.0000 0.7725 0.6351
vn 0.5239 0.6677 0.5288
vn 0.4018 0.8212 0.4052
vn 0.5178 0.6780 0.5217
vn 0.6136 0.4911 0.6183
vn 0.6127 0.4936 0.6173
vn -0.0000 0.4473 0.8944
vn 0.6581 0.3567 0.6631
vn 0.6592 0.3523 0.6643
vn -0.0000 0.3057 0.9521
vn -0.6136 0.4911 0.6183
vn -0.6127 0.4936 0.6173
vn -0.6581 0.3567 0.6631
vn -0.6592 0.3523 0.6643
vn -0.6959 0.1566 0.7009
vn -0.0000 0.1304 0.9915
vn -0.7045 -0.0247 0.7093
vn -0.6947 0.1640 0.7003
vn -0.7043 -0.0145 0.7097
vn 0.6959 0.1566 0.7009
vn 0.6947 0.1640 0.7003
vn 0.7045 -0.0247 0.7093
vn 0.4817 -0.7293 0.4859
vn 0.5136 -0.6841 0.5178
vn 0.4854 -0.7247 0.4891
vn -0.0000 -0.5836 0.8121
vn -0.0000 -0.5285 0.8489
vn 0.5117 -0.6868 0.5162
vn 0.6200 -0.4739 0.6254
vn -0.0000 -0.3269 0.9451
vn -0.0000 -0.5286 0.8488
vn -0.5136 -0.6841 0.5179
vn -0.4817 -0.7293 0.4859
vn -0.4854 -0.7247 0.4891
vn -0.6200 -0.4739 0.6254
vn -0.5118 -0.6868 0.5162
vn -0.7039 0.0077 0.7103
vn -0.6196 -0.4747 0.6251
vn -0.0000 -0.3276 0.9448
vn -0.6169 0.4815 0.6226
vn -0.7040 0.0037 0.7102
vn -0.0000 0.3271 0.9450
vn -0.0000 0.0001 1.0000
vn 0.6196 -0.4748 0.6251
vn 0.7039 0.0077 0.7103
vn 0.6169 0.4814 0.6226
vn 0.6145 0.4871 0.6207
vn 0.5076 0.6925 0.5127
vn 0.5049 0.6961 0.5104
vn -0.0000 0.5285 0.8489
vn 0.4766 0.7354 0.4817
vn 0.4747 0.7377 0.4801
vn -0.0000 0.5836 0.8121
vn -0.6145 0.4870 0.6207
vn -0.5076 0.6925 0.5127
vn -0.5049 0.6961 0.5104
vn -0.4766 0.7354 0.4817
vn 0.7937 0.6083 -0.0000
vn 0.8330 0.5533 -0.0000
vn -0.0000 0.6376 -0.7704
vn -0.0000 0.0001 -1.0000
vn -0.0000 -0.0000 -0.0000
vn -0.9873 0.1587 0.0003
vn -0.9885 0.1511 0.0004
vn -0.7937 -0.6083 -0.0000
vn -0.8330 -0.5533 -0.0000
vn -0.9378 -0.3472 -0.0000
vn -0.9380 -0.3466 -0.0000
vn -0.9380 0.3466 -0.0000
vn -0.8330 0.5533 -0.0000
vn -0.9378 0.3472 -0.0000
vn -0.9591 0.2831 0.0006
vn -0.9534 0.3016 0.0002
vn -0.9105 0.4135 0.0003
vn -0.9059 0.4235 -0.0000
vn -0.7882 0.6154 -0.0000
vn -0.7888 0.6147 -0.0000
vn -0.6415 0.7672 -0.0000
vn -0.6415 0.7671 -0.0000
vn -1.0000 0.0051 -0.0000
vn -0.7937 0.6083 -0.0000
vn 0.9873 0.1587 0.0003
vn 0.8329 -0.5534 -0.0000
vn 0.7937 -0.6083 -0.0000
vn 0.8330 -0.5533 -0.0000
vn 0.9378 -0.3472 -0.0000
vn 0.9380 -0.3466 -0.0000
vn 0.9380 0.3466 -0.0000
vn 0.9378 0.3472 -0.0000
vn 0.9591 0.2831 0.0006
vn 0.9534 0.3016 0.0002
vn 0.9105 0.4135 0.0003
vn 0.9059 0.4235 -0.0000
vn 0.7882 0.6154 -0.0000
vn 0.7888 0.6147 -0.0000
vn 0.6415 0.7672 -0.0000
vn 1.0000 0.0051 -0.0000
vn 0.0020 -1.0000 0.0017
vn 0.0019 -1.0000 0.0027
vn 0.0027 -1.0000 0.0015
vn 0.0004 -1.0000 0.0008
vn -0.0006 -1.0000 0.0005
vn 0.0015 -1.0000 0.0027
vn 0.8705 0.0133 0.4920
vn 0.4897 0.0017 0.8719
vn 0.8658 0.0023 0.5004
vn 0.0314 -0.0000 0.9995
vn 0.2940 0.0226 0.9555
vn 0.0313 0.0314 0.9990
vn 0.7369 0.5264 0.4242
vn 0.3581 0.4269 0.8303
vn 0.0254 0.5221 0.8525
vn -1.0000 -0.0030 -0.0000
vn 0.1628 0.9405 0.2981
vn 0.0088 0.9402 0.3405
vn 0.0754 0.9875 0.1382
vn 0.2934 0.9412 0.1675
vn 0.1360 0.9877 0.0767
vn 0.4724 0.2481 0.8458
vn 0.8381 0.2500 0.4850
vn 0.4723 0.2483 0.8458
vn 0.0256 0.2475 0.9685
vn 0.1809 0.9782 0.1019
vn 0.1002 0.9778 0.1839
vn 0.1812 0.9782 0.1019
vn 0.1001 0.9779 0.1838
vn 0.0039 0.9773 0.2116
vn 0.4091 0.5597 0.7207
vn 0.0178 0.3466 0.9379
vn 0.4548 0.3482 0.8197
vn 0.0747 0.9833 0.1661
vn 0.0135 0.5466 0.8373
vn 0.7258 0.5502 0.4130
vn 0.1597 0.9832 0.0884
vn -0.0026 1.0000 -0.0015
vn -0.0015 1.0000 -0.0027
vn 0.0020 0.9832 0.1826
vn 0.0001 -0.0002 -1.0000
vn 0.0002 -0.0003 -1.0000
vn 0.0003 -0.0005 -1.0000
vn -0.7014 -0.0023 -0.7127
vn -1.0000 -0.0003 0.0002
vn -1.0000 -0.0002 0.0001
vn -1.0000 -0.0005 0.0003
vn -0.0000 -0.0033 -1.0000
vn 0.1798 0.9837 0.0020
vn 0.8335 0.5524 0.0150
vn 0.9361 0.3512 0.0184
vn 0.2086 0.9780 0.0040
vn 0.2081 0.9781 0.0040
vn 0.9676 0.2511 0.0265
vn 0.9675 0.2516 0.0265
vn 0.3359 0.9419 0.0090
vn 0.1574 0.9875 0.0033
vn 0.8490 0.5278 0.0263
vn 0.9990 0.0319 0.0324
vn 0.9995 -0.0000 0.0326
vn 0.0008 -1.0000 0.0004
vn 0.0004 -1.0000 -0.0002
vn -0.3350 0.9422 -0.0000
vn -0.8474 0.5310 -0.0000
vn -0.9996 0.0291 -0.0000
vn -0.9996 0.0289 -0.0000
vn -0.0000 0.0007 1.0000
vn -0.0000 0.0008 1.0000
vn -0.3349 0.9422 -0.0000
vn -0.1574 0.9875 -0.0000
vn -0.9678 0.2516 -0.0000
vn -0.2082 0.9781 -0.0000
vn -0.9354 0.3535 -0.0000
vn -0.8294 0.5587 -0.0000
vn -0.8293 0.5589 -0.0000
vn -0.1772 0.9842 -0.0000
vn -0.1738 0.9848 -0.0000
vn -0.0029 -1.0000 0.0021
vn -0.0019 -1.0000 0.0027
vn -0.0027 -1.0000 0.0020
vn -0.0015 -1.0000 0.0023
vn -0.0027 -1.0000 0.0016
vn -0.0015 -1.0000 0.0027
vn -0.0004 -1.0000 0.0008
vn 0.0002 -1.0000 0.0004
vn 0.0015 -1.0000 -0.0000
vn -0.8425 0.2316 0.4863
vn -0.4897 0.0023 0.8719
vn -0.4900 0.0254 0.8714
vn -0.0314 -0.0000 0.9995
vn -0.7364 0.5275 0.4236
vn -0.2505 0.5161 0.8191
vn -0.0313 0.0314 0.9990
vn -0.0255 0.5221 0.8525
vn 1.0000 -0.0030 -0.0000
vn -0.3123 0.8454 0.4334
vn -0.0088 0.9402 0.3405
vn -0.0754 0.9875 0.1382
vn -0.2937 0.9414 0.1660
vn -0.1360 0.9877 0.0767
vn -0.4724 0.2481 0.8458
vn -0.8381 0.2500 0.4850
vn -0.8395 0.2498 0.4826
vn -0.0256 0.2475 0.9685
vn -0.4723 0.2483 0.8458
vn -0.1002 0.9778 0.1839
vn -0.1809 0.9782 0.1019
vn -0.1812 0.9782 0.1019
vn -0.0039 0.9773 0.2116
vn -0.1001 0.9779 0.1838
vn -0.0178 0.3466 0.9379
vn -0.4036 0.5474 0.7331
vn -0.4548 0.3482 0.8197
vn -0.0146 0.5466 0.8373
vn -0.0868 0.9830 0.1620
vn -0.7257 0.5503 0.4130
vn -0.8132 0.3506 0.4646
vn -0.1598 0.9832 0.0884
vn 0.0026 1.0000 -0.0015
vn 0.0019 1.0000 -0.0029
vn -0.0020 0.9832 0.1826
vn -0.0001 -0.0002 -1.0000
vn -0.0002 -0.0003 -1.0000
vn 0.7014 -0.0023 -0.7127
vn 1.0000 -0.0002 0.0001
vn 1.0000 -0.0003 0.0002
vn 1.0000 -0.0005 0.0003
vn -0.1798 0.9837 0.0020
vn -0.8335 0.5524 0.0140
vn -0.9361 0.3512 0.0184
vn -0.2086 0.9780 0.0040
vn -0.2081 0.9781 0.0040
vn -0.9676 0.2511 0.0265
vn -0.9675 0.2516 0.0265
vn -0.3359 0.9419 0.0090
vn -0.1574 0.9875 0.0033
vn -0.8490 0.5278 0.0262
vn -0.9990 0.0319 0.0325
vn -0.9995 -0.0000 0.0326
vn -0.8658 0.0017 0.5004
vn -0.0008 -1.0000 0.0004
vn -0.0004 -1.0000 -0.0002
vn 0.3350 0.9422 0.0001
vn 0.8474 0.5310 -0.0000
vn 0.3349 0.9422 -0.0000
vn 0.9996 0.0291 -0.0000
vn 0.9996 0.0289 0.0001
vn 0.1574 0.9875 -0.0000
vn 0.9678 0.2516 -0.0000
vn 0.2082 0.9781 -0.0000
vn 0.8294 0.5587 0.0001
vn 0.9354 0.3535 -0.0000
vn 0.8293 0.5589 -0.0000
vn 0.1772 0.9842 -0.0000
vn 0.1738 0.9848 -0.0000
vn 0.5310 0.2939 0.7948
vn 0.3827 -0.0000 0.9239
vn 0.5556 -0.0000 0.8315
vn 0.2658 0.3413 0.9016
vn -0.0991 0.3416 0.9346
vn -0.3827 -0.0000 0.9239
vn -0.4496 0.3413 0.8255
vn -0.7312 0.3413 0.5906
vn -0.9239 -0.0000 0.3827
vn -0.9017 0.3411 0.2656
vn -0.9346 0.3416 -0.0991
vn -0.9239 -0.0000 -0.3827
vn -0.8255 0.3413 -0.4496
vn -0.8315 -0.0000 -0.5556
vn -0.7948 0.2939 -0.5310
vn -0.7493 0.5851 -0.3103
vn -0.6809 0.5739 -0.4550
vn -0.7317 -0.4749 -0.4889
vn -0.8105 0.5857 -0.0000
vn -0.9097 -0.3537 -0.2175
vn -0.7367 0.5792 0.3490
vn -0.9238 -0.3536 0.1464
vn -0.5735 0.5851 0.5735
vn -0.7973 -0.3537 0.4892
vn -0.3103 0.5851 0.7493
vn -0.5494 -0.3537 0.7571
vn -0.0000 0.5857 0.8105
vn -0.2175 -0.3537 0.9097
vn 0.3490 0.5801 0.7360
vn 0.1469 -0.3537 0.9238
vn 0.4535 0.5776 0.6787
vn 0.4888 -0.3536 0.7975
vn 0.4895 -0.4730 0.7326
vn 0.3524 -0.3901 0.8507
vn 0.5135 -0.3818 0.7685
vn 0.3000 0.6207 0.7244
vn -0.0001 0.6224 0.7827
vn -0.0000 -0.3898 0.9209
vn -0.2998 0.6217 0.7236
vn -0.3525 -0.3894 0.8510
vn -0.5538 0.6217 0.5539
vn -0.6512 -0.3898 0.6512
vn -0.7244 0.6207 0.3000
vn -0.8508 -0.3898 0.3524
vn -0.7827 0.6224 -0.0000
vn -0.9208 -0.3901 -0.0000
vn -0.7237 0.6217 -0.2997
vn -0.8510 -0.3894 -0.3525
vn -0.6582 0.6110 -0.4398
vn -0.7682 -0.3825 -0.5133
vn -0.3568 0.9032 -0.2384
vn -0.6363 -0.7251 -0.2635
vn -0.7059 -0.5284 -0.4717
vn -0.5784 -0.7184 -0.3865
vn -0.8227 -0.1450 -0.5497
vn -0.7806 -0.5330 -0.3266
vn -0.9138 -0.1477 -0.3785
vn -0.8443 -0.5358 -0.0000
vn -0.9890 -0.1478 -0.0000
vn -0.9136 -0.1478 0.3787
vn -0.7801 -0.5358 0.3231
vn -0.6363 -0.7251 0.2635
vn -0.6887 -0.7251 -0.0000
vn -0.3902 0.9064 0.1616
vn -0.4224 0.9064 -0.0000
vn -0.3902 0.9064 -0.1616
vn -0.5970 -0.5358 0.5970
vn -0.2635 -0.7251 0.6363
vn -0.4870 -0.7251 0.4870
vn -0.2987 0.9064 0.2987
vn -0.6991 -0.1476 0.6997
vn -0.3265 -0.5330 0.7806
vn -0.3785 -0.1477 0.9137
vn -0.0000 -0.5358 0.8443
vn -0.0000 -0.1473 0.9891
vn 0.3788 -0.1479 0.9136
vn 0.3231 -0.5358 0.7801
vn -0.0000 -0.7251 0.6887
vn 0.1616 0.9064 0.3902
vn -0.0000 0.9064 0.4224
vn -0.1616 0.9064 0.3902
vn 0.3865 -0.7184 0.5784
vn 0.2635 -0.7251 0.6363
vn 0.4390 0.6130 0.6569
vn 0.4717 -0.5284 0.7059
vn 0.5497 -0.1450 0.8227
vn 0.5439 0.2042 0.8139
vn 0.4315 0.1735 0.8853
vn -0.0000 0.2434 0.9699
vn -0.0683 0.1392 0.9879
vn 0.5395 0.2390 0.8074
vn 0.3712 0.2434 0.8961
vn 0.0850 -0.9750 0.2053
vn 0.2582 -0.8854 0.3865
vn 0.1752 -0.8890 0.4231
vn -0.0000 -0.8895 0.4569
vn -0.0000 -0.9750 0.2222
vn 0.3575 -0.3571 0.8630
vn -0.0000 -0.3570 0.9341
vn 0.5204 -0.3500 0.7789
vn 0.3469 0.4223 0.8374
vn 0.5056 0.4146 0.7566
vn 0.2210 0.8164 0.5335
vn 0.3251 0.8110 0.4865
vn 0.1435 0.9271 0.3464
vn 0.1435 -0.9271 0.3464
vn 0.3251 -0.8110 0.4865
vn 0.2210 -0.8164 0.5336
vn 0.5056 -0.4147 0.7566
vn 0.3468 -0.4226 0.8373
vn 0.5204 0.3500 0.7789
vn 0.3574 0.3571 0.8630
vn 0.1008 0.8342 0.5422
vn 0.2582 0.8854 0.3864
vn -0.1146 0.8341 0.5395
vn 0.0222 -0.4200 0.9073
vn 0.0378 0.3189 0.9470
vn -0.3683 0.3554 0.8591
vn -0.1753 0.8890 0.4231
vn -0.3267 -0.4200 0.8467
vn 0.0092 -0.8153 0.5789
vn -0.2131 -0.8153 0.5384
vn -0.1435 -0.9271 0.3464
vn -0.0118 0.8145 0.5800
vn -0.0000 0.9271 0.3749
vn -0.1435 0.9271 0.3464
vn -0.2210 0.8164 0.5335
vn -0.0351 0.4160 0.9087
vn -0.3469 0.4223 0.8375
vn -0.3575 -0.3571 0.8630
vn -0.1752 -0.8890 0.4231
vn -0.6605 -0.3571 0.6605
vn -0.3229 -0.8897 0.3229
vn -0.6408 0.4228 0.6408
vn -0.8630 -0.3571 0.3575
vn -0.4231 -0.8890 0.1752
vn -0.8375 0.4223 0.3469
vn -0.5335 0.8164 0.2210
vn -0.4395 0.8006 0.4073
vn -0.3464 0.9271 0.1435
vn -0.2651 0.9271 0.2651
vn -0.5328 -0.8115 0.2398
vn -0.2651 -0.9271 0.2651
vn -0.4084 -0.8164 0.4084
vn -0.6409 -0.4226 0.6409
vn -0.8375 -0.4223 0.3469
vn -0.6605 0.3571 0.6605
vn -0.8630 0.3570 0.3575
vn -0.3226 0.8898 0.3226
vn -0.5420 0.8342 0.1018
vn -0.9346 0.3554 -0.0116
vn -0.4563 0.8898 -0.0000
vn -0.9072 -0.4202 0.0222
vn -0.4553 0.8341 -0.3113
vn -0.8467 -0.4200 -0.3267
vn -0.8894 0.3189 -0.3275
vn -0.5384 -0.8153 -0.2131
vn -0.3464 -0.9271 -0.1435
vn -0.5988 -0.8005 0.0228
vn -0.3464 -0.9271 0.1435
vn -0.5840 0.8115 -0.0177
vn -0.3464 0.9271 -0.1435
vn -0.5336 0.8164 -0.2210
vn -0.3749 0.9271 -0.0000
vn -0.9228 0.3769 -0.0796
vn -0.8373 0.4226 -0.3468
vn -0.9440 -0.3280 0.0373
vn -0.8630 -0.3570 -0.3575
vn -0.4563 -0.8898 -0.0000
vn -0.4405 -0.8859 -0.1452
vn -0.7787 -0.3505 -0.5203
vn -0.3865 -0.8854 -0.2582
vn -0.7569 0.4140 -0.5057
vn -0.4866 0.8109 -0.3251
vn -0.3170 0.9245 -0.2118
vn -0.3170 -0.9245 -0.2118
vn -0.4866 -0.8109 -0.3251
vn -0.7569 -0.4140 -0.5057
vn -0.7787 0.3505 -0.5203
vn -0.3864 0.8854 -0.2582
vn -0.2052 0.9750 -0.0850
vn -0.1881 0.9741 -0.1257
vn -0.8139 -0.2047 -0.5438
vn -0.8961 -0.2434 -0.3712
vn -0.9035 -0.2088 -0.3742
vn -0.8227 0.1452 -0.5497
vn -0.9830 -0.1735 0.0598
vn -0.9138 0.1474 -0.3785
vn -0.8446 0.5354 -0.0015
vn -0.9891 0.1474 0.0006
vn -0.7820 0.5343 -0.3209
vn -0.6363 0.7251 -0.2635
vn -0.6887 0.7250 -0.0000
vn -0.5784 0.7183 -0.3865
vn -0.3902 -0.9064 -0.1616
vn -0.7827 -0.6224 -0.0000
vn -0.7236 -0.6217 -0.2997
vn -0.3568 -0.9032 -0.2384
vn -0.6582 -0.6110 -0.4398
vn -0.9208 0.3901 -0.0000
vn -0.8510 0.3894 -0.3525
vn -0.7682 0.3825 -0.5133
vn -0.8101 0.4808 -0.3356
vn -0.7317 0.4749 -0.4889
vn -0.8754 0.4834 -0.0000
vn -0.7483 -0.5865 -0.3100
vn -0.6809 -0.5739 -0.4550
vn -0.8124 -0.5830 -0.0000
vn -0.7948 -0.2939 -0.5310
vn -0.8824 -0.2963 -0.3655
vn -0.9551 -0.2963 -0.0000
vn -0.8824 -0.2963 0.3655
vn -0.7493 -0.5851 0.3104
vn -0.5727 -0.5865 0.5727
vn -0.6754 -0.2963 0.6754
vn -0.7874 0.3924 0.4754
vn -0.3109 -0.5830 0.7506
vn -0.3655 -0.2963 0.8824
vn -0.3350 0.4834 0.8088
vn -0.0000 -0.5869 0.8097
vn -0.0000 -0.2967 0.9550
vn 0.3655 -0.2960 0.8825
vn 0.3350 0.4834 0.8088
vn 0.4748 -0.4384 0.7631
vn 0.4531 -0.5786 0.6782
vn 0.5312 -0.2930 0.7950
vn 0.3151 0.3775 0.8707
vn 0.4895 0.4731 0.7326
vn 0.3467 -0.6139 0.7092
vn 0.5135 0.3818 0.7685
vn 0.0490 -0.6139 0.7879
vn -0.0000 0.3894 0.9211
vn 0.1273 0.2776 0.9522
vn -0.2563 -0.6139 0.7466
vn -0.3524 0.3901 0.8507
vn -0.5225 -0.6139 0.5917
vn -0.6513 0.3894 0.6513
vn -0.5833 0.2776 0.7633
vn -0.7101 -0.6129 0.3466
vn -0.8508 0.3898 0.3524
vn -0.3902 -0.9064 0.1616
vn -0.6363 0.7251 0.2636
vn -0.5970 0.5358 0.5970
vn -0.4870 0.7251 0.4870
vn -0.7826 0.5335 0.3209
vn -0.6996 0.1475 0.6992
vn -0.9138 0.1474 0.3785
vn -0.3246 0.5354 0.7797
vn -0.3785 0.1477 0.9138
vn -0.2636 0.7251 0.6363
vn -0.0016 0.5355 0.8445
vn -0.0000 0.1478 0.9890
vn -0.0000 0.7251 0.6887
vn -0.1616 -0.9064 0.3902
vn -0.2987 -0.9064 0.2987
vn 0.2636 0.7251 0.6363
vn -0.0000 -0.9064 0.4224
vn 0.3254 0.5349 0.7797
vn 0.3865 0.7183 0.5784
vn 0.1616 -0.9064 0.3902
vn 0.4390 -0.6130 0.6569
vn 0.4717 0.5283 0.7059
vn 0.3785 0.1474 0.9138
vn 0.5497 0.1450 0.8227
vn 0.3742 -0.2090 0.9035
vn 0.5438 -0.2044 0.8139
vn 0.5395 -0.2390 0.8074
vn 0.1257 0.9741 0.1882
vn 0.0850 0.9750 0.2053
vn -0.0000 0.9750 0.2222
vn 0.0145 -0.2066 0.9783
vn 0.3712 -0.2434 0.8961
vn -0.0850 0.9750 0.2053
vn -0.3712 -0.2434 0.8961
vn -0.3743 -0.2087 0.9035
vn -0.6915 -0.2087 0.6915
vn -0.6858 -0.2434 0.6858
vn -0.9034 -0.2092 0.3742
vn -0.8961 -0.2434 0.3712
vn -0.1571 0.9750 0.1571
vn -0.2052 0.9750 0.0850
vn -0.2222 0.9750 -0.0000
vn -0.2053 -0.9750 -0.0850
vn -0.1882 -0.9741 -0.1257
vn -0.8139 0.2045 -0.5438
vn -0.8961 0.2434 -0.3712
vn -0.8074 0.2390 -0.5395
vn -0.8863 0.1430 -0.4406
vn -0.9792 0.1997 -0.0347
vn -0.9036 0.2082 0.3743
vn -0.9699 0.2434 -0.0000
vn -0.2053 -0.9750 0.0850
vn -0.2222 -0.9750 -0.0000
vn -0.7020 0.2075 0.6813
vn -0.8961 0.2434 0.3712
vn -0.3878 0.2067 0.8983
vn -0.6858 0.2434 0.6858
vn -0.0850 -0.9750 0.2053
vn -0.1571 -0.9750 0.1571
vn -0.3712 0.2434 0.8961
vn -0.5310 0.2939 0.7948
vn -0.5556 -0.0000 0.8315
vn -0.2293 0.4191 0.8785
vn 0.1243 0.4191 0.8994
vn 0.4586 0.4191 0.7836
vn 0.9239 -0.0000 0.3827
vn 0.7238 0.4191 0.5480
vn 0.8785 0.4191 0.2293
vn 0.9239 -0.0000 -0.3827
vn 0.8994 0.4191 -0.1243
vn 0.8315 -0.0000 -0.5556
vn 0.7832 0.4192 -0.4593
vn 0.6796 0.5761 -0.4541
vn 0.7950 0.2928 -0.5312
vn 0.7317 -0.4749 -0.4889
vn 0.8763 0.4379 -0.2006
vn 0.8110 0.5851 -0.0000
vn 0.8930 -0.3924 -0.2206
vn 0.7493 0.5851 0.3104
vn 0.9093 -0.3925 0.1382
vn 0.5734 0.5851 0.5735
vn 0.7877 -0.3923 0.4751
vn 0.3101 0.5857 0.7489
vn 0.5455 -0.3924 0.7406
vn 0.2206 -0.3924 0.8930
vn -0.1511 0.4378 0.8863
vn -0.1379 -0.3924 0.9094
vn -0.4788 0.4378 0.7610
vn -0.4754 -0.3924 0.7874
vn -0.4535 0.5776 0.6787
vn -0.3153 -0.3773 0.8708
vn -0.4895 -0.4731 0.7326
vn -0.3468 0.6145 0.7086
vn -0.5135 -0.3818 0.7685
vn -0.0485 0.6129 0.7887
vn 0.2563 0.6139 0.7466
vn 0.3524 -0.3898 0.8508
vn 0.5219 0.6145 0.5916
vn 0.6511 -0.3898 0.6512
vn 0.7101 0.6129 0.3466
vn 0.8507 -0.3901 0.3524
vn 0.7873 0.6145 0.0493
vn 0.9211 -0.3894 -0.0000
vn 0.7466 0.6139 -0.2563
vn 0.8508 -0.3898 -0.3524
vn 0.6582 0.6110 -0.4398
vn 0.7682 -0.3825 -0.5133
vn 0.3568 0.9032 -0.2384
vn 0.5784 -0.7184 -0.3865
vn 0.7801 -0.5358 -0.3231
vn 0.6363 -0.7251 -0.2635
vn 0.8227 -0.1449 -0.5497
vn 0.9137 -0.1477 -0.3785
vn 0.8446 -0.5355 -0.0015
vn 0.9890 -0.1477 -0.0000
vn 0.6887 -0.7251 -0.0000
vn 0.7809 -0.5355 0.3217
vn 0.9137 -0.1479 0.3785
vn 0.6363 -0.7251 0.2635
vn 0.3902 0.9064 0.1616
vn 0.3902 0.9064 -0.1616
vn 0.4870 -0.7251 0.4870
vn 0.5958 -0.5349 0.5990
vn 0.3788 -0.1475 0.9137
vn 0.6993 -0.1478 0.6993
vn 0.0003 -0.1475 0.9891
vn 0.3244 -0.5307 0.7831
vn -0.3782 -0.1475 0.9139
vn 0.0030 -0.5330 0.8461
vn -0.3265 -0.5335 0.7802
vn -0.3865 -0.7184 0.5784
vn -0.2384 0.9032 0.3568
vn -0.4388 0.6133 0.6567
vn -0.4717 -0.5284 0.7059
vn -0.5497 -0.1450 0.8227
vn -0.3743 0.2086 0.9036
vn -0.5438 0.2044 0.8139
vn -0.0000 0.2092 0.9779
vn -0.5395 0.2390 0.8074
vn -0.2590 -0.8846 0.3877
vn -0.1257 -0.9741 0.1882
vn 0.0680 -0.8774 0.4749
vn 0.0116 -0.3554 0.9346
vn -0.2121 -0.7647 0.6085
vn -0.3930 -0.3343 0.8566
vn -0.3676 0.4197 0.8299
vn -0.5204 -0.3503 0.7788
vn -0.2300 0.8153 0.5314
vn -0.5056 0.4146 0.7566
vn -0.2118 0.9245 0.3170
vn -0.3250 0.8110 0.4864
vn -0.2111 -0.8145 0.5404
vn -0.2118 -0.9245 0.3170
vn -0.5056 -0.4147 0.7566
vn -0.3468 -0.4226 0.8373
vn -0.5204 0.3503 0.7788
vn -0.3574 0.3571 0.8630
vn -0.2590 0.8846 0.3877
vn -0.1748 0.8895 0.4221
vn -0.0347 0.8863 0.4619
vn -0.0000 0.3570 0.9341
vn -0.0000 -0.4226 0.9063
vn 0.3575 0.3571 0.8630
vn 0.1753 0.8890 0.4231
vn 0.3469 -0.4223 0.8375
vn -0.0000 -0.8165 0.5774
vn 0.2210 -0.8164 0.5335
vn -0.0000 -0.9271 0.3749
vn -0.0177 0.8115 0.5840
vn -0.0796 0.3769 0.9228
vn 0.3469 0.4223 0.8375
vn 0.6691 -0.3554 0.6527
vn 0.3226 -0.8898 0.3226
vn 0.6258 0.4202 0.6572
vn 0.5421 -0.8342 0.1017
vn 0.8299 0.4197 0.3676
vn 0.8605 -0.3189 0.3973
vn 0.5314 0.8153 0.2300
vn 0.3464 0.9271 0.1435
vn 0.4073 0.8006 0.4395
vn 0.5404 -0.8145 0.2111
vn 0.2651 -0.9271 0.2651
vn 0.3464 -0.9271 0.1435
vn 0.4034 -0.8049 0.4353
vn 0.7088 -0.3769 0.5962
vn 0.8375 -0.4223 0.3469
vn 0.6412 0.3280 0.6938
vn 0.8630 0.3571 0.3574
vn 0.3229 0.8897 0.3229
vn 0.4231 0.8890 0.1752
vn 0.9341 0.3571 -0.0000
vn 0.4563 0.8898 -0.0000
vn 0.9062 -0.4228 -0.0000
vn 0.4400 0.8863 -0.1447
vn 0.8630 0.3571 -0.3575
vn 0.8373 -0.4226 -0.3468
vn 0.5336 -0.8164 -0.2210
vn 0.5988 -0.8005 -0.0228
vn 0.3464 -0.9271 -0.1435
vn 0.3749 -0.9271 -0.0000
vn 0.3464 0.9271 -0.1435
vn 0.5774 0.8165 -0.0000
vn 0.5335 0.8164 -0.2210
vn 0.9062 0.4228 -0.0000
vn 0.8375 0.4223 -0.3469
vn 0.9341 -0.3571 -0.0000
vn 0.8630 -0.3571 -0.3575
vn 0.5394 -0.8341 -0.1149
vn 0.4547 -0.8342 -0.3121
vn 0.3880 -0.8845 -0.2592
vn 0.7571 0.4135 -0.5059
vn 0.7785 -0.3510 -0.5202
vn 0.3170 0.9245 -0.2118
vn 0.4864 0.8110 -0.3250
vn 0.4866 -0.8109 -0.3251
vn 0.3170 -0.9245 -0.2118
vn 0.7569 -0.4140 -0.5057
vn 0.7787 0.3505 -0.5203
vn 0.3864 0.8854 -0.2582
vn 0.1882 0.9741 -0.1257
vn 0.8139 -0.2045 -0.5438
vn 0.8961 -0.2434 -0.3712
vn 0.8074 -0.2390 -0.5395
vn 0.9137 0.1478 -0.3785
vn 0.8863 -0.1430 -0.4405
vn 0.9792 -0.1997 -0.0347
vn 0.9890 0.1477 -0.0000
vn 0.9699 -0.2434 -0.0000
vn 0.8444 0.5358 -0.0000
vn 0.8227 0.1452 -0.5497
vn 0.7828 0.5330 -0.3210
vn 0.6363 0.7251 -0.2635
vn 0.7059 0.5284 -0.4717
vn 0.5784 0.7184 -0.3865
vn 0.8076 -0.5802 -0.1051
vn 0.3902 -0.9064 -0.1616
vn 0.7244 -0.6207 -0.3000
vn 0.6582 -0.6111 -0.4397
vn 0.3569 -0.9032 -0.2384
vn 0.9366 0.3436 0.0692
vn 0.8510 0.3894 -0.3525
vn 0.7682 0.3825 -0.5133
vn 0.8828 0.4108 -0.2279
vn 0.7317 0.4749 -0.4889
vn 0.7350 -0.4983 -0.4598
vn 0.6796 -0.5761 -0.4541
vn 0.9307 0.3344 0.1483
vn 0.9008 -0.3480 -0.2598
vn 0.7950 -0.2928 -0.5312
vn 0.9421 -0.3249 0.0833
vn 0.8385 -0.3252 0.4373
vn 0.7493 -0.5851 0.3104
vn 0.9477 -0.3191 -0.0000
vn 0.5727 -0.5865 0.5727
vn 0.7973 0.3537 0.4892
vn 0.7327 -0.3480 0.5848
vn 0.3106 -0.5841 0.7499
vn 0.3350 0.4835 0.8087
vn 0.5506 0.3536 0.7562
vn -0.1053 -0.3476 0.9317
vn 0.4619 -0.4006 0.7913
vn -0.0413 -0.5815 0.8125
vn -0.4524 -0.3486 0.8209
vn -0.1447 0.3536 0.9241
vn -0.5310 -0.2939 0.7948
vn -0.2019 -0.4382 0.8759
vn -0.4535 -0.5776 0.6787
vn -0.4895 0.4730 0.7326
vn -0.5135 0.3818 0.7685
vn -0.2995 -0.6224 0.7231
vn -0.0000 -0.6207 0.7841
vn -0.0000 0.3898 0.9209
vn 0.2998 -0.6217 0.7236
vn 0.3524 0.3898 0.8508
vn 0.5535 -0.6224 0.5534
vn 0.6513 0.3894 0.6513
vn 0.7244 -0.6207 0.3000
vn 0.8508 0.3898 0.3524
vn 0.3902 -0.9064 0.1616
vn 0.4224 -0.9064 -0.0000
vn 0.4870 0.7251 0.4870
vn 0.7800 0.5359 0.3231
vn 0.6363 0.7251 0.2635
vn 0.6887 0.7251 -0.0000
vn 0.6991 0.1480 0.6996
vn 0.6004 0.5330 0.5962
vn 0.9140 0.1474 0.3779
vn 0.3231 0.5358 0.7801
vn 0.3785 0.1478 0.9137
vn -0.0000 0.5358 0.8443
vn -0.0000 0.1477 0.9890
vn 0.1617 -0.9064 0.3902
vn 0.2987 -0.9064 0.2987
vn -0.2635 0.7251 0.6363
vn -0.4717 0.5284 0.7059
vn -0.3264 0.5335 0.7802
vn -0.2384 -0.9032 0.3568
vn -0.1617 -0.9064 0.3902
vn -0.3790 0.1477 0.9136
vn -0.5497 0.1452 0.8227
vn -0.5439 -0.2042 0.8139
vn -0.3682 -0.0755 0.9267
vn -0.5395 -0.2390 0.8074
vn -0.0000 -0.2434 0.9699
vn -0.0000 -0.2090 0.9779
vn 0.3743 -0.2083 0.9036
vn 0.7376 -0.1737 0.6526
vn 0.6858 -0.2434 0.6858
vn 0.8961 -0.2434 0.3712
vn 0.9387 -0.1392 0.3154
vn 0.1571 0.9750 0.1571
vn 0.2053 0.9750 0.0850
vn 0.2222 0.9750 -0.0000
vn 0.2052 0.9750 -0.0850
vn 0.1882 -0.9741 -0.1257
vn 0.2053 -0.9750 -0.0850
vn 0.8139 0.2045 -0.5438
vn 0.8961 0.2434 -0.3712
vn 0.9035 0.2088 -0.3742
vn 0.9780 0.2087 -0.0000
vn 0.9036 0.2082 0.3743
vn 0.9699 0.2434 -0.0000
vn 0.2053 -0.9750 0.0850
vn 0.2222 -0.9750 -0.0000
vn 0.1571 -0.9750 0.1571
vn 0.8961 0.2434 0.3712
vn 0.6915 0.2090 0.6915
vn 0.6858 0.2434 0.6858
vn 0.3743 0.2082 0.9036
vn -0.6814 -0.0000 0.7319
vn 0.6814 -0.0000 0.7319
vn -0.3775 -0.8287 0.4132
vn -0.0285 -0.9272 0.3735
vn -0.0283 -0.9271 0.3738
vn 0.0289 -0.9269 0.3742
vn -0.2068 -0.6511 0.7303
vn -0.0026 -0.0851 0.9964
vn -0.0282 -0.7819 0.6227
vn 0.0026 -0.0851 0.9964
vn 0.3171 -0.6890 0.6517
vn 0.2313 -0.7178 0.6567
vn 0.3775 -0.8287 0.4132
vn 0.0278 -0.9273 0.3732
vn 0.0331 -0.0722 0.9968
vn 0.4879 -0.5705 0.6607
vn 0.3777 -0.8287 0.4132
vn 0.5793 -0.6835 0.4441
vn 0.0495 -0.0582 0.9971
vn 0.5009 -0.5748 0.6471
vn 0.5794 -0.6834 0.4441
vn 0.5909 -0.6720 0.4465
vn 0.0502 -0.0574 0.9971
vn 0.3014 -0.7214 0.6234
vn 0.5909 -0.6719 0.4465
vn 0.3505 -0.8428 0.4085
vn 0.0308 -0.0738 0.9968
vn 0.1065 -0.7766 0.6209
vn 0.3506 -0.8427 0.4086
vn 0.1139 -0.9183 0.3792
vn 0.0110 -0.0835 0.9964
vn -0.0069 -0.7688 0.6395
vn 0.1141 -0.9184 0.3789
vn 0.0002 -0.9343 0.3566
vn 0.0765 -0.0000 0.9971
vn 0.7493 0.0018 0.6622
vn 0.7493 -0.0000 0.6622
vn 0.8589 -0.0000 0.5121
vn -0.0069 0.7688 0.6395
vn 0.0110 0.0835 0.9964
vn 0.1065 0.7766 0.6209
vn 0.0002 0.9342 0.3567
vn 0.1141 0.9184 0.3789
vn 0.1139 0.9183 0.3792
vn 0.0307 0.0739 0.9968
vn 0.3014 0.7214 0.6234
vn 0.3507 0.8427 0.4085
vn 0.3505 0.8428 0.4085
vn 0.0501 0.0575 0.9971
vn 0.5009 0.5748 0.6471
vn 0.5909 0.6719 0.4465
vn 0.0495 0.0582 0.9971
vn 0.4879 0.5704 0.6607
vn 0.5794 0.6834 0.4441
vn 0.5793 0.6835 0.4441
vn 0.0331 0.0721 0.9968
vn 0.3171 0.6890 0.6517
vn 0.3777 0.8287 0.4132
vn 0.3775 0.8287 0.4132
vn 0.0026 0.0851 0.9964
vn 0.0266 0.7838 0.6204
vn 0.0290 0.9271 0.3736
vn 0.0277 0.9271 0.3738
vn -0.0285 0.7844 0.6196
vn -0.0026 0.0851 0.9964
vn -0.0284 0.9273 0.3733
vn -0.0284 0.9269 0.3742
vn -0.3171 0.6890 0.6517
vn -0.3775 0.8287 0.4132
vn -0.3777 0.8287 0.4132
vn -0.5793 0.6835 0.4441
vn -0.5794 0.6834 0.4441
vn -0.5909 0.6720 0.4465
vn -0.5909 0.6719 0.4465
vn -0.3505 0.8428 0.4085
vn -0.3507 0.8427 0.4085
vn -0.1139 0.9183 0.3792
vn -0.1141 0.9184 0.3789
vn -0.0002 0.9342 0.3567
vn -0.8589 -0.0000 0.5121
vn -0.7493 -0.0000 0.6622
vn -0.0765 -0.0000 0.9971
vn -0.7493 -0.0018 0.6622
vn -0.0110 0.0835 0.9964
vn 0.0069 0.7688 0.6395
vn -0.1065 0.7766 0.6209
vn 0.0069 -0.7688 0.6395
vn -0.0110 -0.0835 0.9964
vn -0.1065 -0.7766 0.6209
vn -0.0002 -0.9343 0.3566
vn -0.1142 -0.9184 0.3789
vn -0.1144 -0.9182 0.3792
vn -0.0306 -0.0740 0.9968
vn -0.3015 -0.7214 0.6234
vn -0.3506 -0.8427 0.4086
vn -0.3505 -0.8428 0.4085
vn -0.0502 -0.0574 0.9971
vn -0.5009 -0.5748 0.6471
vn -0.5909 -0.6719 0.4465
vn -0.0495 -0.0582 0.9971
vn -0.4879 -0.5705 0.6607
vn -0.5794 -0.6834 0.4441
vn -0.5793 -0.6835 0.4441
vn -0.0330 -0.0722 0.9968
vn -0.3777 -0.8287 0.4132
vn -0.6567 -0.7541 0.0076
vn -0.6498 -0.7601 0.0076
vn -0.4179 -0.9084 0.0069
vn -0.0279 -0.9996 0.0061
vn -0.4053 -0.7304 0.5497
vn -0.2169 -0.4701 0.8555
vn -0.3940 -0.8520 0.3447
vn -0.0166 -0.5573 0.8301
vn -0.0295 -0.9504 0.3096
vn 0.0169 -0.5576 0.8299
vn 0.0287 -0.9996 0.0061
vn 0.3940 -0.8521 0.3447
vn 0.3267 -0.8476 0.4181
vn 0.4179 -0.9084 0.0069
vn 0.2169 -0.4701 0.8555
vn 0.6072 -0.7070 0.3626
vn 0.6498 -0.7601 0.0076
vn 0.3192 -0.3724 0.8715
vn 0.6129 -0.7068 0.3532
vn 0.6567 -0.7541 0.0075
vn 0.3212 -0.3698 0.8718
vn 0.3646 -0.8727 0.3247
vn 0.3846 -0.9231 0.0068
vn 0.2011 -0.4821 0.8527
vn 0.1366 -0.9398 0.3132
vn 0.1371 -0.9905 0.0062
vn 0.0774 -0.5443 0.8353
vn -0.0131 -0.9508 0.3094
vn -0.0096 -0.9999 0.0057
vn 0.4444 -0.0000 0.8958
vn 0.9120 -0.0000 0.4102
vn 0.9190 -0.0000 0.3943
vn 1.0000 -0.0000 0.0090
vn -0.0140 0.9508 0.3094
vn 0.0774 0.5443 0.8353
vn 0.1365 0.9398 0.3132
vn -0.0096 0.9999 0.0057
vn 0.1371 0.9905 0.0063
vn 0.2011 0.4821 0.8527
vn 0.3647 0.8727 0.3247
vn 0.3846 0.9231 0.0069
vn 0.3212 0.3698 0.8718
vn 0.6129 0.7068 0.3532
vn 0.6567 0.7541 0.0076
vn 0.3192 0.3724 0.8715
vn 0.6072 0.7070 0.3626
vn 0.6498 0.7601 0.0075
vn 0.2169 0.4701 0.8555
vn 0.3940 0.8520 0.3447
vn 0.4179 0.9084 0.0069
vn 0.0168 0.5573 0.8301
vn 0.0263 0.9527 0.3028
vn 0.0279 0.9996 0.0060
vn -0.0340 0.9492 0.3129
vn -0.0167 0.5576 0.8299
vn -0.0287 0.9996 0.0060
vn -0.3939 0.8521 0.3447
vn -0.4179 0.9084 0.0069
vn -0.2169 0.4701 0.8555
vn -0.6072 0.7070 0.3626
vn -0.6498 0.7601 0.0075
vn -0.3192 0.3724 0.8715
vn -0.6129 0.7068 0.3532
vn -0.4200 0.5782 0.6995
vn -0.6567 0.7541 0.0076
vn -0.3212 0.3698 0.8718
vn -0.3646 0.8727 0.3247
vn -0.4836 0.5729 0.6617
vn -0.3846 0.9231 0.0068
vn -0.2011 0.4821 0.8527
vn -0.1366 0.9398 0.3132
vn -0.2862 0.6937 0.6610
vn -0.1371 0.9905 0.0063
vn -0.0774 0.5443 0.8353
vn 0.0131 0.9509 0.3094
vn 0.0096 0.9999 0.0057
vn -0.9146 -0.0000 0.4043
vn -0.4444 -0.0000 0.8958
vn -0.9147 -0.0000 0.4042
vn -1.0000 -0.0000 0.0090
vn 0.0140 -0.9508 0.3094
vn -0.0774 -0.5443 0.8353
vn -0.1365 -0.9398 0.3132
vn 0.0096 -0.9999 0.0057
vn -0.1371 -0.9905 0.0062
vn -0.2011 -0.4821 0.8527
vn -0.3647 -0.8727 0.3247
vn -0.3846 -0.9230 0.0069
vn -0.3212 -0.3698 0.8718
vn -0.6129 -0.7068 0.3532
vn -0.3192 -0.3724 0.8715
vn -0.6518 -0.7584 -0.0000
vn -0.6548 -0.7558 -0.0000
vn 0.6548 -0.7558 -0.0000
vn 0.6518 -0.7584 -0.0000
vn 0.4201 -0.9075 -0.0000
vn 0.0278 -0.9996 -0.0000
vn -0.4201 -0.9075 -0.0000
vn -0.0283 -0.9996 -0.0000
vn 0.3849 -0.9229 -0.0000
vn 0.3849 0.9229 -0.0000
vn 0.6548 0.7558 -0.0000
vn -0.3849 0.9229 -0.0000
vn -0.6548 0.7558 -0.0000
vn -0.6518 0.7584 -0.0000
vn -0.4201 0.9075 -0.0000
vn 0.6518 0.7584 -0.0000
vn 0.4201 0.9075 -0.0000
vn 0.0283 0.9996 -0.0000
vn -0.0278 0.9996 -0.0000
vn -0.1457 0.9893 -0.0000
vn 0.0170 0.9999 -0.0000
vn -0.1457 -0.9893 -0.0000
vn 0.0171 -0.9999 -0.0000
vn -0.3849 -0.9229 -0.0000
vn 0.1457 0.9893 -0.0000
vn -0.0170 0.9999 -0.0000
vn 0.1457 -0.9893 -0.0000
vn -0.0171 -0.9999 -0.0000
vn -0.0307 0.0739 0.9968
vn -0.0500 0.0576 0.9971
vn -0.0495 0.0582 0.9971
vn -0.0330 0.0722 0.9968
vn 0.5372 -0.1583 -0.8285
vn 0.5419 -0.2871 -0.7899
vn 0.5419 -0.2876 -0.7897
vn 0.5334 -0.6192 -0.5763
vn 0.7027 -0.1336 -0.6989
vn 0.9975 -0.0252 -0.0661
vn 0.6846 -0.2682 -0.6778
vn 0.6542 -0.5561 -0.5126
vn 0.9974 -0.0529 -0.0493
vn 0.6734 -0.7393 -0.0000
vn 0.9971 -0.0767 -0.0000
vn 0.6606 -0.7507 -0.0027
vn 0.5107 -0.8598 -0.0000
vn 0.5108 -0.8597 -0.0000
vn 0.7027 -0.1351 0.6986
vn 0.9975 -0.0252 0.0661
vn 0.9974 -0.0134 0.0703
vn 0.5372 -0.1583 0.8285
vn 0.5419 -0.2871 0.7899
vn 0.5334 -0.6192 0.5762
vn 0.5419 -0.2876 0.7897
vn 0.5202 -0.8145 0.2567
vn 0.5334 -0.6192 0.5763
vn 0.5116 -0.8477 0.1403
vn 0.5381 -0.0000 0.8429
vn 0.5202 0.8146 0.2567
vn 0.5116 0.8477 0.1403
vn 0.5419 0.2871 0.7899
vn 0.5334 0.6193 0.5762
vn 0.5419 0.2876 0.7897
vn 0.5372 0.1583 0.8285
vn 0.9975 0.0252 0.0661
vn 0.6550 0.5531 0.5149
vn 0.6846 0.2682 0.6778
vn 0.7027 0.1336 0.6989
vn 0.9974 0.0528 0.0494
vn 0.6650 0.7064 0.2422
vn 0.5334 0.6192 0.5763
vn 0.9972 0.0710 0.0235
vn 0.6800 0.7230 0.1222
vn 0.0090 0.9865 0.1633
vn 0.0093 0.9459 0.3244
vn 0.0095 0.7320 0.6812
vn 0.0097 -0.0000 1.0000
vn 0.6858 -0.0019 0.7278
vn 0.6857 -0.0000 0.7278
vn 0.9974 -0.0000 0.0714
vn 0.0091 -0.9865 0.1633
vn 0.6650 -0.7065 0.2422
vn 0.0092 -0.9459 0.3245
vn 0.6800 -0.7234 0.1198
vn 0.9972 -0.0710 0.0235
vn 0.6549 -0.5531 0.5149
vn 0.0096 -0.7320 0.6812
vn 0.9974 -0.0530 0.0492
vn 0.6027 -0.3184 0.7317
vn 0.0097 -0.3683 0.9297
vn 0.0096 -0.1877 0.9822
vn 0.4868 -0.7070 0.5130
vn 0.9088 -0.1570 0.3866
vn 0.4229 -0.3465 0.8373
vn 0.4366 -0.1689 0.8837
vn 0.9070 -0.0791 0.4137
vn 0.4076 -0.9132 -0.0000
vn 0.8952 -0.4456 -0.0000
vn 0.4072 -0.9133 -0.0000
vn 0.0089 -1.0000 -0.0000
vn 0.4389 -0.1687 -0.8826
vn 0.9088 -0.1570 -0.3866
vn 0.4229 -0.3465 -0.8373
vn 0.0096 -0.1877 -0.9822
vn 0.0098 -0.3683 -0.9297
vn 0.4055 -0.6568 -0.6358
vn 0.9054 -0.3108 -0.2894
vn 0.0095 -0.7320 -0.6812
vn 0.4063 -0.8543 -0.3243
vn 0.9000 -0.4113 -0.1447
vn 0.0093 -0.9459 -0.3244
vn 0.6651 -0.7064 -0.2422
vn 0.9972 -0.0710 -0.0235
vn 0.0089 -0.9865 -0.1633
vn 0.6799 -0.7230 -0.1222
vn 0.9971 -0.0755 -0.0125
vn 0.5116 -0.8477 -0.1403
vn 0.5202 -0.8145 -0.2567
vn 0.5117 -0.8477 -0.1403
vn 0.9974 -0.0000 -0.0714
vn 0.6898 0.0019 -0.7240
vn 0.6789 -0.0000 -0.7342
vn 0.5381 -0.0000 -0.8429
vn 0.6799 0.7234 -0.1198
vn 0.9972 0.0710 -0.0235
vn 0.6650 0.7064 -0.2422
vn 0.5116 0.8477 -0.1403
vn 0.5202 0.8146 -0.2567
vn 0.5334 0.6192 -0.5763
vn 0.5419 0.2871 -0.7899
vn 0.5419 0.2876 -0.7897
vn 0.5372 0.1583 -0.8285
vn 0.5108 0.8597 -0.0000
vn 0.9971 0.0767 -0.0000
vn 0.6687 0.7436 0.0026
vn 0.6685 0.7437 -0.0000
vn 0.9975 0.0253 -0.0661
vn 0.7027 0.1351 -0.6986
vn 0.6846 0.2682 -0.6778
vn 0.0090 1.0000 -0.0000
vn 0.0096 0.1877 -0.9822
vn 0.0098 0.3683 -0.9297
vn 0.0096 0.1877 0.9822
vn 0.0098 0.3683 0.9297
vn 0.8952 0.4457 -0.0000
vn 0.4076 0.9131 -0.0000
vn 0.4072 0.9133 -0.0000
vn 0.4366 0.1689 0.8837
vn 0.9088 0.1569 0.3866
vn 0.4229 0.3466 0.8373
vn 0.4050 0.6693 0.6230
vn 0.9054 0.3108 0.2893
vn 0.4058 0.8603 0.3085
vn -0.0000 0.3842 0.9233
vn -0.0000 0.7320 0.6813
vn -0.0000 0.9408 0.3391
vn 0.4937 0.7047 -0.5096
vn -0.0000 0.9408 -0.3390
vn 0.4058 0.8603 -0.3085
vn 0.4958 0.4193 -0.7605
vn -0.0000 0.7320 -0.6813
vn 0.9054 0.3108 -0.2893
vn 0.9088 0.1570 -0.3866
vn 0.4389 0.1687 -0.8825
vn -0.0000 0.3842 -0.9233
vn -0.0000 0.1877 0.9822
vn 0.0095 0.7320 -0.6812
vn 0.0093 0.9459 -0.3244
vn 0.6403 0.5468 -0.5394
vn 0.9974 0.0529 -0.0493
vn 0.0090 0.9865 -0.1633
vn 0.4141 0.8980 -0.1487
vn 0.9000 0.4113 -0.1446
vn 0.9073 -0.0000 -0.4204
vn 0.4274 -0.0000 -0.9041
vn 0.0097 -0.0000 -1.0000
vn 0.4141 -0.8980 -0.1487
vn 0.8956 -0.4390 -0.0727
vn -0.0000 -0.9866 -0.1633
vn -0.0000 0.9866 -0.1633
vn -0.0000 -0.9408 -0.3391
vn 0.4166 -0.8969 0.1485
vn -0.0000 -0.9408 0.3390
vn -0.0000 -0.9866 0.1633
vn 0.4844 -0.7782 0.3996
vn -0.0000 -0.7320 0.6813
vn 0.9054 -0.3109 0.2893
vn 0.9000 -0.4113 0.1447
vn 0.4274 -0.0000 0.9041
vn 0.9073 -0.0000 0.4204
vn 0.9000 0.4113 0.1447
vn 0.4166 0.8969 0.1485
vn -0.0000 0.9866 0.1633
vn -0.0000 -0.3842 0.9233
vn -0.0000 -0.1877 0.9822
vn -0.0000 -0.7320 -0.6813
vn -0.0000 -0.3842 -0.9233
vn -0.5419 -0.2871 -0.7899
vn -0.5372 -0.1583 -0.8285
vn -0.5419 -0.2876 -0.7897
vn -0.5334 -0.6192 -0.5763
vn -0.9975 -0.0252 -0.0661
vn -0.7027 -0.1351 -0.6986
vn -0.6846 -0.2682 -0.6778
vn -0.6459 -0.5444 -0.5352
vn -0.9971 -0.0767 -0.0000
vn -0.6734 -0.7393 0.0025
vn -0.6606 -0.7507 -0.0000
vn -0.5107 -0.8598 -0.0000
vn -0.5108 -0.8597 -0.0000
vn -0.7027 -0.1336 0.6989
vn -0.9975 -0.0252 0.0661
vn -0.6846 -0.2682 0.6778
vn -0.5372 -0.1583 0.8285
vn -0.5419 -0.2871 0.7899
vn -0.5420 -0.2876 0.7897
vn -0.5334 -0.6192 0.5762
vn -0.5334 -0.6192 0.5763
vn -0.5202 -0.8146 0.2567
vn -0.5202 -0.8145 0.2567
vn -0.5116 -0.8477 0.1403
vn -0.5381 -0.0000 0.8429
vn -0.5116 0.8477 0.1403
vn -0.5202 0.8146 0.2567
vn -0.5334 0.6193 0.5762
vn -0.5419 0.2871 0.7899
vn -0.5419 0.2876 0.7897
vn -0.5372 0.1583 0.8285
vn -0.6459 0.5444 0.5352
vn -0.9975 0.0252 0.0661
vn -0.6846 0.2682 0.6778
vn -0.7027 0.1351 0.6986
vn -0.9974 0.0134 0.0703
vn -0.6604 0.6986 0.2754
vn -0.9974 0.0529 0.0493
vn -0.5334 0.6192 0.5763
vn -0.6799 0.7234 0.1198
vn -0.9972 0.0710 0.0235
vn -0.0090 0.9865 0.1633
vn -0.0093 0.9459 0.3244
vn -0.0095 0.7320 0.6812
vn -0.6858 -0.0000 0.7278
vn -0.0097 -0.0000 1.0000
vn -0.9974 -0.0000 0.0714
vn -0.6858 0.0019 0.7278
vn -0.6631 -0.7093 0.2392
vn -0.0090 -0.9865 0.1633
vn -0.0092 -0.9459 0.3245
vn -0.9972 -0.0710 0.0235
vn -0.6800 -0.7230 0.1222
vn -0.6542 -0.5561 0.5126
vn -0.0096 -0.7320 0.6812
vn -0.9974 -0.0530 0.0492
vn -0.0098 -0.3683 0.9297
vn -0.0096 -0.1877 0.9822
vn -0.9088 -0.1570 0.3866
vn -0.4050 -0.6693 0.6230
vn -0.4229 -0.3466 0.8373
vn -0.4366 -0.1689 0.8837
vn -0.8952 -0.4456 -0.0000
vn -0.4076 -0.9132 -0.0000
vn -0.4072 -0.9133 -0.0000
vn -0.0089 -1.0000 -0.0000
vn -0.0091 -1.0000 -0.0000
vn -0.9088 -0.1570 -0.3866
vn -0.4389 -0.1687 -0.8826
vn -0.4229 -0.3466 -0.8373
vn -0.0096 -0.1877 -0.9822
vn -0.0098 -0.3683 -0.9297
vn -0.4868 -0.7070 -0.5130
vn -0.0095 -0.7320 -0.6812
vn -0.4867 -0.8520 -0.1926
vn -0.9054 -0.3109 -0.2893
vn -0.0093 -0.9459 -0.3244
vn -0.6629 -0.7096 -0.2388
vn -0.9974 -0.0530 -0.0492
vn -0.0089 -0.9865 -0.1633
vn -0.6799 -0.7234 -0.1198
vn -0.9972 -0.0710 -0.0235
vn -0.5116 -0.8477 -0.1403
vn -0.5202 -0.8145 -0.2567
vn -0.9974 -0.0000 -0.0714
vn -0.6898 -0.0000 -0.7240
vn -0.5381 -0.0000 -0.8429
vn -0.6800 0.7230 -0.1222
vn -0.9972 0.0710 -0.0235
vn -0.9971 0.0755 -0.0125
vn -0.5116 0.8477 -0.1403
vn -0.5202 0.8146 -0.2567
vn -0.5334 0.6191 -0.5763
vn -0.5334 0.6192 -0.5762
vn -0.5419 0.2871 -0.7899
vn -0.5372 0.1583 -0.8285
vn -0.5419 0.2876 -0.7897
vn -0.5108 0.8597 -0.0000
vn -0.6687 0.7436 -0.0000
vn -0.9971 0.0767 -0.0000
vn -0.6685 0.7437 -0.0026
vn -0.7027 0.1336 -0.6989
vn -0.9975 0.0252 -0.0661
vn -0.6846 0.2682 -0.6778
vn -0.0090 1.0000 -0.0000
vn -0.0096 0.1877 -0.9822
vn -0.0098 0.3683 -0.9297
vn -0.0096 0.1877 0.9822
vn -0.4076 0.9131 -0.0000
vn -0.8952 0.4457 -0.0000
vn -0.4072 0.9133 -0.0000
vn -0.4366 0.1689 0.8837
vn -0.9088 0.1569 0.3866
vn -0.9070 0.0791 0.4137
vn -0.4868 0.7070 0.5130
vn -0.4936 0.2393 0.8361
vn -0.0098 0.3683 0.9297
vn -0.4867 0.8520 0.1926
vn -0.9054 0.3108 0.2894
vn -0.0000 0.9408 0.3390
vn -0.0000 0.9407 -0.3391
vn -0.4050 0.6693 -0.6230
vn -0.4058 0.8603 -0.3085
vn -0.4229 0.3466 -0.8373
vn -0.9054 0.3109 -0.2893
vn -0.9000 0.4113 -0.1447
vn -0.9088 0.1570 -0.3866
vn -0.4389 0.1687 -0.8826
vn -0.0095 0.7320 -0.6812
vn -0.6549 0.5531 -0.5149
vn -0.0093 0.9459 -0.3244
vn -0.6270 0.7284 -0.2762
vn -0.9974 0.0529 -0.0493
vn -0.0090 0.9865 -0.1633
vn -0.4141 0.8980 -0.1487
vn -0.8956 0.4390 -0.0727
vn -0.4333 -0.0000 -0.9012
vn -0.9073 -0.0000 -0.4204
vn -0.0097 -0.0000 -1.0000
vn -0.6789 -0.0021 -0.7342
vn -0.4141 -0.8980 -0.1487
vn -0.9000 -0.4113 -0.1447
vn -0.4175 -0.0000 -0.9087
vn -0.0000 -0.9408 -0.3390
vn -0.4166 -0.8969 0.1485
vn -0.5075 -0.7649 0.3966
vn -0.9054 -0.3109 0.2893
vn -0.9000 -0.4113 0.1447
vn -0.9073 -0.0000 0.4204
vn -0.4333 -0.0000 0.9012
vn -0.4175 -0.0000 0.9087
vn -0.4166 0.8969 0.1485
vn -0.9000 0.4113 0.1447
vn -0.0000 -0.3841 0.9233
vn -0.0000 -0.3842 -0.9232
vn -0.9708 0.2399 -0.0011
vn -0.9393 0.3432 -0.0017
vn -0.9392 0.3433 -0.0018
vn 0.0017 -0.0006 -1.0000
vn 0.0015 0.0006 -1.0000
vn 0.0044 1.0000 -0.0000
vn 0.0043 1.0000 -0.0000
vn 0.0043 1.0000 0.0001
vn -0.0000 0.0002 -1.0000
vn -1.0000 -0.0003 -0.0000
vn -0.0000 -1.0000 -0.0002
vn 1.0000 -0.0003 -0.0000
vn -0.0043 1.0000 -0.0000
vn -0.0044 1.0000 -0.0000
vn -0.0043 1.0000 0.0001
vn -0.0015 0.0006 -1.0000
vn 0.9393 0.3432 -0.0017
vn 0.9708 0.2399 -0.0011
vn 0.9392 0.3433 -0.0018
vn -0.0017 -0.0006 -1.0000
vn 0.8354 0.5496 -0.0018
vn 0.8355 0.5495 -0.0019
vn 0.7055 0.7087 -0.0019
vn -0.0014 -0.0014 -1.0000
vn -0.0016 -0.0010 -1.0000
vn 0.5558 0.8313 -0.0019
vn -0.0011 -0.0016 -1.0000
vn 0.3635 0.9316 -0.0020
vn -0.0007 -0.0019 -1.0000
vn 0.1615 0.9869 -0.0020
vn -0.0000 1.0000 -0.0020
vn -0.0003 -0.0020 -1.0000
vn -0.0000 -0.0021 -1.0000
vn -0.1611 0.9869 -0.0020
vn 0.0003 -0.0020 -1.0000
vn -0.3635 0.9316 -0.0020
vn -0.1615 0.9869 -0.0020
vn 0.0007 -0.0019 -1.0000
vn -0.5558 0.8313 -0.0019
vn -0.3640 0.9314 -0.0020
vn -0.7055 0.7087 -0.0019
vn 0.0011 -0.0016 -1.0000
vn 0.0014 -0.0014 -1.0000
vn -0.8354 0.5497 -0.0019
vn 0.0016 -0.0010 -1.0000
vn -0.8354 0.5497 -0.0018
vn 0.8147 -0.0666 -0.5761
vn 0.4330 -0.9013 -0.0145
vn 0.2961 -0.9013 -0.3162
vn 0.9481 -0.1191 -0.2949
vn 0.3164 -0.9013 0.2959
vn -0.0153 -0.9017 -0.4320
vn 0.0145 -0.9015 0.4326
vn -0.2953 -0.9016 0.3162
vn -0.4311 -0.9023 0.0066
vn -0.3195 -0.8994 -0.2983
vn -0.8144 -0.0695 0.5761
vn -0.1687 -0.0666 0.9834
vn 0.0339 0.0104 0.9994
vn -0.6835 0.0104 0.7299
vn -0.7383 -0.6745 -0.0010
vn -0.9998 0.0100 0.0184
vn -0.4280 0.9036 0.0150
vn -0.2914 0.8991 0.3267
vn -0.3253 0.8999 -0.2904
vn -0.3755 0.3820 -0.8445
vn -0.7303 -0.0091 -0.6830
vn -0.0238 0.9017 -0.4316
vn -0.0354 0.0109 -0.9993
vn -0.0354 -0.0159 -0.9992
vn 0.6839 0.0101 -0.7295
vn 0.4311 0.9020 -0.0227
vn 0.8374 0.3928 -0.3802
vn 0.2956 0.8956 -0.3324
vn 0.3197 0.9028 0.2877
vn 0.7302 0.0103 0.6831
vn 0.5277 -0.6743 0.5166
vn 0.0302 0.9046 0.4253
vn 0.8198 -0.0338 0.5716
vn 0.8925 -0.0000 -0.4510
vn 0.7233 -0.0000 -0.6905
vn 0.7137 -0.1628 -0.6813
vn 0.7137 -0.1626 -0.6813
vn 0.8128 -0.0693 0.5783
vn 0.8843 -0.1414 -0.4451
vn 0.6477 0.0048 0.7618
vn 0.8904 -0.4281 0.1543
vn 0.5409 -0.0246 0.8407
vn 0.7617 -0.0052 0.6479
vn 0.6028 -0.0037 0.7979
vn 0.8212 -0.4936 -0.2862
vn 0.8090 0.4274 -0.4034
vn 0.7194 0.6478 -0.2507
vn 0.5394 0.0888 0.8374
vn -0.4401 0.4273 0.7897
vn -0.2838 0.6478 0.7070
vn -0.4840 -0.1414 0.8636
vn -0.3239 -0.4936 0.8071
vn -0.6138 -0.5291 0.5860
vn -0.7137 -0.1626 0.6813
vn -0.7136 -0.1628 0.6813
vn -0.6415 0.4621 0.6124
vn -0.5285 0.6827 0.5046
vn -0.7232 0.0147 0.6905
vn -0.6414 0.4621 0.6124
vn -0.4559 -0.7763 0.4353
vn -0.7231 0.0229 0.6904
vn -0.5360 0.0135 0.8441
vn 0.4443 0.1141 0.8886
vn -0.3228 -0.7634 0.5595
vn 0.0450 -0.2317 0.9718
vn 0.8647 0.1161 0.4887
vn 0.8909 0.4525 -0.0403
vn 0.4212 0.2462 0.8729
vn -0.4272 0.5113 0.7457
vn -0.4181 0.5069 0.7538
vn 0.2711 0.9197 0.2839
vn 0.8523 0.2493 0.4599
vn 0.7647 0.5113 -0.3921
vn 0.7724 0.5069 -0.3827
vn -0.0001 1.0000 -0.0000
vn 0.6159 0.5244 -0.5880
vn 0.7232 0.0139 -0.6905
vn 0.4559 -0.7763 -0.4353
vn 0.4559 -0.7764 -0.4353
vn 0.6414 0.4623 -0.6123
vn 0.7231 0.0269 -0.6903
vn 0.8680 0.0135 -0.4964
vn 0.5739 -0.7634 -0.2965
vn 0.5285 0.6827 -0.5046
vn 0.6416 0.4617 -0.6125
vn 0.6138 -0.5291 -0.5860
vn -0.6159 0.5244 0.5880
vn -0.7233 -0.0000 0.6905
vn -0.9109 -0.0000 0.4126
vn -0.9094 0.0003 0.4158
vn -0.8876 0.0001 -0.4607
vn 0.0013 1.0000 -0.0029
vn -0.4834 0.0702 0.8726
vn 0.0006 1.0000 -0.0019
vn -0.9999 -0.0000 -0.0113
vn -0.8876 -0.0000 -0.4606
vn 0.0007 1.0000 -0.0018
vn 0.0001 1.0000 -0.0011
vn 0.9978 -0.0025 -0.0668
vn 0.8554 -0.0012 0.5179
vn 0.9993 0.0001 0.0377
vn 0.6281 -0.0065 0.7781
vn 0.9358 -0.0000 -0.3527
vn 0.9358 -0.0000 -0.3526
vn 0.9210 -0.0000 -0.3895
vn -0.9468 -0.0000 0.3218
vn -0.9468 -0.0000 0.3219
vn -0.9188 -0.0000 0.3947
vn -0.0000 -1.0000 0.0001
vn 0.0001 -1.0000 0.0008
vn -1.0000 -0.0000 -0.0072
vn -0.7143 -0.0000 -0.6999
vn 0.7148 -0.0000 0.6993
vn 0.9967 -0.0000 0.0816
vn 0.9967 -0.0000 0.0813
vn 0.0381 -0.0000 0.9993
vn -0.6886 -0.0000 0.7251
vn 0.0380 -0.0000 0.9993
vn 0.7100 -0.0000 -0.7042
vn -0.0102 -0.0000 -0.9999
vn 0.9999 -0.0000 -0.0115
vn 0.7097 -0.0000 -0.7045
vn 0.9227 -0.0000 0.3854
vn 0.5798 -0.0000 -0.8147
vn -0.9969 -0.0000 0.0793
vn -0.9471 -0.0000 -0.3210
vn -0.9968 -0.0000 0.0793
vn -0.6893 -0.0000 0.7245
vn 0.0006 -1.0000 0.0013
vn 0.0003 -1.0000 0.0024
vn -0.5727 -0.0514 0.8181
vn 0.8068 0.0218 0.5905
vn 0.2185 0.5017 0.8370
vn -0.5780 0.1333 0.8051
vn 0.6164 0.0072 0.7874
vn 0.7644 0.0063 0.6448
vn -0.3240 0.4932 0.8073
vn -0.7137 0.1626 0.6813
vn -0.7137 0.1624 0.6813
vn -0.6139 0.5287 0.5861
vn -0.6416 -0.4618 0.6125
vn -0.5289 -0.6822 0.5049
vn -0.6418 -0.4611 0.6127
vn -0.7232 -0.0147 0.6905
vn -0.7231 -0.0228 0.6904
vn -0.5361 -0.0135 0.8441
vn 0.5396 -0.0892 0.8372
vn -0.4406 -0.4269 0.7897
vn -0.2839 -0.6473 0.7074
vn 0.4493 -0.1168 0.8857
vn -0.3228 0.7634 0.5595
vn -0.4559 0.7763 0.4353
vn 0.4231 -0.2414 0.8733
vn -0.4271 -0.5113 0.7457
vn -0.4181 -0.5069 0.7539
vn -0.6159 -0.5244 0.5879
vn -0.6159 -0.5244 0.5880
vn 0.0001 -1.0000 -0.0001
vn 0.6159 -0.5244 -0.5880
vn 0.6158 -0.5244 -0.5880
vn 0.7647 -0.5113 -0.3922
vn 0.8517 -0.2572 0.4566
vn 0.7724 -0.5069 -0.3827
vn 0.2711 -0.9197 0.2839
vn 0.2712 -0.9197 0.2839
vn 0.8680 -0.0135 -0.4964
vn 0.8673 -0.1138 0.4845
vn 0.5739 0.7634 -0.2965
vn 0.4559 0.7763 -0.4353
vn 0.7230 -0.0228 -0.6904
vn 0.7232 -0.0147 -0.6904
vn 0.7891 -0.1741 0.5891
vn 0.8095 -0.4268 -0.4032
vn 0.6416 -0.4616 -0.6126
vn 0.6417 -0.4615 -0.6126
vn 0.5289 -0.6822 -0.5049
vn 0.7137 0.1620 -0.6814
vn 0.6139 0.5287 -0.5861
vn 0.7141 0.1591 -0.6817
vn 0.7198 -0.6473 -0.2508
vn 0.8843 0.1409 -0.4451
vn 0.8215 0.4932 -0.2863
vn 0.1304 -0.0833 0.9879
vn 0.9943 -0.0058 0.1060
vn -0.0001 -1.0000 0.0001
vn -0.0002 -1.0000 -0.0001
vn -0.0165 0.0276 0.9995
vn 0.0001 -0.0000 1.0000
vn -0.0073 -0.0000 1.0000
vn -0.0335 0.0417 0.9986
vn -0.2593 0.0405 0.9649
vn -0.2044 -0.0011 0.9789
vn -0.2612 0.0411 0.9644
vn -0.5617 0.0010 0.8274
vn -0.6894 -0.0006 0.7244
vn -0.5610 0.0003 0.8278
vn 0.8065 0.0443 0.5896
vn 0.0030 1.0000 0.0040
vn 0.8056 0.0750 0.5877
vn 0.8075 -0.0000 0.5899
vn -0.9263 0.0017 0.3768
vn 0.0030 1.0000 0.0069
vn 0.0007 1.0000 0.0020
vn -0.9230 -0.0000 0.3848
vn -0.9212 -0.0001 0.3890
vn -0.9229 -0.0000 0.3850
vn 0.0002 1.0000 0.0026
vn -0.6673 -0.0000 0.7448
vn 0.0334 -0.0000 0.9994
vn 0.7303 -0.0000 0.6831
vn 0.9994 -0.0000 -0.0334
vn -0.7303 -0.0000 -0.6831
vn -0.0334 -0.0000 -0.9994
vn -0.9994 -0.0000 0.0334
vn -0.6831 -0.0000 0.7303
vn -0.3517 -0.0000 0.9361
vn 0.3679 -0.0000 -0.9298
vn 0.7015 -0.0000 -0.7127
vn 0.3680 -0.0000 -0.9298
vn -0.9938 -0.0000 -0.1108
vn 0.6831 -0.0000 -0.7303
vn -0.0001 -1.0000 -0.0015
vn -0.0003 -1.0000 -0.0008
vn 0.9382 -0.0000 -0.3461
vn 0.9047 -0.0000 -0.4260
vn -0.0016 -1.0000 -0.0037
vn -0.0017 -1.0000 -0.0022
vn 0.6780 -0.0000 -0.7351
vn 0.9047 -0.0000 -0.4261
vn -0.0026 -1.0000 -0.0023
vn -0.0017 -1.0000 -0.0013
vn -0.0007 -1.0000 -0.0004
vn 0.5459 -0.0000 -0.8378
vn 0.4151 -0.0000 -0.9098
vn -0.0017 -1.0000 -0.0004
vn 0.5461 -0.0000 -0.8377
vn 0.6779 -0.0002 -0.7351
vn -0.0028 -1.0000 -0.0041
vn -0.0045 -1.0000 -0.0066
vn -0.0040 -1.0000 -0.0029
vn 0.9382 -0.0000 -0.3462
vn -0.0006 -1.0000 -0.0016
vn -0.0031 -1.0000 -0.0071
vn -0.9265 0.0001 0.3763
vn -0.9217 -0.0010 0.3879
vn -0.6897 -0.0009 0.7241
vn -0.0003 -1.0000 -0.0027
vn 0.7310 -0.0024 0.6824
vn 0.7347 -0.0000 0.6784
vn 0.6933 -0.0144 -0.7205
vn 0.9993 -0.0116 -0.0353
vn 0.9986 -0.0041 -0.0518
vn 0.3683 -0.0184 -0.9295
vn 0.3696 -0.0178 -0.9290
vn 0.0001 -1.0000 -0.0000
vn -0.9941 0.0038 -0.1081
vn -0.9956 0.0006 -0.0939
vn -0.9959 -0.0000 -0.0910
vn 0.0002 1.0000 0.0017
vn 0.0003 1.0000 0.0009
vn 0.0017 1.0000 0.0040
vn 0.0018 1.0000 0.0024
vn 0.0028 1.0000 0.0027
vn 0.0017 1.0000 0.0013
vn 0.0007 1.0000 0.0004
vn -0.2041 -0.0001 0.9790
vn 0.0002 1.0000 0.0001
vn 0.0021 1.0000 0.0006
vn 0.0001 1.0000 -0.0000
vn -0.0012 1.0000 -0.0002
vn -0.0001 1.0000 0.0001
vn 0.0001 -0.0000 -1.0000
vn -0.0073 0.0003 -1.0000
vn -0.0073 -0.0000 -1.0000
vn -0.2446 -0.0430 -0.9687
vn -0.2017 -0.0000 -0.9794
vn -0.0134 0.9999 0.0039
vn -0.0060 1.0000 0.0033
vn -0.6573 0.0001 -0.7536
vn -0.3816 -0.0000 -0.9243
vn -0.0201 0.9998 0.0081
vn -0.0087 0.9999 0.0066
vn 0.7879 -0.0000 -0.6158
vn -0.0064 0.9999 0.0093
vn -0.0093 0.9999 0.0136
vn -0.0086 0.9999 0.0066
vn -0.6708 -0.0003 -0.7416
vn -0.9266 -0.0003 -0.3760
vn 0.8077 -0.0000 -0.5896
vn 0.0178 -0.9995 -0.0263
vn 0.0117 -0.9998 -0.0166
vn 0.0160 -0.9998 -0.0117
vn -0.3069 -0.0016 -0.9517
vn -0.4124 -0.0000 -0.9110
vn -0.2226 -0.0000 -0.9749
vn 0.0319 -0.9994 -0.0128
vn 0.0105 -0.9999 -0.0057
vn 0.0214 -0.9998 -0.0061
vn -0.0510 -0.0463 -0.9976
vn -0.0075 -0.0000 -1.0000
vn 0.0020 -1.0000 0.0005
vn 0.3311 -0.0000 0.9436
vn 0.4151 -0.0000 0.9098
vn 0.6436 -0.0000 0.7654
vn 0.1141 -0.0000 0.9935
vn 0.2430 -0.0000 0.9700
vn 0.3323 -0.0000 0.9432
vn 0.1165 -0.0000 0.9932
vn 0.6422 -0.0000 0.7665
vn 0.2466 -0.0001 0.9691
vn 0.0119 -0.9995 -0.0286
vn 0.0024 -1.0000 -0.0071
vn -0.9230 -0.0000 -0.3848
vn -0.9213 -0.0000 -0.3889
vn 0.0010 -0.9999 -0.0110
vn -0.6674 -0.0000 -0.7447
vn -0.0001 -1.0000 -0.0000
vn 0.0334 -0.0000 -0.9994
vn 0.7303 -0.0000 -0.6831
vn 0.9994 -0.0000 0.0334
vn -0.7303 -0.0000 0.6831
vn -0.0334 -0.0000 0.9994
vn -0.9994 -0.0000 -0.0334
vn -0.9106 -0.0000 -0.4133
vn -0.9994 -0.0000 -0.0333
vn 0.9106 -0.0000 0.4133
vn 0.6831 -0.0000 0.7303
vn -0.0005 1.0000 0.0062
vn -0.0014 1.0000 0.0041
vn 0.9382 -0.0000 0.3462
vn 0.9382 -0.0000 0.3461
vn 0.9047 -0.0000 0.4260
vn -0.0064 0.9999 0.0152
vn 0.9047 -0.0000 0.4261
vn 0.0003 -1.0000 -0.0000
vn 0.0005 -1.0000 0.0001
vn 0.0239 0.0355 -0.9991
vn -0.0001 -0.0000 -1.0000
vn 0.0073 -0.0001 -1.0000
vn 0.0403 0.0445 -0.9982
vn 0.2608 0.0407 -0.9645
vn 0.2041 -0.0009 -0.9789
vn 0.2619 0.0410 -0.9642
vn 0.5618 0.0007 -0.8273
vn 0.6892 -0.0004 -0.7246
vn 0.5611 0.0003 -0.8277
vn -0.0069 0.9999 -0.0103
vn -0.0045 1.0000 -0.0065
vn -0.0062 1.0000 -0.0046
vn -0.8075 -0.0000 -0.5899
vn -0.8077 -0.0000 -0.5896
vn 0.9264 0.0008 -0.3765
vn -0.0047 0.9999 -0.0111
vn -0.0009 1.0000 -0.0027
vn 0.9230 -0.0000 -0.3848
vn 0.9213 -0.0001 -0.3889
vn 0.9230 -0.0000 -0.3849
vn -0.0004 1.0000 -0.0043
vn 0.6674 -0.0000 -0.7447
vn 0.6673 -0.0000 -0.7447
vn -0.9994 -0.0000 0.0333
vn 0.9106 -0.0000 -0.4133
vn -0.9106 -0.0000 0.4133
vn 0.0003 -1.0000 0.0025
vn 0.0004 -1.0000 0.0013
vn -0.9382 -0.0000 0.3462
vn -0.9047 -0.0000 0.4260
vn 0.0027 -1.0000 0.0060
vn 0.0026 -1.0000 0.0036
vn -0.6779 -0.0000 0.7352
vn -0.9047 -0.0001 0.4261
vn 0.0040 -1.0000 0.0040
vn 0.0026 -1.0000 0.0024
vn 0.0015 -1.0000 0.0008
vn -0.5459 -0.0000 0.8378
vn -0.4151 -0.0000 0.9098
vn 0.0029 -1.0000 0.0009
vn -0.5461 -0.0000 0.8377
vn -0.6778 -0.0003 0.7352
vn 0.0051 -1.0000 0.0067
vn 0.0072 -0.9999 0.0106
vn 0.0065 -1.0000 0.0047
vn 0.0011 -1.0000 0.0029
vn 0.0050 -0.9999 0.0115
vn 0.9265 0.0001 -0.3764
vn 0.9229 -0.0000 -0.3849
vn 0.9216 -0.0004 -0.3882
vn 0.6896 -0.0003 -0.7242
vn 0.0004 -1.0000 0.0043
vn 0.6673 -0.0000 -0.7448
vn -0.7309 -0.0017 -0.6825
vn -0.7350 -0.0000 -0.6781
vn -0.0002 -1.0000 -0.0000
vn -0.8999 -0.0050 0.4360
vn -0.9994 -0.0076 0.0339
vn -0.9986 -0.0023 0.0525
vn -0.0003 1.0000 -0.0027
vn -0.0006 1.0000 -0.0016
vn -0.0027 1.0000 -0.0065
vn -0.0029 1.0000 -0.0039
vn -0.0045 1.0000 -0.0044
vn -0.0029 1.0000 -0.0026
vn -0.0013 1.0000 -0.0007
vn 0.2040 -0.0001 -0.9790
vn -0.0004 1.0000 -0.0001
vn -0.0031 1.0000 -0.0008
vn 0.0075 -0.0000 -1.0000
vn -0.0003 1.0000 -0.0000
vn -0.9553 -0.1296 -0.2657
vn -0.2598 -0.9249 0.2776
vn -0.6831 -0.0053 0.7303
vn -0.4876 -0.1297 -0.8634
vn -0.4018 -0.9152 0.0301
vn -0.2741 -0.9203 -0.2792
vn -0.0127 -0.9250 -0.3798
vn 0.2594 -0.9251 -0.2774
vn 0.3783 -0.9257 -0.0058
vn 0.2806 -0.9234 0.2621
vn 0.0135 -0.9252 0.3791
vn 0.1752 -0.0567 -0.9829
vn -0.7308 0.0039 -0.6826
vn -0.0324 0.0039 -0.9995
vn 0.4767 -0.7280 -0.4927
vn 0.6835 0.0038 -0.7299
vn 0.2512 0.9266 -0.2800
vn -0.0118 0.9158 -0.4014
vn 0.3755 0.9267 -0.0134
vn 0.9998 0.0038 -0.0170
vn 0.8285 -0.4194 0.3710
vn 0.2851 0.9190 0.2725
vn 0.3289 0.4127 0.8494
vn 0.7304 -0.0024 0.6830
vn 0.0354 -0.0098 0.9993
vn 0.0403 0.0042 0.9992
vn -0.6840 0.0037 0.7295
vn -0.2541 0.9250 0.2825
vn 0.0128 0.9119 0.4103
vn -0.3784 0.9254 0.0202
vn -0.3137 0.9155 -0.2518
vn -0.9293 0.1432 0.3405
vn 0.9996 -0.0000 0.0299
vn 0.9996 -0.0000 0.0298
vn -0.9996 -0.0000 -0.0299
vn -0.9190 -0.0000 0.3943
vn -0.3710 -0.0000 0.9286
vn -0.9286 -0.0000 -0.3710
vn -0.3943 -0.0000 -0.9190
vn 0.3710 -0.0000 -0.9286
vn 0.9190 -0.0000 -0.3943
vn 0.9286 -0.0000 0.3710
vn 0.3943 -0.0000 0.9190
vn 0.3710 -0.0000 0.9286
vn 0.9286 -0.0000 -0.3710
vn 0.3943 -0.0000 -0.9190
vn -0.3710 -0.0000 -0.9286
vn -0.9190 -0.0000 -0.3943
vn -0.9286 -0.0000 0.3710
vn -0.3943 -0.0000 0.9190
vn -0.8660 -0.0000 0.5000
vn -0.8660 -0.0000 -0.5000
vn -0.5000 -0.0000 -0.8660
vn -0.3485 0.9155 -0.2012
vn -0.2012 0.9154 -0.3485
vn -0.4025 0.9154 -0.0000
vn -0.8336 0.2709 -0.4813
vn -0.4813 0.2709 -0.8337
vn -0.9626 0.2709 -0.0000
vn -0.4333 -0.8659 -0.2501
vn -0.2501 -0.8659 -0.4333
vn -0.5003 -0.8658 -0.0000
vn -0.5003 -0.8659 -0.0000
vn -0.2085 0.9656 -0.1557
vn -0.3032 0.7952 -0.5251
vn -0.5251 0.7952 -0.3032
vn -0.2571 0.9659 -0.0309
vn -0.6063 0.7952 -0.0000
vn -0.0955 0.9135 -0.3955
vn -0.0000 0.9672 -0.2542
vn -0.0000 0.7952 -0.6064
vn 0.1269 0.9672 -0.2198
vn 0.3032 0.7952 -0.5251
vn 0.2202 0.9671 -0.1271
vn 0.5251 0.7952 -0.3032
vn 0.2533 0.9674 -0.0000
vn 0.6063 0.7952 -0.0000
vn 0.5251 0.7952 0.3032
vn 0.2807 0.9136 0.2942
vn 0.3032 0.7952 0.5251
vn 0.0960 0.9136 0.3951
vn -0.0000 0.9670 0.2546
vn -0.0000 0.7952 0.6064
vn -0.3032 0.7952 0.5251
vn -0.2952 0.9134 0.2803
vn -0.2208 0.9670 0.1274
vn -0.5251 0.7952 0.3032
vn -0.5000 -0.0000 0.8660
vn -0.4333 -0.8659 0.2501
vn -0.4332 -0.8659 0.2501
vn -0.2501 -0.8659 0.4333
vn -0.8336 0.2709 0.4813
vn -0.4813 0.2709 0.8336
vn -0.3485 0.9154 0.2012
vn -0.3485 0.9155 0.2012
vn -0.2012 0.9154 0.3485
vn -0.0000 0.9154 0.4024
vn 0.5000 -0.0000 0.8660
vn 0.2012 0.9154 0.3485
vn -0.0000 0.2709 0.9626
vn 0.4813 0.2709 0.8337
vn -0.0000 -0.8659 0.5003
vn 0.2501 -0.8659 0.4333
vn 0.8660 -0.0000 0.5000
vn 0.4333 -0.8659 0.2501
vn 0.5003 -0.8659 -0.0000
vn 0.8336 0.2709 0.4813
vn 0.4813 0.2709 0.8336
vn 0.9626 0.2709 -0.0000
vn 0.3485 0.9155 0.2012
vn 0.4024 0.9154 -0.0000
vn 0.8660 -0.0000 -0.5000
vn 0.3485 0.9154 -0.2012
vn 0.5000 -0.0000 -0.8660
vn 0.2012 0.9154 -0.3485
vn 0.8336 0.2709 -0.4813
vn 0.4813 0.2709 -0.8336
vn 0.4333 -0.8658 -0.2501
vn 0.2501 -0.8659 -0.4333
vn -0.0000 -0.8659 -0.5003
vn -0.0000 0.2709 -0.9626
vn -0.4813 0.2709 -0.8336
vn -0.0000 0.9154 -0.4024
vn 0.3485 0.9155 -0.2012
vn 0.4813 0.2709 -0.8337
vn 0.4333 -0.8659 -0.2501
vn 0.2205 0.9670 -0.1273
vn 0.0807 0.9608 -0.2652
vn -0.1269 0.9672 -0.2198
vn -0.0000 0.8810 -0.4731
vn -0.2198 0.9672 -0.1269
vn -0.2846 0.9551 -0.0821
vn -0.3951 0.9136 0.0960
vn -0.1209 0.9025 0.4135
vn 0.3031 0.7952 0.5251
vn -0.0000 0.8813 0.4726
vn 0.1893 0.9608 0.2025
vn 0.2809 0.9138 0.2934
vn 0.3485 0.9154 0.2012
vn -0.4813 0.2709 0.8337
vn -0.3485 0.9154 -0.2012
vn 0.3485 -0.9154 -0.2012
vn 0.2012 -0.9154 -0.3485
vn 0.4025 -0.9154 -0.0000
vn 0.8336 -0.2709 -0.4813
vn 0.4813 -0.2709 -0.8336
vn 0.9626 -0.2709 -0.0000
vn 0.4333 0.8658 -0.2502
vn 0.2502 0.8658 -0.4333
vn 0.5003 0.8658 -0.0000
vn 0.2085 -0.9656 -0.1557
vn 0.3032 -0.7952 -0.5251
vn 0.5251 -0.7952 -0.3032
vn 0.2575 -0.9658 -0.0308
vn 0.6064 -0.7952 -0.0000
vn 0.0955 -0.9135 -0.3955
vn -0.0000 -0.9672 -0.2542
vn -0.0000 -0.7952 -0.6064
vn -0.1269 -0.9672 -0.2198
vn -0.3032 -0.7952 -0.5251
vn -0.2198 -0.9672 -0.1269
vn -0.5251 -0.7952 -0.3032
vn -0.2537 -0.9673 -0.0000
vn -0.6064 -0.7952 -0.0000
vn -0.5251 -0.7952 0.3032
vn -0.2807 -0.9136 0.2942
vn -0.3031 -0.7952 0.5251
vn -0.0955 -0.9135 0.3954
vn -0.0000 -0.9670 0.2550
vn -0.0000 -0.7952 0.6064
vn 0.3032 -0.7952 0.5251
vn 0.2947 -0.9135 0.2805
vn 0.5251 -0.7952 0.3032
vn 0.3948 -0.9137 0.0962
vn 0.4333 0.8659 0.2502
vn 0.2502 0.8658 0.4333
vn 0.8336 -0.2709 0.4813
vn 0.4813 -0.2709 0.8336
vn 0.3486 -0.9154 0.2012
vn 0.2012 -0.9154 0.3485
vn -0.0000 -0.9154 0.4025
vn -0.2012 -0.9154 0.3485
vn -0.0000 -0.2709 0.9626
vn -0.4813 -0.2709 0.8336
vn -0.0000 0.8658 0.5003
vn -0.2502 0.8658 0.4333
vn -0.4333 0.8658 0.2502
vn -0.5003 0.8658 -0.0000
vn -0.8336 -0.2709 0.4813
vn -0.9626 -0.2709 -0.0000
vn -0.3486 -0.9154 0.2012
vn -0.4025 -0.9154 -0.0000
vn -0.3485 -0.9154 -0.2012
vn -0.2012 -0.9154 -0.3485
vn -0.8336 -0.2709 -0.4813
vn -0.4813 -0.2709 -0.8336
vn -0.4333 0.8658 -0.2502
vn -0.2502 0.8658 -0.4333
vn -0.0000 0.8658 -0.5003
vn -0.0000 -0.2709 -0.9626
vn -0.4813 -0.2709 -0.8337
vn -0.0000 -0.9154 -0.4025
vn -0.3486 -0.9154 -0.2012
vn -0.2205 -0.9670 -0.1273
vn -0.2533 -0.9674 -0.0000
vn -0.6063 -0.7952 -0.0000
vn -0.0802 -0.9609 -0.2650
vn -0.1137 -0.9345 -0.3373
vn 0.1269 -0.9672 -0.2198
vn 0.2202 -0.9671 -0.1271
vn 0.2843 -0.9552 -0.0824
vn 0.3031 -0.7952 0.5251
vn 0.3951 -0.9136 0.0960
vn 0.1208 -0.9025 0.4135
vn -0.0000 -0.8813 0.4726
vn -0.1893 -0.9609 0.2019
vn -0.2208 -0.9669 0.1275
vn -0.5252 -0.7952 0.3032
vn -0.4333 0.8659 0.2502
vn 0.2086 -0.2406 0.9479
vn 0.2160 -0.1235 0.9686
vn 0.3033 -0.1782 0.9361
vn -0.3861 0.9225 0.0002
vn -0.5883 0.3346 0.7362
vn -0.8691 0.4947 0.0004
vn 0.0147 -0.3259 0.9453
vn 0.0812 -0.2117 0.9740
vn -0.0000 1.0000 0.0002
vn -0.3545 0.5146 0.7807
vn 0.6007 -0.3247 0.7305
vn -0.0000 -0.6879 0.7258
vn 0.2231 -0.8231 0.5222
vn -0.5222 0.4499 0.7245
vn -0.7576 0.6527 0.0007
vn 0.5211 -0.4431 0.7295
vn 0.8796 -0.4758 -0.0004
vn 0.3701 -0.9290 -0.0002
vn 0.0003 -0.0002 1.0000
vn 0.0003 -0.0003 1.0000
vn 0.0004 -0.0004 1.0000
vn 0.0002 -0.0002 1.0000
vn 0.0003 -0.0001 1.0000
vn 0.0006 -0.0010 1.0000
vn 0.0007 -0.0013 1.0000
vn 0.7622 -0.6474 -0.0006
vn 0.4136 -0.5475 0.7275
vn 0.0009 -0.0026 1.0000
vn 0.0009 -0.0027 1.0000
vn 0.6033 -0.7975 -0.0015
vn 0.3084 -0.6142 0.7264
vn -0.4018 0.5967 0.6947
vn -0.3129 0.6210 0.7187
vn -0.4493 0.8934 0.0026
vn -0.6022 0.7984 0.0014
vn 0.2652 -0.2264 0.9372
vn 0.1421 -0.1902 0.9714
vn 0.2141 -0.2885 0.9332
vn 0.1068 -0.2143 0.9709
vn 0.1611 -0.3250 0.9319
vn 0.3977 -0.3650 0.8418
vn 0.3237 -0.4447 0.8352
vn 0.1235 -0.3312 0.9354
vn 0.2423 -0.4983 0.8325
vn 0.0751 -0.2289 0.9705
vn 0.0715 -0.3468 0.9352
vn 0.1671 -0.5282 0.8325
vn 0.0393 -0.2357 0.9710
vn -0.3108 0.9505 0.0027
vn -0.2162 0.6619 0.7178
vn -0.1107 0.6867 0.7184
vn -0.1599 0.9871 0.0015
vn 0.1108 -0.6776 0.7270
vn 0.2056 -0.6658 0.7173
vn 0.3108 -0.9505 -0.0028
vn 0.4492 -0.8934 -0.0026
vn 0.0011 -0.0030 1.0000
vn 0.0008 -0.0014 1.0000
vn 0.0009 -0.0013 1.0000
vn 0.0011 -0.0033 1.0000
vn -0.0000 -0.0003 1.0000
vn 0.1601 -0.9871 -0.0015
vn -0.0000 -0.6872 0.7265
vn -0.0008 -0.0014 1.0000
vn -0.0009 -0.0013 1.0000
vn -0.1601 -0.9871 -0.0015
vn -0.0000 -1.0000 -0.0007
vn -0.0011 -0.0030 1.0000
vn -0.3107 -0.9505 -0.0028
vn -0.1112 -0.6741 0.7302
vn 0.0339 0.7174 0.6958
vn 0.1107 0.6867 0.7184
vn 0.2162 0.6619 0.7178
vn 0.1599 0.9871 0.0015
vn -0.0000 1.0000 0.0006
vn 0.3107 0.9505 0.0027
vn -0.0393 -0.2357 0.9710
vn -0.1123 -0.3477 0.9309
vn -0.0585 -0.3587 0.9316
vn -0.0000 -0.2358 0.9718
vn -0.0000 -0.3589 0.9334
vn -0.1680 -0.5273 0.8329
vn -0.0847 -0.5488 0.8317
vn 0.0846 -0.5490 0.8315
vn 0.0042 -0.5505 0.8348
vn 0.1128 -0.7072 0.6979
vn -0.1189 -0.7070 0.6971
vn 0.1488 -0.4156 0.8973
vn 0.0207 -0.7251 0.6884
vn -0.0000 -0.4995 0.8663
vn -0.0802 -0.4958 0.8648
vn -0.2199 -0.6830 0.6966
vn -0.1503 -0.4796 0.8645
vn -0.0025 -0.0009 1.0000
vn -0.0020 -0.0027 1.0000
vn -0.2929 -0.9561 -0.0028
vn -0.1389 -0.8762 0.4616
vn -0.1555 -0.9878 -0.0015
vn -0.0000 -0.8862 0.4633
vn -0.0000 -1.0000 -0.0005
vn 0.0019 0.0051 1.0000
vn 0.0014 0.0041 1.0000
vn -0.2632 -0.8460 0.4637
vn 0.1375 0.8777 0.4591
vn 0.0199 0.0239 0.9995
vn 0.2565 0.8499 0.4602
vn 0.3838 0.7989 0.4632
vn 0.0032 0.0053 1.0000
vn -0.3847 -0.7973 0.4651
vn 0.5125 0.7219 0.4649
vn 0.0042 0.0054 1.0000
vn -0.5143 -0.7182 0.4687
vn 0.6219 0.6239 0.4732
vn -0.0000 0.0024 1.0000
vn -0.6284 -0.6183 0.4721
vn 0.7229 0.5032 0.4734
vn -0.0066 0.0008 1.0000
vn -0.7335 -0.4912 0.4698
vn 0.2988 0.7661 0.5690
vn -0.0032 -0.0191 0.9998
vn -0.2896 -0.8019 0.5226
vn -0.0001 -0.0292 0.9996
vn -0.0001 -0.8814 0.4724
vn 0.6092 0.7930 -0.0000
vn 1.0000 -0.0002 -0.0000
vn 1.0000 0.0001 -0.0000
vn 0.6037 -0.7972 -0.0000
vn 0.3194 0.7859 -0.5295
vn -0.0001 -0.0292 -0.9996
vn -0.0028 -0.0191 -0.9998
vn -0.0001 -0.8809 -0.4732
vn -0.2836 -0.8033 -0.5237
vn 0.0126 0.0313 -0.9994
vn -0.7408 -0.4823 -0.4675
vn 0.0107 0.0523 -0.9986
vn 0.7153 0.5215 -0.4651
vn -0.6564 -0.5945 -0.4645
vn 0.0026 0.0409 -0.9992
vn 0.6321 0.6342 -0.4451
vn -0.5281 -0.7066 -0.4709
vn -0.0014 0.0402 -0.9992
vn 0.5110 0.7315 -0.4515
vn -0.4053 -0.7821 -0.4735
vn -0.0102 0.0453 -0.9989
vn 0.3871 0.8028 -0.4534
vn -0.2651 -0.8429 -0.4681
vn -0.0103 0.0276 -0.9996
vn 0.2446 0.8617 -0.4446
vn -0.1227 -0.8735 -0.4711
vn -0.0198 0.0235 -0.9995
vn 0.1119 0.8832 -0.4554
vn -0.0054 -0.8835 -0.4684
vn -0.1241 0.8805 -0.4576
vn -0.0093 0.8918 -0.4523
vn -0.0245 0.0213 -0.9995
vn -0.2530 0.8540 -0.4547
vn 0.1227 -0.8735 -0.4711
vn -0.0379 0.0249 -0.9990
vn -0.3984 0.7944 -0.4584
vn 0.2651 -0.8429 -0.4681
vn -0.0304 0.0156 -0.9994
vn -0.5168 0.7200 -0.4632
vn 0.4053 -0.7821 -0.4735
vn -0.0337 0.0097 -0.9994
vn -0.6292 0.6192 -0.4699
vn 0.5282 -0.7066 -0.4709
vn -0.0450 -0.0077 -0.9990
vn -0.7211 0.5055 -0.4738
vn 0.6564 -0.5945 -0.4645
vn -0.0156 -0.0158 -0.9998
vn -0.3091 0.7810 -0.5427
vn 0.7408 -0.4823 -0.4675
vn 0.1585 -0.0324 -0.9868
vn 0.0001 -0.0292 -0.9996
vn 0.0001 -0.8809 -0.4732
vn 0.3427 -0.8822 -0.3230
vn -1.0000 -0.0002 -0.0000
vn -0.6092 0.7930 -0.0000
vn -1.0000 0.0001 -0.0000
vn -0.6037 -0.7972 -0.0000
vn 0.0001 -0.0292 0.9996
vn -0.3126 0.7797 0.5425
vn 0.0001 0.8681 0.4963
vn 0.0001 -0.8814 0.4724
vn -0.0750 -0.1330 0.9883
vn -0.0139 0.0327 0.9994
vn 0.7400 -0.4839 0.4672
vn 0.4725 -0.6602 0.5839
vn -0.0107 0.0540 0.9985
vn -0.7137 0.5232 0.4657
vn 0.6491 -0.6035 0.4630
vn -0.0033 0.0326 0.9995
vn -0.6239 0.6433 0.4438
vn 0.5176 -0.7153 0.4694
vn 0.0042 0.0411 0.9991
vn -0.5037 0.7339 0.4557
vn 0.3915 -0.7918 0.4689
vn 0.0078 0.0231 0.9997
vn -0.3717 0.8093 0.4549
vn 0.2632 -0.8460 0.4637
vn 0.0193 0.0342 0.9992
vn -0.2482 0.8542 0.4569
vn 0.1433 -0.8715 0.4690
vn -0.1219 0.8820 0.4553
vn 0.1555 -0.9878 -0.0015
vn 0.2929 -0.9561 -0.0028
vn 0.0025 -0.0009 1.0000
vn 0.0020 -0.0027 1.0000
vn 0.1503 -0.4796 0.8645
vn -0.0000 -0.0031 1.0000
vn 0.2194 -0.4502 0.8656
vn 0.4355 -0.9002 -0.0025
vn -0.0006 -0.0020 1.0000
vn 0.2930 -0.4038 0.8667
vn 0.5836 -0.8121 -0.0013
vn -0.0003 -0.0009 1.0000
vn 0.3624 -0.3454 0.8657
vn 0.7137 -0.7004 -0.0005
vn 0.0001 -0.0002 1.0000
vn 0.4254 -0.2681 0.8644
vn 0.8328 -0.5536 -0.0004
vn 0.0001 -0.0003 1.0000
vn 0.1657 -0.4015 0.9008
vn 0.3435 -0.9391 -0.0001
vn -0.0003 -0.4814 0.8765
vn -0.0005 -0.0000 1.0000
vn -0.0000 -1.0000 -0.0003
vn -0.8596 -0.5109 -0.0006
vn -0.8477 -0.5305 -0.0007
vn 0.0004 -1.0000 -0.0000
vn -0.0004 -1.0000 -0.0000
vn 0.0004 0.0002 -1.0000
vn -0.0000 0.0003 -1.0000
vn -0.0001 0.0002 -1.0000
vn 0.3418 -0.9398 -0.0003
vn -0.0003 0.0001 -1.0000
vn -0.0002 0.0002 -1.0000
vn 0.8339 -0.5519 -0.0003
vn -0.0001 0.0006 -1.0000
vn 0.0001 0.0009 -1.0000
vn 0.7240 -0.6898 -0.0004
vn -0.0000 0.0016 -1.0000
vn 0.0003 0.0020 -1.0000
vn 0.5912 -0.8065 -0.0013
vn -0.0004 0.0029 -1.0000
vn -0.0002 0.0031 -1.0000
vn 0.4556 -0.8902 -0.0025
vn -0.0013 0.0028 -1.0000
vn -0.0017 0.0026 -1.0000
vn 0.2881 -0.9576 -0.0029
vn -0.0016 0.0011 -1.0000
vn -0.0022 0.0008 -1.0000
vn 0.1386 -0.9903 -0.0016
vn -0.0000 -1.0000 -0.0006
vn 0.0022 0.0008 -1.0000
vn 0.0016 0.0011 -1.0000
vn -0.1387 -0.9903 -0.0015
vn 0.0017 0.0026 -1.0000
vn 0.0013 0.0028 -1.0000
vn -0.2881 -0.9576 -0.0029
vn 0.0002 0.0031 -1.0000
vn 0.0004 0.0029 -1.0000
vn -0.4557 -0.8901 -0.0025
vn -0.0003 0.0020 -1.0000
vn -0.5912 -0.8065 -0.0013
vn -0.0001 0.0009 -1.0000
vn 0.0001 0.0006 -1.0000
vn -0.7240 -0.6898 -0.0005
vn 0.0002 0.0002 -1.0000
vn 0.0003 0.0001 -1.0000
vn -0.8339 -0.5519 -0.0003
vn 0.0001 0.0002 -1.0000
vn -0.3418 -0.9398 -0.0001
vn -0.0004 0.0002 -1.0000
vn 0.8487 -0.5288 -0.0007
vn 0.0003 -0.4814 0.8765
vn -0.0001 -0.0003 1.0000
vn -0.1657 -0.4013 0.9008
vn -0.3435 -0.9391 -0.0003
vn -0.4254 -0.2681 0.8644
vn -0.8327 -0.5537 -0.0004
vn -0.0001 -0.0002 1.0000
vn -0.3624 -0.3454 0.8657
vn -0.7137 -0.7004 -0.0005
vn 0.0003 -0.0009 1.0000
vn -0.2930 -0.4038 0.8667
vn -0.5836 -0.8121 -0.0013
vn 0.0006 -0.0020 1.0000
vn -0.2194 -0.4502 0.8656
vn -0.4355 -0.9002 -0.0025
vn -0.3039 -0.6599 0.6871
vn -0.2436 -0.4944 0.8344
vn -0.4419 -0.5779 0.6861
vn -0.3246 -0.4413 0.8366
vn -0.5166 -0.4780 0.7104
vn -0.3977 -0.3650 0.8418
vn -0.5987 -0.3676 0.7116
vn -0.4609 -0.2795 0.8423
vn -0.2261 -0.5596 0.7973
vn -0.1897 -0.4446 0.8754
vn -0.0131 -0.5535 0.8328
vn -0.0042 -0.7027 0.7115
vn 0.6528 -0.7575 -0.0016
vn 0.7862 -0.6180 -0.0025
vn 0.7916 -0.6111 -0.0023
vn 0.6722 -0.7404 -0.0010
vn 0.8559 -0.5172 -0.0006
vn -0.0002 0.0001 -1.0000
vn 0.8808 -0.4735 -0.0029
vn 0.9023 -0.4312 -0.0013
vn 0.9105 -0.4135 -0.0029
vn -0.0164 -0.3933 0.9193
vn -0.1196 -0.2849 0.9511
vn -0.0147 -0.3259 0.9453
vn 0.2282 0.5431 0.8081
vn 0.3861 0.9225 0.0002
vn 0.7722 0.6354 0.0045
vn 0.0003 1.0000 -0.0000
vn 0.7840 0.6207 0.0046
vn -0.0001 -0.6879 0.7258
vn -0.0000 0.6598 0.7515
vn 0.7699 -0.6382 0.0045
vn 0.7761 -0.6306 0.0045
vn -0.0002 -0.0000 -1.0000
vn -0.0002 -0.0002 1.0000
vn 0.0001 -0.0001 1.0000
vn -0.3448 -0.8460 0.4066
vn -0.3701 -0.9290 -0.0003
vn -0.0003 -0.0001 1.0000
vn -0.6007 -0.3247 0.7305
vn -0.8796 -0.4758 -0.0004
vn -0.5211 -0.4431 0.7295
vn -0.7622 -0.6474 -0.0006
vn 0.6214 0.4124 0.6662
vn 0.5222 0.4499 0.7245
vn 0.8691 0.4947 0.0004
vn 0.7576 0.6527 0.0006
vn -0.2160 -0.1235 0.9686
vn -0.3033 -0.1782 0.9361
vn -0.1793 -0.1540 0.9717
vn -0.2626 -0.2334 0.9362
vn -0.2141 -0.2885 0.9332
vn -0.1421 -0.1902 0.9714
vn -0.1611 -0.3250 0.9319
vn -0.1068 -0.2143 0.9709
vn 0.4237 0.5529 0.7175
vn 0.6022 0.7984 0.0014
vn 0.4493 0.8934 0.0026
vn -0.3081 -0.6143 0.7264
vn 0.2868 0.6655 0.6891
vn -0.4120 -0.5507 0.7259
vn -0.6034 -0.7975 -0.0015
vn -0.4495 -0.8933 -0.0026
vn -0.0009 -0.0026 1.0000
vn -0.0007 -0.0013 1.0000
vn -0.0009 -0.0027 1.0000
vn -0.0006 -0.0010 1.0000
vn -0.0004 -0.0004 1.0000
vn -0.6057 -0.7957 -0.0020
vn -0.4515 -0.8923 -0.0014
vn -0.6060 -0.7954 -0.0012
vn -0.4503 -0.8929 -0.0030
vn -0.3087 -0.9511 -0.0049
vn -0.7720 -0.6356 -0.0009
vn -0.7725 -0.6350 -0.0001
vn -0.8981 -0.4398 -0.0004
vn -0.8982 -0.4397 -0.0001
vn -0.9480 -0.3183 -0.0002
vn -0.9480 -0.3181 -0.0000
vn -0.9491 -0.3149 -0.0002
vn -0.8997 -0.4366 -0.0002
vn -0.9492 -0.3148 -0.0000
vn -0.8996 -0.4367 -0.0003
vn -0.7807 -0.6249 -0.0001
vn -0.7804 -0.6252 -0.0008
vn -0.6138 -0.7895 -0.0015
vn -0.6135 -0.7897 -0.0020
vn -0.4778 -0.8785 -0.0015
vn -0.4770 -0.8789 -0.0027
vn -0.3042 -0.9526 -0.0051
vn -0.3040 -0.9527 -0.0052
vn -0.1395 -0.9902 -0.0010
vn -0.1402 -0.9901 -0.0000
vn 0.1396 -0.9902 -0.0010
vn 0.1402 -0.9901 -0.0000
vn 0.3040 -0.9527 -0.0053
vn 0.3042 -0.9526 -0.0051
vn 0.4770 -0.8789 -0.0027
vn 0.4778 -0.8784 -0.0015
vn 0.6135 -0.7897 -0.0020
vn 0.6138 -0.7895 -0.0015
vn 0.7804 -0.6252 -0.0007
vn 0.7807 -0.6249 -0.0002
vn 0.8996 -0.4367 -0.0003
vn 0.8997 -0.4366 -0.0002
vn 0.9491 -0.3149 -0.0002
vn 0.9492 -0.3148 -0.0000
vn 0.0002 -0.0000 -1.0000
vn -0.0001 -0.0001 1.0000
vn 0.0002 -1.0000 -0.0000
vn -0.7699 -0.6382 0.0045
vn -0.7840 0.6207 0.0046
vn -0.7761 -0.6306 0.0045
vn 0.0002 0.0001 -1.0000
vn -0.7722 0.6354 0.0045
vn -0.9023 -0.4312 -0.0013
vn -0.9105 -0.4135 -0.0029
vn -0.8808 -0.4735 -0.0029
vn -0.7916 -0.6110 -0.0023
vn 0.0164 -0.3933 0.9193
vn 0.1896 -0.4445 0.8755
vn 0.0131 -0.5535 0.8328
vn -0.7862 -0.6180 -0.0025
vn -0.6528 -0.7575 -0.0017
vn 0.2443 -0.5946 0.7660
vn 0.0042 -0.7027 0.7115
vn 0.4614 -0.2747 0.8436
vn 0.5986 -0.3826 0.7037
vn 0.5172 -0.5018 0.6934
vn 0.4411 -0.5755 0.6886
vn 0.3372 -0.6458 0.6850
vn 0.2343 -0.6918 0.6830
vn 0.1793 -0.1540 0.9717
vn -0.6722 -0.7404 -0.0010
vn 0.8982 -0.4396 -0.0001
vn 0.9480 -0.3183 -0.0002
vn 0.9480 -0.3181 -0.0000
vn 0.7725 -0.6350 -0.0001
vn 0.8981 -0.4398 -0.0004
vn 0.6060 -0.7954 -0.0012
vn 0.7720 -0.6356 -0.0008
vn 0.4518 -0.8921 -0.0014
vn 0.6057 -0.7957 -0.0020
vn 0.3087 -0.9511 -0.0049
vn 0.4505 -0.8928 -0.0030
vn 0.1592 -0.9873 -0.0015
vn 0.3090 -0.9510 -0.0048
vn 0.1608 -0.9870 0.0001
vn -0.1608 -0.9870 0.0001
vn -0.1592 -0.9873 -0.0015
vn -0.3090 -0.9510 -0.0048
vn -0.0002 0.0003 -1.0000
vn -0.0003 0.0003 -1.0000
vn -0.0005 0.0010 -1.0000
vn -0.0008 0.0024 -1.0000
vn -0.0009 0.0031 -1.0000
vn -0.0008 0.0017 -1.0000
vn -0.0000 0.0006 -1.0000
vn 0.0008 0.0017 -1.0000
vn 0.0009 0.0031 -1.0000
vn 0.0008 0.0024 -1.0000
vn 0.0005 0.0010 -1.0000
vn 0.0003 0.0003 -1.0000
vn -0.0003 -0.0003 1.0000
vn -0.0003 -0.0002 1.0000
vn -0.0754 -0.2288 0.9705
vn -0.1542 0.9880 0.0014
vn -0.0000 0.8968 0.4425
vn -0.0000 1.0000 0.0005
vn -0.2879 0.9577 0.0027
vn -0.0000 -0.0001 1.0000
vn 0.0031 -0.0009 1.0000
vn 0.0031 -0.0010 1.0000
vn 0.0023 -0.0026 1.0000
vn 0.0022 -0.0027 1.0000
vn -0.0002 -0.0032 1.0000
vn -0.0004 -0.0032 1.0000
vn -0.0010 -0.0022 1.0000
vn -0.0010 -0.0021 1.0000
vn -0.4300 0.9028 0.0025
vn -0.0005 -0.0010 1.0000
vn -0.0004 -0.0009 1.0000
vn -0.7011 0.7130 0.0006
vn -0.5756 0.8177 0.0013
vn 0.0002 -0.0001 1.0000
vn -0.8167 0.5771 0.0003
vn -0.0001 -0.0004 1.0000
vn -0.0000 -0.0004 1.0000
vn -0.3764 0.9265 0.0002
vn -0.0009 -0.0001 1.0000
vn -0.0009 -0.0000 1.0000
vn 0.0001 1.0000 0.0003
vn -0.0004 1.0000 -0.0000
vn -0.6008 0.7994 -0.0000
vn 0.0009 0.0001 -1.0000
vn 0.0001 0.0004 -1.0000
vn 0.0003 0.0005 -1.0000
vn -0.0000 1.0000 0.0003
vn -0.0000 0.8679 -0.4967
vn -0.0001 0.0003 -1.0000
vn -0.8176 0.5757 0.0003
vn -0.3673 0.9301 0.0001
vn 0.0004 0.0009 -1.0000
vn -0.7117 0.7025 0.0005
vn 0.0009 0.0021 -1.0000
vn 0.0010 0.0022 -1.0000
vn -0.5831 0.8124 0.0013
vn 0.0003 0.0032 -1.0000
vn 0.0002 0.0032 -1.0000
vn -0.0021 0.0028 -1.0000
vn -0.0022 0.0027 -1.0000
vn -0.4482 0.8939 0.0026
vn -0.0030 0.0010 -1.0000
vn -0.0029 0.0009 -1.0000
vn -0.1385 0.9904 0.0015
vn -0.2832 0.9591 0.0028
vn 0.0029 0.0009 -1.0000
vn 0.0030 0.0010 -1.0000
vn 0.1385 0.9904 0.0015
vn 0.0022 0.0027 -1.0000
vn 0.0024 0.0026 -1.0000
vn 0.2832 0.9591 0.0028
vn -0.0002 0.0032 -1.0000
vn -0.0003 0.0032 -1.0000
vn 0.4482 0.8939 0.0026
vn -0.0010 0.0022 -1.0000
vn -0.0009 0.0020 -1.0000
vn 0.5831 0.8124 0.0014
vn -0.0006 0.0014 -1.0000
vn 0.7117 0.7025 0.0005
vn 0.0001 0.0003 -1.0000
vn 0.8176 0.5757 0.0003
vn -0.0001 0.0004 -1.0000
vn -0.0000 0.0004 -1.0000
vn 0.3673 0.9301 0.0002
vn -0.0009 0.0001 -1.0000
vn 0.0004 1.0000 -0.0000
vn 0.6008 0.7994 -0.0000
vn 0.0009 -0.0001 1.0000
vn 0.0001 -0.0004 1.0000
vn -0.0001 1.0000 0.0003
vn 0.3764 0.9265 0.0001
vn 0.8167 0.5771 0.0003
vn 0.0006 -0.0012 1.0000
vn 0.7011 0.7130 0.0005
vn 0.0005 -0.0010 1.0000
vn 0.0010 -0.0021 1.0000
vn 0.5756 0.8177 0.0013
vn 0.0010 -0.0022 1.0000
vn 0.0004 -0.0032 1.0000
vn 0.4295 0.9031 0.0025
vn 0.0002 -0.0032 1.0000
vn -0.0022 -0.0027 1.0000
vn 0.2880 0.9576 0.0027
vn -0.0023 -0.0026 1.0000
vn -0.0031 -0.0010 1.0000
vn 0.1542 0.9880 0.0014
vn -0.0031 -0.0009 1.0000
vn 0.1393 0.9902 0.0021
vn 0.2831 0.9591 0.0029
vn 0.2818 0.9595 0.0031
vn -0.1393 0.9902 0.0020
vn 0.4294 0.9031 0.0035
vn 0.4431 0.8965 0.0014
vn 0.5711 0.8209 0.0020
vn 0.5796 0.8149 0.0007
vn 0.6965 0.7175 0.0013
vn 0.7048 0.7094 -0.0002
vn 0.8081 0.5891 0.0001
vn 0.8091 0.5877 -0.0000
vn 0.4000 0.9165 -0.0000
vn 0.3992 0.9168 0.0001
vn -0.2831 0.9591 0.0029
vn -0.2818 0.9595 0.0031
vn -0.4295 0.9031 0.0035
vn -0.4432 0.8964 0.0015
vn -0.5711 0.8209 0.0020
vn -0.5796 0.8149 0.0007
vn -0.6965 0.7175 0.0012
vn -0.7048 0.7094 -0.0001
vn -0.8081 0.5891 0.0002
vn -0.8090 0.5877 -0.0000
vn -0.4000 0.9165 -0.0000
vn -0.3992 0.9168 0.0001
vn -0.9239 0.3827 -0.0000
vn -0.9808 0.1951 -0.0000
vn -0.9808 -0.1951 -0.0000
vn -0.9239 -0.3827 -0.0000
vn -0.8315 -0.5556 -0.0000
vn -0.5556 0.8315 -0.0000
vn -0.8315 0.5556 -0.0000
vn 0.8315 -0.5556 -0.0000
vn 0.9239 -0.3827 -0.0000
vn 0.9808 -0.1951 -0.0000
vn 0.9808 0.1951 -0.0000
vn 0.9239 0.3827 -0.0000
vn 0.8315 0.5556 -0.0000
vn -0.5556 -0.8315 -0.0000
vn -0.3827 -0.9239 -0.0000
vn 0.5556 0.8315 -0.0000
vn 0.3827 0.9239 -0.0000
vn 0.1951 0.9808 -0.0000
vn -0.1951 -0.9808 -0.0000
vn 0.1951 -0.9808 -0.0000
vn 0.3827 -0.9239 -0.0000
vn -0.3827 0.9239 -0.0000
vn -0.1951 0.9808 -0.0000
vn 0.5556 -0.8315 -0.0000
vn -0.8660 0.5000 -0.0000
vn -0.5000 0.8660 -0.0000
vn 0.5000 0.8660 -0.0000
vn 0.8660 0.5000 -0.0000
vn -0.6808 -0.7306 0.0521
vn -0.0000 -0.9987 0.0514
vn -0.0000 -0.6962 0.7178
vn -0.4921 -0.4921 0.7181
vn -0.9981 -0.0354 0.0506
vn -0.6956 -0.0000 0.7184
vn 0.4921 -0.4921 0.7181
vn 0.4921 0.4921 0.7181
vn -0.0000 0.6962 0.7179
vn -0.4921 0.4921 0.7181
vn 0.6956 -0.0000 0.7184
vn 0.7962 -0.5968 0.0994
vn 0.9850 0.1420 0.0983
vn 0.7062 0.7063 0.0488
vn -0.2148 0.9447 0.2478
vn -0.7062 0.7063 0.0493
vn -0.9978 -0.0656 -0.0000
vn -0.9749 -0.2225 -0.0000
vn -0.9978 -0.0657 -0.0000
vn 0.9974 0.0725 -0.0000
vn 0.9749 0.2225 -0.0000
vn 0.9010 0.4339 -0.0000
vn 0.7818 0.6235 -0.0000
vn 0.6235 0.7818 -0.0000
vn 0.4339 0.9010 -0.0000
vn 0.2225 0.9749 -0.0000
vn -0.2225 -0.9749 -0.0000
vn -0.4339 -0.9010 -0.0000
vn -0.6235 -0.7818 -0.0000
vn -0.7818 -0.6235 -0.0000
vn -0.9010 -0.4339 -0.0000
vn 0.2225 -0.9749 -0.0000
vn 0.4339 -0.9010 -0.0000
vn -0.4339 0.9010 -0.0000
vn -0.2225 0.9749 -0.0000
vn -0.6235 0.7818 -0.0000
vn -0.7818 0.6235 -0.0000
vn -0.9010 0.4339 -0.0000
vn -0.9749 0.2225 -0.0000
vn -0.9974 0.0725 -0.0000
vn 0.9978 -0.0656 -0.0000
vn 0.9978 -0.0657 -0.0000
vn 0.9749 -0.2225 -0.0000
vn 0.9010 -0.4339 -0.0000
vn 0.7818 -0.6235 -0.0000
vn 0.6235 -0.7818 -0.0000
vn 0.0286 -0.0046 0.9996
vn 0.0041 1.0000 -0.0000
vn 0.0388 -0.0000 0.9992
vn 0.0388 -0.0063 0.9992
vn 0.0379 -0.0125 0.9992
vn 0.0380 -0.0123 0.9992
vn 0.0349 -0.0200 0.9992
vn -0.9512 0.3086 -0.0001
vn -0.9735 0.2286 -0.0000
vn -0.8678 0.4968 -0.0000
vn 0.0348 -0.0201 0.9992
vn 0.0303 -0.0269 0.9992
vn -0.7461 0.6658 -0.0000
vn -0.6014 0.7990 -0.0000
vn -0.4024 0.9155 -0.0000
vn 0.0302 -0.0270 0.9992
vn 0.0244 -0.0325 0.9992
vn 0.0162 -0.0372 0.9992
vn 0.0163 -0.0371 0.9992
vn 0.0075 -0.0402 0.9992
vn 0.0078 -0.0401 0.9992
vn -0.0000 -0.0411 0.9992
vn -0.1807 0.9835 -0.0000
vn 0.1807 0.9835 -0.0000
vn 0.4023 0.9155 -0.0000
vn -0.0075 -0.0402 0.9992
vn -0.0162 -0.0372 0.9992
vn -0.0163 -0.0371 0.9992
vn -0.0073 -0.0402 0.9992
vn -0.0244 -0.0325 0.9992
vn -0.0302 -0.0270 0.9992
vn -0.0303 -0.0269 0.9992
vn 0.7461 0.6658 -0.0000
vn 0.6013 0.7990 -0.0000
vn 0.4024 0.9155 -0.0000
vn 0.8678 0.4968 -0.0000
vn 0.9512 0.3086 -0.0001
vn 0.9735 0.2286 -0.0000
vn -0.0041 1.0000 -0.0000
vn -0.0286 -0.0046 0.9996
vn -0.0379 -0.0125 0.9992
vn -0.0388 -0.0063 0.9992
vn -0.0388 -0.0000 0.9992
vn -0.0349 -0.0200 0.9992
vn -0.0380 -0.0122 0.9992
vn -0.0348 -0.0201 0.9992
vn 0.3420 0.9397 -0.0000
vn -0.3420 0.9397 -0.0000
vn -0.6428 0.7660 -0.0000
vn -0.9848 0.1736 -0.0000
vn -0.9848 -0.1736 -0.0000
vn -0.8660 -0.5000 -0.0000
vn -0.6428 -0.7660 -0.0000
vn -0.3420 -0.9397 -0.0000
vn 0.3420 -0.9397 -0.0000
vn 0.6428 -0.7660 -0.0000
vn 0.8660 -0.5000 -0.0000
vn 0.9848 -0.1736 -0.0000
vn 0.9848 0.1737 -0.0000
vn 0.6428 0.7660 -0.0000
vn 0.9848 0.1736 -0.0000
vn 0.5777 -0.8163 -0.0000
vn -0.8162 -0.5778 -0.0000
vn -0.5777 0.8163 -0.0000
vn 0.8162 0.5777 -0.0000
vn 0.6896 0.3981 0.6049
vn 0.3054 0.5289 0.7918
vn 0.5289 0.3054 0.7918
vn 0.7963 -0.0000 0.6049
vn 0.6108 -0.0000 0.7918
vn 0.2612 0.1508 0.9534
vn 0.3016 -0.0000 0.9534
vn 0.8199 0.4734 0.3220
vn 0.4736 0.8198 0.3219
vn 0.8199 0.4733 0.3220
vn 0.9468 -0.0000 0.3220
vn 0.9467 0.0001 0.3220
vn -0.8199 0.4734 0.3220
vn -0.8199 0.4733 0.3220
vn -0.4736 0.8198 0.3219
vn -0.4733 0.8199 0.3220
vn -0.6106 -0.0011 0.7919
vn -0.2612 0.1508 0.9534
vn -0.5289 0.3054 0.7918
vn -0.3075 0.5258 0.7931
vn -0.1508 0.2612 0.9534
vn -0.7963 -0.0000 0.6049
vn -0.6896 0.3981 0.6049
vn -0.3982 0.6896 0.6049
vn -0.0000 0.6107 0.7919
vn -0.0000 0.7963 0.6049
vn 0.3982 0.6896 0.6049
vn -0.0000 0.3016 0.9534
vn 0.1508 0.2612 0.9534
vn -0.0000 0.9468 0.3219
vn -0.0000 0.9468 0.3220
vn 0.4733 0.8199 0.3220
vn -0.5000 -0.8660 -0.0000
vn -0.3982 -0.6896 0.6049
vn -0.5289 -0.3054 0.7918
vn -0.6896 -0.3982 0.6049
vn -0.3075 -0.5258 0.7931
vn -0.2612 -0.1508 0.9534
vn -0.3016 -0.0000 0.9534
vn -0.4734 -0.8199 0.3219
vn -0.8200 -0.4733 0.3219
vn -0.8199 -0.4734 0.3219
vn -0.9468 -0.0000 0.3220
vn -0.0000 -0.9468 0.3219
vn 0.0011 -0.6107 0.7919
vn -0.1508 -0.2612 0.9534
vn 0.4734 -0.8199 0.3220
vn -0.0000 -0.9468 0.3220
vn 0.1508 -0.2612 0.9534
vn -0.0000 -0.3016 0.9534
vn 0.3982 -0.6896 0.6049
vn -0.0000 -0.7963 0.6049
vn 0.5000 -0.8660 -0.0000
vn 0.5289 -0.3053 0.7919
vn 0.3023 -0.5236 0.7965
vn 0.6896 -0.3982 0.6049
vn 0.2612 -0.1508 0.9534
vn 0.8200 -0.4733 0.3219
vn 0.8199 -0.4734 0.3220
vn 0.4735 -0.8199 0.3219
vn -0.7068 0.7068 0.0275
vn -0.7068 0.7068 0.0286
vn 0.7068 0.7068 0.0281
vn -0.0000 0.3778 0.9259
vn 0.3670 -0.0002 0.9302
vn 0.7068 0.7068 0.0279
vn 0.7068 -0.7068 0.0286
vn 0.7068 -0.7068 0.0275
vn -0.7068 -0.7068 0.0286
vn -0.3700 -0.0002 0.9290
vn -0.7069 -0.7068 0.0275
vn -0.7068 0.7068 0.0281
vn 0.3670 0.0001 0.9302
vn -0.3670 -0.0000 0.9302
vn -0.0000 0.3863 0.9224
vn -0.7068 -0.7068 0.0275
vn -0.0000 -0.3863 0.9224
vn 0.7069 -0.7068 0.0275
vn 0.8307 -0.0000 -0.5567
vn 0.8308 -0.0000 -0.5566
vn 0.8219 -0.1544 -0.5483
vn 0.7082 0.1122 0.6971
vn 0.7618 -0.0066 0.6477
vn 0.6033 0.0008 0.7975
vn 0.8687 -0.0015 -0.4953
vn 0.7042 0.4653 -0.5363
vn -0.5300 0.4465 0.7209
vn -0.5350 -0.0014 0.8448
vn -0.6710 -0.2202 0.7080
vn -0.7233 -0.0021 0.6905
vn -0.8139 -0.1698 0.5556
vn -0.8361 0.2206 0.5023
vn 0.4443 0.1142 0.8886
vn 0.8648 0.1173 0.4882
vn 0.4213 0.2463 0.8728
vn -0.4241 0.6382 0.6425
vn 0.5106 0.6955 0.5055
vn 0.6610 0.6383 -0.3945
vn 0.7816 0.3397 -0.5232
vn 0.5487 0.6514 -0.5240
vn -0.5513 0.6474 0.5263
vn 0.6774 0.3503 -0.6468
vn 0.9132 -0.0929 -0.3968
vn 0.6413 0.4623 -0.6123
vn 0.7230 0.0269 -0.6903
vn 0.7233 -0.0023 -0.6905
vn -0.6814 0.3366 0.6499
vn -0.8066 -0.0085 0.5910
vn -0.8300 -0.0097 0.5578
vn -0.8709 -0.0552 -0.4883
vn 0.8902 0.3572 -0.2827
vn -0.3026 0.3924 -0.8686
vn -0.9980 -0.0337 -0.0541
vn 0.7543 0.3598 -0.5492
vn -0.6261 0.4729 -0.6200
vn 0.5918 -0.4901 0.6400
vn 0.2158 -0.0456 0.9754
vn 0.9218 0.0715 -0.3810
vn -0.8187 0.0777 0.5689
vn 0.6966 -0.5142 0.5003
vn 0.9192 0.0513 -0.3905
vn 0.9198 -0.0514 -0.3890
vn -0.4690 0.3056 0.8286
vn -0.9476 -0.0583 0.3141
vn -0.9168 -0.0658 0.3938
vn -0.9954 -0.0952 -0.0068
vn -0.9954 0.0954 -0.0068
vn 0.7133 -0.0590 0.6983
vn -0.7104 -0.1039 -0.6961
vn 0.8818 0.1193 0.4563
vn 0.3376 0.6812 -0.6496
vn 0.2693 -0.9582 -0.0969
vn 0.7787 0.3327 -0.5319
vn 0.3248 0.1274 0.9372
vn -0.0105 0.0979 -0.9951
vn 0.5824 -0.4089 0.7026
vn -0.0102 -0.0979 -0.9951
vn -0.6028 0.0567 0.7959
vn -0.0195 -0.4709 0.8820
vn 0.7086 -0.0625 -0.7029
vn 0.7382 0.6226 0.2597
vn 0.9954 0.0951 -0.0113
vn -0.9951 0.0577 0.0798
vn 0.9890 -0.0999 -0.1092
vn 0.9506 0.0635 -0.3038
vn -0.5994 0.0515 -0.7988
vn -0.5664 -0.0375 -0.8233
vn 0.3896 -0.7046 -0.5930
vn -0.9951 -0.0576 0.0799
vn -0.2329 -0.9013 0.3654
vn 0.8067 0.0218 0.5905
vn -0.6363 0.1507 0.7566
vn 0.6158 0.0119 0.7878
vn 0.7640 0.0015 0.6453
vn -0.5419 -0.0091 0.8404
vn -0.7139 0.1607 0.6815
vn -0.7233 0.0035 0.6905
vn -0.5449 -0.4456 0.7103
vn -0.6209 -0.0084 0.7838
vn 0.3707 0.4528 0.8109
vn -0.5578 -0.3491 0.7530
vn -0.6801 -0.3404 0.6493
vn 0.3483 -0.2409 0.9059
vn -0.4244 -0.6383 0.6422
vn -0.5513 -0.6474 0.5263
vn 0.5488 -0.6514 -0.5239
vn 0.6610 -0.6383 -0.3945
vn 0.6777 -0.3503 -0.6466
vn 0.7816 -0.3397 -0.5232
vn 0.8528 -0.2414 0.4631
vn 0.6799 0.0563 -0.7312
vn 0.8802 -0.2100 -0.4255
vn 0.7229 -0.0268 -0.6904
vn 0.7450 -0.4459 -0.4962
vn 0.7233 0.0035 -0.6905
vn 0.8672 0.0001 -0.4980
vn 0.8034 0.1562 -0.5746
vn 0.1304 -0.0833 0.9880
vn 0.9944 -0.0058 0.1060
vn -0.0746 -0.2305 0.9702
vn -0.5900 -0.8074 -0.0000
vn -0.1081 -0.9609 0.2548
vn -0.5638 -0.5554 0.6113
vn -0.1946 -0.3018 0.9333
vn 0.1315 0.9207 0.3675
vn -0.6528 -0.3313 0.6812
vn -0.4079 0.4110 0.8153
vn 0.8942 0.1549 -0.4200
vn 0.9795 0.0462 -0.1962
vn 0.9786 -0.0480 -0.2001
vn -0.3157 0.6211 0.7173
vn 0.9164 0.2146 -0.3378
vn -0.2669 0.9637 0.0001
vn -0.3653 -0.5766 0.7309
vn -0.9055 -0.1920 0.3784
vn 0.6533 0.2924 -0.6984
vn -0.1138 0.8913 0.4388
vn -0.6567 -0.1736 0.7339
vn -0.0318 0.2980 -0.9540
vn 0.2585 0.8781 0.4026
vn 0.0329 -0.1706 0.9848
vn -0.6948 0.3080 -0.6499
vn 0.4689 0.8769 0.1060
vn 0.7190 -0.1751 0.6726
vn 0.7425 0.4473 -0.4986
vn 0.9853 -0.1674 -0.0329
vn -0.9583 0.2840 0.0320
vn -0.0318 -0.2980 -0.9540
vn -0.0838 -0.5447 -0.8345
vn -0.5008 0.3185 0.8048
vn -0.6463 -0.5288 -0.5502
vn -0.7737 0.1871 0.6052
vn -0.8379 -0.5400 0.0791
vn -0.2185 0.1568 -0.9632
vn 0.6906 -0.1785 -0.7009
vn -0.2210 -0.1614 -0.9618
vn 0.1007 0.8674 -0.4873
vn -0.7343 -0.6786 -0.0200
vn 0.6533 -0.2924 -0.6984
vn 0.9162 -0.2148 -0.3384
vn 0.9464 -0.1780 -0.2696
vn 0.7602 -0.1885 -0.6218
vn 0.3869 -0.3528 -0.8520
vn 0.6021 0.1621 -0.7818
vn 0.3833 0.3846 -0.8397
vn 0.8911 0.1578 -0.4255
vn 0.8937 -0.1552 -0.4210
vn 0.9177 0.2145 -0.3344
vn 0.9162 -0.2146 -0.3385
vn -0.7031 -0.6608 -0.2626
vn -0.4067 0.5578 0.7235
vn -0.3438 -0.6339 0.6929
vn -0.7533 0.6181 -0.2246
vn -0.6509 0.3299 0.6838
vn 0.8191 -0.5733 -0.0225
vn -0.1521 0.4706 0.8691
vn -0.0558 -0.6552 0.7534
vn 0.5556 -0.5979 -0.5778
vn 0.4924 0.4510 0.7444
vn 0.4889 -0.6463 0.5859
vn 0.8794 0.4455 0.1679
vn 0.7234 -0.1782 0.6670
vn -0.6977 -0.2954 -0.6527
vn -0.2129 0.3251 -0.9214
vn 0.6533 0.2921 -0.6985
vn -0.8060 0.3154 -0.5010
vn -0.9278 0.3016 0.2195
vn 0.9557 -0.2215 0.1938
vn -0.3032 -0.7557 0.5805
vn -0.5010 0.3182 0.8049
vn 0.8288 -0.2219 -0.5137
vn 0.2137 -0.7493 0.6268
vn 0.9867 0.1585 -0.0366
vn -0.8303 0.3282 -0.4505
vn -0.2092 -0.1675 -0.9634
vn -0.8274 -0.1696 0.5354
vn -0.3386 0.6138 0.7132
vn -0.2645 0.3015 0.9160
vn -0.1507 0.2129 0.9654
vn -0.9823 0.0002 0.1872
vn -0.5876 0.8091 -0.0000
vn -0.0780 0.9729 0.2175
vn 0.9480 -0.1193 -0.2951
vn -0.0154 -0.9017 -0.4320
vn -0.2953 -0.9015 0.3162
vn -0.4312 -0.9023 0.0066
vn -0.8153 -0.0673 0.5751
vn 0.0334 -0.0120 0.9994
vn -0.7383 -0.6744 -0.0010
vn -0.4280 0.9037 0.0150
vn -0.3252 0.9000 -0.2904
vn -0.3754 0.3820 -0.8445
vn -0.7304 -0.0091 -0.6830
vn -0.0238 0.9018 -0.4316
vn -0.0354 0.0108 -0.9993
vn -0.0355 -0.0159 -0.9992
vn 0.6839 0.0102 -0.7295
vn 0.7303 0.0103 0.6831
vn 0.5278 -0.6743 0.5165
vn 0.7136 -0.1628 -0.6813
vn 0.7081 0.1122 0.6971
vn 0.8904 -0.4281 0.1544
vn 0.7618 -0.0067 0.6477
vn -0.5301 0.4459 0.7212
vn -0.5344 -0.0029 0.8452
vn -0.6414 0.4624 0.6123
vn -0.8134 -0.1702 0.5563
vn -0.6802 0.3404 0.6492
vn -0.7231 0.0269 0.6903
vn -0.9180 -0.1633 0.3614
vn 0.0451 -0.2317 0.9718
vn 0.5106 0.6955 0.5056
vn 0.6611 0.6383 -0.3945
vn 0.7816 0.3396 -0.5232
vn 0.5488 0.6514 -0.5239
vn -0.5513 0.6473 0.5263
vn 0.6775 0.3502 -0.6468
vn 0.6413 0.4624 -0.6123
vn 0.7231 0.0269 -0.6902
vn 0.7233 -0.0023 -0.6906
vn -0.8082 0.0019 0.5890
vn -0.8414 0.0007 0.5403
vn 0.8902 0.3573 -0.2828
vn -0.3025 0.3925 -0.8686
vn -0.6261 0.4730 -0.6199
vn 0.5919 -0.4900 0.6399
vn 0.2158 -0.0457 0.9754
vn 0.9218 0.0716 -0.3810
vn -0.8187 0.0778 0.5689
vn 0.6967 -0.5142 0.5003
vn 0.7136 -0.0545 0.6984
vn -0.7117 -0.0843 -0.6974
vn 0.8830 0.1153 0.4550
vn 0.3549 0.6719 -0.6500
vn 0.2692 -0.9582 -0.0969
vn -0.7264 0.4722 -0.4994
vn -0.5665 0.5185 0.6405
vn -0.0101 -0.1124 -0.9936
vn -0.5543 -0.6116 0.5645
vn -0.0196 -0.4709 0.8820
vn 0.7086 -0.0624 -0.7029
vn 0.9890 -0.1000 -0.1092
vn -0.5664 -0.0374 -0.8233
vn 0.3897 -0.7046 -0.5930
vn -0.2328 -0.9013 0.3653
vn -0.6364 0.1494 0.7568
vn -0.6418 -0.4611 0.6128
vn -0.7232 -0.0139 0.6905
vn -0.6208 -0.0108 0.7839
vn 0.3716 0.4535 0.8101
vn -0.5586 -0.3461 0.7537
vn -0.6776 -0.3500 0.6468
vn 0.3516 -0.2244 0.9089
vn -0.4261 -0.6357 0.6436
vn -0.5478 -0.6530 0.5230
vn 0.6617 -0.6371 -0.3953
vn 0.6773 -0.3503 -0.6469
vn 0.7815 -0.3397 -0.5232
vn 0.6798 0.0563 -0.7312
vn 0.8806 -0.2096 -0.4251
vn 0.7231 -0.0269 -0.6902
vn 0.8672 0.0002 -0.4980
vn 0.8034 0.1561 -0.5746
vn -0.5637 -0.5554 0.6114
vn -0.1947 -0.3018 0.9333
vn -0.4081 0.4110 0.8152
vn 0.9795 0.0462 -0.1963
vn -0.3157 0.6212 0.7172
vn -0.3652 -0.5767 0.7308
vn 0.6511 0.3027 -0.6960
vn -0.1176 0.8900 0.4405
vn -0.6563 -0.1778 0.7332
vn 0.0329 0.1706 0.9848
vn -0.0319 0.2980 -0.9540
vn 0.7196 0.1706 0.6731
vn -0.6971 0.2980 -0.6521
vn 0.7196 -0.1706 0.6731
vn 0.7426 0.4472 -0.4986
vn -0.0772 -0.5381 -0.8393
vn -0.2185 0.1567 -0.9632
vn -0.7343 -0.6785 -0.0200
vn 0.6511 -0.3027 -0.6960
vn 0.9162 -0.2148 -0.3383
vn 0.9464 -0.1780 -0.2695
vn 0.7601 -0.1884 -0.6219
vn 0.3867 -0.3528 -0.8521
vn 0.6020 0.1622 -0.7819
vn 0.8910 0.1579 -0.4256
vn 0.8937 -0.1551 -0.4209
vn 0.9177 0.2144 -0.3344
vn -0.7031 -0.6609 -0.2626
vn -0.3438 -0.6338 0.6928
vn -0.7534 0.6180 -0.2246
vn -0.6508 0.3299 0.6838
vn 0.8144 -0.5795 -0.0300
vn -0.1557 0.4726 0.8674
vn -0.0601 -0.6557 0.7526
vn -0.2052 -0.2180 0.9541
vn -0.0317 -0.2977 -0.9541
vn 0.4962 0.4488 0.7432
vn 0.7234 -0.1781 0.6670
vn -0.2157 0.3154 -0.9241
vn 0.6511 0.3024 -0.6961
vn -0.8060 0.3153 -0.5010
vn 0.9558 -0.2214 0.1937
vn -0.8302 0.3282 -0.4506
vn -0.2093 -0.1675 -0.9634
vn -0.3385 0.6138 0.7132
vn -0.5876 0.8091 0.0001
vn -0.0781 0.9729 0.2176
vn 0.2962 -0.9013 -0.3162
vn 0.3163 -0.9013 0.2959
vn 0.0145 -0.9015 0.4325
vn -0.2954 -0.9015 0.3162
vn -0.3196 -0.8994 -0.2983
vn -0.4281 0.9036 0.0150
vn -0.2913 0.8991 0.3268
vn -0.3254 0.8999 -0.2904
vn -0.3755 0.3820 -0.8444
vn -0.0238 0.9017 -0.4317
vn 0.4312 0.9020 -0.0227
vn 0.2957 0.8956 -0.3324
vn 0.5277 -0.6743 0.5165
vn 0.0302 0.9045 0.4254
vn 0.0004 -1.0000 0.0001
vn 0.0072 -0.0001 -1.0000
vn 0.2040 -0.0009 -0.9790
vn 0.5612 0.0003 -0.8277
vn -0.0070 0.9999 -0.0103
vn -0.0049 1.0000 -0.0065
vn -0.0064 1.0000 -0.0046
vn -0.0048 0.9999 -0.0111
vn -0.0010 1.0000 -0.0029
vn 0.9213 -0.0001 -0.3890
vn -0.0005 1.0000 -0.0042
vn 0.0333 -0.0000 0.9994
vn 0.0001 -1.0000 0.0024
vn 0.0005 -1.0000 0.0015
vn 0.0025 -1.0000 0.0060
vn 0.0027 -1.0000 0.0036
vn 0.0042 -1.0000 0.0038
vn 0.0026 -1.0000 0.0023
vn 0.0012 -1.0000 0.0007
vn 0.0033 -1.0000 0.0009
vn 0.0045 -1.0000 0.0067
vn 0.0071 -0.9999 0.0105
vn 0.0062 -1.0000 0.0047
vn 0.0009 -1.0000 0.0028
vn 0.0045 -0.9999 0.0115
vn 0.9265 0.0001 -0.3763
vn 0.0004 -1.0000 0.0044
vn -0.7307 -0.0017 -0.6827
vn -0.7347 -0.0000 -0.6784
vn 0.0002 1.0000 -0.0000
vn -0.0007 1.0000 -0.0016
vn -0.0028 1.0000 -0.0065
vn -0.0030 1.0000 -0.0039
vn -0.0046 1.0000 -0.0043
vn -0.0028 1.0000 -0.0025
vn -0.0012 1.0000 -0.0007
vn -0.0036 1.0000 -0.0010
vn -0.0007 1.0000 -0.0000
vn -0.9550 -0.1278 -0.2676
vn -0.2599 -0.9249 0.2776
vn -0.2777 -0.9249 -0.2598
vn -0.0128 -0.9250 -0.3798
vn 0.2593 -0.9251 -0.2774
vn 0.2808 -0.9233 0.2620
vn 0.1752 -0.0566 -0.9829
vn -0.8983 -0.3089 -0.3125
vn -0.7308 0.0038 -0.6826
vn 0.2511 0.9266 -0.2800
vn -0.0119 0.9158 -0.4014
vn 0.3754 0.9268 -0.0134
vn 0.9998 0.0037 -0.0170
vn 0.8285 -0.4195 0.3710
vn 0.0404 0.0043 0.9992
vn -0.2542 0.9250 0.2825
vn -0.3783 0.9255 0.0202
vn -0.3136 0.9156 -0.2518
vn -0.9293 0.1432 0.3404
vn -0.0003 1.0000 0.0001
vn -0.2018 -0.0000 -0.9794
vn -0.0139 0.9999 0.0039
vn -0.0058 1.0000 0.0033
vn -0.3817 -0.0000 -0.9243
vn -0.0205 0.9998 0.0081
vn -0.0082 0.9999 0.0066
vn 0.7879 -0.0000 -0.6157
vn -0.0092 0.9999 0.0136
vn 0.0116 -0.9998 -0.0166
vn 0.0159 -0.9998 -0.0117
vn -0.2227 -0.0000 -0.9749
vn 0.0314 -0.9994 -0.0128
vn 0.0105 -0.9999 -0.0056
vn 0.0211 -0.9998 -0.0060
vn 0.0021 -1.0000 0.0005
vn 0.6422 -0.0000 0.7666
vn 0.0025 -1.0000 -0.0071
vn -0.9230 -0.0000 -0.3847
vn -0.0015 1.0000 0.0042
vn -0.0063 0.9999 0.0152
vn -0.0446 -0.9990 -0.0000
vn -0.0448 0.9990 -0.0000
vn -0.5744 0.5965 0.5607
vn -0.1699 -0.9715 0.1652
vn -0.7183 -0.0036 0.6958
vn -0.9490 -0.3152 -0.0000
vn 0.9490 -0.3152 -0.0000
vn 0.0040 -0.7835 0.6214
vn 0.7158 -0.0596 0.6957
vn 0.5744 0.5965 0.5607
vn 0.1699 -0.9715 0.1652
vn -0.7283 -0.6853 -0.0000
vn -0.7159 -0.0596 0.6957
vn -0.7056 -0.7086 -0.0000
vn -0.8678 -0.4970 -0.0000
vn 0.4701 0.1534 0.8692
vn 0.4702 0.8691 -0.1534
vn 0.4701 -0.1534 0.8692
vn 0.4703 -0.8691 0.1532
vn 1.0000 -0.0083 0.0015
vn 1.0000 0.0083 0.0015
vn 0.4701 0.8692 0.1534
vn 1.0000 0.0065 0.0064
vn 0.4412 0.6345 0.6346
vn 1.0000 0.0015 0.0083
vn 0.0431 0.9991 -0.0000
vn 1.0000 0.0015 -0.0083
vn 1.0000 0.0065 -0.0065
vn 1.0000 0.0083 -0.0015
vn 1.0000 -0.0083 -0.0015
vn 1.0000 -0.0064 -0.0064
vn 1.0000 -0.0015 -0.0083
vn 1.0000 -0.0015 0.0083
vn 1.0000 -0.0065 0.0065
vn 0.8568 -0.3646 0.3646
vn 0.8743 -0.4780 0.0847
vn 0.6869 -0.0000 0.7268
vn 0.8743 0.4779 0.0848
vn 0.8568 0.3646 0.3646
vn 0.8568 -0.3646 -0.3646
vn 0.8743 -0.4780 -0.0849
vn -0.0000 -0.9845 -0.1753
vn 0.8743 0.4779 -0.0848
vn 0.8568 0.3646 -0.3646
vn 0.8743 -0.0848 -0.4779
vn 0.8743 -0.0848 0.4779
vn 0.8743 0.0848 -0.4779
vn -0.0000 0.1751 -0.9845
vn 0.8743 0.0848 0.4779
vn -0.0000 0.9845 0.1751
vn -0.4701 0.8692 0.1534
vn -0.4701 -0.1534 0.8692
vn -1.0000 -0.0015 0.0083
vn -1.0000 -0.0083 -0.0015
vn -1.0000 0.0015 -0.0083
vn -0.5582 0.8297 -0.0000
vn -1.0000 0.0083 0.0015
vn -0.8743 -0.0848 0.4779
vn -0.6868 -0.7268 -0.0002
vn -0.0431 -0.9991 -0.0002
vn -0.8743 0.4779 0.0848
vn -0.8743 0.0848 -0.4779
vn -0.8743 -0.4779 -0.0849
vn 0.8073 0.5901 -0.0000
vn -0.0013 1.0000 -0.0000
vn 0.7035 0.0546 0.7086
vn 0.6209 0.4776 0.6217
vn 0.7062 0.0716 0.7044
vn 0.0013 1.0000 -0.0000
vn -0.7023 0.0670 0.7087
vn -0.0900 0.9918 0.0906
vn -0.7017 0.0001 0.7125
vn 0.6997 0.0011 0.7145
vn 0.7011 0.0046 0.7130
vn -0.7011 0.0046 0.7130
vn -0.4112 0.8112 0.4158
vn 0.4112 0.8112 0.4158
vn 0.7043 -0.0145 0.7097
vn 0.7040 0.0040 0.7102
vn -0.4747 0.7377 0.4801
vn 0.9885 0.1511 0.0003
vn 0.6415 0.7671 -0.0000
vn 0.0028 -1.0000 0.0023
vn -0.0015 -1.0000 -0.0000
vn 0.0032 0.9872 0.1597
vn 0.8395 0.2498 0.4826
vn 0.0256 0.2480 0.9684
vn 0.0039 0.9774 0.2112
vn 0.8132 0.3506 0.4646
vn -0.0000 -1.0000 -0.0016
vn -0.0032 0.9872 0.1597
vn -0.0256 0.2480 0.9684
vn -0.0039 0.9774 0.2112
vn -0.0003 -0.0005 -1.0000
vn 0.2384 0.9032 0.3568
vn 0.1257 -0.9741 0.1882
vn 0.2118 0.9245 0.3170
vn 0.2118 -0.9245 0.3170
vn -0.3749 -0.9271 -0.0000
vn -0.8074 -0.2390 -0.5395
vn -0.9699 -0.2434 -0.0000
vn -0.7059 0.5284 -0.4717
vn -0.4224 -0.9064 -0.0000
vn 0.2384 -0.9032 0.3568
vn 0.7059 -0.5284 -0.4717
vn 0.4224 0.9064 -0.0000
vn 0.2987 0.9064 0.2987
vn -0.3250 -0.8110 0.4864
vn 0.2651 0.9271 0.2651
vn 0.3749 0.9271 -0.0000
vn -0.4388 -0.6133 0.6567
vn -0.3865 0.7184 0.5784
vn -0.1257 0.9741 0.1882
vn 0.8074 0.2390 -0.5395
vn -0.0002 -0.0891 0.9960
vn 0.0004 -0.9346 0.3556
vn -0.0002 0.0891 0.9960
vn 0.0003 0.9346 0.3557
vn -0.0003 0.9346 0.3557
vn 0.0002 0.0891 0.9960
vn 0.0002 -0.0891 0.9960
vn -0.0004 -0.9346 0.3556
vn -0.0056 -0.5826 0.8127
vn -0.0056 0.5827 0.8127
vn 0.0056 0.5827 0.8127
vn 0.0056 -0.5826 0.8127
vn 0.9974 -0.0134 -0.0703
vn 0.5117 -0.8477 0.1403
vn 0.9974 0.0134 0.0703
vn 0.9971 0.0755 0.0125
vn 0.9971 -0.0755 0.0125
vn 0.8952 -0.4457 -0.0000
vn 0.0091 -1.0000 -0.0000
vn 0.9070 -0.0791 -0.4137
vn 0.9971 0.0755 -0.0125
vn 0.9974 0.0134 -0.0703
vn 0.9070 0.0791 0.4137
vn 0.9070 0.0791 -0.4137
vn -0.0000 0.1877 -0.9822
vn 0.8956 0.4390 -0.0727
vn 0.8956 -0.4390 0.0727
vn 0.8956 0.4390 0.0727
vn -0.0000 -0.1877 -0.9822
vn -0.9974 -0.0134 -0.0703
vn -0.9974 -0.0134 0.0703
vn -0.9971 0.0755 0.0125
vn -0.9971 -0.0755 0.0125
vn -0.9070 -0.0791 0.4137
vn -0.8952 -0.4457 -0.0000
vn -0.9070 -0.0791 -0.4137
vn -0.9971 -0.0755 -0.0125
vn -0.5117 -0.8477 -0.1403
vn -0.9974 0.0134 -0.0703
vn -0.9070 0.0791 -0.4137
vn -0.8956 -0.4390 -0.0727
vn -0.8956 -0.4390 0.0727
vn -0.8956 0.4390 0.0727
vn -0.9708 0.2399 -0.0009
vn 0.9708 0.2399 -0.0009
vn -0.4559 -0.7763 0.4352
vn 0.8405 0.0040 0.5418
vn -0.9999 -0.0000 -0.0101
vn 0.8852 -0.0055 0.4652
vn 0.7009 -0.0198 -0.7130
vn -0.9938 0.0044 -0.1108
vn -0.0075 -0.0000 1.0000
vn 0.0155 -0.9998 -0.0112
vn 0.1140 -0.0000 0.9935
vn -0.9105 -0.0115 0.4133
vn -0.2502 -0.8659 -0.4333
vn -0.2013 0.9154 0.3485
vn -0.0001 0.6598 0.7515
vn -0.0011 -0.0033 1.0000
vn -0.2143 -0.6547 0.7249
vn -0.0001 0.8681 0.4963
vn 0.5947 -0.8039 -0.0000
vn -0.5947 -0.8040 -0.0000
vn 0.0005 -0.0000 -1.0000
vn -0.0005 -0.0000 -1.0000
vn 0.0005 -0.0000 1.0000
vn 0.9428 -0.3334 -0.0000
vn -0.0812 -0.2117 0.9740
vn 0.0002 0.0003 -1.0000
vn -0.0001 -0.0000 1.0000
vn -0.9428 -0.3334 -0.0000
vn 0.0009 -0.0000 -1.0000
vn -0.0009 -0.0000 -1.0000
vn 0.0009 -0.0000 1.0000
vn 0.1541 0.9880 -0.0000
vn -0.1541 0.9880 0.0001
vn 0.0183 -0.0000 0.9998
vn -0.0183 -0.0000 0.9998
vn -0.8162 -0.5777 -0.0000
vn -0.5779 0.8161 -0.0000
vn 0.8162 0.5778 -0.0000
vn -0.7068 0.7068 0.0279
vn 0.6887 0.1741 -0.7038
vn -0.9105 -0.0115 0.4132
vn -0.0002 1.0000 -0.0000
vt 0.144920 0.054087
vt 0.145409 0.054214
vt 0.145015 0.054442
vt 0.144425 0.053230
vt 0.143938 0.053365
vt 0.144166 0.052971
vt 0.145282 0.053460
vt 0.145637 0.053820
vt 0.145282 0.053725
vt 0.144425 0.053955
vt 0.143938 0.053820
vt 0.144293 0.053725
vt 0.145150 0.053230
vt 0.145015 0.052743
vt 0.145409 0.052971
vt 0.128178 0.079644
vt 0.129203 0.079189
vt 0.129203 0.079644
vt 0.128178 0.079189
vt 0.129203 0.078734
vt 0.128178 0.078734
vt 0.129203 0.078279
vt 0.128178 0.078279
vt 0.129203 0.077824
vt 0.128178 0.077824
vt 0.129203 0.077369
vt 0.128178 0.077369
vt 0.129203 0.076914
vt 0.128178 0.076914
vt 0.129203 0.076459
vt 0.128178 0.076459
vt 0.129203 0.076004
vt 0.128178 0.076004
vt 0.129203 0.075549
vt 0.128178 0.081009
vt 0.129203 0.080554
vt 0.129203 0.081009
vt 0.128178 0.080554
vt 0.129203 0.080099
vt 0.128178 0.080099
vt 0.144655 0.053098
vt 0.144920 0.053098
vt 0.144560 0.054442
vt 0.144166 0.054214
vt 0.145637 0.053365
vt 0.144293 0.053460
vt 0.145150 0.053955
vt 0.144560 0.052743
vt 0.144655 0.054087
vt 0.262354 0.612306
vt 0.263371 0.612571
vt 0.262354 0.612571
vt 0.262354 0.613632
vt 0.263371 0.613897
vt 0.262354 0.613897
vt 0.262354 0.611776
vt 0.263371 0.612041
vt 0.262354 0.612041
vt 0.262354 0.614427
vt 0.263371 0.614162
vt 0.263371 0.614427
vt 0.263371 0.612836
vt 0.262354 0.612836
vt 0.263371 0.612306
vt 0.262354 0.613367
vt 0.263371 0.613632
vt 0.263371 0.614692
vt 0.262354 0.614692
vt 0.263371 0.613101
vt 0.262354 0.613101
vt 0.262354 0.614162
vt 0.262354 0.611511
vt 0.263371 0.611776
vt 0.263371 0.613367
vt 0.075353 0.639063
vt 0.073300 0.637713
vt 0.075411 0.637754
vt 0.332158 0.939828
vt 0.333844 0.843186
vt 0.333844 0.939828
vt 0.345536 0.481405
vt 0.346842 0.554883
vt 0.345536 0.554883
vt 0.332158 0.843186
vt 0.333844 0.837799
vt 0.345536 0.477309
vt 0.346842 0.481405
vt 0.861943 0.779622
vt 0.863274 0.775371
vt 0.863274 0.779622
vt 0.861943 0.855879
vt 0.714662 0.326892
vt 0.710815 0.331844
vt 0.710815 0.326892
vt 0.714662 0.238045
vt 0.072027 0.422349
vt 0.073300 0.418847
vt 0.075411 0.418806
vt 0.771256 0.497475
vt 0.775103 0.586321
vt 0.771256 0.586321
vt 0.075353 0.417497
vt 0.073241 0.417533
vt 0.157091 0.944235
vt 0.155775 0.870932
vt 0.157091 0.870932
vt 0.155775 0.944235
vt 0.157091 0.948321
vt 0.155775 0.948321
vt 0.775103 0.591273
vt 0.169252 0.930199
vt 0.167567 0.924813
vt 0.169252 0.924813
vt 0.167567 0.828175
vt 0.169252 0.828175
vt 0.993052 0.224942
vt 0.991737 0.229137
vt 0.991737 0.224942
vt 0.993052 0.149673
vt 0.993052 0.229137
vt 0.991737 0.233300
vt 0.169252 0.935545
vt 0.167567 0.930199
vt 0.701730 0.939392
vt 0.700188 0.936250
vt 0.701730 0.936250
vt 0.099763 0.832331
vt 0.101779 0.828177
vt 0.101779 0.832331
vt 0.694483 0.838155
vt 0.692924 0.841304
vt 0.692924 0.838155
vt 0.157091 0.952376
vt 0.155775 0.952376
vt 0.858552 0.721035
vt 0.854712 0.725800
vt 0.854712 0.721035
vt 0.775103 0.596188
vt 0.771256 0.591273
vt 0.851158 0.725800
vt 0.851158 0.721035
vt 0.778663 0.596188
vt 0.778663 0.591273
vt 0.847861 0.725800
vt 0.847861 0.721035
vt 0.781965 0.596188
vt 0.781965 0.591273
vt 0.844823 0.725800
vt 0.844823 0.721035
vt 0.785008 0.596188
vt 0.785008 0.591273
vt 0.107486 0.953010
vt 0.109458 0.957068
vt 0.107486 0.957068
vt 0.739552 0.836725
vt 0.737951 0.841646
vt 0.737951 0.836725
vt 0.768573 0.819055
vt 0.771077 0.813918
vt 0.771071 0.819066
vt 0.117654 0.928639
vt 0.115150 0.923442
vt 0.117648 0.923427
vt 0.115150 0.918195
vt 0.117648 0.918170
vt 0.739552 0.841646
vt 0.737951 0.846605
vt 0.115156 0.828170
vt 0.739552 0.846605
vt 0.737951 0.935571
vt 0.062925 0.426776
vt 0.059754 0.428764
vt 0.059754 0.426776
vt 0.066589 0.629013
vt 0.062925 0.428764
vt 0.066589 0.427547
vt 0.781965 0.497475
vt 0.785008 0.586321
vt 0.781965 0.586321
vt 0.062925 0.627796
vt 0.059754 0.629784
vt 0.059754 0.627796
vt 0.339554 0.850878
vt 0.341155 0.939837
vt 0.339554 0.939837
vt 0.700909 0.326892
vt 0.703952 0.238045
vt 0.703952 0.326892
vt 0.700909 0.331844
vt 0.339554 0.845920
vt 0.341155 0.850878
vt 0.707255 0.326892
vt 0.703952 0.331844
vt 0.707255 0.238045
vt 0.707255 0.331844
vt 0.710815 0.238045
vt 0.069667 0.631269
vt 0.069667 0.425291
vt 0.775103 0.497475
vt 0.778663 0.586321
vt 0.778663 0.497475
vt 0.707255 0.336759
vt 0.703952 0.336759
vt 0.851158 0.574442
vt 0.854712 0.579191
vt 0.851158 0.579191
vt 0.847861 0.574442
vt 0.847861 0.579191
vt 0.700909 0.336759
vt 0.844823 0.574442
vt 0.844823 0.579191
vt 0.107486 0.832213
vt 0.109458 0.828169
vt 0.109458 0.832213
vt 0.339554 0.840999
vt 0.341155 0.845920
vt 0.768574 0.963553
vt 0.771077 0.968690
vt 0.768580 0.968693
vt 0.664483 0.466134
vt 0.661980 0.471331
vt 0.661986 0.466128
vt 0.664477 0.471346
vt 0.661979 0.476578
vt 0.826442 0.860898
vt 0.815571 0.849519
vt 0.829269 0.856528
vt 0.830262 0.851374
vt 0.393507 0.702159
vt 0.408832 0.700510
vt 0.394533 0.707150
vt 0.408832 0.569739
vt 0.393507 0.568089
vt 0.815571 0.768842
vt 0.830262 0.761507
vt 0.397453 0.711381
vt 0.308482 0.935588
vt 0.315816 0.948711
vt 0.315816 0.950279
vt 0.315817 0.791699
vt 0.723593 0.718820
vt 0.738285 0.636284
vt 0.738285 0.716965
vt 0.308482 0.804821
vt 0.315817 0.790130
vt 0.661986 0.566603
vt 0.664477 0.476603
vt 0.664483 0.566603
vt 0.768573 0.958459
vt 0.771071 0.963542
vt 0.394533 0.563099
vt 0.724586 0.723974
vt 0.727413 0.728344
vt 0.397453 0.558868
vt 0.768573 0.824150
vt 0.771071 0.824168
vt 0.771071 0.958440
vt 0.107486 0.948998
vt 0.109458 0.953010
vt 0.109458 0.948998
vt 0.107486 0.836225
vt 0.109458 0.836225
vt 0.847861 0.583902
vt 0.844823 0.583902
vt 0.847861 0.716325
vt 0.851158 0.583902
vt 0.851158 0.716325
vt 0.844823 0.716325
vt 0.854712 0.716325
vt 0.854712 0.583902
vt 0.858552 0.716325
vt 0.858552 0.583902
vt 0.694483 0.935050
vt 0.692924 0.931937
vt 0.694483 0.931937
vt 0.692924 0.844418
vt 0.694483 0.844418
vt 0.101779 0.956007
vt 0.099763 0.951900
vt 0.101779 0.951900
vt 0.099763 0.836439
vt 0.101779 0.836439
vt 0.694483 0.841304
vt 0.700188 0.933143
vt 0.701730 0.933143
vt 0.700188 0.845816
vt 0.701730 0.845816
vt 0.920106 0.021393
vt 0.928058 0.012157
vt 0.928058 0.021393
vt 0.928058 0.281006
vt 0.701730 0.842709
vt 0.928058 0.290242
vt 0.920106 0.281006
vt 0.025633 0.752165
vt 0.022025 0.905405
vt 0.022025 0.752165
vt 0.025633 0.910857
vt 0.022025 0.910857
vt 0.025633 0.916352
vt 0.022025 0.916352
vt 0.928058 0.299552
vt 0.920106 0.290242
vt 0.710778 0.138632
vt 0.714426 0.133090
vt 0.714426 0.138638
vt 0.175687 0.691687
vt 0.183890 0.683244
vt 0.183670 0.692086
vt 0.345536 0.473245
vt 0.346842 0.477309
vt 0.700188 0.842709
vt 0.701730 0.839578
vt 0.101779 0.960148
vt 0.099763 0.956007
vt 0.332158 0.837799
vt 0.333844 0.832453
vt 0.861943 0.775371
vt 0.863274 0.771153
vt 0.694483 0.938188
vt 0.692924 0.935050
vt 0.714662 0.331844
vt 0.710815 0.336759
vt 0.854712 0.574442
vt 0.858552 0.579191
vt 0.175638 0.700538
vt 0.183622 0.700994
vt 0.710778 0.133087
vt 0.714426 0.127499
vt 0.714426 0.027197
vt 0.710778 0.127499
vt 0.710778 0.027255
vt 0.175907 0.872648
vt 0.083709 0.640333
vt 0.081160 0.418625
vt 0.083709 0.416227
vt 0.747444 0.627183
vt 0.750229 0.726126
vt 0.747444 0.726126
vt 0.232705 0.550908
vt 0.224751 0.379651
vt 0.232705 0.379651
vt 0.750229 0.731641
vt 0.747444 0.731641
vt 0.224751 0.370106
vt 0.750229 0.737114
vt 0.747444 0.737114
vt 0.224751 0.360633
vt 0.232705 0.370106
vt 0.025633 0.741218
vt 0.022025 0.746714
vt 0.022025 0.741218
vt 0.920106 0.012157
vt 0.928058 0.002847
vt 0.025633 0.746714
vt 0.017549 0.746714
vt 0.017549 0.741218
vt 0.017549 0.752165
vt 0.444147 0.676600
vt 0.443192 0.671875
vt 0.459238 0.663233
vt 0.443224 0.519813
vt 0.466689 0.670676
vt 0.446705 0.680344
vt 0.451046 0.683343
vt 0.446928 0.680669
vt 0.743988 0.731641
vt 0.743988 0.737114
vt 0.455901 0.684280
vt 0.743988 0.726126
vt 0.743988 0.627183
vt 0.544924 0.670571
vt 0.556151 0.684242
vt 0.089404 0.640333
vt 0.089404 0.416227
vt 0.544925 0.521136
vt 0.455917 0.507454
vt 0.556151 0.507465
vt 0.466718 0.521053
vt 0.459267 0.528494
vt 0.446942 0.511073
vt 0.451060 0.508394
vt 0.718953 0.127499
vt 0.718953 0.027126
vt 0.444190 0.515083
vt 0.017549 0.910857
vt 0.017549 0.916352
vt 0.718953 0.133094
vt 0.718953 0.138646
vt 0.017549 0.905405
vt 0.584425 0.231873
vt 0.580372 0.374988
vt 0.580377 0.216661
vt 0.639575 0.918598
vt 0.635034 0.789688
vt 0.639575 0.789688
vt 0.613689 0.903956
vt 0.619092 0.789692
vt 0.619092 0.903956
vt 0.724434 0.216661
vt 0.720388 0.231872
vt 0.724468 0.374966
vt 0.629336 0.789690
vt 0.624795 0.918601
vt 0.624795 0.789690
vt 0.770469 0.002859
vt 0.753774 0.161209
vt 0.753774 0.002857
vt 0.723011 0.374957
vt 0.720392 0.360759
vt 0.710085 0.360759
vt 0.707353 0.371552
vt 0.717725 0.388531
vt 0.702162 0.382192
vt 0.970098 0.917085
vt 0.965558 0.928937
vt 0.965558 0.917085
vt 0.970098 0.928937
vt 0.965558 0.940106
vt 0.761588 0.805995
vt 0.769506 0.797679
vt 0.764311 0.808332
vt 0.766394 0.796212
vt 0.772221 0.786845
vt 0.970098 0.940106
vt 0.965558 0.950543
vt 0.779708 0.784025
vt 0.782658 0.786894
vt 0.002853 0.741218
vt 0.011851 0.751301
vt 0.002853 0.751301
vt 0.002853 0.763945
vt 0.466487 0.623094
vt 0.466422 0.620898
vt 0.468830 0.620899
vt 0.469536 0.623687
vt 0.002853 0.774845
vt 0.011851 0.763945
vt 0.011851 0.774845
vt 0.468383 0.627103
vt 0.011851 0.785643
vt 0.470271 0.629571
vt 0.470622 0.625900
vt 0.472175 0.627773
vt 0.754720 0.814328
vt 0.756885 0.817380
vt 0.002853 0.796679
vt 0.011851 0.796679
vt 0.746188 0.821327
vt 0.747837 0.824807
vt 0.965558 0.905380
vt 0.970098 0.893674
vt 0.965558 0.893674
vt 0.708179 0.401483
vt 0.694741 0.391243
vt 0.695597 0.411419
vt 0.685693 0.398679
vt 0.970098 0.881968
vt 0.965558 0.881968
vt 0.680937 0.418929
vt 0.675365 0.404210
vt 0.666947 0.422866
vt 0.664039 0.407160
vt 0.652496 0.424189
vt 0.652490 0.407981
vt 0.640940 0.407167
vt 0.638044 0.422875
vt 0.629610 0.404224
vt 0.624052 0.418950
vt 0.619276 0.398699
vt 0.609384 0.411456
vt 0.965558 0.823748
vt 0.970098 0.835454
vt 0.965558 0.835454
vt 0.970098 0.847146
vt 0.965558 0.847146
vt 0.681488 0.824807
vt 0.692863 0.826535
vt 0.691810 0.830328
vt 0.703586 0.829312
vt 0.703126 0.833269
vt 0.011851 0.852074
vt 0.002854 0.840997
vt 0.011851 0.840997
vt 0.011851 0.863106
vt 0.002853 0.852074
vt 0.002853 0.829892
vt 0.011851 0.829892
vt 0.714662 0.830099
vt 0.714662 0.834086
vt 0.726199 0.833269
vt 0.011851 0.818788
vt 0.002853 0.818788
vt 0.011851 0.807711
vt 0.002853 0.807711
vt 0.725739 0.829312
vt 0.737515 0.830327
vt 0.736462 0.826535
vt 0.970098 0.870276
vt 0.965558 0.870276
vt 0.475468 0.632907
vt 0.478696 0.631116
vt 0.478280 0.633679
vt 0.472680 0.631511
vt 0.476287 0.630501
vt 0.474099 0.629339
vt 0.414532 0.694384
vt 0.438233 0.697815
vt 0.414532 0.697815
vt 0.438233 0.694384
vt 0.414532 0.690983
vt 0.438233 0.690983
vt 0.438233 0.687580
vt 0.296111 0.645202
vt 0.295747 0.641534
vt 0.297985 0.642720
vt 0.293703 0.647158
vt 0.294197 0.643411
vt 0.603537 0.931971
vt 0.607994 0.921173
vt 0.607994 0.931971
vt 0.603537 0.910137
vt 0.607994 0.910137
vt 0.608559 0.187689
vt 0.617288 0.166062
vt 0.624147 0.174395
vt 0.621132 0.197601
vt 0.632669 0.181397
vt 0.642385 0.186610
vt 0.635767 0.205094
vt 0.603537 0.899105
vt 0.607994 0.899105
vt 0.603537 0.888028
vt 0.607994 0.888028
vt 0.653100 0.189395
vt 0.649728 0.209027
vt 0.290081 0.646154
vt 0.292273 0.644984
vt 0.290909 0.648566
vt 0.287665 0.646776
vt 0.438233 0.701023
vt 0.438233 0.704238
vt 0.414532 0.701023
vt 0.285168 0.649599
vt 0.288089 0.649346
vt 0.282678 0.646770
vt 0.282248 0.649338
vt 0.414532 0.707453
vt 0.438233 0.707453
vt 0.607994 0.865819
vt 0.603537 0.876924
vt 0.603537 0.865819
vt 0.607994 0.876924
vt 0.664151 0.210356
vt 0.675243 0.189413
vt 0.678579 0.209056
vt 0.664171 0.190190
vt 0.692554 0.205150
vt 0.685965 0.186644
vt 0.707213 0.197679
vt 0.607994 0.843710
vt 0.603537 0.854742
vt 0.603537 0.843710
vt 0.607994 0.854742
vt 0.276640 0.647134
vt 0.280264 0.646141
vt 0.279429 0.648551
vt 0.414532 0.710662
vt 0.438233 0.710662
vt 0.414532 0.714093
vt 0.414532 0.717493
vt 0.438233 0.714093
vt 0.438233 0.717493
vt 0.276157 0.643388
vt 0.274239 0.645171
vt 0.489687 0.631451
vt 0.490162 0.627716
vt 0.492076 0.629489
vt 0.486073 0.630469
vt 0.486910 0.632869
vt 0.002853 0.863106
vt 0.011851 0.874142
vt 0.002853 0.874142
vt 0.002854 0.884940
vt 0.011851 0.884940
vt 0.491698 0.625841
vt 0.493927 0.627010
vt 0.665013 0.808332
vt 0.674605 0.814328
vt 0.672439 0.817381
vt 0.683137 0.821327
vt 0.965558 0.812042
vt 0.970098 0.800337
vt 0.970098 0.812042
vt 0.970098 0.823748
vt 0.602782 0.382210
vt 0.596780 0.401537
vt 0.587195 0.388589
vt 0.610217 0.391266
vt 0.597582 0.371549
vt 0.581853 0.374992
vt 0.584422 0.360760
vt 0.594861 0.360708
vt 0.202351 0.360634
vt 0.219047 0.518984
vt 0.202351 0.518986
vt 0.715255 0.630181
vt 0.711796 0.632365
vt 0.692267 0.602975
vt 0.705403 0.633494
vt 0.717438 0.626722
vt 0.718566 0.620329
vt 0.705403 0.730807
vt 0.758832 0.620319
vt 0.785381 0.602959
vt 0.068474 0.931463
vt 0.067764 0.834484
vt 0.068474 0.834148
vt 0.522069 0.883777
vt 0.522830 0.888875
vt 0.522069 0.888875
vt 0.567936 0.902473
vt 0.568699 0.897371
vt 0.568699 0.902473
vt 0.692267 0.761327
vt 0.711796 0.731935
vt 0.715255 0.734118
vt 0.567936 0.893120
vt 0.567936 0.897371
vt 0.717438 0.737577
vt 0.568699 0.888869
vt 0.568699 0.893120
vt 0.718566 0.743970
vt 0.567936 0.883768
vt 0.567936 0.888869
vt 0.350649 0.851183
vt 0.349939 0.891112
vt 0.349939 0.851520
vt 0.758832 0.743970
vt 0.785381 0.761327
vt 0.722564 0.901057
vt 0.723327 0.895954
vt 0.723327 0.901062
vt 0.759960 0.737577
vt 0.762143 0.734118
vt 0.765602 0.731935
vt 0.771995 0.730807
vt 0.771995 0.633480
vt 0.729230 0.020884
vt 0.748071 0.161225
vt 0.729267 0.144114
vt 0.748073 0.002848
vt 0.599224 0.020885
vt 0.580382 0.002850
vt 0.814325 0.866684
vt 0.791087 0.893894
vt 0.810866 0.864502
vt 0.816508 0.870144
vt 0.804473 0.863374
vt 0.817636 0.876537
vt 0.804473 0.766046
vt 0.580382 0.161201
vt 0.884201 0.893894
vt 0.857902 0.876537
vt 0.649736 0.917200
vt 0.645279 0.793963
vt 0.649736 0.793963
vt 0.264949 0.923979
vt 0.260492 0.793964
vt 0.264949 0.793964
vt 0.301316 0.607233
vt 0.299862 0.636565
vt 0.299855 0.608782
vt 0.270543 0.608782
vt 0.269083 0.607233
vt 0.473342 0.691335
vt 0.497043 0.725811
vt 0.473342 0.725811
vt 0.182165 0.133652
vt 0.158464 0.098356
vt 0.182165 0.098356
vt 0.464963 0.591553
vt 0.464979 0.623088
vt 0.497217 0.591553
vt 0.466426 0.593104
vt 0.477960 0.779709
vt 0.486957 0.902926
vt 0.477961 0.902926
vt 0.210375 0.181033
vt 0.201378 0.311048
vt 0.201378 0.181033
vt 0.759311 0.946174
vt 0.762261 0.820135
vt 0.762261 0.949043
vt 0.492660 0.953132
vt 0.495485 0.820129
vt 0.495485 0.956120
vt 0.667533 0.950468
vt 0.664583 0.824430
vt 0.667533 0.821560
vt 0.245682 0.786839
vt 0.236685 0.910056
vt 0.236685 0.786839
vt 0.657104 0.786845
vt 0.649616 0.784025
vt 0.659699 0.783988
vt 0.002853 0.908483
vt 0.011851 0.918567
vt 0.002853 0.918567
vt 0.495761 0.620895
vt 0.497214 0.623050
vt 0.495747 0.623047
vt 0.467637 0.691342
vt 0.443936 0.725819
vt 0.443936 0.691338
vt 0.405510 0.525986
vt 0.381809 0.527593
vt 0.381809 0.525987
vt 0.270535 0.636563
vt 0.269083 0.638719
vt 0.270549 0.638714
vt 0.414532 0.725693
vt 0.438233 0.720897
vt 0.438233 0.725693
vt 0.273532 0.639305
vt 0.272379 0.642687
vt 0.272808 0.636555
vt 0.607994 0.810970
vt 0.603537 0.821876
vt 0.603537 0.810970
vt 0.607994 0.798345
vt 0.603537 0.798345
vt 0.607994 0.821876
vt 0.603537 0.832674
vt 0.274613 0.641510
vt 0.719820 0.187777
vt 0.711093 0.166115
vt 0.729416 0.174834
vt 0.715891 0.156322
vt 0.734771 0.161218
vt 0.704226 0.174448
vt 0.719097 0.144112
vt 0.270647 0.921475
vt 0.275104 0.798239
vt 0.275104 0.921475
vt 0.607994 0.788261
vt 0.603537 0.788261
vt 0.607994 0.832674
vt 0.414532 0.720897
vt 0.492771 0.623640
vt 0.493490 0.620890
vt 0.002854 0.895840
vt 0.011851 0.908483
vt 0.011851 0.895839
vt 0.659819 0.797679
vt 0.667737 0.805995
vt 0.662931 0.796212
vt 0.965558 0.788486
vt 0.965558 0.800337
vt 0.965558 0.777316
vt 0.970098 0.788485
vt 0.970098 0.766879
vt 0.970098 0.777316
vt 0.267648 0.525980
vt 0.291350 0.527586
vt 0.267648 0.527586
vt 0.299836 0.638731
vt 0.297551 0.636565
vt 0.414532 0.682784
vt 0.438233 0.682784
vt 0.296831 0.639324
vt 0.607994 0.942876
vt 0.607994 0.955501
vt 0.603537 0.942876
vt 0.609267 0.144071
vt 0.612489 0.156275
vt 0.593665 0.161179
vt 0.598997 0.174758
vt 0.599183 0.144111
vt 0.607994 0.965586
vt 0.603537 0.955501
vt 0.207443 0.690108
vt 0.208153 0.730037
vt 0.207443 0.730373
vt 0.684534 0.883769
vt 0.685296 0.888871
vt 0.684534 0.888871
vt 0.043988 0.904507
vt 0.043225 0.909608
vt 0.043225 0.904503
vt 0.859030 0.870144
vt 0.861213 0.866684
vt 0.043225 0.900250
vt 0.864672 0.864502
vt 0.043988 0.895996
vt 0.043225 0.895996
vt 0.871065 0.863374
vt 0.043225 0.890891
vt 0.077253 0.931054
vt 0.077963 0.834075
vt 0.077963 0.931390
vt 0.884201 0.735542
vt 0.871065 0.766061
vt 0.749855 0.893113
vt 0.749092 0.898220
vt 0.749092 0.893113
vt 0.864672 0.764931
vt 0.861213 0.762748
vt 0.749092 0.888857
vt 0.859030 0.759288
vt 0.749855 0.884602
vt 0.749092 0.884602
vt 0.857902 0.752895
vt 0.749092 0.879494
vt 0.449462 0.844096
vt 0.450172 0.884026
vt 0.449462 0.884362
vt 0.817636 0.752886
vt 0.712225 0.895955
vt 0.711462 0.901061
vt 0.711462 0.895955
vt 0.791087 0.735525
vt 0.816508 0.759279
vt 0.814325 0.762737
vt 0.711462 0.891701
vt 0.810867 0.764919
vt 0.712225 0.887447
vt 0.711462 0.887447
vt 0.711462 0.882341
vt 0.058986 0.834075
vt 0.058275 0.931065
vt 0.058275 0.834411
vt 0.057667 0.929997
vt 0.057667 0.835480
vt 0.710315 0.882341
vt 0.710315 0.887447
vt 0.684534 0.897372
vt 0.683387 0.902474
vt 0.683387 0.897372
vt 0.685296 0.897372
vt 0.684534 0.902474
vt 0.683387 0.893122
vt 0.684534 0.893122
vt 0.683387 0.888871
vt 0.683387 0.883769
vt 0.682417 0.893122
vt 0.682417 0.888871
vt 0.682417 0.883769
vt 0.208761 0.691513
vt 0.209747 0.728893
vt 0.208761 0.728967
vt 0.208153 0.690444
vt 0.042077 0.904499
vt 0.041107 0.909595
vt 0.041107 0.904495
vt 0.042077 0.909601
vt 0.041107 0.900245
vt 0.042077 0.900247
vt 0.042077 0.895996
vt 0.041107 0.895996
vt 0.041107 0.890896
vt 0.042077 0.890894
vt 0.075659 0.929910
vt 0.076645 0.835479
vt 0.076645 0.929985
vt 0.077253 0.834411
vt 0.747944 0.893113
vt 0.746974 0.898220
vt 0.746974 0.893113
vt 0.747944 0.898220
vt 0.746974 0.888857
vt 0.747944 0.888857
vt 0.747944 0.884602
vt 0.746974 0.884602
vt 0.746974 0.879494
vt 0.747944 0.879494
vt 0.451766 0.845576
vt 0.450780 0.882956
vt 0.450780 0.845501
vt 0.450172 0.844432
vt 0.710315 0.895955
vt 0.709344 0.901061
vt 0.709344 0.895955
vt 0.710315 0.901061
vt 0.709344 0.891701
vt 0.710315 0.891701
vt 0.709344 0.887447
vt 0.709344 0.882341
vt 0.708574 0.891701
vt 0.708574 0.887447
vt 0.708574 0.882341
vt 0.056682 0.835555
vt 0.056162 0.929294
vt 0.056161 0.836183
vt 0.056682 0.929922
vt 0.682417 0.897372
vt 0.681648 0.902474
vt 0.681648 0.897372
vt 0.682417 0.902474
vt 0.681648 0.893122
vt 0.681648 0.888871
vt 0.680699 0.888871
vt 0.680699 0.893122
vt 0.646828 0.470232
vt 0.608621 0.465697
vt 0.644069 0.465697
vt 0.651202 0.473093
vt 0.646828 0.567918
vt 0.605861 0.567908
vt 0.605861 0.470232
vt 0.601487 0.565046
vt 0.601487 0.473093
vt 0.040337 0.900244
vt 0.039387 0.895996
vt 0.040337 0.895996
vt 0.040337 0.904491
vt 0.039387 0.900242
vt 0.608621 0.572444
vt 0.746203 0.888857
vt 0.745253 0.884602
vt 0.746203 0.884602
vt 0.746203 0.893113
vt 0.745253 0.888857
vt 0.746203 0.898220
vt 0.745253 0.893113
vt 0.075139 0.929282
vt 0.075659 0.835554
vt 0.074171 0.929282
vt 0.075140 0.836182
vt 0.596396 0.564106
vt 0.596396 0.474032
vt 0.039387 0.890900
vt 0.040337 0.890898
vt 0.746203 0.879494
vt 0.745253 0.879494
vt 0.452286 0.882253
vt 0.451766 0.882881
vt 0.452286 0.846204
vt 0.453253 0.882253
vt 0.708574 0.901061
vt 0.708574 0.895955
vt 0.707624 0.895955
vt 0.707624 0.901061
vt 0.644068 0.572452
vt 0.609527 0.577724
vt 0.707624 0.891701
vt 0.707624 0.887447
vt 0.040337 0.909589
vt 0.039387 0.904488
vt 0.210267 0.692216
vt 0.209747 0.691588
vt 0.211234 0.692216
vt 0.210267 0.728265
vt 0.681648 0.883769
vt 0.680699 0.883769
vt 0.609527 0.460417
vt 0.643163 0.460417
vt 0.656294 0.474032
vt 0.651202 0.565057
vt 0.707624 0.882341
vt 0.055195 0.929294
vt 0.680699 0.897372
vt 0.583278 0.824473
vt 0.583988 0.921463
vt 0.583278 0.921126
vt 0.722564 0.882337
vt 0.723327 0.887442
vt 0.722564 0.887442
vt 0.893732 0.909572
vt 0.894493 0.904476
vt 0.894493 0.909572
vt 0.765601 0.632353
vt 0.762143 0.630171
vt 0.893732 0.900230
vt 0.893732 0.904476
vt 0.759960 0.626713
vt 0.894493 0.895983
vt 0.894493 0.900230
vt 0.893732 0.890887
vt 0.893732 0.895983
vt 0.443326 0.848334
vt 0.442616 0.888263
vt 0.442616 0.848670
vt 0.442008 0.887193
vt 0.442008 0.849740
vt 0.892586 0.890887
vt 0.892586 0.895983
vt 0.520924 0.902479
vt 0.522069 0.897373
vt 0.522069 0.902471
vt 0.522830 0.897369
vt 0.522830 0.902466
vt 0.520924 0.893126
vt 0.520924 0.897377
vt 0.522069 0.893124
vt 0.522830 0.893122
vt 0.520924 0.883774
vt 0.520924 0.888875
vt 0.519955 0.883771
vt 0.519955 0.888875
vt 0.519955 0.893128
vt 0.067156 0.930057
vt 0.066170 0.835627
vt 0.067156 0.835552
vt 0.067764 0.931126
vt 0.565820 0.902473
vt 0.566790 0.897371
vt 0.566790 0.902473
vt 0.565820 0.893120
vt 0.565820 0.897371
vt 0.566790 0.893120
vt 0.566790 0.888869
vt 0.565820 0.883768
vt 0.565820 0.888869
vt 0.566790 0.883768
vt 0.349331 0.852589
vt 0.348345 0.889968
vt 0.348345 0.852664
vt 0.720446 0.901042
vt 0.721416 0.895946
vt 0.721416 0.901049
vt 0.722564 0.895951
vt 0.720446 0.891692
vt 0.720446 0.895942
vt 0.721416 0.891694
vt 0.721416 0.887442
vt 0.722564 0.891697
vt 0.720446 0.882342
vt 0.720446 0.887442
vt 0.721416 0.882339
vt 0.581685 0.825617
vt 0.582671 0.920059
vt 0.581685 0.919983
vt 0.582670 0.825542
vt 0.891617 0.909572
vt 0.892586 0.904476
vt 0.892586 0.909572
vt 0.891617 0.900230
vt 0.891617 0.904476
vt 0.892586 0.900230
vt 0.891617 0.890887
vt 0.891617 0.895983
vt 0.890849 0.890887
vt 0.890849 0.895983
vt 0.890849 0.900230
vt 0.441022 0.849814
vt 0.440502 0.886490
vt 0.440502 0.850443
vt 0.519186 0.902490
vt 0.519955 0.897381
vt 0.519955 0.902485
vt 0.519186 0.893130
vt 0.519186 0.897384
vt 0.518238 0.897388
vt 0.518238 0.893132
vt 0.519186 0.888875
vt 0.599821 0.345420
vt 0.638972 0.349941
vt 0.602649 0.349949
vt 0.646281 0.342551
vt 0.641799 0.247844
vt 0.646281 0.250703
vt 0.641799 0.345411
vt 0.599821 0.247844
vt 0.564102 0.897371
vt 0.565051 0.893120
vt 0.565051 0.897371
vt 0.638972 0.243314
vt 0.602649 0.243314
vt 0.564102 0.893120
vt 0.565051 0.888869
vt 0.718726 0.895934
vt 0.719676 0.891690
vt 0.719676 0.895939
vt 0.595339 0.250703
vt 0.718726 0.891688
vt 0.719676 0.887442
vt 0.719676 0.882344
vt 0.718726 0.887442
vt 0.581164 0.826245
vt 0.581165 0.919356
vt 0.580197 0.826245
vt 0.595340 0.342563
vt 0.590122 0.251641
vt 0.890849 0.904476
vt 0.889901 0.909572
vt 0.889901 0.904476
vt 0.889901 0.900230
vt 0.890849 0.909572
vt 0.889901 0.895983
vt 0.719676 0.901037
vt 0.718726 0.901030
vt 0.347825 0.853292
vt 0.347825 0.889340
vt 0.346858 0.853292
vt 0.565051 0.883768
vt 0.564102 0.888869
vt 0.638044 0.238041
vt 0.603577 0.238041
vt 0.565051 0.902473
vt 0.564102 0.902473
vt 0.066170 0.929982
vt 0.065650 0.836255
vt 0.065650 0.929354
vt 0.064683 0.836255
vt 0.651498 0.341612
vt 0.651499 0.251641
vt 0.518238 0.888875
vt 0.519186 0.883769
vt 0.889901 0.890887
vt 0.638044 0.355215
vt 0.603577 0.355223
vt 0.439534 0.850443
vt 0.518238 0.902496
vt 0.723327 0.891698
vt 0.483668 0.631100
vt 0.484102 0.633660
vt 0.481191 0.633926
vt 0.481183 0.631285
vt 0.970098 0.858711
vt 0.965558 0.858711
vt 0.184558 0.321738
vt 0.128178 0.321738
vt 0.195671 0.310618
vt 0.912637 0.693363
vt 0.907376 0.805222
vt 0.907376 0.693363
vt 0.128178 0.222367
vt 0.195671 0.233487
vt 0.052749 0.737873
vt 0.052749 0.743270
vt 0.051114 0.743270
vt 0.039729 0.741588
vt 0.973472 0.203932
vt 0.969762 0.016178
vt 0.973472 0.003173
vt 0.184558 0.222367
vt 0.907376 0.360628
vt 0.912637 0.472487
vt 0.907376 0.472487
vt 0.864253 0.575380
vt 0.865888 0.580777
vt 0.864253 0.580777
vt 0.877273 0.579095
vt 0.865888 0.581859
vt 0.864522 0.581544
vt 0.865170 0.581860
vt 0.847302 0.108239
vt 0.844816 0.002851
vt 0.847302 0.002851
vt 0.914339 0.360628
vt 0.915258 0.472487
vt 0.914339 0.472487
vt 0.867295 0.583783
vt 0.867785 0.586476
vt 0.867785 0.593746
vt 0.868152 0.596029
vt 0.869508 0.597673
vt 0.871851 0.598120
vt 0.871984 0.600645
vt 0.873968 0.600645
vt 0.969325 0.360628
vt 0.971470 0.459296
vt 0.969325 0.459296
vt 0.961099 0.360631
vt 0.963622 0.461064
vt 0.961099 0.461064
vt 0.961099 0.490753
vt 0.963622 0.490753
vt 0.971470 0.488464
vt 0.969325 0.488464
vt 0.861612 0.139392
vt 0.864598 0.108239
vt 0.864598 0.139392
vt 0.861612 0.002851
vt 0.861612 0.108239
vt 0.859190 0.139392
vt 0.859190 0.108239
vt 0.859190 0.002851
vt 0.856926 0.002851
vt 0.849949 0.002851
vt 0.856926 0.108239
vt 0.849949 0.108239
vt 0.856926 0.139392
vt 0.849949 0.139392
vt 0.847302 0.139392
vt 0.844816 0.108239
vt 0.844816 0.139392
vt 0.847302 0.285183
vt 0.844816 0.285183
vt 0.844816 0.316337
vt 0.849949 0.316337
vt 0.847302 0.316337
vt 0.914339 0.693363
vt 0.915258 0.660296
vt 0.915258 0.693363
vt 0.915258 0.505553
vt 0.914339 0.660296
vt 0.914339 0.505553
vt 0.913462 0.660296
vt 0.913462 0.505553
vt 0.913462 0.693363
vt 0.913462 0.472487
vt 0.913462 0.360628
vt 0.912637 0.360628
vt 0.907376 0.505553
vt 0.912637 0.660296
vt 0.912637 0.505553
vt 0.907376 0.660296
vt 0.912637 0.805222
vt 0.913462 0.805222
vt 0.914339 0.805222
vt 0.844816 0.421725
vt 0.051114 0.744352
vt 0.049707 0.746275
vt 0.051832 0.744353
vt 0.052480 0.744037
vt 0.049217 0.748969
vt 0.049217 0.756240
vt 0.048849 0.758522
vt 0.047494 0.760166
vt 0.045151 0.760612
vt 0.045018 0.763138
vt 0.043034 0.763138
vt 0.969324 0.752794
vt 0.971470 0.654126
vt 0.971469 0.752794
vt 0.961099 0.759812
vt 0.963622 0.659379
vt 0.963622 0.759812
vt 0.961099 0.629690
vt 0.961099 0.659379
vt 0.971470 0.624958
vt 0.969324 0.654126
vt 0.969324 0.624958
vt 0.861612 0.285183
vt 0.864598 0.316337
vt 0.861612 0.316337
vt 0.861612 0.421725
vt 0.859190 0.285183
vt 0.859190 0.421725
vt 0.859190 0.316337
vt 0.856926 0.421725
vt 0.856926 0.316337
vt 0.849949 0.421725
vt 0.856926 0.285183
vt 0.849949 0.285183
vt 0.847302 0.421725
vt 0.963622 0.629690
vt 0.102332 0.306550
vt 0.002792 0.273570
vt 0.102317 0.273421
vt 0.002855 0.409983
vt 0.002806 0.306583
vt 0.102317 0.139410
vt 0.002792 0.139261
vt 0.102332 0.106280
vt 0.002806 0.106249
vt 0.746488 0.807100
vt 0.737852 0.770618
vt 0.746488 0.768915
vt 0.777910 0.172321
vt 0.782889 0.010606
vt 0.782889 0.165062
vt 0.920965 0.414036
vt 0.925661 0.447266
vt 0.921061 0.447354
vt 0.921061 0.593961
vt 0.732143 0.770630
vt 0.723503 0.807111
vt 0.723506 0.768926
vt 0.925661 0.594050
vt 0.920964 0.627279
vt 0.978504 0.314817
vt 0.977174 0.345938
vt 0.977174 0.314817
vt 0.977174 0.491576
vt 0.978504 0.345938
vt 0.978504 0.491576
vt 0.827010 0.545964
vt 0.828780 0.491991
vt 0.828780 0.545964
vt 0.828780 0.239410
vt 0.827010 0.491991
vt 0.827009 0.239410
vt 0.978504 0.522697
vt 0.977174 0.522697
vt 0.827010 0.185437
vt 0.828780 0.185437
vt 0.829983 0.239410
vt 0.829983 0.185437
vt 0.833921 0.239410
vt 0.833920 0.185437
vt 0.829983 0.491991
vt 0.829983 0.545964
vt 0.833921 0.491991
vt 0.833920 0.545964
vt 0.836414 0.545964
vt 0.836414 0.239410
vt 0.839121 0.545964
vt 0.836414 0.491991
vt 0.839121 0.491991
vt 0.839121 0.239410
vt 0.836414 0.185437
vt 0.839121 0.185437
vt 0.888511 0.333589
vt 0.889891 0.364781
vt 0.888511 0.364781
vt 0.889891 0.510751
vt 0.888511 0.510751
vt 0.889891 0.333589
vt 0.891548 0.364781
vt 0.888511 0.541942
vt 0.891548 0.510751
vt 0.889891 0.541942
vt 0.893202 0.510751
vt 0.891548 0.541942
vt 0.894860 0.541942
vt 0.893202 0.541942
vt 0.894860 0.364781
vt 0.893202 0.364781
vt 0.891548 0.333589
vt 0.894860 0.333589
vt 0.896528 0.333589
vt 0.896528 0.364781
vt 0.894860 0.510751
vt 0.897922 0.333589
vt 0.897922 0.364781
vt 0.896528 0.510751
vt 0.896528 0.541942
vt 0.897922 0.541942
vt 0.661789 0.453725
vt 0.693727 0.452959
vt 0.670480 0.462513
vt 0.670480 0.583542
vt 0.693727 0.593095
vt 0.661789 0.592330
vt 0.671495 0.615577
vt 0.590694 0.592330
vt 0.567447 0.615577
vt 0.896528 0.228072
vt 0.897922 0.228072
vt 0.872092 0.721159
vt 0.871302 0.720129
vt 0.877273 0.718640
vt 0.567447 0.430477
vt 0.590694 0.453725
vt 0.894801 0.008460
vt 0.897318 0.188374
vt 0.894801 0.183198
vt 0.870502 0.718767
vt 0.870180 0.717101
vt 0.870502 0.715436
vt 0.871302 0.714074
vt 0.872092 0.713044
vt 0.877273 0.712002
vt 0.044910 0.883652
vt 0.039729 0.881133
vt 0.045699 0.882622
vt 0.046500 0.881260
vt 0.046822 0.879594
vt 0.046500 0.877929
vt 0.045699 0.876567
vt 0.044910 0.875537
vt 0.039729 0.874495
vt 0.044910 0.874494
vt 0.839121 0.728547
vt 0.836414 0.728547
vt 0.889891 0.647460
vt 0.888511 0.647460
vt 0.891548 0.647460
vt 0.893202 0.647460
vt 0.894860 0.647460
vt 0.045487 0.871919
vt 0.833921 0.728547
vt 0.046319 0.869721
vt 0.829983 0.728547
vt 0.047167 0.868199
vt 0.043034 0.862773
vt 0.828780 0.728547
vt 0.959859 0.886037
vt 0.952443 0.766880
vt 0.959859 0.766880
vt 0.048149 0.867377
vt 0.049475 0.862773
vt 0.049452 0.867377
vt 0.827009 0.728547
vt 0.978504 0.209540
vt 0.925564 0.627281
vt 0.921090 0.734855
vt 0.896528 0.647460
vt 0.872092 0.712002
vt 0.839121 0.002854
vt 0.889891 0.228072
vt 0.888511 0.228072
vt 0.891548 0.228072
vt 0.893202 0.228072
vt 0.893202 0.333589
vt 0.894860 0.228072
vt 0.871514 0.709426
vt 0.833921 0.002854
vt 0.870683 0.707228
vt 0.829983 0.002854
vt 0.869835 0.705706
vt 0.873968 0.700279
vt 0.828780 0.002854
vt 0.002855 0.002848
vt 0.597844 0.785413
vt 0.590428 0.904570
vt 0.590428 0.785413
vt 0.868853 0.704884
vt 0.867527 0.700279
vt 0.827009 0.002854
vt 0.978504 0.627974
vt 0.977174 0.627974
vt 0.921090 0.306465
vt 0.925564 0.414035
vt 0.671495 0.430477
vt 0.068646 0.648915
vt 0.083566 0.658156
vt 0.079452 0.659895
vt 0.067254 0.652309
vt 0.083908 0.668970
vt 0.079452 0.668970
vt 0.076110 0.661307
vt 0.780910 0.815374
vt 0.776942 0.852914
vt 0.776942 0.815374
vt 0.776942 0.874728
vt 0.780910 0.852914
vt 0.780910 0.874728
vt 0.781391 0.815374
vt 0.781391 0.852914
vt 0.781391 0.874728
vt 0.717944 0.209617
vt 0.709026 0.205634
vt 0.709148 0.205167
vt 0.709026 0.209617
vt 0.709491 0.204881
vt 0.781837 0.852914
vt 0.781837 0.874728
vt 0.710321 0.204747
vt 0.782681 0.852914
vt 0.781837 0.815374
vt 0.782681 0.815374
vt 0.952440 0.730843
vt 0.953341 0.694791
vt 0.953341 0.730843
vt 0.952440 0.751793
vt 0.954537 0.694791
vt 0.954537 0.730843
vt 0.953341 0.751793
vt 0.711769 0.203571
vt 0.710555 0.203834
vt 0.712926 0.200461
vt 0.759086 0.691053
vt 0.755931 0.710463
vt 0.755931 0.691053
vt 0.760745 0.691053
vt 0.759086 0.710463
vt 0.714412 0.199562
vt 0.759086 0.657650
vt 0.760745 0.657650
vt 0.764127 0.657650
vt 0.764127 0.691053
vt 0.760745 0.710463
vt 0.764127 0.710463
vt 0.717944 0.199562
vt 0.724638 0.209617
vt 0.358721 0.707038
vt 0.368735 0.722358
vt 0.358679 0.722374
vt 0.368735 0.747656
vt 0.358721 0.762676
vt 0.358679 0.747640
vt 0.292089 0.615785
vt 0.285292 0.625840
vt 0.285292 0.615785
vt 0.281705 0.625840
vt 0.760745 0.638596
vt 0.764127 0.638596
vt 0.759086 0.638596
vt 0.280196 0.624940
vt 0.755931 0.638596
vt 0.279021 0.621830
vt 0.953341 0.674226
vt 0.954537 0.674226
vt 0.277788 0.621568
vt 0.952440 0.674226
vt 0.277551 0.620655
vt 0.781837 0.793960
vt 0.782681 0.793960
vt 0.276707 0.620520
vt 0.781391 0.793960
vt 0.276360 0.620234
vt 0.780910 0.793960
vt 0.276236 0.619767
vt 0.776942 0.793960
vt 0.276236 0.615785
vt 0.059741 0.644390
vt 0.059741 0.648915
vt 0.317071 0.651646
vt 0.307016 0.621481
vt 0.317071 0.621481
vt 0.645249 0.372041
vt 0.650470 0.383718
vt 0.645249 0.387114
vt 0.663112 0.391640
vt 0.645249 0.391640
vt 0.663112 0.387114
vt 0.663112 0.383718
vt 0.317071 0.660702
vt 0.313088 0.660702
vt 0.307016 0.655233
vt 0.307016 0.651646
vt 0.307915 0.656741
vt 0.311025 0.657917
vt 0.311288 0.659150
vt 0.312335 0.660230
vt 0.312201 0.659387
vt 0.312621 0.660578
vt 0.401076 0.081259
vt 0.400626 0.117004
vt 0.400625 0.081259
vt 0.400142 0.117004
vt 0.400142 0.081258
vt 0.542077 0.852081
vt 0.546812 0.860665
vt 0.546526 0.861013
vt 0.546060 0.861137
vt 0.396160 0.117004
vt 0.396159 0.081256
vt 0.542077 0.861137
vt 0.546947 0.859822
vt 0.401076 0.117004
vt 0.401930 0.081259
vt 0.401930 0.117004
vt 0.547860 0.859585
vt 0.402873 0.081260
vt 0.402873 0.117004
vt 0.548122 0.858352
vt 0.404133 0.081260
vt 0.404133 0.117004
vt 0.407458 0.081262
vt 0.407458 0.117004
vt 0.551232 0.857177
vt 0.409215 0.081263
vt 0.409215 0.117004
vt 0.552132 0.855668
vt 0.412802 0.117004
vt 0.412802 0.081263
vt 0.552132 0.852081
vt 0.552132 0.845284
vt 0.089688 0.647147
vt 0.099743 0.672440
vt 0.089688 0.672448
vt 0.182410 0.163064
vt 0.172354 0.139697
vt 0.182410 0.139697
vt 0.707431 0.821119
vt 0.696983 0.811064
vt 0.707431 0.811064
vt 0.142266 0.042865
vt 0.157186 0.033624
vt 0.143980 0.047042
vt 0.153072 0.031885
vt 0.140874 0.039471
vt 0.149730 0.030473
vt 0.157528 0.022810
vt 0.153072 0.022810
vt 0.149727 0.022810
vt 0.715839 0.697938
vt 0.711871 0.660400
vt 0.715839 0.660400
vt 0.711871 0.638587
vt 0.716320 0.697938
vt 0.716320 0.660400
vt 0.715839 0.638587
vt 0.716320 0.638587
vt 0.128173 0.060863
vt 0.132623 0.069659
vt 0.132156 0.069782
vt 0.128173 0.069782
vt 0.132909 0.069317
vt 0.716766 0.660400
vt 0.716766 0.638587
vt 0.133043 0.068487
vt 0.717611 0.660400
vt 0.716766 0.697938
vt 0.717611 0.697938
vt 0.864251 0.626751
vt 0.865152 0.662801
vt 0.864251 0.662801
vt 0.864251 0.605801
vt 0.865152 0.626751
vt 0.866348 0.662801
vt 0.865152 0.605801
vt 0.866348 0.626751
vt 0.134219 0.067039
vt 0.133956 0.068253
vt 0.137329 0.065882
vt 0.848183 0.768307
vt 0.851281 0.787822
vt 0.848183 0.787822
vt 0.851281 0.768307
vt 0.852910 0.787822
vt 0.138228 0.064396
vt 0.851281 0.821404
vt 0.848183 0.821404
vt 0.852910 0.821404
vt 0.856231 0.821404
vt 0.856231 0.787822
vt 0.852910 0.768307
vt 0.856231 0.768307
vt 0.138228 0.060863
vt 0.128173 0.054170
vt 0.138229 0.054170
vt 0.202398 0.581649
vt 0.212412 0.566329
vt 0.212453 0.581668
vt 0.212412 0.541032
vt 0.202357 0.566313
vt 0.202357 0.541047
vt 0.202398 0.526011
vt 0.291020 0.662489
vt 0.301075 0.655692
vt 0.301075 0.662489
vt 0.291020 0.666077
vt 0.852910 0.840561
vt 0.851281 0.840561
vt 0.291920 0.667585
vt 0.848183 0.840561
vt 0.295030 0.668761
vt 0.865152 0.683366
vt 0.866348 0.683366
vt 0.295292 0.669993
vt 0.864251 0.683366
vt 0.296205 0.670231
vt 0.716766 0.719351
vt 0.717611 0.719351
vt 0.296340 0.671074
vt 0.716320 0.719351
vt 0.296626 0.671422
vt 0.715839 0.719351
vt 0.297093 0.671545
vt 0.711871 0.719351
vt 0.711871 0.697938
vt 0.301075 0.671545
vt 0.133361 0.047390
vt 0.133361 0.042865
vt 0.263008 0.621484
vt 0.252953 0.651649
vt 0.252953 0.621484
vt 0.694765 0.159016
vt 0.689544 0.170693
vt 0.689544 0.155620
vt 0.707408 0.151095
vt 0.689544 0.151095
vt 0.707408 0.155620
vt 0.252953 0.660705
vt 0.256936 0.660705
vt 0.263008 0.651649
vt 0.263008 0.655236
vt 0.262109 0.656745
vt 0.258999 0.657920
vt 0.258736 0.659153
vt 0.257689 0.660233
vt 0.257823 0.659390
vt 0.257403 0.660581
vt 0.279319 0.084099
vt 0.279769 0.119844
vt 0.279319 0.119844
vt 0.279769 0.084099
vt 0.280252 0.119844
vt 0.182450 0.082348
vt 0.178001 0.091280
vt 0.177714 0.090933
vt 0.178467 0.091404
vt 0.284235 0.119844
vt 0.280252 0.084098
vt 0.284235 0.084095
vt 0.182450 0.091404
vt 0.177580 0.090089
vt 0.278465 0.084099
vt 0.278465 0.119844
vt 0.176667 0.089852
vt 0.277522 0.084100
vt 0.277522 0.119844
vt 0.176405 0.088619
vt 0.276262 0.084100
vt 0.276261 0.119844
vt 0.272937 0.084102
vt 0.272936 0.119844
vt 0.173295 0.087444
vt 0.271180 0.084103
vt 0.271180 0.119844
vt 0.172395 0.085935
vt 0.267593 0.119844
vt 0.267593 0.084103
vt 0.172395 0.082348
vt 0.172395 0.075551
vt 0.453891 0.732681
vt 0.443836 0.757974
vt 0.443836 0.732673
vt 0.791087 0.718416
vt 0.814454 0.728471
vt 0.791087 0.728471
vt 0.070192 0.665674
vt 0.059744 0.675730
vt 0.059744 0.665674
vt 0.413576 0.506631
vt 0.417989 0.501745
vt 0.417989 0.506631
vt 0.413576 0.501745
vt 0.417989 0.496859
vt 0.413576 0.496859
vt 0.417989 0.491972
vt 0.413576 0.491972
vt 0.417989 0.487086
vt 0.413576 0.487086
vt 0.417989 0.482200
vt 0.413576 0.482200
vt 0.417989 0.477314
vt 0.413576 0.477314
vt 0.417989 0.472427
vt 0.413576 0.472427
vt 0.417989 0.467541
vt 0.375278 0.897937
vt 0.377771 0.893493
vt 0.377771 0.897937
vt 0.379044 0.897937
vt 0.375278 0.893493
vt 0.377771 0.889048
vt 0.379044 0.893493
vt 0.375278 0.884603
vt 0.375278 0.889048
vt 0.377771 0.884603
vt 0.379044 0.889048
vt 0.377771 0.880159
vt 0.379044 0.884603
vt 0.375278 0.880159
vt 0.377771 0.875714
vt 0.379044 0.880159
vt 0.375278 0.875714
vt 0.377771 0.871269
vt 0.379044 0.875714
vt 0.375278 0.866825
vt 0.375278 0.871269
vt 0.377771 0.866825
vt 0.379044 0.871269
vt 0.375278 0.862380
vt 0.377771 0.862380
vt 0.379044 0.866825
vt 0.128714 0.864557
vt 0.125485 0.860009
vt 0.128714 0.860009
vt 0.125485 0.864557
vt 0.123363 0.860009
vt 0.123363 0.855462
vt 0.125485 0.855462
vt 0.128714 0.855462
vt 0.123363 0.850914
vt 0.125485 0.850914
vt 0.128714 0.850914
vt 0.123363 0.846366
vt 0.125485 0.846366
vt 0.128714 0.846366
vt 0.123363 0.841818
vt 0.125485 0.841818
vt 0.128714 0.841818
vt 0.123363 0.837271
vt 0.125485 0.837271
vt 0.128714 0.837271
vt 0.123363 0.832723
vt 0.125485 0.832723
vt 0.128714 0.832723
vt 0.123363 0.828176
vt 0.125485 0.828176
vt 0.128714 0.828176
vt 0.384735 0.893968
vt 0.387955 0.898276
vt 0.384735 0.898276
vt 0.407881 0.469128
vt 0.403539 0.461837
vt 0.407881 0.461837
vt 0.399331 0.461837
vt 0.403539 0.469128
vt 0.399331 0.469128
vt 0.403539 0.476419
vt 0.399331 0.476419
vt 0.399331 0.483711
vt 0.403539 0.483711
vt 0.407881 0.483711
vt 0.407881 0.476419
vt 0.384735 0.889661
vt 0.387955 0.885353
vt 0.387955 0.889661
vt 0.387955 0.893968
vt 0.403539 0.491003
vt 0.384735 0.881045
vt 0.384735 0.885353
vt 0.407881 0.498294
vt 0.407881 0.491003
vt 0.384735 0.876737
vt 0.387955 0.881045
vt 0.399331 0.491003
vt 0.403539 0.498294
vt 0.399331 0.498294
vt 0.403539 0.505586
vt 0.399331 0.505586
vt 0.399331 0.512877
vt 0.403539 0.512877
vt 0.407881 0.505586
vt 0.384735 0.872429
vt 0.387955 0.868121
vt 0.387955 0.872429
vt 0.387955 0.876737
vt 0.407881 0.520169
vt 0.407881 0.512877
vt 0.384735 0.863813
vt 0.384735 0.868121
vt 0.403539 0.520169
vt 0.399331 0.520169
vt 0.395130 0.520169
vt 0.395130 0.512877
vt 0.372096 0.505586
vt 0.395130 0.505586
vt 0.372096 0.520169
vt 0.372096 0.512877
vt 0.676443 0.765670
vt 0.679350 0.761183
vt 0.679350 0.765670
vt 0.679350 0.770156
vt 0.676443 0.770156
vt 0.680855 0.765670
vt 0.680855 0.770156
vt 0.680855 0.761183
vt 0.682113 0.765670
vt 0.682113 0.761183
vt 0.684093 0.765670
vt 0.684093 0.761183
vt 0.686425 0.765670
vt 0.406052 0.225244
vt 0.410079 0.455933
vt 0.406052 0.455947
vt 0.702114 0.772787
vt 0.699782 0.768300
vt 0.699782 0.772787
vt 0.697802 0.768300
vt 0.697802 0.772787
vt 0.696544 0.768300
vt 0.696545 0.772787
vt 0.695039 0.772787
vt 0.695039 0.768300
vt 0.695039 0.777273
vt 0.697802 0.777273
vt 0.696545 0.777273
vt 0.696545 0.781759
vt 0.695039 0.781759
vt 0.697802 0.781759
vt 0.699782 0.777273
vt 0.699782 0.781759
vt 0.702114 0.781759
vt 0.402026 0.225258
vt 0.402026 0.455961
vt 0.397999 0.225272
vt 0.397999 0.455976
vt 0.684093 0.770156
vt 0.686425 0.770156
vt 0.686425 0.774642
vt 0.684093 0.774642
vt 0.682113 0.770156
vt 0.682113 0.774642
vt 0.680855 0.774642
vt 0.679350 0.774642
vt 0.680855 0.779128
vt 0.679350 0.779128
vt 0.682113 0.779128
vt 0.680855 0.783614
vt 0.679350 0.783614
vt 0.682113 0.783614
vt 0.684093 0.783614
vt 0.684093 0.779128
vt 0.686425 0.783614
vt 0.686425 0.779128
vt 0.389946 0.225300
vt 0.393972 0.455990
vt 0.389946 0.456004
vt 0.393972 0.225286
vt 0.699782 0.790732
vt 0.702114 0.786245
vt 0.699782 0.786245
vt 0.697802 0.786245
vt 0.697802 0.790731
vt 0.696545 0.786245
vt 0.696545 0.790731
vt 0.695039 0.786245
vt 0.695039 0.790732
vt 0.696544 0.795218
vt 0.695039 0.795218
vt 0.697802 0.795218
vt 0.695039 0.799704
vt 0.697802 0.799704
vt 0.696545 0.799704
vt 0.699782 0.799704
vt 0.702114 0.799704
vt 0.699782 0.795218
vt 0.702114 0.790732
vt 0.381892 0.225328
vt 0.385919 0.456018
vt 0.381892 0.456032
vt 0.385919 0.225314
vt 0.684093 0.788101
vt 0.686425 0.792587
vt 0.684093 0.792587
vt 0.686425 0.788101
vt 0.682113 0.788101
vt 0.682113 0.792587
vt 0.680855 0.788101
vt 0.680855 0.792587
vt 0.679350 0.788101
vt 0.679350 0.792587
vt 0.680855 0.797073
vt 0.679350 0.797073
vt 0.682113 0.797073
vt 0.684093 0.797073
vt 0.686425 0.797073
vt 0.377865 0.225343
vt 0.377865 0.456046
vt 0.702114 0.804190
vt 0.699782 0.804190
vt 0.697802 0.804190
vt 0.696544 0.804190
vt 0.695039 0.804190
vt 0.692132 0.799704
vt 0.692132 0.804190
vt 0.752800 0.497478
vt 0.729766 0.504770
vt 0.752800 0.504770
vt 0.757000 0.497478
vt 0.752800 0.512061
vt 0.757000 0.504770
vt 0.761209 0.512061
vt 0.757000 0.512061
vt 0.761209 0.504770
vt 0.765551 0.504770
vt 0.765551 0.512061
vt 0.765551 0.497478
vt 0.545298 0.898237
vt 0.542078 0.893929
vt 0.542078 0.898237
vt 0.545298 0.902544
vt 0.542078 0.902544
vt 0.156514 0.832716
vt 0.158636 0.837264
vt 0.158636 0.832716
vt 0.156514 0.828169
vt 0.158636 0.828169
vt 0.161864 0.832716
vt 0.161864 0.828169
vt 0.161864 0.837264
vt 0.369577 0.895095
vt 0.368304 0.890651
vt 0.368304 0.895095
vt 0.369577 0.886206
vt 0.368304 0.886206
vt 0.365811 0.895095
vt 0.365811 0.890651
vt 0.303835 0.461838
vt 0.299422 0.466724
vt 0.303835 0.466724
vt 0.299422 0.471610
vt 0.303835 0.471610
vt 0.299422 0.476497
vt 0.303835 0.476497
vt 0.365811 0.886206
vt 0.368304 0.881761
vt 0.365811 0.881761
vt 0.368304 0.877317
vt 0.365811 0.877317
vt 0.369577 0.881761
vt 0.368304 0.872872
vt 0.365811 0.872872
vt 0.369577 0.872872
vt 0.368304 0.868427
vt 0.365811 0.868427
vt 0.365811 0.863983
vt 0.369577 0.863983
vt 0.368304 0.863983
vt 0.368304 0.859538
vt 0.365811 0.859538
vt 0.158636 0.860002
vt 0.161864 0.864550
vt 0.161864 0.860002
vt 0.156514 0.860002
vt 0.158636 0.864550
vt 0.156514 0.855455
vt 0.158636 0.855455
vt 0.161864 0.855455
vt 0.156514 0.850907
vt 0.158636 0.850907
vt 0.161864 0.850907
vt 0.156514 0.846359
vt 0.158636 0.846359
vt 0.161864 0.846359
vt 0.156514 0.841811
vt 0.158636 0.841811
vt 0.161864 0.841811
vt 0.156514 0.837264
vt 0.545298 0.889621
vt 0.542078 0.885313
vt 0.542078 0.889621
vt 0.765551 0.519353
vt 0.761209 0.526644
vt 0.765551 0.526644
vt 0.761209 0.519353
vt 0.757000 0.526644
vt 0.757000 0.519353
vt 0.761209 0.533936
vt 0.757000 0.533936
vt 0.765551 0.533936
vt 0.761209 0.541228
vt 0.757000 0.541228
vt 0.765551 0.541228
vt 0.545298 0.881006
vt 0.542078 0.876698
vt 0.542078 0.881006
vt 0.545298 0.885313
vt 0.765551 0.548519
vt 0.545298 0.876698
vt 0.542078 0.872390
vt 0.761209 0.548519
vt 0.765551 0.555810
vt 0.545298 0.872390
vt 0.542078 0.868082
vt 0.761209 0.555810
vt 0.757000 0.548519
vt 0.757000 0.555810
vt 0.752800 0.548519
vt 0.752800 0.555810
vt 0.729766 0.555810
vt 0.692132 0.768300
vt 0.692132 0.772787
vt 0.692132 0.777273
vt 0.752800 0.541228
vt 0.729766 0.548519
vt 0.692132 0.781759
vt 0.729766 0.533936
vt 0.752800 0.533936
vt 0.752800 0.526644
vt 0.729766 0.526644
vt 0.752800 0.519353
vt 0.729766 0.519353
vt 0.692132 0.786245
vt 0.692132 0.790732
vt 0.692132 0.795218
vt 0.303835 0.496042
vt 0.299422 0.500928
vt 0.303835 0.500928
vt 0.303835 0.491155
vt 0.299422 0.496042
vt 0.303835 0.486269
vt 0.299422 0.491155
vt 0.303835 0.481383
vt 0.299422 0.486269
vt 0.299422 0.481383
vt 0.676443 0.792587
vt 0.676443 0.797073
vt 0.395130 0.461837
vt 0.372096 0.469128
vt 0.372096 0.461837
vt 0.395130 0.469128
vt 0.395130 0.476419
vt 0.395130 0.483711
vt 0.372096 0.476419
vt 0.676443 0.783614
vt 0.676443 0.788101
vt 0.395130 0.491003
vt 0.372096 0.483711
vt 0.395130 0.498294
vt 0.372096 0.491003
vt 0.676443 0.774642
vt 0.676443 0.779128
vt 0.372096 0.498294
vt 0.053147 0.803935
vt 0.048734 0.808821
vt 0.053147 0.808821
vt 0.053147 0.799049
vt 0.048734 0.803935
vt 0.053147 0.794163
vt 0.048734 0.799049
vt 0.053147 0.789276
vt 0.048734 0.794163
vt 0.053147 0.784390
vt 0.048734 0.789276
vt 0.053147 0.779503
vt 0.048734 0.784390
vt 0.053147 0.774617
vt 0.048734 0.779503
vt 0.053147 0.769731
vt 0.048734 0.774617
vt 0.429332 0.893662
vt 0.426840 0.889218
vt 0.426840 0.893662
vt 0.430606 0.893662
vt 0.429332 0.889218
vt 0.429332 0.884773
vt 0.426840 0.884773
vt 0.430606 0.889218
vt 0.429332 0.880328
vt 0.426840 0.880328
vt 0.430606 0.884773
vt 0.429332 0.875884
vt 0.426840 0.875884
vt 0.430606 0.880328
vt 0.429332 0.871439
vt 0.426840 0.871439
vt 0.430606 0.875884
vt 0.426840 0.866994
vt 0.430606 0.871439
vt 0.429332 0.866994
vt 0.426840 0.862550
vt 0.430606 0.866994
vt 0.429332 0.862550
vt 0.426840 0.858105
vt 0.430606 0.862550
vt 0.429332 0.858105
vt 0.136540 0.860011
vt 0.139769 0.864559
vt 0.139769 0.860012
vt 0.134419 0.860012
vt 0.136540 0.864559
vt 0.134419 0.855464
vt 0.136540 0.855464
vt 0.139769 0.855464
vt 0.134419 0.850916
vt 0.136540 0.850916
vt 0.139769 0.850916
vt 0.134419 0.846368
vt 0.136540 0.846368
vt 0.139769 0.846368
vt 0.134419 0.841821
vt 0.136540 0.841821
vt 0.139769 0.841821
vt 0.134419 0.837273
vt 0.136540 0.837273
vt 0.139769 0.837273
vt 0.134419 0.832726
vt 0.136540 0.832726
vt 0.139769 0.832726
vt 0.134419 0.828178
vt 0.136540 0.828178
vt 0.139769 0.828178
vt 0.416976 0.896842
vt 0.413756 0.892534
vt 0.413756 0.896842
vt 0.505870 0.527409
vt 0.501528 0.534700
vt 0.505870 0.534700
vt 0.497320 0.527409
vt 0.497320 0.534700
vt 0.501528 0.541991
vt 0.497320 0.541991
vt 0.505870 0.541992
vt 0.501528 0.549283
vt 0.497320 0.549283
vt 0.505870 0.549283
vt 0.413756 0.888226
vt 0.416976 0.883918
vt 0.413756 0.883918
vt 0.416976 0.892534
vt 0.505870 0.556575
vt 0.413756 0.879611
vt 0.501528 0.556575
vt 0.505870 0.563866
vt 0.416976 0.875303
vt 0.413756 0.875303
vt 0.497320 0.563866
vt 0.497320 0.556575
vt 0.497320 0.571157
vt 0.501528 0.563866
vt 0.505870 0.571157
vt 0.497320 0.578449
vt 0.501528 0.571157
vt 0.501528 0.578449
vt 0.505870 0.578449
vt 0.416976 0.870995
vt 0.413756 0.866687
vt 0.413756 0.870995
vt 0.505870 0.585741
vt 0.416976 0.862379
vt 0.413756 0.862379
vt 0.501528 0.585741
vt 0.497320 0.585741
vt 0.493120 0.578449
vt 0.493119 0.585741
vt 0.493120 0.571157
vt 0.470085 0.571157
vt 0.470085 0.585741
vt 0.707813 0.772787
vt 0.710720 0.768300
vt 0.707813 0.768300
vt 0.710720 0.777273
vt 0.707813 0.777273
vt 0.712225 0.777273
vt 0.710720 0.772786
vt 0.712225 0.772786
vt 0.713483 0.772787
vt 0.712225 0.768300
vt 0.715463 0.772786
vt 0.713483 0.768300
vt 0.717795 0.768300
vt 0.715463 0.768300
vt 0.298212 0.225352
vt 0.294185 0.456042
vt 0.294185 0.225337
vt 0.547900 0.711501
vt 0.550232 0.707015
vt 0.550232 0.711501
vt 0.545921 0.707015
vt 0.545921 0.711501
vt 0.544663 0.707015
vt 0.544663 0.711501
vt 0.543158 0.707015
vt 0.543157 0.711501
vt 0.543157 0.715987
vt 0.544663 0.715987
vt 0.545921 0.715987
vt 0.544663 0.720474
vt 0.543158 0.720474
vt 0.545921 0.720474
vt 0.547900 0.715987
vt 0.547900 0.720474
vt 0.550232 0.715987
vt 0.550232 0.720474
vt 0.290159 0.456026
vt 0.290159 0.225321
vt 0.286132 0.456010
vt 0.286132 0.225305
vt 0.715463 0.777273
vt 0.717795 0.772787
vt 0.717795 0.781759
vt 0.715463 0.781759
vt 0.713483 0.777273
vt 0.713483 0.781759
vt 0.712225 0.781759
vt 0.710720 0.781759
vt 0.712225 0.786245
vt 0.710720 0.786245
vt 0.713483 0.786245
vt 0.710720 0.790731
vt 0.713483 0.790731
vt 0.712225 0.790731
vt 0.715463 0.790731
vt 0.717795 0.790731
vt 0.715463 0.786245
vt 0.282105 0.225289
vt 0.278078 0.455978
vt 0.278078 0.225273
vt 0.282105 0.455994
vt 0.547900 0.729446
vt 0.550232 0.724960
vt 0.550232 0.729446
vt 0.547900 0.724960
vt 0.545921 0.724960
vt 0.545921 0.729446
vt 0.544663 0.724960
vt 0.544663 0.729446
vt 0.543157 0.724960
vt 0.543158 0.729446
vt 0.544663 0.733932
vt 0.543157 0.733932
vt 0.545921 0.733932
vt 0.543157 0.738419
vt 0.544663 0.738419
vt 0.545921 0.738419
vt 0.547900 0.738419
vt 0.547900 0.733932
vt 0.550232 0.738419
vt 0.550232 0.733932
vt 0.274052 0.225257
vt 0.270025 0.455946
vt 0.270025 0.225241
vt 0.274052 0.455962
vt 0.717795 0.799704
vt 0.715463 0.795217
vt 0.715463 0.799704
vt 0.713483 0.795217
vt 0.713483 0.799704
vt 0.712225 0.795217
vt 0.712226 0.799704
vt 0.710720 0.795217
vt 0.710720 0.799704
vt 0.710720 0.804190
vt 0.713483 0.804190
vt 0.712225 0.804190
vt 0.717795 0.804190
vt 0.715463 0.804190
vt 0.265999 0.455930
vt 0.265999 0.225225
vt 0.547900 0.742905
vt 0.550232 0.742905
vt 0.545921 0.742905
vt 0.544663 0.742905
vt 0.543158 0.742905
vt 0.540251 0.742905
vt 0.280964 0.461843
vt 0.257930 0.469135
vt 0.257930 0.461843
vt 0.285164 0.469135
vt 0.280964 0.469135
vt 0.280964 0.476426
vt 0.285164 0.476426
vt 0.257930 0.476426
vt 0.289373 0.476426
vt 0.285164 0.461843
vt 0.289373 0.469135
vt 0.293715 0.469135
vt 0.289373 0.461843
vt 0.293715 0.461843
vt 0.401159 0.889657
vt 0.404379 0.893964
vt 0.401159 0.893964
vt 0.401159 0.898272
vt 0.404379 0.898272
vt 0.147593 0.837272
vt 0.145472 0.832725
vt 0.147593 0.832725
vt 0.145472 0.828177
vt 0.147593 0.828177
vt 0.150822 0.832725
vt 0.150822 0.828177
vt 0.358836 0.886371
vt 0.360110 0.890815
vt 0.358836 0.890815
vt 0.360110 0.881926
vt 0.360110 0.886371
vt 0.356343 0.886371
vt 0.356343 0.890815
vt 0.673239 0.835916
vt 0.677652 0.831030
vt 0.677652 0.835916
vt 0.673239 0.840803
vt 0.677652 0.840803
vt 0.673239 0.845689
vt 0.677652 0.845689
vt 0.356343 0.881926
vt 0.358836 0.877481
vt 0.358836 0.881926
vt 0.356343 0.877481
vt 0.358836 0.873036
vt 0.360110 0.877481
vt 0.356343 0.873036
vt 0.358836 0.868592
vt 0.360110 0.868592
vt 0.360110 0.873036
vt 0.356343 0.864147
vt 0.356343 0.868592
vt 0.358836 0.864147
vt 0.356343 0.859703
vt 0.360110 0.859703
vt 0.360110 0.864147
vt 0.356343 0.855258
vt 0.358836 0.859703
vt 0.358836 0.855258
vt 0.150822 0.864558
vt 0.147593 0.860011
vt 0.150822 0.860011
vt 0.147593 0.864558
vt 0.145472 0.860011
vt 0.145472 0.855463
vt 0.147593 0.855463
vt 0.150822 0.855463
vt 0.145472 0.850915
vt 0.147593 0.850915
vt 0.150822 0.850915
vt 0.145472 0.846367
vt 0.147593 0.846367
vt 0.150822 0.846367
vt 0.145472 0.841820
vt 0.147593 0.841820
vt 0.150822 0.841820
vt 0.145472 0.837272
vt 0.150822 0.837272
vt 0.401159 0.881041
vt 0.404379 0.885348
vt 0.401159 0.885348
vt 0.404379 0.889657
vt 0.293715 0.491009
vt 0.289373 0.483718
vt 0.293715 0.483718
vt 0.293715 0.476426
vt 0.285164 0.491010
vt 0.289373 0.491010
vt 0.285164 0.483718
vt 0.289373 0.498301
vt 0.285164 0.498301
vt 0.293715 0.498301
vt 0.289373 0.505592
vt 0.285164 0.505592
vt 0.293715 0.505592
vt 0.401159 0.876733
vt 0.404379 0.872425
vt 0.404379 0.876733
vt 0.404379 0.881041
vt 0.293715 0.512884
vt 0.401159 0.868117
vt 0.401159 0.872425
vt 0.289373 0.520175
vt 0.289373 0.512884
vt 0.404379 0.863809
vt 0.404379 0.868117
vt 0.285164 0.512884
vt 0.285164 0.520175
vt 0.280964 0.520175
vt 0.280964 0.512884
vt 0.257930 0.520175
vt 0.257930 0.512884
vt 0.540251 0.711501
vt 0.540251 0.715987
vt 0.257930 0.505592
vt 0.280964 0.505592
vt 0.540251 0.720474
vt 0.257930 0.498301
vt 0.280964 0.498301
vt 0.280964 0.491010
vt 0.257930 0.491009
vt 0.257930 0.483718
vt 0.280964 0.483718
vt 0.540251 0.724960
vt 0.540251 0.729446
vt 0.540251 0.733932
vt 0.540251 0.738419
vt 0.673239 0.870121
vt 0.677652 0.865234
vt 0.677652 0.870121
vt 0.673239 0.860348
vt 0.677652 0.860348
vt 0.677652 0.855462
vt 0.673239 0.855462
vt 0.677652 0.850575
vt 0.673239 0.850575
vt 0.707813 0.804190
vt 0.707813 0.799704
vt 0.493119 0.527409
vt 0.470085 0.534700
vt 0.493120 0.534700
vt 0.493120 0.541991
vt 0.493120 0.549283
vt 0.470085 0.541992
vt 0.707813 0.790731
vt 0.707813 0.795217
vt 0.707813 0.786245
vt 0.470085 0.549283
vt 0.493120 0.556575
vt 0.470085 0.556575
vt 0.493120 0.563866
vt 0.707813 0.781759
vt 0.821303 0.711725
vt 0.791091 0.360631
vt 0.821303 0.360637
vt 0.233010 0.353950
vt 0.213512 0.329506
vt 0.218621 0.329504
vt 0.218621 0.027297
vt 0.233010 0.002851
vt 0.208360 0.330761
vt 0.205246 0.332945
vt 0.202729 0.335721
vt 0.198577 0.338590
vt 0.193124 0.340093
vt 0.108080 0.353949
vt 0.213512 0.027295
vt 0.208359 0.026040
vt 0.205245 0.023855
vt 0.202728 0.021079
vt 0.198576 0.018210
vt 0.193123 0.016708
vt 0.147966 0.016708
vt 0.788688 0.353947
vt 0.818900 0.002853
vt 0.818900 0.353940
vt 0.122469 0.027296
vt 0.108080 0.002850
vt 0.127578 0.027294
vt 0.132730 0.026039
vt 0.135844 0.023855
vt 0.138361 0.021079
vt 0.142513 0.018210
vt 0.322263 0.888079
vt 0.321524 0.883970
vt 0.322263 0.883970
vt 0.321524 0.837273
vt 0.323305 0.888079
vt 0.323305 0.883970
vt 0.322263 0.837273
vt 0.323305 0.833165
vt 0.323305 0.837273
vt 0.322263 0.833165
vt 0.323305 0.829453
vt 0.321524 0.833165
vt 0.322263 0.829453
vt 0.323305 0.826485
vt 0.321524 0.829453
vt 0.322263 0.826485
vt 0.323305 0.823193
vt 0.321524 0.826485
vt 0.322263 0.823193
vt 0.323305 0.818637
vt 0.321524 0.823193
vt 0.322263 0.818637
vt 0.323305 0.815349
vt 0.321524 0.818637
vt 0.322263 0.815349
vt 0.935496 0.632770
vt 0.934506 0.933515
vt 0.934509 0.633617
vt 0.936235 0.632529
vt 0.935491 0.934359
vt 0.469102 0.901612
vt 0.468060 0.898324
vt 0.469102 0.898324
vt 0.468060 0.901612
vt 0.467321 0.898324
vt 0.468060 0.893768
vt 0.469102 0.893768
vt 0.467321 0.893768
vt 0.468060 0.890476
vt 0.469102 0.890476
vt 0.467321 0.890476
vt 0.468060 0.887508
vt 0.469102 0.887508
vt 0.467321 0.887508
vt 0.468059 0.883797
vt 0.469102 0.883797
vt 0.467321 0.883797
vt 0.468059 0.879688
vt 0.469102 0.879688
vt 0.467321 0.879688
vt 0.469101 0.832991
vt 0.468059 0.832991
vt 0.467320 0.832991
vt 0.469101 0.828882
vt 0.468059 0.828882
vt 0.142514 0.338590
vt 0.147967 0.340092
vt 0.467320 0.828882
vt 0.468059 0.825171
vt 0.138362 0.335721
vt 0.467320 0.825171
vt 0.468059 0.822203
vt 0.135845 0.332945
vt 0.467320 0.822203
vt 0.468059 0.818911
vt 0.132730 0.330760
vt 0.467320 0.818911
vt 0.468059 0.814355
vt 0.127578 0.329505
vt 0.467320 0.814355
vt 0.468059 0.811067
vt 0.122469 0.329503
vt 0.935455 0.322092
vt 0.936194 0.623952
vt 0.935450 0.623708
vt 0.934467 0.322938
vt 0.934464 0.622864
vt 0.469101 0.811067
vt 0.469101 0.814355
vt 0.323305 0.905894
vt 0.322263 0.902606
vt 0.323305 0.902606
vt 0.322263 0.905894
vt 0.321524 0.902606
vt 0.322263 0.898050
vt 0.323305 0.898050
vt 0.321524 0.898050
vt 0.322263 0.894758
vt 0.323305 0.894758
vt 0.321524 0.894758
vt 0.322263 0.891790
vt 0.323305 0.891790
vt 0.321524 0.891790
vt 0.321524 0.888079
vt 0.324423 0.894758
vt 0.324423 0.891790
vt 0.324423 0.888079
vt 0.324423 0.883970
vt 0.325152 0.891790
vt 0.325152 0.888079
vt 0.325152 0.883970
vt 0.324423 0.837273
vt 0.325152 0.833165
vt 0.325152 0.837273
vt 0.324423 0.833165
vt 0.325152 0.829453
vt 0.324423 0.829453
vt 0.325152 0.826485
vt 0.324423 0.826485
vt 0.325152 0.823193
vt 0.324423 0.823193
vt 0.325152 0.818637
vt 0.324423 0.818637
vt 0.325152 0.815349
vt 0.324423 0.815349
vt 0.933430 0.633623
vt 0.932656 0.933023
vt 0.932666 0.634103
vt 0.933429 0.933509
vt 0.470948 0.901612
vt 0.470219 0.898324
vt 0.470948 0.898324
vt 0.470219 0.901612
vt 0.470219 0.893768
vt 0.470948 0.893768
vt 0.470219 0.890476
vt 0.470948 0.890476
vt 0.470219 0.887508
vt 0.470948 0.887508
vt 0.470219 0.883797
vt 0.470948 0.883797
vt 0.470219 0.879688
vt 0.470948 0.879688
vt 0.470948 0.832991
vt 0.470219 0.832991
vt 0.470948 0.828882
vt 0.470219 0.828882
vt 0.470948 0.825171
vt 0.470219 0.825171
vt 0.470948 0.822203
vt 0.469101 0.825171
vt 0.470219 0.822203
vt 0.470948 0.818911
vt 0.469101 0.822203
vt 0.470219 0.818911
vt 0.470948 0.814355
vt 0.469101 0.818911
vt 0.470219 0.814355
vt 0.470948 0.811067
vt 0.470219 0.811067
vt 0.932625 0.323424
vt 0.933383 0.622858
vt 0.932616 0.622376
vt 0.933388 0.322944
vt 0.325152 0.905894
vt 0.324423 0.902606
vt 0.325152 0.902606
vt 0.324423 0.905894
vt 0.324423 0.898050
vt 0.325152 0.898050
vt 0.325152 0.894758
vt 0.326454 0.891790
vt 0.326454 0.894758
vt 0.117084 0.369653
vt 0.184180 0.367160
vt 0.187646 0.369653
vt 0.120550 0.367160
vt 0.181762 0.364425
vt 0.326454 0.826485
vt 0.326454 0.829453
vt 0.122968 0.364424
vt 0.178260 0.361942
vt 0.326454 0.833165
vt 0.326454 0.837273
vt 0.126469 0.361942
vt 0.173774 0.360633
vt 0.326454 0.888079
vt 0.326454 0.883970
vt 0.326454 0.823193
vt 0.193312 0.371069
vt 0.187645 0.667551
vt 0.472250 0.893768
vt 0.120548 0.670044
vt 0.184179 0.670044
vt 0.472250 0.890476
vt 0.117082 0.667551
vt 0.111417 0.371069
vt 0.472250 0.818911
vt 0.472250 0.822203
vt 0.472250 0.825171
vt 0.122966 0.672780
vt 0.181760 0.672780
vt 0.472250 0.828882
vt 0.126468 0.675262
vt 0.178259 0.675262
vt 0.472250 0.887508
vt 0.472250 0.883797
vt 0.130954 0.676572
vt 0.173773 0.676572
vt 0.472250 0.879688
vt 0.472250 0.832991
vt 0.111417 0.666135
vt 0.108081 0.371011
vt 0.472250 0.814355
vt 0.472250 0.811067
vt 0.326454 0.902606
vt 0.326454 0.905894
vt 0.326454 0.898050
vt 0.931369 0.323424
vt 0.196648 0.371011
vt 0.193311 0.666135
vt 0.472251 0.898324
vt 0.472251 0.901612
vt 0.931409 0.634103
vt 0.931400 0.933022
vt 0.326454 0.818637
vt 0.326454 0.815349
vt 0.238713 0.550653
vt 0.252237 0.223117
vt 0.252235 0.527100
vt 0.323364 0.550650
vt 0.264019 0.538067
vt 0.298057 0.538066
vt 0.258016 0.528057
vt 0.262991 0.532686
vt 0.261066 0.529848
vt 0.347594 0.917105
vt 0.346863 0.912405
vt 0.347594 0.912405
vt 0.347594 0.908502
vt 0.346863 0.908502
vt 0.348685 0.917105
vt 0.348685 0.912405
vt 0.348685 0.908502
vt 0.519904 0.874034
vt 0.518952 0.841507
vt 0.519904 0.842361
vt 0.518239 0.875217
vt 0.518239 0.841179
vt 0.868109 0.900868
vt 0.867030 0.905521
vt 0.867030 0.900868
vt 0.866308 0.905521
vt 0.866308 0.900868
vt 0.299085 0.532686
vt 0.867030 0.909386
vt 0.301011 0.529844
vt 0.867030 0.913372
vt 0.866308 0.909386
vt 0.304061 0.528054
vt 0.867030 0.918350
vt 0.866308 0.913372
vt 0.309842 0.527097
vt 0.946014 0.627539
vt 0.946741 0.930963
vt 0.946008 0.930655
vt 0.309842 0.223117
vt 0.446851 0.901621
vt 0.447583 0.896590
vt 0.447583 0.901621
vt 0.323364 0.199564
vt 0.304060 0.222160
vt 0.298058 0.212150
vt 0.238715 0.199565
vt 0.914402 0.002854
vt 0.903625 0.353942
vt 0.903625 0.002851
vt 0.299086 0.217530
vt 0.301010 0.220369
vt 0.446851 0.909558
vt 0.447583 0.905650
vt 0.447583 0.909558
vt 0.447583 0.914261
vt 0.448675 0.905650
vt 0.448675 0.909558
vt 0.448675 0.914261
vt 0.448675 0.901621
vt 0.446851 0.905650
vt 0.448675 0.896590
vt 0.449693 0.896590
vt 0.449693 0.901621
vt 0.449693 0.905650
vt 0.943950 0.628341
vt 0.944980 0.929855
vt 0.943939 0.929848
vt 0.944993 0.628333
vt 0.869115 0.918350
vt 0.868109 0.913372
vt 0.869115 0.913372
vt 0.868109 0.918350
vt 0.868109 0.909386
vt 0.869115 0.909386
vt 0.868109 0.905521
vt 0.869115 0.905521
vt 0.869115 0.900868
vt 0.869928 0.909386
vt 0.869928 0.905521
vt 0.869928 0.900868
vt 0.521683 0.873433
vt 0.520947 0.842369
vt 0.521684 0.842963
vt 0.350524 0.917105
vt 0.349702 0.912405
vt 0.350524 0.912405
vt 0.349702 0.917105
vt 0.350524 0.908502
vt 0.349702 0.908502
vt 0.350524 0.904475
vt 0.349702 0.904475
vt 0.348685 0.904475
vt 0.347594 0.904475
vt 0.349702 0.899448
vt 0.348685 0.899448
vt 0.347594 0.899448
vt 0.346863 0.904475
vt 0.346863 0.899448
vt 0.937830 0.004609
vt 0.936815 0.306933
vt 0.936802 0.005408
vt 0.938564 0.308032
vt 0.938564 0.004301
vt 0.424482 0.916922
vt 0.423403 0.911944
vt 0.424482 0.911944
vt 0.423403 0.916922
vt 0.422680 0.911944
vt 0.258018 0.222160
vt 0.422680 0.907958
vt 0.423403 0.907958
vt 0.261068 0.220369
vt 0.422680 0.904093
vt 0.423403 0.904093
vt 0.262992 0.217531
vt 0.423403 0.899440
vt 0.264021 0.212150
vt 0.563086 0.839749
vt 0.562373 0.873459
vt 0.562373 0.840077
vt 0.561421 0.872605
vt 0.561421 0.840931
vt 0.424482 0.899440
vt 0.424482 0.904093
vt 0.560378 0.872596
vt 0.560378 0.840940
vt 0.425487 0.899440
vt 0.425487 0.904093
vt 0.449693 0.914261
vt 0.449693 0.909558
vt 0.559641 0.872003
vt 0.559641 0.841533
vt 0.450515 0.914261
vt 0.450515 0.909558
vt 0.450515 0.905650
vt 0.450515 0.901621
vt 0.451701 0.909558
vt 0.451701 0.905650
vt 0.451701 0.901621
vt 0.007108 0.426025
vt 0.046133 0.423812
vt 0.049789 0.426025
vt 0.013071 0.420305
vt 0.010764 0.423812
vt 0.426300 0.907958
vt 0.427472 0.911944
vt 0.426300 0.911944
vt 0.426300 0.904093
vt 0.427472 0.907958
vt 0.425487 0.907958
vt 0.426300 0.899440
vt 0.427472 0.904093
vt 0.558426 0.872003
vt 0.013828 0.416223
vt 0.043825 0.420305
vt 0.451701 0.914261
vt 0.425487 0.911944
vt 0.424482 0.907958
vt 0.425487 0.916922
vt 0.426300 0.916922
vt 0.935773 0.306926
vt 0.934977 0.005971
vt 0.935761 0.005416
vt 0.350524 0.899448
vt 0.351709 0.899448
vt 0.933762 0.005971
vt 0.934993 0.306374
vt 0.933779 0.306374
vt 0.002852 0.724079
vt 0.007108 0.724805
vt 0.427472 0.916922
vt 0.046133 0.727018
vt 0.010764 0.727018
vt 0.351709 0.904475
vt 0.049789 0.724805
vt 0.869928 0.918350
vt 0.871099 0.913372
vt 0.871099 0.918350
vt 0.054045 0.724079
vt 0.054047 0.426751
vt 0.869928 0.913372
vt 0.871099 0.909386
vt 0.943171 0.628893
vt 0.943154 0.929293
vt 0.941957 0.628893
vt 0.450515 0.896590
vt 0.451701 0.896590
vt 0.871099 0.905521
vt 0.043825 0.730524
vt 0.013071 0.730524
vt 0.013829 0.734607
vt 0.871099 0.900868
vt 0.351709 0.908502
vt 0.351709 0.912405
vt 0.522899 0.873433
vt 0.952438 0.316443
vt 0.955398 0.667420
vt 0.952434 0.667420
vt 0.424002 0.223117
vt 0.437524 0.550653
vt 0.424002 0.527101
vt 0.352875 0.550654
vt 0.412218 0.538068
vt 0.418221 0.528058
vt 0.413247 0.532687
vt 0.415171 0.529849
vt 0.357404 0.905527
vt 0.358127 0.900874
vt 0.358127 0.905527
vt 0.358127 0.909392
vt 0.359206 0.900874
vt 0.359206 0.905527
vt 0.359206 0.909392
vt 0.721001 0.874888
vt 0.721952 0.842361
vt 0.721952 0.874034
vt 0.720287 0.841179
vt 0.721001 0.841507
vt 0.954262 0.915672
vt 0.953171 0.910972
vt 0.954262 0.910972
vt 0.953171 0.915672
vt 0.952440 0.910972
vt 0.378181 0.538068
vt 0.377152 0.532688
vt 0.953171 0.907068
vt 0.375228 0.529849
vt 0.952440 0.907068
vt 0.953171 0.903042
vt 0.372178 0.528058
vt 0.952440 0.903042
vt 0.953171 0.898015
vt 0.366397 0.527101
vt 0.946700 0.313642
vt 0.945966 0.617065
vt 0.945973 0.313947
vt 0.366396 0.223117
vt 0.856535 0.918348
vt 0.855813 0.913370
vt 0.856535 0.913370
vt 0.352874 0.199565
vt 0.372177 0.222160
vt 0.412218 0.212150
vt 0.378180 0.212150
vt 0.339838 0.557775
vt 0.329060 0.206692
vt 0.339838 0.206689
vt 0.377152 0.217531
vt 0.375228 0.220369
vt 0.856535 0.909384
vt 0.855813 0.905519
vt 0.856535 0.905519
vt 0.856535 0.900865
vt 0.855813 0.900865
vt 0.857615 0.909384
vt 0.857615 0.905519
vt 0.857615 0.900865
vt 0.857615 0.913370
vt 0.855813 0.909384
vt 0.857615 0.918348
vt 0.858620 0.918348
vt 0.858620 0.913370
vt 0.858620 0.909384
vt 0.944952 0.314741
vt 0.943897 0.616257
vt 0.943909 0.314749
vt 0.944938 0.616264
vt 0.954262 0.903042
vt 0.955279 0.898015
vt 0.955279 0.903042
vt 0.954262 0.898015
vt 0.954262 0.907068
vt 0.955279 0.907068
vt 0.955279 0.910972
vt 0.955279 0.915672
vt 0.956101 0.907068
vt 0.956101 0.910972
vt 0.956101 0.915672
vt 0.722996 0.874026
vt 0.723732 0.842962
vt 0.723732 0.873433
vt 0.722996 0.842369
vt 0.360212 0.905527
vt 0.361025 0.900874
vt 0.361025 0.905527
vt 0.360212 0.900874
vt 0.361025 0.909392
vt 0.360212 0.909392
vt 0.361025 0.913378
vt 0.360212 0.913378
vt 0.359206 0.913378
vt 0.360212 0.918356
vt 0.359206 0.918356
vt 0.358127 0.913378
vt 0.358127 0.918356
vt 0.357404 0.913378
vt 0.357404 0.909392
vt 0.953119 0.307725
vt 0.952084 0.005408
vt 0.953112 0.004608
vt 0.953846 0.004301
vt 0.953846 0.308030
vt 0.438129 0.895169
vt 0.437036 0.900200
vt 0.437036 0.895169
vt 0.436305 0.900200
vt 0.436305 0.895169
vt 0.418220 0.222160
vt 0.437524 0.199564
vt 0.436305 0.904230
vt 0.415171 0.220369
vt 0.437036 0.904230
vt 0.436305 0.908137
vt 0.413246 0.217531
vt 0.437036 0.912840
vt 0.437036 0.908137
vt 0.708144 0.874819
vt 0.707431 0.841109
vt 0.708144 0.841437
vt 0.709096 0.873965
vt 0.709096 0.842291
vt 0.438129 0.912840
vt 0.438129 0.908137
vt 0.710139 0.873956
vt 0.710139 0.842300
vt 0.439146 0.912840
vt 0.439146 0.908137
vt 0.858620 0.900865
vt 0.710875 0.873363
vt 0.710875 0.842893
vt 0.859433 0.900865
vt 0.858620 0.905519
vt 0.859433 0.909384
vt 0.859433 0.905519
vt 0.859433 0.913370
vt 0.860605 0.905519
vt 0.860605 0.909384
vt 0.860605 0.913370
vt 0.778681 0.182277
vt 0.739208 0.180066
vt 0.774983 0.180066
vt 0.772649 0.176561
vt 0.441155 0.900200
vt 0.439969 0.904230
vt 0.439969 0.900200
vt 0.441155 0.904230
vt 0.439969 0.908137
vt 0.439146 0.904230
vt 0.439146 0.900200
vt 0.439969 0.912840
vt 0.441155 0.908137
vt 0.712091 0.873363
vt 0.741542 0.176561
vt 0.771884 0.172481
vt 0.860605 0.900865
vt 0.438129 0.904230
vt 0.438129 0.900200
vt 0.439146 0.895169
vt 0.439969 0.895169
vt 0.950275 0.306371
vt 0.951043 0.005416
vt 0.951055 0.306923
vt 0.952098 0.306931
vt 0.361025 0.918356
vt 0.362196 0.918356
vt 0.949045 0.005971
vt 0.950259 0.005971
vt 0.782989 0.480152
vt 0.778682 0.480879
vt 0.441155 0.895169
vt 0.739208 0.483090
vt 0.735510 0.480879
vt 0.362196 0.913378
vt 0.735510 0.182277
vt 0.957286 0.903042
vt 0.956101 0.898015
vt 0.957286 0.898015
vt 0.731204 0.480153
vt 0.957286 0.907068
vt 0.956101 0.903042
vt 0.943113 0.615702
vt 0.943129 0.315300
vt 0.941915 0.315300
vt 0.941899 0.615702
vt 0.859433 0.918348
vt 0.860605 0.918348
vt 0.957286 0.910972
vt 0.774983 0.483090
vt 0.741542 0.486594
vt 0.771884 0.490674
vt 0.772650 0.486594
vt 0.957286 0.915672
vt 0.362196 0.909392
vt 0.362196 0.905527
vt 0.724947 0.842962
vt 0.961103 0.002856
vt 0.964063 0.353832
vt 0.961100 0.353832
vt 0.149227 0.997144
vt 0.150079 0.870933
vt 0.150079 0.997144
vt 0.574679 0.269952
vt 0.448502 0.002853
vt 0.574679 0.002853
vt 0.992985 0.703846
vt 0.992138 0.436184
vt 0.992985 0.436184
vt 0.551003 0.992867
vt 0.551856 0.866658
vt 0.551856 0.992867
vt 0.992992 0.977527
vt 0.992144 0.709863
vt 0.992992 0.709863
vt 0.169933 0.821732
vt 0.059745 0.682785
vt 0.169933 0.682785
vt 0.558403 0.989681
vt 0.557551 0.879493
vt 0.558403 0.879493
vt 0.302396 0.934374
vt 0.301544 0.795388
vt 0.302396 0.795388
vt 0.182415 0.989678
vt 0.183267 0.879490
vt 0.183267 0.989678
vt 0.731499 0.978561
vt 0.730647 0.839577
vt 0.731499 0.839577
vt 0.254769 0.957064
vt 0.251332 0.944411
vt 0.254737 0.944403
vt 0.673980 0.751374
vt 0.624200 0.739592
vt 0.676894 0.739592
vt 0.254788 0.967150
vt 0.251364 0.957074
vt 0.624200 0.621485
vt 0.686562 0.739634
vt 0.655444 0.811073
vt 0.658849 0.934330
vt 0.655444 0.934330
vt 0.538437 0.592430
vt 0.535032 0.527411
vt 0.538437 0.527411
vt 0.686523 0.621485
vt 0.535032 0.657449
vt 0.538437 0.657449
vt 0.910781 0.811066
vt 0.907376 0.934323
vt 0.907376 0.811066
vt 0.561838 0.739634
vt 0.561877 0.621485
vt 0.251365 0.799781
vt 0.254788 0.789705
vt 0.254769 0.799791
vt 0.571506 0.739592
vt 0.251332 0.812444
vt 0.254737 0.812452
vt 0.574419 0.751373
vt 0.251309 0.823363
vt 0.254713 0.823370
vt 0.251290 0.834164
vt 0.254694 0.834169
vt 0.585796 0.768665
vt 0.579212 0.760677
vt 0.251275 0.845204
vt 0.254679 0.845208
vt 0.593976 0.775376
vt 0.254669 0.856242
vt 0.603301 0.780368
vt 0.251258 0.867319
vt 0.254663 0.867320
vt 0.251257 0.878427
vt 0.254661 0.878427
vt 0.613580 0.783031
vt 0.624200 0.783785
vt 0.254663 0.889534
vt 0.634819 0.783031
vt 0.254669 0.900612
vt 0.251258 0.889535
vt 0.645099 0.780368
vt 0.251275 0.911650
vt 0.251264 0.900615
vt 0.254695 0.922684
vt 0.254679 0.911647
vt 0.654423 0.775376
vt 0.662603 0.768665
vt 0.254713 0.933484
vt 0.251290 0.922690
vt 0.669187 0.760677
vt 0.251309 0.933491
vt 0.616924 0.148992
vt 0.617846 0.148749
vt 0.617410 0.149197
vt 0.617642 0.148264
vt 0.618468 0.148747
vt 0.618165 0.149495
vt 0.617417 0.149815
vt 0.618917 0.149176
vt 0.618923 0.149804
vt 0.618487 0.150239
vt 0.617853 0.150233
vt 0.619413 0.150006
vt 0.619413 0.148972
vt 0.432790 0.734538
vt 0.413096 0.735471
vt 0.413096 0.734538
vt 0.432790 0.733605
vt 0.413096 0.733606
vt 0.143750 0.026404
vt 0.142838 0.026166
vt 0.143032 0.025676
vt 0.143750 0.027436
vt 0.143263 0.026613
vt 0.142204 0.026165
vt 0.413096 0.732665
vt 0.432790 0.732665
vt 0.142001 0.025682
vt 0.141757 0.026573
vt 0.141263 0.026369
vt 0.432790 0.740110
vt 0.413096 0.739202
vt 0.432790 0.739202
vt 0.617654 0.150722
vt 0.618685 0.150725
vt 0.616926 0.150025
vt 0.432790 0.738269
vt 0.413096 0.738269
vt 0.432790 0.737336
vt 0.141262 0.027403
vt 0.142171 0.027644
vt 0.141980 0.028132
vt 0.141743 0.027193
vt 0.142793 0.027663
vt 0.143002 0.028149
vt 0.432790 0.736404
vt 0.413096 0.737336
vt 0.413096 0.736404
vt 0.142502 0.026906
vt 0.143249 0.027236
vt 0.432790 0.735471
vt 0.618664 0.148260
vt 0.680700 0.927924
vt 0.681678 0.917949
vt 0.681680 0.927924
vt 0.682375 0.927923
vt 0.682377 0.933813
vt 0.681682 0.933847
vt 0.680702 0.933823
vt 0.270730 0.755816
vt 0.280691 0.760454
vt 0.270730 0.760454
vt 0.264810 0.760454
vt 0.264810 0.755801
vt 0.262715 0.761618
vt 0.262715 0.754636
vt 0.680923 0.936181
vt 0.681936 0.936299
vt 0.351397 0.703253
vt 0.350523 0.701552
vt 0.351527 0.701331
vt 0.261316 0.755801
vt 0.864350 0.729441
vt 0.865225 0.727742
vt 0.865353 0.729663
vt 0.189947 0.914728
vt 0.189181 0.912403
vt 0.190191 0.912281
vt 0.190640 0.914760
vt 0.866044 0.729621
vt 0.865251 0.725001
vt 0.865924 0.727724
vt 0.865378 0.724126
vt 0.865949 0.725044
vt 0.864245 0.727633
vt 0.864427 0.724172
vt 0.258726 0.756486
vt 0.258170 0.760379
vt 0.258170 0.755876
vt 0.261316 0.760454
vt 0.255152 0.757752
vt 0.050385 0.816069
vt 0.050467 0.819950
vt 0.049444 0.819970
vt 0.050453 0.820748
vt 0.049449 0.820734
vt 0.050407 0.824550
vt 0.048768 0.820818
vt 0.048747 0.819896
vt 0.049730 0.824717
vt 0.351425 0.705991
vt 0.352218 0.706787
vt 0.351555 0.706863
vt 0.352099 0.703271
vt 0.352122 0.705948
vt 0.350415 0.703362
vt 0.350605 0.706821
vt 0.682618 0.936230
vt 0.049691 0.815905
vt 0.190662 0.920636
vt 0.189965 0.920638
vt 0.189995 0.930767
vt 0.190696 0.930765
vt 0.403820 0.074194
vt 0.404233 0.064148
vt 0.404233 0.074195
vt 0.296463 0.164889
vt 0.296691 0.163939
vt 0.297069 0.164104
vt 0.188970 0.914756
vt 0.403247 0.074193
vt 0.403820 0.064147
vt 0.296629 0.165065
vt 0.297470 0.164513
vt 0.700912 0.344156
vt 0.710957 0.343914
vt 0.710958 0.344156
vt 0.700912 0.343612
vt 0.710958 0.343545
vt 0.710958 0.344458
vt 0.297628 0.165211
vt 0.700912 0.344458
vt 0.710958 0.345353
vt 0.700912 0.345353
vt 0.297673 0.166064
vt 0.296710 0.165356
vt 0.402532 0.064146
vt 0.402532 0.074193
vt 0.401677 0.074193
vt 0.401677 0.064146
vt 0.591477 0.352697
vt 0.592476 0.352552
vt 0.592317 0.353249
vt 0.591557 0.352407
vt 0.592520 0.351698
vt 0.591594 0.351512
vt 0.592565 0.350844
vt 0.400821 0.074193
vt 0.400821 0.064146
vt 0.592932 0.349289
vt 0.593260 0.350222
vt 0.399889 0.074193
vt 0.298084 0.168474
vt 0.297717 0.166919
vt 0.298412 0.167541
vt 0.296746 0.166251
vt 0.710958 0.348142
vt 0.700912 0.346450
vt 0.710958 0.346450
vt 0.299344 0.167490
vt 0.710958 0.349831
vt 0.700912 0.348141
vt 0.594191 0.350273
vt 0.710958 0.351371
vt 0.700912 0.349831
vt 0.595669 0.350508
vt 0.594813 0.350968
vt 0.398023 0.074193
vt 0.398956 0.064146
vt 0.398956 0.074193
vt 0.399889 0.064146
vt 0.300821 0.167254
vt 0.299966 0.166795
vt 0.397059 0.064146
vt 0.398023 0.064146
vt 0.300821 0.165528
vt 0.397059 0.074193
vt 0.396160 0.064146
vt 0.299900 0.165833
vt 0.299682 0.164387
vt 0.983109 0.923741
vt 0.984080 0.913694
vt 0.984080 0.923741
vt 0.710958 0.353098
vt 0.700912 0.354710
vt 0.700912 0.353098
vt 0.594747 0.351929
vt 0.594530 0.353376
vt 0.594069 0.352521
vt 0.700912 0.351371
vt 0.595669 0.352235
vt 0.591343 0.352918
vt 0.591917 0.353659
vt 0.591538 0.353823
vt 0.280775 0.755717
vt 0.286702 0.760454
vt 0.189072 0.936710
vt 0.190011 0.936725
vt 0.288800 0.754636
vt 0.288800 0.761618
vt 0.189163 0.939045
vt 0.190180 0.939201
vt 0.190710 0.936701
vt 0.190872 0.939155
vt 0.504209 0.640538
vt 0.505030 0.638659
vt 0.504910 0.640557
vt 0.504934 0.643237
vt 0.504237 0.643280
vt 0.503227 0.640648
vt 0.503335 0.638835
vt 0.504339 0.638615
vt 0.503417 0.644110
vt 0.504367 0.644153
vt 0.505030 0.644076
vt 0.410434 0.907674
vt 0.410376 0.911513
vt 0.409423 0.907658
vt 0.408732 0.907739
vt 0.408745 0.906811
vt 0.409431 0.906890
vt 0.409688 0.902864
vt 0.410374 0.903028
vt 0.410447 0.906869
vt 0.366467 0.679382
vt 0.365645 0.678548
vt 0.366597 0.678508
vt 0.367163 0.679426
vt 0.365458 0.682019
vt 0.366438 0.682127
vt 0.367137 0.682108
vt 0.367262 0.684002
vt 0.366572 0.684048
vt 0.681678 0.911903
vt 0.682618 0.909506
vt 0.682377 0.911938
vt 0.365568 0.683830
vt 0.680915 0.909556
vt 0.681932 0.909437
vt 0.290201 0.755801
vt 0.290201 0.760454
vt 0.292794 0.756486
vt 0.292794 0.759769
vt 0.682378 0.917949
vt 0.680694 0.917950
vt 0.293351 0.755876
vt 0.293351 0.760379
vt 0.296369 0.757752
vt 0.296369 0.758503
vt 0.598850 0.576828
vt 0.599724 0.582145
vt 0.597963 0.577117
vt 0.402066 0.219029
vt 0.398146 0.218095
vt 0.402066 0.218095
vt 0.710727 0.547919
vt 0.716034 0.551839
vt 0.710727 0.551839
vt 0.398146 0.219029
vt 0.387260 0.218095
vt 0.710727 0.537032
vt 0.716034 0.547919
vt 0.710324 0.547919
vt 0.710324 0.551840
vt 0.710324 0.537033
vt 0.710087 0.547920
vt 0.710117 0.551840
vt 0.710087 0.537034
vt 0.129743 0.167213
vt 0.130332 0.166358
vt 0.130695 0.167065
vt 0.131421 0.177969
vt 0.132373 0.177821
vt 0.709725 0.547924
vt 0.129562 0.166900
vt 0.129696 0.165763
vt 0.709164 0.547928
vt 0.709726 0.551842
vt 0.709165 0.551844
vt 0.129148 0.166522
vt 0.129117 0.165032
vt 0.707613 0.547928
vt 0.707614 0.551845
vt 0.128400 0.163644
vt 0.129226 0.164105
vt 0.705956 0.547929
vt 0.705957 0.551845
vt 0.129700 0.162616
vt 0.129958 0.163527
vt 0.704299 0.547929
vt 0.704300 0.551846
vt 0.702642 0.547929
vt 0.702643 0.551846
vt 0.131346 0.162809
vt 0.130884 0.163635
vt 0.279317 0.130781
vt 0.280250 0.126864
vt 0.280250 0.130781
vt 0.278384 0.130781
vt 0.279317 0.126864
vt 0.277451 0.130781
vt 0.278384 0.126864
vt 0.131463 0.164367
vt 0.276519 0.130781
vt 0.277451 0.126864
vt 0.132222 0.165625
vt 0.131354 0.165293
vt 0.699462 0.547930
vt 0.700986 0.551846
vt 0.699463 0.551847
vt 0.700986 0.547929
vt 0.003777 0.416228
vt 0.002848 0.420144
vt 0.002848 0.416228
vt 0.596545 0.574283
vt 0.597471 0.573142
vt 0.597450 0.574075
vt 0.597803 0.571615
vt 0.598146 0.572498
vt 0.599078 0.572518
vt 0.599460 0.571653
vt 0.599722 0.573193
vt 0.281182 0.126864
vt 0.281182 0.130781
vt 0.600605 0.572850
vt 0.599701 0.574125
vt 0.599465 0.575597
vt 0.599027 0.574770
vt 0.282115 0.126864
vt 0.282115 0.130781
vt 0.282986 0.126866
vt 0.599002 0.575914
vt 0.598315 0.575270
vt 0.283781 0.126868
vt 0.282986 0.130784
vt 0.598770 0.576229
vt 0.597857 0.575920
vt 0.597810 0.576435
vt 0.283781 0.130788
vt 0.284297 0.126869
vt 0.284297 0.130789
vt 0.598759 0.576436
vt 0.283781 0.141674
vt 0.284297 0.141675
vt 0.283781 0.145592
vt 0.284297 0.145592
vt 0.282986 0.145590
vt 0.282986 0.141670
vt 0.190561 0.363639
vt 0.190255 0.364631
vt 0.189781 0.363792
vt 0.282115 0.145587
vt 0.282115 0.141667
vt 0.191422 0.363769
vt 0.190612 0.364579
vt 0.709165 0.533121
vt 0.709725 0.537038
vt 0.709164 0.537042
vt 0.709726 0.533119
vt 0.710117 0.533117
vt 0.192354 0.363769
vt 0.191166 0.364669
vt 0.707614 0.533121
vt 0.707613 0.537041
vt 0.193888 0.363472
vt 0.193014 0.363110
vt 0.705957 0.533120
vt 0.705956 0.537041
vt 0.704300 0.533120
vt 0.704299 0.537040
vt 0.193888 0.361815
vt 0.193014 0.362177
vt 0.280250 0.145587
vt 0.281182 0.141667
vt 0.281182 0.145587
vt 0.279317 0.145587
vt 0.280250 0.141667
vt 0.278384 0.145587
vt 0.279317 0.141667
vt 0.192707 0.360667
vt 0.192354 0.361518
vt 0.277451 0.145587
vt 0.278384 0.141667
vt 0.191090 0.360716
vt 0.191422 0.361518
vt 0.701034 0.537048
vt 0.702643 0.533119
vt 0.702652 0.537040
vt 0.699463 0.533157
vt 0.699541 0.537077
vt 0.190013 0.361751
vt 0.190762 0.362177
vt 0.616484 0.424327
vt 0.620405 0.423465
vt 0.620405 0.424327
vt 0.203390 0.598488
vt 0.202463 0.597347
vt 0.203369 0.597555
vt 0.276519 0.145587
vt 0.277451 0.141667
vt 0.203722 0.600015
vt 0.204064 0.599132
vt 0.204997 0.599112
vt 0.205641 0.598437
vt 0.205378 0.599977
vt 0.205620 0.597505
vt 0.206523 0.598780
vt 0.205383 0.596034
vt 0.204946 0.596860
vt 0.204921 0.595716
vt 0.204234 0.596360
vt 0.204689 0.595401
vt 0.203775 0.595710
vt 0.203729 0.595196
vt 0.710324 0.533116
vt 0.203882 0.594513
vt 0.204677 0.595194
vt 0.716034 0.533116
vt 0.716034 0.537032
vt 0.205642 0.589485
vt 0.204769 0.594802
vt 0.387260 0.219029
vt 0.383343 0.218095
vt 0.369078 0.906264
vt 0.367903 0.918966
vt 0.367903 0.906264
vt 0.369078 0.900869
vt 0.139268 0.176645
vt 0.138450 0.181937
vt 0.138340 0.176644
vt 0.586358 0.417082
vt 0.579674 0.422476
vt 0.579674 0.417082
vt 0.579166 0.417083
vt 0.579166 0.422478
vt 0.139302 0.176246
vt 0.138407 0.175951
vt 0.578905 0.417085
vt 0.578905 0.422482
vt 0.139377 0.176054
vt 0.138610 0.175480
vt 0.411403 0.129413
vt 0.412617 0.124016
vt 0.412617 0.129413
vt 0.598413 0.463389
vt 0.598081 0.464390
vt 0.597638 0.463541
vt 0.578866 0.404386
vt 0.578411 0.404397
vt 0.566151 0.745499
vt 0.564937 0.750752
vt 0.564937 0.745499
vt 0.779536 0.487784
vt 0.779840 0.488770
vt 0.779065 0.488617
vt 0.579166 0.404381
vt 0.578866 0.399132
vt 0.579166 0.399125
vt 0.690238 0.815621
vt 0.689249 0.815695
vt 0.690145 0.815403
vt 0.579674 0.404380
vt 0.579674 0.399122
vt 0.689185 0.814982
vt 0.690112 0.815004
vt 0.397078 0.129271
vt 0.397729 0.124022
vt 0.397729 0.129275
vt 0.396171 0.129270
vt 0.397078 0.124015
vt 0.397078 0.141973
vt 0.396197 0.147366
vt 0.396197 0.141972
vt 0.397729 0.141975
vt 0.397078 0.147368
vt 0.689310 0.809710
vt 0.690238 0.809732
vt 0.369078 0.918966
vt 0.367903 0.924224
vt 0.586358 0.399122
vt 0.586358 0.404380
vt 0.779892 0.487836
vt 0.780696 0.488641
vt 0.577704 0.404409
vt 0.578413 0.417091
vt 0.577706 0.417098
vt 0.780442 0.487746
vt 0.781623 0.488641
vt 0.575751 0.404409
vt 0.575753 0.417098
vt 0.783147 0.488936
vt 0.782278 0.489295
vt 0.573664 0.404409
vt 0.573666 0.417098
vt 0.783147 0.490583
vt 0.782278 0.490223
vt 0.571578 0.404409
vt 0.571579 0.417098
vt 0.569490 0.404410
vt 0.569491 0.417099
vt 0.781623 0.490878
vt 0.403351 0.129299
vt 0.402176 0.141988
vt 0.402176 0.129299
vt 0.404526 0.129299
vt 0.403351 0.141988
vt 0.405701 0.141988
vt 0.404526 0.141988
vt 0.781983 0.491747
vt 0.780696 0.490878
vt 0.589691 0.913700
vt 0.590883 0.926389
vt 0.589691 0.926389
vt 0.567405 0.417099
vt 0.599268 0.461280
vt 0.600555 0.460412
vt 0.600195 0.461280
vt 0.601719 0.461576
vt 0.600851 0.461936
vt 0.600851 0.462863
vt 0.401002 0.141988
vt 0.401002 0.129299
vt 0.601719 0.463223
vt 0.600195 0.463518
vt 0.599015 0.464412
vt 0.599268 0.463518
vt 0.399827 0.141988
vt 0.399827 0.129299
vt 0.398730 0.141981
vt 0.598464 0.464323
vt 0.398730 0.129287
vt 0.758891 0.722397
vt 0.759634 0.717095
vt 0.759818 0.722386
vt 0.670605 0.771159
vt 0.669429 0.776097
vt 0.669429 0.771159
vt 0.592681 0.205379
vt 0.599365 0.210317
vt 0.592681 0.210317
vt 0.670605 0.776097
vt 0.669429 0.789809
vt 0.592681 0.191667
vt 0.599365 0.205379
vt 0.592173 0.205379
vt 0.592174 0.210317
vt 0.592173 0.191668
vt 0.591874 0.205381
vt 0.591913 0.210318
vt 0.591875 0.191669
vt 0.731681 0.487710
vt 0.731985 0.488696
vt 0.731210 0.488544
vt 0.401114 0.918859
vt 0.402327 0.905148
vt 0.402327 0.918859
vt 0.591418 0.205386
vt 0.732036 0.487762
vt 0.732840 0.488567
vt 0.590712 0.205390
vt 0.591420 0.210321
vt 0.590713 0.210324
vt 0.732587 0.487672
vt 0.733767 0.488567
vt 0.588759 0.205391
vt 0.588760 0.210324
vt 0.734127 0.487697
vt 0.734423 0.489222
vt 0.586672 0.205391
vt 0.586674 0.210325
vt 0.735291 0.490509
vt 0.734423 0.490149
vt 0.584585 0.205392
vt 0.584586 0.210325
vt 0.582498 0.205392
vt 0.582499 0.210326
vt 0.734127 0.491673
vt 0.733767 0.490804
vt 0.505095 0.696269
vt 0.506270 0.691335
vt 0.506270 0.696269
vt 0.503921 0.696269
vt 0.505095 0.691335
vt 0.502746 0.696269
vt 0.503921 0.691335
vt 0.732840 0.490804
vt 0.123362 0.915124
vt 0.124554 0.920057
vt 0.123362 0.920057
vt 0.580411 0.205393
vt 0.580412 0.210326
vt 0.759109 0.726303
vt 0.758343 0.727654
vt 0.758279 0.726715
vt 0.757401 0.726420
vt 0.756782 0.727129
vt 0.756989 0.725590
vt 0.507445 0.691335
vt 0.507445 0.696269
vt 0.756575 0.724093
vt 0.757284 0.724711
vt 0.757944 0.723385
vt 0.758114 0.724299
vt 0.508620 0.691335
vt 0.508620 0.696269
vt 0.509717 0.691338
vt 0.758476 0.723220
vt 0.758938 0.724034
vt 0.510718 0.691340
vt 0.509717 0.696273
vt 0.758790 0.722990
vt 0.759564 0.723553
vt 0.759761 0.723079
vt 0.510718 0.696278
vt 0.511368 0.691341
vt 0.511368 0.696279
vt 0.758862 0.722798
vt 0.510718 0.709990
vt 0.511368 0.709991
vt 0.510718 0.714924
vt 0.511368 0.714925
vt 0.509717 0.714921
vt 0.509717 0.709985
vt 0.335136 0.567458
vt 0.334831 0.568445
vt 0.334361 0.567611
vt 0.508620 0.714919
vt 0.508620 0.709980
vt 0.335992 0.567588
vt 0.335187 0.568393
vt 0.590713 0.186740
vt 0.591419 0.191674
vt 0.590712 0.191678
vt 0.591420 0.186738
vt 0.591913 0.186735
vt 0.336919 0.567588
vt 0.335738 0.568482
vt 0.588760 0.186740
vt 0.588759 0.191678
vt 0.337574 0.566932
vt 0.337278 0.568457
vt 0.586674 0.186739
vt 0.586672 0.191678
vt 0.584586 0.186739
vt 0.584585 0.191677
vt 0.338443 0.565646
vt 0.337574 0.566005
vt 0.506270 0.714919
vt 0.507445 0.709980
vt 0.507445 0.714919
vt 0.505095 0.714919
vt 0.506270 0.709980
vt 0.503920 0.714919
vt 0.505095 0.709980
vt 0.337269 0.564505
vt 0.336919 0.565350
vt 0.502746 0.714919
vt 0.503920 0.709980
vt 0.335661 0.564553
vt 0.335992 0.565350
vt 0.580472 0.191687
vt 0.582499 0.186738
vt 0.582510 0.191677
vt 0.131615 0.034036
vt 0.136553 0.032943
vt 0.136553 0.034036
vt 0.496081 0.634538
vt 0.496848 0.635888
vt 0.496017 0.635476
vt 0.495139 0.635771
vt 0.494727 0.636602
vt 0.494520 0.635062
vt 0.494313 0.638098
vt 0.495022 0.637480
vt 0.495682 0.638806
vt 0.495852 0.637892
vt 0.496214 0.638971
vt 0.496676 0.638157
vt 0.496528 0.639201
vt 0.497303 0.638638
vt 0.497499 0.639112
vt 0.592173 0.186734
vt 0.497556 0.639805
vt 0.496600 0.639394
vt 0.592681 0.186734
vt 0.599365 0.191667
vt 0.497372 0.645096
vt 0.496629 0.639794
vt 0.670605 0.789809
vt 0.669429 0.794742
vt 0.624691 0.206688
vt 0.624390 0.207565
vt 0.623985 0.207396
vt 0.625689 0.206687
vt 0.624859 0.207093
vt 0.625523 0.207092
vt 0.625193 0.207890
vt 0.625995 0.207560
vt 0.625995 0.208225
vt 0.625531 0.208690
vt 0.624855 0.208673
vt 0.624392 0.208225
vt 0.626402 0.207390
vt 0.204552 0.032787
vt 0.205727 0.058000
vt 0.204552 0.058000
vt 0.203378 0.032787
vt 0.203378 0.058000
vt 0.607485 0.195611
vt 0.607082 0.194795
vt 0.607485 0.194610
vt 0.606775 0.196316
vt 0.607067 0.195459
vt 0.606628 0.194319
vt 0.606779 0.193903
vt 0.202203 0.032787
vt 0.202203 0.058000
vt 0.605953 0.194322
vt 0.201018 0.058000
vt 0.201018 0.032787
vt 0.626402 0.208391
vt 0.624687 0.209076
vt 0.625695 0.209098
vt 0.623987 0.208397
vt 0.199874 0.058000
vt 0.199874 0.032787
vt 0.208077 0.032787
vt 0.209251 0.058000
vt 0.208077 0.058000
vt 0.605069 0.194606
vt 0.605463 0.195421
vt 0.605069 0.195607
vt 0.605771 0.193928
vt 0.605479 0.194760
vt 0.606272 0.195112
vt 0.605922 0.195901
vt 0.606586 0.195917
vt 0.605776 0.196315
vt 0.205727 0.032787
vt 0.206902 0.058000
vt 0.206902 0.032787
vt 0.759023 0.769089
vt 0.752189 0.768620
vt 0.759564 0.768397
vt 0.752189 0.792569
vt 0.752738 0.769198
vt 0.752738 0.791991
vt 0.759023 0.792100
vt 0.759564 0.792792
vt 0.483118 0.600761
vt 0.475182 0.600361
vt 0.483599 0.600169
vt 0.475182 0.620876
vt 0.475661 0.600856
vt 0.475661 0.620382
vt 0.483118 0.620477
vt 0.483599 0.621069
vt 0.868568 0.427623
vt 0.863817 0.567813
vt 0.863817 0.427623
vt 0.873318 0.427623
vt 0.868568 0.567813
vt 0.878068 0.427623
vt 0.873318 0.567813
vt 0.882819 0.427623
vt 0.878068 0.567813
vt 0.849566 0.427623
vt 0.844816 0.567813
vt 0.844815 0.427623
vt 0.854316 0.427623
vt 0.849566 0.567813
vt 0.859067 0.427623
vt 0.854316 0.567813
vt 0.859067 0.567813
vt 0.676208 0.378238
vt 0.671458 0.238048
vt 0.676208 0.238048
vt 0.671457 0.378238
vt 0.666707 0.238048
vt 0.666707 0.378238
vt 0.661957 0.238048
vt 0.661956 0.378238
vt 0.657207 0.238048
vt 0.695209 0.378238
vt 0.690458 0.238048
vt 0.695209 0.238048
vt 0.690458 0.378238
vt 0.685708 0.238048
vt 0.685708 0.378238
vt 0.680958 0.238048
vt 0.680958 0.378238
vt 0.674994 0.921582
vt 0.673237 0.917086
vt 0.673237 0.921582
vt 0.673237 0.926076
vt 0.674994 0.926076
vt 0.673237 0.930571
vt 0.674994 0.930571
vt 0.878410 0.904971
vt 0.876801 0.900869
vt 0.876801 0.904971
vt 0.876801 0.909074
vt 0.687222 0.840162
vt 0.683354 0.836724
vt 0.683354 0.840162
vt 0.687222 0.843601
vt 0.683354 0.843601
vt 0.707427 0.946586
vt 0.708912 0.950094
vt 0.708912 0.946586
vt 0.707427 0.943078
vt 0.708912 0.943078
vt 0.901595 0.894737
vt 0.900198 0.890887
vt 0.900198 0.894737
vt 0.901595 0.898587
vt 0.900198 0.898587
vt 0.141613 0.874086
vt 0.140601 0.870931
vt 0.140601 0.874086
vt 0.141613 0.877241
vt 0.140601 0.877241
vt 0.143522 0.874086
vt 0.141613 0.870931
vt 0.141613 0.908792
vt 0.143522 0.905637
vt 0.141613 0.905637
vt 0.140601 0.905637
vt 0.140601 0.908792
vt 0.141613 0.902482
vt 0.140601 0.902482
vt 0.141613 0.899327
vt 0.140601 0.899327
vt 0.143522 0.902482
vt 0.143522 0.899327
vt 0.141613 0.896172
vt 0.140601 0.896172
vt 0.140601 0.893017
vt 0.143522 0.893017
vt 0.141613 0.893017
vt 0.140601 0.889862
vt 0.143522 0.889862
vt 0.141613 0.889862
vt 0.143522 0.886706
vt 0.141613 0.886706
vt 0.140601 0.886706
vt 0.140601 0.883551
vt 0.141613 0.883551
vt 0.141613 0.880396
vt 0.140601 0.880396
vt 0.143522 0.880396
vt 0.901595 0.902436
vt 0.900198 0.902436
vt 0.901595 0.906286
vt 0.900198 0.906286
vt 0.707427 0.939570
vt 0.708912 0.939570
vt 0.707427 0.936061
vt 0.708912 0.936061
vt 0.687222 0.847040
vt 0.683354 0.847040
vt 0.683354 0.850479
vt 0.878410 0.913177
vt 0.876801 0.913177
vt 0.876801 0.917280
vt 0.674994 0.912592
vt 0.674994 0.917086
vt 0.674994 0.908097
vt 0.673237 0.912592
vt 0.878410 0.921382
vt 0.876801 0.921382
vt 0.674994 0.903602
vt 0.673237 0.908097
vt 0.876801 0.925485
vt 0.687222 0.853917
vt 0.683354 0.853917
vt 0.683354 0.857356
vt 0.707427 0.932553
vt 0.708912 0.932553
vt 0.707427 0.929045
vt 0.708912 0.929045
vt 0.901595 0.910136
vt 0.900198 0.910136
vt 0.901595 0.913985
vt 0.900198 0.913985
vt 0.901595 0.917835
vt 0.900198 0.917835
vt 0.707427 0.925536
vt 0.708912 0.925536
vt 0.901595 0.921685
vt 0.900198 0.921685
vt 0.707427 0.922028
vt 0.708912 0.922028
vt 0.683354 0.860795
vt 0.687222 0.857356
vt 0.683354 0.864234
vt 0.687222 0.860795
vt 0.878410 0.929588
vt 0.876801 0.929588
vt 0.878410 0.933691
vt 0.876801 0.933691
vt 0.674994 0.899107
vt 0.673237 0.903602
vt 0.674994 0.894612
vt 0.673237 0.899107
vt 0.674994 0.890117
vt 0.673237 0.894612
vt 0.878410 0.937794
vt 0.876801 0.937794
vt 0.674994 0.885622
vt 0.673237 0.890117
vt 0.878410 0.941896
vt 0.876801 0.941896
vt 0.687222 0.867672
vt 0.683354 0.867672
vt 0.687222 0.871111
vt 0.683354 0.871111
vt 0.708912 0.918520
vt 0.707427 0.915011
vt 0.708912 0.915011
vt 0.901595 0.925535
vt 0.900198 0.925535
vt 0.901595 0.929384
vt 0.900198 0.929384
vt 0.901595 0.933234
vt 0.900198 0.933234
vt 0.707427 0.911503
vt 0.708912 0.911503
vt 0.901595 0.937083
vt 0.900198 0.937083
vt 0.708912 0.907995
vt 0.683354 0.874550
vt 0.687222 0.877989
vt 0.683354 0.877989
vt 0.878410 0.945999
vt 0.876801 0.945999
vt 0.878410 0.950101
vt 0.876801 0.950101
vt 0.674994 0.881127
vt 0.673237 0.885622
vt 0.674994 0.876633
vt 0.673237 0.881127
vt 0.393662 0.910182
vt 0.395418 0.905687
vt 0.395418 0.910182
vt 0.393662 0.914677
vt 0.395418 0.914677
vt 0.393662 0.919171
vt 0.395418 0.919171
vt 0.975808 0.885194
vt 0.977416 0.889296
vt 0.975808 0.889296
vt 0.975808 0.893399
vt 0.977416 0.893399
vt 0.747718 0.832445
vt 0.751586 0.835883
vt 0.747718 0.835883
vt 0.747718 0.839322
vt 0.751586 0.839322
vt 0.716099 0.946589
vt 0.714615 0.950097
vt 0.714615 0.946589
vt 0.716099 0.943080
vt 0.714615 0.943080
vt 0.721792 0.907993
vt 0.723189 0.911843
vt 0.721792 0.911843
vt 0.723189 0.915693
vt 0.721792 0.915693
vt 0.131980 0.870934
vt 0.132992 0.874089
vt 0.131980 0.874089
vt 0.132992 0.877244
vt 0.131980 0.877244
vt 0.134901 0.874089
vt 0.134901 0.877244
vt 0.132992 0.870934
vt 0.132992 0.908795
vt 0.134901 0.905640
vt 0.134901 0.908795
vt 0.131980 0.905640
vt 0.131980 0.908795
vt 0.132992 0.902485
vt 0.132992 0.905640
vt 0.131980 0.902485
vt 0.132992 0.899330
vt 0.134901 0.902485
vt 0.132992 0.896175
vt 0.134901 0.899330
vt 0.131980 0.899330
vt 0.131980 0.893020
vt 0.131980 0.896175
vt 0.134901 0.893020
vt 0.134901 0.896175
vt 0.131980 0.889865
vt 0.132992 0.893020
vt 0.134901 0.889865
vt 0.132992 0.889865
vt 0.134901 0.886710
vt 0.131980 0.886710
vt 0.131980 0.883555
vt 0.132992 0.886710
vt 0.132992 0.883554
vt 0.131980 0.880400
vt 0.134901 0.880400
vt 0.134901 0.883554
vt 0.132992 0.880400
vt 0.723189 0.919542
vt 0.721792 0.919542
vt 0.723189 0.923392
vt 0.721792 0.923392
vt 0.714615 0.939572
vt 0.716099 0.939572
vt 0.714615 0.936064
vt 0.716099 0.936064
vt 0.751586 0.842761
vt 0.747718 0.842761
vt 0.751586 0.846200
vt 0.747718 0.846200
vt 0.977416 0.897502
vt 0.975808 0.897502
vt 0.975808 0.901604
vt 0.977416 0.901604
vt 0.393662 0.901192
vt 0.395418 0.901192
vt 0.395418 0.896697
vt 0.977416 0.905707
vt 0.975808 0.905707
vt 0.393662 0.896697
vt 0.395418 0.892202
vt 0.975808 0.909810
vt 0.977416 0.909810
vt 0.751586 0.849638
vt 0.747718 0.849638
vt 0.747718 0.853077
vt 0.751586 0.853077
vt 0.716099 0.932555
vt 0.714615 0.932555
vt 0.714615 0.929047
vt 0.716099 0.929047
vt 0.723189 0.927241
vt 0.721792 0.927241
vt 0.723189 0.931092
vt 0.721792 0.931092
vt 0.723189 0.934941
vt 0.721792 0.934941
vt 0.714615 0.925539
vt 0.716099 0.925539
vt 0.723189 0.938791
vt 0.721792 0.938791
vt 0.714615 0.922030
vt 0.716099 0.922030
vt 0.747718 0.856516
vt 0.751586 0.856516
vt 0.751586 0.859954
vt 0.747718 0.859954
vt 0.977416 0.913913
vt 0.975808 0.913913
vt 0.977416 0.918015
vt 0.975808 0.918015
vt 0.393662 0.892202
vt 0.395418 0.887707
vt 0.393662 0.887707
vt 0.395418 0.883212
vt 0.393662 0.883212
vt 0.395418 0.878717
vt 0.975808 0.922118
vt 0.977416 0.922118
vt 0.393662 0.878717
vt 0.395418 0.874222
vt 0.975808 0.926221
vt 0.977416 0.926221
vt 0.751586 0.863393
vt 0.747718 0.863393
vt 0.751586 0.866832
vt 0.747718 0.866832
vt 0.716099 0.918522
vt 0.714615 0.918522
vt 0.714615 0.915014
vt 0.716099 0.915014
vt 0.723189 0.942641
vt 0.721792 0.942641
vt 0.723189 0.946490
vt 0.721792 0.946490
vt 0.723189 0.950340
vt 0.721792 0.950340
vt 0.714615 0.911505
vt 0.716099 0.911505
vt 0.723189 0.954189
vt 0.721792 0.954189
vt 0.716099 0.907997
vt 0.714615 0.907997
vt 0.751586 0.870271
vt 0.747718 0.870271
vt 0.751586 0.873710
vt 0.747718 0.873710
vt 0.977416 0.930323
vt 0.975808 0.930323
vt 0.977416 0.934426
vt 0.975808 0.934426
vt 0.393662 0.874222
vt 0.395418 0.869728
vt 0.393662 0.869728
vt 0.395418 0.865233
vt 0.530363 0.911393
vt 0.528607 0.915888
vt 0.530363 0.915888
vt 0.528607 0.920383
vt 0.530363 0.920383
vt 0.528607 0.924878
vt 0.530363 0.924878
vt 0.510274 0.892147
vt 0.508665 0.888045
vt 0.508665 0.892147
vt 0.508665 0.896250
vt 0.573694 0.840160
vt 0.569826 0.836721
vt 0.569826 0.840160
vt 0.573694 0.843599
vt 0.569826 0.843599
vt 0.517467 0.948011
vt 0.515983 0.951520
vt 0.517467 0.951520
vt 0.517467 0.944503
vt 0.515983 0.948011
vt 0.746641 0.909002
vt 0.745244 0.905152
vt 0.745244 0.909002
vt 0.746641 0.912851
vt 0.745244 0.912851
vt 0.503934 0.594713
vt 0.502922 0.591558
vt 0.502922 0.594713
vt 0.503934 0.597868
vt 0.502922 0.597868
vt 0.505843 0.594713
vt 0.503934 0.591558
vt 0.503934 0.629419
vt 0.505843 0.626264
vt 0.503934 0.626264
vt 0.502922 0.626264
vt 0.502922 0.629419
vt 0.503934 0.623109
vt 0.502922 0.623109
vt 0.503934 0.619954
vt 0.502922 0.619954
vt 0.505843 0.623109
vt 0.505843 0.619954
vt 0.503934 0.616799
vt 0.502922 0.616799
vt 0.502922 0.613644
vt 0.505843 0.613644
vt 0.503934 0.613644
vt 0.502922 0.610489
vt 0.505843 0.610489
vt 0.503934 0.610489
vt 0.505843 0.607334
vt 0.503934 0.607334
vt 0.502922 0.607334
vt 0.502922 0.604179
vt 0.503934 0.604179
vt 0.502922 0.601024
vt 0.505843 0.601024
vt 0.503934 0.601024
vt 0.746641 0.916701
vt 0.745244 0.916701
vt 0.746641 0.920551
vt 0.745244 0.920551
vt 0.515983 0.940995
vt 0.517467 0.940995
vt 0.515983 0.937487
vt 0.517467 0.937487
vt 0.573694 0.847037
vt 0.569826 0.847037
vt 0.569826 0.850476
vt 0.510274 0.900353
vt 0.508665 0.900353
vt 0.508665 0.904455
vt 0.530363 0.906898
vt 0.528607 0.911393
vt 0.530363 0.902403
vt 0.528607 0.906898
vt 0.508665 0.908558
vt 0.510274 0.904455
vt 0.530363 0.897908
vt 0.528607 0.902403
vt 0.508665 0.912661
vt 0.510274 0.908558
vt 0.573694 0.853915
vt 0.569826 0.853915
vt 0.569826 0.857354
vt 0.515983 0.933978
vt 0.517467 0.933978
vt 0.515983 0.930470
vt 0.517467 0.930470
vt 0.746641 0.924400
vt 0.745244 0.924400
vt 0.746641 0.928250
vt 0.745244 0.928250
vt 0.746641 0.932100
vt 0.745244 0.932100
vt 0.515983 0.926961
vt 0.517467 0.926961
vt 0.746641 0.935950
vt 0.745244 0.935950
vt 0.515983 0.923453
vt 0.517467 0.923453
vt 0.569826 0.860792
vt 0.573694 0.857354
vt 0.573694 0.864231
vt 0.569826 0.864231
vt 0.510274 0.916764
vt 0.508665 0.916764
vt 0.510274 0.920866
vt 0.508665 0.920866
vt 0.530363 0.893413
vt 0.528607 0.897908
vt 0.530363 0.888918
vt 0.528607 0.893413
vt 0.530363 0.884423
vt 0.528607 0.888918
vt 0.508665 0.924969
vt 0.530363 0.879929
vt 0.528607 0.884423
vt 0.508665 0.929072
vt 0.510274 0.924969
vt 0.573694 0.867670
vt 0.569826 0.867670
vt 0.569826 0.871109
vt 0.517467 0.919945
vt 0.515983 0.916437
vt 0.517467 0.916437
vt 0.746641 0.939799
vt 0.745244 0.939799
vt 0.746641 0.943649
vt 0.745244 0.943649
vt 0.746641 0.947499
vt 0.745244 0.947499
vt 0.515983 0.912928
vt 0.517467 0.912928
vt 0.746641 0.951348
vt 0.745244 0.951348
vt 0.517467 0.909420
vt 0.569826 0.874547
vt 0.573694 0.871109
vt 0.573694 0.877986
vt 0.569826 0.877986
vt 0.510274 0.933175
vt 0.508665 0.933175
vt 0.510274 0.937277
vt 0.508665 0.937277
vt 0.530363 0.875434
vt 0.528607 0.879929
vt 0.530363 0.870939
vt 0.528607 0.875434
vt 0.174953 0.924442
vt 0.176709 0.919947
vt 0.176709 0.924442
vt 0.174953 0.928937
vt 0.176709 0.928937
vt 0.174953 0.933432
vt 0.176709 0.933432
vt 0.221568 0.902291
vt 0.223177 0.906394
vt 0.221568 0.906394
vt 0.221568 0.910497
vt 0.223177 0.910497
vt 0.508668 0.841008
vt 0.512536 0.844447
vt 0.508668 0.844447
vt 0.512536 0.847886
vt 0.508668 0.847886
vt 0.537545 0.948017
vt 0.536061 0.951525
vt 0.536061 0.948017
vt 0.537545 0.944509
vt 0.536061 0.944509
vt 0.228887 0.902299
vt 0.230284 0.906148
vt 0.228887 0.906148
vt 0.230284 0.909998
vt 0.228887 0.909998
vt 0.123357 0.870936
vt 0.124369 0.874091
vt 0.123357 0.874091
vt 0.124369 0.877246
vt 0.123357 0.877246
vt 0.126279 0.874091
vt 0.126279 0.877246
vt 0.124369 0.870936
vt 0.124369 0.908797
vt 0.126279 0.905642
vt 0.126279 0.908797
vt 0.123357 0.908797
vt 0.124369 0.905642
vt 0.123357 0.905642
vt 0.124369 0.902487
vt 0.123357 0.902487
vt 0.124369 0.899332
vt 0.126279 0.902487
vt 0.124369 0.896177
vt 0.126279 0.899332
vt 0.123357 0.896177
vt 0.123357 0.899332
vt 0.123357 0.893022
vt 0.126279 0.893022
vt 0.126279 0.896177
vt 0.123357 0.889867
vt 0.124369 0.893022
vt 0.126279 0.889867
vt 0.124369 0.889867
vt 0.126279 0.886711
vt 0.123357 0.886711
vt 0.123357 0.883557
vt 0.124369 0.886711
vt 0.124369 0.883557
vt 0.124369 0.880401
vt 0.126279 0.880401
vt 0.126279 0.883557
vt 0.123357 0.880401
vt 0.230284 0.913847
vt 0.228887 0.913847
vt 0.230284 0.917697
vt 0.228887 0.917697
vt 0.536061 0.941001
vt 0.537545 0.941001
vt 0.536061 0.937492
vt 0.537545 0.937492
vt 0.512536 0.851324
vt 0.508668 0.851324
vt 0.512536 0.854763
vt 0.508668 0.854763
vt 0.223177 0.914599
vt 0.221568 0.914599
vt 0.221568 0.918702
vt 0.223177 0.918702
vt 0.174953 0.919947
vt 0.176709 0.915453
vt 0.174953 0.915453
vt 0.176709 0.910958
vt 0.221568 0.922805
vt 0.223177 0.922805
vt 0.174953 0.910958
vt 0.176709 0.906463
vt 0.221568 0.926907
vt 0.223177 0.926907
vt 0.512536 0.858202
vt 0.508668 0.858202
vt 0.512536 0.861640
vt 0.508668 0.861640
vt 0.537545 0.933984
vt 0.536061 0.933984
vt 0.536061 0.930476
vt 0.537545 0.930476
vt 0.230284 0.921547
vt 0.228887 0.921547
vt 0.230284 0.925396
vt 0.228887 0.925396
vt 0.230284 0.929246
vt 0.228887 0.929246
vt 0.537545 0.926967
vt 0.536061 0.926967
vt 0.230284 0.933096
vt 0.228887 0.933096
vt 0.536061 0.923459
vt 0.537545 0.923459
vt 0.508668 0.865079
vt 0.512536 0.865079
vt 0.512536 0.868518
vt 0.508668 0.868518
vt 0.221568 0.931010
vt 0.223177 0.931010
vt 0.223177 0.935113
vt 0.221568 0.935113
vt 0.174953 0.906463
vt 0.176709 0.901968
vt 0.174953 0.901968
vt 0.176709 0.897473
vt 0.174953 0.897473
vt 0.176709 0.892978
vt 0.223177 0.939216
vt 0.221568 0.939216
vt 0.174953 0.892978
vt 0.176709 0.888483
vt 0.223177 0.943318
vt 0.221568 0.943318
vt 0.512536 0.871957
vt 0.508668 0.871957
vt 0.512536 0.875395
vt 0.508668 0.875395
vt 0.537545 0.919951
vt 0.536061 0.919951
vt 0.536061 0.916442
vt 0.537545 0.916442
vt 0.230284 0.936946
vt 0.228887 0.936946
vt 0.230284 0.940795
vt 0.228887 0.940795
vt 0.230284 0.944645
vt 0.228887 0.944645
vt 0.536061 0.912934
vt 0.537545 0.912934
vt 0.230284 0.948494
vt 0.228887 0.948494
vt 0.537545 0.909426
vt 0.536061 0.909426
vt 0.508668 0.878834
vt 0.512536 0.878834
vt 0.508668 0.882273
vt 0.512536 0.882273
vt 0.223177 0.947421
vt 0.221568 0.947421
vt 0.223177 0.951524
vt 0.221568 0.951524
vt 0.174953 0.888483
vt 0.176709 0.883988
vt 0.174953 0.883988
vt 0.176709 0.879493
vt 0.886051 0.020830
vt 0.889101 0.030979
vt 0.886051 0.030979
vt 0.095105 0.434035
vt 0.097363 0.444095
vt 0.095105 0.444095
vt 0.889101 0.002855
vt 0.889101 0.020830
vt 0.095105 0.416220
vt 0.097363 0.434035
vt 0.099744 0.444095
vt 0.099744 0.416220
vt 0.099744 0.434035
vt 0.097363 0.455846
vt 0.095105 0.455846
vt 0.099744 0.455846
vt 0.102003 0.444095
vt 0.102003 0.434035
vt 0.920967 0.767822
vt 0.925611 0.779034
vt 0.920967 0.779034
vt 0.920967 0.758223
vt 0.925611 0.767822
vt 0.925611 0.792126
vt 0.920967 0.792126
vt 0.102003 0.455846
vt 0.099744 0.469567
vt 0.925611 0.805644
vt 0.920967 0.805644
vt 0.102003 0.469567
vt 0.099744 0.483734
vt 0.097363 0.469567
vt 0.097363 0.483734
vt 0.095105 0.483734
vt 0.095105 0.469567
vt 0.886051 0.042835
vt 0.889101 0.056678
vt 0.886051 0.056678
vt 0.889101 0.070971
vt 0.886051 0.070971
vt 0.882243 0.042835
vt 0.882243 0.056678
vt 0.886051 0.084955
vt 0.882243 0.070971
vt 0.889101 0.084955
vt 0.886051 0.099077
vt 0.882243 0.084955
vt 0.889101 0.099077
vt 0.095105 0.497594
vt 0.097363 0.497594
vt 0.097363 0.511591
vt 0.095105 0.511591
vt 0.099744 0.511591
vt 0.099744 0.497594
vt 0.102003 0.497594
vt 0.102003 0.483734
vt 0.920967 0.818868
vt 0.925611 0.832224
vt 0.920967 0.832224
vt 0.925611 0.818868
vt 0.920967 0.844993
vt 0.925611 0.844993
vt 0.102003 0.511591
vt 0.099744 0.524973
vt 0.925611 0.857761
vt 0.920967 0.857761
vt 0.102003 0.538355
vt 0.102003 0.524973
vt 0.920967 0.871117
vt 0.102003 0.552353
vt 0.099744 0.538355
vt 0.097363 0.524973
vt 0.097363 0.538355
vt 0.097363 0.552353
vt 0.095105 0.538355
vt 0.095105 0.524973
vt 0.095105 0.552353
vt 0.889101 0.126079
vt 0.886051 0.140201
vt 0.886051 0.126079
vt 0.889101 0.112578
vt 0.886051 0.112578
vt 0.882243 0.140201
vt 0.882243 0.126079
vt 0.882243 0.099077
vt 0.882243 0.112578
vt 0.878422 0.099077
vt 0.878422 0.126079
vt 0.875411 0.099077
vt 0.878422 0.112578
vt 0.875411 0.112578
vt 0.875411 0.126079
vt 0.878422 0.140201
vt 0.875411 0.140201
vt 0.870303 0.126079
vt 0.870303 0.140201
vt 0.901676 0.798316
vt 0.898764 0.783505
vt 0.901676 0.783505
vt 0.898764 0.769345
vt 0.901676 0.769345
vt 0.895790 0.783505
vt 0.895790 0.798316
vt 0.898764 0.798316
vt 0.892815 0.783505
vt 0.895790 0.769345
vt 0.892815 0.798316
vt 0.892815 0.812981
vt 0.895790 0.812981
vt 0.898764 0.812981
vt 0.892815 0.827972
vt 0.895790 0.827972
vt 0.898764 0.827972
vt 0.892815 0.842491
vt 0.895790 0.842491
vt 0.898764 0.842491
vt 0.892815 0.854925
vt 0.895790 0.854925
vt 0.898764 0.854925
vt 0.892815 0.865569
vt 0.895790 0.865569
vt 0.898764 0.865569
vt 0.895790 0.884421
vt 0.898764 0.884421
vt 0.381097 0.559503
vt 0.378467 0.684067
vt 0.378470 0.557857
vt 0.375873 0.559504
vt 0.192925 0.693164
vt 0.195882 0.674227
vt 0.195882 0.693164
vt 0.198838 0.674227
vt 0.198838 0.693164
vt 0.195882 0.703857
vt 0.198838 0.703857
vt 0.195882 0.716347
vt 0.192925 0.703857
vt 0.198838 0.716347
vt 0.195882 0.730931
vt 0.192925 0.716347
vt 0.198838 0.730931
vt 0.195882 0.745991
vt 0.192925 0.730931
vt 0.198838 0.745991
vt 0.195882 0.760722
vt 0.192925 0.745991
vt 0.198838 0.760722
vt 0.195882 0.775601
vt 0.192925 0.760722
vt 0.198838 0.775601
vt 0.195882 0.789825
vt 0.192925 0.775601
vt 0.198838 0.789825
vt 0.192925 0.804049
vt 0.192925 0.789825
vt 0.195882 0.804049
vt 0.192925 0.818928
vt 0.198838 0.804049
vt 0.195882 0.818928
vt 0.192925 0.833659
vt 0.198838 0.818928
vt 0.195882 0.833659
vt 0.192925 0.848718
vt 0.198838 0.833659
vt 0.195882 0.848718
vt 0.192925 0.863302
vt 0.198838 0.848718
vt 0.195882 0.863302
vt 0.192925 0.875793
vt 0.198838 0.863302
vt 0.195882 0.875793
vt 0.192925 0.886486
vt 0.198838 0.875793
vt 0.195882 0.886486
vt 0.195882 0.905423
vt 0.198838 0.905423
vt 0.198838 0.886486
vt 0.226285 0.895038
vt 0.223660 0.770477
vt 0.226287 0.768831
vt 0.228884 0.770478
vt 0.895790 0.654269
vt 0.892815 0.673120
vt 0.892815 0.654269
vt 0.898764 0.654269
vt 0.895790 0.673120
vt 0.895790 0.683765
vt 0.898764 0.683765
vt 0.898764 0.673120
vt 0.895790 0.696199
vt 0.892815 0.683765
vt 0.898764 0.696199
vt 0.895790 0.710717
vt 0.892815 0.696199
vt 0.898764 0.710717
vt 0.895790 0.725708
vt 0.892815 0.710717
vt 0.898764 0.725708
vt 0.895790 0.740374
vt 0.892815 0.725708
vt 0.898764 0.740374
vt 0.895790 0.755185
vt 0.892815 0.740374
vt 0.898764 0.755185
vt 0.892815 0.755185
vt 0.901676 0.755185
vt 0.901676 0.740374
vt 0.870303 0.099077
vt 0.870303 0.084955
vt 0.875411 0.084955
vt 0.870303 0.070971
vt 0.875411 0.070971
vt 0.901676 0.725708
vt 0.870303 0.056678
vt 0.875411 0.056678
vt 0.901676 0.710717
vt 0.870303 0.042835
vt 0.875411 0.042835
vt 0.901676 0.696199
vt 0.870303 0.030979
vt 0.875411 0.030979
vt 0.901676 0.683765
vt 0.870303 0.020830
vt 0.875411 0.020830
vt 0.901676 0.673120
vt 0.875411 0.002855
vt 0.870303 0.002855
vt 0.901676 0.654269
vt 0.429934 0.557339
vt 0.432283 0.675800
vt 0.429934 0.675800
vt 0.230977 0.890419
vt 0.230977 0.773289
vt 0.175263 0.215319
vt 0.172914 0.197864
vt 0.182388 0.191397
vt 0.201733 0.905423
vt 0.201733 0.886486
vt 0.173140 0.187028
vt 0.164446 0.193012
vt 0.201733 0.875793
vt 0.163032 0.180085
vt 0.155751 0.186505
vt 0.201733 0.863302
vt 0.154101 0.170297
vt 0.146126 0.175556
vt 0.201733 0.848718
vt 0.146646 0.158390
vt 0.137916 0.162167
vt 0.201733 0.833659
vt 0.141475 0.146410
vt 0.132257 0.148459
vt 0.201733 0.818928
vt 0.138559 0.132421
vt 0.129091 0.132838
vt 0.201733 0.804049
vt 0.137635 0.119065
vt 0.128138 0.119065
vt 0.201733 0.789825
vt 0.129091 0.105292
vt 0.138559 0.105710
vt 0.201733 0.775601
vt 0.132257 0.089671
vt 0.141475 0.091721
vt 0.201733 0.760722
vt 0.137915 0.075964
vt 0.146646 0.079740
vt 0.201733 0.745991
vt 0.146126 0.062574
vt 0.154101 0.067833
vt 0.201733 0.730931
vt 0.155751 0.051625
vt 0.163032 0.058046
vt 0.201733 0.716347
vt 0.164446 0.045118
vt 0.173139 0.051102
vt 0.201733 0.703857
vt 0.172914 0.040266
vt 0.182388 0.046733
vt 0.201733 0.693164
vt 0.175263 0.022811
vt 0.201733 0.674227
vt 0.511579 0.527413
vt 0.513927 0.645875
vt 0.511578 0.645875
vt 0.373774 0.679584
vt 0.373774 0.562456
vt 0.875411 0.222300
vt 0.870303 0.204326
vt 0.875411 0.204326
vt 0.901676 0.884421
vt 0.901676 0.865569
vt 0.875411 0.194176
vt 0.901676 0.854925
vt 0.870303 0.194176
vt 0.875411 0.182320
vt 0.901676 0.842491
vt 0.870303 0.182320
vt 0.875411 0.168478
vt 0.901676 0.827972
vt 0.870303 0.168478
vt 0.875411 0.154184
vt 0.901676 0.812981
vt 0.870303 0.154184
vt 0.878422 0.154184
vt 0.882243 0.154184
vt 0.878422 0.168478
vt 0.882243 0.168478
vt 0.878422 0.182320
vt 0.882243 0.182320
vt 0.878422 0.194176
vt 0.882243 0.194176
vt 0.878422 0.204326
vt 0.882243 0.204326
vt 0.882243 0.222300
vt 0.878422 0.222300
vt 0.517438 0.645875
vt 0.520945 0.532012
vt 0.521572 0.645873
vt 0.516867 0.529510
vt 0.513928 0.527413
vt 0.180220 0.028582
vt 0.177249 0.025706
vt 0.525106 0.533866
vt 0.525649 0.645870
vt 0.183710 0.030690
vt 0.187175 0.031916
vt 0.529180 0.535203
vt 0.886051 0.222300
vt 0.886051 0.204326
vt 0.889101 0.222300
vt 0.097363 0.615911
vt 0.095105 0.633727
vt 0.095105 0.615911
vt 0.838094 0.869807
vt 0.836212 0.762384
vt 0.838094 0.759751
vt 0.099744 0.633727
vt 0.097363 0.633727
vt 0.840374 0.869807
vt 0.840374 0.759751
vt 0.187175 0.029672
vt 0.189514 0.031916
vt 0.842257 0.761937
vt 0.194171 0.031916
vt 0.285471 0.908898
vt 0.280813 0.798235
vt 0.285471 0.798235
vt 0.920967 0.931762
vt 0.925611 0.948762
vt 0.920967 0.948762
vt 0.102003 0.633727
vt 0.099744 0.615911
vt 0.102003 0.615911
vt 0.925611 0.922163
vt 0.925611 0.931762
vt 0.099744 0.605851
vt 0.102003 0.605851
vt 0.099744 0.594100
vt 0.102003 0.594100
vt 0.097363 0.605851
vt 0.097363 0.594100
vt 0.095105 0.605851
vt 0.095105 0.594100
vt 0.889101 0.194176
vt 0.886051 0.194176
vt 0.889101 0.182320
vt 0.886051 0.182320
vt 0.886051 0.168478
vt 0.889101 0.168478
vt 0.886051 0.154184
vt 0.889101 0.154184
vt 0.097363 0.580380
vt 0.095105 0.580380
vt 0.095105 0.566212
vt 0.099744 0.566212
vt 0.097363 0.566212
vt 0.099744 0.580380
vt 0.102003 0.580380
vt 0.102003 0.566212
vt 0.925611 0.884341
vt 0.920967 0.897859
vt 0.920967 0.884341
vt 0.925611 0.897859
vt 0.920967 0.910951
vt 0.882559 0.265359
vt 0.870243 0.276895
vt 0.870255 0.265273
vt 0.882548 0.276928
vt 0.870235 0.288336
vt 0.882574 0.253560
vt 0.870270 0.253510
vt 0.882594 0.239714
vt 0.870289 0.239680
vt 0.882610 0.228087
vt 0.870306 0.228069
vt 0.211848 0.064145
vt 0.211848 0.076449
vt 0.188335 0.064145
vt 0.188335 0.174807
vt 0.215881 0.748377
vt 0.207528 0.759844
vt 0.207551 0.748360
vt 0.211848 0.166476
vt 0.211848 0.174807
vt 0.215858 0.759872
vt 0.207500 0.773546
vt 0.215831 0.773585
vt 0.207478 0.785015
vt 0.215809 0.785078
vt 0.207459 0.797069
vt 0.215790 0.797096
vt 0.207445 0.807911
vt 0.215775 0.807988
vt 0.207445 0.820116
vt 0.215775 0.820116
vt 0.207445 0.832560
vt 0.207445 0.845003
vt 0.215775 0.832560
vt 0.215775 0.845003
vt 0.215775 0.857132
vt 0.207445 0.857209
vt 0.215790 0.868023
vt 0.207459 0.868050
vt 0.215808 0.880041
vt 0.207478 0.880105
vt 0.215830 0.891534
vt 0.207500 0.891574
vt 0.215858 0.905247
vt 0.207528 0.905276
vt 0.215881 0.916742
vt 0.207551 0.916759
vt 0.700551 0.416228
vt 0.724064 0.416228
vt 0.724064 0.424558
vt 0.724064 0.514585
vt 0.194171 0.206214
vt 0.189514 0.206214
vt 0.291180 0.798243
vt 0.295838 0.908906
vt 0.291180 0.908906
vt 0.724064 0.526890
vt 0.700551 0.526890
vt 0.925611 0.741224
vt 0.925611 0.758223
vt 0.102003 0.416220
vt 0.567692 0.279162
vt 0.569575 0.386585
vt 0.567397 0.386579
vt 0.571854 0.276529
vt 0.569575 0.276529
vt 0.187175 0.208458
vt 0.187175 0.206214
vt 0.573738 0.278715
vt 0.571854 0.386585
vt 0.183710 0.207440
vt 0.418211 0.675795
vt 0.414681 0.565128
vt 0.418756 0.563792
vt 0.180220 0.209548
vt 0.422288 0.675799
vt 0.886051 0.002855
vt 0.882243 0.020830
vt 0.882243 0.002855
vt 0.422918 0.561938
vt 0.426423 0.675800
vt 0.878422 0.020830
vt 0.878422 0.002855
vt 0.882243 0.030979
vt 0.878422 0.030979
vt 0.878422 0.042835
vt 0.878422 0.056678
vt 0.878422 0.070971
vt 0.878422 0.084955
vt 0.889101 0.042835
vt 0.426995 0.559435
vt 0.177250 0.212424
vt 0.870289 0.384507
vt 0.882610 0.396101
vt 0.870306 0.396118
vt 0.870270 0.370677
vt 0.882594 0.384473
vt 0.870255 0.358915
vt 0.882575 0.370628
vt 0.870243 0.347292
vt 0.882559 0.358828
vt 0.870235 0.335850
vt 0.882548 0.347259
vt 0.870235 0.324537
vt 0.882540 0.335741
vt 0.882540 0.312094
vt 0.882540 0.324537
vt 0.882540 0.299650
vt 0.870235 0.312094
vt 0.870235 0.299650
vt 0.882540 0.288447
vt 0.183271 0.179084
vt 0.194171 0.182700
vt 0.171675 0.171784
vt 0.163767 0.163477
vt 0.157296 0.153306
vt 0.152850 0.143417
vt 0.150305 0.131480
vt 0.149446 0.119065
vt 0.150305 0.106651
vt 0.152850 0.094713
vt 0.157296 0.084825
vt 0.163766 0.074653
vt 0.171675 0.066347
vt 0.183271 0.059046
vt 0.925611 0.910951
vt 0.920967 0.922163
vt 0.889101 0.140201
vt 0.889903 0.755185
vt 0.892815 0.769345
vt 0.889903 0.769345
vt 0.889903 0.740374
vt 0.418128 0.345218
vt 0.415781 0.330978
vt 0.418128 0.330978
vt 0.415781 0.316084
vt 0.418128 0.316084
vt 0.415781 0.301337
vt 0.418128 0.301337
vt 0.415781 0.286262
vt 0.418128 0.286262
vt 0.889903 0.725708
vt 0.415781 0.271662
vt 0.418128 0.271662
vt 0.889903 0.696199
vt 0.889903 0.710717
vt 0.415781 0.259158
vt 0.418128 0.259158
vt 0.889903 0.683765
vt 0.415781 0.248454
vt 0.418128 0.248454
vt 0.889903 0.673120
vt 0.418128 0.229496
vt 0.415781 0.229496
vt 0.889903 0.654269
vt 0.086011 0.946629
vt 0.083663 0.828168
vt 0.086011 0.828168
vt 0.221561 0.890555
vt 0.223657 0.893393
vt 0.033682 0.972640
vt 0.031334 0.953685
vt 0.033682 0.953685
vt 0.190030 0.905423
vt 0.192925 0.905423
vt 0.033682 0.942982
vt 0.031334 0.942982
vt 0.190030 0.875793
vt 0.190030 0.886486
vt 0.033682 0.930480
vt 0.031334 0.930480
vt 0.190030 0.863302
vt 0.033682 0.915882
vt 0.031334 0.915882
vt 0.190030 0.848718
vt 0.033682 0.900808
vt 0.031334 0.900808
vt 0.033682 0.886062
vt 0.031334 0.886062
vt 0.190030 0.833659
vt 0.033682 0.871170
vt 0.031334 0.871170
vt 0.190030 0.804049
vt 0.190030 0.818928
vt 0.033682 0.856932
vt 0.031334 0.856932
vt 0.190030 0.789825
vt 0.031334 0.842694
vt 0.033682 0.842694
vt 0.190030 0.775601
vt 0.031334 0.827802
vt 0.033682 0.827802
vt 0.190030 0.760722
vt 0.031334 0.813056
vt 0.033682 0.813056
vt 0.190030 0.745991
vt 0.031334 0.797983
vt 0.033682 0.797983
vt 0.190030 0.730931
vt 0.031334 0.783384
vt 0.033682 0.783384
vt 0.190030 0.716347
vt 0.031334 0.770882
vt 0.033682 0.770882
vt 0.190030 0.703857
vt 0.031334 0.760179
vt 0.033682 0.760179
vt 0.190030 0.693164
vt 0.033682 0.741224
vt 0.190030 0.674227
vt 0.094059 0.946630
vt 0.091710 0.828171
vt 0.094059 0.828171
vt 0.383190 0.679449
vt 0.381094 0.682422
vt 0.418128 0.460939
vt 0.415781 0.441982
vt 0.418128 0.441982
vt 0.889903 0.884421
vt 0.889903 0.865569
vt 0.418128 0.431278
vt 0.889903 0.854925
vt 0.415781 0.431278
vt 0.418128 0.418774
vt 0.889903 0.842491
vt 0.415781 0.418774
vt 0.418128 0.404174
vt 0.889903 0.827972
vt 0.415781 0.404174
vt 0.418128 0.389099
vt 0.889903 0.812981
vt 0.415781 0.389099
vt 0.418128 0.374352
vt 0.889903 0.798316
vt 0.415781 0.374352
vt 0.418128 0.359457
vt 0.889903 0.783505
vt 0.415781 0.359457
vt 0.443223 0.402848
vt 0.561741 0.418758
vt 0.443279 0.419675
vt 0.561650 0.388483
vt 0.443189 0.388483
vt 0.443223 0.374118
vt 0.561742 0.435220
vt 0.443282 0.435536
vt 0.561715 0.451638
vt 0.443255 0.452492
vt 0.561712 0.467395
vt 0.443251 0.467887
vt 0.561719 0.477830
vt 0.443259 0.478271
vt 0.561735 0.487488
vt 0.443275 0.487657
vt 0.561739 0.500292
vt 0.561741 0.358207
vt 0.443279 0.357290
vt 0.561742 0.341746
vt 0.443282 0.341430
vt 0.561715 0.325327
vt 0.443255 0.324474
vt 0.561712 0.309570
vt 0.443251 0.309079
vt 0.561719 0.299136
vt 0.443259 0.298695
vt 0.561735 0.289477
vt 0.443275 0.289308
vt 0.561739 0.276673
vt 0.463958 0.790888
vt 0.462267 0.805891
vt 0.396537 0.790888
vt 0.463958 0.782555
vt 0.330808 0.805891
vt 0.329117 0.790888
vt 0.329117 0.782555
vt 0.411540 0.856618
vt 0.396537 0.858308
vt 0.381535 0.856618
vt 0.335794 0.820141
vt 0.343826 0.832924
vt 0.354502 0.843600
vt 0.367285 0.851632
vt 0.425790 0.851632
vt 0.438573 0.843600
vt 0.449249 0.832924
vt 0.457281 0.820141
vt 0.855731 0.853949
vt 0.848243 0.852136
vt 0.855731 0.852136
vt 0.848243 0.850324
vt 0.855731 0.850324
vt 0.166607 0.090045
vt 0.165326 0.091327
vt 0.164419 0.089139
vt 0.163513 0.091327
vt 0.165325 0.086951
vt 0.166607 0.088233
vt 0.163513 0.086951
vt 0.162231 0.088233
vt 0.162231 0.090046
vt 0.855731 0.855761
vt 0.848243 0.853949
vt 0.855731 0.857574
vt 0.848243 0.855761
vt 0.495914 0.803408
vt 0.508969 0.794656
vt 0.509663 0.796330
vt 0.498467 0.811824
vt 0.511337 0.797023
vt 0.969761 0.298911
vt 0.971311 0.290116
vt 0.971311 0.298911
vt 0.969761 0.281321
vt 0.971311 0.281321
vt 0.971312 0.272525
vt 0.495052 0.794656
vt 0.495914 0.785903
vt 0.969761 0.272525
vt 0.971312 0.263730
vt 0.509663 0.792981
vt 0.969762 0.263730
vt 0.971312 0.254935
vt 0.498467 0.777487
vt 0.511337 0.792287
vt 0.848243 0.857574
vt 0.855731 0.859386
vt 0.848243 0.859387
vt 0.855731 0.861199
vt 0.855731 0.848511
vt 0.848243 0.846698
vt 0.855731 0.846699
vt 0.502613 0.769731
vt 0.513012 0.792981
vt 0.848243 0.848511
vt 0.539915 0.794656
vt 0.513705 0.794656
vt 0.548668 0.750654
vt 0.539916 0.749792
vt 0.531163 0.750654
vt 0.531163 0.838657
vt 0.539916 0.839519
vt 0.548668 0.838657
vt 0.522747 0.753207
vt 0.514991 0.757353
vt 0.508192 0.762932
vt 0.577218 0.769731
vt 0.566819 0.792981
vt 0.571639 0.762932
vt 0.564840 0.757353
vt 0.557084 0.753207
vt 0.557084 0.836104
vt 0.564840 0.831958
vt 0.571639 0.826379
vt 0.566126 0.794656
vt 0.566819 0.796330
vt 0.577218 0.819580
vt 0.522747 0.836104
vt 0.514991 0.831958
vt 0.508192 0.826379
vt 0.513012 0.796330
vt 0.969762 0.325297
vt 0.971312 0.316501
vt 0.971312 0.325297
vt 0.969761 0.316502
vt 0.971311 0.307706
vt 0.969761 0.307706
vt 0.502613 0.819580
vt 0.253491 0.673360
vt 0.216318 0.687672
vt 0.247912 0.666562
vt 0.208661 0.673347
vt 0.243766 0.658805
vt 0.985761 0.320684
vt 0.984211 0.304442
vt 0.985761 0.304442
vt 0.985761 0.336926
vt 0.984211 0.320684
vt 0.985761 0.353168
vt 0.984211 0.336926
vt 0.241213 0.650390
vt 0.985761 0.369410
vt 0.984211 0.353168
vt 0.203946 0.657802
vt 0.240351 0.641637
vt 0.985761 0.385652
vt 0.984211 0.369410
vt 0.202354 0.641637
vt 0.241213 0.632885
vt 0.985761 0.401894
vt 0.984211 0.385652
vt 0.203946 0.625471
vt 0.243766 0.624468
vt 0.985761 0.418136
vt 0.984211 0.401894
vt 0.208661 0.609927
vt 0.247912 0.616712
vt 0.985761 0.434378
vt 0.984211 0.418136
vt 0.216318 0.595602
vt 0.253492 0.609914
vt 0.969762 0.254934
vt 0.971313 0.246139
vt 0.969763 0.237344
vt 0.969763 0.246139
vt 0.226623 0.583046
vt 0.260290 0.604334
vt 0.969764 0.228549
vt 0.971313 0.237344
vt 0.239180 0.572740
vt 0.268046 0.600188
vt 0.985761 0.450620
vt 0.984211 0.434378
vt 0.985761 0.466862
vt 0.984211 0.450620
vt 0.985761 0.483104
vt 0.984211 0.466862
vt 0.253505 0.565083
vt 0.276462 0.597635
vt 0.985761 0.499346
vt 0.984211 0.483104
vt 0.285215 0.558776
vt 0.285215 0.596773
vt 0.969764 0.210958
vt 0.971315 0.219753
vt 0.969764 0.219753
vt 0.971314 0.228549
vt 0.993286 0.134778
vt 0.991736 0.143573
vt 0.991736 0.134778
vt 0.293967 0.597635
vt 0.301380 0.560368
vt 0.993286 0.125983
vt 0.991736 0.125983
vt 0.316924 0.565083
vt 0.302383 0.600188
vt 0.347091 0.434107
vt 0.345542 0.450352
vt 0.345540 0.434108
vt 0.347093 0.450351
vt 0.345545 0.466596
vt 0.364085 0.002848
vt 0.372470 0.028344
vt 0.356926 0.023629
vt 0.340761 0.002848
vt 0.340761 0.022037
vt 0.984656 0.584748
vt 0.986436 0.562320
vt 0.986436 0.584748
vt 0.984656 0.608072
vt 0.986436 0.608072
vt 0.986436 0.631395
vt 0.986436 0.653823
vt 0.984656 0.631395
vt 0.309051 0.028344
vt 0.317436 0.002848
vt 0.324595 0.023629
vt 0.986436 0.674492
vt 0.984656 0.653823
vt 0.294725 0.036001
vt 0.295007 0.002848
vt 0.986437 0.710117
vt 0.984656 0.674492
vt 0.282169 0.046306
vt 0.274338 0.002848
vt 0.986436 0.752625
vt 0.984655 0.716995
vt 0.986436 0.716995
vt 0.984655 0.773296
vt 0.984655 0.752625
vt 0.271864 0.058863
vt 0.238711 0.059144
vt 0.238711 0.038475
vt 0.238711 0.002848
vt 0.986436 0.773296
vt 0.984655 0.795727
vt 0.264207 0.073188
vt 0.238711 0.081573
vt 0.986436 0.819053
vt 0.986436 0.795727
vt 0.259492 0.088732
vt 0.238711 0.104898
vt 0.986436 0.842379
vt 0.984655 0.819053
vt 0.986436 0.864808
vt 0.984655 0.842379
vt 0.264207 0.136607
vt 0.238711 0.128222
vt 0.259492 0.121063
vt 0.257899 0.104898
vt 0.986436 0.885480
vt 0.984655 0.864808
vt 0.271864 0.150933
vt 0.238711 0.150650
vt 0.986436 0.907833
vt 0.984655 0.885480
vt 0.282169 0.163489
vt 0.238711 0.171320
vt 0.502971 0.866659
vt 0.501191 0.831029
vt 0.502971 0.831029
vt 0.502971 0.887331
vt 0.501191 0.866659
vt 0.294725 0.173794
vt 0.295007 0.193671
vt 0.274337 0.193671
vt 0.238711 0.193671
vt 0.985761 0.288200
vt 0.984211 0.271958
vt 0.985761 0.271958
vt 0.984211 0.288200
vt 0.253505 0.718190
vt 0.260290 0.678939
vt 0.268046 0.683085
vt 0.239180 0.710533
vt 0.969763 0.334092
vt 0.971313 0.334092
vt 0.969763 0.342888
vt 0.971314 0.342887
vt 0.276462 0.685638
vt 0.969764 0.351683
vt 0.971315 0.351683
vt 0.285215 0.686501
vt 0.269049 0.722906
vt 0.985761 0.255716
vt 0.984211 0.239474
vt 0.985761 0.239474
vt 0.984211 0.255716
vt 0.333623 0.193671
vt 0.340761 0.187758
vt 0.340761 0.193671
vt 0.309051 0.181451
vt 0.317436 0.193671
vt 0.324595 0.186166
vt 0.502971 0.925950
vt 0.501191 0.909761
vt 0.502971 0.909761
vt 0.334579 0.197240
vt 0.681988 0.175276
vt 0.683768 0.178971
vt 0.681988 0.178971
vt 0.681988 0.171581
vt 0.683768 0.175276
vt 0.681988 0.167886
vt 0.683768 0.171581
vt 0.337192 0.199853
vt 0.340761 0.200809
vt 0.344329 0.199853
vt 0.683768 0.164191
vt 0.681988 0.164191
vt 0.683768 0.160497
vt 0.681988 0.160497
vt 0.346942 0.197240
vt 0.683768 0.156802
vt 0.681988 0.156802
vt 0.461116 0.908318
vt 0.459336 0.924505
vt 0.459336 0.908318
vt 0.356926 0.186166
vt 0.364085 0.193671
vt 0.347898 0.193671
vt 0.347096 0.206690
vt 0.345542 0.222934
vt 0.345545 0.206690
vt 0.347093 0.222935
vt 0.345540 0.239179
vt 0.372470 0.181451
vt 0.347091 0.239179
vt 0.345538 0.255423
vt 0.386795 0.173794
vt 0.386513 0.193671
vt 0.461116 0.885890
vt 0.459336 0.885890
vt 0.461116 0.865220
vt 0.459336 0.865220
vt 0.461117 0.829595
vt 0.459336 0.829595
vt 0.991457 0.261823
vt 0.993238 0.239474
vt 0.993237 0.261823
vt 0.399352 0.163489
vt 0.407183 0.193671
vt 0.442810 0.171320
vt 0.409657 0.150933
vt 0.347089 0.255423
vt 0.345537 0.271667
vt 0.347088 0.271667
vt 0.345536 0.287911
vt 0.347086 0.287911
vt 0.345534 0.304155
vt 0.442810 0.150650
vt 0.417314 0.136607
vt 0.347085 0.304155
vt 0.345533 0.320400
vt 0.442810 0.128222
vt 0.422029 0.121063
vt 0.991457 0.282493
vt 0.993237 0.282493
vt 0.991456 0.304920
vt 0.993237 0.304920
vt 0.991456 0.328243
vt 0.993237 0.328243
vt 0.991456 0.351567
vt 0.993237 0.351567
vt 0.442810 0.104898
vt 0.423621 0.104898
vt 0.422029 0.088732
vt 0.347084 0.320400
vt 0.345533 0.336644
vt 0.347084 0.336644
vt 0.345533 0.352888
vt 0.347084 0.352888
vt 0.345533 0.369132
vt 0.417314 0.073188
vt 0.442810 0.081573
vt 0.347084 0.369132
vt 0.345534 0.385376
vt 0.409657 0.058863
vt 0.442810 0.059144
vt 0.991456 0.373994
vt 0.993237 0.373994
vt 0.993237 0.394662
vt 0.991457 0.430286
vt 0.993238 0.430286
vt 0.984656 0.541651
vt 0.986437 0.506025
vt 0.986436 0.541651
vt 0.399352 0.046306
vt 0.442810 0.038475
vt 0.407183 0.002848
vt 0.386795 0.036001
vt 0.347085 0.385376
vt 0.345536 0.401620
vt 0.347086 0.401620
vt 0.345538 0.417864
vt 0.347088 0.417864
vt 0.386513 0.002848
vt 0.310140 0.604334
vt 0.343806 0.583046
vt 0.316938 0.609914
vt 0.331250 0.572740
vt 0.993286 0.117188
vt 0.991736 0.117188
vt 0.993286 0.108393
vt 0.991736 0.108393
vt 0.991736 0.099598
vt 0.993286 0.099598
vt 0.354111 0.595602
vt 0.322517 0.616712
vt 0.991736 0.090803
vt 0.993286 0.090803
vt 0.361768 0.609927
vt 0.326663 0.624468
vt 0.991736 0.082008
vt 0.993286 0.082008
vt 0.366484 0.625471
vt 0.329216 0.632885
vt 0.991736 0.073213
vt 0.993286 0.073213
vt 0.368075 0.641637
vt 0.330078 0.641637
vt 0.993286 0.064418
vt 0.991736 0.064418
vt 0.366484 0.657802
vt 0.329216 0.650390
vt 0.993286 0.055623
vt 0.991736 0.055623
vt 0.361768 0.673347
vt 0.326663 0.658805
vt 0.991736 0.046828
vt 0.993286 0.046828
vt 0.322517 0.666562
vt 0.354111 0.687672
vt 0.991736 0.038033
vt 0.993286 0.038033
vt 0.316938 0.673360
vt 0.343806 0.700228
vt 0.991736 0.029238
vt 0.993286 0.029238
vt 0.331250 0.710533
vt 0.310140 0.678939
vt 0.991736 0.020443
vt 0.993286 0.020443
vt 0.316924 0.718190
vt 0.302383 0.683085
vt 0.991736 0.011648
vt 0.993286 0.011648
vt 0.293967 0.685638
vt 0.301380 0.722906
vt 0.991736 0.002853
vt 0.993286 0.002853
vt 0.285215 0.724498
vt 0.568494 0.797024
vt 0.581364 0.811824
vt 0.570168 0.796330
vt 0.583917 0.803408
vt 0.397050 0.766612
vt 0.389562 0.768424
vt 0.389562 0.766612
vt 0.397050 0.768424
vt 0.389562 0.770237
vt 0.397050 0.770237
vt 0.389562 0.772049
vt 0.570862 0.794656
vt 0.584779 0.794656
vt 0.389562 0.773862
vt 0.397050 0.772049
vt 0.397050 0.773862
vt 0.583917 0.785903
vt 0.570168 0.792981
vt 0.581364 0.777487
vt 0.389562 0.775674
vt 0.568494 0.792287
vt 0.397050 0.761174
vt 0.389562 0.762987
vt 0.389562 0.761174
vt 0.193135 0.327849
vt 0.194948 0.327849
vt 0.194041 0.330037
vt 0.191854 0.329131
vt 0.191854 0.330943
vt 0.196229 0.329131
vt 0.193135 0.332225
vt 0.194948 0.332225
vt 0.196229 0.330943
vt 0.397050 0.764799
vt 0.389562 0.764799
vt 0.397050 0.762987
vt 0.984656 0.562320
vt 0.501191 0.887331
vt 0.162468 0.209082
vt 0.152847 0.207464
vt 0.162468 0.207464
vt 0.305036 0.037138
vt 0.306468 0.038396
vt 0.305449 0.038314
vt 0.162468 0.210701
vt 0.152847 0.209082
vt 0.303448 0.038409
vt 0.304645 0.038984
vt 0.305896 0.039586
vt 0.307168 0.039140
vt 0.306343 0.040857
vt 0.305323 0.040776
vt 0.304623 0.040031
vt 0.307147 0.040187
vt 0.308344 0.038729
vt 0.306994 0.037300
vt 0.308344 0.040762
vt 0.152847 0.205845
vt 0.162468 0.205845
vt 0.152847 0.204226
vt 0.162468 0.204226
vt 0.152848 0.202608
vt 0.162468 0.202608
vt 0.162468 0.200989
vt 0.152848 0.200988
vt 0.162468 0.213939
vt 0.152848 0.212320
vt 0.162468 0.212320
vt 0.152848 0.210702
vt 0.303448 0.040443
vt 0.304797 0.041871
vt 0.306756 0.042033
vt 0.337660 0.722476
vt 0.353009 0.714142
vt 0.353009 0.722476
vt 0.336340 0.734196
vt 0.351303 0.737612
vt 0.257930 0.402947
vt 0.260035 0.391153
vt 0.260035 0.402947
vt 0.260035 0.411281
vt 0.257930 0.411281
vt 0.984205 0.224417
vt 0.986028 0.232750
vt 0.984205 0.232750
vt 0.984205 0.209187
vt 0.986028 0.224417
vt 0.986028 0.193956
vt 0.984205 0.193956
vt 0.332444 0.745329
vt 0.346272 0.751989
vt 0.326169 0.755316
vt 0.338169 0.764886
vt 0.986028 0.178725
vt 0.984205 0.178725
vt 0.327398 0.775656
vt 0.317829 0.763656
vt 0.986028 0.163494
vt 0.984205 0.163494
vt 0.986028 0.148264
vt 0.984205 0.148264
vt 0.986028 0.133033
vt 0.984205 0.133033
vt 0.296709 0.773827
vt 0.314501 0.783760
vt 0.300124 0.788791
vt 0.307842 0.769931
vt 0.284988 0.790496
vt 0.284988 0.775148
vt 0.986028 0.117802
vt 0.984205 0.117802
vt 0.257930 0.320386
vt 0.260035 0.332181
vt 0.257930 0.332181
vt 0.260035 0.343975
vt 0.257930 0.343975
vt 0.260035 0.355770
vt 0.257930 0.355770
vt 0.260035 0.367564
vt 0.257930 0.367564
vt 0.260035 0.379359
vt 0.257930 0.379359
vt 0.257930 0.391153
vt 0.257930 0.308592
vt 0.260035 0.320386
vt 0.257930 0.296798
vt 0.260035 0.308592
vt 0.262135 0.769931
vt 0.269852 0.788791
vt 0.255475 0.783760
vt 0.273267 0.773827
vt 0.986028 0.087341
vt 0.984205 0.102572
vt 0.984205 0.087341
vt 0.986028 0.102572
vt 0.986028 0.072110
vt 0.984205 0.072110
vt 0.986028 0.056880
vt 0.984205 0.056880
vt 0.243808 0.755316
vt 0.242578 0.775656
vt 0.231807 0.764886
vt 0.252148 0.763656
vt 0.237532 0.745329
vt 0.223704 0.751989
vt 0.986028 0.041649
vt 0.984205 0.041649
vt 0.218673 0.737612
vt 0.233637 0.734196
vt 0.986028 0.026419
vt 0.984205 0.026419
vt 0.986028 0.011188
vt 0.984205 0.011188
vt 0.986028 0.002855
vt 0.216968 0.722476
vt 0.232316 0.714142
vt 0.232316 0.722476
vt 0.257930 0.237825
vt 0.260035 0.229492
vt 0.260035 0.237825
vt 0.260035 0.249619
vt 0.257930 0.249619
vt 0.260035 0.261414
vt 0.257930 0.261414
vt 0.260035 0.273209
vt 0.257930 0.273209
vt 0.257930 0.285003
vt 0.260035 0.285003
vt 0.260035 0.296798
vt 0.358800 0.691396
vt 0.373640 0.700067
vt 0.358800 0.700129
vt 0.721742 0.547949
vt 0.723516 0.533113
vt 0.723516 0.547949
vt 0.387030 0.691340
vt 0.387030 0.700072
vt 0.378396 0.720320
vt 0.390998 0.716973
vt 0.385470 0.736527
vt 0.977174 0.655105
vt 0.978947 0.634312
vt 0.978948 0.655106
vt 0.977174 0.672784
vt 0.978948 0.672784
vt 0.396901 0.730498
vt 0.395578 0.750332
vt 0.977174 0.689886
vt 0.978948 0.689886
vt 0.977174 0.706973
vt 0.978947 0.706973
vt 0.977173 0.723679
vt 0.978947 0.723679
vt 0.405336 0.742018
vt 0.408136 0.761929
vt 0.427761 0.758894
vt 0.422450 0.770557
vt 0.438233 0.775158
vt 0.440931 0.762735
vt 0.454536 0.776461
vt 0.977173 0.740112
vt 0.978947 0.740112
vt 0.977173 0.756461
vt 0.978947 0.756461
vt 0.978947 0.772809
vt 0.978947 0.789241
vt 0.977174 0.772809
vt 0.470839 0.775158
vt 0.481310 0.758894
vt 0.486621 0.770557
vt 0.468140 0.762735
vt 0.500935 0.761929
vt 0.503735 0.742018
vt 0.513493 0.750332
vt 0.978948 0.823035
vt 0.977174 0.805948
vt 0.978948 0.805948
vt 0.977174 0.789241
vt 0.978948 0.840138
vt 0.977174 0.823035
vt 0.978948 0.857815
vt 0.977174 0.840138
vt 0.978948 0.878611
vt 0.977174 0.857816
vt 0.271852 0.219870
vt 0.286687 0.218096
vt 0.286687 0.219870
vt 0.535431 0.700067
vt 0.550272 0.691396
vt 0.550272 0.700129
vt 0.530676 0.720320
vt 0.522041 0.700072
vt 0.522041 0.691340
vt 0.523602 0.736527
vt 0.518073 0.716973
vt 0.512170 0.730498
vt 0.564105 0.968273
vt 0.564654 0.961734
vt 0.564656 0.968273
vt 0.196732 0.918811
vt 0.197284 0.912272
vt 0.197283 0.918811
vt 0.196731 0.925350
vt 0.197282 0.925350
vt 0.711535 0.595338
vt 0.705871 0.592068
vt 0.717975 0.577642
vt 0.717975 0.596474
vt 0.724416 0.595338
vt 0.736520 0.574373
vt 0.736520 0.580912
vt 0.734283 0.587058
vt 0.730080 0.592068
vt 0.711535 0.559947
vt 0.717975 0.558812
vt 0.724416 0.559947
vt 0.730080 0.563217
vt 0.701667 0.587058
vt 0.699431 0.580912
vt 0.699431 0.574373
vt 0.701667 0.568227
vt 0.734283 0.568227
vt 0.705871 0.563217
vt 0.196730 0.938428
vt 0.197281 0.931889
vt 0.197280 0.938429
vt 0.196730 0.931889
vt 0.196730 0.944967
vt 0.197280 0.944967
vt 0.196730 0.951507
vt 0.197280 0.951506
vt 0.196730 0.958046
vt 0.197281 0.958046
vt 0.196732 0.964585
vt 0.197283 0.964585
vt 0.196733 0.971124
vt 0.197284 0.971124
vt 0.564103 0.915959
vt 0.564656 0.909420
vt 0.564654 0.915959
vt 0.564102 0.922498
vt 0.564653 0.922498
vt 0.564101 0.929037
vt 0.564652 0.929037
vt 0.564101 0.935577
vt 0.564651 0.935576
vt 0.564101 0.942116
vt 0.564651 0.942116
vt 0.564101 0.948655
vt 0.564652 0.948655
vt 0.564102 0.955194
vt 0.564652 0.955194
vt 0.564103 0.961734
vt 0.883557 0.686970
vt 0.882972 0.693512
vt 0.882972 0.686970
vt 0.883557 0.680429
vt 0.882972 0.680429
vt 0.883557 0.673888
vt 0.882972 0.673888
vt 0.649562 0.182580
vt 0.643898 0.179310
vt 0.656003 0.164885
vt 0.656003 0.183715
vt 0.662443 0.182580
vt 0.639695 0.174300
vt 0.674547 0.161615
vt 0.674547 0.168154
vt 0.672311 0.174300
vt 0.637458 0.168154
vt 0.637458 0.161615
vt 0.668107 0.179310
vt 0.883557 0.654266
vt 0.882972 0.660806
vt 0.882972 0.654266
vt 0.883557 0.660806
vt 0.882972 0.667347
vt 0.883557 0.667347
vt 0.883557 0.693512
vt 0.882972 0.700053
vt 0.883557 0.700053
vt 0.882972 0.706595
vt 0.883557 0.706595
vt 0.882972 0.713136
vt 0.883557 0.713136
vt 0.882972 0.719678
vt 0.752347 0.931305
vt 0.752932 0.937845
vt 0.752347 0.937845
vt 0.752932 0.944385
vt 0.752347 0.944385
vt 0.752347 0.950925
vt 0.752932 0.950925
vt 0.627801 0.382150
vt 0.621360 0.364455
vt 0.633464 0.378881
vt 0.621360 0.383286
vt 0.614920 0.382150
vt 0.637668 0.373871
vt 0.602816 0.361185
vt 0.602816 0.367725
vt 0.605053 0.373871
vt 0.639905 0.367725
vt 0.639905 0.361185
vt 0.609256 0.378881
vt 0.752347 0.964005
vt 0.752932 0.970545
vt 0.752347 0.970545
vt 0.752347 0.957465
vt 0.752932 0.964005
vt 0.752932 0.957465
vt 0.752347 0.924765
vt 0.752932 0.931305
vt 0.752932 0.918225
vt 0.752932 0.924765
vt 0.752347 0.911684
vt 0.752347 0.918224
vt 0.752347 0.905144
vt 0.752932 0.911684
vt 0.701340 0.165944
vt 0.700459 0.165349
vt 0.701340 0.165349
vt 0.572886 0.423356
vt 0.567416 0.424081
vt 0.567416 0.423356
vt 0.218162 0.525986
vt 0.218758 0.532639
vt 0.218162 0.532639
vt 0.063432 0.421694
vt 0.064156 0.416223
vt 0.064156 0.421694
vt 0.181014 0.169628
vt 0.181895 0.170224
vt 0.181014 0.170224
vt 0.313541 0.557940
vt 0.320194 0.557345
vt 0.320194 0.557940
vt 0.260116 0.425655
vt 0.257930 0.428324
vt 0.257930 0.425655
vt 0.260116 0.422986
vt 0.257930 0.422986
vt 0.260116 0.420317
vt 0.257930 0.420317
vt 0.294227 0.154574
vt 0.292809 0.156713
vt 0.292817 0.154959
vt 0.292980 0.152399
vt 0.291949 0.153435
vt 0.290777 0.155496
vt 0.290448 0.154919
vt 0.714046 0.403348
vt 0.715105 0.403879
vt 0.714639 0.404147
vt 0.713486 0.403874
vt 0.714247 0.404515
vt 0.304622 0.172128
vt 0.304622 0.171674
vt 0.305470 0.171901
vt 0.304849 0.172521
vt 0.305242 0.172748
vt 0.305697 0.172748
vt 0.306090 0.171280
vt 0.306317 0.171674
vt 0.306317 0.172128
vt 0.306090 0.172521
vt 0.304849 0.171280
vt 0.305242 0.171053
vt 0.305697 0.171053
vt 0.714046 0.408657
vt 0.714247 0.407490
vt 0.714639 0.407858
vt 0.715105 0.408126
vt 0.714713 0.409040
vt 0.287133 0.158205
vt 0.289205 0.157052
vt 0.288649 0.159087
vt 0.290403 0.159096
vt 0.289867 0.157056
vt 0.286087 0.159226
vt 0.288249 0.160494
vt 0.290762 0.160518
vt 0.260116 0.441671
vt 0.257930 0.444340
vt 0.257930 0.441671
vt 0.260116 0.444340
vt 0.257930 0.447009
vt 0.260116 0.447009
vt 0.257930 0.449679
vt 0.291924 0.158226
vt 0.292961 0.159274
vt 0.260116 0.417647
vt 0.257930 0.417647
vt 0.294227 0.157086
vt 0.290440 0.156728
vt 0.290773 0.156158
vt 0.715620 0.408279
vt 0.715450 0.409259
vt 0.714713 0.402964
vt 0.715620 0.403726
vt 0.260116 0.439001
vt 0.257930 0.439001
vt 0.260116 0.436332
vt 0.257930 0.436332
vt 0.284831 0.154533
vt 0.286256 0.156684
vt 0.284837 0.157051
vt 0.286252 0.154923
vt 0.288300 0.156142
vt 0.288631 0.156718
vt 0.712799 0.406766
vt 0.713952 0.407041
vt 0.713063 0.407488
vt 0.713486 0.408130
vt 0.712710 0.406002
vt 0.713768 0.406536
vt 0.287131 0.153387
vt 0.288300 0.155477
vt 0.713768 0.405469
vt 0.713705 0.406002
vt 0.289210 0.154576
vt 0.288632 0.154902
vt 0.288300 0.151098
vt 0.286084 0.152330
vt 0.260116 0.430994
vt 0.257930 0.433663
vt 0.257930 0.430994
vt 0.260116 0.433663
vt 0.260116 0.428324
vt 0.290436 0.152543
vt 0.288675 0.152522
vt 0.290817 0.151128
vt 0.289875 0.154582
vt 0.713063 0.404516
vt 0.713952 0.404964
vt 0.712799 0.405239
vt 0.783083 0.884660
vt 0.776772 0.880910
vt 0.783083 0.880910
vt 0.664262 0.579326
vt 0.660512 0.573016
vt 0.664262 0.573016
vt 0.051420 0.416229
vt 0.057729 0.419979
vt 0.051420 0.419979
vt 0.777268 0.772057
vt 0.783578 0.768307
vt 0.783578 0.772057
vt 0.198130 0.321615
vt 0.211348 0.317865
vt 0.211348 0.321615
vt 0.362711 0.038484
vt 0.375930 0.042234
vt 0.362711 0.042234
vt 0.618284 0.207591
vt 0.605066 0.203841
vt 0.618284 0.203841
vt 0.163320 0.036021
vt 0.167071 0.022802
vt 0.167071 0.036021
vt 0.409071 0.771152
vt 0.402761 0.774902
vt 0.402761 0.771152
vt 0.279210 0.632893
vt 0.285520 0.636643
vt 0.279210 0.636643
vt 0.111755 0.672801
vt 0.105445 0.676552
vt 0.105445 0.672801
vt 0.683614 0.803937
vt 0.677304 0.807687
vt 0.677304 0.803937
vt 0.312519 0.744969
vt 0.318829 0.741219
vt 0.318829 0.744969
vt 0.322685 0.722695
vt 0.328995 0.726445
vt 0.322685 0.726445
vt 0.252864 0.744075
vt 0.246554 0.747825
vt 0.246554 0.744075
vt 0.737725 0.737844
vt 0.731416 0.734094
vt 0.737725 0.734094
vt 0.314387 0.754049
vt 0.308077 0.757799
vt 0.308077 0.754049
vt 0.713141 0.813914
vt 0.719451 0.817664
vt 0.713141 0.817664
vt 0.480230 0.746925
vt 0.473920 0.750675
vt 0.473920 0.746925
vt 0.432079 0.750673
vt 0.425769 0.746923
vt 0.432079 0.746923
vt 0.346700 0.764035
vt 0.353010 0.767785
vt 0.346700 0.767785
vt 0.413578 0.513158
vt 0.417328 0.519468
vt 0.413578 0.519468
vt 0.725155 0.815340
vt 0.731465 0.819090
vt 0.725155 0.819090
vt 0.771573 0.772052
vt 0.765263 0.768302
vt 0.771573 0.768302
vt 0.365017 0.773482
vt 0.358707 0.769731
vt 0.365017 0.769731
vt 0.685669 0.751805
vt 0.681919 0.745495
vt 0.685669 0.745495
vt 0.476962 0.640013
vt 0.483272 0.643763
vt 0.476962 0.643763
vt 0.464944 0.642341
vt 0.471254 0.638591
vt 0.471254 0.642341
vt 0.169897 0.327844
vt 0.159351 0.331593
vt 0.159351 0.327844
vt 0.143106 0.327847
vt 0.153653 0.331597
vt 0.143106 0.331597
vt 0.655832 0.397690
vt 0.645285 0.401440
vt 0.645285 0.397690
vt 0.186153 0.331602
vt 0.175607 0.327852
vt 0.186153 0.327852
vt 0.600060 0.416670
vt 0.592060 0.413372
vt 0.600060 0.413372
vt 0.162281 0.140630
vt 0.165579 0.148629
vt 0.162281 0.148629
vt 0.601003 0.416401
vt 0.165311 0.139686
vt 0.165579 0.140630
vt 0.620201 0.392171
vt 0.621144 0.389142
vt 0.621144 0.392440
vt 0.629144 0.389142
vt 0.387020 0.157242
vt 0.386077 0.154212
vt 0.387020 0.153944
vt 0.395020 0.157242
vt 0.130936 0.202324
vt 0.128174 0.199562
vt 0.130936 0.199562
vt 0.701423 0.131139
vt 0.704721 0.139139
vt 0.701423 0.139139
vt 0.630515 0.161522
vt 0.622515 0.158224
vt 0.630515 0.158224
vt 0.701692 0.140082
vt 0.621572 0.161254
vt 0.621572 0.158492
vt 0.608184 0.137715
vt 0.605155 0.138659
vt 0.604887 0.137715
vt 0.608184 0.129716
vt 0.604887 0.129716
vt 0.721542 0.402838
vt 0.724572 0.403782
vt 0.721811 0.403782
vt 0.724840 0.402838
vt 0.721542 0.394839
vt 0.724840 0.394839
vt 0.583144 0.200894
vt 0.580382 0.198133
vt 0.583144 0.198133
vt 0.604930 0.027082
vt 0.612665 0.121926
vt 0.604901 0.121955
vt 0.615152 0.131338
vt 0.654984 0.121926
vt 0.705037 0.027082
vt 0.697303 0.121926
vt 0.694815 0.131338
vt 0.663513 0.156824
vt 0.654984 0.157429
vt 0.646455 0.156824
vt 0.638199 0.154685
vt 0.630710 0.150676
vt 0.624141 0.145287
vt 0.618853 0.138871
vt 0.691114 0.138871
vt 0.685827 0.145287
vt 0.679257 0.150676
vt 0.671769 0.154685
vt 0.705067 0.121955
vt 0.894805 0.213781
vt 0.895783 0.203807
vt 0.895785 0.213781
vt 0.896481 0.213781
vt 0.896482 0.219669
vt 0.895787 0.219704
vt 0.894808 0.219680
vt 0.280806 0.744419
vt 0.290768 0.749057
vt 0.280806 0.749057
vt 0.274887 0.749057
vt 0.274887 0.744403
vt 0.272792 0.750221
vt 0.272792 0.743239
vt 0.895028 0.222038
vt 0.896041 0.222156
vt 0.307745 0.667619
vt 0.306872 0.665918
vt 0.307876 0.665698
vt 0.271393 0.744403
vt 0.864345 0.695231
vt 0.865220 0.693533
vt 0.865348 0.695453
vt 0.614666 0.913313
vt 0.613900 0.910987
vt 0.614910 0.910866
vt 0.615359 0.913345
vt 0.866039 0.695411
vt 0.865246 0.690791
vt 0.865919 0.693514
vt 0.865373 0.689917
vt 0.865944 0.690833
vt 0.864241 0.693423
vt 0.864422 0.689962
vt 0.268803 0.745089
vt 0.268247 0.748982
vt 0.268247 0.744479
vt 0.271393 0.749057
vt 0.265229 0.746355
vt 0.384007 0.904492
vt 0.384090 0.908373
vt 0.383066 0.908393
vt 0.384075 0.909171
vt 0.383071 0.909157
vt 0.384029 0.912973
vt 0.382391 0.909241
vt 0.382369 0.908319
vt 0.383352 0.913141
vt 0.307774 0.670358
vt 0.308567 0.671153
vt 0.307904 0.671230
vt 0.308447 0.667638
vt 0.308470 0.670315
vt 0.306764 0.667729
vt 0.306954 0.671188
vt 0.896724 0.222087
vt 0.383314 0.904328
vt 0.615381 0.919221
vt 0.614683 0.919223
vt 0.615415 0.929350
vt 0.614714 0.929352
vt 0.588037 0.178246
vt 0.588450 0.168199
vt 0.588450 0.178246
vt 0.189835 0.216171
vt 0.190062 0.215222
vt 0.190441 0.215386
vt 0.613688 0.913341
vt 0.587464 0.178244
vt 0.588037 0.168199
vt 0.190001 0.216347
vt 0.190841 0.215796
vt 0.684011 0.423985
vt 0.694057 0.423742
vt 0.694058 0.423985
vt 0.684012 0.423440
vt 0.694058 0.423374
vt 0.694058 0.424286
vt 0.191000 0.216493
vt 0.684011 0.424286
vt 0.694058 0.425182
vt 0.684011 0.425182
vt 0.191045 0.217347
vt 0.190082 0.216638
vt 0.586749 0.168198
vt 0.586749 0.178244
vt 0.585894 0.178244
vt 0.585894 0.168198
vt 0.645646 0.241518
vt 0.646645 0.241373
vt 0.646486 0.242071
vt 0.645727 0.241228
vt 0.646689 0.240519
vt 0.645763 0.240333
vt 0.646734 0.239665
vt 0.585038 0.178244
vt 0.585038 0.168198
vt 0.647101 0.238110
vt 0.647429 0.239043
vt 0.584106 0.178244
vt 0.191456 0.219756
vt 0.191089 0.218201
vt 0.191784 0.218823
vt 0.190118 0.217533
vt 0.694058 0.427971
vt 0.684011 0.426279
vt 0.694058 0.426279
vt 0.193143 0.219663
vt 0.192715 0.218772
vt 0.694058 0.429660
vt 0.684011 0.427971
vt 0.648788 0.238203
vt 0.648360 0.239094
vt 0.694058 0.431200
vt 0.684011 0.429660
vt 0.649838 0.239330
vt 0.648982 0.239789
vt 0.582240 0.178244
vt 0.583173 0.168198
vt 0.583173 0.178244
vt 0.584106 0.168198
vt 0.194193 0.218537
vt 0.193337 0.218077
vt 0.581276 0.168198
vt 0.582240 0.168198
vt 0.194193 0.216810
vt 0.581276 0.178244
vt 0.580377 0.168198
vt 0.193271 0.217115
vt 0.193054 0.215669
vt 0.764499 0.571661
vt 0.765470 0.561615
vt 0.765470 0.571661
vt 0.694058 0.432927
vt 0.684011 0.434539
vt 0.684011 0.432927
vt 0.648916 0.240751
vt 0.648699 0.242197
vt 0.648238 0.241342
vt 0.684011 0.431200
vt 0.649838 0.241056
vt 0.645512 0.241739
vt 0.646086 0.242480
vt 0.645707 0.242645
vt 0.290852 0.744320
vt 0.296779 0.749057
vt 0.613791 0.935295
vt 0.614729 0.935310
vt 0.298877 0.743239
vt 0.298877 0.750221
vt 0.613881 0.937630
vt 0.614899 0.937785
vt 0.615429 0.935286
vt 0.615591 0.937740
vt 0.879049 0.726050
vt 0.879870 0.724170
vt 0.879750 0.726069
vt 0.879774 0.728749
vt 0.879077 0.728792
vt 0.878067 0.726160
vt 0.878175 0.724347
vt 0.879179 0.724127
vt 0.878257 0.729622
vt 0.879207 0.729664
vt 0.879870 0.729588
vt 0.476131 0.913371
vt 0.476073 0.917210
vt 0.475120 0.913355
vt 0.474429 0.913436
vt 0.474442 0.912508
vt 0.475128 0.912588
vt 0.475385 0.908561
vt 0.476071 0.908725
vt 0.476144 0.912567
vt 0.503747 0.722143
vt 0.502926 0.721310
vt 0.503878 0.721269
vt 0.504543 0.721347
vt 0.504444 0.722188
vt 0.502739 0.724780
vt 0.503719 0.724888
vt 0.504418 0.724869
vt 0.504543 0.726764
vt 0.503853 0.726809
vt 0.895783 0.197760
vt 0.896724 0.195363
vt 0.896482 0.197795
vt 0.502849 0.726592
vt 0.895020 0.195413
vt 0.896037 0.195294
vt 0.300277 0.744403
vt 0.300277 0.749057
vt 0.302871 0.745089
vt 0.302871 0.748372
vt 0.896484 0.203807
vt 0.894799 0.203807
vt 0.303427 0.744479
vt 0.303427 0.748982
vt 0.306446 0.747105
vt 0.652961 0.576831
vt 0.653835 0.582148
vt 0.652074 0.577121
vt 0.610787 0.424290
vt 0.606867 0.423357
vt 0.610787 0.423357
vt 0.753490 0.576422
vt 0.758797 0.580343
vt 0.753490 0.580343
vt 0.606867 0.424290
vt 0.595980 0.423357
vt 0.753490 0.565536
vt 0.758797 0.576422
vt 0.753087 0.576423
vt 0.753087 0.580343
vt 0.753087 0.565537
vt 0.752850 0.576424
vt 0.752880 0.580344
vt 0.752850 0.565538
vt 0.636642 0.388154
vt 0.637231 0.387298
vt 0.637594 0.388005
vt 0.638319 0.398909
vt 0.639272 0.398761
vt 0.752488 0.576428
vt 0.636461 0.387840
vt 0.636595 0.386703
vt 0.751927 0.576432
vt 0.752489 0.580346
vt 0.751928 0.580348
vt 0.636047 0.387462
vt 0.636016 0.385972
vt 0.750376 0.576432
vt 0.750377 0.580348
vt 0.635106 0.386230
vt 0.636125 0.385045
vt 0.748720 0.576432
vt 0.748720 0.580349
vt 0.635299 0.384584
vt 0.636856 0.384467
vt 0.747062 0.576433
vt 0.747063 0.580349
vt 0.745406 0.576433
vt 0.745407 0.580350
vt 0.638244 0.383749
vt 0.637783 0.384575
vt 0.531398 0.849190
vt 0.532331 0.845274
vt 0.532331 0.849190
vt 0.530465 0.849190
vt 0.531398 0.845274
vt 0.529533 0.849190
vt 0.530466 0.845274
vt 0.638361 0.385307
vt 0.528600 0.849190
vt 0.529533 0.845274
vt 0.639121 0.386565
vt 0.638253 0.386234
vt 0.742225 0.576434
vt 0.743750 0.580350
vt 0.742226 0.580350
vt 0.743749 0.576433
vt 0.694816 0.440454
vt 0.693886 0.444370
vt 0.693886 0.440454
vt 0.650656 0.574286
vt 0.651583 0.573146
vt 0.651562 0.574078
vt 0.651914 0.571619
vt 0.652257 0.572500
vt 0.653189 0.572522
vt 0.654716 0.572853
vt 0.653834 0.573196
vt 0.533264 0.845274
vt 0.533264 0.849190
vt 0.654679 0.574510
vt 0.653813 0.574128
vt 0.653576 0.575600
vt 0.653139 0.574773
vt 0.534196 0.845274
vt 0.534196 0.849190
vt 0.535067 0.845275
vt 0.653113 0.575917
vt 0.652426 0.575273
vt 0.535862 0.845278
vt 0.535067 0.849194
vt 0.652881 0.576232
vt 0.651968 0.575923
vt 0.651922 0.576438
vt 0.535862 0.849198
vt 0.536378 0.845278
vt 0.536378 0.849199
vt 0.652870 0.576439
vt 0.535862 0.860083
vt 0.536378 0.860085
vt 0.535862 0.864001
vt 0.536378 0.864002
vt 0.535067 0.863999
vt 0.535067 0.860080
vt 0.110248 0.363640
vt 0.109942 0.364632
vt 0.109468 0.363793
vt 0.534196 0.863997
vt 0.534196 0.860076
vt 0.111109 0.363770
vt 0.110299 0.364580
vt 0.751928 0.561625
vt 0.752488 0.565542
vt 0.751927 0.565545
vt 0.752489 0.561623
vt 0.752880 0.561620
vt 0.112042 0.363770
vt 0.110854 0.364670
vt 0.750377 0.561624
vt 0.750376 0.565545
vt 0.112701 0.363111
vt 0.112404 0.364645
vt 0.748720 0.561624
vt 0.748720 0.565545
vt 0.747063 0.561624
vt 0.747063 0.565544
vt 0.113575 0.361816
vt 0.112701 0.362178
vt 0.532331 0.863997
vt 0.533263 0.860076
vt 0.533264 0.863997
vt 0.531398 0.863997
vt 0.532331 0.860076
vt 0.530465 0.863997
vt 0.531398 0.860076
vt 0.112394 0.360668
vt 0.112042 0.361518
vt 0.529533 0.863997
vt 0.530465 0.860076
vt 0.110777 0.360716
vt 0.111109 0.361518
vt 0.743797 0.565552
vt 0.745407 0.561623
vt 0.745415 0.565544
vt 0.742226 0.561660
vt 0.742304 0.565581
vt 0.109701 0.361752
vt 0.110449 0.362178
vt 0.314038 0.042315
vt 0.317958 0.041453
vt 0.317958 0.042315
vt 0.300455 0.517236
vt 0.299529 0.516095
vt 0.300434 0.516303
vt 0.528600 0.863997
vt 0.529533 0.860076
vt 0.300787 0.518762
vt 0.301129 0.517880
vt 0.302062 0.517859
vt 0.302706 0.517185
vt 0.302443 0.518725
vt 0.303552 0.515871
vt 0.302686 0.516253
vt 0.302449 0.514781
vt 0.302012 0.515608
vt 0.301986 0.514464
vt 0.301299 0.515107
vt 0.301754 0.514149
vt 0.300841 0.514457
vt 0.300794 0.513943
vt 0.753087 0.561620
vt 0.300947 0.513260
vt 0.301743 0.513942
vt 0.758797 0.561619
vt 0.758797 0.565536
vt 0.302707 0.508232
vt 0.301834 0.513549
vt 0.595981 0.424290
vt 0.592064 0.423357
vt 0.673432 0.181779
vt 0.674353 0.181536
vt 0.673917 0.181984
vt 0.674150 0.181051
vt 0.674976 0.181534
vt 0.674672 0.182282
vt 0.673924 0.182602
vt 0.675424 0.181963
vt 0.675431 0.182591
vt 0.674994 0.183027
vt 0.674361 0.183021
vt 0.675920 0.182793
vt 0.675920 0.181759
vt 0.493613 0.734541
vt 0.473919 0.735474
vt 0.473919 0.734541
vt 0.493613 0.733608
vt 0.473919 0.733609
vt 0.398645 0.054912
vt 0.397733 0.054674
vt 0.397927 0.054184
vt 0.398645 0.055945
vt 0.398157 0.055121
vt 0.397099 0.054673
vt 0.473919 0.732668
vt 0.493613 0.732668
vt 0.396896 0.054190
vt 0.396651 0.055081
vt 0.396158 0.054877
vt 0.493613 0.740113
vt 0.473919 0.739205
vt 0.493613 0.739205
vt 0.674161 0.183509
vt 0.675193 0.183512
vt 0.673433 0.182812
vt 0.493613 0.738272
vt 0.473919 0.738272
vt 0.493613 0.737340
vt 0.396156 0.055911
vt 0.397066 0.056152
vt 0.396874 0.056640
vt 0.396637 0.055701
vt 0.397688 0.056171
vt 0.397897 0.056657
vt 0.493613 0.736406
vt 0.473919 0.737340
vt 0.473919 0.736406
vt 0.397397 0.055415
vt 0.398144 0.055744
vt 0.493613 0.735474
vt 0.675172 0.181047
vt 0.570543 0.926494
vt 0.571522 0.916520
vt 0.571523 0.926494
vt 0.572219 0.926494
vt 0.572220 0.932383
vt 0.571525 0.932417
vt 0.570546 0.932393
vt 0.331368 0.031699
vt 0.341330 0.036337
vt 0.331368 0.036337
vt 0.325450 0.036338
vt 0.325450 0.031684
vt 0.323354 0.037502
vt 0.323354 0.030520
vt 0.570767 0.934751
vt 0.571779 0.934869
vt 0.375404 0.733186
vt 0.374530 0.731485
vt 0.375534 0.731264
vt 0.321955 0.031684
vt 0.260071 0.671000
vt 0.260945 0.669301
vt 0.261074 0.671222
vt 0.544218 0.911887
vt 0.543452 0.909561
vt 0.544462 0.909440
vt 0.544912 0.911919
vt 0.261644 0.669283
vt 0.261764 0.671179
vt 0.260971 0.666560
vt 0.261764 0.665758
vt 0.261669 0.666602
vt 0.259966 0.669192
vt 0.260147 0.665731
vt 0.261099 0.665685
vt 0.319365 0.032369
vt 0.318809 0.036262
vt 0.318809 0.031759
vt 0.321955 0.036338
vt 0.315791 0.033636
vt 0.468459 0.908728
vt 0.468541 0.912609
vt 0.467518 0.912629
vt 0.468527 0.913407
vt 0.467523 0.913393
vt 0.468481 0.917209
vt 0.466842 0.913477
vt 0.466821 0.912555
vt 0.467804 0.917376
vt 0.375432 0.735925
vt 0.376225 0.736720
vt 0.375562 0.736796
vt 0.376105 0.733204
vt 0.376128 0.735881
vt 0.374422 0.733296
vt 0.374612 0.736754
vt 0.572462 0.934800
vt 0.467766 0.908564
vt 0.544934 0.917795
vt 0.544236 0.917797
vt 0.544267 0.927926
vt 0.544967 0.927924
vt 0.676476 0.394912
vt 0.676889 0.384865
vt 0.676889 0.394912
vt 0.380629 0.164869
vt 0.380857 0.163920
vt 0.381236 0.164085
vt 0.543241 0.911915
vt 0.675903 0.394910
vt 0.676476 0.384865
vt 0.380796 0.165046
vt 0.381636 0.164494
vt 0.274357 0.067627
vt 0.284403 0.067384
vt 0.284404 0.067627
vt 0.274358 0.067083
vt 0.284403 0.067016
vt 0.284404 0.067929
vt 0.381795 0.165191
vt 0.274357 0.067929
vt 0.284404 0.068824
vt 0.274357 0.068824
vt 0.381839 0.166045
vt 0.380877 0.165336
vt 0.675188 0.384864
vt 0.675188 0.394910
vt 0.674333 0.394910
vt 0.674333 0.384864
vt 0.591473 0.241516
vt 0.592472 0.241371
vt 0.592314 0.242068
vt 0.591554 0.241226
vt 0.592517 0.240517
vt 0.591590 0.240331
vt 0.592561 0.239663
vt 0.673478 0.394910
vt 0.673478 0.384864
vt 0.592928 0.238107
vt 0.593256 0.239041
vt 0.672545 0.394910
vt 0.382251 0.168455
vt 0.381884 0.166899
vt 0.382579 0.167521
vt 0.380913 0.166231
vt 0.284404 0.071613
vt 0.274357 0.069921
vt 0.284404 0.069921
vt 0.383510 0.167470
vt 0.284404 0.073302
vt 0.274357 0.071613
vt 0.594187 0.239092
vt 0.284404 0.074842
vt 0.274357 0.073302
vt 0.595665 0.239327
vt 0.594810 0.239786
vt 0.670679 0.394910
vt 0.671612 0.384864
vt 0.671612 0.394910
vt 0.672545 0.384864
vt 0.384988 0.167235
vt 0.384132 0.166775
vt 0.669716 0.384864
vt 0.670679 0.384864
vt 0.384988 0.165508
vt 0.669716 0.394910
vt 0.668816 0.384864
vt 0.384066 0.165814
vt 0.383849 0.164368
vt 0.820158 0.728458
vt 0.821129 0.718411
vt 0.821129 0.728458
vt 0.284404 0.076569
vt 0.274357 0.078181
vt 0.274357 0.076569
vt 0.594743 0.240748
vt 0.594526 0.242194
vt 0.594065 0.241339
vt 0.274357 0.074842
vt 0.595665 0.241053
vt 0.591339 0.241737
vt 0.591913 0.242477
vt 0.591534 0.242642
vt 0.341414 0.031600
vt 0.347341 0.036337
vt 0.543343 0.933869
vt 0.544282 0.933884
vt 0.349439 0.030520
vt 0.349439 0.037502
vt 0.543434 0.936205
vt 0.544451 0.936359
vt 0.544982 0.933860
vt 0.545143 0.936314
vt 0.269800 0.128811
vt 0.270621 0.126931
vt 0.270501 0.128829
vt 0.270524 0.131510
vt 0.269828 0.131553
vt 0.268818 0.128920
vt 0.268925 0.127108
vt 0.269930 0.126888
vt 0.269008 0.132383
vt 0.269958 0.132425
vt 0.270621 0.132348
vt 0.376483 0.909101
vt 0.376424 0.912940
vt 0.375472 0.909085
vt 0.375740 0.913107
vt 0.374781 0.909166
vt 0.374793 0.908238
vt 0.375479 0.908317
vt 0.375737 0.904291
vt 0.376422 0.904455
vt 0.376495 0.908297
vt 0.217937 0.702194
vt 0.217115 0.701361
vt 0.218068 0.701320
vt 0.218732 0.701398
vt 0.218634 0.702239
vt 0.216929 0.704831
vt 0.217908 0.704939
vt 0.218607 0.704920
vt 0.218732 0.706815
vt 0.218042 0.706860
vt 0.571521 0.910473
vt 0.572462 0.908076
vt 0.572220 0.910508
vt 0.217038 0.706643
vt 0.570758 0.908126
vt 0.571775 0.908007
vt 0.350839 0.031684
vt 0.350839 0.036338
vt 0.353433 0.032370
vt 0.353433 0.035652
vt 0.572222 0.916520
vt 0.570537 0.916520
vt 0.353989 0.031760
vt 0.353989 0.036262
vt 0.357008 0.033636
vt 0.357008 0.034386
vt 0.361101 0.592514
vt 0.361975 0.597831
vt 0.360214 0.592803
vt 0.625617 0.585354
vt 0.621696 0.584420
vt 0.625617 0.584420
vt 0.280007 0.670503
vt 0.285313 0.674424
vt 0.280007 0.674424
vt 0.621696 0.585354
vt 0.610810 0.584420
vt 0.280007 0.659617
vt 0.285313 0.670503
vt 0.279604 0.670504
vt 0.279604 0.674424
vt 0.279604 0.659618
vt 0.279366 0.670505
vt 0.279397 0.674425
vt 0.279366 0.659619
vt 0.646841 0.353947
vt 0.647429 0.353092
vt 0.647793 0.353799
vt 0.648518 0.364704
vt 0.649470 0.364555
vt 0.279004 0.670509
vt 0.646660 0.353634
vt 0.646794 0.352497
vt 0.278444 0.670512
vt 0.279006 0.674427
vt 0.278444 0.674429
vt 0.646246 0.353256
vt 0.646215 0.351766
vt 0.276893 0.670513
vt 0.276894 0.674429
vt 0.645498 0.350378
vt 0.646323 0.350839
vt 0.275236 0.670513
vt 0.275237 0.674430
vt 0.646797 0.349351
vt 0.647055 0.350261
vt 0.273579 0.670514
vt 0.273580 0.674430
vt 0.271922 0.670514
vt 0.271923 0.674430
vt 0.648443 0.349543
vt 0.647982 0.350370
vt 0.873105 0.405892
vt 0.874038 0.401975
vt 0.874038 0.405892
vt 0.872172 0.405892
vt 0.873105 0.401975
vt 0.871240 0.405892
vt 0.872173 0.401975
vt 0.648560 0.351102
vt 0.870307 0.405892
vt 0.871240 0.401975
vt 0.649320 0.352360
vt 0.648452 0.352028
vt 0.268742 0.670514
vt 0.270266 0.674431
vt 0.268743 0.674431
vt 0.270265 0.670514
vt 0.662467 0.397694
vt 0.661538 0.401610
vt 0.661538 0.397694
vt 0.358796 0.589968
vt 0.359723 0.588828
vt 0.359701 0.589760
vt 0.360054 0.587301
vt 0.360397 0.588183
vt 0.361329 0.588204
vt 0.361711 0.587339
vt 0.361974 0.588879
vt 0.874971 0.401975
vt 0.874971 0.405892
vt 0.362856 0.588536
vt 0.361953 0.589811
vt 0.361716 0.591282
vt 0.361279 0.590456
vt 0.875903 0.401975
vt 0.875903 0.405892
vt 0.876774 0.401977
vt 0.361253 0.591600
vt 0.360566 0.590956
vt 0.877569 0.401979
vt 0.876774 0.405896
vt 0.361021 0.591915
vt 0.360108 0.591606
vt 0.360061 0.592120
vt 0.877569 0.405899
vt 0.878086 0.401980
vt 0.878086 0.405900
vt 0.361010 0.592122
vt 0.877569 0.416785
vt 0.878086 0.416786
vt 0.877569 0.420703
vt 0.878086 0.420703
vt 0.876774 0.420701
vt 0.876774 0.416781
vt 0.280881 0.060022
vt 0.280575 0.061015
vt 0.280101 0.060176
vt 0.875903 0.420698
vt 0.875903 0.416778
vt 0.281742 0.060153
vt 0.280933 0.060962
vt 0.278444 0.655705
vt 0.279005 0.659623
vt 0.278443 0.659626
vt 0.279005 0.655703
vt 0.279397 0.655701
vt 0.282675 0.060153
vt 0.281487 0.061053
vt 0.276894 0.655705
vt 0.276893 0.659626
vt 0.284209 0.059856
vt 0.283334 0.059494
vt 0.275237 0.655705
vt 0.275236 0.659625
vt 0.273580 0.655704
vt 0.273579 0.659625
vt 0.284209 0.058199
vt 0.283334 0.058561
vt 0.874038 0.420699
vt 0.874971 0.416778
vt 0.874971 0.420698
vt 0.873105 0.420699
vt 0.874038 0.416778
vt 0.872172 0.420699
vt 0.873105 0.416778
vt 0.283027 0.057051
vt 0.282675 0.057901
vt 0.871240 0.420699
vt 0.872172 0.416778
vt 0.281410 0.057099
vt 0.281742 0.057901
vt 0.270314 0.659633
vt 0.271923 0.655704
vt 0.271932 0.659625
vt 0.268743 0.655741
vt 0.268821 0.659662
vt 0.280334 0.058134
vt 0.281083 0.058561
vt 0.931393 0.314574
vt 0.935314 0.313712
vt 0.935314 0.314574
vt 0.235057 0.565702
vt 0.234130 0.564561
vt 0.235036 0.564769
vt 0.870307 0.420699
vt 0.871240 0.416778
vt 0.235388 0.567228
vt 0.235731 0.566346
vt 0.236663 0.566325
vt 0.237308 0.565651
vt 0.237045 0.567191
vt 0.237287 0.564719
vt 0.238190 0.565994
vt 0.237050 0.563247
vt 0.236613 0.564074
vt 0.236587 0.562930
vt 0.235901 0.563574
vt 0.236355 0.562615
vt 0.235442 0.562924
vt 0.235396 0.562409
vt 0.279604 0.655701
vt 0.235548 0.561727
vt 0.236344 0.562408
vt 0.285313 0.655700
vt 0.285313 0.659617
vt 0.237309 0.556699
vt 0.236436 0.562015
vt 0.610811 0.585353
vt 0.606894 0.584420
vt 0.195202 0.024963
vt 0.196123 0.024720
vt 0.195687 0.025167
vt 0.195919 0.024234
vt 0.196745 0.024717
vt 0.196442 0.025466
vt 0.195694 0.025785
vt 0.197194 0.025147
vt 0.197201 0.025774
vt 0.196764 0.026210
vt 0.196131 0.026204
vt 0.197691 0.025977
vt 0.197691 0.024943
vt 0.760822 0.589148
vt 0.741128 0.590081
vt 0.741128 0.589148
vt 0.760822 0.588215
vt 0.741128 0.588215
vt 0.182626 0.067740
vt 0.181714 0.067503
vt 0.181908 0.067013
vt 0.182626 0.068773
vt 0.182139 0.067949
vt 0.181080 0.067502
vt 0.741128 0.587275
vt 0.760822 0.587275
vt 0.180877 0.067019
vt 0.180633 0.067910
vt 0.180139 0.067706
vt 0.760822 0.594720
vt 0.741128 0.593812
vt 0.760822 0.593812
vt 0.195931 0.026692
vt 0.196963 0.026696
vt 0.195203 0.025996
vt 0.760822 0.592879
vt 0.741128 0.592879
vt 0.760822 0.591946
vt 0.180138 0.068740
vt 0.181047 0.068980
vt 0.180856 0.069469
vt 0.180619 0.068529
vt 0.181669 0.069000
vt 0.181879 0.069486
vt 0.760822 0.591013
vt 0.741128 0.591946
vt 0.741128 0.591013
vt 0.181378 0.068243
vt 0.182125 0.068573
vt 0.760822 0.590081
vt 0.196942 0.024230
vt 0.531471 0.739499
vt 0.532214 0.734196
vt 0.532398 0.739487
vt 0.471258 0.781136
vt 0.470082 0.786074
vt 0.470082 0.781136
vt 0.140456 0.206806
vt 0.147140 0.211744
vt 0.140456 0.211744
vt 0.471258 0.786074
vt 0.470082 0.799785
vt 0.140456 0.193094
vt 0.147140 0.206806
vt 0.139948 0.206806
vt 0.139949 0.211744
vt 0.139948 0.193095
vt 0.139649 0.206808
vt 0.139688 0.211745
vt 0.139650 0.193096
vt 0.684462 0.385149
vt 0.684766 0.386135
vt 0.683991 0.385983
vt 0.322738 0.801967
vt 0.321525 0.788256
vt 0.322738 0.788256
vt 0.139193 0.206813
vt 0.684818 0.385201
vt 0.685622 0.386005
vt 0.138487 0.206817
vt 0.139195 0.211748
vt 0.138488 0.211750
vt 0.685368 0.385111
vt 0.686549 0.386006
vt 0.136534 0.206818
vt 0.136535 0.211751
vt 0.686908 0.385137
vt 0.687204 0.386661
vt 0.134447 0.206818
vt 0.134448 0.211751
vt 0.688073 0.387948
vt 0.687204 0.387588
vt 0.132360 0.206819
vt 0.132361 0.211752
vt 0.130273 0.206819
vt 0.130274 0.211752
vt 0.686908 0.389112
vt 0.686549 0.388243
vt 0.461946 0.737604
vt 0.463121 0.732671
vt 0.463121 0.737604
vt 0.460771 0.737604
vt 0.461946 0.732671
vt 0.459596 0.737604
vt 0.460771 0.732671
vt 0.685262 0.389112
vt 0.685622 0.388243
vt 0.130258 0.915121
vt 0.131449 0.920054
vt 0.130258 0.920054
vt 0.128186 0.206819
vt 0.128187 0.211753
vt 0.532398 0.744023
vt 0.530859 0.743817
vt 0.531690 0.743404
vt 0.530923 0.744755
vt 0.529981 0.743521
vt 0.529362 0.744230
vt 0.529569 0.742691
vt 0.464296 0.732671
vt 0.464296 0.737604
vt 0.529155 0.741194
vt 0.529864 0.741812
vt 0.530524 0.740486
vt 0.530694 0.741400
vt 0.465471 0.732671
vt 0.465471 0.737604
vt 0.466567 0.732673
vt 0.531057 0.740322
vt 0.531518 0.741135
vt 0.467569 0.732676
vt 0.466567 0.737608
vt 0.531370 0.740091
vt 0.532145 0.740654
vt 0.532342 0.740180
vt 0.467569 0.737613
vt 0.468219 0.732677
vt 0.468219 0.737615
vt 0.531442 0.739899
vt 0.467569 0.751325
vt 0.468219 0.751326
vt 0.467569 0.756259
vt 0.468219 0.756260
vt 0.466567 0.756256
vt 0.466567 0.751320
vt 0.245626 0.560327
vt 0.245321 0.561313
vt 0.244851 0.560479
vt 0.465471 0.756254
vt 0.465471 0.751316
vt 0.246481 0.560457
vt 0.245677 0.561261
vt 0.138488 0.188167
vt 0.139194 0.193101
vt 0.138487 0.193105
vt 0.139195 0.188165
vt 0.139687 0.188162
vt 0.247409 0.560457
vt 0.246228 0.561351
vt 0.136535 0.188167
vt 0.136534 0.193105
vt 0.248064 0.559801
vt 0.247768 0.561326
vt 0.134448 0.188166
vt 0.134447 0.193105
vt 0.132361 0.188166
vt 0.132360 0.193104
vt 0.248933 0.558514
vt 0.248064 0.558874
vt 0.463121 0.756254
vt 0.464296 0.751316
vt 0.464296 0.756254
vt 0.461946 0.756254
vt 0.463121 0.751316
vt 0.460771 0.756254
vt 0.461946 0.751316
vt 0.247759 0.557373
vt 0.247409 0.558219
vt 0.459596 0.756254
vt 0.460771 0.751316
vt 0.246151 0.557422
vt 0.246481 0.558219
vt 0.128247 0.193114
vt 0.130274 0.188165
vt 0.130285 0.193104
vt 0.184178 0.024059
vt 0.189116 0.022965
vt 0.189116 0.024059
vt 0.405265 0.713872
vt 0.406804 0.713666
vt 0.406095 0.714284
vt 0.404386 0.714167
vt 0.405329 0.712934
vt 0.403975 0.714998
vt 0.403768 0.713459
vt 0.403561 0.716494
vt 0.404270 0.715876
vt 0.404929 0.717202
vt 0.405100 0.716289
vt 0.405462 0.717367
vt 0.405924 0.716553
vt 0.405776 0.717597
vt 0.406550 0.717034
vt 0.406747 0.717508
vt 0.139948 0.188161
vt 0.406804 0.718201
vt 0.405848 0.717790
vt 0.140456 0.188161
vt 0.147140 0.193094
vt 0.406620 0.723492
vt 0.405877 0.718190
vt 0.471258 0.799785
vt 0.470082 0.804718
vt 0.699787 0.208112
vt 0.699487 0.208988
vt 0.699082 0.208820
vt 0.700620 0.208516
vt 0.699956 0.208517
vt 0.700289 0.209314
vt 0.701092 0.208984
vt 0.701092 0.209649
vt 0.700628 0.210114
vt 0.699952 0.210097
vt 0.699489 0.209649
vt 0.701498 0.208814
vt 0.700786 0.208111
vt 0.379163 0.746924
vt 0.380338 0.772136
vt 0.379163 0.772136
vt 0.377988 0.746924
vt 0.377988 0.772136
vt 0.630359 0.169937
vt 0.629957 0.169121
vt 0.630359 0.168936
vt 0.629649 0.170642
vt 0.629941 0.169785
vt 0.629503 0.168645
vt 0.629653 0.168229
vt 0.376813 0.746924
vt 0.376813 0.772136
vt 0.628827 0.168648
vt 0.375628 0.772136
vt 0.375628 0.746924
vt 0.701498 0.209815
vt 0.699784 0.210500
vt 0.700792 0.210522
vt 0.699084 0.209821
vt 0.374485 0.772136
vt 0.374485 0.746924
vt 0.382687 0.746924
vt 0.383862 0.772136
vt 0.382688 0.772136
vt 0.627944 0.168932
vt 0.628338 0.169747
vt 0.627944 0.169933
vt 0.628646 0.168254
vt 0.628353 0.169086
vt 0.629147 0.169438
vt 0.628796 0.170227
vt 0.629460 0.170243
vt 0.628650 0.170640
vt 0.380338 0.746924
vt 0.381513 0.772136
vt 0.381512 0.746924
vt 0.322693 0.917671
vt 0.321517 0.930373
vt 0.321517 0.917671
vt 0.322693 0.912277
vt 0.885035 0.915096
vt 0.884217 0.920388
vt 0.884108 0.915095
vt 0.364490 0.575305
vt 0.357806 0.580699
vt 0.357806 0.575305
vt 0.357299 0.575306
vt 0.357299 0.580701
vt 0.885069 0.914697
vt 0.884174 0.914402
vt 0.357038 0.575308
vt 0.357038 0.580705
vt 0.885144 0.914505
vt 0.884377 0.913931
vt 0.209103 0.742341
vt 0.210317 0.736944
vt 0.210317 0.742341
vt 0.651140 0.463385
vt 0.650808 0.464387
vt 0.650365 0.463538
vt 0.356999 0.562608
vt 0.356543 0.562620
vt 0.702123 0.360636
vt 0.700909 0.365889
vt 0.700909 0.360636
vt 0.569271 0.393701
vt 0.569575 0.394687
vt 0.568800 0.394535
vt 0.357299 0.562604
vt 0.356999 0.557356
vt 0.357299 0.557348
vt 0.753222 0.804223
vt 0.752233 0.804297
vt 0.753129 0.804005
vt 0.357806 0.562603
vt 0.357806 0.557345
vt 0.752169 0.803584
vt 0.753096 0.803606
vt 0.219038 0.561178
vt 0.219688 0.555930
vt 0.219688 0.561183
vt 0.218131 0.561177
vt 0.219038 0.555922
vt 0.219038 0.573880
vt 0.218156 0.579273
vt 0.218156 0.573879
vt 0.219688 0.573882
vt 0.219038 0.579275
vt 0.752294 0.798312
vt 0.753222 0.798334
vt 0.322693 0.930373
vt 0.321517 0.935631
vt 0.364490 0.557345
vt 0.364490 0.562603
vt 0.569627 0.393753
vt 0.570431 0.394558
vt 0.355837 0.562632
vt 0.356545 0.575315
vt 0.355838 0.575321
vt 0.570177 0.393663
vt 0.571358 0.394558
vt 0.353884 0.562632
vt 0.353885 0.575321
vt 0.571718 0.393689
vt 0.572013 0.395213
vt 0.351797 0.562632
vt 0.351799 0.575321
vt 0.572882 0.396500
vt 0.572013 0.396140
vt 0.349711 0.575321
vt 0.347623 0.562633
vt 0.347624 0.575322
vt 0.571358 0.396796
vt 0.225311 0.561206
vt 0.224136 0.573895
vt 0.224136 0.561206
vt 0.226486 0.561206
vt 0.225311 0.573895
vt 0.227660 0.561206
vt 0.226486 0.573895
vt 0.571718 0.397664
vt 0.570431 0.396796
vt 0.483047 0.909426
vt 0.484239 0.922115
vt 0.483047 0.922115
vt 0.345538 0.575322
vt 0.651995 0.461277
vt 0.653282 0.460408
vt 0.652922 0.461277
vt 0.654446 0.461573
vt 0.653578 0.461933
vt 0.653578 0.462860
vt 0.222961 0.573895
vt 0.222961 0.561206
vt 0.653282 0.464384
vt 0.652922 0.463515
vt 0.651741 0.464409
vt 0.651995 0.463515
vt 0.221787 0.573895
vt 0.221787 0.561206
vt 0.220690 0.573888
vt 0.651191 0.464320
vt 0.220690 0.561194
vt 0.128178 0.075549
vt 0.263371 0.611511
vt 0.073241 0.639027
vt 0.863274 0.855879
vt 0.072027 0.634211
vt 0.991737 0.149673
vt 0.993052 0.233300
vt 0.167567 0.935545
vt 0.700188 0.939392
vt 0.099763 0.828177
vt 0.858552 0.725800
vt 0.771256 0.596188
vt 0.768579 0.813914
vt 0.115156 0.928645
vt 0.117654 0.828170
vt 0.739552 0.935571
vt 0.785008 0.497475
vt 0.062925 0.629784
vt 0.700909 0.238045
vt 0.107486 0.828169
vt 0.341155 0.840999
vt 0.723593 0.628949
vt 0.025633 0.905405
vt 0.920106 0.299552
vt 0.175904 0.682905
vt 0.346842 0.473245
vt 0.700188 0.839578
vt 0.099763 0.960148
vt 0.332158 0.832453
vt 0.861943 0.771153
vt 0.692924 0.938188
vt 0.714662 0.336759
vt 0.858552 0.574442
vt 0.183890 0.872635
vt 0.081160 0.637935
vt 0.750229 0.627183
vt 0.224751 0.550908
vt 0.232705 0.360633
vt 0.920106 0.002847
vt 0.635034 0.918598
vt 0.613689 0.789692
vt 0.629336 0.918601
vt 0.770469 0.161211
vt 0.769625 0.783988
vt 0.970098 0.950543
vt 0.011851 0.741218
vt 0.002853 0.785643
vt 0.970098 0.905380
vt 0.414532 0.687580
vt 0.603537 0.921173
vt 0.414532 0.704238
vt 0.285171 0.646950
vt 0.695692 0.181444
vt 0.278076 0.644966
vt 0.488252 0.629293
vt 0.219047 0.360632
vt 0.522830 0.883779
vt 0.568699 0.883768
vt 0.350649 0.891448
vt 0.645279 0.917200
vt 0.260492 0.923979
vt 0.301313 0.638731
vt 0.497043 0.691330
vt 0.158464 0.133652
vt 0.495755 0.593103
vt 0.486957 0.779709
vt 0.210375 0.311048
vt 0.759273 0.822960
vt 0.492660 0.823117
vt 0.664546 0.947644
vt 0.245682 0.910056
vt 0.646667 0.786894
vt 0.467637 0.725819
vt 0.405510 0.527593
vt 0.270647 0.798239
vt 0.965558 0.766879
vt 0.291350 0.525979
vt 0.603537 0.965586
vt 0.685296 0.883769
vt 0.043988 0.909613
vt 0.043988 0.900251
vt 0.043988 0.890889
vt 0.749855 0.898220
vt 0.749855 0.888857
vt 0.749855 0.879494
vt 0.712225 0.901061
vt 0.712225 0.891701
vt 0.712225 0.882341
vt 0.058986 0.931401
vt 0.685296 0.902474
vt 0.685296 0.893122
vt 0.745253 0.898220
vt 0.074172 0.836182
vt 0.453253 0.846204
vt 0.643163 0.577732
vt 0.039387 0.909583
vt 0.211234 0.728265
vt 0.656294 0.564119
vt 0.055194 0.836183
vt 0.680699 0.902474
vt 0.583988 0.824137
vt 0.723327 0.882335
vt 0.894493 0.890887
vt 0.443326 0.888599
vt 0.349331 0.890043
vt 0.441022 0.887118
vt 0.718726 0.882347
vt 0.580198 0.919356
vt 0.590122 0.341626
vt 0.346858 0.889340
vt 0.564102 0.883768
vt 0.064682 0.929354
vt 0.518238 0.883767
vt 0.439535 0.886490
vt 0.969762 0.190927
vt 0.915258 0.360628
vt 0.971470 0.360628
vt 0.963622 0.360631
vt 0.864598 0.002851
vt 0.915258 0.805222
vt 0.864598 0.285183
vt 0.864598 0.421725
vt 0.102381 0.409935
vt 0.737849 0.809019
vt 0.777910 0.003347
vt 0.732143 0.809031
vt 0.897922 0.510751
vt 0.897318 0.003285
vt 0.952443 0.890867
vt 0.977174 0.209540
vt 0.925690 0.734849
vt 0.897922 0.647460
vt 0.836414 0.002854
vt 0.102381 0.002896
vt 0.597844 0.909400
vt 0.867550 0.704884
vt 0.925690 0.306470
vt 0.070359 0.644738
vt 0.076107 0.668970
vt 0.782681 0.874728
vt 0.952440 0.694791
vt 0.954537 0.751793
vt 0.755931 0.657650
vt 0.724638 0.199562
vt 0.368775 0.707019
vt 0.368775 0.762697
vt 0.292089 0.625840
vt 0.059741 0.652311
vt 0.650470 0.372041
vt 0.542077 0.845284
vt 0.099743 0.647147
vt 0.172354 0.163064
vt 0.696983 0.821119
vt 0.717611 0.638587
vt 0.866348 0.605801
vt 0.212453 0.525990
vt 0.291020 0.655692
vt 0.856231 0.840561
vt 0.133361 0.039469
vt 0.694765 0.170693
vt 0.707408 0.159016
vt 0.182450 0.075551
vt 0.453891 0.757974
vt 0.814454 0.718416
vt 0.070192 0.675730
vt 0.413576 0.467541
vt 0.379044 0.862380
vt 0.123363 0.864557
vt 0.387955 0.863813
vt 0.676443 0.761183
vt 0.686425 0.761183
vt 0.410079 0.225229
vt 0.702114 0.768300
vt 0.702114 0.777273
vt 0.702114 0.795218
vt 0.729766 0.497478
vt 0.729766 0.512061
vt 0.761209 0.497478
vt 0.545298 0.893929
vt 0.369577 0.890651
vt 0.299422 0.461838
vt 0.369577 0.877317
vt 0.369577 0.868427
vt 0.369577 0.859538
vt 0.156514 0.864550
vt 0.545298 0.868082
vt 0.729766 0.541228
vt 0.048734 0.769731
vt 0.430606 0.858105
vt 0.134419 0.864559
vt 0.501528 0.527409
vt 0.416976 0.888226
vt 0.416976 0.879611
vt 0.416976 0.866687
vt 0.470085 0.578449
vt 0.298212 0.456058
vt 0.547900 0.707015
vt 0.717795 0.777273
vt 0.717795 0.786245
vt 0.717795 0.795217
vt 0.673239 0.831030
vt 0.360110 0.855258
vt 0.145472 0.864558
vt 0.293715 0.520175
vt 0.401159 0.863809
vt 0.540251 0.707015
vt 0.673239 0.865234
vt 0.470085 0.527409
vt 0.470085 0.563866
vt 0.791091 0.711731
vt 0.788688 0.002846
vt 0.321524 0.815349
vt 0.936235 0.934602
vt 0.467321 0.901612
vt 0.467320 0.811067
vt 0.936194 0.321850
vt 0.321524 0.905894
vt 0.130956 0.360633
vt 0.108081 0.666193
vt 0.931359 0.622376
vt 0.196648 0.666193
vt 0.346863 0.917105
vt 0.518952 0.874889
vt 0.866308 0.918350
vt 0.946741 0.627234
vt 0.446851 0.896590
vt 0.914402 0.353939
vt 0.446851 0.914261
vt 0.520947 0.874026
vt 0.937837 0.307728
vt 0.422680 0.916922
vt 0.422680 0.899440
vt 0.563086 0.873787
vt 0.427472 0.899440
vt 0.558426 0.841533
vt 0.043068 0.416223
vt 0.002851 0.426751
vt 0.941940 0.929293
vt 0.043068 0.734607
vt 0.351709 0.917105
vt 0.522899 0.842963
vt 0.955398 0.316443
vt 0.357404 0.900874
vt 0.720287 0.875216
vt 0.952440 0.915672
vt 0.952440 0.898015
vt 0.946700 0.617372
vt 0.855813 0.918348
vt 0.329061 0.557772
vt 0.357404 0.918356
vt 0.436305 0.912840
vt 0.707431 0.875147
vt 0.441155 0.912840
vt 0.712091 0.842893
vt 0.742307 0.172481
vt 0.949061 0.306371
vt 0.782986 0.183003
vt 0.731204 0.183003
vt 0.742308 0.490674
vt 0.362196 0.900874
vt 0.724947 0.873433
vt 0.964063 0.002856
vt 0.149227 0.870933
vt 0.448502 0.269952
vt 0.992131 0.703846
vt 0.551004 0.866658
vt 0.992137 0.977527
vt 0.059745 0.821732
vt 0.557551 0.989681
vt 0.301543 0.934374
vt 0.182415 0.879490
vt 0.730646 0.978561
vt 0.251384 0.967156
vt 0.658849 0.811073
vt 0.535032 0.592430
vt 0.910781 0.934323
vt 0.251384 0.789698
vt 0.251264 0.856239
vt 0.413096 0.740110
vt 0.190872 0.912347
vt 0.866044 0.724200
vt 0.864287 0.724962
vt 0.258726 0.759769
vt 0.255152 0.758503
vt 0.051305 0.816440
vt 0.051305 0.824178
vt 0.350463 0.706033
vt 0.352218 0.701375
vt 0.296124 0.164744
vt 0.188985 0.920642
vt 0.403247 0.064146
vt 0.700912 0.343898
vt 0.591672 0.350418
vt 0.296825 0.167345
vt 0.299772 0.168381
vt 0.594619 0.349381
vt 0.396160 0.074193
vt 0.299222 0.165242
vt 0.983109 0.913694
vt 0.710958 0.354710
vt 0.591071 0.353006
vt 0.286702 0.755682
vt 0.189051 0.930768
vt 0.503275 0.643322
vt 0.411284 0.911140
vt 0.409692 0.911680
vt 0.411284 0.903397
vt 0.365502 0.679340
vt 0.367262 0.678586
vt 0.680694 0.911928
vt 0.600605 0.581837
vt 0.128207 0.165290
vt 0.132373 0.164109
vt 0.276519 0.126864
vt 0.003777 0.420144
vt 0.596605 0.572760
vt 0.600567 0.574507
vt 0.192717 0.364644
vt 0.700986 0.533127
vt 0.616484 0.423398
vt 0.202524 0.598870
vt 0.276519 0.141667
vt 0.206486 0.597123
vt 0.710727 0.533116
vt 0.206523 0.589793
vt 0.383343 0.219029
vt 0.367903 0.900869
vt 0.139377 0.181918
vt 0.586358 0.422476
vt 0.411403 0.124016
vt 0.566151 0.750752
vt 0.689451 0.816167
vt 0.396171 0.124012
vt 0.397729 0.147372
vt 0.369078 0.924224
vt 0.781983 0.487771
vt 0.405701 0.129299
vt 0.780336 0.491747
vt 0.590883 0.913700
vt 0.567404 0.404410
vt 0.598908 0.460412
vt 0.600555 0.464387
vt 0.758707 0.717127
vt 0.401114 0.905148
vt 0.735291 0.488862
vt 0.502746 0.691335
vt 0.732480 0.491673
vt 0.124554 0.915124
vt 0.759818 0.726921
vt 0.756050 0.725654
vt 0.338443 0.567292
vt 0.502746 0.709980
vt 0.580412 0.186748
vt 0.131615 0.032844
vt 0.497556 0.635270
vt 0.493788 0.636538
vt 0.599365 0.186734
vt 0.496445 0.645064
vt 0.670605 0.794742
vt 0.209251 0.032787
vt 0.882818 0.567813
vt 0.657206 0.378238
vt 0.878410 0.900869
vt 0.878410 0.909074
vt 0.687222 0.836724
vt 0.707427 0.950094
vt 0.901595 0.890887
vt 0.143522 0.877241
vt 0.143522 0.870931
vt 0.143522 0.908792
vt 0.143522 0.896172
vt 0.143522 0.883551
vt 0.687222 0.850479
vt 0.878410 0.917280
vt 0.878410 0.925485
vt 0.687222 0.864234
vt 0.707427 0.918520
vt 0.707427 0.907995
vt 0.687222 0.874550
vt 0.673237 0.876633
vt 0.393662 0.905687
vt 0.977416 0.885194
vt 0.751586 0.832445
vt 0.716099 0.950097
vt 0.723189 0.907993
vt 0.134901 0.870934
vt 0.393662 0.865233
vt 0.510274 0.888045
vt 0.510274 0.896250
vt 0.573694 0.836721
vt 0.515983 0.944503
vt 0.746641 0.905152
vt 0.505843 0.597868
vt 0.505843 0.591558
vt 0.505843 0.629419
vt 0.505843 0.616799
vt 0.505843 0.604179
vt 0.573694 0.850476
vt 0.510274 0.912661
vt 0.573694 0.860792
vt 0.510274 0.929072
vt 0.515983 0.919945
vt 0.515983 0.909420
vt 0.573694 0.874547
vt 0.528607 0.870939
vt 0.223177 0.902291
vt 0.512536 0.841008
vt 0.537545 0.951525
vt 0.230284 0.902299
vt 0.126279 0.870936
vt 0.174953 0.879493
vt 0.097363 0.416220
vt 0.925611 0.871117
vt 0.099744 0.552353
vt 0.870303 0.112578
vt 0.892815 0.884421
vt 0.375870 0.682422
vt 0.192925 0.674227
vt 0.228881 0.893394
vt 0.432283 0.557339
vt 0.172914 0.215319
vt 0.172914 0.022811
vt 0.870303 0.222300
vt 0.529324 0.645866
vt 0.889101 0.204326
vt 0.835916 0.869801
vt 0.189514 0.029672
vt 0.842561 0.869801
vt 0.194171 0.055431
vt 0.280813 0.908898
vt 0.295838 0.798243
vt 0.920967 0.741224
vt 0.189514 0.208458
vt 0.574042 0.386579
vt 0.414536 0.675791
vt 0.415781 0.345218
vt 0.083663 0.946629
vt 0.221562 0.773430
vt 0.031334 0.972640
vt 0.031334 0.741224
vt 0.091710 0.946630
vt 0.383190 0.562314
vt 0.415781 0.460939
vt 0.561684 0.402849
vt 0.561684 0.374116
vt 0.443279 0.500432
vt 0.443279 0.276532
vt 0.969761 0.290116
vt 0.848243 0.861199
vt 0.226623 0.700228
vt 0.269049 0.560368
vt 0.984211 0.499346
vt 0.971315 0.210958
vt 0.993286 0.143573
vt 0.347096 0.466595
vt 0.984656 0.710117
vt 0.984655 0.907833
vt 0.501191 0.925950
vt 0.683768 0.167886
vt 0.461117 0.924505
vt 0.991457 0.239473
vt 0.442810 0.193671
vt 0.991457 0.394662
vt 0.984656 0.506025
vt 0.442810 0.002848
vt 0.397050 0.775674
vt 0.152848 0.213939
vt 0.337660 0.714142
vt 0.986028 0.209187
vt 0.984205 0.002855
vt 0.216968 0.714142
vt 0.257930 0.229492
vt 0.373640 0.691335
vt 0.721742 0.533113
vt 0.977174 0.634312
vt 0.415816 0.751695
vt 0.454536 0.763821
vt 0.493256 0.751695
vt 0.977174 0.878611
vt 0.271852 0.218096
vt 0.535431 0.691335
vt 0.196733 0.912272
vt 0.564105 0.909420
vt 0.883557 0.719678
vt 0.752932 0.905144
vt 0.700459 0.165944
vt 0.572886 0.424081
vt 0.218758 0.525986
vt 0.063432 0.416223
vt 0.181895 0.169628
vt 0.313541 0.557345
vt 0.260116 0.449679
vt 0.715450 0.402745
vt 0.776772 0.884660
vt 0.660512 0.579326
vt 0.057729 0.416229
vt 0.777268 0.768307
vt 0.198130 0.317865
vt 0.375930 0.038484
vt 0.605066 0.207591
vt 0.163320 0.022802
vt 0.409071 0.774902
vt 0.285520 0.632893
vt 0.111755 0.676552
vt 0.683614 0.807687
vt 0.312519 0.741219
vt 0.328995 0.722695
vt 0.252864 0.747825
vt 0.731416 0.737844
vt 0.314387 0.757799
vt 0.719451 0.813914
vt 0.480230 0.750675
vt 0.425769 0.750673
vt 0.353010 0.764035
vt 0.417328 0.513158
vt 0.731465 0.815340
vt 0.765263 0.772052
vt 0.358707 0.773482
vt 0.681919 0.751805
vt 0.483272 0.640013
vt 0.464944 0.638591
vt 0.169897 0.331593
vt 0.153653 0.327847
vt 0.655832 0.401440
vt 0.175607 0.331602
vt 0.592060 0.416670
vt 0.601003 0.413640
vt 0.162549 0.139686
vt 0.620201 0.389410
vt 0.629144 0.392440
vt 0.386077 0.156974
vt 0.395020 0.153944
vt 0.128174 0.202324
vt 0.704721 0.131139
vt 0.622515 0.161522
vt 0.704453 0.140082
vt 0.607917 0.138659
vt 0.580382 0.200894
vt 0.615591 0.910932
vt 0.866039 0.689990
vt 0.864282 0.690752
vt 0.268803 0.748371
vt 0.265229 0.747105
vt 0.384928 0.904863
vt 0.384928 0.912601
vt 0.306812 0.670400
vt 0.308567 0.665742
vt 0.189495 0.216027
vt 0.613704 0.919226
vt 0.587464 0.168198
vt 0.684011 0.423726
vt 0.645842 0.239239
vt 0.190197 0.218627
vt 0.580377 0.178244
vt 0.192593 0.216524
vt 0.764499 0.561615
vt 0.694058 0.434539
vt 0.645240 0.241827
vt 0.296779 0.744284
vt 0.613770 0.929352
vt 0.878115 0.728834
vt 0.476981 0.916837
vt 0.475389 0.917377
vt 0.476981 0.909095
vt 0.502783 0.722102
vt 0.894799 0.197785
vt 0.306446 0.746355
vt 0.654716 0.581840
vt 0.636598 0.383556
vt 0.639272 0.385049
vt 0.528600 0.845273
vt 0.694816 0.444370
vt 0.650717 0.572763
vt 0.653571 0.571656
vt 0.113575 0.363473
vt 0.743750 0.561631
vt 0.314038 0.041386
vt 0.299589 0.517617
vt 0.528600 0.860076
vt 0.303589 0.517527
vt 0.753490 0.561619
vt 0.303589 0.508541
vt 0.592064 0.424290
vt 0.473919 0.740113
vt 0.545143 0.909506
vt 0.260008 0.666520
vt 0.319365 0.035652
vt 0.315791 0.034386
vt 0.469379 0.909099
vt 0.469379 0.916837
vt 0.374470 0.735966
vt 0.376225 0.731308
vt 0.380290 0.164725
vt 0.543257 0.917801
vt 0.675903 0.384864
vt 0.274357 0.067369
vt 0.591669 0.239236
vt 0.380991 0.167325
vt 0.383938 0.168362
vt 0.594616 0.238200
vt 0.668816 0.394910
vt 0.383388 0.165222
vt 0.820158 0.718411
vt 0.284404 0.078181
vt 0.591067 0.241824
vt 0.347341 0.031565
vt 0.543322 0.927927
vt 0.268866 0.131595
vt 0.377333 0.912567
vt 0.377333 0.904825
vt 0.216973 0.702152
vt 0.570537 0.910498
vt 0.362856 0.597523
vt 0.645305 0.352024
vt 0.649470 0.350843
vt 0.870307 0.401975
vt 0.662467 0.401610
vt 0.358856 0.588446
vt 0.362819 0.590193
vt 0.283037 0.061027
vt 0.270266 0.655712
vt 0.931393 0.313644
vt 0.234191 0.566083
vt 0.870307 0.416778
vt 0.238153 0.564337
vt 0.280007 0.655700
vt 0.238190 0.557007
vt 0.606894 0.585354
vt 0.741128 0.594720
vt 0.531287 0.734228
vt 0.321525 0.801967
vt 0.688073 0.386301
vt 0.459596 0.732671
vt 0.131449 0.915121
vt 0.528630 0.742755
vt 0.248933 0.560161
vt 0.459596 0.751316
vt 0.128187 0.188175
vt 0.184178 0.022867
vt 0.403036 0.714934
vt 0.147140 0.188161
vt 0.405693 0.723460
vt 0.471258 0.804718
vt 0.383862 0.746924
vt 0.321517 0.912277
vt 0.885144 0.920368
vt 0.364490 0.580699
vt 0.209103 0.736944
vt 0.702123 0.365889
vt 0.752435 0.804769
vt 0.218131 0.555919
vt 0.219688 0.579279
vt 0.322693 0.935631
vt 0.572882 0.394853
vt 0.349710 0.562633
vt 0.227660 0.573895
vt 0.570071 0.397664
vt 0.484239 0.909426
vt 0.345536 0.562633
vt 0.651635 0.460408
vt 0.654446 0.463220
s 0
f 2/1/1 18/2/1 15/3/1
f 9/4/1 32/5/1 30/6/1
f 5/7/1 20/8/1 4/9/1
f 12/10/1 34/11/1 11/12/1
f 6/13/1 26/14/1 24/15/1
f 16/16/2 14/17/2 13/18/2
f 15/19/3 17/20/3 14/17/3
f 18/21/4 19/22/4 17/20/4
f 20/23/5 21/24/5 19/22/5
f 22/25/6 23/26/6 21/24/6
f 24/27/7 25/28/7 23/26/7
f 26/29/8 27/30/8 25/28/8
f 28/31/9 29/32/9 27/30/9
f 30/33/10 31/34/10 29/32/10
f 32/35/11 33/36/11 31/37/11
f 34/38/12 35/39/12 33/36/12
f 36/40/13 13/18/13 35/39/13
f 8/41/1 26/14/1 7/42/1
f 12/10/1 16/43/1 36/44/1
f 6/13/1 22/45/1 5/7/1
f 11/12/1 32/5/1 10/46/1
f 3/47/1 20/8/1 18/2/1
f 8/41/1 30/6/1 28/48/1
f 2/1/1 16/43/1 1/49/1
f 1/50/8 38/51/8 2/52/8
f 6/53/13 43/54/13 7/55/13
f 11/56/6 48/57/6 12/58/6
f 9/59/3 44/60/3 45/61/3
f 2/52/9 39/62/9 3/63/9
f 12/58/7 37/64/7 1/50/7
f 5/65/12 42/66/12 6/53/12
f 9/59/4 46/67/4 10/68/4
f 3/63/10 40/69/10 4/70/10
f 7/55/2 44/60/2 8/71/2
f 10/72/5 47/73/5 11/56/5
f 4/70/11 41/74/11 5/65/11
s 1
f 49/75/14 60/76/14 51/77/14
f 49/78/15 55/79/16 50/80/17
f 54/81/18 49/82/15 51/83/19
f 52/84/20 56/85/21 55/79/16
f 178/86/22 52/87/20 54/81/18
f 55/88/16 59/89/23 57/90/24
f 57/90/24 50/91/17 55/88/16
f 57/92/25 123/93/26 58/94/27
f 58/94/27 60/95/28 57/92/25
f 60/76/14 63/96/14 62/97/14
f 51/77/14 62/97/14 65/98/14
f 62/99/29 68/100/30 66/101/31
f 74/102/14 62/97/14 64/103/14
f 66/104/32 64/105/33 62/106/34
f 69/107/35 67/108/36 70/109/37
f 85/110/38 66/101/31 68/100/30
f 70/111/37 71/112/39 69/113/35
f 69/113/35 74/114/40 64/115/33
f 71/116/39 75/117/41 72/118/42
f 72/118/42 74/119/40 71/116/39
f 73/120/43 77/121/44 75/117/41
f 79/122/45 73/123/43 70/111/37
f 77/124/44 78/125/46 166/126/47
f 78/127/46 79/128/45 80/129/48
f 81/130/49 80/131/48 79/132/45
f 70/109/37 81/133/49 79/134/45
f 82/135/50 83/136/51 84/137/52
f 83/138/51 67/139/53 85/110/38
f 84/137/52 86/140/54 87/141/55
f 86/142/54 85/110/38 88/143/56
f 87/141/55 89/144/57 90/145/58
f 89/146/57 88/143/56 91/147/59
f 90/145/58 92/148/60 93/149/61
f 92/150/60 91/147/59 94/151/62
f 96/152/63 92/153/63 95/154/63
f 92/155/63 98/156/63 95/157/63
f 96/158/64 97/159/65 145/160/66
f 97/161/65 98/162/67 99/163/68
f 99/163/68 100/164/69 101/165/70
f 94/166/63 100/167/63 98/156/63
f 103/168/71 101/165/70 100/164/69
f 102/169/63 103/170/63 100/167/63
f 103/171/14 107/172/14 104/173/14
f 110/174/14 105/175/14 106/176/14
f 106/177/72 102/178/73 122/179/74
f 108/180/14 107/172/14 105/175/14
f 108/180/14 142/181/14 111/182/14
f 112/183/63 109/184/63 108/185/63
f 112/186/75 110/187/76 115/188/77
f 115/188/77 113/189/78 112/186/75
f 113/190/63 114/191/63 112/183/63
f 117/192/79 116/193/80 115/188/77
f 115/188/77 119/194/81 117/192/79
f 58/94/27 118/195/82 117/192/79
f 117/192/79 61/196/83 58/94/27
f 119/197/14 106/176/14 120/198/14
f 63/96/14 119/197/14 120/198/14
f 63/199/84 121/200/85 68/100/30
f 120/201/86 122/179/74 121/200/85
f 91/147/59 121/200/85 122/179/74
f 88/143/56 68/100/30 121/200/85
f 94/151/62 122/179/74 102/178/73
f 123/93/26 124/202/87 118/195/82
f 118/195/82 127/203/88 116/193/80
f 124/204/87 157/205/89 126/206/90
f 127/207/88 126/206/90 128/208/91
f 116/193/80 129/209/92 113/189/78
f 129/210/92 128/208/91 130/211/93
f 132/212/63 129/213/63 130/214/63
f 129/215/63 134/216/63 113/190/63
f 132/217/94 133/218/95 131/219/96
f 133/220/95 134/221/97 131/222/96
f 135/223/98 114/224/99 134/221/97
f 133/225/100 137/226/100 135/227/100
f 135/227/100 137/226/100 136/228/100
f 138/229/100 137/230/100 140/231/100
f 139/232/100 138/229/100 144/233/100
f 136/228/100 141/234/100 142/235/100
f 140/231/100 137/230/100 133/236/100
f 141/237/100 111/238/100 142/239/100
f 141/237/100 107/240/100 111/238/100
f 101/241/100 143/242/100 139/243/100
f 143/244/100 104/245/100 107/240/100
f 109/246/101 136/247/102 142/248/101
f 148/249/103 140/250/104 132/217/94
f 145/251/100 139/232/100 144/233/100
f 101/241/100 139/243/100 99/252/100
f 99/252/100 139/243/100 97/253/100
f 97/254/100 139/232/100 145/251/100
f 146/255/105 145/160/66 144/256/106
f 146/255/105 138/257/107 148/249/103
f 146/258/63 93/259/63 96/152/63
f 147/260/63 148/261/63 149/262/63
f 148/261/63 130/214/63 149/262/63
f 130/211/93 150/263/108 149/264/109
f 152/265/110 149/264/109 150/263/108
f 128/208/91 151/266/111 150/263/108
f 153/267/112 150/263/108 151/266/111
f 152/265/110 93/149/61 147/268/113
f 153/267/112 90/145/58 152/265/110
f 154/269/114 87/141/55 153/267/112
f 154/269/114 151/266/111 156/270/115
f 155/271/116 84/137/52 154/269/114
f 155/271/116 156/270/115 158/272/117
f 126/206/90 156/270/115 151/266/111
f 157/205/89 158/272/117 156/270/115
f 159/273/118 160/274/119 158/275/120
f 158/275/120 163/276/121 155/277/122
f 161/278/123 162/279/124 160/280/119
f 160/280/119 164/281/125 163/282/121
f 82/283/126 163/276/121 80/131/48
f 164/281/125 80/129/48 163/282/121
f 166/126/47 164/284/125 165/285/127
f 165/285/127 162/286/124 168/287/128
f 167/288/129 166/289/130 165/290/131
f 168/291/132 167/288/129 165/290/131
f 162/286/124 169/292/133 168/287/128
f 169/293/134 170/294/135 168/291/132
f 167/295/136 171/296/137 199/297/138
f 171/296/137 172/298/139 173/299/140
f 173/299/140 174/300/141 175/301/142
f 177/302/143 172/303/144 169/293/134
f 174/304/141 183/305/145 175/306/142
f 176/307/146 177/308/143 178/309/147
f 177/310/148 53/311/149 178/86/22
f 180/312/150 177/313/148 169/292/133
f 181/314/151 180/315/150 161/278/123
f 53/316/149 181/317/151 56/85/21
f 56/318/21 182/319/152 59/89/23
f 182/320/152 161/321/123 159/273/118
f 59/322/153 125/323/154 123/93/26
f 125/324/154 159/325/155 157/205/89
f 184/326/156 178/309/147 54/327/157
f 176/328/158 185/329/159 183/305/145
f 187/330/160 184/331/161 186/332/162
f 54/327/157 186/333/163 184/326/156
f 187/334/14 188/335/14 189/336/14
f 188/335/14 51/77/14 65/98/14
f 189/337/164 190/338/165 191/339/166
f 188/340/167 72/341/168 190/342/169
f 191/339/166 192/343/170 193/344/171
f 75/345/172 190/342/169 72/341/168
f 193/344/171 194/346/173 195/347/174
f 77/348/175 192/349/176 75/345/172
f 194/350/173 197/351/177 195/352/174
f 196/353/178 77/354/175 166/289/130
f 196/355/179 199/297/138 197/351/177
f 195/352/174 198/356/180 205/357/181
f 197/351/177 200/358/182 198/356/180
f 171/296/137 200/358/182 199/297/138
f 198/359/63 200/360/63 202/361/63
f 201/362/63 202/361/63 200/360/63
f 202/361/63 203/363/63 205/364/63
f 202/361/63 205/364/63 198/359/63
f 203/363/63 206/365/63 205/366/63
f 206/367/183 195/347/174 205/368/181
f 206/365/63 203/363/63 207/369/63
f 207/370/184 193/344/171 206/367/183
f 191/339/166 208/371/71 189/337/164
f 207/369/63 210/372/63 208/373/63
f 209/374/14 189/336/14 208/375/14
f 211/376/63 208/373/63 210/372/63
f 211/376/63 215/377/63 209/378/63
f 212/379/63 204/380/63 214/381/63
f 215/377/63 212/379/63 213/382/63
f 212/379/63 214/381/63 213/382/63
f 215/383/185 183/305/145 185/329/159
f 209/384/101 185/329/159 187/330/160
f 204/380/63 216/385/63 214/381/63
f 216/386/186 175/301/142 214/387/187
f 175/306/142 213/388/188 214/389/187
f 216/385/63 204/380/63 201/362/63
f 201/390/189 173/299/140 216/386/186
f 217/391/1 344/392/1 220/393/1
f 217/394/71 396/395/71 218/396/71
f 223/397/100 217/398/100 221/399/100
f 217/391/1 224/400/1 221/401/1
f 226/402/1 221/401/1 224/400/1
f 237/403/101 221/404/101 222/405/101
f 226/406/190 225/407/190 227/408/190
f 228/409/1 222/410/1 226/402/1
f 229/411/1 228/409/1 231/412/1
f 231/412/1 230/413/1 232/414/1
f 234/415/191 231/416/192 232/417/193
f 233/418/192 229/419/194 231/416/192
f 247/420/1 233/421/1 234/422/1
f 235/423/1 236/424/1 233/421/1
f 236/425/195 222/426/195 229/419/195
f 236/424/1 239/427/1 237/428/1
f 242/429/196 238/430/196 240/431/196
f 238/430/197 243/432/198 240/431/197
f 241/433/14 242/434/14 240/435/14
f 241/433/14 240/435/14 243/436/14
f 244/437/199 235/438/198 247/439/199
f 243/436/14 246/440/14 241/433/14
f 248/441/200 244/437/199 247/439/199
f 289/442/14 244/443/14 245/444/14
f 248/445/1 234/422/1 250/446/1
f 286/447/201 248/441/200 249/448/201
f 249/449/1 250/446/1 251/450/1
f 252/451/12 234/415/191 232/417/193
f 251/452/202 252/451/12 254/453/202
f 232/414/1 253/454/1 252/455/1
f 252/455/1 256/456/1 254/457/1
f 284/458/203 254/453/202 255/459/203
f 254/457/1 257/460/1 255/461/1
f 255/461/1 258/462/1 259/463/1
f 259/463/1 260/464/1 261/465/1
f 263/466/1 260/464/1 262/467/1
f 266/468/1 262/467/1 264/469/1
f 267/470/1 264/469/1 265/471/1
f 267/472/204 268/473/205 266/474/205
f 266/474/205 270/475/206 263/476/206
f 269/477/1 271/478/1 268/479/1
f 268/479/1 274/480/1 270/481/1
f 271/482/207 275/483/208 274/484/209
f 273/485/210 272/486/207 271/482/207
f 274/484/209 278/487/100 276/488/100
f 270/481/1 276/489/1 277/490/1
f 276/489/1 281/491/1 277/490/1
f 279/492/211 278/487/100 280/493/212
f 282/494/213 280/493/212 283/495/214
f 279/496/1 284/497/1 281/491/1
f 283/495/214 249/448/201 282/494/213
f 282/498/1 251/450/1 284/497/1
f 281/499/215 255/459/203 259/500/215
f 285/501/14 280/502/14 307/503/14
f 287/504/14 283/505/14 285/501/14
f 287/504/14 245/444/14 286/506/14
f 288/507/216 285/508/217 305/509/217
f 287/510/216 290/511/218 289/512/218
f 290/511/218 246/513/219 289/512/218
f 290/514/1 293/515/1 291/516/1
f 288/517/1 292/518/1 290/514/1
f 293/519/199 295/520/200 297/521/220
f 295/520/200 294/522/201 298/523/201
f 296/524/14 297/525/14 295/526/14
f 299/527/14 295/526/14 298/528/14
f 299/527/14 300/529/14 302/530/14
f 298/523/201 303/531/214 300/532/214
f 300/532/214 304/533/212 301/534/211
f 302/530/14 301/535/14 317/536/14
f 288/517/1 303/537/1 294/538/1
f 305/539/1 304/540/1 303/537/1
f 307/541/221 305/509/217 285/508/217
f 310/542/100 306/543/221 307/541/221
f 308/544/1 304/540/1 306/545/1
f 312/546/1 308/544/1 309/547/1
f 309/548/222 310/542/100 642/549/222
f 314/550/209 311/551/100 312/552/223
f 301/534/211 311/551/100 313/553/100
f 315/554/14 314/555/14 316/556/14
f 315/554/14 301/535/14 313/557/14
f 314/555/14 318/558/14 316/556/14
f 320/559/14 319/560/14 318/558/14
f 321/561/210 322/562/207 323/563/210
f 320/564/224 312/552/223 322/562/207
f 326/565/1 322/566/1 324/567/1
f 324/567/1 312/546/1 309/547/1
f 324/568/225 642/549/222 325/569/225
f 325/569/225 326/570/226 324/568/225
f 327/571/227 328/572/228 329/573/227
f 409/574/1 326/565/1 327/575/1
f 328/576/14 331/577/14 329/578/14
f 272/579/14 328/576/14 325/580/14
f 330/581/210 333/582/229 331/583/229
f 332/584/230 333/582/229 334/585/230
f 329/578/14 332/586/14 417/587/14
f 336/588/1 333/589/1 335/590/1
f 335/590/1 273/591/1 269/477/1
f 337/592/9 336/593/231 335/594/9
f 267/472/204 335/594/9 269/595/204
f 338/596/1 339/597/1 340/598/1
f 337/599/1 265/471/1 339/597/1
f 343/600/1 340/598/1 341/601/1
f 218/602/1 341/601/1 344/392/1
f 342/603/1 343/600/1 341/601/1
f 349/604/232 344/605/232 345/606/232
f 348/607/71 346/608/71 345/609/71
f 345/609/71 346/608/71 352/610/71
f 345/609/71 347/611/71 348/607/71
f 347/611/71 345/609/71 351/612/71
f 354/613/71 345/609/71 352/610/71
f 553/614/71 345/609/71 350/615/71
f 352/616/233 355/617/233 354/618/233
f 353/619/234 346/620/235 562/621/236
f 355/622/237 356/623/238 354/624/239
f 349/625/71 354/613/71 356/626/71
f 356/626/71 358/627/71 349/625/71
f 359/628/240 356/623/238 357/629/241
f 349/625/71 358/627/71 360/630/71
f 359/628/240 360/631/242 358/632/240
f 360/630/71 362/633/71 349/625/71
f 363/634/243 360/631/242 361/635/244
f 364/636/245 363/637/246 365/638/245
f 349/625/71 364/639/71 367/640/71
f 365/641/247 366/642/248 364/643/249
f 367/640/71 364/639/71 366/644/71
f 368/645/71 369/646/71 367/640/71
f 366/644/71 368/645/71 367/640/71
f 369/646/71 370/647/71 367/640/71
f 367/640/71 545/648/71 350/615/71
f 371/649/14 350/650/14 416/651/14
f 367/652/14 379/653/14 372/654/14
f 373/655/101 372/656/101 374/657/101
f 375/658/101 372/656/101 373/655/101
f 374/657/101 372/656/101 377/659/101
f 372/656/101 375/658/101 378/660/101
f 372/656/101 458/661/101 377/659/101
f 379/653/14 376/662/14 372/654/14
f 225/663/101 378/660/101 430/664/101
f 379/665/250 382/666/250 380/667/250
f 381/668/63 371/669/63 383/670/63
f 384/671/1 382/672/1 381/673/1
f 384/671/1 383/674/1 386/675/1
f 388/676/71 384/677/71 387/678/71
f 387/679/63 386/680/63 389/681/63
f 387/682/14 242/434/14 388/683/14
f 389/684/14 390/685/14 387/682/14
f 390/686/250 239/687/250 242/688/250
f 390/689/63 393/690/63 392/691/63
f 239/692/1 223/693/1 237/694/1
f 392/695/1 219/696/1 223/697/1
f 219/698/1 394/699/1 396/700/1
f 394/701/251 391/702/251 397/703/251
f 421/704/1 394/705/1 395/706/1
f 398/707/252 394/708/252 397/709/252
f 397/710/14 389/684/14 399/711/14
f 400/712/14 397/710/14 399/711/14
f 399/713/101 386/714/101 401/715/101
f 400/716/253 401/717/254 403/718/255
f 386/675/1 402/719/1 401/720/1
f 402/719/1 403/721/1 401/720/1
f 403/722/256 417/723/257 400/724/256
f 406/725/1 404/726/1 403/721/1
f 405/727/1 406/725/1 403/721/1
f 407/728/258 408/729/259 406/730/258
f 415/731/260 406/730/258 405/732/260
f 410/733/261 409/734/229 408/729/259
f 408/735/1 327/575/1 404/726/1
f 414/736/14 410/737/14 412/738/14
f 412/738/14 407/739/14 413/740/14
f 319/560/14 411/741/14 414/736/14
f 415/742/14 413/740/14 407/739/14
f 416/651/14 413/740/14 415/742/14
f 416/651/14 350/650/14 413/740/14
f 371/743/251 402/744/251 383/745/251
f 416/746/262 405/732/262 402/747/262
f 411/748/229 323/563/210 409/734/229
f 327/571/227 417/723/257 404/749/263
f 418/750/14 417/587/14 332/586/14
f 400/712/14 418/750/14 398/751/14
f 418/752/264 395/753/265 398/707/265
f 419/754/264 332/584/230 334/585/230
f 420/755/1 334/756/1 336/588/1
f 421/704/1 419/757/1 420/755/1
f 343/758/266 336/593/231 338/759/267
f 342/760/268 420/761/266 343/758/266
f 342/760/269 396/762/269 421/763/269
f 385/764/270 241/765/271 422/766/272
f 382/672/1 422/767/1 423/768/1
f 246/513/219 422/769/273 241/770/273
f 424/771/1 291/516/1 293/515/1
f 423/768/1 422/767/1 424/771/1
f 425/772/274 293/519/199 297/521/220
f 426/773/275 424/774/274 425/772/274
f 426/775/14 425/776/14 427/777/14
f 428/778/14 425/776/14 297/525/14
f 380/779/14 426/775/14 427/777/14
f 380/779/14 427/777/14 376/662/14
f 380/780/276 423/781/276 426/773/276
f 378/782/277 431/783/278 430/784/278
f 429/785/279 375/786/280 467/787/281
f 432/788/282 431/789/283 433/790/284
f 432/791/101 225/663/101 430/664/101
f 225/663/101 432/791/101 434/792/101
f 435/793/285 432/788/282 433/790/284
f 436/794/101 225/663/101 434/792/101
f 436/795/286 435/793/285 437/796/287
f 225/663/101 436/794/101 438/797/101
f 439/798/288 436/795/286 437/796/287
f 439/799/289 440/800/289 438/801/289
f 227/802/101 438/797/101 440/803/101
f 442/804/290 441/805/291 443/806/292
f 227/802/101 440/803/101 442/807/101
f 444/808/101 227/802/101 442/807/101
f 445/809/293 442/804/290 443/806/292
f 227/802/101 444/808/101 446/810/101
f 446/811/294 445/809/293 447/812/295
f 446/810/101 448/813/101 227/802/101
f 449/814/296 446/811/294 447/812/295
f 448/815/297 451/816/298 450/817/298
f 450/818/101 227/802/101 448/813/101
f 452/819/299 451/820/300 453/821/301
f 376/822/101 450/818/101 452/823/101
f 452/823/101 454/824/101 376/822/101
f 455/825/302 452/819/299 453/821/301
f 454/824/101 456/826/101 376/822/101
f 456/827/303 455/825/302 457/828/304
f 456/826/101 458/661/101 376/822/101
f 459/829/305 456/827/303 457/828/304
f 377/830/306 459/831/306 461/832/306
f 461/832/307 460/833/308 462/834/309
f 460/835/310 457/828/311 498/836/312
f 463/837/313 462/838/314 464/839/315
f 374/840/316 461/841/317 463/837/318
f 466/842/319 463/837/313 464/839/315
f 465/843/320 374/840/316 463/837/318
f 467/787/321 466/842/319 468/844/322
f 375/786/280 465/843/320 467/787/281
f 470/845/323 467/787/321 468/844/322
f 468/844/322 507/846/324 469/847/325
f 471/848/326 468/844/322 469/847/325
f 470/849/327 473/850/328 472/851/329
f 470/849/327 431/783/330 429/852/330
f 474/853/331 473/854/332 475/855/333
f 433/790/334 472/856/335 474/853/331
f 477/857/336 474/853/331 475/855/333
f 476/858/337 433/790/334 474/853/331
f 478/859/338 477/857/336 479/860/339
f 437/796/340 476/858/337 478/859/338
f 481/861/341 478/859/338 479/860/339
f 480/862/342 437/796/340 478/859/338
f 481/863/343 482/864/344 480/865/345
f 480/865/345 441/866/346 439/799/346
f 484/867/347 483/868/348 485/869/349
f 443/806/350 482/870/351 484/867/347
f 487/871/352 484/867/347 485/869/349
f 486/872/353 443/806/350 484/867/347
f 488/873/354 487/871/352 489/874/355
f 447/812/356 486/872/353 488/873/354
f 491/875/357 488/873/354 489/874/355
f 490/876/358 447/812/356 488/873/354
f 491/877/359 492/878/360 490/879/361
f 449/880/362 492/878/360 451/816/362
f 494/881/363 493/882/364 495/883/365
f 453/821/366 492/884/367 494/881/363
f 497/885/368 494/881/363 495/883/365
f 496/886/369 453/821/366 494/881/363
f 498/836/312 497/885/368 499/887/370
f 457/828/311 496/886/369 498/836/312
f 501/888/371 498/836/312 499/887/370
f 499/887/372 535/889/373 500/890/374
f 502/891/375 499/887/372 500/890/374
f 503/892/376 502/893/377 504/894/378
f 462/834/309 501/895/379 503/892/379
f 505/896/380 504/897/381 506/898/382
f 464/839/315 503/899/383 505/896/384
f 508/900/385 505/896/380 506/898/382
f 507/846/324 464/839/315 505/896/384
f 469/847/386 508/900/385 509/901/387
f 508/900/385 511/902/388 509/901/387
f 506/898/382 510/903/389 508/900/385
f 510/904/101 516/905/101 511/906/101
f 512/907/101 513/908/101 510/904/101
f 518/909/101 510/904/101 513/908/101
f 514/910/101 520/911/101 515/912/101
f 517/913/390 515/914/391 528/915/392
f 536/916/393 514/917/394 517/913/390
f 513/908/101 519/918/101 518/909/101
f 521/919/395 519/920/396 522/921/397
f 523/922/398 518/923/399 521/919/395
f 489/874/400 521/919/395 522/921/397
f 521/919/395 485/869/401 523/922/398
f 485/869/401 524/924/402 523/922/398
f 524/924/402 520/925/403 523/922/398
f 525/926/404 483/927/405 481/863/405
f 527/928/14 524/929/406 525/926/404
f 515/912/101 526/930/101 527/931/101
f 528/915/392 527/932/407 525/933/408
f 525/933/408 479/860/409 528/915/392
f 479/860/409 517/913/390 528/915/392
f 529/934/410 489/874/400 522/921/397
f 522/921/397 530/935/411 529/934/410
f 491/877/412 531/936/413 493/937/414
f 529/938/415 533/939/416 531/936/413
f 495/883/417 531/940/418 532/941/419
f 534/942/420 531/940/418 533/943/421
f 534/944/101 530/945/422 519/918/101
f 513/946/423 532/941/419 534/942/420
f 535/889/373 495/883/417 532/941/419
f 541/947/424 535/889/373 513/946/423
f 517/913/390 475/855/425 536/916/393
f 475/855/425 537/948/426 536/916/393
f 537/948/426 516/949/427 536/916/393
f 539/950/428 473/850/429 471/951/430
f 540/952/63 537/953/431 539/950/428
f 539/954/432 469/847/386 509/901/387
f 509/901/387 540/955/433 539/954/432
f 511/906/101 538/956/101 540/957/101
f 543/958/101 541/959/101 512/907/101
f 542/960/434 500/890/374 541/947/424
f 542/961/1 504/894/378 502/893/377
f 504/897/381 512/962/435 506/898/382
f 546/963/436 370/964/436 544/965/436
f 544/966/437 369/967/438 587/968/439
f 546/969/440 547/970/441 545/971/442
f 547/972/71 350/615/71 545/648/71
f 549/973/71 350/615/71 547/972/71
f 550/974/443 547/970/441 548/975/444
f 551/976/71 350/615/71 549/973/71
f 550/974/443 551/977/445 549/978/443
f 350/615/71 551/976/71 553/614/71
f 554/979/446 551/977/445 552/980/447
f 351/981/448 554/982/449 556/983/448
f 556/983/450 555/984/451 557/985/452
f 555/986/453 552/980/454 596/987/455
f 557/988/456 558/989/457 556/990/458
f 556/990/459 347/991/460 351/992/459
f 561/993/461 558/989/457 559/994/462
f 560/995/463 347/991/460 558/989/464
f 561/993/461 562/621/465 560/995/466
f 560/995/463 346/620/235 348/996/463
f 565/997/467 562/621/465 563/998/468
f 566/999/469 563/998/468 564/1000/470
f 605/1001/471 563/998/468 561/993/461
f 565/1002/472 568/1003/473 567/1004/474
f 353/1005/475 567/1004/474 355/617/476
f 568/1006/477 569/1007/478 567/1008/479
f 567/1008/479 357/629/480 355/622/481
f 572/1009/482 569/1007/478 570/1010/483
f 571/1011/484 357/629/480 569/1007/478
f 572/1009/482 573/1012/485 571/1011/484
f 571/1011/484 361/635/486 359/628/487
f 576/1013/488 573/1012/485 574/1014/489
f 575/1015/490 361/635/486 573/1012/485
f 577/1016/491 576/1017/492 578/1018/493
f 363/637/494 577/1016/491 365/638/494
f 578/1019/495 579/1020/496 577/1021/497
f 577/1021/497 581/1022/498 365/641/499
f 583/1023/500 579/1020/496 580/1024/501
f 582/1025/502 581/1022/498 579/1020/496
f 583/1023/500 585/1026/503 582/1025/502
f 582/1025/502 587/968/504 584/1027/505
f 589/1028/506 585/1026/503 586/1029/507
f 588/1030/508 587/968/504 585/1026/503
f 591/1031/509 588/1032/510 589/1033/509
f 590/1034/511 544/965/512 588/1032/510
f 591/1035/513 592/1036/514 590/1037/515
f 590/1037/515 548/975/516 546/969/517
f 595/1038/518 592/1036/514 593/1039/519
f 594/1040/520 548/975/516 592/1036/514
f 595/1038/518 596/987/455 594/1040/520
f 594/1040/520 552/980/454 550/974/521
f 599/1041/522 596/987/455 597/1042/523
f 600/1043/524 597/1042/525 598/1044/526
f 628/1045/527 597/1042/525 595/1038/528
f 601/1046/529 600/1047/530 602/1048/531
f 555/984/451 601/1046/532 557/985/452
f 602/1049/533 603/1050/534 601/1051/535
f 601/1051/536 559/994/462 557/988/456
f 606/1052/537 603/1050/534 604/1053/538
f 605/1001/471 559/994/462 603/1050/539
f 606/1052/537 564/1000/540 605/1001/541
f 609/1054/396 606/1052/537 604/1053/538
f 608/1055/399 607/1056/542 606/1052/537
f 611/1057/71 609/1058/71 639/1059/71
f 610/1060/71 612/1061/71 613/1062/71
f 608/1063/71 616/1064/71 612/1061/71
f 613/1065/391 615/1066/543 634/1067/544
f 614/1068/71 616/1064/71 617/1069/71
f 612/1070/394 632/1071/545 615/1066/543
f 617/1072/388 619/1073/546 620/1074/547
f 611/1057/71 618/1075/71 616/1064/71
f 616/1076/389 621/1077/548 619/1073/546
f 619/1073/546 580/1024/549 620/1074/547
f 619/1073/546 586/1029/550 583/1023/551
f 622/1078/552 586/1029/550 621/1077/548
f 618/1079/435 622/1078/552 621/1077/548
f 623/1080/553 589/1033/554 622/1081/555
f 622/1081/555 625/1082/1 623/1080/553
f 626/1083/71 624/1084/71 618/1075/71
f 627/1085/556 625/1086/434 626/1087/424
f 628/1045/527 626/1087/424 611/1088/423
f 623/1089/557 593/1039/558 591/1035/559
f 628/1045/527 593/1039/558 627/1085/556
f 598/1044/526 611/1088/423 639/1090/420
f 629/1091/560 580/1024/549 578/1019/561
f 630/1092/433 620/1074/547 629/1091/560
f 576/1017/562 629/1093/563 578/1018/564
f 631/1094/565 630/1095/63 629/1093/563
f 631/1096/566 574/1014/567 632/1071/545
f 614/1097/427 631/1096/566 632/1071/545
f 633/1098/71 617/1069/71 630/1099/71
f 615/1066/543 574/1014/567 572/1009/568
f 615/1066/543 570/1010/569 634/1067/544
f 635/1100/570 570/1010/569 568/1006/571
f 637/1101/407 634/1067/544 635/1100/570
f 566/1102/572 635/1103/573 568/1003/572
f 636/1104/574 637/1105/14 635/1103/573
f 638/1106/71 613/1062/71 637/1107/71
f 610/1108/403 636/1109/575 607/1056/542
f 636/1109/575 564/1000/540 607/1056/542
f 600/1043/524 639/1090/420 640/1110/421
f 639/1059/71 641/1111/71 640/1112/71
f 600/1047/530 641/1113/271 602/1048/531
f 641/1114/411 604/1053/538 602/1049/533
f 584/1027/576 369/967/438 368/1115/577
f 584/1027/576 366/642/248 581/1022/578
f 275/1116/14 325/580/14 642/1117/14
f 310/1118/14 275/1116/14 642/1117/14
f 310/1118/14 280/502/14 278/1119/14
f 277/1120/63 259/500/215 261/1121/63
f 263/476/206 277/1120/63 261/1121/63
f 644/1122/100 643/1123/100 646/1124/100
f 707/1125/579 643/1126/71 644/1127/71
f 646/1124/100 650/1128/100 653/1129/100
f 643/1130/14 647/1131/14 649/1132/14
f 648/1133/14 643/1130/14 649/1132/14
f 643/1134/14 655/1135/14 650/1136/14
f 651/1137/100 653/1129/100 650/1128/100
f 650/1138/101 703/1139/580 651/1140/101
f 650/1141/14 656/1142/14 654/1143/14
f 655/1144/14 656/1142/14 650/1141/14
f 655/1144/14 659/1145/14 656/1142/14
f 657/1146/14 654/1143/14 656/1142/14
f 658/1147/14 657/1146/14 656/1142/14
f 656/1142/14 659/1145/14 658/1147/14
f 688/1148/581 659/1149/582 660/1150/583
f 662/1151/584 661/1152/585 701/1153/586
f 663/1154/14 659/1145/14 655/1144/14
f 664/1155/14 663/1154/14 655/1144/14
f 665/1156/14 664/1155/14 655/1144/14
f 666/1157/14 665/1156/14 655/1144/14
f 667/1158/14 666/1157/14 655/1144/14
f 668/1159/14 667/1158/14 655/1144/14
f 655/1144/14 669/1160/14 668/1159/14
f 669/1160/14 655/1144/14 670/1161/14
f 669/1162/63 674/1163/63 672/1164/63
f 671/1165/587 672/1166/587 675/1167/587
f 676/1168/588 672/1166/589 673/1169/590
f 672/1164/63 744/1170/63 673/1171/63
f 678/1172/591 675/1173/592 676/1174/593
f 680/1175/594 675/1173/595 677/1176/596
f 677/1176/597 740/1177/598 679/1178/599
f 677/1176/596 681/1179/600 680/1175/594
f 679/1178/601 682/1180/602 681/1179/600
f 683/1181/603 684/1182/604 686/1183/605
f 679/1178/599 685/1184/606 684/1182/607
f 687/1185/608 684/1182/607 685/1184/606
f 689/1186/609 686/1183/610 687/1185/608
f 686/1183/605 660/1150/583 683/1181/603
f 661/1187/611 689/1186/609 690/1188/612
f 687/1185/613 691/1189/614 689/1186/614
f 689/1186/614 694/1190/615 690/1188/615
f 691/1189/616 695/1191/617 694/1190/618
f 691/1189/616 738/1192/619 692/1193/620
f 698/1194/621 694/1195/622 695/1196/622
f 690/1197/623 696/1198/624 699/1199/625
f 699/1199/625 697/1200/626 700/1201/626
f 696/1198/627 708/1202/628 697/1200/629
f 699/1199/630 702/1203/631 701/1153/632
f 690/1197/633 701/1153/632 661/1152/633
f 701/1153/586 704/1204/634 662/1151/584
f 700/1201/635 703/1139/636 702/1203/631
f 702/1203/637 652/1205/638 704/1204/634
f 703/1139/636 653/1206/639 651/1140/639
f 700/1201/626 706/1207/640 705/1208/641
f 705/1208/641 646/1209/1 653/1206/1
f 697/1200/629 707/1125/642 706/1207/643
f 707/1125/642 646/1209/644 706/1207/643
f 708/1202/645 645/1210/646 707/1125/579
f 698/1194/647 709/1211/648 708/1202/645
f 695/1196/649 710/1212/650 698/1194/647
f 692/1193/651 711/1213/652 695/1191/653
f 648/1133/14 649/1132/14 711/1214/14
f 713/1215/14 648/1133/14 711/1214/14
f 649/1132/14 714/1216/14 711/1214/14
f 714/1216/14 649/1132/14 715/1217/14
f 715/1217/14 649/1132/14 647/1131/14
f 716/1218/14 648/1133/14 713/1215/14
f 717/1219/14 648/1133/14 716/1218/14
f 718/1220/14 648/1133/14 717/1219/14
f 719/1221/14 648/1133/14 718/1220/14
f 720/1222/14 648/1133/14 719/1221/14
f 648/1133/14 720/1222/14 721/1223/14
f 721/1223/14 722/1224/14 648/1133/14
f 721/1225/63 726/1226/63 722/1227/63
f 723/1228/654 724/1229/654 721/1230/654
f 728/1231/655 724/1229/656 727/1232/657
f 742/1233/63 724/1234/63 725/1235/63
f 730/1236/658 727/1237/659 729/1238/660
f 727/1237/661 732/1239/662 729/1238/663
f 729/1238/660 739/1240/664 730/1236/658
f 729/1238/663 733/1241/665 731/1242/666
f 731/1242/666 734/1243/667 736/1244/668
f 736/1244/668 735/1245/669 738/1192/670
f 731/1242/671 737/1246/672 739/1240/664
f 693/1247/673 736/1244/674 738/1192/619
f 738/1192/670 712/1248/675 692/1193/651
f 740/1177/676 737/1246/677 685/1184/678
f 685/1184/678 693/1247/613 687/1185/613
f 678/1172/679 739/1240/676 740/1177/676
f 676/1174/680 730/1236/681 678/1172/679
f 676/1168/682 725/1249/682 728/1231/682
f 741/1250/683 742/1251/684 743/1252/685
f 741/1250/71 722/1253/71 726/1254/71
f 745/1255/1 742/1251/1 744/1256/1
f 673/1171/63 742/1233/63 725/1235/63
f 746/1257/686 744/1256/687 674/1258/688
f 746/1259/100 747/1260/100 745/1261/100
f 747/1262/100 743/1263/100 745/1264/100
f 748/1265/689 749/1266/690 747/1267/691
f 749/1266/692 750/1268/693 747/1267/692
f 750/1269/100 741/1270/100 743/1271/100
f 752/1272/694 751/1273/695 750/1268/696
f 753/1274/63 754/1275/63 755/1276/63
f 757/1277/63 752/1278/63 749/1279/63
f 755/1280/697 756/1281/698 835/1282/699
f 759/1283/700 754/1284/701 757/1285/701
f 757/1277/63 851/1286/63 758/1287/63
f 759/1283/702 758/1288/703 760/1289/704
f 761/1290/705 760/1289/704 762/1291/706
f 761/1290/707 756/1281/700 759/1283/700
f 763/1292/708 762/1291/706 845/1293/709
f 763/1292/710 764/1294/707 761/1290/707
f 835/1282/699 764/1294/711 765/1295/712
f 765/1295/712 766/1296/713 767/1297/714
f 766/1296/713 769/1298/715 767/1297/714
f 771/1299/716 766/1296/710 763/1292/710
f 823/1300/717 768/1301/718 770/1302/719
f 773/1303/1 768/1301/716 771/1299/716
f 763/1292/708 772/1304/720 771/1299/721
f 774/1305/722 771/1299/721 772/1304/720
f 774/1306/723 775/1307/724 773/1308/725
f 773/1308/726 778/1309/727 770/1310/726
f 776/1311/728 777/1312/729 775/1307/724
f 777/1312/730 778/1309/727 775/1307/731
f 778/1309/732 823/1313/733 770/1310/734
f 780/1314/735 779/1315/736 778/1309/732
f 782/1316/737 781/1317/738 780/1314/735
f 777/1312/730 782/1316/1 780/1314/739
f 782/1316/737 827/1318/740 783/1319/741
f 787/1320/742 782/1316/1 785/1321/743
f 841/1322/744 785/1321/745 777/1312/729
f 785/1321/745 788/1323/746 787/1320/747
f 787/1320/747 790/1324/748 789/1325/749
f 789/1325/750 784/1326/742 787/1320/742
f 789/1325/749 801/1327/751 791/1328/752
f 791/1328/753 792/1329/750 789/1325/750
f 784/1326/754 793/1330/755 827/1318/740
f 792/1329/756 795/1331/757 793/1330/755
f 797/1332/63 794/1333/63 796/1334/63
f 798/1335/63 794/1333/63 791/1336/63
f 799/1337/63 791/1336/63 801/1338/63
f 800/1339/63 801/1338/63 802/1340/63
f 801/1327/758 803/1341/759 802/1342/758
f 802/1343/14 803/1344/14 805/1345/14
f 800/1339/63 804/1346/63 852/1347/63
f 812/1348/14 802/1349/14 805/1350/14
f 803/1344/14 806/1351/14 805/1345/14
f 806/1351/14 807/1352/14 805/1345/14
f 807/1352/14 808/1353/14 805/1345/14
f 808/1353/14 809/1354/14 805/1345/14
f 809/1354/14 811/1355/14 805/1345/14
f 811/1355/14 810/1356/14 805/1345/14
f 804/1357/14 812/1358/14 813/1359/14
f 813/1359/14 812/1358/14 814/1360/14
f 814/1360/14 812/1358/14 815/1361/14
f 815/1361/14 812/1358/14 816/1362/14
f 816/1362/14 812/1358/14 817/1363/14
f 817/1363/14 812/1358/14 819/1364/760
f 819/1364/760 812/1358/14 818/1365/14
f 819/1364/760 821/1366/761 820/1364/762
f 769/1298/763 820/1367/71 821/1368/764
f 823/1313/765 822/1369/766 820/1370/765
f 824/1371/767 779/1315/766 781/1317/768
f 825/1372/71 781/1317/768 783/1319/71
f 827/1318/769 825/1372/71 783/1319/71
f 793/1330/770 826/1373/771 827/1318/769
f 828/1374/14 821/1366/761 818/1365/14
f 769/1298/763 828/1375/772 767/1297/773
f 818/1365/14 829/1376/14 828/1374/14
f 767/1297/773 829/1377/774 765/1295/775
f 830/1378/14 829/1376/14 831/1379/14
f 765/1295/775 830/1380/776 835/1282/777
f 722/1224/14 818/1365/14 648/1133/14
f 741/1381/100 832/1382/100 831/1383/100
f 833/1384/14 832/1385/14 834/1386/14
f 831/1379/14 833/1384/14 830/1378/14
f 835/1282/777 833/1387/778 755/1280/779
f 755/1276/63 834/1388/63 753/1274/63
f 753/1389/780 832/1390/780 751/1273/780
f 795/1331/781 813/1391/770 793/1330/770
f 837/1392/14 811/1355/14 836/1355/1
f 772/1304/782 836/1393/101 774/1305/101
f 838/1394/783 774/1306/784 836/1395/784
f 776/1311/785 839/1396/786 841/1322/787
f 841/1322/787 840/1397/101 786/1398/101
f 788/1323/788 840/1397/101 842/1399/789
f 790/1324/759 842/1399/789 803/1341/759
f 843/1400/14 810/1356/14 837/1392/14
f 843/1401/790 772/1304/782 845/1293/791
f 844/1402/14 810/1356/14 843/1400/14
f 845/1293/791 844/1403/792 843/1401/790
f 846/1404/14 847/1405/14 844/1402/14
f 762/1291/793 846/1406/794 844/1403/792
f 670/1161/14 810/1356/14 847/1405/14
f 670/1407/101 746/1257/101 674/1258/101
f 848/1408/100 746/1409/100 847/1410/100
f 849/1411/14 848/1412/14 847/1405/14
f 847/1405/14 846/1404/14 849/1411/14
f 760/1289/795 849/1413/796 846/1406/794
f 758/1287/63 850/1414/63 849/1415/63
f 848/1416/797 851/1417/797 748/1265/797
f 852/1347/63 795/1418/63 797/1332/63
f 854/1419/798 857/1420/799 853/1421/799
f 853/1421/799 889/1422/800 854/1419/798
f 853/1421/799 859/1423/801 855/1424/802
f 855/1424/802 856/1425/803 853/1421/799
f 861/1426/804 857/1427/805 858/1428/806
f 859/1429/807 860/1430/808 863/1431/809
f 902/1432/810 860/1430/808 861/1426/804
f 863/1431/809 862/1433/811 864/1434/812
f 855/1435/813 863/1436/813 864/1437/813
f 863/1436/813 855/1435/813 859/1438/813
f 865/1439/813 855/1435/813 864/1437/813
f 864/1434/812 867/1440/814 865/1441/815
f 855/1435/813 865/1439/813 866/1442/813
f 869/1443/816 865/1441/815 867/1440/814
f 868/1444/817 862/1433/811 902/1432/810
f 867/1440/814 870/1445/818 869/1443/816
f 869/1446/819 872/1447/820 871/1448/821
f 871/1448/821 866/1449/822 869/1446/819
f 897/1450/823 871/1448/824 872/1447/825
f 873/1451/826 874/1452/827 871/1448/824
f 875/1453/813 855/1435/813 874/1454/813
f 855/1435/813 866/1442/813 874/1454/813
f 876/1455/813 855/1435/813 875/1453/813
f 878/1456/828 875/1457/829 873/1458/830
f 880/1459/831 876/1460/832 878/1456/828
f 855/1435/813 876/1455/813 877/1461/813
f 873/1458/830 879/1462/833 878/1456/828
f 878/1456/828 881/1463/834 880/1459/831
f 880/1459/831 883/1464/835 882/1465/836
f 877/1466/837 882/1465/836 884/1467/63
f 877/1461/813 884/1468/813 855/1435/813
f 884/1468/813 886/1469/813 855/1435/813
f 886/1470/838 887/1471/839 856/1472/840
f 888/1473/841 856/1472/841 887/1471/841
f 888/1473/842 891/1474/843 889/1475/844
f 891/1476/845 892/1477/845 893/1478/845
f 892/1477/845 894/1479/845 893/1478/845
f 883/1464/835 894/1480/846 892/1481/63
f 881/1463/834 895/1482/847 894/1480/846
f 894/1479/845 895/1483/845 893/1478/845
f 879/1462/833 896/1484/848 895/1482/847
f 895/1483/845 896/1485/845 893/1478/845
f 897/1450/823 898/1486/849 896/1487/850
f 896/1485/845 898/1488/845 893/1478/845
f 872/1447/820 899/1489/851 898/1486/852
f 898/1488/845 899/1490/845 893/1478/845
f 870/1445/818 900/1491/853 899/1492/854
f 899/1490/845 900/1493/845 893/1478/845
f 868/1444/817 901/1494/855 900/1491/853
f 900/1493/845 901/1495/845 893/1478/845
f 902/1432/810 903/1496/856 901/1494/855
f 901/1495/845 903/1497/845 893/1478/845
f 904/1498/857 861/1426/804 858/1428/806
f 903/1497/845 904/1499/845 893/1478/845
f 904/1500/858 854/1419/798 893/1501/859
f 889/1422/800 893/1501/859 854/1419/798
f 905/1502/14 934/1503/14 906/1504/14
f 906/1505/100 908/1506/100 905/1507/100
f 905/1507/100 922/1508/100 909/1509/100
f 907/1510/100 908/1506/100 930/1511/100
f 909/1512/14 916/1513/14 905/1502/14
f 905/1502/14 911/1514/14 910/1515/14
f 905/1502/14 912/1516/14 911/1514/14
f 905/1502/14 913/1517/14 912/1516/14
f 915/1518/14 913/1517/14 905/1502/14
f 917/1519/14 914/1520/14 905/1502/14
f 905/1502/14 914/1520/14 915/1518/14
f 905/1502/14 916/1513/14 918/1521/14
f 918/1521/14 917/1519/14 905/1502/14
f 920/1522/860 918/1523/861 919/1524/861
f 919/1524/861 916/1525/862 921/1526/863
f 907/1527/864 920/1528/865 919/1529/864
f 919/1529/864 921/1530/864 907/1527/864
f 921/1526/863 909/1531/71 922/1532/71
f 907/1527/864 921/1530/864 922/1533/864
f 923/1534/864 920/1528/865 907/1527/864
f 917/1535/866 923/1536/867 914/1537/867
f 924/1538/864 923/1534/864 907/1527/864
f 914/1537/868 924/1539/868 915/1540/868
f 907/1527/864 925/1541/864 924/1538/864
f 915/1540/869 925/1542/869 913/1543/869
f 913/1543/870 926/1544/871 912/1545/872
f 926/1546/864 925/1541/864 907/1527/864
f 912/1545/872 927/1547/873 911/1548/874
f 907/1527/864 927/1549/864 926/1546/864
f 910/1550/63 927/1547/873 928/1551/63
f 927/1549/864 907/1527/864 928/1552/864
f 907/1527/864 929/1553/864 928/1552/864
f 908/1554/101 929/1555/101 930/1556/101
f 933/1557/1 931/1558/1 908/1559/1
f 934/1560/101 933/1561/101 906/1562/101
f 936/1563/875 939/1564/876 940/1565/877
f 935/1566/878 971/1567/879 938/1568/880
f 935/1566/878 941/1569/881 939/1564/876
f 937/1570/882 938/1568/880 968/1571/883
f 943/1572/884 939/1573/885 942/1574/886
f 941/1575/887 942/1574/886 939/1573/885
f 942/1574/886 984/1576/888 943/1572/884
f 944/1577/889 945/1578/890 946/1579/891
f 937/1580/892 946/1581/892 945/1582/892
f 945/1582/892 941/1583/892 937/1580/892
f 947/1584/892 946/1581/892 937/1580/892
f 949/1585/893 946/1579/891 947/1586/894
f 937/1580/892 948/1587/892 947/1584/892
f 947/1586/894 951/1588/895 949/1585/893
f 944/1577/889 950/1589/896 984/1576/888
f 949/1585/893 952/1590/897 950/1589/896
f 951/1591/898 954/1592/899 952/1593/900
f 948/1594/901 953/1595/902 951/1591/898
f 953/1595/903 979/1596/904 954/1592/905
f 956/1597/906 955/1598/907 953/1595/903
f 957/1599/892 956/1600/892 937/1580/892
f 937/1580/892 956/1600/892 948/1587/892
f 958/1601/892 957/1599/892 937/1580/892
f 957/1602/908 960/1603/909 955/1604/910
f 958/1605/911 962/1606/912 960/1603/909
f 937/1580/892 959/1607/892 958/1601/892
f 955/1604/910 961/1608/913 979/1609/914
f 960/1603/909 963/1610/915 961/1608/913
f 965/1611/916 962/1606/912 964/1612/917
f 964/1612/917 959/1613/918 966/1614/63
f 959/1607/892 937/1580/892 966/1615/892
f 966/1615/892 968/1616/892 967/1617/892
f 968/1618/919 969/1619/920 967/1620/14
f 970/1621/921 938/1622/921 971/1623/921
f 973/1624/922 970/1621/923 971/1623/924
f 974/1625/845 973/1626/845 975/1627/845
f 974/1625/845 975/1627/845 976/1628/845
f 965/1611/916 976/1629/925 963/1610/915
f 977/1630/926 963/1610/915 976/1629/925
f 976/1628/845 975/1627/845 977/1631/845
f 978/1632/927 961/1608/913 977/1630/926
f 977/1631/845 975/1627/845 978/1633/845
f 980/1634/928 979/1596/904 978/1635/929
f 978/1633/845 975/1627/845 980/1636/845
f 981/1637/930 954/1592/899 980/1634/931
f 980/1636/845 975/1627/845 981/1638/845
f 982/1639/932 952/1590/897 981/1640/933
f 981/1638/845 975/1627/845 982/1641/845
f 950/1589/896 983/1642/934 984/1576/888
f 982/1641/845 975/1627/845 983/1643/845
f 984/1576/888 985/1644/935 943/1572/884
f 983/1643/845 975/1627/845 985/1645/845
f 943/1572/884 986/1646/936 940/1647/937
f 985/1645/845 975/1627/845 986/1648/845
f 936/1563/875 986/1649/938 975/1650/939
f 975/1650/939 971/1567/879 936/1563/875
f 1016/1651/14 987/1652/14 988/1653/14
f 990/1654/100 988/1655/100 987/1656/100
f 1004/1657/100 987/1656/100 991/1658/100
f 989/1659/100 990/1654/100 987/1656/100
f 991/1660/14 987/1652/14 998/1661/14
f 987/1652/14 992/1662/14 993/1663/14
f 987/1652/14 993/1663/14 994/1664/14
f 987/1652/14 994/1664/14 995/1665/14
f 997/1666/14 987/1652/14 995/1665/14
f 999/1667/14 987/1652/14 996/1668/14
f 987/1652/14 997/1666/14 996/1668/14
f 987/1652/14 1000/1669/14 998/1661/14
f 1000/1669/14 987/1652/14 999/1667/14
f 1002/1670/940 1000/1671/941 999/1672/942
f 1001/1673/941 998/1674/943 1000/1671/941
f 989/1675/864 1001/1676/865 1002/1677/865
f 1001/1676/865 989/1675/864 1003/1678/864
f 991/1679/101 1003/1680/944 1004/1681/101
f 989/1675/864 1004/1682/864 1003/1678/864
f 1005/1683/864 989/1675/864 1002/1677/865
f 1005/1684/945 999/1672/942 996/1685/945
f 1006/1686/864 989/1675/864 1005/1683/864
f 1006/1687/946 996/1685/946 997/1688/946
f 989/1675/864 1006/1686/864 1007/1689/864
f 1007/1690/947 997/1688/947 995/1691/947
f 1008/1692/948 995/1691/949 994/1693/950
f 1008/1694/864 989/1675/864 1007/1689/864
f 1009/1695/951 994/1693/950 993/1696/952
f 989/1675/864 1008/1694/864 1009/1697/864
f 1009/1695/951 992/1698/63 1010/1699/63
f 1009/1697/864 1010/1700/864 989/1675/864
f 1011/1701/864 989/1675/864 1010/1700/864
f 1011/1702/71 990/1703/71 1012/1704/71
f 1013/1705/1 1015/1706/1 990/1707/1
f 1015/1708/71 1016/1709/71 988/1710/71
f 1018/1711/953 1019/1712/954 1017/1713/955
f 1020/1714/956 1021/1715/1 1019/1712/954
f 1022/1716/957 1023/1717/958 1021/1715/1
f 1024/1718/959 1025/1719/232 1023/1717/958
f 1026/1720/960 1027/1721/961 1025/1719/232
f 1028/1722/962 1029/1723/71 1027/1721/961
f 1030/1724/963 1031/1725/964 1029/1723/71
f 1032/1726/965 1033/1727/966 1031/1725/964
f 1034/1728/967 1037/1729/968 1035/1730/969
f 1037/1729/968 1036/1731/970 1035/1730/969
f 1032/1732/965 1039/1733/971 1037/1729/968
f 1039/1733/971 1038/1734/972 1037/1729/968
f 1028/1735/962 1039/1733/971 1030/1736/963
f 1041/1737/973 1040/1738/974 1039/1733/971
f 1028/1735/962 1043/1739/975 1041/1737/973
f 1043/1739/975 1042/1740/976 1041/1737/973
f 1026/1741/960 1045/1742/977 1043/1739/975
f 1045/1742/977 1044/1743/978 1043/1739/975
f 1024/1744/959 1047/1745/979 1045/1742/977
f 1047/1745/979 1046/1746/980 1045/1742/977
f 1020/1747/956 1047/1745/979 1022/1748/957
f 1049/1749/981 1048/1750/982 1047/1745/979
f 1018/1751/953 1049/1749/981 1020/1747/956
f 1051/1752/983 1050/1753/984 1049/1749/981
f 1052/1754/985 1055/1755/986 1050/1756/984
f 1053/1757/987 1056/1758/988 1055/1755/986
f 1055/1755/986 1058/1759/989 1057/1760/990
f 1048/1761/982 1055/1755/986 1057/1760/990
f 1057/1760/990 1060/1762/991 1059/1763/992
f 1046/1764/980 1057/1760/990 1059/1763/992
f 1059/1763/992 1062/1765/993 1061/1766/994
f 1046/1764/980 1061/1766/994 1044/1767/978
f 1061/1766/994 1064/1768/995 1063/1769/996
f 1044/1767/978 1063/1769/996 1042/1770/976
f 1063/1769/996 1066/1771/997 1065/1772/998
f 1042/1770/976 1065/1772/998 1040/1773/974
f 1065/1772/998 1068/1774/999 1067/1775/1000
f 1038/1776/972 1065/1772/998 1067/1775/1000
f 1067/1775/1000 1070/1777/1001 1069/1778/1002
f 1038/1776/972 1069/1778/1002 1036/1779/970
f 1068/1780/999 1071/1781/1003 1070/1782/1001
f 1072/1783/1004 1073/1784/1005 1071/1785/1006
f 1074/1786/1007 1075/1787/1008 1076/1788/1009
f 1076/1788/1009 1077/1789/1010 1078/1790/1011
f 1072/1783/1004 1077/1789/1010 1075/1787/1008
f 1304/1791/1012 1077/1789/1010 1079/1792/1013
f 1081/1793/1014 1077/1789/1010 1080/1794/1015
f 1066/1795/997 1081/1796/1016 1080/1797/1017
f 1066/1795/997 1072/1798/1018 1068/1780/999
f 1081/1793/1014 1084/1799/1019 1079/1792/1013
f 1062/1800/993 1081/1796/1016 1064/1801/995
f 1083/1802/1020 1084/1799/1019 1082/1803/1021
f 1060/1804/991 1082/1805/1022 1062/1800/993
f 1085/1806/1023 1086/1807/1024 1087/1808/1025
f 1085/1806/1023 1079/1792/1013 1084/1799/1019
f 1087/1808/1025 1088/1809/1026 1089/1810/1027
f 1083/1802/1020 1088/1809/1026 1086/1807/1024
f 1097/1811/1028 1088/1809/1026 1090/1812/1029
f 1091/1813/1030 1090/1812/1029 1088/1809/1026
f 1058/1814/989 1092/1815/1031 1091/1816/1032
f 1058/1814/989 1083/1817/1033 1060/1804/991
f 1093/1818/1034 1090/1812/1029 1092/1819/1035
f 1054/1820/1036 1092/1815/1031 1056/1821/988
f 1097/1811/1028 1094/1822/1037 1095/1823/1038
f 1096/1824/1039 1097/1811/1028 1095/1823/1038
f 1098/1825/1040 1089/1810/1027 1097/1811/1028
f 1098/1825/1040 1102/1826/1041 1099/1827/1042
f 1098/1825/1040 1101/1828/1043 1100/1829/1044
f 1100/1830/1045 1106/1831/1046 1103/1832/1047
f 1100/1830/1045 1104/1833/1048 1102/1834/1049
f 1104/1833/1048 1105/1835/1050 1139/1836/1051
f 1103/1832/1047 1107/1837/1052 1105/1835/1050
f 1107/1837/1052 1109/1838/1053 1105/1835/1050
f 1108/1839/1054 1111/1840/1055 1109/1838/1053
f 1110/1841/1056 1113/1842/1057 1111/1840/1055
f 1113/1843/954 1114/1844/955 1115/1845/954
f 1115/1846/1058 1116/1847/1059 1117/1848/1060
f 1117/1848/1060 1118/1849/1061 1119/1850/1062
f 1119/1850/1062 1120/1851/1063 1122/1852/1064
f 1123/1853/1065 1120/1851/1063 1121/1854/1066
f 1125/1855/1067 1122/1852/1064 1123/1853/1065
f 1127/1856/1068 1122/1852/1064 1124/1857/1069
f 1126/1858/1070 1125/1855/1067 1285/1859/1071
f 1128/1860/1072 1124/1857/1069 1126/1858/1070
f 1129/1861/1073 1119/1850/1062 1127/1856/1068
f 1130/1862/1074 1127/1856/1068 1128/1860/1072
f 1129/1861/1073 1115/1846/1058 1117/1848/1060
f 1132/1863/1075 1129/1861/1073 1130/1862/1074
f 1133/1864/1 1115/1845/954 1131/1865/1
f 1134/1866/958 1131/1865/1 1132/1867/958
f 1135/1868/1076 1113/1842/1057 1133/1869/1077
f 1135/1868/1076 1134/1870/1078 1136/1871/1079
f 1137/1872/1080 1111/1840/1055 1135/1868/1076
f 1137/1872/1080 1136/1871/1079 1138/1873/1081
f 1105/1835/1050 1137/1872/1080 1139/1836/1051
f 1139/1836/1051 1138/1873/1081 1140/1874/1082
f 1104/1833/1048 1140/1874/1082 1141/1875/1083
f 1141/1875/1083 1142/1876/1084 1143/1877/1085
f 1140/1874/1082 1145/1878/1086 1142/1876/1084
f 1143/1877/1085 1144/1879/1087 1300/1880/1088
f 1142/1876/1084 1146/1881/1089 1144/1879/1087
f 1145/1878/1086 1148/1882/1090 1146/1881/1089
f 1145/1878/1086 1136/1871/1079 1147/1883/1091
f 1147/1883/1091 1150/1884/1092 1148/1882/1090
f 1147/1883/1091 1134/1870/1078 1149/1885/1093
f 1150/1886/961 1151/1887/232 1152/1888/961
f 1149/1889/232 1132/1867/958 1151/1887/232
f 1154/1890/1094 1151/1891/1095 1153/1892/1096
f 1151/1891/1095 1130/1862/1074 1153/1892/1096
f 1154/1890/1094 1155/1893/1097 1156/1894/1098
f 1153/1892/1096 1128/1860/1072 1155/1893/1097
f 1156/1894/1098 1157/1895/1099 1159/1896/1100
f 1155/1893/1097 1126/1858/1070 1157/1895/1099
f 1157/1895/1099 1285/1859/1071 1158/1897/1101
f 1160/1898/1102 1157/1895/1099 1158/1897/1101
f 1161/1899/1103 1160/1898/1102 1162/1900/1104
f 1164/1901/1105 1159/1896/1100 1161/1899/1103
f 1190/1902/1106 1161/1899/1103 1162/1900/1104
f 1165/1903/1107 1161/1899/1103 1163/1904/1108
f 1167/1905/1109 1164/1901/1105 1165/1903/1107
f 1164/1901/1105 1154/1890/1094 1156/1894/1098
f 1169/1906/1110 1166/1907/1111 1167/1905/1109
f 1166/1907/1111 1152/1908/1112 1154/1890/1094
f 1171/1909/964 1168/1910/71 1169/1911/964
f 1170/1912/71 1152/1888/961 1168/1910/71
f 1172/1913/1113 1171/1914/1114 1173/1915/1115
f 1172/1913/1113 1150/1884/1092 1170/1916/1116
f 1174/1917/1117 1173/1915/1115 1175/1918/1118
f 1174/1917/1117 1148/1882/1090 1172/1913/1113
f 1176/1919/1119 1175/1918/1118 1178/1920/1120
f 1144/1879/1087 1174/1917/1117 1176/1919/1119
f 1300/1880/1088 1176/1919/1119 1177/1921/1121
f 1179/1922/1122 1176/1919/1119 1178/1920/1120
f 1179/1922/1122 1180/1923/1123 1181/1924/1124
f 1178/1920/1120 1182/1925/1125 1180/1923/1123
f 1175/1918/1118 1183/1926/1126 1182/1925/1125
f 1183/1926/1126 1171/1914/1114 1184/1927/1127
f 1184/1928/966 1169/1911/964 1185/1929/966
f 1185/1930/1128 1167/1905/1109 1186/1931/1129
f 1186/1931/1129 1165/1903/1107 1187/1932/1130
f 1187/1932/1130 1163/1904/1108 1188/1933/1131
f 1188/1933/1131 1190/1902/1106 1189/1934/1132
f 1189/1934/1132 1192/1935/1133 1191/1936/1134
f 1193/1937/1135 1192/1938/1136 1195/1939/1137
f 1195/1939/1137 1194/1940/1138 1193/1937/1135
f 1196/1941/1139 1197/1942/1140 1195/1939/1137
f 1192/1938/1136 1196/1941/1139 1195/1939/1137
f 1200/1943/1141 1197/1942/1140 1198/1944/1142
f 1199/1945/1143 1194/1940/1138 1197/1942/1140
f 1202/1946/1144 1200/1943/1141 1203/1947/1145
f 1204/1948/1146 1199/1945/1143 1202/1946/1144
f 1202/1949/1147 1206/1950/1148 1205/1951/1149
f 1204/1952/1150 1205/1951/1149 1207/1953/1151
f 1205/1954/1149 1210/1955/1152 1208/1956/1153
f 1207/1957/1151 1208/1956/1153 1209/1958/1154
f 1209/1958/1154 1211/1959/1155 1214/1960/1156
f 1211/1959/1155 1210/1955/1152 1213/1961/1157
f 1214/1962/1156 1212/1963/1158 1215/1964/1159
f 1212/1963/1158 1213/1965/1157 1224/1966/1160
f 1216/1967/1161 1212/1963/1158 1217/1968/1162
f 1218/1969/966 1217/1970/1162 1219/1971/964
f 1219/1971/964 1222/1972/1163 1220/1973/71
f 1220/1973/71 1223/1974/1164 1221/1975/961
f 1222/1976/1163 1225/1977/1165 1223/1978/1164
f 1217/1968/1162 1224/1966/1160 1222/1976/1163
f 1213/1965/1157 1225/1977/1165 1224/1966/1160
f 1223/1978/1164 1227/1979/1166 1228/1980/1167
f 1226/1981/1168 1227/1979/1166 1225/1977/1165
f 1228/1980/1167 1230/1982/1169 1231/1983/1170
f 1227/1979/1166 1232/1984/1171 1230/1982/1169
f 1231/1983/1170 1233/1985/1172 1234/1986/1173
f 1232/1984/1171 1233/1985/1172 1230/1982/1169
f 1233/1985/1172 1237/1987/1174 1234/1986/1173
f 1233/1985/1172 1238/1988/1175 1236/1989/1176
f 1237/1987/1174 1239/1990/1177 1240/1991/1178
f 1238/1988/1175 1239/1990/1177 1236/1989/1176
f 1244/1992/1179 1241/1993/1180 1238/1994/1175
f 1245/1995/1181 1242/1996/1182 1244/1992/1179
f 1247/1997/1183 1244/1992/1179 1246/1998/1184
f 1235/1999/1185 1244/1992/1179 1238/1994/1175
f 1249/2000/1186 1246/1998/1184 1248/2001/1187
f 1248/2001/1187 1235/1999/1185 1232/2002/1171
f 1251/2003/1188 1248/2001/1187 1250/2004/1189
f 1229/2005/1190 1248/2001/1187 1232/2002/1171
f 1253/2006/1191 1250/2004/1189 1252/2007/1192
f 1252/2007/1192 1229/2005/1190 1226/2008/1168
f 1206/2009/1148 1252/2007/1192 1210/1955/1152
f 1210/1955/1152 1226/2008/1168 1213/1961/1157
f 1254/2010/1193 1251/2011/1188 1253/2012/1191
f 1206/1950/1148 1254/2010/1193 1253/2012/1191
f 1254/2013/1194 1258/2014/1195 1255/2015/1196
f 1203/1947/1145 1256/2016/1197 1254/2013/1194
f 1259/2017/1198 1256/2016/1197 1257/2018/1199
f 1257/2018/1199 1200/1943/1141 1198/1944/1142
f 1260/2019/1200 1259/2017/1198 1261/2020/1201
f 1258/2014/1195 1263/2021/1202 1255/2015/1196
f 1262/2022/1203 1261/2020/1201 1278/2023/1204
f 1263/2021/1202 1262/2022/1203 1264/2024/1205
f 1263/2025/1206 1247/2026/1183 1249/2027/1186
f 1255/2028/1207 1249/2027/1186 1251/2011/1188
f 1262/2022/1203 1265/2029/1208 1264/2024/1205
f 1264/2030/1209 1245/2031/1181 1247/2026/1183
f 1267/2032/1210 1266/2033/1211 1265/2029/1208
f 1265/2034/1212 1243/2035/1213 1245/2031/1181
f 1269/2036/1214 1268/2037/1215 1270/2038/1216
f 1267/2032/1210 1278/2023/1204 1268/2037/1215
f 1270/2038/1216 1272/2039/1217 1271/2040/1218
f 1272/2039/1217 1273/2041/1219 1271/2040/1218
f 1123/1853/1065 1273/2042/1220 1274/2043/1221
f 1125/1855/1067 1274/2043/1221 1275/2044/1222
f 1277/2045/1223 1274/2046/1224 1272/2039/1217
f 1276/2047/1225 1125/1855/1067 1275/2044/1222
f 1276/2048/1226 1277/2045/1223 1279/2049/1227
f 1272/2039/1217 1278/2023/1204 1277/2045/1223
f 1278/2023/1204 1279/2049/1227 1277/2045/1223
f 1261/2020/1201 1280/2050/1228 1279/2049/1227
f 1282/2051/1229 1279/2049/1227 1280/2050/1228
f 1259/2017/1198 1281/2052/1230 1280/2050/1228
f 1283/2053/1231 1280/2050/1228 1281/2052/1230
f 1158/1897/1101 1276/2047/1225 1282/2054/1232
f 1283/2055/1233 1158/1897/1101 1282/2054/1232
f 1162/1900/1104 1283/2055/1233 1284/2056/1234
f 1196/1941/1139 1283/2053/1231 1281/2052/1230
f 1192/1935/1133 1162/1900/1104 1284/2056/1234
f 1281/2052/1230 1198/1944/1142 1196/1941/1139
f 1287/2057/954 1240/2058/1178 1286/2059/955
f 1288/2060/1 1237/2061/1174 1287/2057/954
f 1289/2062/958 1234/2063/1173 1288/2060/1
f 1290/2064/232 1231/2065/1170 1289/2062/958
f 1221/1975/961 1228/2066/1167 1290/2064/232
f 1292/2067/1235 1181/1924/1124 1291/2068/1236
f 1293/2069/1237 1292/2070/1238 1291/2071/1239
f 1293/2069/1237 1076/1788/1009 1294/2072/1240
f 1295/2073/1241 1076/1788/1009 1078/1790/1011
f 1295/2073/1241 1292/2070/1238 1294/2072/1240
f 1295/2073/1241 1304/1791/1012 1296/2074/1242
f 1296/2074/1242 1297/2075/1243 1295/2073/1241
f 1298/2076/1244 1177/1921/1121 1297/2077/1245
f 1292/2067/1235 1177/1921/1121 1179/1922/1122
f 1298/2076/1244 1143/1877/1085 1300/1880/1088
f 1302/2078/1246 1298/2079/1247 1296/2074/1242
f 1303/2080/1248 1299/2081/1249 1302/2078/1246
f 1301/2082/1250 1143/1877/1085 1299/2083/1251
f 1302/2078/1246 1087/1808/1025 1303/2080/1248
f 1302/2078/1246 1304/1791/1012 1085/1806/1023
f 1099/1827/1042 1087/1808/1025 1089/1810/1027
f 1099/1827/1042 1301/2084/1252 1303/2080/1248
f 1301/2082/1250 1104/1833/1048 1141/1875/1083
f 1307/2085/958 1306/2086/1253 1305/2087/1254
f 1309/2088/1 1308/2089/1255 1307/2085/958
f 1311/2090/954 1310/2091/1256 1309/2088/1
f 1313/2092/190 1312/2093/1257 1311/2090/954
f 1315/2094/1258 1314/2095/1259 1313/2092/190
f 1317/2096/101 1316/2097/1260 1315/2094/1258
f 1319/2098/1261 1318/2099/1262 1317/2096/101
f 1321/2100/1263 1320/2101/1264 1319/2098/1261
f 1323/2102/1265 1320/2103/1264 1322/2104/1266
f 1324/2105/1267 1325/2106/1268 1323/2102/1265
f 1320/2103/1264 1327/2107/1269 1318/2108/1262
f 1326/2109/1270 1327/2107/1269 1325/2106/1268
f 1318/2108/1262 1329/2110/1271 1316/2111/1260
f 1328/2112/1272 1329/2110/1271 1327/2107/1269
f 1316/2111/1260 1331/2113/1273 1314/2114/1259
f 1330/2115/1274 1331/2113/1273 1329/2110/1271
f 1314/2114/1259 1333/2116/1275 1312/2117/1257
f 1332/2118/1276 1333/2116/1275 1331/2113/1273
f 1333/2116/1275 1310/2119/1256 1312/2117/1257
f 1334/2120/1277 1335/2121/1278 1333/2116/1275
f 1335/2121/1278 1308/2122/1255 1310/2119/1256
f 1336/2123/1279 1337/2124/1280 1335/2121/1278
f 1337/2124/1280 1306/2125/1253 1308/2122/1255
f 1338/2126/1281 1339/2127/1282 1337/2124/1280
f 1343/2128/1283 1340/2129/1284 1338/2130/1281
f 1344/2131/1285 1341/2132/1286 1343/2128/1283
f 1346/2133/1287 1343/2128/1283 1345/2134/990
f 1345/2134/990 1338/2130/1281 1336/2135/1279
f 1348/2136/1288 1345/2134/990 1347/2137/1289
f 1347/2137/1289 1336/2135/1279 1334/2138/1277
f 1350/2139/1290 1347/2137/1289 1349/2140/1291
f 1349/2140/1291 1334/2138/1277 1332/2141/1276
f 1352/2142/1292 1349/2140/1291 1351/2143/1293
f 1351/2143/1293 1332/2141/1276 1330/2144/1274
f 1354/2145/1294 1351/2143/1293 1353/2146/1295
f 1328/2147/1272 1351/2143/1293 1330/2144/1274
f 1356/2148/1296 1353/2146/1295 1355/2149/1297
f 1355/2149/1297 1328/2147/1272 1326/2150/1270
f 1358/2151/1298 1355/2149/1297 1357/2152/1299
f 1357/2152/1299 1326/2150/1270 1324/2153/1267
f 1359/2154/1300 1356/2155/1296 1358/2156/1298
f 1359/2157/1301 1363/2158/1302 1360/2159/1303
f 1363/2158/1302 1362/2160/1304 1364/2161/1305
f 1365/2162/1306 1364/2161/1305 1366/2163/1307
f 1360/2159/1303 1365/2162/1306 1368/2164/1308
f 1367/2165/1309 1366/2163/1307 1592/2166/1310
f 1365/2162/1306 1369/2167/1311 1368/2164/1308
f 1354/2168/1294 1369/2169/1312 1352/2170/1292
f 1360/2171/1313 1354/2168/1294 1356/2155/1296
f 1367/2165/1309 1370/2172/1314 1369/2167/1311
f 1369/2169/1312 1350/2173/1290 1352/2170/1292
f 1372/2174/1315 1371/2175/1035 1370/2172/1314
f 1350/2173/1290 1371/2176/1031 1348/2177/1288
f 1375/2178/1316 1372/2174/1315 1373/2179/1317
f 1373/2179/1317 1367/2165/1309 1592/2166/1310
f 1377/2180/1318 1374/2181/1319 1375/2178/1316
f 1374/2181/1319 1379/2182/1030 1371/2175/1035
f 1385/2183/1320 1376/2184/1321 1377/2180/1318
f 1379/2182/1030 1378/2185/1322 1380/2186/1020
f 1379/2187/1032 1344/2188/1285 1346/2189/1287
f 1348/2177/1288 1379/2187/1032 1346/2189/1287
f 1378/2185/1322 1381/2190/1323 1380/2186/1020
f 1344/2188/1285 1381/2191/1324 1342/2192/1325
f 1382/2193/1326 1385/2183/1320 1383/2194/1327
f 1383/2194/1327 1386/2195/1328 1384/2196/1329
f 1385/2183/1320 1387/2197/1330 1386/2195/1328
f 1390/2198/1041 1386/2195/1328 1387/2197/1330
f 1386/2195/1328 1389/2199/1331 1384/2196/1329
f 1388/2200/1250 1394/2201/1332 1389/2202/1333
f 1392/2203/1334 1388/2200/1250 1390/2204/1049
f 1427/2205/1335 1391/2206/1336 1392/2203/1334
f 1393/2207/1337 1394/2201/1332 1391/2206/1336
f 1397/2208/1338 1395/2209/1339 1393/2207/1337
f 1399/2210/1340 1396/2211/1341 1397/2208/1338
f 1399/2210/1340 1400/2212/1342 1398/2213/1343
f 1402/2214/1254 1401/2215/958 1403/2216/958
f 1405/2217/1344 1402/2218/1345 1403/2219/1075
f 1406/2220/1346 1405/2217/1344 1407/2221/1347
f 1408/2222/1348 1407/2221/1347 1410/2223/1349
f 1409/2224/1350 1410/2223/1349 1411/2225/1351
f 1413/2226/1352 1410/2223/1349 1412/2227/1353
f 1410/2223/1349 1415/2228/1354 1412/2227/1353
f 1413/2226/1352 1414/2229/1355 1573/2230/1356
f 1412/2227/1353 1416/2231/1357 1414/2229/1355
f 1407/2221/1347 1417/2232/1358 1415/2228/1354
f 1415/2228/1354 1418/2233/1359 1416/2231/1357
f 1417/2232/1358 1403/2219/1075 1419/2234/1360
f 1417/2232/1358 1420/2235/1058 1418/2233/1359
f 1403/2216/958 1421/2236/1 1419/2237/1
f 1419/2237/1 1422/2238/954 1420/2239/954
f 1423/2240/1361 1401/2241/1078 1399/2210/1340
f 1422/2242/1057 1423/2240/1361 1424/2243/1055
f 1425/2244/1362 1399/2210/1340 1397/2208/1338
f 1424/2243/1055 1425/2244/1362 1426/2245/1363
f 1425/2244/1362 1393/2207/1337 1427/2205/1335
f 1426/2245/1363 1427/2205/1335 1428/2246/1050
f 1428/2246/1050 1392/2203/1334 1429/2247/1047
f 1430/2248/1364 1429/2247/1047 1431/2249/1365
f 1433/2250/1366 1428/2246/1050 1430/2248/1364
f 1588/2251/1367 1430/2248/1364 1431/2249/1365
f 1434/2252/1368 1430/2248/1364 1432/2253/1369
f 1436/2254/1370 1433/2250/1366 1434/2252/1368
f 1433/2250/1366 1424/2243/1055 1426/2245/1363
f 1438/2255/1371 1435/2256/1372 1436/2254/1370
f 1435/2256/1372 1422/2242/1057 1424/2243/1055
f 1439/2257/190 1438/2258/1258 1440/2259/1258
f 1420/2239/954 1437/2260/190 1439/2257/190
f 1442/2261/1373 1439/2262/1374 1440/2263/1375
f 1418/2233/1359 1439/2262/1374 1441/2264/1376
f 1443/2265/1377 1442/2261/1373 1444/2266/1378
f 1443/2265/1377 1418/2233/1359 1441/2264/1376
f 1445/2267/1379 1444/2266/1378 1447/2268/1380
f 1414/2229/1355 1443/2265/1377 1445/2267/1379
f 1573/2230/1356 1445/2267/1379 1446/2269/1381
f 1446/2269/1381 1447/2268/1380 1448/2270/1382
f 1448/2270/1382 1449/2271/1383 1450/2272/1384
f 1447/2268/1380 1452/2273/1385 1449/2271/1383
f 1478/2274/1386 1449/2271/1383 1451/2275/1387
f 1449/2271/1383 1453/2276/1388 1451/2275/1387
f 1452/2273/1385 1455/2277/1389 1453/2276/1388
f 1452/2273/1385 1442/2261/1373 1454/2278/1390
f 1454/2278/1390 1457/2279/1391 1455/2277/1389
f 1454/2278/1390 1440/2263/1375 1456/2280/1392
f 1456/2281/101 1459/2282/1261 1457/2283/1261
f 1440/2259/1258 1458/2284/101 1456/2281/101
f 1459/2285/1393 1460/2286/1394 1461/2287/1395
f 1460/2286/1394 1438/2255/1371 1436/2254/1370
f 1461/2287/1395 1462/2288/1396 1463/2289/1397
f 1462/2288/1396 1436/2254/1370 1434/2252/1368
f 1463/2289/1397 1464/2290/1398 1466/2291/1399
f 1462/2288/1396 1432/2253/1369 1464/2290/1398
f 1465/2292/1400 1432/2253/1369 1588/2251/1367
f 1467/2293/1401 1464/2290/1398 1465/2292/1400
f 1469/2294/1402 1466/2291/1399 1467/2293/1401
f 1470/2295/1403 1466/2291/1399 1468/2296/1404
f 1470/2295/1403 1461/2287/1395 1463/2289/1397
f 1472/2297/1405 1461/2287/1395 1471/2298/1406
f 1457/2283/1261 1472/2299/1263 1473/2300/1263
f 1474/2301/1407 1457/2279/1391 1473/2302/1408
f 1453/2276/1388 1474/2301/1407 1475/2303/1409
f 1451/2275/1387 1475/2303/1409 1476/2304/1410
f 1478/2274/1386 1476/2304/1410 1477/2305/1411
f 1479/2306/1412 1478/2274/1386 1477/2305/1411
f 1481/2307/1413 1480/2308/1414 1479/2309/1415
f 1481/2307/1413 1485/2310/1416 1483/2311/1417
f 1484/2312/1418 1485/2310/1416 1486/2313/1419
f 1483/2311/1417 1572/2314/1420 1480/2308/1414
f 1485/2310/1416 1488/2315/1421 1486/2313/1419
f 1482/2316/1422 1487/2317/1423 1485/2310/1416
f 1490/2318/1424 1488/2315/1421 1487/2317/1423
f 1490/2318/1424 1489/2319/1425 1492/2320/1426
f 1494/2321/1427 1490/2322/1428 1493/2323/1429
f 1495/2324/1430 1490/2322/1428 1492/2325/1431
f 1498/2326/1432 1493/2327/1429 1496/2328/1433
f 1496/2328/1433 1495/2329/1430 1497/2330/1434
f 1499/2331/1435 1497/2330/1434 1502/2332/1436
f 1499/2331/1435 1498/2326/1432 1496/2328/1433
f 1500/2333/1437 1502/2334/1436 1503/2335/1438
f 1500/2333/1437 1501/2336/1439 1499/2337/1435
f 1505/2338/1440 1503/2335/1438 1504/2339/1441
f 1505/2340/1440 1506/2341/1263 1507/2342/1261
f 1510/2343/1442 1507/2342/1261 1508/2344/101
f 1511/2345/1443 1508/2344/101 1509/2346/1258
f 1510/2347/1442 1513/2348/1444 1512/2349/1445
f 1510/2347/1442 1500/2333/1437 1505/2338/1440
f 1513/2348/1444 1501/2336/1439 1512/2349/1445
f 1511/2350/1443 1515/2351/1446 1513/2348/1444
f 1515/2351/1446 1514/2352/1447 1513/2348/1444
f 1516/2353/1448 1518/2354/1449 1515/2351/1446
f 1515/2351/1446 1520/2355/1450 1517/2356/1451
f 1522/2357/1452 1518/2354/1449 1519/2358/1453
f 1521/2359/1454 1520/2355/1450 1518/2354/1449
f 1525/2360/1455 1521/2359/1454 1522/2357/1452
f 1521/2359/1454 1526/2361/1171 1523/2362/1456
f 1528/2363/1457 1524/2364/1458 1525/2360/1455
f 1527/2365/1459 1526/2361/1171 1524/2364/1458
f 1529/2366/1460 1532/2367/1187 1526/2368/1171
f 1530/2369/1461 1533/2370/1462 1532/2367/1187
f 1532/2367/1187 1535/2371/1463 1534/2372/1464
f 1523/2373/1456 1532/2367/1187 1534/2372/1464
f 1534/2372/1464 1537/2374/1465 1536/2375/1466
f 1520/2376/1450 1534/2372/1464 1536/2375/1466
f 1536/2375/1466 1539/2377/1467 1538/2378/1468
f 1517/2379/1451 1536/2375/1466 1538/2378/1468
f 1538/2378/1468 1541/2380/1469 1540/2381/1470
f 1517/2379/1451 1540/2381/1470 1514/2382/1447
f 1540/2381/1470 1494/2383/1427 1498/2326/1432
f 1514/2382/1447 1498/2326/1432 1501/2384/1439
f 1539/2385/1467 1542/2386/1471 1541/2387/1469
f 1494/2321/1427 1542/2386/1471 1491/2388/1472
f 1543/2389/1473 1544/2390/1474 1542/2391/1475
f 1542/2391/1475 1488/2315/1421 1491/2392/1476
f 1547/2393/1477 1544/2390/1474 1546/2394/1478
f 1486/2313/1419 1544/2390/1474 1545/2395/1479
f 1547/2393/1477 1548/2396/1480 1549/2397/1481
f 1551/2398/1208 1546/2394/1478 1543/2389/1473
f 1549/2397/1481 1550/2399/1482 1566/2400/1483
f 1552/2401/1205 1548/2396/1480 1551/2398/1208
f 1537/2402/1465 1552/2403/1209 1551/2404/1484
f 1539/2385/1467 1551/2404/1484 1543/2405/1485
f 1553/2406/1486 1550/2399/1482 1552/2401/1205
f 1533/2407/1462 1552/2403/1209 1535/2408/1463
f 1553/2406/1486 1557/2409/1487 1555/2410/1488
f 1533/2407/1462 1554/2411/1489 1553/2412/1490
f 1556/2413/1491 1557/2409/1487 1558/2414/1492
f 1556/2413/1491 1550/2399/1482 1555/2410/1488
f 1559/2415/1493 1556/2413/1491 1558/2414/1492
f 1560/2416/1494 1561/2417/1495 1562/2418/1226
f 1562/2419/1225 1409/2224/1350 1411/2225/1351
f 1563/2420/1222 1411/2225/1351 1413/2226/1352
f 1560/2416/1494 1563/2421/1496 1565/2422/1497
f 1564/2423/1221 1413/2226/1352 1573/2230/1356
f 1565/2422/1497 1564/2424/1224 1567/2425/1498
f 1565/2422/1497 1556/2413/1491 1560/2416/1494
f 1565/2422/1497 1549/2397/1481 1566/2400/1483
f 1568/2426/1499 1549/2397/1481 1567/2425/1498
f 1568/2426/1499 1564/2424/1224 1570/2427/1500
f 1568/2426/1499 1545/2395/1479 1547/2393/1477
f 1568/2426/1499 1571/2428/1501 1569/2429/1502
f 1564/2423/1221 1446/2269/1381 1570/2430/1503
f 1571/2431/1504 1446/2269/1381 1448/2270/1382
f 1571/2431/1504 1450/2272/1384 1572/2432/1505
f 1484/2312/1418 1571/2428/1501 1572/2314/1420
f 1480/2433/1506 1450/2272/1384 1478/2274/1386
f 1484/2312/1418 1545/2395/1479 1569/2429/1502
f 1528/2434/1457 1575/2435/958 1574/2436/1254
f 1575/2435/958 1522/2437/1452 1576/2438/1
f 1522/2437/1452 1577/2439/954 1576/2438/1
f 1519/2440/1453 1578/2441/190 1577/2439/954
f 1516/2442/1448 1509/2346/1258 1578/2441/190
f 1579/2443/1507 1467/2293/1401 1580/2444/1508
f 1581/2445/1509 1580/2446/1510 1582/2447/1511
f 1364/2161/1305 1581/2445/1509 1582/2447/1511
f 1366/2163/1307 1582/2447/1511 1583/2448/1512
f 1580/2446/1510 1583/2448/1512 1582/2447/1511
f 1592/2166/1310 1583/2448/1512 1584/2449/1513
f 1585/2450/1514 1584/2449/1513 1583/2448/1512
f 1465/2292/1400 1586/2451/1515 1585/2452/1516
f 1580/2444/1508 1465/2292/1400 1585/2452/1516
f 1586/2451/1515 1431/2249/1365 1587/2453/1517
f 1586/2454/1518 1590/2455/1519 1584/2449/1513
f 1587/2456/1520 1591/2457/1521 1590/2455/1519
f 1431/2249/1365 1589/2458/1045 1587/2453/1517
f 1375/2178/1316 1590/2455/1519 1591/2457/1521
f 1590/2455/1519 1592/2166/1310 1584/2449/1513
f 1387/2197/1330 1375/2178/1316 1591/2457/1521
f 1591/2457/1521 1390/2198/1041 1387/2197/1330
f 1589/2458/1045 1392/2203/1334 1390/2204/1049
f 1594/2459/1522 1603/2460/1522 1604/2461/1522
f 1593/2462/1 1596/2463/1 1595/2464/1
f 1593/2462/1 1605/2465/1 1603/2466/1
f 1593/2462/1 1597/2467/1 1596/2463/1
f 1593/2462/1 1598/2468/1 1597/2467/1
f 1593/2462/1 1599/2469/1 1598/2468/1
f 1593/2462/1 1600/2470/1 1599/2469/1
f 1593/2462/1 1601/2471/1 1600/2470/1
f 1602/2472/1 1601/2471/1 1593/2462/1
f 1603/2466/1 1605/2465/1 1606/2473/1
f 1603/2466/1 1606/2473/1 1607/2474/1
f 1603/2466/1 1607/2474/1 1608/2475/1
f 1603/2466/1 1608/2475/1 1609/2476/1
f 1603/2466/1 1609/2476/1 1610/2477/1
f 1603/2466/1 1610/2477/1 1611/2478/1
f 1620/2479/1 1603/2466/1 1611/2478/1
f 1612/2480/1523 1768/2481/1523 1613/2482/1523
f 1614/2483/1 1602/2472/1 1612/2484/1
f 1612/2484/1 1615/2485/1 1614/2483/1
f 1612/2484/1 1616/2486/1 1615/2485/1
f 1612/2484/1 1617/2487/1 1616/2486/1
f 1612/2484/1 1618/2488/1 1617/2487/1
f 1612/2484/1 1619/2489/1 1618/2488/1
f 1612/2484/1 1620/2479/1 1619/2489/1
f 1623/2490/1524 1620/2491/1525 1621/2492/1526
f 1611/2493/1527 1621/2492/1526 1620/2491/1525
f 1679/2494/1528 1621/2492/1529 1622/2495/1530
f 1624/2496/1531 1622/2495/1530 1621/2492/1529
f 1624/2496/1531 1627/2497/1532 1625/2498/1533
f 1611/2493/1527 1626/2499/1534 1624/2496/1535
f 1626/2499/1536 1629/2500/1537 1627/2497/1532
f 1610/2501/1538 1628/2502/1539 1626/2499/1534
f 1628/2502/1540 1631/2503/1541 1629/2500/1537
f 1609/2504/1542 1630/2505/1543 1628/2502/1539
f 1630/2505/1544 1633/2506/1545 1631/2503/1541
f 1608/2507/1546 1632/2508/1547 1630/2505/1543
f 1632/2508/1548 1635/2509/1549 1633/2506/1545
f 1607/2510/1550 1634/2511/1551 1632/2508/1547
f 1634/2511/1552 1637/2512/1553 1635/2509/1549
f 1606/2513/1554 1636/2514/1555 1634/2511/1551
f 1636/2515/1556 1639/2516/1557 1637/2517/1558
f 1605/2518/1559 1638/2519/1559 1636/2515/1559
f 1639/2520/1560 1640/2521/1561 1641/2522/1562
f 1638/2523/1563 1596/2524/1564 1640/2521/1565
f 1641/2522/1562 1642/2525/1566 1643/2526/1567
f 1640/2521/1565 1597/2527/1568 1642/2525/1569
f 1643/2526/1567 1644/2528/1570 1645/2529/1571
f 1642/2525/1569 1598/2530/1572 1644/2528/1572
f 1645/2529/1571 1646/2531/1573 1647/2532/1574
f 1644/2528/1572 1599/2533/1575 1646/2531/1576
f 1647/2532/1574 1648/2534/1577 1649/2535/1578
f 1646/2531/1576 1600/2536/1579 1648/2534/1580
f 1649/2535/1578 1650/2537/1581 1651/2538/1582
f 1648/2534/1580 1601/2539/1583 1650/2537/1584
f 1653/2540/1585 1650/2537/1581 1652/2541/1586
f 1652/2541/1587 1601/2539/1583 1655/2542/1588
f 1652/2541/1586 1716/2543/1589 1653/2540/1585
f 1655/2542/1588 1654/2544/1590 1652/2541/1587
f 1602/2472/1 1656/2545/1 1655/2546/1
f 1656/2547/1591 1658/2548/1592 1654/2544/1590
f 1602/2472/1 1657/2549/1 1656/2545/1
f 1657/2550/1593 1660/2551/1594 1658/2548/1592
f 1602/2472/1 1659/2552/1 1657/2549/1
f 1659/2553/1595 1662/2554/1596 1660/2551/1594
f 1602/2472/1 1661/2555/1 1659/2552/1
f 1661/2556/1597 1664/2557/1598 1662/2554/1596
f 1602/2472/1 1663/2558/1 1661/2555/1
f 1663/2559/1599 1666/2560/1600 1664/2557/1598
f 1602/2472/1 1665/2561/1 1663/2558/1
f 1666/2562/1601 1614/2563/1601 1668/2564/1601
f 1667/2565/1602 1668/2564/1603 1669/2566/1604
f 1664/2557/1605 1667/2567/1606 1728/2568/1607
f 1669/2569/1608 1670/2570/1609 1671/2571/1610
f 1668/2572/1611 1615/2573/1612 1670/2570/1613
f 1671/2571/1610 1672/2574/1614 1673/2575/1615
f 1670/2570/1613 1616/2576/1616 1672/2574/1617
f 1673/2575/1615 1674/2577/1618 1675/2578/1619
f 1672/2574/1617 1617/2579/1620 1674/2577/1620
f 1675/2578/1619 1676/2580/1621 1677/2581/1622
f 1674/2577/1620 1618/2582/1623 1676/2580/1624
f 1677/2581/1622 1623/2490/1625 1679/2494/1528
f 1676/2580/1624 1619/2583/1626 1623/2490/1524
f 1737/2584/1627 1677/2581/1622 1678/2585/1628
f 1678/2585/1628 1679/2494/1528 1680/2586/1629
f 1680/2586/1629 1622/2495/1530 1682/2587/1630
f 1739/2588/1631 1680/2586/1632 1681/2589/1633
f 1681/2589/1633 1682/2587/1634 1683/2590/1635
f 1684/2591/1636 1683/2590/1635 1682/2587/1634
f 1622/2495/1530 1684/2591/1637 1682/2587/1630
f 1684/2591/1636 1687/2592/1638 1685/2593/1639
f 1625/2498/1533 1686/2594/1640 1684/2591/1637
f 1686/2594/1641 1689/2595/1642 1687/2592/1638
f 1627/2497/1532 1688/2596/1643 1686/2594/1640
f 1688/2596/1644 1691/2597/1645 1689/2595/1642
f 1629/2500/1537 1690/2598/1646 1688/2596/1643
f 1690/2598/1647 1693/2599/1648 1691/2597/1645
f 1631/2503/1541 1692/2600/1649 1690/2598/1646
f 1692/2600/1650 1695/2601/1651 1693/2599/1648
f 1633/2506/1545 1694/2602/1652 1692/2600/1649
f 1694/2602/1653 1697/2603/1654 1695/2601/1651
f 1635/2509/1549 1696/2604/1655 1694/2602/1652
f 1696/2605/1656 1699/2606/1657 1697/2607/1658
f 1637/2517/1558 1698/2608/1659 1696/2605/1659
f 1699/2609/1660 1700/2610/1661 1701/2611/1662
f 1698/2612/1663 1641/2522/1562 1700/2610/1664
f 1701/2611/1662 1702/2613/1665 1703/2614/1666
f 1700/2610/1664 1643/2526/1567 1702/2613/1667
f 1703/2614/1666 1704/2615/1668 1705/2616/1669
f 1702/2613/1667 1645/2529/1571 1704/2615/1670
f 1705/2616/1669 1706/2617/1671 1707/2618/1672
f 1704/2615/1670 1647/2532/1574 1706/2617/1673
f 1707/2618/1672 1708/2619/1674 1709/2620/1675
f 1706/2617/1673 1649/2535/1578 1708/2619/1676
f 1709/2620/1675 1710/2621/1677 1711/2622/1678
f 1708/2619/1676 1651/2538/1582 1710/2621/1679
f 1713/2623/1680 1710/2621/1677 1712/2624/1681
f 1712/2624/1682 1651/2538/1582 1653/2540/1585
f 1712/2624/1681 1715/2625/1683 1713/2623/1680
f 1653/2540/1585 1714/2626/1684 1712/2624/1682
f 1714/2626/1685 1718/2627/1686 1715/2625/1683
f 1716/2543/1589 1717/2628/1687 1714/2626/1684
f 1717/2628/1688 1721/2629/1689 1718/2627/1686
f 1719/2630/1690 1720/2631/1691 1717/2628/1687
f 1720/2631/1692 1724/2632/1693 1721/2629/1689
f 1722/2633/1694 1723/2634/1695 1720/2631/1691
f 1723/2634/1696 1727/2635/1697 1724/2632/1693
f 1725/2636/1698 1726/2637/1699 1723/2634/1695
f 1726/2637/1700 1730/2638/1701 1727/2635/1697
f 1728/2568/1607 1729/2639/1702 1726/2637/1699
f 1730/2640/1703 1731/2641/1704 1732/2642/1705
f 1729/2643/1706 1669/2566/1604 1731/2641/1706
f 1732/2644/1707 1733/2645/1708 1734/2646/1709
f 1731/2647/1710 1671/2571/1610 1733/2645/1711
f 1734/2646/1709 1735/2648/1712 1736/2649/1713
f 1733/2645/1711 1673/2575/1615 1735/2648/1714
f 1736/2649/1713 1737/2584/1715 1738/2650/1716
f 1735/2648/1714 1675/2578/1619 1737/2584/1627
f 1738/2650/1716 1678/2585/1717 1739/2588/1631
f 1742/2651/1718 1738/2650/1716 1739/2588/1631
f 1740/2652/1719 1736/2649/1713 1738/2650/1716
f 1741/2653/1 1743/2654/1 1744/2655/1
f 1740/2656/1 1745/2657/1 1743/2654/1
f 1693/2599/1648 1743/2658/1720 1691/2597/1645
f 1691/2597/1645 1745/2659/1721 1689/2595/1642
f 1742/2660/1 1746/2661/1 1745/2657/1
f 1689/2595/1642 1746/2662/1722 1687/2592/1638
f 1687/2592/1638 1747/2663/1723 1685/2593/1639
f 1748/2664/1 1747/2665/1 1746/2661/1
f 1748/2666/1724 1739/2588/1631 1681/2589/1633
f 1749/2667/1725 1681/2589/1633 1683/2590/1635
f 1749/2667/1725 1685/2593/1639 1747/2663/1723
f 1695/2601/1651 1744/2668/1726 1693/2599/1648
f 1750/2669/1 1751/2670/1 1744/2655/1
f 1751/2670/1 1741/2653/1 1744/2655/1
f 1751/2671/1727 1701/2611/1662 1703/2614/1666
f 1756/2672/1 1751/2670/1 1753/2673/1
f 1753/2674/1728 1703/2614/1666 1705/2616/1669
f 1754/2675/1 1764/2676/1 1741/2653/1
f 1727/2635/1697 1754/2677/1729 1724/2632/1693
f 1724/2632/1693 1756/2678/1730 1721/2629/1689
f 1721/2629/1689 1757/2679/1731 1718/2627/1686
f 1757/2680/1 1753/2673/1 1759/2681/1
f 1718/2627/1686 1758/2682/1732 1715/2625/1683
f 1758/2683/1 1759/2681/1 1760/2684/1
f 1759/2685/1733 1705/2616/1669 1707/2618/1672
f 1760/2686/1734 1707/2618/1672 1709/2620/1675
f 1762/2687/1 1760/2684/1 1761/2688/1
f 1761/2689/1735 1709/2620/1675 1711/2622/1678
f 1713/2623/1680 1761/2689/1735 1711/2622/1678
f 1715/2625/1683 1762/2690/1736 1713/2623/1680
f 1755/2691/1 1765/2692/1 1764/2676/1
f 1755/2693/1737 1730/2638/1701 1763/2694/1738
f 1732/2644/1707 1764/2695/1739 1765/2696/1740
f 1741/2697/1741 1734/2646/1709 1736/2649/1713
f 1732/2642/1705 1763/2698/71 1730/2640/1703
f 1767/2699/1 1752/2700/1 1750/2669/1
f 1699/2609/1660 1752/2701/1742 1766/2702/1743
f 1767/2703/101 1699/2606/1657 1766/2704/101
f 1750/2705/1744 1697/2603/1654 1767/2706/1745
f 1662/2554/1746 1728/2568/1607 1725/2636/1698
f 1660/2551/1747 1725/2636/1698 1722/2633/1694
f 1658/2548/1748 1722/2633/1694 1719/2630/1690
f 1654/2544/1749 1719/2630/1690 1716/2543/1589
f 1613/2707/101 1835/2708/101 1770/2709/101
f 1769/2710/101 1771/2711/101 1783/2712/101
f 1772/2713/101 1613/2707/101 1770/2709/101
f 1771/2711/101 1613/2707/101 1774/2714/101
f 1773/2715/101 1613/2707/101 1772/2713/101
f 1774/2714/101 1613/2707/101 1773/2715/101
f 1778/2716/1750 1774/2717/1751 1775/2718/1752
f 1777/2719/1753 1774/2717/1751 1773/2720/1753
f 1779/2721/1754 1775/2718/1755 1776/2722/1756
f 1827/2723/1757 1775/2718/1755 1777/2719/1758
f 1781/2724/1759 1778/2725/1760 1779/2726/1761
f 1778/2725/1762 1783/2727/1763 1771/2728/1762
f 1781/2729/1764 1782/2730/1765 1780/2731/1766
f 1780/2731/1767 1784/2732/1768 1783/2733/1767
f 1783/2712/101 1784/2734/101 1769/2710/101
f 1786/2735/1769 1784/2732/1768 1782/2730/1770
f 1769/2710/101 1784/2734/101 1785/2736/101
f 1788/2737/1771 1785/2738/1772 1786/2735/1769
f 1769/2710/101 1785/2736/101 1787/2739/101
f 1790/2740/1773 1787/2741/1771 1788/2737/1771
f 1769/2710/101 1787/2739/101 1789/2742/101
f 1792/2743/1774 1789/2744/1774 1790/2745/1774
f 1791/2746/101 1769/2710/101 1789/2742/101
f 1793/2747/1775 1792/2748/1776 1804/2749/1775
f 1794/2750/101 1791/2746/101 1793/2751/101
f 1796/2752/101 1768/2753/101 1794/2750/101
f 1769/2754/14 1795/2755/14 1893/2756/14
f 1796/2752/101 1794/2750/101 1798/2757/101
f 1794/2750/101 1793/2751/101 1797/2758/101
f 1794/2750/101 1797/2758/101 1798/2757/101
f 1798/2759/1777 1802/2760/1778 1799/2761/1779
f 1801/2762/1780 1798/2759/1777 1799/2761/1779
f 1799/2761/1781 1803/2763/1782 1800/2764/1783
f 1846/2765/1784 1799/2761/1781 1800/2764/1783
f 1802/2760/1785 1805/2766/1786 1803/2763/1782
f 1797/2767/1787 1804/2749/1775 1802/2760/1778
f 1804/2749/1788 1807/2768/1789 1805/2766/1786
f 1805/2766/1786 1808/2769/1790 1806/2770/1791
f 1803/2763/1782 1806/2770/1791 1851/2771/1792
f 1808/2772/1793 1809/2773/1794 1810/2774/1793
f 1807/2775/1795 1790/2745/1796 1809/2773/1794
f 1810/2776/1797 1811/2777/1798 1812/2778/1799
f 1809/2779/1800 1788/2737/1801 1811/2777/1798
f 1812/2778/1799 1813/2780/1802 1814/2781/1803
f 1811/2777/1798 1786/2735/1804 1813/2780/1802
f 1814/2781/1803 1815/2782/1805 1816/2783/1806
f 1813/2780/1802 1782/2730/1765 1815/2782/1805
f 1818/2784/1807 1815/2782/1805 1781/2729/1764
f 1884/2785/1808 1816/2783/1809 1817/2786/1810
f 1819/2787/1811 1816/2783/1809 1818/2784/1812
f 1819/2788/1813 1820/2789/1814 1821/2790/1815
f 1820/2789/1816 1781/2724/1759 1779/2726/1761
f 1821/2791/1817 1822/2792/1818 1823/2793/1819
f 1820/2794/1820 1776/2722/1756 1822/2792/1821
f 1825/2795/1822 1822/2792/1818 1824/2796/1823
f 1824/2796/1824 1776/2722/1756 1827/2723/1757
f 1875/2797/1825 1824/2796/1823 1826/2798/1826
f 1826/2798/1827 1827/2723/1757 1828/2799/1828
f 1828/2799/1828 1777/2719/1758 1830/2800/1829
f 1873/2801/1830 1828/2799/1828 1829/2802/1831
f 1829/2802/1831 1830/2800/1829 1831/2803/1832
f 1831/2803/1833 1772/2804/1834 1770/2805/1835
f 1830/2800/1834 1773/2720/1753 1772/2804/1834
f 1831/2806/1836 1833/2807/1837 1829/2808/1838
f 1835/2809/1839 1831/2806/1839 1770/2810/1839
f 1833/2811/1840 1834/2812/1841 1870/2813/1842
f 1832/2814/1843 1836/2815/1844 1834/2812/1844
f 1836/2816/101 1835/2708/101 1768/2753/101
f 1834/2812/1844 1837/2817/1845 1838/2818/1845
f 1837/2819/101 1836/2816/101 1768/2753/101
f 1838/2818/1845 1839/2820/1846 1840/2821/1847
f 1839/2822/101 1837/2819/101 1768/2753/101
f 1839/2820/1846 1842/2823/1848 1840/2821/1847
f 1841/2824/101 1839/2822/101 1768/2753/101
f 1841/2825/1849 1801/2826/1849 1842/2827/1849
f 1842/2827/1850 1846/2828/1851 1843/2829/1852
f 1840/2821/1853 1843/2830/1854 1845/2831/1855
f 1843/2829/1852 1847/2832/1856 1844/2833/1856
f 1845/2831/1855 1844/2834/1857 1864/2835/1858
f 1847/2836/1859 1800/2764/1783 1849/2837/1860
f 1844/2833/1861 1848/2838/1862 1865/2839/1863
f 1848/2840/1864 1849/2837/1865 1850/2841/1866
f 1849/2837/1865 1852/2842/1867 1850/2841/1866
f 1800/2764/1783 1851/2771/1792 1849/2837/1860
f 1851/2771/1868 1853/2843/1869 1852/2842/1867
f 1856/2844/1870 1852/2842/1867 1854/2845/1871
f 1854/2845/1871 1853/2843/1869 1855/2846/1872
f 1858/2847/101 1854/2848/101 1855/2849/101
f 1859/2850/101 1854/2848/101 1857/2851/101
f 1860/2852/1873 1858/2853/1874 1861/2854/1875
f 1863/2855/1876 1857/2856/1877 1860/2852/1873
f 1861/2854/1875 1862/2857/1878 1860/2852/1873
f 1860/2852/1873 1864/2835/1879 1863/2855/1876
f 1864/2835/1879 1865/2858/1880 1863/2855/1876
f 1865/2858/1880 1859/2859/1881 1863/2855/1876
f 1867/2860/63 1865/2839/1863 1848/2838/1862
f 1866/2861/101 1856/2862/101 1859/2850/101
f 1867/2863/1882 1850/2841/1866 1856/2844/1870
f 1862/2857/1883 1845/2831/1855 1864/2835/1858
f 1868/2864/1884 1869/2865/1885 1862/2857/1883
f 1870/2813/1842 1838/2818/1886 1869/2865/1885
f 1869/2865/1885 1840/2821/1853 1845/2831/1855
f 1871/2866/1887 1870/2813/1842 1868/2864/1884
f 1872/2867/1888 1868/2864/1889 1861/2854/1875
f 1871/2868/1890 1874/2869/1891 1873/2870/1890
f 1833/2807/1837 1873/2870/1892 1829/2808/1838
f 1874/2871/1893 1826/2798/1826 1873/2801/1894
f 1876/2872/1895 1875/2797/1825 1874/2871/1893
f 1876/2873/14 1872/2874/1891 1878/2875/14
f 1876/2876/101 1858/2847/101 1877/2877/101
f 1861/2854/1875 1878/2878/1896 1872/2867/1888
f 1877/2877/101 1882/2879/101 1879/2880/101
f 1877/2881/1897 1825/2795/1822 1875/2797/1825
f 1877/2877/101 1855/2849/101 1880/2882/101
f 1885/2883/1898 1880/2884/1899 1881/2885/1900
f 1881/2886/101 1855/2849/101 1887/2887/101
f 1883/2888/1901 1882/2889/1902 1880/2884/1899
f 1883/2888/1901 1814/2781/1903 1884/2785/1808
f 1885/2883/1898 1812/2778/1904 1883/2888/1901
f 1886/2890/1905 1810/2774/1906 1885/2891/1905
f 1885/2891/1905 1887/2892/1 1886/2890/1905
f 1806/2770/1907 1886/2893/1908 1853/2843/1869
f 1855/2846/1872 1886/2893/1908 1887/2894/1909
f 1884/2785/1808 1888/2895/1910 1882/2889/1902
f 1879/2880/101 1888/2896/101 1890/2897/101
f 1888/2896/101 1891/2898/101 1890/2897/101
f 1817/2786/1810 1889/2899/1911 1888/2895/1910
f 1879/2900/1912 1823/2793/1819 1825/2795/1822
f 1890/2901/1913 1821/2791/1817 1823/2793/1819
f 1821/2790/1815 1889/2902/100 1819/2788/1813
f 1795/2903/71 1894/2904/71 1893/2905/71
f 1961/2906/71 1604/2907/71 1896/2908/71
f 1895/2909/71 1897/2910/71 1604/2907/71
f 1898/2911/71 1896/2908/71 1604/2907/71
f 1897/2910/71 1900/2912/71 1604/2907/71
f 1899/2913/71 1898/2911/71 1604/2907/71
f 1900/2912/71 1899/2913/71 1604/2907/71
f 1900/2914/1914 1904/2915/1915 1901/2916/1916
f 1903/2917/1917 1900/2914/1914 1901/2916/1916
f 1901/2916/1918 1905/2918/1919 1902/2919/1920
f 1953/2920/1921 1901/2916/1918 1902/2919/1920
f 1904/2921/1922 1907/2922/1923 1905/2923/1924
f 1904/2921/1925 1909/2924/1926 1906/2925/1926
f 1907/2926/1927 1908/2927/1928 1941/2928/1929
f 1906/2929/1930 1910/2930/1931 1908/2927/1932
f 1909/2931/71 1895/2909/71 1910/2932/71
f 1910/2930/1931 1912/2933/1933 1908/2927/1932
f 1895/2909/71 1911/2934/71 1910/2932/71
f 1911/2935/1934 1914/2936/1935 1912/2933/1933
f 1895/2909/71 1913/2937/71 1911/2934/71
f 1913/2938/1936 1916/2939/1937 1914/2936/1935
f 1895/2909/71 1915/2940/71 1913/2937/71
f 1915/2941/1938 1918/2942/1938 1916/2943/1938
f 1895/2909/71 1917/2944/71 1915/2940/71
f 1918/2945/1939 1919/2946/1940 1930/2947/1940
f 1920/2948/71 1919/2949/71 1917/2944/71
f 1920/2948/71 1967/2950/71 1922/2951/71
f 1921/2952/14 1895/2953/14 2019/2954/14
f 1922/2951/71 1924/2955/71 1920/2948/71
f 1920/2948/71 1923/2956/71 1919/2949/71
f 1920/2948/71 1924/2955/71 1923/2956/71
f 1928/2957/1941 1924/2958/1942 1925/2959/1943
f 1927/2960/1944 1924/2958/1942 1922/2961/1944
f 1929/2962/1945 1925/2959/1946 1926/2963/1947
f 1972/2964/1948 1925/2959/1946 1927/2960/1949
f 1931/2965/1950 1928/2957/1951 1929/2962/1945
f 1930/2947/1940 1923/2966/1952 1928/2957/1941
f 1933/2967/1953 1930/2947/1954 1931/2965/1950
f 1934/2968/1955 1931/2965/1950 1932/2969/1956
f 1932/2969/1956 1929/2962/1945 1977/2970/1957
f 1935/2971/1958 1934/2972/1959 1936/2973/1959
f 1916/2943/1960 1933/2974/1961 1935/2971/1958
f 1937/2975/1962 1936/2976/1963 1938/2977/1964
f 1914/2936/1965 1935/2978/1966 1937/2975/1962
f 1939/2979/1967 1938/2977/1964 1940/2980/1968
f 1912/2933/1969 1937/2975/1962 1939/2979/1967
f 1941/2928/1929 1940/2980/1968 1942/2981/1970
f 1908/2927/1928 1939/2979/1967 1941/2928/1929
f 1944/2982/1971 1941/2928/1929 1942/2981/1970
f 1942/2981/1972 2010/2983/1973 1943/2984/1974
f 1945/2985/1975 1942/2981/1972 1943/2984/1974
f 1946/2986/1976 1945/2987/1977 1947/2988/1978
f 1946/2986/1979 1907/2922/1923 1944/2989/1980
f 1948/2990/1981 1947/2991/1982 1949/2992/1983
f 1902/2919/1920 1946/2993/1984 1948/2990/1985
f 1951/2994/1986 1948/2990/1981 1949/2992/1983
f 1950/2995/1987 1902/2919/1920 1948/2990/1985
f 2001/2996/1988 1950/2995/1989 1951/2994/1986
f 1952/2997/1990 1953/2920/1921 1950/2995/1987
f 1954/2998/1991 1903/2917/1992 1953/2920/1921
f 1999/2999/1993 1954/2998/1991 1952/2997/1990
f 1955/3000/1994 1956/3001/1995 1954/2998/1991
f 1957/3002/1996 1898/3003/1997 1956/3001/1997
f 1956/3001/1997 1899/3004/1917 1903/2917/1917
f 1957/3005/1998 1959/3006/1999 1958/3007/1998
f 1957/3005/2000 1961/3008/2000 1896/3009/2000
f 1959/3010/2001 1960/3011/2002 1958/3012/2003
f 1958/3012/2004 1962/3013/2005 1961/3014/2004
f 1962/3015/71 1594/3016/71 1961/2906/71
f 1960/3011/2005 1963/3017/2006 1962/3013/2005
f 1963/3018/71 1594/3016/71 1962/3015/71
f 1964/3019/2007 1965/3020/2008 1963/3017/2006
f 1965/3021/71 1594/3016/71 1963/3018/71
f 1968/3022/2009 1965/3020/2008 1966/3023/2010
f 1967/2950/71 1594/3016/71 1965/3021/71
f 1927/3024/2011 1967/3025/2011 1968/3026/2011
f 1972/3027/2012 1968/3026/2013 1969/3028/2014
f 1969/3029/2015 1966/3023/2016 1971/3030/2017
f 1973/3031/2018 1969/3028/2014 1970/3032/2018
f 1970/3033/2019 1971/3030/2017 1990/3034/2020
f 1973/3035/2021 1926/2963/1947 1972/2964/1948
f 1974/3036/2022 1970/3032/2023 1991/3037/2024
f 1974/3038/2025 1975/3039/2026 1973/3035/2027
f 1978/3040/2028 1975/3039/2026 1976/3041/2029
f 1977/2970/1957 1926/2963/1947 1975/3039/2030
f 1979/3042/2031 1977/2970/2032 1978/3040/2028
f 1978/3040/2028 1982/3043/1870 1980/3044/1871
f 1979/3042/2031 1980/3044/1871 1981/3045/2033
f 1984/3046/71 1980/3047/71 1983/3048/71
f 1980/3047/71 1985/3049/71 1983/3048/71
f 1984/3050/2034 1986/3051/2035 1987/3052/2036
f 1983/3053/1877 1989/3054/2037 1986/3051/2035
f 1987/3052/2036 1988/3055/2038 1994/3056/2039
f 1986/3051/2035 1990/3034/2040 1988/3055/2038
f 1991/3057/2041 1990/3034/2040 1989/3054/2037
f 1985/3058/1881 1991/3057/2041 1989/3054/2037
f 1991/3037/2024 1993/3059/63 1974/3036/2022
f 1982/3060/71 1992/3061/71 1985/3049/71
f 1976/3041/2029 1993/3062/1882 1982/3043/1870
f 1988/3055/2042 1971/3030/2017 1995/3063/2043
f 1994/3056/2044 1995/3063/2043 1996/3064/2045
f 1996/3064/2045 1964/3019/2046 1960/3011/2002
f 1995/3063/2043 1966/3023/2016 1964/3019/2046
f 1997/3065/2047 1996/3064/2045 1959/3010/2001
f 1998/3066/2048 1994/3056/2039 1997/3065/2049
f 2000/3067/2050 1997/3068/2051 1999/3069/2051
f 1999/3069/2052 1959/3006/1999 1955/3070/2053
f 2000/3071/2054 1952/2997/2055 2001/2996/1988
f 2001/2996/1988 2002/3072/1895 2000/3071/2054
f 2000/3067/2050 2004/3073/14 1998/3074/2056
f 1984/3046/71 2002/3075/71 2003/3076/71
f 2004/3077/1896 1987/3052/2036 1998/3066/2048
f 2003/3076/71 2008/3078/71 2006/3079/71
f 1951/2994/1986 2003/3080/2057 2001/2996/1988
f 1981/3081/71 2003/3076/71 2006/3079/71
f 2006/3082/1899 2011/3083/2058 2007/3084/1900
f 2007/3085/71 1981/3081/71 2006/3079/71
f 2008/3086/1902 2009/3087/2059 2006/3082/1899
f 1940/2980/2060 2009/3087/2059 2010/2983/1973
f 1938/2977/2061 2011/3083/2058 2009/3087/2059
f 1936/2973/2062 2012/3088/2063 2011/3089/2064
f 2007/3090/1 2012/3088/2063 2013/3091/1
f 2012/3092/2065 1932/2969/2066 1979/3042/2031
f 2012/3092/2065 1981/3045/2033 2013/3093/1909
f 2014/3094/2067 2010/2983/1973 2008/3086/1902
f 2005/3095/71 2014/3096/71 2008/3078/71
f 2017/3097/71 2014/3096/71 2016/3098/71
f 2015/3099/1911 1943/2984/1974 2014/3094/2067
f 1949/2992/1983 2005/3100/1912 1951/2994/1986
f 1947/2991/1982 2016/3101/2068 1949/2992/1983
f 2015/3102/100 1947/2988/1978 1945/2987/1977
f 2019/3103/101 2018/3104/101 1921/3105/101
s 0
f 2025/3106/100 2021/3107/100 2022/3108/100
f 2023/3109/14 2022/3110/14 2021/3111/14
f 2026/3112/71 2021/3113/71 2024/3114/71
f 2028/3115/63 2026/3116/63 2027/3117/63
f 2028/3118/101 2025/3119/101 2022/3120/101
f 2029/3121/14 2033/3122/14 2032/3123/14
f 2036/3124/71 2029/3125/71 2031/3126/71
f 2032/3127/100 2031/3128/100 2029/3129/100
f 2032/3130/101 2035/3131/101 2034/3132/101
f 2035/3133/63 2030/3134/63 2036/3135/63
s 1
f 2037/3136/2069 2043/3137/2070 2038/3138/2071
f 2038/3139/2072 2040/3140/14 2037/3141/2073
f 2039/3142/2074 2042/3143/2075 2037/3136/2076
f 2037/3141/2073 2041/3144/2077 2039/3145/14
f 2041/3144/2077 2037/3141/2073 2040/3140/14
f 2047/3146/2078 2044/3147/2078 2039/3148/2078
f 2041/3149/2079 2045/3150/100 2047/3151/100
f 2039/3145/14 2041/3144/2077 2047/3152/14
f 2048/3153/100 2041/3149/2079 2050/3154/100
f 2049/3155/2080 2050/3156/2080 2051/3157/2080
f 2051/3158/14 2050/3159/14 2041/3144/2077
f 2054/3160/2081 2051/3161/2082 2052/3162/2083
f 2052/3163/2084 2051/3158/14 2041/3144/2077
f 2055/3164/2085 2052/3162/2086 2053/3165/2087
f 2053/3166/2088 2052/3163/2084 2040/3140/14
f 2041/3144/2077 2040/3140/14 2052/3163/2084
f 2056/3167/2089 2053/3165/2087 2058/3168/2090
f 2057/3169/2091 2058/3168/2090 2059/3170/2091
f 2059/3171/2092 2058/3172/2093 2040/3140/14
f 2058/3172/2093 2053/3166/2088 2040/3140/14
f 2062/3173/2094 2059/3170/2091 2060/3174/2094
f 2060/3175/2095 2059/3171/2092 2040/3140/14
f 2061/3176/2096 2062/3173/2094 2060/3174/2094
f 2061/3177/2097 2060/3175/2095 2040/3140/14
f 2064/3178/2098 2061/3176/2096 2066/3179/2098
f 2065/3180/2099 2066/3179/2098 2067/3181/2099
f 2066/3182/2100 2061/3177/2097 2040/3140/14
f 2067/3183/2101 2066/3182/2100 2040/3140/14
f 2068/3184/2102 2065/3180/2099 2067/3181/2099
f 2067/3183/2101 2040/3140/14 2068/3185/2103
f 2069/3186/2104 2070/3187/2105 2068/3184/2102
f 2068/3185/2103 2040/3140/14 2069/3188/2106
f 2069/3186/2104 2072/3189/2107 2071/3190/2108
f 2075/3191/2109 2072/3189/2107 2074/3192/2107
f 2074/3193/2110 2040/3140/14 2075/3194/2111
f 2069/3188/2106 2040/3140/14 2074/3193/2110
f 2076/3195/2112 2073/3196/2109 2075/3191/2109
f 2075/3194/2111 2040/3140/14 2076/3197/2113
f 2038/3138/2071 2077/3198/2114 2076/3195/2112
f 2076/3197/2113 2040/3140/14 2038/3139/2072
f 2101/3199/2115 2078/3200/2116 2081/3201/2117
f 2079/3202/2118 2080/3203/2119 2078/3200/2116
f 2078/3200/2116 2080/3203/2119 2082/3204/100
f 2081/3201/2117 2078/3200/2116 2082/3204/100
f 2085/3205/2120 2081/3201/2117 2082/3204/100
f 2080/3203/2119 2083/3206/2121 2082/3204/100
f 2083/3206/2121 2087/3207/2122 2082/3204/100
f 2086/3208/2123 2084/3209/2124 2082/3204/100
f 2084/3209/2124 2085/3205/2120 2082/3204/100
f 2087/3207/2122 2086/3208/2123 2082/3204/100
f 2088/3210/2125 2086/3208/2123 2087/3207/2122
f 2089/3211/2126 2087/3207/2122 2083/3206/2121
f 2088/3212/2125 2093/3213/2127 2091/3214/2128
f 2090/3215/2129 2091/3214/2128 2094/3216/2130
f 2091/3217/2128 2095/3218/2131 2094/3219/2130
f 2093/3220/2127 2092/3221/2132 2091/3217/2128
f 2098/3222/2133 2094/3219/2130 2095/3218/2131
f 2090/3215/2129 2096/3223/2134 2099/3224/2135
f 2096/3225/2134 2110/3226/2136 2097/3227/2137
f 2099/3228/2135 2097/3229/2137 2100/3230/2138
f 2099/3231/2135 2086/3208/2123 2090/3232/2129
f 2085/3205/2120 2099/3231/2135 2100/3233/2138
f 2101/3199/2115 2085/3205/2120 2100/3233/2138
f 2101/3234/2115 2097/3229/2137 2102/3235/2139
f 2102/3235/2139 2079/3236/2118 2101/3234/2115
f 2102/3237/2139 2106/3238/2140 2104/3239/2141
f 2097/3227/2137 2103/3240/2142 2102/3237/2139
f 2104/3239/2141 2107/3241/2143 2105/3242/2144
f 2111/3243/2145 2104/3244/2141 2105/3245/2144
f 2107/3241/2143 2106/3238/2140 2108/3246/63
f 2106/3238/2140 2103/3240/2142 2108/3246/63
f 2103/3240/2142 2110/3226/2136 2108/3246/63
f 2110/3226/2136 2098/3222/2133 2108/3246/63
f 2098/3222/2133 2095/3218/2131 2108/3246/63
f 2095/3218/2131 2092/3221/2132 2108/3246/63
f 2092/3221/2132 2109/3247/2146 2108/3246/63
f 2109/3247/2146 2107/3241/2143 2108/3246/63
f 2105/3242/2144 2109/3247/2146 2093/3220/2127
f 2089/3248/2126 2105/3245/2144 2093/3213/2127
f 2089/3211/2126 2080/3203/2119 2111/3249/2145
f 2116/3250/2147 2113/3251/2148 2112/3252/2148
f 2113/3251/2149 2115/3253/2149 2112/3252/2149
f 2112/3252/2149 2153/3254/2150 2114/3255/2151
f 2119/3256/2152 2112/3252/2148 2114/3255/2153
f 2118/3257/2154 2117/3258/2155 2116/3259/2147
f 2118/3257/2154 2119/3260/2152 2120/3261/2156
f 2120/3261/2156 2121/3262/2157 2124/3263/2158
f 2121/3264/2157 2114/3255/2153 2122/3265/2159
f 2151/3266/2160 2121/3267/2157 2122/3268/2161
f 2121/3262/2157 2125/3269/2162 2124/3263/2158
f 2124/3270/2158 2128/3271/2163 2126/3272/2164
f 2127/3273/2165 2124/3274/2158 2126/3275/2166
f 2126/3275/2167 2130/3276/2168 2127/3273/2169
f 2128/3271/2170 2129/3277/2171 2126/3272/2171
f 2134/3278/2172 2131/3279/2173 2128/3271/2170
f 2135/3280/2174 2132/3281/2175 2134/3278/2172
f 2125/3282/2162 2134/3278/2176 2128/3271/2163
f 2134/3278/2176 2138/3283/2177 2135/3280/2178
f 2136/3284/2179 2139/3285/2180 2138/3286/2177
f 2123/3287/2181 2136/3284/2179 2125/3269/2162
f 2139/3285/2180 2140/3288/2182 2138/3286/2177
f 2135/3289/2183 2140/3290/2182 2141/3291/2184
f 2141/3291/2185 2142/3292/2186 2143/3293/2185
f 2142/3292/2186 2144/3294/2187 2143/3293/2188
f 2141/3291/63 2145/3295/63 2146/3296/2189
f 2143/3293/2190 2147/3297/2190 2145/3295/2190
f 2150/3298/2191 2147/3299/2192 2144/3300/2193
f 2150/3298/2191 2149/3301/2194 2148/3302/2195
f 2150/3298/2196 2123/3303/2181 2151/3266/2160
f 2139/3304/2180 2150/3298/2196 2144/3300/2197
f 2122/3268/2198 2149/3301/2194 2151/3266/2199
f 2114/3255/2151 2152/3305/2200 2122/3265/2200
f 2141/3291/2201 2133/3306/2201 2135/3289/2201
f 2127/3273/2169 2154/3307/2202 2156/3308/2203
f 2157/3309/2204 2154/3307/2202 2155/3310/2202
f 2159/3311/2205 2156/3312/2203 2157/3313/2204
f 2161/3314/2206 2156/3315/2207 2158/3316/2208
f 2156/3308/2207 2120/3317/2156 2127/3273/2165
f 2171/3318/2209 2158/3319/2210 2159/3311/2205
f 2163/3320/2211 2158/3316/2208 2160/3321/2212
f 2164/3322/2213 2161/3323/2214 2163/3324/2215
f 2161/3323/2214 2198/3325/2216 2118/3326/2154
f 2165/3327/2217 2164/3322/2213 2163/3324/2215
f 2168/3328/63 2163/3320/2211 2160/3321/2212
f 2167/3329/2218 2166/3330/2219 2173/3331/2219
f 2169/3332/63 2165/3333/63 2168/3328/63
f 2168/3334/2220 2171/3318/2209 2170/3335/2221
f 2168/3334/2220 2172/3336/2222 2169/3337/2222
f 2164/3338/2223 2170/3339/100 2171/3340/2224
f 2167/3341/100 2172/3342/100 2170/3339/100
f 2173/3343/100 2174/3344/100 2172/3342/100
f 2169/3337/2222 2174/3345/2225 2177/3346/2225
f 2174/3344/100 2182/3347/100 2176/3348/100
f 2176/3349/2226 2177/3346/2225 2174/3345/2225
f 2180/3350/63 2177/3351/63 2178/3352/63
f 2177/3351/63 2166/3353/63 2169/3332/63
f 2180/3354/2227 2175/3355/2228 2179/3356/2229
f 2173/3331/2219 2179/3356/2229 2175/3355/2228
f 2187/3357/63 2180/3350/63 2178/3352/63
f 2181/3358/2230 2182/3359/2227 2180/3354/2227
f 2182/3347/100 2185/3360/100 2176/3348/100
f 2189/3361/2231 2183/3362/2232 2181/3358/2230
f 2185/3360/100 2184/3363/100 2186/3364/100
f 2186/3365/2233 2187/3366/2234 2185/3367/2234
f 2185/3367/2234 2178/3368/2226 2176/3349/2226
f 2189/3369/63 2187/3357/63 2188/3370/63
f 2186/3365/2233 2190/3371/2235 2188/3372/2236
f 2188/3370/63 2192/3373/63 2189/3369/63
f 2191/3374/2235 2193/3375/2237 2190/3371/2235
f 2190/3376/63 2195/3377/63 2192/3373/63
f 2196/3378/2238 2193/3379/2238 2194/3380/2238
f 2192/3381/2239 2196/3382/2240 2197/3383/2241
f 2191/3384/100 2196/3385/100 2194/3386/100
f 2189/3361/2231 2197/3383/2241 2184/3387/2242
f 2186/3364/100 2197/3388/100 2191/3384/100
f 2162/3389/2243 2171/3340/2224 2159/3390/2244
f 2157/3391/2245 2162/3389/2243 2159/3390/2244
f 2198/3392/2216 2200/3393/2246 2117/3258/2155
f 2199/3394/2247 2157/3309/2245 2202/3395/2248
f 2200/3393/2246 2201/3396/2249 2232/3397/2250
f 2201/3398/2249 2202/3395/2248 2203/3399/2251
f 2157/3309/2204 2204/3400/2252 2202/3395/2253
f 2202/3395/2253 2205/3401/2254 2203/3399/2254
f 2208/3402/2255 2205/3403/2256 2206/3404/2257
f 2208/3402/2255 2207/3405/2258 2210/3406/2259
f 2210/3406/2260 2209/3407/2261 2208/3402/2262
f 2208/3402/2262 2201/3408/2249 2203/3409/2263
f 2213/3410/2264 2210/3406/2260 2212/3411/2265
f 2210/3406/2259 2215/3412/2266 2212/3411/2266
f 2235/3413/2267 2212/3414/2268 2214/3415/2269
f 2212/3414/2270 2216/3416/2271 2214/3415/2271
f 2214/3415/2272 2217/3417/2272 2219/3418/2272
f 2219/3418/2273 2218/3419/2273 2221/3420/2274
f 2221/3420/2275 2220/3421/2276 2219/3418/2277
f 2219/3418/2278 2235/3413/2267 2214/3415/2279
f 2223/3422/2280 2222/3423/2281 2221/3424/2282
f 2221/3424/2283 2226/3425/2284 2223/3422/2285
f 2233/3426/2286 2223/3422/2280 2225/3427/2287
f 2223/3422/2285 2227/3428/2288 2225/3427/2289
f 2225/3427/2289 2228/3429/2290 2230/3430/2290
f 2231/3431/2291 2228/3432/2292 2229/3433/2293
f 2232/3434/2250 2225/3427/2287 2230/3430/2294
f 2231/3431/2295 2232/3435/2250 2230/3436/2296
f 2232/3397/2250 2209/3437/2261 2233/3438/2286
f 2233/3438/2286 2211/3439/2297 2224/3440/2298
f 2231/3431/2291 2234/3441/2149 2113/3251/2149
f 2117/3442/2155 2231/3431/2295 2113/3251/2148
f 2224/3440/2298 2213/3443/2264 2222/3444/2281
f 2222/3444/2281 2235/3445/2267 2220/3446/2276
f 2240/3447/2299 2236/3448/100 2237/3449/2300
f 2239/3450/71 2238/3451/71 2236/3452/71
f 2243/3453/2301 2239/3454/2302 2240/3455/2303
f 2241/3456/71 2329/3457/71 2238/3451/71
f 2244/3458/2304 2241/3459/2302 2243/3453/2301
f 2245/3460/2305 2240/3455/2303 2246/3461/2306
f 2247/3462/2307 2243/3453/2301 2245/3460/2305
f 2248/3463/2308 2246/3461/2306 2250/3464/2309
f 2251/3465/2310 2245/3460/2305 2248/3463/2308
f 2248/3466/2311 2253/3467/2312 2249/3468/2313
f 2251/3469/2314 2249/3468/2313 2289/3470/2314
f 2250/3464/2309 2252/3471/2315 2248/3463/2308
f 2252/3472/2316 2256/3473/2317 2253/3467/2312
f 2255/3474/2318 2254/3475/2319 2257/3476/2320
f 2255/3477/2321 2259/3478/63 2256/3473/2317
f 2258/3479/2322 2257/3476/2320 2260/3480/2322
f 2259/3478/63 2261/3481/63 2262/3482/63
f 2261/3483/2323 2260/3480/2322 2263/3484/2323
f 2262/3482/63 2264/3485/63 2267/3486/63
f 2264/3487/2324 2263/3484/2323 2265/3488/2324
f 2266/3489/2325 2265/3488/2324 2279/3490/2325
f 2267/3486/63 2266/3491/63 2269/3492/63
f 2267/3493/2326 2280/3494/2327 2262/3495/2327
f 2269/3496/2328 2268/3497/2326 2267/3493/2326
f 2271/3498/2329 2270/3499/2328 2269/3496/2328
f 2266/3491/63 2271/3500/63 2269/3492/63
f 2273/3501/2330 2272/3502/2329 2271/3498/2329
f 2271/3500/63 2276/3503/63 2273/3504/63
f 2276/3505/2331 2275/3506/2332 2277/3507/2333
f 2274/3508/2332 2279/3490/2325 2275/3506/2332
f 2276/3509/2334 2278/3510/2334 2273/3511/2334
f 2277/3512/100 2272/3513/100 2278/3514/100
f 2272/3513/100 2279/3515/100 2270/3516/100
f 2279/3515/100 2268/3517/100 2270/3516/100
f 2265/3518/100 2280/3519/100 2268/3517/100
f 2262/3495/2327 2281/3520/2335 2259/3521/2335
f 2263/3522/100 2281/3523/100 2280/3519/100
f 2281/3523/100 2257/3524/2336 2282/3525/2337
f 2259/3521/2335 2282/3526/2338 2256/3527/2338
f 2283/3528/2339 2256/3527/2338 2282/3526/2338
f 2282/3525/2337 2254/3529/2340 2283/3530/2341
f 2284/3531/2342 2253/3532/2343 2283/3528/2339
f 2283/3530/2341 2250/3533/2344 2284/3534/2345
f 2250/3533/2344 2285/3535/2346 2284/3534/2345
f 2249/3536/2347 2285/3537/2348 2286/3538/2348
f 2246/3539/2349 2237/3449/2300 2285/3535/2346
f 2289/3540/2350 2286/3538/2348 2287/3541/2348
f 2290/3542/2351 2287/3541/2348 2288/3543/2348
f 2289/3540/2350 2292/3544/2339 2291/3545/2339
f 2291/3546/2352 2251/3547/2353 2289/3548/2354
f 2291/3545/2339 2322/3549/2355 2293/3550/2355
f 2293/3551/2356 2294/3552/2357 2291/3546/2352
f 2297/3553/2318 2294/3554/2358 2296/3555/2320
f 2251/3465/2310 2295/3556/2359 2323/3557/2360
f 2299/3558/100 2296/3559/2361 2293/3551/2356
f 2300/3560/2322 2296/3555/2320 2298/3561/2322
f 2301/3562/100 2299/3558/100 2304/3563/100
f 2302/3564/2323 2298/3561/2322 2301/3565/2323
f 2320/3566/2362 2301/3565/2323 2303/3567/2363
f 2303/3568/100 2304/3563/100 2306/3569/100
f 2305/3570/2327 2299/3571/2335 2321/3572/2335
f 2307/3573/2326 2304/3574/2327 2305/3570/2327
f 2309/3575/2328 2306/3576/2326 2307/3573/2326
f 2311/3577/100 2306/3569/100 2308/3578/100
f 2319/3579/2329 2308/3580/2328 2309/3575/2328
f 2313/3581/100 2308/3578/100 2310/3582/100
f 2313/3583/2364 2312/3584/2365 2311/3585/2366
f 2311/3585/2366 2320/3566/2362 2303/3567/2363
f 2317/3586/2367 2313/3583/2364 2315/3587/2368
f 2315/3588/100 2310/3582/100 2316/3589/2369
f 2318/3590/2370 2315/3591/2371 2316/3592/2372
f 2319/3593/63 2317/3594/63 2318/3595/63
f 2318/3596/2330 2310/3597/2329 2319/3579/2329
f 2312/3598/63 2319/3593/63 2309/3599/63
f 2307/3600/63 2312/3598/63 2309/3599/63
f 2305/3601/63 2320/3602/63 2307/3600/63
f 2321/3603/63 2302/3604/63 2305/3601/63
f 2321/3572/2335 2293/3550/2355 2322/3549/2355
f 2297/3605/2373 2321/3603/63 2322/3606/2374
f 2295/3607/2375 2322/3606/2374 2292/3608/2376
f 2323/3609/2377 2292/3608/2376 2290/3610/2378
f 2323/3557/2360 2247/3462/2307 2251/3465/2310
f 2288/3611/2379 2323/3609/2377 2290/3610/2378
f 2324/3612/2380 2244/3458/2304 2247/3462/2307
f 2327/3613/2381 2324/3614/2382 2288/3611/2379
f 2244/3458/2304 2326/3615/2302 2242/3616/2302
f 2328/3617/63 2325/3618/2383 2327/3613/2381
f 2242/3619/71 2328/3620/71 2329/3457/71
f 2332/3621/71 2331/3622/71 2330/3623/71
f 2330/3623/71 2335/3624/71 2332/3621/71
f 2336/3625/2384 2333/3626/63 2334/3627/2385
f 2332/3628/2386 2336/3629/2387 2337/3630/2388
f 2339/3631/2389 2336/3629/2387 2338/3632/2390
f 2338/3633/2391 2334/3627/2385 2340/3634/2392
f 2343/3635/2393 2338/3632/2390 2341/3636/2394
f 2341/3637/2395 2340/3634/2392 2342/3638/2396
f 2343/3639/2397 2342/3640/2397 2344/3641/2397
f 2389/3642/2398 2343/3643/2399 2344/3644/2400
f 2346/3645/2401 2339/3631/2389 2343/3635/2393
f 2343/3635/2393 2349/3646/2402 2346/3645/2401
f 2347/3647/2403 2350/3648/2403 2346/3649/2403
f 2346/3650/2404 2364/3651/2405 2347/3652/2406
f 2348/3653/2407 2350/3654/2408 2352/3655/2409
f 2350/3656/2410 2354/3657/2411 2352/3658/2412
f 2363/3659/2413 2352/3655/2409 2353/3660/2414
f 2352/3658/2412 2355/3661/859 2353/3662/2415
f 2356/3663/2416 2351/3664/2417 2347/3665/2418
f 2358/3666/2419 2354/3667/2420 2356/3663/2416
f 2347/3665/2418 2357/3668/2421 2356/3663/2416
f 2357/3668/2421 2334/3669/2422 2359/3670/2422
f 2344/3671/2423 2340/3672/2424 2357/3668/2421
f 2353/3662/2415 2360/3673/100 2361/3674/100
f 2362/3675/71 2360/3676/71 2331/3622/71
f 2363/3659/2413 2361/3677/2386 2362/3678/2386
f 2337/3630/2388 2362/3678/2386 2332/3628/2386
f 2348/3653/2407 2337/3630/2388 2339/3631/2389
f 2349/3679/2425 2366/3680/2426 2364/3651/2405
f 2365/3681/2427 2345/3682/2428 2367/3683/2427
f 2365/3684/2429 2369/3685/100 2366/3680/2426
f 2368/3686/2430 2367/3683/2427 2370/3687/2430
f 2369/3685/100 2371/3688/2431 2372/3689/2431
f 2371/3690/2432 2370/3687/2430 2373/3691/2432
f 2372/3689/2431 2374/3692/100 2377/3693/2369
f 2374/3694/2433 2373/3691/2432 2375/3695/2433
f 2376/3696/2434 2375/3695/2433 2385/3697/2434
f 2374/3692/100 2379/3698/2369 2377/3693/2369
f 2377/3699/2435 2386/3700/2436 2372/3701/2436
f 2379/3702/2437 2378/3703/2435 2377/3699/2435
f 2379/3702/2437 2382/3704/2438 2380/3705/2439
f 2376/3706/100 2381/3707/2369 2379/3698/2369
f 2381/3708/2435 2384/3709/2435 2382/3710/2435
f 2384/3711/2440 2376/3696/2434 2385/3697/2434
f 2382/3712/63 2385/3713/63 2380/3714/63
f 2380/3714/63 2375/3715/2383 2378/3716/63
f 2375/3715/2383 2386/3717/2383 2378/3716/63
f 2372/3701/2436 2387/3718/2441 2369/3719/2441
f 2373/3720/63 2387/3721/63 2386/3717/2383
f 2387/3721/63 2367/3722/2442 2388/3723/2443
f 2369/3719/2441 2388/3724/2444 2366/3725/2445
f 2389/3726/2446 2366/3725/2445 2388/3724/2444
f 2388/3723/2443 2345/3727/2447 2389/3642/2398
f 2344/3671/2423 2364/3728/2448 2389/3726/2446
f 2394/3729/2449 2390/3730/100 2391/3731/2450
f 2393/3732/101 2392/3733/101 2390/3734/101
f 2397/3735/2451 2393/3736/2452 2394/3737/2453
f 2395/3738/101 2475/3739/101 2392/3733/101
f 2398/3740/2454 2395/3741/2452 2397/3735/2451
f 2399/3742/2455 2394/3737/2453 2400/3743/2456
f 2401/3744/2457 2397/3735/2451 2399/3742/2455
f 2402/3745/2458 2400/3743/2456 2404/3746/2459
f 2405/3747/2460 2399/3742/2455 2402/3745/2458
f 2402/3748/2461 2407/3749/2462 2403/3750/2463
f 2405/3751/2464 2403/3752/2465 2439/3753/2464
f 2404/3746/2459 2406/3754/2466 2402/3745/2458
f 2406/3755/2467 2410/3756/2468 2407/3749/2462
f 2409/3757/2469 2408/3758/2470 2411/3759/2471
f 2409/3760/2472 2413/3761/63 2410/3756/2468
f 2412/3762/2473 2411/3759/2471 2414/3763/2474
f 2412/3764/63 2416/3765/63 2413/3761/63
f 2415/3766/2327 2414/3763/2474 2417/3767/2327
f 2416/3765/63 2418/3768/2189 2421/3769/2189
f 2418/3770/2326 2417/3767/2327 2419/3771/2326
f 2420/3772/2328 2419/3771/2326 2429/3773/2475
f 2421/3769/2189 2420/3774/63 2423/3775/63
f 2421/3776/2324 2430/3777/2323 2416/3778/2323
f 2423/3779/2325 2422/3780/2324 2421/3776/2324
f 2425/3781/2476 2424/3782/2325 2423/3779/2325
f 2420/3774/63 2425/3783/2383 2423/3775/63
f 2425/3784/2324 2428/3785/2324 2426/3786/2324
f 2427/3787/2477 2429/3773/2475 2428/3788/2477
f 2426/3789/100 2429/3790/100 2424/3791/100
f 2429/3790/100 2422/3792/100 2424/3791/100
f 2419/3793/100 2430/3794/100 2422/3792/100
f 2416/3778/2323 2431/3795/2329 2413/3796/2329
f 2430/3794/100 2414/3797/100 2431/3798/100
f 2431/3798/100 2411/3799/2478 2432/3800/2479
f 2413/3796/2329 2432/3801/2480 2410/3802/2480
f 2433/3803/2481 2410/3802/2480 2432/3801/2480
f 2432/3800/2479 2408/3804/2482 2433/3805/2483
f 2434/3806/2484 2407/3807/2485 2433/3803/2481
f 2433/3805/2483 2404/3808/2486 2434/3809/2487
f 2404/3808/2486 2435/3810/2488 2434/3809/2487
f 2403/3811/2489 2435/3812/2490 2436/3813/2490
f 2400/3814/2491 2391/3731/2450 2435/3810/2488
f 2439/3815/2492 2436/3813/2490 2437/3816/2490
f 2440/3817/2493 2437/3816/2490 2438/3818/2490
f 2439/3815/2492 2442/3819/2481 2441/3820/2481
f 2441/3821/2494 2405/3822/2495 2439/3823/2496
f 2441/3820/2481 2468/3824/2480 2443/3825/2480
f 2443/3826/2497 2444/3827/2498 2441/3821/2494
f 2447/3828/2469 2444/3829/2499 2446/3830/2500
f 2405/3747/2460 2445/3831/2501 2469/3832/2502
f 2449/3833/100 2446/3834/2503 2443/3826/2497
f 2450/3835/2473 2446/3830/2500 2448/3836/2504
f 2454/3837/100 2448/3838/100 2449/3833/100
f 2452/3839/2327 2448/3836/2504 2451/3840/2327
f 2466/3841/2505 2451/3840/2327 2453/3842/2506
f 2453/3843/100 2454/3837/100 2456/3844/100
f 2455/3845/2323 2449/3846/2329 2467/3847/2329
f 2457/3848/2324 2454/3849/2323 2455/3845/2323
f 2459/3850/2325 2456/3851/2324 2457/3848/2324
f 2461/3852/100 2456/3844/100 2458/3853/100
f 2465/3854/2476 2458/3855/2325 2459/3850/2325
f 2463/3856/2431 2458/3853/100 2460/3857/2507
f 2463/3858/2508 2462/3859/2509 2461/3860/2510
f 2461/3860/2510 2466/3841/2505 2453/3842/2506
f 2465/3861/2324 2463/3862/2324 2460/3863/2324
f 2462/3864/63 2465/3865/63 2459/3866/63
f 2457/3867/2383 2462/3864/63 2459/3866/63
f 2455/3868/63 2466/3869/2383 2457/3867/2383
f 2450/3870/63 2455/3868/63 2467/3871/63
f 2467/3847/2329 2443/3825/2480 2468/3824/2480
f 2447/3872/2511 2467/3871/63 2468/3873/2512
f 2445/3874/2513 2468/3873/2512 2442/3875/2514
f 2469/3876/2515 2442/3875/2514 2440/3877/2516
f 2469/3832/2502 2401/3744/2457 2405/3747/2460
f 2438/3878/2517 2469/3876/2515 2440/3877/2516
f 2470/3879/2518 2398/3740/2454 2401/3744/2457
f 2473/3880/2519 2470/3881/2520 2438/3878/2517
f 2471/3882/2521 2396/3883/2452 2398/3740/2454
f 2474/3884/63 2471/3885/2522 2473/3880/2519
f 2396/3886/101 2474/3887/101 2475/3739/101
f 2477/3888/2523 2479/3889/2524 2500/3890/2525
f 2487/3891/2526 2476/3892/2527 2477/3888/2523
f 2476/3892/2527 2478/3893/2528 2480/3894/100
f 2479/3889/2524 2476/3892/2527 2480/3894/100
f 2485/3895/2529 2481/3896/2530 2480/3894/100
f 2481/3896/2530 2482/3897/2531 2480/3894/100
f 2482/3897/2531 2484/3898/2532 2480/3894/100
f 2484/3898/2532 2483/3899/2533 2480/3894/100
f 2483/3899/2533 2479/3889/2524 2480/3894/100
f 2478/3893/2528 2485/3895/2529 2480/3894/100
f 2486/3900/2534 2481/3896/2530 2485/3895/2529
f 2486/3900/2534 2478/3893/2528 2487/3891/2526
f 2486/3901/2534 2491/3902/2535 2489/3903/2536
f 2488/3904/2537 2489/3903/2536 2492/3905/2538
f 2489/3906/2536 2493/3907/2539 2492/3908/2538
f 2491/3909/2535 2490/3910/2540 2489/3906/2536
f 2492/3908/2538 2495/3911/2541 2494/3912/2542
f 2497/3913/2543 2492/3905/2538 2494/3914/2542
f 2505/3915/2544 2494/3912/2542 2495/3911/2541
f 2497/3913/2543 2496/3916/2545 2498/3917/2546
f 2488/3918/2537 2482/3897/2531 2481/3896/2530
f 2498/3919/2546 2482/3897/2531 2497/3920/2543
f 2483/3899/2533 2498/3919/2546 2499/3921/2547
f 2498/3917/2546 2501/3922/2548 2499/3923/2547
f 2500/3890/2525 2483/3899/2533 2499/3921/2547
f 2500/3924/2525 2501/3925/2548 2502/3926/2549
f 2501/3927/2548 2504/3928/2550 2502/3929/2549
f 2496/3930/2545 2503/3931/2551 2501/3927/2548
f 2504/3928/2550 2503/3931/2551 2506/3932/63
f 2503/3931/2551 2505/3915/2544 2506/3932/63
f 2507/3933/2552 2504/3928/2550 2506/3932/63
f 2508/3934/2553 2507/3933/2552 2506/3932/63
f 2490/3910/2540 2508/3934/2553 2506/3932/63
f 2505/3915/2544 2495/3911/2541 2506/3932/63
f 2495/3911/2541 2493/3907/2539 2506/3932/63
f 2493/3907/2539 2490/3910/2540 2506/3932/63
f 2509/3935/2554 2508/3934/2553 2491/3909/2535
f 2502/3929/2549 2507/3933/2552 2509/3935/2554
f 2487/3936/2526 2509/3937/2554 2491/3902/2535
f 2502/3926/2549 2477/3938/2523 2500/3924/2525
f 2514/3939/100 2510/3940/100 2511/3941/100
f 2512/3942/71 2513/3943/71 2515/3944/71
f 2516/3945/2302 2513/3943/2302 2514/3939/2302
f 2512/3942/63 2516/3945/63 2517/3946/63
f 2511/3941/2555 2516/3945/2556 2514/3939/2555
f 2522/3947/100 2518/3948/100 2519/3949/100
f 2520/3950/101 2521/3951/101 2523/3952/101
f 2522/3947/2452 2523/3952/2452 2521/3951/2452
f 2520/3950/63 2524/3953/63 2525/3954/63
f 2519/3949/2557 2524/3953/2557 2522/3947/2557
f 2529/3955/2558 2527/3956/2559 2530/3957/2559
f 2531/3958/2560 2526/3959/2558 2529/3955/2558
f 2532/3960/2561 2528/3961/2560 2531/3958/2560
f 2533/3962/2562 2534/3963/2561 2532/3960/2561
f 2538/3964/2563 2535/3965/2562 2533/3966/2562
f 2539/3967/2564 2536/3968/2563 2538/3964/2563
f 2540/3969/2565 2537/3970/2564 2539/3967/2564
f 2530/3957/2559 2541/3971/2565 2540/3969/2565
f 2543/3972/2566 2545/3973/1658 2546/3974/2566
f 2542/3975/1658 2547/3976/2567 2545/3973/1658
f 2544/3977/2567 2548/3978/2568 2547/3976/2567
f 2550/3979/2568 2549/3980/2569 2548/3978/2568
f 2551/3981/2569 2554/3982/2570 2549/3983/2569
f 2552/3984/2570 2555/3985/2571 2554/3982/2570
f 2553/3986/2571 2556/3987/2572 2555/3985/2571
f 2557/3988/2572 2546/3974/2566 2556/3987/2572
f 2558/3989/71 2616/3990/2573 2560/3991/71
f 2558/3989/71 2563/3992/2574 2561/3993/2574
f 2561/3993/2574 2564/3994/2575 2562/3995/2575
f 2565/3996/2576 2564/3997/2577 2563/3998/2576
f 2560/3999/2578 2565/3996/2576 2563/3998/2576
f 2568/4000/2579 2566/4001/2580 2565/4002/2579
f 2570/4003/2581 2565/4002/2579 2567/4004/2581
f 2571/4005/2582 2569/4006/2583 2568/4007/2582
f 2573/4008/2584 2568/4007/2582 2570/4009/2585
f 2574/4010/2574 2572/4011/2575 2571/4012/2574
f 2576/4013/71 2571/4012/2574 2573/4014/71
f 2577/4015/2586 2575/4016/2587 2574/4017/2588
f 2579/4018/2589 2574/4017/2588 2576/4019/2590
f 2579/4018/2589 2578/4020/63 2577/4015/2586
f 2578/4020/63 2580/4021/2591 2577/4015/2586
f 2580/4022/2591 2584/4023/63 2582/4024/2592
f 2580/4022/2591 2583/4025/2593 2575/4026/2587
f 2583/4025/2593 2585/4027/2594 2586/4028/2595
f 2584/4023/63 2585/4027/2594 2582/4024/2592
f 2586/4028/2595 2588/4029/2596 2590/4030/2597
f 2587/4031/63 2588/4029/2596 2585/4027/2594
f 2589/4032/63 2591/4033/2598 2588/4029/2596
f 2588/4029/2596 2592/4034/2599 2590/4030/2597
f 2591/4033/2598 2595/4035/2600 2592/4034/2599
f 2591/4033/2598 2596/4036/63 2594/4037/2601
f 2594/4037/2601 2599/4038/2602 2595/4035/2600
f 2594/4037/2601 2598/4039/63 2597/4040/2603
f 2597/4040/2603 2602/4041/63 2600/4042/2604
f 2597/4040/2603 2601/4043/2605 2599/4038/2602
f 2600/4042/2604 2604/4044/2606 2601/4043/2605
f 2602/4041/63 2603/4045/2607 2600/4042/2604
f 2604/4044/2606 2606/4046/2608 2607/4047/2609
f 2603/4045/2607 2608/4048/63 2606/4046/2608
f 2606/4046/2608 2576/4019/2590 2607/4047/2609
f 2608/4048/63 2579/4018/2589 2606/4046/2608
f 2607/4049/2573 2573/4014/71 2610/4050/2573
f 2604/4051/2610 2610/4050/2573 2611/4052/2610
f 2610/4053/2611 2570/4009/2585 2612/4054/2612
f 2611/4055/2613 2612/4054/2612 2613/4056/2613
f 2612/4057/2614 2567/4004/2581 2614/4058/2614
f 2615/4059/2615 2612/4057/2614 2614/4058/2614
f 2614/4060/2616 2560/3999/2578 2616/4061/2617
f 2617/4062/2618 2614/4060/2616 2616/4061/2617
f 2618/4063/2610 2616/3990/2573 2559/4064/2573
f 2620/4065/1 2617/4066/2610 2618/4063/2610
f 2622/4067/2619 2617/4062/2618 2619/4068/2619
f 2653/4069/2620 2619/4070/1 2620/4065/1
f 2621/4071/2621 2622/4067/2619 2619/4068/2619
f 2624/4072/2622 2615/4059/2615 2622/4073/2622
f 2623/4074/2623 2624/4072/2622 2622/4073/2622
f 2626/4075/2624 2613/4056/2613 2624/4076/2624
f 2627/4077/2625 2624/4076/2624 2625/4078/2625
f 2601/4079/1 2611/4052/2610 2626/4080/1
f 2599/4081/2620 2626/4080/1 2627/4082/2620
f 2595/4083/2626 2627/4082/2620 2628/4084/2626
f 2628/4085/2627 2625/4078/2625 2630/4086/2627
f 2592/4087/101 2628/4084/2626 2629/4088/101
f 2629/4089/2628 2630/4086/2627 2631/4090/2628
f 2632/4091/2629 2625/4092/2630 2623/4074/2623
f 2633/4093/2631 2630/4094/2629 2632/4091/2629
f 2632/4095/2632 2621/4071/2621 2634/4096/2632
f 2633/4097/2633 2634/4096/2632 2636/4098/2633
f 2635/4099/2626 2621/4100/2620 2653/4069/2620
f 2637/4101/101 2634/4102/2626 2635/4099/2626
f 2639/4103/2634 2636/4104/101 2637/4101/101
f 2641/4105/2635 2636/4098/2633 2638/4106/2635
f 2652/4107/2636 2638/4108/2634 2639/4103/2634
f 2642/4109/2637 2638/4106/2635 2640/4110/2637
f 2643/4111/2638 2633/4093/2631 2641/4112/2638
f 2644/4113/2639 2641/4112/2638 2642/4114/2639
f 2643/4115/2640 2629/4089/2628 2631/4090/2628
f 2646/4116/2641 2643/4115/2640 2644/4117/2641
f 2590/4118/2634 2629/4088/101 2645/4119/2634
f 2586/4120/2636 2645/4119/2634 2646/4121/2636
f 2583/4122/14 2646/4121/2636 2647/4123/14
f 2647/4124/2642 2644/4117/2641 2648/4125/2642
f 2575/4126/2575 2647/4123/14 2572/4127/2575
f 2569/4128/2583 2647/4124/2642 2648/4125/2642
f 2649/4129/2643 2644/4113/2639 2642/4114/2639
f 2569/4130/2644 2649/4129/2643 2566/4131/2580
f 2649/4132/2645 2640/4110/2637 2650/4133/2645
f 2566/4134/2577 2650/4133/2645 2564/4135/2577
f 2651/4136/14 2640/4137/2636 2652/4107/2636
f 2562/4138/2575 2650/4139/14 2651/4136/14
f 2656/4140/101 2655/4141/2626 2654/4142/101
f 2659/4143/2634 2654/4142/101 2657/4144/2634
f 2660/4145/2636 2657/4144/2634 2658/4146/2636
f 2660/4147/2637 2661/4148/2635 2659/4149/2646
f 2656/4150/2633 2661/4148/2635 2663/4151/2633
f 2662/4152/2647 2664/4153/2638 2661/4154/2638
f 2663/4155/2631 2664/4153/2638 2666/4156/2631
f 2664/4157/2640 2668/4158/2641 2667/4159/2648
f 2666/4160/2628 2667/4159/2648 2669/4161/2628
f 2668/4162/2636 2670/4163/2634 2667/4164/2634
f 2667/4164/2634 2672/4165/101 2669/4166/101
f 2671/4167/2595 2673/4168/2649 2670/4169/2597
f 2670/4169/2597 2675/4170/2598 2672/4171/2599
f 2675/4170/2598 2674/4172/63 2705/4173/63
f 2676/4174/2650 2674/4172/63 2673/4168/2649
f 2676/4175/2650 2680/4176/63 2677/4177/63
f 2679/4178/2593 2676/4175/2650 2671/4179/2595
f 2679/4178/2593 2681/4180/2651 2678/4181/2652
f 2681/4180/2651 2680/4176/63 2678/4181/2652
f 2682/4182/2587 2684/4183/2653 2681/4180/2651
f 2684/4183/2653 2683/4184/63 2681/4180/2651
f 2687/4185/2654 2685/4186/63 2684/4183/2653
f 2686/4187/2588 2687/4185/2654 2684/4183/2653
f 2691/4188/2609 2687/4185/2654 2688/4189/2590
f 2687/4185/2654 2692/4190/63 2689/4191/63
f 2695/4192/2606 2690/4193/2655 2691/4188/2609
f 2690/4193/2655 2694/4194/63 2692/4190/63
f 2693/4195/2656 2698/4196/63 2694/4194/63
f 2697/4197/2605 2693/4195/2656 2695/4192/2606
f 2700/4198/2657 2696/4199/2658 2697/4197/2605
f 2699/4200/2659 2698/4196/63 2696/4199/2658
f 2703/4201/2600 2699/4200/2659 2700/4198/2657
f 2699/4200/2659 2704/4202/63 2701/4203/63
f 2672/4171/2599 2702/4204/2660 2703/4201/2600
f 2675/4170/2598 2704/4202/63 2702/4204/2660
f 2669/4166/101 2703/4205/2626 2706/4206/2626
f 2706/4206/2626 2700/4207/2620 2707/4208/2620
f 2666/4160/2628 2706/4209/2627 2708/4210/2627
f 2708/4210/2627 2707/4211/2625 2709/4212/2625
f 2663/4155/2631 2708/4213/2629 2710/4214/2629
f 2710/4214/2629 2709/4215/2630 2711/4216/2623
f 2656/4150/2633 2710/4217/2661 2712/4218/2661
f 2713/4219/2621 2710/4217/2661 2711/4220/2621
f 2655/4141/2626 2713/4221/2620 2714/4222/2620
f 2713/4221/2620 2716/4223/1 2714/4222/2620
f 2713/4219/2621 2718/4224/2619 2715/4225/2619
f 2715/4226/1 2749/4227/2610 2716/4223/1
f 2717/4228/2618 2718/4224/2619 2719/4229/2618
f 2711/4216/2623 2720/4230/2622 2718/4231/2622
f 2719/4232/2662 2720/4230/2622 2721/4233/2615
f 2720/4234/2624 2707/4211/2625 2722/4235/2624
f 2720/4234/2624 2723/4236/2613 2721/4237/2613
f 2707/4208/2620 2697/4238/1 2722/4239/1
f 2722/4239/1 2695/4240/2610 2723/4241/2610
f 2723/4241/2610 2691/4242/2573 2724/4243/2573
f 2721/4237/2613 2724/4244/2611 2726/4245/2611
f 2724/4243/2573 2688/4246/71 2725/4247/71
f 2726/4245/2611 2725/4248/2585 2727/4249/2585
f 2728/4250/2614 2721/4233/2615 2726/4251/2614
f 2728/4250/2614 2727/4252/2581 2729/4253/2581
f 2717/4228/2618 2728/4254/2616 2730/4255/2616
f 2730/4255/2616 2729/4256/2578 2732/4257/2578
f 2717/4258/2610 2731/4259/2573 2749/4227/2610
f 2730/4260/2573 2733/4261/71 2731/4259/2573
f 2732/4262/71 2735/4263/2574 2733/4261/71
f 2734/4264/2663 2729/4256/2578 2737/4265/2663
f 2734/4266/2574 2748/4267/2575 2735/4263/2574
f 2736/4268/2577 2737/4265/2663 2738/4269/2577
f 2729/4253/2581 2739/4270/2579 2737/4271/2579
f 2737/4271/2579 2740/4272/2644 2738/4273/2644
f 2739/4274/2582 2725/4248/2585 2741/4275/2582
f 2739/4274/2582 2742/4276/2583 2740/4277/2583
f 2725/4247/71 2686/4278/2574 2741/4279/2574
f 2741/4279/2574 2682/4280/2575 2742/4281/2575
f 2742/4281/2575 2679/4282/14 2743/4283/14
f 2740/4277/2583 2743/4284/2642 2744/4285/2642
f 2743/4283/14 2671/4286/2636 2668/4287/2636
f 2665/4288/2641 2743/4284/2642 2668/4289/2641
f 2738/4273/2644 2744/4290/2643 2745/4291/2643
f 2745/4291/2643 2665/4292/2647 2662/4293/2647
f 2736/4268/2577 2745/4294/2645 2746/4295/2645
f 2746/4295/2645 2662/4296/2637 2660/4297/2637
f 2736/4298/2575 2747/4299/14 2748/4267/2575
f 2746/4300/14 2658/4301/2636 2747/4299/14
f 2751/4302/2626 2752/4303/101 2750/4304/101
f 2750/4304/101 2755/4305/2634 2753/4306/2634
f 2753/4306/2634 2756/4307/2636 2754/4308/2636
f 2757/4309/2664 2756/4310/2665 2755/4311/2664
f 2752/4312/2666 2757/4309/2664 2755/4311/2664
f 2760/4313/2667 2758/4314/2668 2757/4315/2667
f 2762/4316/2669 2757/4315/2667 2759/4317/2669
f 2760/4318/2670 2764/4319/2671 2761/4320/2671
f 2762/4321/2672 2763/4322/2670 2760/4318/2670
f 2766/4323/2634 2764/4324/2636 2763/4325/2634
f 2768/4326/101 2763/4325/2634 2765/4327/101
f 2769/4328/2673 2767/4329/2674 2766/4330/2675
f 2771/4331/2676 2766/4330/2675 2768/4332/2677
f 2771/4331/2676 2770/4333/100 2769/4328/2673
f 2770/4333/100 2772/4334/2678 2769/4328/2673
f 2772/4335/2678 2776/4336/100 2774/4337/2679
f 2772/4335/2678 2775/4338/2680 2767/4339/2674
f 2775/4338/2680 2777/4340/2681 2778/4341/2682
f 2776/4336/100 2777/4340/2681 2774/4337/2679
f 2778/4341/2682 2780/4342/2683 2782/4343/2684
f 2779/4344/100 2780/4342/2683 2777/4340/2681
f 2781/4345/100 2783/4346/2685 2780/4342/2683
f 2782/4343/2684 2783/4346/2685 2784/4347/2686
f 2783/4346/2685 2787/4348/2687 2784/4347/2686
f 2783/4346/2685 2788/4349/100 2786/4350/2688
f 2786/4350/2688 2791/4351/2689 2787/4348/2687
f 2786/4350/2688 2790/4352/100 2789/4353/2690
f 2789/4353/2690 2794/4354/100 2792/4355/2691
f 2791/4351/2689 2792/4355/2691 2793/4356/2692
f 2792/4355/2691 2796/4357/2693 2793/4356/2692
f 2794/4354/100 2795/4358/2694 2792/4355/2691
f 2795/4358/2694 2799/4359/2695 2796/4357/2693
f 2795/4358/2694 2800/4360/100 2798/4361/2696
f 2799/4359/2695 2771/4331/2676 2768/4332/2677
f 2800/4360/100 2771/4331/2676 2798/4361/2696
f 2799/4362/2626 2765/4327/101 2802/4363/2626
f 2796/4364/2620 2802/4363/2626 2803/4365/2620
f 2802/4366/2697 2762/4321/2672 2804/4367/2697
f 2803/4368/2698 2804/4367/2697 2805/4369/2698
f 2804/4370/2699 2759/4317/2669 2806/4371/2699
f 2807/4372/2700 2804/4370/2699 2806/4371/2699
f 2806/4373/2701 2752/4312/2666 2808/4374/2701
f 2809/4375/2702 2806/4373/2701 2808/4374/2701
f 2810/4376/2620 2808/4377/2626 2751/4302/2626
f 2812/4378/1 2809/4379/2620 2810/4376/2620
f 2811/4380/2703 2807/4381/2702 2809/4375/2702
f 2845/4382/2610 2811/4383/1 2812/4378/1
f 2813/4384/2704 2814/4385/2703 2811/4380/2703
f 2816/4386/2705 2807/4372/2700 2814/4387/2705
f 2815/4388/2706 2816/4386/2705 2814/4387/2705
f 2818/4389/2707 2805/4369/2698 2816/4390/2707
f 2819/4391/2708 2816/4390/2707 2817/4392/2708
f 2793/4393/1 2803/4365/2620 2818/4394/1
f 2791/4395/2610 2818/4394/1 2819/4396/2610
f 2787/4397/2573 2819/4396/2610 2820/4398/2573
f 2820/4399/2709 2817/4392/2708 2822/4400/2709
f 2784/4401/71 2820/4398/2573 2821/4402/71
f 2821/4403/2710 2822/4400/2709 2823/4404/2710
f 2824/4405/2711 2817/4406/2706 2815/4388/2706
f 2823/4407/2712 2824/4405/2711 2825/4408/2712
f 2824/4409/2713 2813/4384/2704 2826/4410/2713
f 2825/4411/2714 2826/4410/2713 2828/4412/2714
f 2827/4413/2573 2813/4414/2610 2845/4382/2610
f 2829/4415/71 2826/4416/2573 2827/4413/2573
f 2831/4417/2574 2828/4418/71 2829/4415/71
f 2830/4419/2715 2825/4411/2714 2828/4412/2714
f 2844/4420/2575 2830/4421/2574 2831/4417/2574
f 2832/4422/2716 2833/4423/2715 2830/4419/2715
f 2835/4424/2717 2825/4408/2712 2833/4425/2717
f 2834/4426/2718 2835/4424/2717 2833/4425/2717
f 2835/4427/2719 2821/4403/2710 2823/4404/2710
f 2838/4428/2720 2835/4427/2719 2836/4429/2720
f 2782/4430/2574 2821/4402/71 2837/4431/2574
f 2778/4432/2575 2837/4431/2574 2838/4433/2575
f 2775/4434/14 2838/4433/2575 2839/4435/14
f 2839/4436/2721 2836/4429/2720 2840/4437/2721
f 2767/4438/2636 2839/4435/14 2764/4439/2636
f 2761/4440/2671 2839/4436/2721 2840/4437/2721
f 2841/4441/2722 2836/4442/2723 2834/4426/2718
f 2761/4443/2668 2841/4441/2722 2758/4444/2668
f 2841/4445/2724 2832/4422/2716 2842/4446/2724
f 2758/4447/2665 2842/4446/2724 2756/4448/2665
f 2843/4449/14 2832/4450/2575 2844/4420/2575
f 2754/4451/2636 2842/4452/14 2843/4449/14
f 2848/4453/71 2847/4454/2573 2846/4455/71
f 2851/4456/2574 2846/4455/71 2849/4457/2574
f 2852/4458/2575 2849/4457/2574 2850/4459/2575
f 2852/4460/2716 2853/4461/2725 2851/4462/2725
f 2848/4463/2714 2853/4461/2725 2855/4464/2714
f 2854/4465/2718 2856/4466/2717 2853/4467/2717
f 2853/4467/2717 2858/4468/2712 2855/4469/2712
f 2856/4470/2719 2860/4471/2720 2859/4472/2719
f 2858/4473/2710 2859/4472/2719 2861/4474/2710
f 2860/4475/2575 2862/4476/2574 2859/4477/2574
f 2859/4477/2574 2864/4478/71 2861/4479/71
f 2863/4480/2682 2865/4481/2726 2862/4482/2684
f 2862/4482/2684 2867/4483/2727 2864/4484/2728
f 2867/4483/2727 2866/4485/100 2897/4486/100
f 2868/4487/2729 2866/4485/100 2865/4481/2726
f 2868/4488/2729 2872/4489/100 2869/4490/100
f 2863/4491/2682 2870/4492/2730 2868/4488/2729
f 2871/4493/2680 2873/4494/2731 2870/4492/2730
f 2873/4494/2731 2872/4489/100 2870/4492/2730
f 2874/4495/2674 2876/4496/2732 2873/4494/2731
f 2876/4496/2732 2875/4497/100 2873/4494/2731
f 2879/4498/2733 2877/4499/100 2876/4496/2732
f 2880/4500/2677 2876/4496/2732 2878/4501/2675
f 2883/4502/2695 2879/4498/2733 2880/4500/2677
f 2879/4498/2733 2884/4503/100 2881/4504/100
f 2887/4505/2734 2882/4506/2735 2883/4502/2695
f 2882/4506/2735 2886/4507/100 2884/4503/100
f 2885/4508/2736 2890/4509/100 2886/4507/100
f 2889/4510/2692 2885/4508/2736 2887/4505/2734
f 2892/4511/2689 2888/4512/2737 2889/4510/2692
f 2891/4513/2738 2890/4509/100 2888/4512/2737
f 2892/4511/2689 2894/4514/2739 2891/4513/2738
f 2891/4513/2738 2896/4515/100 2893/4516/100
f 2864/4484/2728 2894/4514/2739 2895/4517/2740
f 2867/4483/2727 2896/4515/100 2894/4514/2739
f 2861/4479/71 2895/4518/2573 2898/4519/2573
f 2898/4519/2573 2892/4520/2610 2899/4521/2610
f 2858/4473/2710 2898/4522/2741 2900/4523/2709
f 2900/4523/2709 2899/4524/2708 2901/4525/2708
f 2855/4469/2712 2900/4526/2711 2902/4527/2711
f 2902/4527/2711 2901/4528/2706 2903/4529/2706
f 2848/4463/2714 2902/4530/2713 2904/4531/2713
f 2905/4532/2704 2902/4530/2713 2903/4533/2704
f 2904/4534/2573 2906/4535/2610 2847/4454/2573
f 2905/4536/2610 2908/4537/1 2906/4535/2610
f 2907/4538/2703 2903/4533/2704 2910/4539/2703
f 2907/4540/1 2941/4541/2620 2908/4537/1
f 2909/4542/2702 2910/4539/2703 2911/4543/2702
f 2903/4529/2706 2912/4544/2705 2910/4545/2705
f 2910/4545/2705 2913/4546/2700 2911/4547/2700
f 2912/4548/2707 2899/4524/2708 2914/4549/2707
f 2912/4548/2707 2915/4550/2698 2913/4551/2698
f 2899/4521/2610 2889/4552/1 2914/4553/1
f 2914/4553/1 2887/4554/2620 2915/4555/2620
f 2915/4555/2620 2883/4556/2626 2916/4557/2626
f 2918/4558/2697 2915/4550/2698 2916/4559/2697
f 2916/4557/2626 2880/4560/101 2917/4561/101
f 2918/4558/2697 2917/4562/2672 2919/4563/2672
f 2920/4564/2699 2913/4546/2700 2918/4565/2699
f 2920/4564/2699 2919/4566/2669 2921/4567/2669
f 2922/4568/2701 2911/4543/2702 2920/4569/2701
f 2922/4568/2701 2921/4570/2666 2924/4571/2666
f 2909/4572/2620 2923/4573/2626 2941/4541/2620
f 2922/4574/2626 2925/4575/101 2923/4573/2626
f 2924/4576/101 2927/4577/2634 2925/4575/101
f 2924/4571/2666 2929/4578/2664 2926/4579/2664
f 2926/4580/2634 2940/4581/2636 2927/4577/2634
f 2926/4579/2664 2930/4582/2665 2928/4583/2665
f 2921/4567/2669 2931/4584/2667 2929/4585/2667
f 2929/4585/2667 2932/4586/2668 2930/4587/2668
f 2931/4588/2670 2917/4562/2672 2933/4589/2670
f 2931/4588/2670 2934/4590/2671 2932/4591/2671
f 2917/4561/101 2878/4592/2634 2933/4593/2634
f 2933/4593/2634 2874/4594/2636 2934/4595/2636
f 2934/4595/2636 2871/4596/14 2935/4597/14
f 2932/4591/2671 2935/4598/2721 2936/4599/2721
f 2935/4597/14 2863/4600/2575 2860/4601/2575
f 2857/4602/2720 2935/4598/2721 2860/4603/2720
f 2937/4604/2722 2932/4586/2668 2936/4605/2722
f 2854/4606/2718 2936/4605/2722 2857/4607/2723
f 2928/4583/2665 2937/4608/2724 2938/4609/2724
f 2938/4609/2724 2854/4610/2716 2852/4611/2716
f 2928/4612/2636 2939/4613/14 2940/4581/2636
f 2938/4614/14 2850/4615/2575 2939/4613/14
f 2945/4616/2742 2943/4617/2743 3290/4618/2744
f 2942/4619/2745 2949/4620/2746 2943/4621/2747
f 2945/4616/2742 2944/4622/2748 2942/4623/2749
f 2944/4624/2750 2946/4625/2751 2942/4619/2745
f 2946/4625/2751 2951/4626/2752 2949/4620/2746
f 2946/4625/2751 3278/4627/2753 2947/4628/2754
f 2943/4621/2747 2950/4629/2755 2966/4630/2756
f 2949/4620/2746 2952/4631/2757 2950/4629/2755
f 2953/4632/2758 2952/4631/2757 2951/4626/2752
f 2955/4633/2759 2951/4626/2752 2947/4628/2754
f 2953/4634/2760 2957/4635/2761 2956/4636/2762
f 2955/4637/2763 2954/4638/2764 2953/4634/2760
f 2956/4636/2762 2959/4639/2765 2958/4640/2766
f 2956/4641/2767 2961/4642/2768 2952/4631/2757
f 2958/4640/2766 3302/4643/2769 2960/4644/2770
f 2958/4645/2771 2962/4646/2772 2961/4642/2768
f 2963/4647/2773 2962/4646/2772 2964/4648/2774
f 2950/4629/2755 2961/4642/2768 2963/4647/2773
f 2967/4649/2775 2963/4647/2773 2964/4648/2774
f 2966/4630/2756 2963/4647/2773 2965/4650/2776
f 2969/4651/2777 2965/4652/2778 2968/4653/2779
f 2968/4653/2779 2967/4654/2780 2971/4655/2781
f 2968/4653/2779 3292/4656/2782 2969/4651/2777
f 2971/4655/2781 2970/4657/2783 2968/4653/2779
f 2973/4658/2784 2972/4659/2785 2971/4655/2781
f 2971/4655/2781 2976/4660/2786 2973/4658/2784
f 2975/4661/2787 2974/4662/2788 2973/4658/2784
f 2973/4658/2784 2977/4663/2789 2975/4661/2787
f 2976/4664/2790 2964/4648/2774 2978/4665/2791
f 2976/4664/2790 2979/4666/2792 2977/4667/2793
f 2978/4665/2791 2981/4668/2794 2979/4666/2792
f 2978/4665/2791 2962/4646/2772 2980/4669/2795
f 2982/4670/2796 2981/4668/2794 2980/4669/2795
f 2982/4670/2796 2962/4646/2772 2960/4671/2797
f 2982/4672/2798 2985/4673/2799 2984/4674/2800
f 2982/4672/2798 3302/4643/2769 2983/4675/2801
f 2986/4676/2802 2985/4673/2799 2987/4677/1
f 2984/4678/2803 2988/4679/2804 2981/4668/2794
f 2986/4676/2802 2990/4680/2805 2989/4681/2806
f 2989/4682/2807 2988/4679/2804 2986/4683/2808
f 2990/4680/2805 2991/4684/2809 2989/4681/2806
f 2991/4685/2810 2992/4686/2811 2989/4682/2807
f 2995/4687/2812 2992/4686/2811 2994/4688/2813
f 2992/4686/2811 2996/4689/2814 2994/4688/2813
f 2995/4687/2812 2997/4690/2815 2999/4691/2816
f 2994/4688/2813 2998/4692/2817 2997/4690/2815
f 2997/4693/2818 3001/4694/2819 3000/4695/2820
f 2999/4696/2821 3000/4695/2820 3003/4697/2822
f 3307/4698/2823 3000/4695/2820 3001/4694/2819
f 3002/4699/2824 3003/4697/2822 3000/4695/2820
f 3003/4697/2822 3005/4700/2825 2975/4661/2787
f 2975/4661/2787 2999/4696/2821 3003/4697/2822
f 3004/4701/2826 3007/4702/2827 3005/4700/2825
f 3009/4703/2828 3004/4701/2826 3002/4699/2824
f 3118/4704/2829 3006/4705/2830 3008/4706/2831
f 3006/4705/2830 3011/4707/2832 3008/4706/2831
f 3010/4708/2833 3002/4699/2824 3307/4698/2823
f 3009/4703/2828 3012/4709/2834 3011/4707/2832
f 3013/4710/2835 3008/4706/2831 3011/4707/2832
f 3014/4711/2836 3011/4707/2832 3012/4709/2834
f 3014/4712/2837 3016/4713/2838 3013/4714/2839
f 3013/4714/2839 3017/4715/2840 3015/4716/2841
f 3019/4717/2842 3017/4715/2840 3016/4713/2838
f 3022/4718/2843 3016/4713/2838 3018/4719/2844
f 3020/4720/2845 3021/4721/2846 3019/4717/2842
f 3023/4722/2847 3019/4717/2842 3022/4718/2843
f 3025/4723/2848 3022/4718/2843 3024/4724/2849
f 3024/4724/2849 3018/4719/2844 3026/4725/2850
f 3028/4726/2851 3024/4724/2849 3027/4727/2852
f 3027/4727/2852 3026/4725/2850 3029/4728/2853
f 3031/4729/2854 3027/4727/2852 3030/4730/2855
f 3030/4730/2855 3029/4728/2853 3032/4731/2856
f 3034/4732/2857 3030/4730/2855 3033/4733/2858
f 3033/4733/2858 3032/4731/2856 3035/4734/2859
f 3037/4735/2860 3033/4733/2858 3036/4736/2861
f 3036/4736/2861 3035/4734/2859 3038/4737/2862
f 3039/4738/2863 3037/4735/2860 3036/4736/2861
f 3041/4739/2864 3036/4736/2861 3038/4737/2862
f 3043/4740/2865 3039/4741/2866 3042/4742/2867
f 3039/4741/2866 3044/4743/2868 3042/4742/2867
f 3046/4744/2869 3042/4745/2870 3045/4746/2871
f 3045/4746/2871 3044/4747/2872 3047/4748/2873
f 3048/4749/2874 3046/4744/2869 3045/4746/2871
f 3050/4750/2875 3045/4746/2871 3047/4748/2873
f 3051/4751/2876 3049/4752/2877 3048/4749/2874
f 3053/4753/2878 3048/4749/2874 3050/4750/2875
f 3054/4754/2879 3052/4755/2880 3051/4751/2876
f 3056/4756/2881 3051/4751/2876 3053/4753/2878
f 3057/4757/2882 3055/4758/2883 3054/4754/2879
f 3059/4759/2884 3054/4754/2879 3056/4756/2881
f 3060/4760/2885 3058/4761/2886 3057/4757/2882
f 3062/4762/2887 3057/4757/2882 3059/4759/2884
f 3063/4763/2888 3061/4764/2889 3060/4760/2885
f 3065/4765/2890 3060/4760/2885 3062/4762/2887
f 3066/4766/2891 3064/4767/2892 3063/4763/2888
f 3068/4768/2893 3063/4763/2888 3065/4765/2890
f 3066/4766/2891 3070/4769/2894 3067/4770/2895
f 3068/4768/2893 3069/4771/2896 3066/4766/2891
f 3069/4771/2896 3073/4772/2897 3070/4769/2894
f 3071/4773/2898 3072/4774/2899 3069/4771/2896
f 3072/4774/2899 3076/4775/2900 3073/4772/2897
f 3074/4776/2901 3075/4777/2902 3072/4774/2899
f 3075/4777/2902 3079/4778/2903 3076/4775/2900
f 3077/4779/2904 3078/4780/2905 3075/4777/2902
f 3078/4780/2905 3082/4781/2906 3079/4778/2903
f 3080/4782/2907 3081/4783/2908 3078/4780/2905
f 3081/4783/2908 3085/4784/2909 3082/4781/2906
f 3083/4785/2910 3084/4786/2911 3081/4783/2908
f 3084/4786/2911 3088/4787/2912 3085/4784/2909
f 3086/4788/2913 3087/4789/2914 3084/4786/2911
f 3090/4790/2915 3088/4787/2912 3087/4789/2914
f 3092/4791/2916 3087/4789/2914 3089/4792/2917
f 3093/4793/2918 3091/4794/2919 3090/4795/2920
f 3092/4796/2921 3093/4793/2918 3090/4795/2920
f 3093/4797/2922 3097/4798/2923 3094/4799/2924
f 3095/4800/2925 3096/4801/2926 3093/4797/2922
f 3099/4802/2927 3097/4798/2923 3096/4801/2926
f 3101/4803/2928 3096/4801/2926 3098/4804/2929
f 3102/4805/2930 3100/4806/2931 3099/4802/2927
f 3104/4807/2932 3099/4802/2927 3101/4803/2928
f 3105/4808/2933 3103/4809/2934 3102/4805/2930
f 3107/4810/2935 3102/4805/2930 3104/4807/2932
f 3108/4811/2936 3106/4812/2937 3105/4808/2933
f 3110/4813/2938 3105/4808/2933 3107/4810/2935
f 3111/4814/2939 3109/4815/2940 3108/4811/2936
f 3113/4816/2941 3108/4811/2936 3110/4813/2938
f 3114/4817/2942 3112/4818/2943 3111/4814/2939
f 3116/4819/2944 3111/4814/2939 3113/4816/2941
f 3021/4721/2846 3115/4820/2945 3114/4817/2942
f 3017/4715/2840 3114/4817/2942 3116/4819/2944
f 3117/4821/2946 3017/4715/2840 3116/4819/2944
f 3119/4822/2947 3116/4819/2944 3113/4816/2941
f 3008/4706/2831 3117/4823/2948 3118/4704/2829
f 3118/4704/2829 3119/4824/2949 3120/4825/2950
f 3120/4825/2950 3121/4826/2951 3122/4827/2952
f 3119/4822/2947 3110/4813/2938 3121/4828/2953
f 3122/4827/2952 3123/4829/2954 3124/4830/2955
f 3121/4828/2953 3107/4810/2935 3123/4831/2956
f 3124/4830/2955 3125/4832/2957 3126/4833/2958
f 3125/4834/2959 3107/4810/2935 3104/4807/2932
f 3126/4833/2958 3127/4835/2960 3128/4836/2961
f 3127/4837/2962 3104/4807/2932 3101/4803/2928
f 3128/4836/2961 3129/4838/2963 3130/4839/2964
f 3129/4840/2965 3101/4803/2928 3098/4804/2929
f 3132/4841/2966 3129/4838/2963 3131/4842/2967
f 3131/4843/2968 3098/4804/2929 3095/4800/2925
f 3132/4844/2969 3133/4845/71 3134/4846/2970
f 3131/4847/2971 3092/4796/2921 3133/4848/2972
f 3134/4849/2973 3135/4850/2974 3136/4851/2975
f 3133/4852/2079 3089/4792/2917 3135/4853/2976
f 3138/4854/2977 3135/4850/2974 3137/4855/2978
f 3137/4856/2979 3089/4792/2917 3086/4788/2913
f 3140/4857/2980 3137/4855/2978 3139/4858/2981
f 3137/4856/2979 3083/4785/2910 3139/4859/2982
f 3142/4860/2983 3139/4858/2981 3141/4861/2984
f 3141/4862/2985 3083/4785/2910 3080/4782/2907
f 3144/4863/2986 3141/4861/2984 3143/4864/2987
f 3141/4862/2985 3077/4779/2904 3143/4865/2988
f 3146/4866/2989 3143/4864/2987 3145/4867/2990
f 3143/4865/2988 3074/4776/2901 3145/4868/2991
f 3148/4869/2992 3145/4867/2990 3147/4870/2993
f 3147/4871/2994 3074/4776/2901 3071/4773/2898
f 3150/4872/2077 3147/4870/2993 3149/4873/14
f 3149/4874/2995 3071/4773/2898 3068/4768/2893
f 3150/4872/2077 3151/4875/2996 3152/4876/2997
f 3149/4874/2995 3065/4765/2890 3151/4877/2998
f 3152/4876/2997 3153/4878/2999 3154/4879/3000
f 3151/4877/2998 3062/4762/2887 3153/4880/3001
f 3154/4879/3000 3155/4881/3002 3156/4882/3003
f 3062/4762/2887 3155/4883/3004 3153/4880/3001
f 3156/4882/3003 3157/4884/3005 3158/4885/2983
f 3059/4759/2884 3157/4886/3006 3155/4883/3004
f 3158/4885/2983 3159/4887/3007 3160/4888/3008
f 3157/4886/3006 3053/4753/2878 3159/4889/3009
f 3160/4888/3008 3161/4890/3010 3162/4891/3011
f 3053/4753/2878 3161/4892/3012 3159/4889/3009
f 3162/4891/3011 3163/4893/2974 3164/4894/3013
f 3161/4892/3012 3047/4748/2873 3163/4895/3014
f 3163/4893/2974 3166/4896/3015 3164/4894/3013
f 3047/4748/2873 3165/4897/2079 3163/4895/3014
f 3167/4898/101 3166/4899/3016 3165/4900/101
f 3044/4743/2868 3167/4901/2972 3165/4902/2971
f 3168/4903/3017 3169/4904/3018 3170/4905/3019
f 3167/4906/2968 3038/4737/2862 3169/4907/3020
f 3169/4904/3018 3172/4908/3021 3170/4905/3019
f 3169/4907/3020 3035/4734/2859 3171/4909/3022
f 3171/4910/3023 3174/4911/3024 3172/4908/3021
f 3171/4909/3022 3032/4731/2856 3173/4912/3025
f 3173/4913/3026 3176/4914/3027 3174/4911/3024
f 3173/4912/3025 3029/4728/2853 3175/4915/3028
f 3175/4916/3029 3178/4917/3030 3176/4914/3027
f 3029/4728/2853 3177/4918/3031 3175/4915/3028
f 3177/4919/2951 3012/4709/2834 3178/4917/3030
f 3026/4725/2850 3014/4712/2837 3177/4918/3031
f 3010/4708/2833 3178/4917/3030 3012/4709/2834
f 3179/4920/3032 3176/4914/3027 3178/4917/3030
f 3179/4920/3032 3307/4698/2823 3180/4921/3033
f 3181/4922/3034 3180/4921/3033 3182/4923/3035
f 3183/4924/3036 3182/4923/3035 3184/4925/3037
f 3181/4922/3034 3174/4911/3024 3176/4914/3027
f 3185/4926/3038 3184/4925/3037 3186/4927/3039
f 3183/4924/3036 3172/4908/3021 3174/4911/3024
f 3187/4928/3040 3186/4927/3039 3188/4929/3041
f 3185/4926/3038 3170/4905/3019 3172/4908/3021
f 3190/4930/3042 3187/4928/3040 3188/4929/3041
f 3170/4905/3019 3189/4931/3043 3168/4903/3017
f 3191/4932/3044 3190/4933/3045 3192/4934/3046
f 3189/4935/3047 3166/4899/3016 3168/4936/3048
f 3192/4937/3049 3164/4894/3013 3191/4938/2978
f 3191/4938/2978 3164/4894/3013 3166/4896/3015
f 3192/4934/3046 3195/4939/3050 3193/4940/3051
f 3164/4894/3013 3192/4937/3049 3193/4941/2978
f 3193/4941/2978 3194/4942/3049 3164/4894/3013
f 3197/4943/3052 3193/4940/3051 3195/4939/3050
f 3195/4944/3053 3188/4929/3041 3196/4945/3054
f 3196/4945/3054 3197/4946/3055 3195/4944/3053
f 3200/4947/3056 3197/4948/2750 3198/4949/3057
f 3202/4950/3058 3197/4951/3059 3199/4952/3060
f 3200/4947/3056 3201/4953/3061 3199/4954/3062
f 3203/4955/3063 3199/4952/3060 3201/4956/3064
f 3202/4957/14 3204/4958/3065 3194/4942/3049
f 3206/4959/2507 3203/4955/3063 3201/4956/3064
f 3205/4960/2978 3164/4894/3013 3204/4958/3065
f 3205/4961/101 3206/4962/101 3207/4963/101
f 3194/4942/3049 3204/4958/3065 3164/4894/3013
f 3208/4964/3066 3207/4965/3067 3206/4966/2302
f 3206/4967/2079 3211/4968/3068 3208/4969/3069
f 3208/4964/3066 3240/4970/3070 3209/4971/3066
f 3208/4969/3069 3212/4972/3071 3210/4973/3072
f 3200/4947/3056 3212/4972/3071 3211/4968/3068
f 3210/4973/3072 3213/4974/3073 3230/4975/3074
f 3213/4974/3073 3214/4976/3075 3215/4977/3076
f 3215/4977/3076 3216/4978/3077 3217/4979/3078
f 3214/4976/3075 3198/4949/3057 3216/4978/3077
f 3216/4980/3079 3196/4945/3054 3218/4981/3080
f 3217/4982/3081 3218/4981/3080 3219/4983/3082
f 3188/4929/3041 3218/4981/3080 3196/4945/3054
f 3186/4927/3039 3219/4983/3082 3218/4981/3080
f 3184/4925/3037 3220/4984/3083 3219/4983/3082
f 3222/4985/3084 3219/4983/3082 3220/4984/3083
f 3182/4923/3035 3221/4986/3085 3220/4984/3083
f 3223/4987/3086 3220/4984/3083 3221/4986/3085
f 3224/4988/3087 3217/4979/3078 3222/4989/3088
f 3223/4990/3089 3224/4988/3087 3222/4989/3088
f 3227/4991/3090 3224/4988/3087 3225/4992/3091
f 3226/4993/3092 3215/4977/3076 3224/4988/3087
f 3228/4994/3093 3227/4991/3090 3231/4995/3094
f 3230/4975/3074 3226/4993/3092 3228/4994/3093
f 3232/4996/3095 3228/4997/3096 3231/4998/3097
f 3229/4999/3098 3230/5000/3099 3228/4997/3096
f 2991/4684/2809 3232/4996/3095 3231/4998/3097
f 3227/4991/3090 2991/4685/2810 3231/4995/3094
f 3229/5001/3100 3234/5002/3101 3236/5003/3102
f 3232/5004/3103 3235/5005/3104 3234/5002/3101
f 3238/5006/3105 3236/5003/3102 3237/5007/3106
f 3240/5008/3107 3237/5007/3106 3239/5009/3108
f 3209/5010/3109 3239/5009/3108 3241/5011/3110
f 3209/5012/100 3241/5013/100 3207/5014/100
f 3241/5013/100 3205/5015/100 3207/5014/100
f 3242/5016/3111 3245/5017/3112 3243/5018/3113
f 3205/5015/100 3242/5019/100 3243/5020/100
f 3244/5021/3114 3247/5022/3115 3245/5017/3112
f 3246/5023/3116 3249/5024/3117 3247/5022/3115
f 3248/5025/3118 3251/5026/3119 3249/5024/3117
f 3250/5027/3120 3253/5028/3121 3251/5026/3119
f 3252/5029/3122 3255/5030/3123 3253/5028/3121
f 3254/5031/3124 3257/5032/100 3255/5030/3123
f 3259/5033/3125 3256/5034/100 3258/5035/3126
f 3259/5033/3125 3260/5036/3127 3261/5037/3128
f 3261/5037/3128 3262/5038/3129 3263/5039/3130
f 3263/5039/3130 3264/5040/3131 3265/5041/3132
f 3265/5041/3132 3266/5042/3133 3267/5043/3134
f 3267/5043/3134 3268/5044/3135 3269/5045/3136
f 3269/5045/3136 3270/5046/3137 3271/5047/3138
f 3273/5048/100 3271/5049/100 3270/5050/100
f 3272/5051/100 3273/5048/100 3270/5050/100
f 3136/4851/2975 3273/5052/3010 3274/5053/3139
f 3274/5054/71 3275/5055/71 3277/5056/71
f 3276/5057/100 3275/5058/100 3272/5051/100
f 2955/4637/2763 3275/5059/3140 3276/5060/2763
f 3277/5061/2079 2947/4628/2754 3278/4627/2753
f 3277/5062/3141 3279/5063/3142 3274/5064/100
f 2948/5065/3143 3279/5063/3142 3278/5066/3144
f 3274/5053/3139 3280/5067/14 3281/5068/3145
f 2944/5069/2522 3280/5070/3146 2948/5065/3143
f 3282/5071/3010 3136/4851/2975 3281/5068/3145
f 3281/5068/3145 3136/4851/2975 3274/5053/3139
f 3282/5072/3147 2944/5073/3148 3284/5074/3149
f 3136/4851/2975 3282/5071/3010 3283/5075/3145
f 3284/5074/3149 3283/5076/3150 3282/5072/3147
f 3284/5077/3151 3287/5078/3152 3285/5079/3153
f 3285/5080/3154 3297/5081/3155 3283/5076/3150
f 3285/5079/3153 3288/5082/3156 3286/5083/3157
f 3290/4618/2744 3287/5078/3152 2945/4616/2742
f 3289/5084/3158 3288/5082/3156 3287/5078/3152
f 2969/4651/2777 3289/5084/3158 3290/4618/2744
f 3292/4656/2782 3291/5085/3159 3289/5084/3158
f 2970/4657/2783 3293/5086/3160 3292/4656/2782
f 3128/4836/2961 3293/5086/3160 3126/4833/2958
f 3126/4833/2958 3294/5087/3161 3124/4830/2955
f 2972/4659/2785 3294/5087/3161 2970/4657/2783
f 3124/4830/2955 3295/5088/3162 3122/4827/2952
f 2974/4662/2788 3295/5088/3162 2972/4659/2785
f 3122/4827/2952 3296/5089/3163 3120/4825/2950
f 3005/4700/2825 3296/5089/3163 2974/4662/2788
f 3120/4825/2950 3007/4702/2827 3118/4704/2829
f 3130/4839/2964 3291/5085/3159 3128/4836/2961
f 3290/4618/2744 2966/5090/3164 2969/4651/2777
f 3130/4839/2964 3286/5083/3157 3288/5082/3156
f 3134/4846/2970 3286/5091/3165 3132/4844/2969
f 3283/5075/3145 3297/5092/3010 3136/4851/2975
f 3297/5092/3010 3134/4849/2973 3136/4851/2975
f 3298/5093/3166 3276/5094/3167 3272/5095/3168
f 3299/5096/3169 2954/5097/3170 3298/5093/3166
f 3300/5098/3171 2957/5099/3172 3299/5096/3169
f 3301/5100/3173 2959/5101/3174 3300/5098/3171
f 3303/5102/3175 3302/5103/3176 3301/5100/3173
f 3304/5104/3177 2983/5105/3178 3303/5102/3175
f 3304/5104/3177 2987/5106/100 2985/5107/3179
f 2990/5108/3180 3305/5109/100 3306/5110/3181
f 3233/5111/3182 3306/5110/3181 3235/5005/3104
f 3136/4851/2975 3269/5112/2977 3271/5113/3183
f 3138/4854/2977 3267/5114/3184 3269/5112/2977
f 3140/4857/2980 3265/5115/3185 3267/5114/3184
f 3142/4860/2983 3263/5116/3186 3265/5115/3185
f 3144/4863/2986 3261/5117/3187 3263/5116/3186
f 3146/4866/2989 3259/5118/3188 3261/5117/3187
f 3148/4869/2992 3257/5119/3189 3259/5118/3188
f 3152/4876/2997 3257/5119/3189 3150/4872/2077
f 3154/4879/3000 3255/5120/3190 3152/4876/2997
f 3156/4882/3003 3253/5121/3191 3154/4879/3000
f 3158/4885/2983 3251/5122/3192 3156/4882/3003
f 3160/4888/3008 3249/5123/3193 3158/4885/2983
f 3162/4891/3011 3247/5124/3194 3160/4888/3008
f 3164/4894/3013 3245/5125/3011 3162/4891/3011
f 3238/5126/3195 3210/5127/3196 3230/5000/3099
f 2996/4689/2814 3227/4991/3090 3225/4992/3091
f 2998/4692/2817 3225/4992/3091 3223/4990/3089
f 2998/5128/3197 3221/4986/3085 3001/4694/2819
f 3180/4921/3033 3001/4694/2819 3221/4986/3085
f 3309/5129/3198 3308/5130/3199 3311/5131/3200
f 3312/5132/3201 3115/4820/2945 3309/5129/3198
f 3311/5133/3202 3310/5134/3203 3309/5135/3204
f 3309/5135/3204 3313/5136/3205 3312/5137/3206
f 3312/5137/3206 3315/5138/3207 3314/5139/3208
f 3312/5132/3201 3109/4815/2940 3112/4818/2943
f 3314/5139/3208 3317/5140/3209 3316/5141/3210
f 3314/5142/3211 3106/4812/2937 3109/4815/2940
f 3316/5141/3210 3319/5143/3212 3318/5144/3213
f 3318/5145/3214 3106/4812/2937 3316/5146/3215
f 3318/5144/3213 3321/5147/2963 3320/5148/3216
f 3320/5149/3217 3103/4809/2934 3318/5145/3214
f 3320/5148/3216 3323/5150/3218 3322/5151/3219
f 3322/5152/3220 3100/4806/2931 3320/5149/3217
f 3324/5153/3221 3323/5150/3218 3325/5154/3222
f 3324/5155/3223 3097/4798/2923 3322/5152/3220
f 3324/5156/71 3327/5157/71 3326/5158/71
f 3324/5159/3224 3091/4794/2919 3094/5160/3225
f 3326/5161/3226 3329/5162/3227 3328/5163/3228
f 3326/5164/3229 3088/4787/2912 3091/5165/3230
f 3330/5166/2977 3329/5162/3227 3331/5167/3231
f 3330/5168/3232 3088/4787/2912 3328/5169/3233
f 3332/5170/3234 3331/5167/3231 3333/5171/3193
f 3332/5172/3235 3085/4784/2909 3330/5168/3232
f 3334/5173/3236 3333/5171/3193 3335/5174/3237
f 3334/5175/3238 3082/4781/2906 3332/5172/3235
f 3336/5176/3239 3335/5174/3237 3337/5177/3240
f 3334/5175/3238 3076/4775/2900 3079/4778/2903
f 3338/5178/3241 3337/5177/3240 3339/5179/3242
f 3336/5180/3243 3073/4772/2897 3076/4775/2900
f 3340/5181/3244 3339/5179/3242 3341/5182/3245
f 3340/5183/3246 3073/4772/2897 3338/5184/3247
f 3342/5185/761 3341/5182/3245 3343/5186/14
f 3342/5187/2816 3070/4769/2894 3340/5183/3246
f 3342/5185/761 3345/5188/3248 3344/5189/3249
f 3064/4767/2892 3342/5187/2816 3344/5190/3250
f 3344/5189/3249 3347/5191/3251 3346/5192/3252
f 3061/4764/2889 3344/5190/3250 3346/5193/3253
f 3346/5192/3252 3349/5194/3254 3348/5195/3255
f 3348/5196/3256 3061/4764/2889 3346/5193/3253
f 3348/5195/3255 3351/5197/3257 3350/5198/3258
f 3350/5199/3259 3058/4761/2886 3348/5196/3256
f 3350/5198/3258 3353/5200/3185 3352/5201/3260
f 3052/4755/2880 3350/5199/3259 3352/5202/3261
f 3352/5201/3260 3355/5203/3262 3354/5204/3011
f 3049/4752/2877 3352/5202/3261 3354/5205/3263
f 3354/5204/3011 3357/5206/3264 3356/5207/3265
f 3046/4744/2869 3354/5205/3263 3356/5208/3266
f 3357/5206/3264 3358/5209/3267 3356/5207/3265
f 3358/5210/3229 3046/4744/2869 3356/5208/3266
f 3361/5211/101 3358/5212/101 3359/5213/101
f 3043/4740/2865 3360/5214/3268 3040/5215/3269
f 3360/5216/3270 3363/5217/3271 3362/5218/3219
f 3037/4735/2860 3360/5219/3272 3362/5220/3273
f 3363/5217/3271 3364/5221/3219 3362/5218/3219
f 3034/4732/2857 3362/5220/3273 3364/5222/3274
f 3365/5223/3018 3366/5224/3275 3364/5221/3219
f 3031/4729/2854 3364/5222/3274 3366/5225/3276
f 3367/5226/3277 3368/5227/3278 3366/5224/3275
f 3028/4726/2851 3366/5225/3276 3368/5228/3279
f 3369/5229/3280 3370/5230/3281 3368/5227/3278
f 3370/5231/3282 3028/4726/2851 3368/5228/3279
f 3371/5232/3283 3372/5233/3284 3370/5230/3281
f 3372/5234/3285 3025/4723/2848 3370/5231/3282
f 3373/5235/3286 3374/5236/3287 3372/5233/3284
f 3020/4720/2845 3372/5234/3285 3374/5237/3288
f 3375/5238/3289 3311/5133/3202 3374/5236/3287
f 3308/5130/3199 3374/5237/3288 3311/5131/3200
f 3345/5239/3290 3373/5240/3291 3347/5241/3292
f 3376/5242/63 3345/5239/3290 3343/5243/63
f 3341/5244/3293 3376/5242/63 3343/5243/63
f 3347/5241/3292 3371/5245/3294 3349/5246/3295
f 3349/5246/3295 3369/5247/3296 3351/5248/3297
f 3351/5248/3297 3367/5249/3298 3353/5250/3299
f 3353/5250/3299 3365/5251/3300 3355/5252/3301
f 3355/5252/3301 3363/5253/3302 3357/5254/3303
f 3361/5255/2189 3357/5254/3303 3363/5253/3302
f 3313/5256/3304 3341/5244/3293 3339/5257/3305
f 3315/5258/3306 3339/5257/3305 3337/5259/3307
f 3317/5260/3308 3337/5259/3307 3335/5261/3309
f 3319/5262/3310 3335/5261/3309 3333/5263/3311
f 3321/5264/3312 3333/5263/3311 3331/5265/3313
f 3323/5266/3314 3331/5265/3313 3329/5267/3315
f 3329/5267/3315 3325/5268/2383 3323/5266/3314
f 2977/4667/2793 2995/4687/2812 2999/4691/2816
f 2995/4687/2812 2981/4668/2794 2988/4679/2804
f 3377/5269/1 3378/5270/1 3380/5271/1
f 3377/5269/1 3380/5271/1 3379/5272/1
f 3384/5273/1 3381/5274/1 3380/5271/1
f 3383/5275/1 3380/5271/1 3381/5274/1
f 3380/5271/1 3390/5276/1 3382/5277/1
f 3380/5271/1 3382/5277/1 3389/5278/1
f 3379/5272/1 3380/5271/1 3383/5275/1
f 3385/5279/1 3384/5273/1 3380/5271/1
f 3386/5280/1 3385/5279/1 3380/5271/1
f 3387/5281/1 3386/5280/1 3380/5271/1
f 3388/5282/1 3387/5281/1 3380/5271/1
f 3389/5278/1 3388/5282/1 3380/5271/1
f 3380/5271/1 3391/5283/1 3390/5276/1
f 3380/5271/1 3392/5284/1 3391/5283/1
f 3380/5271/1 3393/5285/1 3392/5284/1
f 3380/5271/1 3394/5286/1 3393/5285/1
f 3380/5271/1 3378/5270/1 3394/5286/1
f 3407/5287/100 3395/5288/6 3396/5289/6
f 3396/5289/6 3397/5290/71 3421/5291/71
f 3397/5292/1 3395/5293/1 3399/5294/1
f 3395/5293/1 3398/5295/1 3399/5294/1
f 3401/5296/1 3400/5297/1 3399/5294/1
f 3400/5297/1 3397/5292/1 3399/5294/1
f 3402/5298/1 3401/5296/1 3399/5294/1
f 3403/5299/1 3402/5298/1 3399/5294/1
f 3404/5300/1 3403/5299/1 3399/5294/1
f 3398/5295/1 3404/5300/1 3399/5294/1
f 3405/5301/3 3398/5302/100 3407/5287/100
f 3406/5303/101 3404/5304/3 3405/5301/3
f 3408/5305/1 3406/5306/1 3405/5307/1
f 3409/5308/1 3405/5307/1 3407/5309/1
f 3449/5310/3316 3408/5311/3317 3409/5312/3316
f 3408/5311/3317 3412/5313/71 3411/5314/71
f 3412/5313/71 3413/5315/3318 3411/5314/71
f 3411/5316/1 3413/5317/1 3406/5306/1
f 3414/5318/3318 3415/5319/3319 3413/5315/3318
f 3413/5317/1 3418/5320/1 3406/5306/1
f 3416/5321/3319 3417/5322/3320 3415/5319/3319
f 3415/5323/1 3419/5324/1 3418/5320/1
f 3403/5325/101 3418/5326/12 3402/5327/12
f 3419/5328/2383 3402/5327/12 3418/5326/12
f 3420/5329/9 3401/5330/2189 3419/5331/2383
f 3417/5332/1 3420/5333/1 3419/5324/1
f 3421/5291/71 3400/5334/9 3420/5329/9
f 3420/5333/1 3422/5335/1 3421/5336/1
f 3433/5337/1 3422/5335/1 3423/5338/1
f 3422/5335/1 3425/5339/1 3423/5338/1
f 3442/5340/1 3422/5335/1 3424/5341/1
f 3422/5335/1 3434/5342/1 3424/5341/1
f 3422/5335/1 3426/5343/1 3425/5339/1
f 3422/5335/1 3427/5344/1 3426/5343/1
f 3422/5335/1 3428/5345/1 3427/5344/1
f 3422/5335/1 3417/5332/1 3428/5345/1
f 3429/5346/1 3438/5347/1 3422/5335/1
f 3429/5346/1 3422/5335/1 3430/5348/1
f 3430/5348/1 3422/5335/1 3431/5349/1
f 3431/5349/1 3422/5335/1 3432/5350/1
f 3432/5350/1 3422/5335/1 3433/5337/1
f 3422/5335/1 3435/5351/1 3434/5342/1
f 3422/5335/1 3436/5352/1 3435/5351/1
f 3422/5335/1 3440/5353/1 3436/5352/1
f 3422/5335/1 3438/5347/1 3437/5354/1
f 3422/5335/1 3437/5354/1 3439/5355/1
f 3439/5355/1 3441/5356/1 3422/5335/1
f 3422/5335/1 3441/5356/1 3440/5353/1
f 3443/5357/1 3422/5335/1 3442/5340/1
f 3444/5358/1 3422/5335/1 3443/5357/1
f 3445/5359/1 3422/5335/1 3444/5358/1
f 3396/5360/1 3422/5335/1 3445/5359/1
f 3421/5336/1 3422/5335/1 3396/5360/1
f 3525/5361/3321 3445/5362/9 3444/5363/3321
f 3446/5364/9 3447/5365/3322 3445/5362/9
f 3445/5359/1 3407/5309/1 3396/5360/1
f 3448/5366/3322 3409/5312/3316 3447/5365/3322
f 3407/5309/1 3447/5367/1 3409/5308/1
f 3446/5368/1 3450/5369/1 3448/5370/1
f 3448/5370/1 3453/5371/1 3449/5372/1
f 3452/5373/3323 3451/5374/3 3523/5375/3
f 3454/5376/3324 3450/5377/3323 3452/5373/3323
f 3456/5378/3325 3453/5379/3324 3454/5376/3324
f 3453/5371/1 3410/5380/1 3449/5372/1
f 3458/5381/101 3455/5382/3325 3456/5378/3325
f 3455/5383/1 3412/5384/1 3410/5380/1
f 3460/5385/3326 3457/5386/101 3458/5381/101
f 3457/5387/1 3414/5388/1 3412/5384/1
f 3462/5389/3327 3459/5390/3326 3460/5385/3326
f 3459/5391/1 3416/5392/1 3414/5388/1
f 3464/5393/3328 3461/5394/3327 3462/5389/3327
f 3461/5395/1 3466/5396/1 3416/5392/1
f 3634/5397/12 3463/5398/3328 3464/5393/3328
f 3463/5399/1 3467/5400/1 3466/5396/1
f 3466/5401/3320 3428/5402/6 3417/5322/3320
f 3468/5403/3329 3428/5402/6 3467/5404/6
f 3465/5405/1 3468/5406/1 3467/5400/1
f 3469/5407/3330 3427/5408/3329 3468/5403/3329
f 3470/5409/1 3469/5410/1 3468/5406/1
f 3471/5411/3331 3465/5412/12 3634/5397/12
f 3473/5413/3332 3470/5414/3331 3471/5411/3331
f 3475/5415/3333 3472/5416/3332 3473/5413/3332
f 3472/5417/1 3477/5418/1 3469/5410/1
f 3485/5419/63 3474/5420/3333 3475/5415/3333
f 3477/5418/1 3476/5421/1 3478/5422/1
f 3478/5423/100 3425/5424/3334 3477/5425/3334
f 3477/5425/3334 3426/5426/3330 3469/5407/3330
f 3433/5427/3335 3478/5428/100 3479/5429/3335
f 3479/5430/1 3476/5421/1 3481/5431/1
f 3432/5432/3336 3479/5429/3335 3480/5433/3336
f 3479/5430/1 3482/5434/1 3480/5435/1
f 3482/5436/3337 3483/5437/3338 3484/5438/3337
f 3481/5439/3338 3485/5440/63 3483/5437/3338
f 3486/5441/1 3484/5442/1 3483/5443/1
f 3488/5444/1 3483/5443/1 3485/5445/1
f 3489/5446/100 3487/5447/100 3486/5448/100
f 3491/5449/100 3486/5448/100 3488/5450/100
f 3494/5451/100 3491/5449/100 3488/5450/100
f 3495/5452/100 3492/5453/100 3494/5451/100
f 3473/5454/1 3494/5455/1 3475/5456/1
f 3475/5456/1 3488/5444/1 3485/5445/1
f 3496/5457/100 3493/5458/100 3495/5452/100
f 3471/5459/1 3495/5460/1 3473/5454/1
f 3497/5461/100 3498/5462/100 3496/5457/100
f 3634/5463/1 3496/5464/1 3471/5459/1
f 3502/5465/71 3499/5466/71 3497/5467/71
f 3502/5465/71 3501/5468/71 3500/5469/71
f 3464/5470/1 3503/5471/1 3502/5472/1
f 3634/5463/1 3502/5472/1 3497/5473/1
f 3503/5474/71 3506/5475/71 3501/5468/71
f 3462/5476/1 3504/5477/1 3503/5471/1
f 3505/5478/71 3506/5475/71 3504/5479/71
f 3460/5480/1 3505/5481/1 3504/5477/1
f 3510/5482/71 3507/5483/71 3505/5478/71
f 3511/5484/71 3508/5485/71 3510/5482/71
f 3454/5486/1 3510/5487/1 3456/5488/1
f 3456/5488/1 3505/5481/1 3458/5489/1
f 3512/5490/71 3509/5491/71 3511/5484/71
f 3452/5492/1 3511/5493/1 3454/5486/1
f 3513/5494/71 3514/5495/71 3512/5490/71
f 3523/5496/1 3512/5497/1 3452/5492/1
f 3518/5498/63 3515/5499/63 3513/5500/63
f 3519/5501/63 3516/5502/63 3518/5498/63
f 3520/5503/1 3519/5504/1 3518/5505/1
f 3523/5496/1 3518/5505/1 3513/5506/1
f 3520/5507/3339 3524/5508/3336 3521/5509/3336
f 3523/5375/3 3522/5510/3339 3520/5507/3339
f 3524/5511/1 3525/5512/1 3526/5513/1
f 3522/5514/1 3446/5368/1 3525/5512/1
f 3526/5515/3337 3444/5363/3321 3443/5516/3337
f 3527/5517/3338 3443/5516/3337 3442/5518/3338
f 3527/5519/1 3524/5511/1 3526/5513/1
f 3528/5520/63 3442/5518/3338 3424/5521/63
f 3528/5522/1 3529/5523/1 3527/5519/1
f 3531/5524/3335 3530/5525/100 3532/5526/100
f 3521/5509/3336 3529/5527/3335 3531/5524/3335
f 3534/5528/1 3532/5529/1 3535/5530/1
f 3521/5531/1 3533/5532/1 3519/5504/1
f 3531/5533/1 3534/5528/1 3533/5532/1
f 3534/5534/63 3538/5535/63 3533/5536/63
f 3534/5528/1 3535/5530/1 3536/5537/1
f 3536/5538/3340 3537/5539/8 3534/5540/8
f 3542/5541/3341 3539/5542/3340 3536/5538/3340
f 3543/5543/63 3540/5544/3341 3542/5541/3341
f 3536/5537/1 3535/5530/1 3542/5545/1
f 3542/5545/1 3535/5530/1 3543/5546/1
f 3544/5547/1 3543/5546/1 3535/5530/1
f 3546/5548/3342 3543/5543/63 3544/5549/3342
f 3547/5550/3343 3544/5549/3342 3545/5551/3343
f 3545/5552/1 3544/5547/1 3535/5530/1
f 3548/5553/13 3545/5551/3343 3550/5554/13
f 3549/5555/63 3550/5556/63 3551/5557/63
f 3552/5558/1 3551/5559/1 3550/5560/1
f 3550/5560/1 3545/5552/1 3535/5530/1
f 3550/5560/1 3532/5529/1 3552/5558/1
f 3530/5561/100 3552/5562/3334 3532/5563/100
f 3553/5564/3334 3554/5565/3330 3552/5562/3334
f 3554/5566/1 3551/5559/1 3552/5558/1
f 3555/5567/3330 3556/5568/3329 3554/5565/3330
f 3556/5569/1 3557/5570/1 3554/5566/1
f 3559/5571/63 3551/5557/63 3557/5572/63
f 3560/5573/63 3557/5572/63 3558/5574/63
f 3561/5575/63 3558/5574/63 3563/5576/63
f 3562/5577/101 3563/5578/101 3564/5579/101
f 3565/5580/1 3558/5581/1 3556/5569/1
f 3564/5582/1 3565/5580/1 3567/5583/1
f 3618/5584/3329 3565/5585/6 3556/5568/3329
f 3566/5586/6 3567/5587/3320 3565/5585/6
f 3568/5588/3320 3569/5589/3319 3567/5587/3320
f 3572/5590/1 3567/5583/1 3569/5591/1
f 3570/5592/3319 3571/5593/3318 3569/5589/3319
f 3573/5594/1 3569/5591/1 3571/5595/1
f 3574/5596/101 3564/5579/101 3572/5597/101
f 3575/5598/101 3572/5597/101 3573/5599/101
f 3576/5600/101 3573/5599/101 3578/5601/101
f 3577/5602/101 3578/5601/101 3579/5603/101
f 3578/5604/1 3571/5595/1 3580/5605/1
f 3582/5606/1 3578/5604/1 3580/5605/1
f 3612/5607/3318 3580/5608/71 3571/5593/3318
f 3581/5609/71 3582/5610/3317 3580/5608/71
f 3583/5611/3317 3584/5612/3316 3582/5610/3317
f 3584/5613/1 3579/5614/1 3582/5606/1
f 3585/5615/3316 3586/5616/3322 3584/5612/3316
f 3586/5617/1 3587/5618/1 3584/5613/1
f 3589/5619/101 3579/5603/101 3587/5620/101
f 3588/5621/101 3589/5619/101 3587/5620/101
f 3591/5622/101 3588/5621/101 3593/5623/101
f 3592/5624/100 3593/5625/100 3594/5626/100
f 3595/5627/1 3588/5628/1 3586/5617/1
f 3594/5629/1 3595/5627/1 3597/5630/1
f 3603/5631/3322 3595/5632/9 3586/5616/3322
f 3596/5633/9 3597/5634/3321 3595/5632/9
f 3598/5635/3321 3484/5438/3337 3597/5634/3321
f 3487/5636/1 3597/5630/1 3484/5442/1
f 3599/5637/1 3596/5638/1 3600/5639/1
f 3480/5435/1 3598/5640/1 3599/5637/1
f 3431/5641/3339 3480/5433/3336 3599/5642/3339
f 3430/5643/3 3599/5642/3339 3600/5644/3
f 3430/5643/3 3601/5645/3323 3429/5646/3323
f 3600/5639/1 3603/5647/1 3601/5648/1
f 3429/5646/3323 3602/5649/3324 3604/5650/3324
f 3601/5648/1 3585/5651/1 3602/5652/1
f 3604/5650/3324 3605/5653/3325 3606/5654/3325
f 3602/5652/1 3583/5655/1 3605/5656/1
f 3606/5654/3325 3607/5657/101 3608/5658/101
f 3605/5656/1 3581/5659/1 3607/5660/1
f 3610/5661/3326 3607/5657/101 3609/5662/3326
f 3607/5660/1 3612/5663/1 3609/5664/1
f 3613/5665/3327 3609/5662/3326 3611/5666/3327
f 3609/5664/1 3570/5667/1 3611/5668/1
f 3613/5665/3327 3614/5669/3328 3441/5670/3328
f 3614/5671/1 3570/5667/1 3568/5672/1
f 3441/5670/3328 3615/5673/12 3440/5674/12
f 3615/5675/1 3568/5672/1 3566/5676/1
f 3440/5674/12 3616/5677/3331 3436/5678/3331
f 3615/5675/1 3618/5679/1 3616/5680/1
f 3436/5678/3331 3617/5681/3332 3435/5682/3332
f 3616/5680/1 3555/5683/1 3617/5684/1
f 3435/5682/3332 3619/5685/3333 3434/5686/3333
f 3619/5687/1 3555/5683/1 3553/5688/1
f 3434/5686/3333 3528/5689/63 3424/5690/63
f 3528/5522/1 3553/5688/1 3530/5691/1
f 3441/5356/1 3620/5692/1 3613/5693/1
f 3613/5693/1 3622/5694/1 3610/5695/1
f 3633/5696/3 3620/5697/100 3439/5698/3
f 3621/5699/100 3622/5700/6 3620/5697/100
f 3623/5701/6 3624/5702/71 3622/5700/6
f 3610/5695/1 3624/5703/1 3608/5704/1
f 3626/5705/9 3625/5706/71 3627/5707/9
f 3606/5708/1 3626/5709/1 3604/5710/1
f 3608/5704/1 3624/5703/1 3606/5708/1
f 3627/5707/9 3628/5711/2189 3626/5705/9
f 3604/5710/1 3628/5712/1 3429/5346/1
f 3629/5713/2383 3438/5714/12 3628/5715/2189
f 3629/5716/1 3627/5717/1 3631/5718/1
f 3630/5719/1 3629/5716/1 3631/5718/1
f 3632/5720/1 3630/5719/1 3631/5718/1
f 3627/5717/1 3625/5721/1 3631/5718/1
f 3633/5722/1 3632/5720/1 3631/5718/1
f 3621/5723/1 3633/5722/1 3631/5718/1
f 3623/5724/1 3621/5723/1 3631/5718/1
f 3625/5721/1 3623/5724/1 3631/5718/1
f 3632/5725/101 3439/5698/3 3437/5726/101
f 3630/5727/12 3437/5726/101 3438/5714/12
f 3490/5728/100 3594/5626/100 3487/5447/100
f 3533/5536/63 3517/5729/63 3519/5501/63
f 3635/5730/3344 3652/5731/100 3636/5732/3345
f 3635/5733/3344 3640/5734/3346 3639/5735/3347
f 3637/5736/3348 3638/5737/6 3635/5730/3344
f 3637/5738/3348 3639/5735/3347 3641/5739/3349
f 3640/5734/3346 3642/5740/1 3639/5735/3347
f 3639/5735/3347 3642/5740/1 3641/5739/3349
f 3640/5734/3346 3647/5741/3350 3642/5740/1
f 3646/5742/3351 3643/5743/3352 3642/5740/1
f 3644/5744/3353 3642/5740/1 3643/5743/3352
f 3641/5739/3349 3642/5740/1 3644/5744/3353
f 3647/5741/3350 3645/5745/3354 3642/5740/1
f 3645/5745/3354 3646/5742/3351 3642/5740/1
f 3648/5746/3355 3640/5734/3346 3636/5747/3345
f 3649/5748/3356 3647/5741/3350 3648/5746/3355
f 3636/5732/3345 3650/5749/3 3648/5750/3355
f 3648/5750/3355 3651/5751/101 3649/5752/3356
f 3649/5752/3356 3653/5753/12 3654/5754/3357
f 3656/5755/3358 3653/5753/12 3655/5756/63
f 3656/5757/3358 3657/5758/9 3658/5759/3359
f 3658/5759/3359 3659/5760/71 3637/5736/3348
f 3637/5738/3348 3644/5744/3353 3658/5761/3359
f 3658/5761/3359 3643/5743/3352 3656/5762/3358
f 3643/5743/3352 3654/5763/3357 3656/5762/3358
f 3646/5742/3351 3649/5748/3356 3654/5763/3357
f 3660/5764/1 3665/5765/1 3661/5766/1
f 3662/5767/1 3661/5766/1 3671/5768/1
f 3660/5769/3360 3694/5770/3361 3663/5771/3362
f 3660/5769/3360 3666/5772/71 3664/5773/71
f 3668/5774/3363 3665/5775/101 3667/5776/101
f 3669/5777/3364 3661/5778/3363 3668/5774/3363
f 3672/5779/3365 3669/5777/3364 3670/5780/3365
f 3673/5781/1 3671/5768/1 3672/5782/1
f 3675/5783/1 3672/5782/1 3674/5784/1
f 3674/5785/3366 3670/5780/3365 3677/5786/3366
f 3675/5783/1 3676/5787/1 3692/5788/1
f 3676/5789/3367 3677/5786/3366 3678/5790/3367
f 3681/5791/3368 3678/5790/3367 3679/5792/3368
f 3683/5793/3369 3679/5792/3368 3680/5794/3369
f 3685/5795/1 3681/5796/1 3683/5797/1
f 3692/5788/1 3681/5796/1 3682/5798/1
f 3685/5795/1 3684/5799/1 3686/5800/1
f 3684/5801/63 3680/5794/3369 3703/5802/63
f 3686/5803/100 3687/5804/3370 3685/5805/3370
f 3685/5805/3370 3689/5806/3371 3682/5807/3371
f 3682/5807/3371 3690/5808/3372 3692/5809/3372
f 3692/5809/3372 3691/5810/3373 3675/5811/3373
f 3675/5811/3373 3693/5812/3374 3673/5813/3374
f 3673/5813/3374 3694/5770/3361 3662/5814/3361
f 3697/5815/3375 3688/5816/100 3686/5803/100
f 3698/5817/3376 3695/5818/3375 3697/5815/3375
f 3698/5819/1 3699/5820/1 3700/5821/1
f 3697/5822/1 3684/5799/1 3699/5820/1
f 3700/5823/3377 3701/5824/3378 3702/5825/3377
f 3699/5826/3378 3703/5802/63 3701/5824/3378
f 3706/5827/3379 3702/5825/3377 3704/5828/3379
f 3708/5829/3380 3704/5828/3379 3705/5830/3380
f 3709/5831/1 3706/5832/1 3708/5833/1
f 3698/5819/1 3706/5832/1 3707/5834/1
f 3711/5835/1 3708/5833/1 3710/5836/1
f 3710/5837/3381 3705/5830/3380 3713/5838/3381
f 3711/5835/1 3712/5839/1 3722/5840/1
f 3712/5841/3382 3713/5838/3381 3714/5842/3382
f 3716/5843/3383 3714/5842/3382 3715/5844/3383
f 3715/5844/3383 3718/5845/71 3716/5843/3383
f 3716/5846/1 3719/5847/1 3721/5848/1
f 3721/5849/3384 3720/5850/101 3723/5851/3385
f 3721/5849/3384 3724/5852/3386 3722/5853/3386
f 3722/5840/1 3716/5846/1 3721/5848/1
f 3722/5853/3386 3725/5854/3387 3711/5855/3387
f 3711/5855/3387 3726/5856/3388 3709/5857/3388
f 3707/5858/3389 3726/5856/3388 3727/5859/3389
f 3707/5858/3389 3696/5860/3376 3698/5817/3376
f 3731/5861/1 3729/5862/3390 3728/5863/1
f 3782/5864/3391 3728/5865/3391 3729/5866/3391
f 3729/5862/3390 3733/5867/3392 3734/5868/3393
f 3734/5868/3393 3737/5869/3394 3729/5862/3390
f 3735/5870/3395 3739/5871/3396 3737/5869/3394
f 3738/5872/3397 3729/5873/3398 3737/5874/3397
f 3741/5875/3399 3737/5874/3397 3739/5876/3399
f 3736/5877/3400 3740/5878/3401 3739/5871/3396
f 3742/5879/3402 3739/5876/3399 3740/5880/3402
f 3743/5881/3403 3740/5880/3402 3745/5882/3403
f 3744/5883/3404 3745/5882/3403 3746/5884/2578
f 3748/5885/3405 3745/5886/3406 3740/5878/3401
f 3745/5886/3406 3749/5887/3407 3746/5888/3408
f 3749/5887/3407 3752/5889/3409 3746/5888/3408
f 3750/5890/3410 3753/5891/3411 3752/5889/3409
f 3754/5892/3412 3746/5884/2578 3752/5893/3412
f 3755/5894/63 3752/5893/3412 3753/5895/63
f 3758/5896/3413 3755/5894/63 3753/5895/63
f 3759/5897/3414 3756/5898/3413 3758/5896/3413
f 3758/5899/3415 3761/5900/3416 3759/5901/3417
f 3753/5891/3411 3760/5902/3418 3758/5899/3415
f 3761/5900/3416 3764/5903/3419 3759/5901/3417
f 3764/5903/3419 3763/5904/3420 3765/5905/3421
f 3765/5906/3422 3766/5907/3423 3764/5908/3423
f 3764/5908/3423 3757/5909/3424 3759/5897/3414
f 3769/5910/3425 3767/5911/3422 3765/5906/3422
f 3771/5912/3426 3768/5913/3425 3769/5910/3425
f 3774/5914/3427 3770/5915/3426 3771/5912/3426
f 3775/5916/3428 3772/5917/3428 3774/5918/3428
f 3774/5919/3429 3778/5920/1 3775/5921/1
f 3771/5922/3430 3776/5923/3431 3774/5919/3429
f 3779/5924/3432 3774/5919/3429 3776/5923/3431
f 3769/5925/3433 3780/5926/3434 3771/5922/3430
f 3765/5905/3421 3781/5927/3435 3769/5925/3433
f 3785/5928/63 3784/5929/3436 3783/5930/63
f 3788/5931/3437 3783/5932/63 3786/5933/3437
f 3789/5934/3438 3786/5933/3437 3787/5935/3438
f 3788/5936/1 3789/5937/1 3790/5938/1
f 3785/5939/1 3788/5936/1 3790/5938/1
f 3798/5940/1 3785/5939/1 3790/5938/1
f 3803/5941/1 3791/5942/1 3790/5938/1
f 3791/5942/1 3792/5943/1 3790/5938/1
f 3792/5943/1 3797/5944/1 3790/5938/1
f 3804/5945/1 3793/5946/1 3790/5938/1
f 3793/5946/1 3794/5947/1 3790/5938/1
f 3794/5947/1 3799/5948/1 3790/5938/1
f 3805/5949/1 3795/5950/1 3790/5938/1
f 3795/5950/1 3796/5951/1 3790/5938/1
f 3796/5951/1 3801/5952/1 3790/5938/1
f 3797/5944/1 3798/5940/1 3790/5938/1
f 3799/5948/1 3800/5953/1 3790/5938/1
f 3800/5953/1 3803/5941/1 3790/5938/1
f 3801/5952/1 3802/5954/1 3790/5938/1
f 3802/5954/1 3804/5945/1 3790/5938/1
f 3789/5937/1 3805/5949/1 3790/5938/1
f 3795/5955/3439 3806/5956/3340 3807/5957/3439
f 3805/5958/3340 3787/5935/3438 3806/5956/3340
f 3796/5959/3440 3807/5957/3439 3808/5960/3440
f 3801/5961/3441 3808/5960/3440 3809/5962/3441
f 3802/5963/3442 3809/5962/3441 3810/5964/3442
f 3804/5965/3443 3810/5964/3442 3811/5966/3443
f 3793/5967/100 3811/5966/3443 3812/5968/100
f 3794/5969/3444 3812/5970/100 3813/5971/3444
f 3799/5972/3445 3813/5971/3444 3814/5973/3445
f 3800/5974/3446 3814/5973/3445 3815/5975/3446
f 3803/5976/3447 3815/5975/3446 3816/5977/3447
f 3791/5978/3448 3816/5977/3447 3817/5979/3448
f 3792/5980/3343 3817/5979/3448 3818/5981/3343
f 3797/5982/3449 3818/5981/3343 3819/5983/3449
f 3798/5984/3436 3819/5983/3449 3784/5929/3436
f 3822/5985/63 3821/5986/3436 3820/5987/63
f 3825/5988/3437 3820/5987/63 3823/5989/3437
f 3826/5990/3438 3823/5989/3437 3824/5991/3438
f 3825/5992/1 3826/5993/1 3827/5994/1
f 3822/5995/1 3825/5992/1 3827/5994/1
f 3834/5996/1 3822/5995/1 3827/5994/1
f 3826/5993/1 3830/5997/1 3827/5994/1
f 3828/5998/1 3829/5999/1 3827/5994/1
f 3829/5999/1 3832/6000/1 3827/5994/1
f 3830/5997/1 3831/6001/1 3827/5994/1
f 3831/6001/1 3835/6002/1 3827/5994/1
f 3832/6000/1 3833/6003/1 3827/5994/1
f 3833/6003/1 3834/5996/1 3827/5994/1
f 3835/6004/71 3837/6005/3439 3836/6006/71
f 3831/6007/3439 3838/6008/3340 3837/6005/3439
f 3830/6009/3340 3824/5991/3438 3838/6008/3340
f 3834/6010/3436 3839/6011/3449 3821/5986/3436
f 3833/6012/3449 3840/6013/3343 3839/6011/3449
f 3832/6014/3343 3841/6015/3450 3840/6013/3343
f 3829/6016/3450 3842/6017/101 3841/6015/3450
f 3844/6018/3437 3845/6019/63 3843/6020/63
f 3843/6020/63 3848/6021/3436 3846/6022/3436
f 3847/6023/3449 3848/6021/3436 3849/6024/3449
f 3848/6025/1 3850/6026/1 3849/6027/1
f 3845/6028/1 3850/6026/1 3848/6025/1
f 3857/6029/1 3850/6026/1 3845/6028/1
f 3849/6027/1 3850/6026/1 3853/6030/1
f 3851/6031/1 3850/6026/1 3852/6032/1
f 3852/6032/1 3850/6026/1 3855/6033/1
f 3853/6030/1 3850/6026/1 3854/6034/1
f 3854/6034/1 3850/6026/1 3858/6035/1
f 3855/6033/1 3850/6026/1 3856/6036/1
f 3856/6036/1 3850/6026/1 3857/6029/1
f 3860/6037/3448 3858/6038/101 3859/6039/101
f 3861/6040/3343 3854/6041/3448 3860/6037/3448
f 3847/6023/3449 3853/6042/3343 3861/6040/3343
f 3862/6043/3438 3857/6044/3437 3844/6018/3437
f 3862/6043/3438 3855/6045/3340 3856/6046/3438
f 3864/6047/3439 3855/6045/3340 3863/6048/3340
f 3865/6049/71 3852/6050/3439 3864/6047/3439
s 0
f 3870/6051/3451 3866/6052/3451 3867/6053/3451
f 3868/6054/14 3867/6055/14 3866/6056/14
f 3871/6057/3452 3866/6058/3452 3869/6059/3452
f 3870/6060/1 3871/6061/1 3869/6062/1
f 3873/6063/3453 3871/6064/3453 3872/6065/3453
f 3873/6066/3454 3870/6067/3454 3867/6068/3454
s 1
f 3876/6069/101 3875/6070/3446 3874/6071/101
f 3879/6072/3343 3874/6071/101 3877/6073/3343
f 3880/6074/3342 3877/6073/3343 3878/6075/3342
f 3879/6076/3455 3882/6077/3456 3881/6078/3457
f 3876/6079/3458 3881/6078/3457 3883/6080/3459
f 3882/6077/3456 3884/6081/3460 3881/6078/3457
f 3883/6080/3459 3884/6081/3460 3886/6082/3461
f 3884/6083/3462 3888/6084/3463 3887/6085/3464
f 3886/6086/3465 3887/6085/3464 3889/6087/3466
f 3887/6088/1 3888/6089/1 3890/6090/1
f 3889/6091/1 3887/6088/1 3890/6090/1
f 3891/6092/1 3889/6091/1 3890/6090/1
f 3894/6093/1 3891/6092/1 3890/6090/1
f 3897/6094/1 3892/6095/1 3890/6090/1
f 3892/6095/1 3893/6096/1 3890/6090/1
f 3893/6096/1 3898/6097/1 3890/6090/1
f 3898/6097/1 3894/6093/1 3890/6090/1
f 3888/6089/1 3895/6098/1 3890/6090/1
f 3895/6098/1 3896/6099/1 3890/6090/1
f 3896/6099/1 3899/6100/1 3890/6090/1
f 3899/6100/1 3897/6094/1 3890/6090/1
f 3900/6101/3467 3897/6102/2221 3899/6103/3468
f 3900/6101/3467 3896/6104/3469 3902/6105/3470
f 3904/6106/3471 3900/6107/3472 3903/6108/3473
f 3905/6109/3474 3900/6107/3472 3902/6110/3475
f 3907/6111/3476 3903/6108/3473 3906/6112/3477
f 3906/6112/3477 3905/6109/3474 3909/6113/3478
f 3907/6114/71 3908/6115/3340 3915/6116/71
f 3906/6117/3340 3910/6118/3341 3908/6115/3340
f 3909/6119/3341 3912/6120/63 3910/6118/3341
f 3909/6113/3478 3913/6121/3479 3911/6122/3480
f 3911/6123/63 3878/6075/3342 3912/6124/63
f 3880/6125/3481 3913/6121/3479 3882/6077/3456
f 3905/6109/3474 3914/6126/3482 3913/6121/3479
f 3882/6077/3456 3914/6126/3482 3885/6127/3483
f 3902/6105/3470 3895/6128/3484 3914/6129/3485
f 3885/6130/3486 3895/6131/3484 3888/6084/3463
f 3918/6132/3441 3915/6116/71 3916/6133/3441
f 3919/6134/3487 3916/6133/3441 3917/6135/3487
f 3919/6136/3488 3920/6137/3489 3918/6138/3490
f 3918/6138/3490 3904/6106/3471 3907/6111/3476
f 3921/6139/3491 3922/6140/3492 3920/6137/3489
f 3904/6106/3471 3922/6140/3492 3901/6141/3493
f 3923/6142/3494 3892/6143/3495 3922/6144/3496
f 3922/6144/3496 3897/6102/2221 3901/6145/3497
f 3924/6146/3498 3893/6147/3494 3923/6142/3494
f 3926/6148/3499 3923/6149/3500 3921/6139/3491
f 3924/6146/3498 3894/6150/3501 3898/6151/3502
f 3926/6148/3499 3925/6152/3503 3924/6153/3504
f 3929/6154/3505 3926/6148/3499 3928/6155/3506
f 3919/6136/3488 3926/6148/3499 3921/6139/3491
f 3929/6156/3507 3930/6157/100 3931/6158/3507
f 3928/6159/100 3917/6135/3487 3930/6157/100
f 3932/6160/3446 3931/6158/3507 3875/6070/3446
f 3929/6154/3505 3933/6161/3508 3927/6162/3509
f 3932/6163/3510 3883/6080/3459 3933/6161/3508
f 3883/6080/3459 3934/6164/3511 3933/6161/3508
f 3927/6162/3509 3934/6164/3511 3925/6152/3503
f 3934/6165/3512 3889/6087/3466 3891/6166/3513
f 3934/6165/3512 3894/6150/3501 3925/6167/3514
f 3935/6168/3 3939/6169/6 3936/6170/6
f 3935/6171/3 3940/6172/12 3938/6173/3
f 3940/6174/12 3942/6175/9 3941/6176/9
f 3939/6177/6 3942/6178/9 3936/6179/6
f 3947/6180/3 3943/6181/6 3944/6182/3
f 3948/6183/9 3943/6184/6 3946/6185/6
f 3949/6186/12 3945/6187/9 3948/6188/9
f 3950/6189/12 3947/6190/3 3944/6191/3
f 3955/6192/3 3951/6193/6 3952/6194/3
f 3956/6195/9 3951/6196/6 3954/6197/6
f 3958/6198/12 3956/6199/9 3957/6200/12
f 3952/6201/3 3957/6202/12 3955/6203/3
f 3963/6204/3 3959/6205/6 3960/6206/3
f 3964/6207/9 3959/6208/6 3962/6209/6
f 3966/6210/12 3964/6211/9 3965/6212/12
f 3966/6213/12 3963/6214/3 3960/6215/3
f 3971/6216/3 3967/6217/6 3968/6218/3
f 3972/6219/9 3967/6220/6 3970/6221/6
f 3974/6222/12 3972/6223/9 3973/6224/12
f 3974/6225/12 3971/6226/3 3968/6227/3
f 3975/6228/3 3979/6229/6 3976/6230/6
f 3975/6231/3 3980/6232/12 3978/6233/3
f 3980/6234/12 3982/6235/9 3981/6236/9
f 3976/6237/6 3981/6238/9 3982/6239/9
f 3983/6240/3 3987/6241/6 3984/6242/6
f 3983/6243/3 3988/6244/12 3986/6245/3
f 3988/6246/12 3990/6247/9 3989/6248/9
f 3987/6249/6 3990/6250/9 3984/6251/6
f 3995/6252/3 3991/6253/6 3992/6254/3
f 3996/6255/9 3991/6256/6 3994/6257/6
f 3998/6258/12 3996/6259/9 3997/6260/12
f 3998/6261/12 3995/6262/3 3992/6263/3
f 4002/6264/3515 4000/6265/9 4003/6266/3516
f 4002/6267/3517 4001/6268/12 3999/6269/12
f 4003/6266/3516 4004/6270/3518 4002/6264/3515
f 4002/6267/3517 4006/6271/3519 4005/6272/3520
f 4006/6273/3519 4007/6274/3521 4005/6275/3522
f 4009/6276/3 4005/6275/3522 4007/6274/3521
f 4007/6277/3523 4010/6278/3524 4003/6279/3525
f 4003/6279/3525 4009/6280/6 4007/6277/3523
f 4010/6281/3524 4006/6282/3519 4004/6283/3518
f 4012/6284/12 4014/6285/3517 4015/6286/3520
f 4013/6287/9 4014/6288/3526 4011/6289/9
f 4014/6285/3517 4022/6290/3527 4015/6286/3520
f 4014/6288/3526 4018/6291/3528 4016/6292/3529
f 4019/6293/3523 4018/6294/3528 4017/6295/3530
f 4021/6296/6 4017/6295/3530 4013/6297/6
f 4019/6298/3521 4022/6299/3527 4020/6300/3531
f 4015/6301/3532 4021/6302/3 4012/6303/3
f 4018/6304/3528 4022/6305/3527 4016/6306/3529
f 4024/6307/1 4025/6308/1 4023/6309/1
f 4026/6310/1 4025/6308/1 4027/6311/1
f 4025/6308/1 4024/6307/1 4027/6311/1
f 4030/6312/1 4028/6313/1 4027/6311/1
f 4028/6313/1 4036/6314/1 4027/6311/1
f 4027/6311/1 4024/6307/1 4030/6312/1
f 4027/6311/1 4041/6315/1 4029/6316/1
f 4031/6317/1 4027/6311/1 4029/6316/1
f 4027/6311/1 4031/6317/1 4032/6318/1
f 4032/6318/1 4033/6319/1 4027/6311/1
f 4027/6311/1 4033/6319/1 4034/6320/1
f 4034/6320/1 4035/6321/1 4027/6311/1
f 4027/6311/1 4035/6321/1 4026/6310/1
f 4037/6322/1 4027/6311/1 4036/6314/1
f 4027/6311/1 4037/6322/1 4038/6323/1
f 4038/6323/1 4039/6324/1 4027/6311/1
f 4027/6311/1 4039/6324/1 4040/6325/1
f 4040/6325/1 4041/6315/1 4027/6311/1
f 4028/6313/1 4030/6312/1 4042/6326/1
f 4047/6327/2147 4044/6328/3533 4043/6329/3534
f 4044/6328/3533 4046/6330/2149 4043/6329/3534
f 4043/6329/3534 4084/6331/2150 4045/6332/3535
f 4050/6333/2152 4043/6329/3534 4045/6332/3535
f 4049/6334/3536 4048/6335/2155 4047/6336/2147
f 4049/6334/3536 4050/6337/2152 4051/6338/2156
f 4051/6338/2156 4052/6339/3537 4055/6340/3538
f 4052/6341/3537 4045/6332/3535 4053/6342/3539
f 4082/6343/3540 4052/6344/3537 4053/6345/3539
f 4052/6339/3537 4056/6346/2162 4055/6340/3538
f 4055/6347/3538 4059/6348/3541 4057/6349/3542
f 4058/6350/3543 4055/6351/3538 4057/6352/3542
f 4057/6352/3542 4061/6353/2168 4058/6350/3543
f 4059/6348/3541 4060/6354/3544 4057/6349/3542
f 4065/6355/3545 4062/6356/2170 4059/6348/3541
f 4066/6357/3546 4063/6358/2175 4065/6355/3545
f 4056/6359/2162 4065/6355/3545 4059/6348/3541
f 4065/6355/3545 4069/6360/3547 4066/6357/3546
f 4067/6361/2179 4070/6362/3548 4069/6363/3547
f 4054/6364/2181 4067/6361/2179 4056/6346/2162
f 4070/6362/3548 4071/6365/3549 4069/6363/3547
f 4066/6366/3546 4071/6367/3549 4072/6368/3550
f 4072/6368/3550 4073/6369/3551 4074/6370/3552
f 4073/6369/3551 4075/6371/3553 4074/6370/3552
f 4072/6368/3550 4076/6372/3554 4077/6373/3555
f 4074/6370/3552 4078/6374/3556 4076/6372/3554
f 4081/6375/3557 4078/6376/3556 4075/6377/3553
f 4081/6375/3557 4080/6378/3558 4079/6379/3559
f 4081/6375/3557 4054/6380/2181 4082/6343/3540
f 4070/6381/3548 4081/6375/3557 4075/6377/3553
f 4053/6345/3539 4080/6378/3558 4082/6343/3540
f 4045/6332/3535 4083/6382/3560 4053/6342/3539
f 4066/6366/3546 4077/6373/3555 4064/6383/3561
f 4058/6350/3543 4085/6384/2202 4087/6385/3562
f 4087/6385/3562 4086/6386/2202 4088/6387/3563
f 4090/6388/3564 4087/6389/3562 4088/6390/3563
f 4092/6391/3565 4087/6392/3562 4089/6393/3566
f 4087/6385/3562 4051/6394/2156 4058/6350/3543
f 4102/6395/3567 4089/6396/3566 4090/6388/3564
f 4094/6397/3568 4089/6393/3566 4091/6398/3569
f 4095/6399/3570 4092/6400/3565 4094/6401/3568
f 4092/6400/3565 4129/6402/3571 4049/6403/3536
f 4096/6404/3572 4095/6399/3570 4094/6401/3568
f 4099/6405/3573 4094/6397/3568 4091/6398/3569
f 4098/6406/3574 4097/6407/3575 4104/6408/3576
f 4100/6409/3577 4096/6410/3572 4099/6405/3573
f 4099/6411/3573 4102/6395/3567 4101/6412/3578
f 4099/6411/3573 4103/6413/3579 4100/6414/3577
f 4095/6415/3570 4101/6416/3578 4102/6417/3567
f 4098/6418/3574 4103/6419/3579 4101/6416/3578
f 4104/6420/3576 4105/6421/3580 4103/6419/3579
f 4100/6414/3577 4105/6422/3580 4108/6423/3581
f 4105/6421/3580 4113/6424/3582 4107/6425/3583
f 4107/6426/3583 4108/6423/3581 4105/6422/3580
f 4111/6427/3584 4108/6428/3581 4109/6429/3585
f 4108/6428/3581 4097/6430/3575 4100/6409/3577
f 4111/6431/3584 4106/6432/3586 4110/6433/3587
f 4104/6408/3576 4110/6433/3587 4106/6432/3586
f 4112/6434/3588 4109/6429/3585 4118/6435/3589
f 4112/6436/3588 4113/6437/3582 4111/6431/3584
f 4107/6425/3583 4114/6438/3590 4116/6439/3591
f 4120/6440/3592 4114/6441/3590 4112/6436/3588
f 4116/6439/3591 4115/6442/3593 4117/6443/3594
f 4117/6444/3594 4118/6445/3589 4116/6446/3591
f 4116/6446/3591 4109/6447/3585 4107/6426/3583
f 4120/6448/3592 4118/6435/3589 4119/6449/3595
f 4117/6444/3594 4121/6450/3596 4119/6451/3595
f 4119/6449/3595 4123/6452/3597 4120/6448/3592
f 4122/6453/3598 4124/6454/3599 4121/6450/3596
f 4121/6455/3596 4126/6456/3600 4123/6452/3597
f 4127/6457/3601 4124/6458/3599 4125/6459/3602
f 4123/6460/3597 4127/6461/3601 4128/6462/3603
f 4122/6463/3598 4127/6464/3601 4125/6465/3602
f 4120/6440/3592 4128/6462/3603 4115/6466/3593
f 4117/6443/3594 4128/6467/3603 4122/6463/3598
f 4093/6468/3604 4102/6417/3567 4090/6469/3564
f 4088/6470/3563 4093/6468/3604 4090/6469/3564
f 4129/6471/3571 4131/6472/3605 4048/6335/2155
f 4130/6473/2247 4088/6387/3563 4133/6474/3606
f 4131/6472/3605 4132/6475/3607 4163/6476/3608
f 4132/6477/3607 4133/6474/3606 4134/6478/3609
f 4133/6474/3606 4086/6386/2202 4135/6479/3610
f 4133/6474/3606 4136/6480/3611 4134/6478/3609
f 4139/6481/3612 4136/6482/3611 4137/6483/2257
f 4139/6481/3612 4138/6484/2258 4141/6485/3613
f 4141/6485/3613 4140/6486/2261 4139/6481/3612
f 4139/6481/3612 4132/6487/3607 4134/6488/3609
f 4144/6489/3614 4141/6485/3613 4143/6490/3615
f 4141/6485/3613 4146/6491/3616 4143/6490/3615
f 4166/6492/3617 4143/6493/3615 4145/6494/3618
f 4143/6493/3615 4147/6495/3619 4145/6494/3618
f 4145/6494/3618 4148/6496/3620 4150/6497/3621
f 4150/6497/3621 4149/6498/3622 4152/6499/3623
f 4152/6499/3623 4151/6500/3624 4150/6497/3621
f 4151/6500/3624 4145/6494/3618 4150/6497/3621
f 4154/6501/3625 4153/6502/3626 4152/6503/3623
f 4154/6501/3625 4149/6504/3622 4157/6505/3627
f 4164/6506/2286 4154/6501/3625 4156/6507/3628
f 4154/6501/3625 4158/6508/2289 4156/6507/3628
f 4156/6507/3628 4159/6509/3629 4161/6510/3630
f 4162/6511/3631 4159/6512/3629 4160/6513/2293
f 4163/6514/3608 4156/6507/3628 4161/6510/3630
f 4162/6511/3631 4163/6515/3608 4161/6516/3630
f 4163/6476/3608 4140/6517/2261 4164/6518/2286
f 4164/6518/2286 4142/6519/3632 4155/6520/3633
f 4162/6511/3631 4165/6521/2149 4044/6328/3533
f 4048/6522/2155 4162/6511/3631 4044/6328/3533
f 4155/6520/3633 4144/6523/3614 4153/6524/3626
f 4144/6523/3614 4151/6525/3624 4153/6524/3626
f 4171/6526/3634 4167/6527/3635 4168/6528/2369
f 4170/6529/3636 4169/6530/71 4167/6531/3635
f 4174/6532/2301 4170/6533/3636 4171/6534/3634
f 4172/6535/3637 4260/6536/71 4169/6530/71
f 4175/6537/2304 4172/6538/3637 4174/6532/2301
f 4176/6539/2305 4171/6534/3634 4177/6540/3638
f 4178/6541/2307 4174/6532/2301 4176/6539/2305
f 4179/6542/3639 4177/6540/3638 4181/6543/3640
f 4182/6544/3641 4176/6539/2305 4179/6542/3639
f 4179/6545/3639 4184/6546/3642 4180/6547/3643
f 4182/6548/3641 4180/6547/3643 4220/6549/3644
f 4181/6543/3640 4183/6550/3645 4179/6542/3639
f 4183/6551/3645 4187/6552/3646 4184/6546/3642
f 4186/6553/3647 4185/6554/3648 4188/6555/3649
f 4186/6556/3647 4190/6557/3650 4187/6552/3646
f 4189/6558/3651 4188/6555/3649 4191/6559/3652
f 4189/6560/3651 4193/6561/3653 4190/6557/3650
f 4192/6562/3654 4191/6559/3652 4194/6563/3655
f 4192/6564/3654 4198/6565/3656 4193/6561/3653
f 4195/6566/3657 4194/6563/3655 4196/6567/3658
f 4197/6568/3659 4196/6567/3658 4210/6569/3660
f 4198/6565/3656 4197/6570/3659 4200/6571/3661
f 4198/6572/3656 4211/6573/3662 4193/6574/3653
f 4200/6575/3661 4199/6576/3663 4198/6572/3656
f 4202/6577/3664 4201/6578/3665 4200/6575/3661
f 4197/6570/3659 4202/6579/3664 4200/6571/3661
f 4204/6580/3666 4203/6581/3667 4202/6577/3664
f 4202/6579/3664 4207/6582/3668 4204/6583/3666
f 4207/6584/3668 4206/6585/3669 4208/6586/3670
f 4205/6587/3671 4210/6569/3660 4206/6585/3669
f 4207/6588/3668 4209/6589/3672 4204/6590/3666
f 4208/6591/3670 4203/6592/3667 4209/6593/3672
f 4203/6592/3667 4210/6594/3660 4201/6595/3665
f 4210/6594/3660 4199/6596/3663 4201/6595/3665
f 4199/6596/3663 4194/6597/3655 4211/6598/3662
f 4193/6574/3653 4212/6599/3673 4190/6600/3650
f 4211/6598/3662 4191/6601/3652 4212/6602/3673
f 4212/6602/3673 4188/6603/3649 4213/6604/3674
f 4190/6600/3650 4213/6605/3674 4187/6606/3646
f 4214/6607/3675 4187/6606/3646 4213/6605/3674
f 4213/6604/3674 4185/6608/3648 4214/6609/3675
f 4215/6610/3676 4184/6611/3642 4214/6607/3675
f 4214/6609/3675 4181/6612/3640 4215/6613/3676
f 4181/6612/3640 4216/6614/3677 4215/6613/3676
f 4180/6615/3643 4216/6616/3677 4217/6617/2348
f 4177/6618/3638 4168/6528/2369 4216/6614/3677
f 4220/6619/3644 4217/6617/2348 4218/6620/2348
f 4221/6621/3678 4218/6620/2348 4219/6622/3679
f 4220/6619/3644 4223/6623/3680 4222/6624/3681
f 4222/6625/3681 4182/6626/3641 4220/6627/3644
f 4222/6624/3681 4253/6628/3682 4224/6629/3683
f 4224/6630/3683 4225/6631/3684 4222/6625/3681
f 4228/6632/3685 4225/6633/3684 4227/6634/3686
f 4182/6544/3641 4226/6635/3687 4254/6636/3688
f 4230/6637/3689 4227/6638/3686 4224/6630/3683
f 4231/6639/3690 4227/6634/3686 4229/6640/3691
f 4235/6641/3692 4229/6642/3691 4230/6637/3689
f 4233/6643/3693 4229/6640/3691 4232/6644/3694
f 4251/6645/3695 4232/6644/3694 4234/6646/3696
f 4234/6647/3696 4235/6641/3692 4237/6648/3697
f 4236/6649/3698 4230/6650/3689 4252/6651/3699
f 4238/6652/3700 4235/6653/3692 4236/6649/3698
f 4240/6654/3701 4237/6655/3697 4238/6652/3700
f 4242/6656/3702 4237/6648/3697 4239/6657/3703
f 4250/6658/3704 4239/6659/3703 4240/6654/3701
f 4244/6660/3705 4239/6657/3703 4241/6661/3706
f 4244/6662/3705 4243/6663/3707 4242/6664/3702
f 4242/6664/3702 4251/6645/3695 4234/6646/3696
f 4248/6665/3708 4244/6662/3705 4246/6666/3709
f 4246/6667/3709 4241/6661/3706 4247/6668/3710
f 4249/6669/3711 4246/6670/3709 4247/6671/3710
f 4250/6672/3704 4248/6673/3708 4249/6674/3711
f 4249/6675/3711 4241/6676/3706 4250/6658/3704
f 4243/6677/3707 4250/6672/3704 4240/6678/3701
f 4238/6679/3700 4243/6677/3707 4240/6678/3701
f 4236/6680/3698 4251/6681/3695 4238/6679/3700
f 4231/6682/3690 4236/6680/3698 4252/6683/3699
f 4252/6651/3699 4224/6629/3683 4253/6628/3682
f 4228/6684/3685 4252/6683/3699 4253/6685/3682
f 4226/6686/3687 4253/6685/3682 4223/6687/3680
f 4254/6688/3688 4223/6687/3680 4221/6689/3678
f 4254/6636/3688 4178/6541/2307 4182/6544/3641
f 4219/6690/3679 4254/6688/3688 4221/6689/3678
f 4255/6691/3712 4175/6537/2304 4178/6541/2307
f 4258/6692/2189 4255/6693/3712 4219/6690/3679
f 4175/6537/2304 4257/6694/3713 4173/6695/3714
f 4259/6696/3715 4256/6697/3716 4258/6692/2189
f 4173/6698/3714 4259/6699/3715 4260/6536/71
f 4284/6700/2115 4261/6701/2116 4264/6702/2117
f 4262/6703/3717 4263/6704/2119 4261/6701/2116
f 4261/6701/2116 4263/6704/2119 4265/6705/100
f 4264/6702/2117 4261/6701/2116 4265/6705/100
f 4268/6706/3718 4264/6702/2117 4265/6705/100
f 4263/6704/2119 4266/6707/2121 4265/6705/100
f 4266/6707/2121 4270/6708/3719 4265/6705/100
f 4269/6709/3720 4267/6710/2124 4265/6705/100
f 4267/6710/2124 4268/6706/3718 4265/6705/100
f 4270/6708/3719 4269/6709/3720 4265/6705/100
f 4271/6711/3721 4269/6709/3720 4270/6708/3719
f 4271/6711/3721 4266/6707/2121 4272/6712/3722
f 4271/6713/3721 4276/6714/2127 4274/6715/2128
f 4273/6716/3723 4274/6715/2128 4277/6717/2130
f 4274/6718/2128 4278/6719/3724 4277/6720/2130
f 4276/6721/2127 4275/6722/2132 4274/6718/2128
f 4281/6723/3725 4277/6720/2130 4278/6719/3724
f 4273/6716/3723 4279/6724/3726 4282/6725/3727
f 4279/6726/3726 4293/6727/3728 4280/6728/3729
f 4282/6729/3727 4280/6730/3729 4283/6731/3730
f 4282/6732/3727 4269/6709/3720 4273/6733/3723
f 4268/6706/3718 4282/6732/3727 4283/6734/3730
f 4284/6700/2115 4268/6706/3718 4283/6734/3730
f 4284/6735/2115 4280/6730/3729 4285/6736/3731
f 4285/6736/3731 4262/6737/3717 4284/6735/2115
f 4285/6738/3731 4289/6739/2140 4287/6740/2141
f 4280/6728/3729 4286/6741/2142 4285/6738/3731
f 4287/6740/2141 4290/6742/2143 4288/6743/3732
f 4294/6744/3733 4287/6745/2141 4288/6746/3732
f 4290/6742/2143 4289/6739/2140 4291/6747/63
f 4289/6739/2140 4286/6741/2142 4291/6747/63
f 4286/6741/2142 4293/6727/3728 4291/6747/63
f 4293/6727/3728 4281/6723/3725 4291/6747/63
f 4281/6723/3725 4278/6719/3724 4291/6747/63
f 4278/6719/3724 4275/6722/2132 4291/6747/63
f 4275/6722/2132 4292/6748/2146 4291/6747/63
f 4292/6748/2146 4290/6742/2143 4291/6747/63
f 4288/6743/3732 4292/6748/2146 4276/6721/2127
f 4272/6749/3722 4288/6746/3732 4276/6714/2127
f 4272/6712/3722 4263/6704/2119 4294/6750/3733
f 4299/6751/2147 4296/6752/3533 4295/6753/3534
f 4296/6752/3533 4298/6754/2149 4295/6753/3534
f 4295/6753/3534 4336/6755/3734 4297/6756/3535
f 4302/6757/2152 4295/6753/3534 4297/6756/3535
f 4301/6758/3735 4300/6759/3736 4299/6760/2147
f 4301/6758/3735 4302/6761/2152 4303/6762/2156
f 4303/6762/2156 4304/6763/3737 4307/6764/3538
f 4304/6765/3737 4297/6756/3535 4305/6766/3539
f 4334/6767/3540 4304/6768/3737 4305/6769/3539
f 4304/6763/3737 4308/6770/2162 4307/6764/3538
f 4307/6771/3538 4311/6772/3738 4309/6773/3739
f 4310/6774/3543 4307/6775/3538 4309/6776/3739
f 4309/6776/3739 4313/6777/2168 4310/6774/3543
f 4309/6773/3739 4314/6778/3740 4312/6779/2202
f 4317/6780/3741 4314/6778/3740 4311/6772/3738
f 4317/6780/3741 4316/6781/3742 4315/6782/3743
f 4308/6783/2162 4317/6780/3741 4311/6772/3738
f 4317/6780/3741 4321/6784/2177 4318/6785/3744
f 4319/6786/3745 4322/6787/3548 4321/6788/2177
f 4306/6789/2181 4319/6786/3745 4308/6770/2162
f 4322/6787/3548 4323/6790/3549 4321/6788/2177
f 4318/6791/3744 4323/6792/3549 4324/6793/3550
f 4324/6793/3550 4325/6794/3746 4326/6795/3747
f 4325/6794/3746 4327/6796/3748 4326/6795/3747
f 4324/6793/3550 4328/6797/3749 4329/6798/3750
f 4326/6795/3747 4330/6799/3751 4328/6797/3749
f 4333/6800/3557 4330/6801/3751 4327/6802/3748
f 4333/6800/3557 4332/6803/3752 4331/6804/3753
f 4333/6800/3557 4306/6805/2181 4334/6767/3540
f 4322/6806/3548 4333/6800/3557 4327/6802/3748
f 4305/6769/3539 4332/6803/3752 4334/6767/3540
f 4297/6756/3535 4335/6807/3754 4305/6766/3539
f 4318/6791/3744 4329/6798/3750 4316/6808/3742
f 4310/6774/3543 4337/6809/2202 4339/6810/3755
f 4340/6811/3756 4337/6809/2202 4338/6812/2202
f 4342/6813/3564 4339/6814/3755 4340/6815/3756
f 4344/6816/3757 4339/6817/3755 4341/6818/3758
f 4339/6810/3755 4303/6819/2156 4310/6774/3543
f 4354/6820/3567 4341/6821/3758 4342/6813/3564
f 4346/6822/3568 4341/6818/3758 4343/6823/3759
f 4347/6824/3760 4344/6825/3757 4346/6826/3568
f 4344/6825/3757 4381/6827/3761 4301/6828/3735
f 4348/6829/3762 4347/6824/3760 4346/6826/3568
f 4351/6830/3763 4346/6822/3568 4343/6823/3759
f 4350/6831/3764 4349/6832/3575 4356/6833/3576
f 4352/6834/3577 4348/6835/3762 4351/6830/3763
f 4351/6836/3763 4354/6820/3567 4353/6837/3578
f 4351/6836/3763 4355/6838/3579 4352/6839/3577
f 4347/6840/3760 4353/6841/3578 4354/6842/3567
f 4350/6843/3764 4355/6844/3579 4353/6841/3578
f 4356/6845/3576 4357/6846/3580 4355/6844/3579
f 4352/6839/3577 4357/6847/3580 4360/6848/3581
f 4357/6846/3580 4365/6849/3765 4359/6850/3766
f 4359/6851/3766 4360/6848/3581 4357/6847/3580
f 4363/6852/3767 4360/6853/3581 4361/6854/3768
f 4360/6853/3581 4349/6855/3575 4352/6834/3577
f 4363/6856/3767 4358/6857/3769 4362/6858/3587
f 4356/6833/3576 4362/6858/3587 4358/6857/3769
f 4370/6859/3770 4363/6852/3767 4361/6854/3768
f 4364/6860/3771 4365/6861/3765 4363/6856/3767
f 4365/6849/3765 4368/6862/3772 4359/6850/3766
f 4372/6863/3592 4366/6864/3773 4364/6860/3771
f 4368/6862/3772 4367/6865/3774 4369/6866/3775
f 4369/6867/3775 4370/6868/3770 4368/6869/3772
f 4368/6869/3772 4361/6870/3768 4359/6851/3766
f 4372/6871/3592 4370/6859/3770 4371/6872/3595
f 4369/6867/3775 4373/6873/3596 4371/6874/3595
f 4371/6872/3595 4375/6875/3597 4372/6871/3592
f 4374/6876/3776 4376/6877/3599 4373/6873/3596
f 4373/6878/3596 4378/6879/3600 4375/6875/3597
f 4379/6880/3777 4376/6881/3599 4377/6882/3778
f 4375/6883/3597 4379/6884/3777 4380/6885/3603
f 4374/6886/3776 4379/6887/3777 4377/6888/3778
f 4372/6863/3592 4380/6885/3603 4367/6889/3774
f 4369/6866/3775 4380/6890/3603 4374/6886/3776
f 4345/6891/3779 4354/6842/3567 4342/6892/3564
f 4340/6893/3756 4345/6891/3779 4342/6892/3564
f 4381/6894/3761 4383/6895/3605 4300/6759/3736
f 4382/6896/2247 4340/6811/3756 4385/6897/3780
f 4383/6895/3605 4384/6898/3607 4415/6899/3608
f 4384/6900/3607 4385/6897/3780 4386/6901/3609
f 4340/6811/3756 4387/6902/2252 4385/6897/3780
f 4385/6897/3780 4388/6903/3611 4386/6901/3609
f 4391/6904/3612 4388/6905/3611 4389/6906/3781
f 4391/6904/3612 4390/6907/3782 4393/6908/3783
f 4393/6908/3783 4392/6909/2261 4391/6904/3612
f 4391/6904/3612 4384/6910/3607 4386/6911/3609
f 4396/6912/3784 4393/6908/3783 4395/6913/3785
f 4395/6913/3785 4390/6907/3782 4398/6914/3786
f 4418/6915/3787 4395/6916/3785 4397/6917/3788
f 4397/6917/3788 4398/6918/3786 4399/6919/3789
f 4397/6917/3788 4400/6920/3620 4402/6921/3790
f 4402/6921/3790 4401/6922/3791 4404/6923/3792
f 4404/6923/3792 4403/6924/2276 4402/6921/3790
f 4402/6921/3790 4418/6915/3787 4397/6917/3788
f 4406/6925/3793 4405/6926/3794 4404/6927/3792
f 4406/6925/3793 4401/6928/3791 4409/6929/3795
f 4416/6930/2286 4406/6925/3793 4408/6931/3628
f 4406/6925/3793 4410/6932/2288 4408/6931/3628
f 4408/6931/3628 4411/6933/3629 4413/6934/3796
f 4414/6935/3797 4411/6936/3629 4412/6937/2293
f 4415/6938/3608 4408/6931/3628 4413/6934/3796
f 4414/6935/3797 4415/6939/3608 4413/6940/3796
f 4415/6899/3608 4392/6941/2261 4416/6942/2286
f 4416/6942/2286 4394/6943/2297 4407/6944/2298
f 4414/6935/3797 4417/6945/2149 4296/6752/3533
f 4300/6946/3736 4414/6935/3797 4296/6752/3533
f 4407/6944/2298 4396/6947/3784 4405/6948/3794
f 4405/6948/3794 4418/6949/3787 4403/6950/2276
f 4423/6951/3634 4419/6952/3635 4420/6953/100
f 4422/6954/3636 4421/6955/71 4419/6956/3635
f 4426/6957/2301 4422/6958/3636 4423/6959/3634
f 4424/6960/3798 4512/6961/71 4421/6955/71
f 4427/6962/2304 4424/6963/3798 4426/6957/2301
f 4428/6964/2305 4423/6959/3634 4429/6965/3799
f 4430/6966/2307 4426/6957/2301 4428/6964/2305
f 4431/6967/3639 4429/6965/3799 4433/6968/3640
f 4434/6969/3800 4428/6964/2305 4431/6967/3639
f 4431/6970/3639 4436/6971/3642 4432/6972/3801
f 4434/6973/3800 4432/6972/3801 4472/6974/3644
f 4433/6968/3640 4435/6975/3802 4431/6967/3639
f 4435/6976/3802 4439/6977/3646 4436/6971/3642
f 4438/6978/3647 4437/6979/3803 4440/6980/3649
f 4438/6981/3647 4442/6982/3804 4439/6977/3646
f 4441/6983/3805 4440/6980/3649 4443/6984/3806
f 4442/6982/3804 4444/6985/3807 4445/6986/3808
f 4444/6987/3807 4443/6984/3806 4446/6988/3655
f 4445/6986/3808 4447/6989/3809 4450/6990/3810
f 4447/6991/3809 4446/6988/3655 4448/6992/3811
f 4449/6993/3812 4448/6992/3811 4462/6994/3660
f 4450/6990/3810 4449/6995/3812 4452/6996/3661
f 4450/6997/3810 4463/6998/3662 4445/6999/3808
f 4452/7000/3661 4451/7001/3813 4450/6997/3810
f 4454/7002/3664 4453/7003/3665 4452/7000/3661
f 4449/6995/3812 4454/7004/3664 4452/6996/3661
f 4456/7005/3666 4455/7006/3667 4454/7002/3664
f 4454/7004/3664 4459/7007/3814 4456/7008/3666
f 4459/7009/3814 4458/7010/3669 4460/7011/3670
f 4457/7012/3671 4462/6994/3660 4458/7010/3669
f 4459/7013/3814 4461/7014/3815 4456/7015/3666
f 4460/7016/3670 4455/7017/3667 4461/7018/3815
f 4455/7017/3667 4462/7019/3660 4453/7020/3665
f 4462/7019/3660 4451/7021/3813 4453/7020/3665
f 4448/7022/3811 4463/7023/3662 4451/7021/3813
f 4445/6999/3808 4464/7024/3816 4442/7025/3804
f 4446/7026/3655 4464/7027/3816 4463/7023/3662
f 4464/7027/3816 4440/7028/3649 4465/7029/3817
f 4442/7025/3804 4465/7030/3817 4439/7031/3646
f 4466/7032/3818 4439/7031/3646 4465/7030/3817
f 4465/7029/3817 4437/7033/3803 4466/7034/3818
f 4467/7035/3819 4436/7036/3642 4466/7032/3818
f 4466/7034/3818 4433/7037/3640 4467/7038/3819
f 4433/7037/3640 4468/7039/3820 4467/7038/3819
f 4432/7040/3801 4468/7041/3820 4469/7042/2348
f 4429/7043/3799 4420/6953/100 4468/7039/3820
f 4472/7044/3644 4469/7042/2348 4470/7045/2348
f 4473/7046/3821 4470/7045/2348 4471/7047/3679
f 4472/7044/3644 4475/7048/3822 4474/7049/3823
f 4474/7050/3823 4434/7051/3800 4472/7052/3644
f 4474/7049/3823 4505/7053/3824 4476/7054/3683
f 4476/7055/3683 4477/7056/3825 4474/7050/3823
f 4480/7057/3685 4477/7058/3825 4479/7059/3826
f 4434/6969/3800 4478/7060/3827 4506/7061/3828
f 4482/7062/3829 4479/7063/3826 4476/7055/3683
f 4483/7064/3830 4479/7059/3826 4481/7065/3831
f 4484/7066/3832 4482/7062/3829 4487/7067/3833
f 4485/7068/3834 4481/7065/3831 4484/7069/3832
f 4503/7070/3695 4484/7069/3832 4486/7071/3835
f 4486/7072/3835 4487/7067/3833 4489/7073/3697
f 4488/7074/3836 4482/7075/3829 4504/7076/3837
f 4490/7077/3838 4487/7078/3833 4488/7074/3836
f 4492/7079/3701 4489/7080/3697 4490/7077/3838
f 4494/7081/3839 4489/7073/3697 4491/7082/3703
f 4502/7083/3704 4491/7084/3703 4492/7079/3701
f 4496/7085/3705 4491/7082/3703 4493/7086/3706
f 4496/7087/3705 4495/7088/3707 4494/7089/3839
f 4494/7089/3839 4503/7070/3695 4486/7071/3835
f 4500/7090/3840 4496/7087/3705 4498/7091/3841
f 4498/7092/3841 4493/7086/3706 4499/7093/3710
f 4501/7094/3842 4498/7095/3841 4499/7096/3710
f 4502/7097/3704 4500/7098/3840 4501/7099/3842
f 4501/7100/3842 4493/7101/3706 4502/7083/3704
f 4495/7102/3707 4502/7097/3704 4492/7103/3701
f 4490/7104/3838 4495/7102/3707 4492/7103/3701
f 4488/7105/3836 4503/7106/3695 4490/7104/3838
f 4504/7107/3837 4485/7108/3834 4488/7105/3836
f 4504/7076/3837 4476/7054/3683 4505/7053/3824
f 4480/7109/3685 4504/7107/3837 4505/7110/3824
f 4478/7111/3827 4505/7110/3824 4475/7112/3822
f 4506/7113/3828 4475/7112/3822 4473/7114/3821
f 4506/7061/3828 4430/6966/2307 4434/6969/3800
f 4471/7115/3679 4506/7113/3828 4473/7114/3821
f 4507/7116/3712 4427/6962/2304 4430/6966/2307
f 4510/7117/2381 4507/7118/3712 4471/7115/3679
f 4427/6962/2304 4509/7119/3713 4425/7120/3714
f 4511/7121/3843 4508/7122/3844 4510/7117/2381
f 4425/7123/3714 4511/7124/3843 4512/6961/71
f 4536/7125/2115 4513/7126/2116 4516/7127/3845
f 4514/7128/3717 4515/7129/3846 4513/7126/2116
f 4513/7126/2116 4515/7129/3846 4517/7130/100
f 4516/7127/3845 4513/7126/2116 4517/7130/100
f 4520/7131/3718 4516/7127/3845 4517/7130/100
f 4515/7129/3846 4518/7132/3847 4517/7130/100
f 4518/7132/3847 4522/7133/3848 4517/7130/100
f 4521/7134/2123 4519/7135/3849 4517/7130/100
f 4519/7135/3849 4520/7131/3718 4517/7130/100
f 4522/7133/3848 4521/7134/2123 4517/7130/100
f 4523/7136/3721 4521/7134/2123 4522/7133/3848
f 4523/7136/3721 4518/7132/3847 4524/7137/3722
f 4523/7138/3721 4528/7139/2127 4526/7140/2128
f 4525/7141/2129 4526/7140/2128 4529/7142/2130
f 4526/7143/2128 4530/7144/3850 4529/7145/2130
f 4528/7146/2127 4527/7147/3851 4526/7143/2128
f 4533/7148/3852 4529/7145/2130 4530/7144/3850
f 4525/7141/2129 4531/7149/3853 4534/7150/3727
f 4531/7151/3853 4545/7152/3854 4532/7153/3729
f 4534/7154/3727 4532/7155/3729 4535/7156/2138
f 4534/7157/3727 4521/7134/2123 4525/7158/2129
f 4520/7131/3718 4534/7157/3727 4535/7159/2138
f 4536/7125/2115 4520/7131/3718 4535/7159/2138
f 4536/7160/2115 4532/7155/3729 4537/7161/3731
f 4537/7161/3731 4514/7162/3717 4536/7160/2115
f 4537/7163/3731 4541/7164/3855 4539/7165/2141
f 4532/7153/3729 4538/7166/3856 4537/7163/3731
f 4539/7165/2141 4542/7167/2143 4540/7168/3732
f 4546/7169/3857 4539/7170/2141 4540/7171/3732
f 4542/7167/2143 4541/7164/3855 4543/7172/63
f 4541/7164/3855 4538/7166/3856 4543/7172/63
f 4538/7166/3856 4545/7152/3854 4543/7172/63
f 4545/7152/3854 4533/7148/3852 4543/7172/63
f 4533/7148/3852 4530/7144/3850 4543/7172/63
f 4530/7144/3850 4527/7147/3851 4543/7172/63
f 4527/7147/3851 4544/7173/3858 4543/7172/63
f 4544/7173/3858 4542/7167/2143 4543/7172/63
f 4540/7168/3732 4544/7173/3858 4528/7146/2127
f 4524/7174/3722 4540/7171/3732 4528/7139/2127
f 4524/7137/3722 4515/7129/3846 4546/7175/3857
f 4551/7176/2449 4547/7177/100 4548/7178/3859
f 4550/7179/101 4549/7180/101 4547/7181/101
f 4554/7182/2451 4550/7183/2452 4551/7184/3860
f 4552/7185/101 4632/7186/101 4549/7180/101
f 4555/7187/2454 4552/7188/2452 4554/7182/2451
f 4556/7189/2455 4551/7184/3860 4557/7190/3861
f 4558/7191/2457 4554/7182/2451 4556/7189/2455
f 4559/7192/2458 4557/7190/3861 4561/7193/2459
f 4562/7194/3862 4556/7189/2455 4559/7192/2458
f 4559/7195/3863 4564/7196/3864 4560/7197/3865
f 4596/7198/2464 4559/7199/2465 4560/7200/2465
f 4561/7193/2459 4563/7201/2466 4559/7192/2458
f 4563/7202/3866 4567/7203/3867 4564/7196/3864
f 4566/7204/2469 4565/7205/3868 4568/7206/2500
f 4566/7207/3869 4570/7208/2189 4567/7203/3867
f 4569/7209/2473 4568/7206/2500 4571/7210/2473
f 4569/7211/2189 4573/7212/63 4570/7208/2189
f 4572/7213/2327 4571/7210/2473 4574/7214/2327
f 4573/7212/63 4575/7215/63 4578/7216/63
f 4575/7217/2326 4574/7214/2327 4576/7218/2326
f 4577/7219/2328 4576/7218/2326 4586/7220/2328
f 4578/7216/63 4577/7221/63 4580/7222/2383
f 4578/7223/2324 4587/7224/3870 4573/7225/2323
f 4580/7226/2325 4579/7227/2324 4578/7223/2324
f 4582/7228/2476 4581/7229/2325 4580/7226/2325
f 4580/7222/2383 4584/7230/63 4582/7231/2383
f 4582/7232/2324 4585/7233/2324 4583/7234/2324
f 4584/7235/2477 4586/7220/2328 4585/7236/2477
f 4585/7237/100 4581/7238/100 4583/7239/2507
f 4586/7240/100 4579/7241/100 4581/7238/100
f 4576/7242/2431 4587/7243/100 4579/7241/100
f 4573/7225/2323 4588/7244/2329 4570/7245/2329
f 4587/7243/100 4571/7246/100 4588/7247/100
f 4588/7247/100 4568/7248/3871 4589/7249/3872
f 4570/7245/2329 4589/7250/2480 4567/7251/2480
f 4590/7252/2481 4567/7251/2480 4589/7250/2480
f 4589/7249/3872 4565/7253/3873 4590/7254/3874
f 4591/7255/2484 4564/7256/2485 4590/7252/2481
f 4590/7254/3874 4561/7257/3875 4591/7258/3876
f 4561/7257/3875 4592/7259/3877 4591/7258/3876
f 4560/7260/2489 4592/7261/2490 4593/7262/2490
f 4557/7263/3878 4548/7178/3859 4592/7259/3877
f 4596/7264/2492 4593/7262/2490 4594/7265/2490
f 4597/7266/2493 4594/7265/2490 4595/7267/2490
f 4596/7264/2492 4599/7268/2481 4598/7269/2481
f 4598/7270/3879 4562/7271/3880 4596/7272/3881
f 4598/7269/2481 4625/7273/2480 4600/7274/2480
f 4600/7275/3882 4601/7276/3883 4598/7270/3879
f 4604/7277/2469 4601/7278/3884 4603/7279/2500
f 4562/7194/3862 4602/7280/2501 4626/7281/2502
f 4606/7282/100 4603/7283/3885 4600/7275/3882
f 4607/7284/2473 4603/7279/2500 4605/7285/2474
f 4611/7286/100 4605/7287/100 4606/7282/100
f 4609/7288/2327 4605/7285/2474 4608/7289/2327
f 4623/7290/3886 4608/7289/2327 4610/7291/3887
f 4610/7292/2369 4611/7286/100 4613/7293/2369
f 4612/7294/2323 4606/7295/2329 4624/7296/2329
f 4614/7297/2324 4611/7298/2323 4612/7294/2323
f 4616/7299/2325 4613/7300/2324 4614/7297/2324
f 4618/7301/100 4613/7293/2369 4615/7302/100
f 4622/7303/2476 4615/7304/2325 4616/7299/2325
f 4620/7305/2369 4615/7302/100 4617/7306/3141
f 4620/7307/2508 4619/7308/2509 4618/7309/2510
f 4618/7309/2510 4623/7290/3886 4610/7291/3887
f 4622/7310/2324 4620/7311/2324 4617/7312/2324
f 4616/7313/63 4621/7314/2383 4622/7315/3888
f 4614/7316/63 4619/7317/63 4616/7313/63
f 4612/7318/63 4623/7319/63 4614/7316/63
f 4607/7320/63 4612/7318/63 4624/7321/63
f 4624/7296/2329 4600/7274/2480 4625/7273/2480
f 4604/7322/2511 4624/7321/63 4625/7323/3889
f 4602/7324/3890 4625/7323/3889 4599/7325/3891
f 4626/7326/3892 4599/7325/3891 4597/7327/3893
f 4626/7281/2502 4558/7191/2457 4562/7194/3862
f 4595/7328/3894 4626/7326/3892 4597/7327/3893
f 4627/7329/2518 4555/7187/2454 4558/7191/2457
f 4630/7330/2519 4627/7331/3895 4595/7328/3894
f 4628/7332/2521 4553/7333/2452 4555/7187/2454
f 4631/7334/63 4628/7335/3896 4630/7330/2519
f 4553/7336/101 4631/7337/101 4632/7186/101
f 4634/7338/3897 4636/7339/3898 4657/7340/2525
f 4634/7338/3897 4635/7341/3899 4633/7342/2527
f 4633/7342/2527 4635/7341/3899 4637/7343/100
f 4636/7339/3898 4633/7342/2527 4637/7343/100
f 4642/7344/3900 4638/7345/3901 4637/7343/100
f 4638/7345/3901 4639/7346/2531 4637/7343/100
f 4639/7346/2531 4641/7347/3902 4637/7343/100
f 4641/7347/3902 4640/7348/2533 4637/7343/100
f 4640/7348/2533 4636/7339/3898 4637/7343/100
f 4635/7341/3899 4642/7344/3900 4637/7343/100
f 4643/7349/3903 4638/7345/3901 4642/7344/3900
f 4643/7349/3903 4635/7341/3899 4644/7350/3904
f 4643/7351/3903 4648/7352/3905 4646/7353/2536
f 4645/7354/2537 4646/7353/2536 4649/7355/2538
f 4646/7356/2536 4650/7357/3906 4649/7358/2538
f 4648/7359/3905 4647/7360/3907 4646/7356/2536
f 4649/7358/2538 4652/7361/3908 4651/7362/3909
f 4654/7363/3910 4649/7355/2538 4651/7364/3909
f 4662/7365/2544 4651/7362/3909 4652/7361/3908
f 4654/7363/3910 4653/7366/2545 4655/7367/2546
f 4645/7368/2537 4639/7346/2531 4638/7345/3901
f 4655/7369/2546 4639/7346/2531 4654/7370/3910
f 4640/7348/2533 4655/7369/2546 4656/7371/2547
f 4655/7367/2546 4658/7372/3911 4656/7373/2547
f 4657/7340/2525 4640/7348/2533 4656/7371/2547
f 4657/7374/2525 4658/7375/3911 4659/7376/2549
f 4658/7377/3911 4661/7378/3912 4659/7379/2549
f 4653/7380/2545 4660/7381/2551 4658/7377/3911
f 4661/7378/3912 4660/7381/2551 4663/7382/63
f 4660/7381/2551 4662/7365/2544 4663/7382/63
f 4664/7383/3913 4661/7378/3912 4663/7382/63
f 4665/7384/3914 4664/7383/3913 4663/7382/63
f 4647/7360/3907 4665/7384/3914 4663/7382/63
f 4662/7365/2544 4652/7361/3908 4663/7382/63
f 4652/7361/3908 4650/7357/3906 4663/7382/63
f 4650/7357/3906 4647/7360/3907 4663/7382/63
f 4666/7385/3915 4665/7384/3914 4648/7359/3905
f 4659/7379/2549 4664/7383/3913 4666/7385/3915
f 4644/7386/3904 4666/7387/3915 4648/7352/3905
f 4659/7376/2549 4634/7388/3897 4657/7374/2525
f 4669/7389/71 4668/7390/71 4667/7391/71
f 4667/7391/71 4672/7392/71 4669/7389/71
f 4673/7393/2384 4670/7394/63 4671/7395/3916
f 4669/7396/2386 4673/7397/2387 4674/7398/2388
f 4676/7399/2389 4673/7397/2387 4675/7400/3917
f 4675/7401/3918 4671/7395/3916 4677/7402/3919
f 4680/7403/2393 4675/7400/3917 4678/7404/3920
f 4678/7405/3921 4677/7402/3919 4679/7406/3922
f 4680/7407/3923 4679/7408/2397 4681/7409/3923
f 4726/7410/2398 4680/7411/3924 4681/7412/2400
f 4683/7413/2401 4676/7399/2389 4680/7403/2393
f 4680/7403/2393 4686/7414/2402 4683/7413/2401
f 4684/7415/2403 4687/7416/2403 4683/7417/2403
f 4683/7418/2404 4701/7419/3925 4684/7420/3926
f 4685/7421/2407 4687/7422/2408 4689/7423/3927
f 4687/7424/3928 4691/7425/3929 4689/7426/3930
f 4700/7427/2413 4689/7423/3927 4690/7428/2414
f 4689/7426/3930 4692/7429/859 4690/7430/3931
f 4693/7431/2416 4688/7432/2417 4684/7433/2418
f 4695/7434/2419 4691/7435/2420 4693/7431/2416
f 4684/7433/2418 4694/7436/2421 4693/7431/2416
f 4694/7436/2421 4671/7437/2422 4696/7438/2422
f 4681/7439/3932 4677/7440/2424 4694/7436/2421
f 4690/7430/3931 4697/7441/100 4698/7442/100
f 4699/7443/71 4697/7444/71 4668/7390/71
f 4700/7427/2413 4698/7445/2386 4699/7446/2386
f 4674/7398/2388 4699/7446/2386 4669/7396/2386
f 4685/7421/2407 4674/7398/2388 4676/7399/2389
f 4686/7447/2425 4703/7448/3933 4701/7419/3925
f 4702/7449/3934 4682/7450/2428 4704/7451/2427
f 4702/7452/2429 4706/7453/100 4703/7448/3933
f 4705/7454/2430 4704/7451/2427 4707/7455/2430
f 4705/7456/100 4709/7457/100 4706/7453/100
f 4708/7458/2432 4707/7455/2430 4710/7459/2432
f 4709/7457/100 4711/7460/100 4714/7461/2431
f 4712/7462/2433 4708/7458/2432 4710/7459/2432
f 4713/7463/2434 4712/7462/2433 4722/7464/2434
f 4711/7460/100 4716/7465/2369 4714/7461/2431
f 4714/7466/2435 4723/7467/2436 4709/7468/2436
f 4716/7469/2437 4715/7470/2435 4714/7466/2435
f 4718/7471/2438 4717/7472/2439 4716/7469/2437
f 4713/7473/3141 4718/7474/2369 4716/7465/2369
f 4718/7475/2435 4721/7476/2435 4719/7477/2435
f 4721/7478/2440 4713/7463/2434 4722/7464/2434
f 4719/7479/2189 4722/7480/63 4717/7481/63
f 4717/7481/63 4712/7482/63 4715/7483/2189
f 4712/7482/63 4723/7484/63 4715/7483/2189
f 4709/7468/2436 4724/7485/2441 4706/7486/2441
f 4723/7484/63 4707/7487/63 4724/7488/63
f 4724/7488/63 4704/7489/2442 4725/7490/3935
f 4706/7486/2441 4725/7491/2445 4703/7492/2445
f 4726/7493/2448 4703/7492/2445 4725/7491/2445
f 4725/7490/3935 4682/7494/3936 4726/7410/2398
f 4681/7439/3932 4701/7495/2448 4726/7493/2448
s 0
f 2/1/1 3/47/1 18/2/1
f 9/4/1 10/46/1 32/5/1
f 5/7/1 22/45/1 20/8/1
f 12/10/1 36/44/1 34/11/1
f 6/13/1 7/42/1 26/14/1
f 16/16/2 15/19/2 14/17/2
f 15/19/3 18/21/3 17/20/3
f 18/21/4 20/23/4 19/22/4
f 20/23/5 22/25/5 21/24/5
f 22/25/6 24/27/6 23/26/6
f 24/27/7 26/29/7 25/28/7
f 26/29/8 28/31/8 27/30/8
f 28/31/9 30/33/9 29/32/9
f 30/33/10 32/7496/10 31/34/10
f 32/35/11 34/38/11 33/36/11
f 34/38/12 36/40/12 35/39/12
f 36/40/13 16/16/13 13/18/13
f 8/41/1 28/48/1 26/14/1
f 12/10/1 1/49/1 16/43/1
f 6/13/1 24/15/1 22/45/1
f 11/12/1 34/11/1 32/5/1
f 3/47/1 4/9/1 20/8/1
f 8/41/1 9/4/1 30/6/1
f 2/1/1 15/3/1 16/43/1
f 1/50/8 37/64/8 38/51/8
f 6/53/13 42/66/13 43/54/13
f 11/56/6 47/73/6 48/57/6
f 9/59/3 8/71/3 44/60/3
f 2/52/9 38/51/9 39/62/9
f 12/58/7 48/57/7 37/64/7
f 5/65/12 41/74/12 42/66/12
f 9/59/4 45/61/4 46/67/4
f 3/63/10 39/62/10 40/69/10
f 7/55/2 43/54/2 44/60/2
f 10/72/5 46/7497/5 47/73/5
f 4/70/11 40/69/11 41/74/11
s 1
f 49/75/14 50/7498/14 60/76/14
f 49/78/15 52/84/20 55/79/16
f 54/81/18 52/87/20 49/82/15
f 52/84/20 53/316/149 56/85/21
f 178/86/22 53/311/149 52/87/20
f 55/88/16 56/318/21 59/89/23
f 57/90/24 60/7499/3937 50/91/17
f 57/92/25 59/322/153 123/93/26
f 58/94/27 61/196/83 60/95/28
f 60/76/14 61/7500/14 63/96/14
f 51/77/14 60/76/14 62/97/14
f 62/99/29 63/199/84 68/100/30
f 74/102/14 65/98/14 62/97/14
f 66/104/32 69/107/35 64/105/33
f 69/107/35 66/104/32 67/108/36
f 85/110/38 67/139/53 66/101/31
f 70/111/37 73/123/43 71/112/39
f 69/113/35 71/112/39 74/114/40
f 71/116/39 73/120/43 75/117/41
f 72/118/42 65/7501/3938 74/119/40
f 73/120/43 76/7502/3939 77/121/44
f 79/122/45 76/7503/3939 73/123/43
f 77/124/44 76/7504/3939 78/125/46
f 78/127/46 76/7505/3939 79/128/45
f 81/130/49 82/283/126 80/131/48
f 70/109/37 67/108/36 81/133/49
f 82/135/50 81/7506/3940 83/136/51
f 83/138/51 81/7507/3940 67/139/53
f 84/137/52 83/136/51 86/140/54
f 86/142/54 83/138/51 85/110/38
f 87/141/55 86/140/54 89/144/57
f 89/146/57 86/142/54 88/143/56
f 90/145/58 89/144/57 92/148/60
f 92/150/60 89/146/57 91/147/59
f 96/152/63 93/259/63 92/153/63
f 92/155/63 94/166/63 98/156/63
f 96/158/64 95/7508/3941 97/159/65
f 97/161/65 95/7509/3941 98/162/67
f 99/163/68 98/162/67 100/164/69
f 94/166/63 102/169/63 100/167/63
f 103/168/71 104/7510/71 101/165/70
f 102/169/63 105/7511/63 103/170/63
f 103/171/14 105/175/14 107/172/14
f 110/174/14 108/180/14 105/175/14
f 106/177/72 105/7512/3942 102/178/73
f 108/180/14 111/182/14 107/172/14
f 108/180/14 109/7513/14 142/181/14
f 112/183/63 114/191/63 109/184/63
f 112/186/75 108/7514/3943 110/187/76
f 115/188/77 116/193/80 113/189/78
f 113/190/63 134/216/63 114/191/63
f 117/192/79 118/195/82 116/193/80
f 115/188/77 110/187/76 119/194/81
f 58/94/27 123/93/26 118/195/82
f 117/192/79 119/194/81 61/196/83
f 119/197/14 110/174/14 106/176/14
f 63/96/14 61/7500/14 119/197/14
f 63/199/84 120/201/86 121/200/85
f 120/201/86 106/177/72 122/179/74
f 91/147/59 88/143/56 121/200/85
f 88/143/56 85/110/38 68/100/30
f 94/151/62 91/147/59 122/179/74
f 123/93/26 125/323/154 124/202/87
f 118/195/82 124/202/87 127/203/88
f 124/204/87 125/324/154 157/205/89
f 127/207/88 124/204/87 126/206/90
f 116/193/80 127/203/88 129/209/92
f 129/210/92 127/207/88 128/208/91
f 132/212/63 131/7515/63 129/213/63
f 129/215/63 131/7516/63 134/216/63
f 132/217/94 140/250/104 133/218/95
f 133/220/95 135/223/98 134/221/97
f 135/223/98 136/247/102 114/224/99
f 139/232/100 137/230/100 138/229/100
f 136/228/100 137/226/100 141/234/100
f 141/237/100 143/244/100 107/240/100
f 101/241/100 104/7517/100 143/242/100
f 109/246/101 114/224/99 136/247/102
f 148/249/103 138/257/107 140/250/104
f 146/255/105 96/158/64 145/160/66
f 146/255/105 144/256/106 138/257/107
f 146/258/63 147/260/63 93/259/63
f 147/260/63 146/258/63 148/261/63
f 148/261/63 132/212/63 130/214/63
f 130/211/93 128/208/91 150/263/108
f 152/265/110 147/268/113 149/264/109
f 128/208/91 126/206/90 151/266/111
f 153/267/112 152/265/110 150/263/108
f 152/265/110 90/145/58 93/149/61
f 153/267/112 87/141/55 90/145/58
f 154/269/114 84/137/52 87/141/55
f 154/269/114 153/267/112 151/266/111
f 155/271/116 82/135/50 84/137/52
f 155/271/116 154/269/114 156/270/115
f 126/206/90 157/205/89 156/270/115
f 157/205/89 159/325/155 158/272/117
f 159/273/118 161/321/123 160/274/119
f 158/275/120 160/274/119 163/276/121
f 161/278/123 180/315/150 162/279/124
f 160/280/119 162/279/124 164/281/125
f 82/283/126 155/277/122 163/276/121
f 164/281/125 78/127/46 80/129/48
f 166/126/47 78/125/46 164/284/125
f 165/285/127 164/284/125 162/286/124
f 167/288/129 196/353/178 166/289/130
f 168/291/132 170/294/135 167/288/129
f 162/286/124 180/312/150 169/292/133
f 169/293/134 172/303/144 170/294/135
f 167/295/136 170/7518/3944 171/296/137
f 171/296/137 170/7518/3944 172/298/139
f 173/299/140 172/298/139 174/300/141
f 177/302/143 174/7519/3945 172/303/144
f 174/304/141 176/328/158 183/305/145
f 176/307/146 174/7520/3945 177/308/143
f 177/310/148 179/7521/3946 53/311/149
f 180/312/150 179/7522/3946 177/313/148
f 181/314/151 179/7523/3946 180/315/150
f 53/316/149 179/7524/3946 181/317/151
f 56/318/21 181/7525/151 182/319/152
f 182/320/152 181/7526/151 161/321/123
f 59/322/153 182/7527/3947 125/323/154
f 125/324/154 182/7528/3947 159/325/155
f 184/326/156 176/307/146 178/309/147
f 176/328/158 184/331/161 185/329/159
f 187/330/160 185/329/159 184/331/161
f 54/327/157 51/7529/163 186/333/163
f 187/334/14 186/7530/14 188/335/14
f 188/335/14 186/7530/14 51/77/14
f 189/337/164 188/7531/3948 190/338/165
f 188/340/167 65/7532/167 72/341/168
f 191/339/166 190/338/165 192/343/170
f 75/345/172 192/349/176 190/342/169
f 193/344/171 192/343/170 194/346/173
f 77/348/175 194/7533/3949 192/349/176
f 194/350/173 196/355/179 197/351/177
f 196/353/178 194/7534/3949 77/354/175
f 196/355/179 167/295/136 199/297/138
f 195/352/174 197/351/177 198/356/180
f 197/351/177 199/297/138 200/358/182
f 171/296/137 201/390/189 200/358/182
f 201/362/63 204/380/63 202/361/63
f 206/367/183 193/344/171 195/347/174
f 207/370/184 191/339/166 193/344/171
f 191/339/166 207/370/184 208/371/71
f 207/369/63 203/363/63 210/372/63
f 209/374/14 187/334/14 189/336/14
f 211/376/63 209/378/63 208/373/63
f 211/376/63 212/379/63 215/377/63
f 215/383/185 213/388/188 183/305/145
f 209/384/101 215/383/185 185/329/159
f 216/386/186 173/299/140 175/301/142
f 175/306/142 183/305/145 213/388/188
f 201/390/189 171/296/137 173/299/140
f 217/391/1 218/602/1 344/392/1
f 217/394/71 219/7535/71 396/395/71
f 223/397/100 219/7536/100 217/398/100
f 217/391/1 220/393/1 224/400/1
f 226/402/1 222/410/1 221/401/1
f 237/403/101 223/7537/101 221/404/101
f 226/406/190 224/7538/190 225/407/190
f 228/409/1 229/411/1 222/410/1
f 231/412/1 228/409/1 230/413/1
f 234/415/191 233/418/192 231/416/192
f 233/418/192 236/425/194 229/419/194
f 247/420/1 235/423/1 233/421/1
f 235/423/1 238/7539/1 236/424/1
f 236/425/195 237/7540/195 222/426/195
f 236/424/1 238/7539/1 239/427/1
f 242/429/196 239/7541/196 238/430/196
f 238/430/197 235/438/198 243/432/198
f 241/433/14 388/683/14 242/434/14
f 244/437/199 243/432/198 235/438/198
f 243/436/14 244/443/14 246/440/14
f 248/441/200 245/7542/3950 244/437/199
f 289/442/14 246/440/14 244/443/14
f 248/445/1 247/420/1 234/422/1
f 286/447/201 245/7542/3950 248/441/200
f 249/449/1 248/445/1 250/446/1
f 252/451/12 250/7543/12 234/415/191
f 251/452/202 250/7543/12 252/451/12
f 232/414/1 230/413/1 253/454/1
f 252/455/1 253/454/1 256/456/1
f 284/458/203 251/452/202 254/453/202
f 254/457/1 256/456/1 257/460/1
f 255/461/1 257/460/1 258/462/1
f 259/463/1 258/462/1 260/464/1
f 263/466/1 261/465/1 260/464/1
f 266/468/1 263/466/1 262/467/1
f 267/470/1 266/468/1 264/469/1
f 267/472/204 269/595/204 268/473/205
f 266/474/205 268/473/205 270/475/206
f 269/477/1 273/591/1 271/478/1
f 268/479/1 271/478/1 274/480/1
f 271/482/207 272/486/207 275/483/208
f 273/485/210 330/581/210 272/486/207
f 274/484/209 275/483/208 278/487/100
f 270/481/1 274/480/1 276/489/1
f 276/489/1 279/496/1 281/491/1
f 279/492/211 276/488/100 278/487/100
f 282/494/213 279/492/211 280/493/212
f 279/496/1 282/498/1 284/497/1
f 283/495/214 286/447/201 249/448/201
f 282/498/1 249/449/1 251/450/1
f 281/499/215 284/458/203 255/459/203
f 285/501/14 283/505/14 280/502/14
f 287/504/14 286/506/14 283/505/14
f 287/504/14 289/442/14 245/444/14
f 288/507/216 287/510/216 285/508/217
f 287/510/216 288/507/216 290/511/218
f 290/511/218 291/7544/3951 246/513/219
f 290/514/1 292/518/1 293/515/1
f 288/517/1 294/538/1 292/518/1
f 293/519/199 292/7545/200 295/520/200
f 295/520/200 292/7545/200 294/522/201
f 296/524/14 428/778/14 297/525/14
f 299/527/14 296/524/14 295/526/14
f 299/527/14 298/528/14 300/529/14
f 298/523/201 294/522/201 303/531/214
f 300/532/214 303/531/214 304/533/212
f 302/530/14 300/529/14 301/535/14
f 288/517/1 305/539/1 303/537/1
f 305/539/1 306/545/1 304/540/1
f 307/541/221 306/543/221 305/509/217
f 310/542/100 308/7546/100 306/543/221
f 308/544/1 311/7547/1 304/540/1
f 312/546/1 311/7547/1 308/544/1
f 309/548/222 308/7546/100 310/542/100
f 314/550/209 313/553/100 311/551/100
f 301/534/211 304/533/212 311/551/100
f 315/554/14 313/557/14 314/555/14
f 315/554/14 317/536/14 301/535/14
f 314/555/14 320/559/14 318/558/14
f 320/559/14 321/7548/14 319/560/14
f 321/561/210 320/564/224 322/562/207
f 320/564/224 314/550/209 312/552/223
f 326/565/1 323/7549/1 322/566/1
f 324/567/1 322/566/1 312/546/1
f 324/568/225 309/548/222 642/549/222
f 325/569/225 328/572/228 326/570/226
f 327/571/227 326/570/226 328/572/228
f 409/574/1 323/7549/1 326/565/1
f 328/576/14 330/7550/14 331/577/14
f 272/579/14 330/7550/14 328/576/14
f 330/581/210 273/485/210 333/582/229
f 332/584/230 331/583/229 333/582/229
f 329/578/14 331/577/14 332/586/14
f 336/588/1 334/756/1 333/589/1
f 335/590/1 333/589/1 273/591/1
f 337/592/9 338/759/267 336/593/231
f 267/472/204 337/592/9 335/594/9
f 338/596/1 337/599/1 339/597/1
f 337/599/1 267/470/1 265/471/1
f 343/600/1 338/596/1 340/598/1
f 218/602/1 342/603/1 341/601/1
f 349/604/232 220/7551/232 344/605/232
f 354/613/71 349/625/71 345/609/71
f 553/614/71 351/612/71 345/609/71
f 352/616/233 353/1005/233 355/617/233
f 353/619/234 352/7552/234 346/620/235
f 355/622/237 357/629/241 356/623/238
f 359/628/240 358/632/240 356/623/238
f 359/628/240 361/635/244 360/631/242
f 363/634/243 362/7553/243 360/631/242
f 364/636/245 362/7554/246 363/637/246
f 349/625/71 362/633/71 364/639/71
f 365/641/247 581/1022/578 366/642/248
f 367/640/71 370/647/71 545/648/71
f 371/649/14 367/652/14 350/650/14
f 367/652/14 371/649/14 379/653/14
f 372/656/101 376/822/101 458/661/101
f 379/653/14 380/779/14 376/662/14
f 225/663/101 372/656/101 378/660/101
f 379/665/250 381/7555/250 382/666/250
f 381/668/63 379/7556/63 371/669/63
f 384/671/1 385/7557/1 382/672/1
f 384/671/1 381/673/1 383/674/1
f 388/676/71 385/7558/71 384/677/71
f 387/679/63 384/7559/63 386/680/63
f 387/682/14 390/685/14 242/434/14
f 389/684/14 391/7560/14 390/685/14
f 390/686/250 392/7561/250 239/687/250
f 390/689/63 391/7562/63 393/690/63
f 239/692/1 392/7563/1 223/693/1
f 392/695/1 393/7564/1 219/696/1
f 219/698/1 393/7565/1 394/699/1
f 394/701/251 393/7566/251 391/702/251
f 421/704/1 396/7567/1 394/705/1
f 398/707/252 395/753/252 394/708/252
f 397/710/14 391/7560/14 389/684/14
f 400/712/14 398/751/14 397/710/14
f 399/713/101 389/7568/101 386/714/101
f 400/716/253 399/7569/2079 401/717/254
f 386/675/1 383/674/1 402/719/1
f 402/719/1 405/727/1 403/721/1
f 403/722/256 404/749/263 417/723/257
f 406/725/1 408/735/1 404/726/1
f 407/728/258 410/733/261 408/729/259
f 415/731/260 407/728/258 406/730/258
f 410/733/261 411/748/229 409/734/229
f 408/735/1 409/574/1 327/575/1
f 414/736/14 411/741/14 410/737/14
f 412/738/14 410/737/14 407/739/14
f 319/560/14 321/7548/14 411/741/14
f 371/743/251 416/7570/251 402/744/251
f 416/746/262 415/731/262 405/732/262
f 411/748/229 321/561/210 323/563/210
f 327/571/227 329/573/227 417/723/257
f 418/750/14 400/712/14 417/587/14
f 418/752/264 419/754/264 395/753/265
f 419/754/264 418/752/264 332/584/230
f 420/755/1 419/757/1 334/756/1
f 421/704/1 395/706/1 419/757/1
f 343/758/266 420/761/266 336/593/231
f 342/760/268 421/763/268 420/761/266
f 342/760/269 218/7571/269 396/762/269
f 385/764/270 388/7572/2079 241/765/271
f 382/672/1 385/7557/1 422/767/1
f 246/513/219 291/7544/3951 422/769/273
f 424/771/1 422/767/1 291/516/1
f 425/772/274 424/774/274 293/519/199
f 426/773/275 423/781/275 424/774/274
f 428/778/14 427/777/14 425/776/14
f 380/780/276 382/7573/276 423/781/276
f 378/782/277 429/852/277 431/783/278
f 429/785/279 378/7574/3952 375/786/280
f 432/788/282 430/7575/283 431/789/283
f 435/793/285 434/7576/285 432/788/282
f 436/795/286 434/7576/285 435/793/285
f 439/798/288 438/7577/3953 436/795/286
f 439/799/289 441/866/289 440/800/289
f 227/802/101 225/663/101 438/797/101
f 442/804/290 440/7578/291 441/805/291
f 445/809/293 444/7579/293 442/804/290
f 446/811/294 444/7579/293 445/809/293
f 449/814/296 448/7580/296 446/811/294
f 448/815/297 449/880/297 451/816/298
f 450/818/101 376/822/101 227/802/101
f 452/819/299 450/7581/3954 451/820/300
f 455/825/302 454/7582/302 452/819/299
f 456/827/303 454/7582/302 455/825/302
f 459/829/305 458/7583/3955 456/827/303
f 377/830/306 458/7584/306 459/831/306
f 461/832/307 459/831/307 460/833/308
f 460/835/310 459/829/3956 457/828/311
f 463/837/313 461/841/3957 462/838/314
f 374/840/316 377/7585/3958 461/841/317
f 466/842/319 465/843/3959 463/837/313
f 465/843/320 373/7586/3960 374/840/316
f 467/787/321 465/843/3959 466/842/319
f 375/786/280 373/7586/3960 465/843/320
f 470/845/323 429/785/3961 467/787/321
f 468/844/322 466/842/319 507/846/324
f 471/848/326 470/845/323 468/844/322
f 470/849/327 471/951/3962 473/850/328
f 470/849/327 472/851/329 431/783/330
f 474/853/331 472/856/335 473/854/332
f 433/790/334 431/789/3963 472/856/335
f 477/857/336 476/858/337 474/853/331
f 476/858/337 435/793/3964 433/790/334
f 478/859/338 476/858/337 477/857/336
f 437/796/340 435/793/3964 476/858/337
f 481/861/341 480/862/342 478/859/338
f 480/862/342 439/798/3965 437/796/340
f 481/863/343 483/927/343 482/864/344
f 480/865/345 482/864/344 441/866/346
f 484/867/347 482/870/351 483/868/348
f 443/806/350 441/805/3966 482/870/351
f 487/871/352 486/872/353 484/867/347
f 486/872/353 445/809/3967 443/806/350
f 488/873/354 486/872/353 487/871/352
f 447/812/356 445/809/3967 486/872/353
f 491/875/357 490/876/358 488/873/354
f 490/876/358 449/814/3968 447/812/356
f 491/877/359 493/937/359 492/878/360
f 449/880/362 490/879/361 492/878/360
f 494/881/363 492/884/367 493/882/364
f 453/821/366 451/820/3969 492/884/367
f 497/885/368 496/886/369 494/881/363
f 496/886/369 455/825/3970 453/821/366
f 498/836/312 496/886/369 497/885/368
f 457/828/311 455/825/3970 496/886/369
f 501/888/371 460/835/310 498/836/312
f 499/887/372 497/885/3971 535/889/373
f 502/891/375 501/888/3972 499/887/372
f 503/892/376 501/895/3973 502/893/377
f 462/834/309 460/833/308 501/895/379
f 505/896/380 503/899/3974 504/897/381
f 464/839/315 462/838/314 503/899/383
f 508/900/385 507/846/3975 505/896/380
f 507/846/324 466/842/319 464/839/315
f 469/847/386 507/846/3975 508/900/385
f 508/900/385 510/903/389 511/902/388
f 506/898/382 512/962/435 510/903/389
f 510/904/101 514/910/101 516/905/101
f 512/907/101 541/959/101 513/908/101
f 518/909/101 514/910/101 510/904/101
f 514/910/101 518/909/101 520/911/101
f 517/913/390 514/917/394 515/914/391
f 536/916/393 516/949/427 514/917/394
f 513/908/101 534/944/101 519/918/101
f 521/919/395 518/923/399 519/920/396
f 523/922/398 520/925/403 518/923/399
f 489/874/400 487/871/3976 521/919/395
f 521/919/395 487/871/3976 485/869/401
f 485/869/401 483/868/3977 524/924/402
f 524/924/402 526/7587/3978 520/925/403
f 525/926/404 524/929/406 483/927/405
f 527/928/14 526/7588/14 524/929/406
f 515/912/101 520/911/101 526/930/101
f 528/915/392 515/914/391 527/932/407
f 525/933/408 481/861/3979 479/860/409
f 479/860/409 477/857/3980 517/913/390
f 529/934/410 491/875/3981 489/874/400
f 522/921/397 519/920/396 530/935/411
f 491/877/412 529/938/415 531/936/413
f 529/938/415 530/7589/422 533/939/416
f 495/883/417 493/882/3982 531/940/418
f 534/942/420 532/941/419 531/940/418
f 534/944/101 533/7590/416 530/945/422
f 513/946/423 535/889/373 532/941/419
f 535/889/373 497/885/3971 495/883/417
f 541/947/424 500/890/374 535/889/373
f 517/913/390 477/857/3980 475/855/425
f 475/855/425 473/854/3983 537/948/426
f 537/948/426 538/7591/3984 516/949/427
f 539/950/428 537/953/431 473/850/429
f 540/952/63 538/7592/63 537/953/431
f 539/954/432 471/848/3985 469/847/386
f 509/901/387 511/902/388 540/955/433
f 511/906/101 516/905/101 538/956/101
f 543/958/101 542/7593/101 541/959/101
f 542/960/434 502/891/375 500/890/374
f 542/961/1 543/7594/1 504/894/378
f 504/897/381 543/7595/3986 512/962/435
f 546/963/436 545/7596/436 370/964/436
f 544/966/437 370/7597/3987 369/967/438
f 546/969/440 548/975/444 547/970/441
f 550/974/443 549/978/443 547/970/441
f 550/974/443 552/980/447 551/977/445
f 554/979/446 553/7598/3988 551/977/445
f 351/981/448 553/7599/449 554/982/449
f 556/983/450 554/982/450 555/984/451
f 555/986/453 554/979/3989 552/980/454
f 557/988/456 559/994/462 558/989/457
f 556/990/459 558/989/464 347/991/460
f 561/993/461 560/995/466 558/989/457
f 560/995/463 348/996/463 347/991/460
f 561/993/461 563/998/468 562/621/465
f 560/995/463 562/621/236 346/620/235
f 565/997/467 353/619/3990 562/621/465
f 566/999/469 565/997/467 563/998/468
f 605/1001/471 564/1000/470 563/998/468
f 565/1002/472 566/1102/473 568/1003/473
f 353/1005/475 565/1002/472 567/1004/474
f 568/1006/477 570/1010/483 569/1007/478
f 567/1008/479 569/1007/478 357/629/480
f 572/1009/482 571/1011/484 569/1007/478
f 571/1011/484 359/628/487 357/629/480
f 572/1009/482 574/1014/489 573/1012/485
f 571/1011/484 573/1012/485 361/635/486
f 576/1013/488 575/1015/490 573/1012/485
f 575/1015/490 363/634/3991 361/635/486
f 577/1016/491 575/7600/3992 576/1017/492
f 363/637/494 575/7600/3992 577/1016/491
f 578/1019/495 580/1024/501 579/1020/496
f 577/1021/497 579/1020/496 581/1022/498
f 583/1023/500 582/1025/502 579/1020/496
f 582/1025/502 584/1027/505 581/1022/498
f 583/1023/500 586/1029/507 585/1026/503
f 582/1025/502 585/1026/503 587/968/504
f 589/1028/506 588/1030/508 585/1026/503
f 588/1030/508 544/966/3993 587/968/504
f 591/1031/509 590/1034/511 588/1032/510
f 590/1034/511 546/963/512 544/965/512
f 591/1035/513 593/1039/519 592/1036/514
f 590/1037/515 592/1036/514 548/975/516
f 595/1038/518 594/1040/520 592/1036/514
f 594/1040/520 550/974/521 548/975/516
f 595/1038/518 597/1042/523 596/987/455
f 594/1040/520 596/987/455 552/980/454
f 599/1041/522 555/986/453 596/987/455
f 600/1043/524 599/1041/3994 597/1042/525
f 628/1045/527 598/1044/526 597/1042/525
f 601/1046/529 599/7601/3995 600/1047/530
f 555/984/451 599/7601/3996 601/1046/532
f 602/1049/533 604/1053/538 603/1050/534
f 601/1051/536 603/1050/539 559/994/462
f 606/1052/537 605/1001/541 603/1050/534
f 605/1001/471 561/993/461 559/994/462
f 606/1052/537 607/1056/542 564/1000/540
f 609/1054/396 608/1055/399 606/1052/537
f 608/1055/399 610/1108/403 607/1056/542
f 611/1057/71 608/1063/71 609/1058/71
f 610/1060/71 608/1063/71 612/1061/71
f 608/1063/71 611/1057/71 616/1064/71
f 613/1065/391 612/1070/394 615/1066/543
f 614/1068/71 612/1061/71 616/1064/71
f 612/1070/394 614/1097/427 632/1071/545
f 617/1072/388 616/1076/389 619/1073/546
f 611/1057/71 626/1083/71 618/1075/71
f 616/1076/389 618/1079/435 621/1077/548
f 619/1073/546 583/1023/551 580/1024/549
f 619/1073/546 621/1077/548 586/1029/550
f 622/1078/552 589/1028/3997 586/1029/550
f 618/1079/435 624/7602/3986 622/1078/552
f 623/1080/553 591/1031/554 589/1033/554
f 622/1081/555 624/7603/1 625/1082/1
f 626/1083/71 625/7604/71 624/1084/71
f 627/1085/556 623/1089/557 625/1086/434
f 628/1045/527 627/1085/556 626/1087/424
f 623/1089/557 627/1085/556 593/1039/558
f 628/1045/527 595/1038/528 593/1039/558
f 598/1044/526 628/1045/527 611/1088/423
f 629/1091/560 620/1074/547 580/1024/549
f 630/1092/433 617/1072/388 620/1074/547
f 576/1017/562 631/1094/565 629/1093/563
f 631/1094/565 633/7605/63 630/1095/63
f 631/1096/566 576/1013/3998 574/1014/567
f 614/1097/427 633/7606/3984 631/1096/566
f 633/1098/71 614/1068/71 617/1069/71
f 615/1066/543 632/1071/545 574/1014/567
f 615/1066/543 572/1009/568 570/1010/569
f 635/1100/570 634/1067/544 570/1010/569
f 637/1101/407 613/1065/391 634/1067/544
f 566/1102/572 636/1104/574 635/1103/573
f 636/1104/574 638/7607/14 637/1105/14
f 638/1106/71 610/1060/71 613/1062/71
f 610/1108/403 638/7608/3978 636/1109/575
f 636/1109/575 566/999/3999 564/1000/540
f 600/1043/524 598/1044/526 639/1090/420
f 639/1059/71 609/1058/71 641/1111/71
f 600/1047/530 640/7609/2079 641/1113/271
f 641/1114/411 609/1054/396 604/1053/538
f 584/1027/576 587/968/439 369/967/438
f 584/1027/576 368/1115/577 366/642/248
f 275/1116/14 272/579/14 325/580/14
f 310/1118/14 278/1119/14 275/1116/14
f 310/1118/14 307/503/14 280/502/14
f 277/1120/63 281/499/215 259/500/215
f 263/476/206 270/475/206 277/1120/63
f 707/1125/579 645/1210/646 643/1126/71
f 646/1124/100 643/1123/100 650/1128/100
f 643/1134/14 648/7610/14 655/1135/14
f 650/1138/101 652/1205/638 703/1139/580
f 688/1148/581 661/1187/4000 659/1149/582
f 662/1151/584 659/7611/4001 661/1152/585
f 669/1162/63 670/7612/63 674/1163/63
f 671/1165/587 669/7613/587 672/1166/587
f 676/1168/588 675/1167/4002 672/1166/589
f 672/1164/63 674/1163/63 744/1170/63
f 678/1172/591 677/1176/597 675/1173/592
f 680/1175/594 671/7614/595 675/1173/595
f 677/1176/597 678/1172/591 740/1177/598
f 677/1176/596 679/1178/601 681/1179/600
f 679/1178/601 684/1182/604 682/1180/602
f 683/1181/603 682/1180/602 684/1182/604
f 679/1178/599 740/1177/598 685/1184/606
f 687/1185/608 686/1183/610 684/1182/607
f 689/1186/609 688/1148/4003 686/1183/610
f 686/1183/605 688/1148/581 660/1150/583
f 661/1187/611 688/1148/4003 689/1186/609
f 687/1185/613 693/1247/613 691/1189/614
f 689/1186/614 691/1189/614 694/1190/615
f 691/1189/616 692/1193/620 695/1191/617
f 691/1189/616 693/1247/673 738/1192/619
f 698/1194/621 696/1198/627 694/1195/622
f 690/1197/623 694/1195/623 696/1198/624
f 699/1199/625 696/1198/624 697/1200/626
f 696/1198/627 698/1194/621 708/1202/628
f 699/1199/630 700/1201/635 702/1203/631
f 690/1197/633 699/1199/630 701/1153/632
f 701/1153/586 702/1203/637 704/1204/634
f 700/1201/635 705/1208/4004 703/1139/636
f 702/1203/637 703/1139/580 652/1205/638
f 703/1139/636 705/1208/4004 653/1206/639
f 700/1201/626 697/1200/626 706/1207/640
f 705/1208/641 706/1207/640 646/1209/1
f 697/1200/629 708/1202/628 707/1125/642
f 707/1125/642 644/1127/644 646/1209/644
f 708/1202/645 709/1211/648 645/1210/646
f 698/1194/647 710/1212/650 709/1211/648
f 695/1196/649 711/7615/4005 710/1212/650
f 692/1193/651 712/1248/675 711/1213/652
f 721/1225/63 724/1234/63 726/1226/63
f 723/1228/654 727/1232/654 724/1229/654
f 728/1231/655 725/1249/4006 724/1229/656
f 742/1233/63 726/1226/63 724/1234/63
f 730/1236/658 728/7616/4007 727/1237/659
f 727/1237/661 723/7617/661 732/1239/662
f 729/1238/660 731/1242/671 739/1240/664
f 729/1238/663 732/1239/662 733/1241/665
f 731/1242/666 733/1241/665 734/1243/667
f 736/1244/668 734/1243/667 735/1245/669
f 731/1242/671 736/1244/674 737/1246/672
f 693/1247/673 737/1246/672 736/1244/674
f 738/1192/670 735/1245/669 712/1248/675
f 740/1177/676 739/1240/676 737/1246/677
f 685/1184/678 737/1246/677 693/1247/613
f 678/1172/679 730/1236/681 739/1240/676
f 676/1174/680 728/7616/680 730/1236/681
f 676/1168/682 673/1169/682 725/1249/682
f 741/1250/683 726/1254/4008 742/1251/684
f 741/1250/71 831/7618/71 722/1253/71
f 745/1255/1 743/1252/1 742/1251/1
f 673/1171/63 744/1170/63 742/1233/63
f 746/1257/686 745/1255/4009 744/1256/687
f 746/1259/100 748/7619/100 747/1260/100
f 747/1262/100 750/7620/100 743/1263/100
f 748/1265/689 851/1417/4010 749/1266/690
f 749/1266/692 752/1272/693 750/1268/693
f 750/1269/100 751/7621/100 741/1270/100
f 752/1272/694 753/1389/4011 751/1273/695
f 753/1274/63 752/1278/63 754/1275/63
f 757/1277/63 754/1275/63 752/1278/63
f 755/1280/697 754/1284/4012 756/1281/698
f 759/1283/700 756/1281/700 754/1284/701
f 757/1277/63 749/1279/63 851/1286/63
f 759/1283/702 757/1285/4013 758/1288/703
f 761/1290/705 759/1283/702 760/1289/704
f 761/1290/707 764/1294/707 756/1281/700
f 763/1292/708 761/1290/705 762/1291/706
f 763/1292/710 766/1296/710 764/1294/707
f 835/1282/699 756/1281/698 764/1294/711
f 765/1295/712 764/1294/711 766/1296/713
f 766/1296/713 768/1301/718 769/1298/715
f 771/1299/716 768/1301/716 766/1296/710
f 823/1300/717 769/1298/715 768/1301/718
f 773/1303/1 770/1302/1 768/1301/716
f 763/1292/708 845/1293/709 772/1304/720
f 774/1305/722 773/1303/4014 771/1299/721
f 774/1306/723 776/1311/728 775/1307/724
f 773/1308/726 775/1307/731 778/1309/727
f 776/1311/728 841/1322/744 777/1312/729
f 777/1312/730 780/1314/739 778/1309/727
f 778/1309/732 779/1315/736 823/1313/733
f 780/1314/735 781/1317/738 779/1315/736
f 782/1316/737 783/1319/741 781/1317/738
f 777/1312/730 785/1321/743 782/1316/1
f 782/1316/737 784/1326/754 827/1318/740
f 787/1320/742 784/1326/742 782/1316/1
f 841/1322/744 786/1398/4015 785/1321/745
f 785/1321/745 786/1398/4015 788/1323/746
f 787/1320/747 788/1323/746 790/1324/748
f 789/1325/750 792/1329/750 784/1326/742
f 789/1325/749 790/1324/748 801/1327/751
f 791/1328/753 794/7622/753 792/1329/750
f 784/1326/754 792/1329/756 793/1330/755
f 792/1329/756 794/7622/4016 795/1331/757
f 797/1332/63 795/1418/63 794/1333/63
f 798/1335/63 796/1334/63 794/1333/63
f 799/1337/63 798/1335/63 791/1336/63
f 800/1339/63 799/1337/63 801/1338/63
f 801/1327/758 790/1324/759 803/1341/759
f 800/1339/63 802/1340/63 804/1346/63
f 812/1348/14 804/7623/14 802/1349/14
f 819/1364/760 818/1365/14 821/1366/761
f 769/1298/763 823/1300/71 820/1367/71
f 823/1313/765 779/1315/766 822/1369/766
f 824/1371/767 822/1369/766 779/1315/766
f 825/1372/71 824/1371/767 781/1317/768
f 827/1318/769 826/1373/771 825/1372/71
f 793/1330/770 813/1391/770 826/1373/771
f 769/1298/763 821/1368/764 828/1375/772
f 818/1365/14 831/1379/14 829/1376/14
f 767/1297/773 828/1375/772 829/1377/774
f 765/1295/775 829/1377/774 830/1380/776
f 722/1224/14 831/1379/14 818/1365/14
f 741/1381/100 751/7624/100 832/1382/100
f 833/1384/14 831/1379/14 832/1385/14
f 835/1282/777 830/1380/776 833/1387/778
f 755/1276/63 833/7625/63 834/1388/63
f 753/1389/780 834/7626/780 832/1390/780
f 795/1331/781 804/7627/781 813/1391/770
f 837/1392/14 810/1356/14 811/1355/14
f 772/1304/782 837/7628/4017 836/1393/101
f 838/1394/783 776/1311/785 774/1306/784
f 776/1311/785 838/1394/783 839/1396/786
f 841/1322/787 839/1396/786 840/1397/101
f 788/1323/788 786/1398/101 840/1397/101
f 790/1324/759 788/1323/788 842/1399/789
f 843/1401/790 837/7628/4017 772/1304/782
f 844/1402/14 847/1405/14 810/1356/14
f 845/1293/791 762/1291/793 844/1403/792
f 762/1291/793 760/1289/795 846/1406/794
f 670/1161/14 655/1144/14 810/1356/14
f 670/1407/101 847/7629/101 746/1257/101
f 848/1408/100 748/7630/100 746/1409/100
f 849/1411/14 850/7631/14 848/1412/14
f 760/1289/795 758/1288/4018 849/1413/796
f 758/1287/63 851/1286/63 850/1414/63
f 848/1416/797 850/7632/797 851/1417/797
f 852/1347/63 804/1346/63 795/1418/63
f 854/1419/798 858/7633/4019 857/1420/799
f 853/1421/799 856/1425/803 889/1422/800
f 853/1421/799 857/1420/799 859/1423/801
f 855/1424/802 886/7634/4020 856/1425/803
f 861/1426/804 860/1430/808 857/1427/805
f 859/1429/807 857/1427/805 860/1430/808
f 902/1432/810 862/1433/811 860/1430/808
f 863/1431/809 860/1430/808 862/1433/811
f 864/1434/812 862/1433/811 867/1440/814
f 869/1443/816 866/7635/4021 865/1441/815
f 868/1444/817 867/1440/814 862/1433/811
f 867/1440/814 868/1444/817 870/1445/818
f 869/1446/819 870/7636/4022 872/1447/820
f 871/1448/821 874/1452/4023 866/1449/822
f 897/1450/823 873/1451/826 871/1448/824
f 873/1451/826 875/7637/4024 874/1452/827
f 878/1456/828 876/1460/832 875/1457/829
f 880/1459/831 877/1466/837 876/1460/832
f 873/1458/830 897/7638/4025 879/1462/833
f 878/1456/828 879/1462/833 881/1463/834
f 880/1459/831 881/1463/834 883/1464/835
f 877/1466/837 880/1459/831 882/1465/836
f 884/1468/813 885/7639/813 886/1469/813
f 886/1470/838 885/7640/14 887/1471/839
f 888/1473/841 889/1475/841 856/1472/841
f 888/1473/842 890/7641/71 891/1474/843
f 891/1476/845 890/7642/845 892/1477/845
f 883/1464/835 881/1463/834 894/1480/846
f 881/1463/834 879/1462/833 895/1482/847
f 879/1462/833 897/7638/4025 896/1484/848
f 897/1450/823 872/1447/825 898/1486/849
f 872/1447/820 870/7636/4022 899/1489/851
f 870/1445/818 868/1444/817 900/1491/853
f 868/1444/817 902/1432/810 901/1494/855
f 902/1432/810 861/1426/804 903/1496/856
f 904/1498/857 903/1496/856 861/1426/804
f 904/1500/858 858/7633/4019 854/1419/798
f 889/1422/800 891/7643/4026 893/1501/859
f 905/1502/14 910/1515/14 934/1503/14
f 906/1505/100 933/7644/100 908/1506/100
f 905/1507/100 907/1510/100 922/1508/100
f 907/1510/100 905/1507/100 908/1506/100
f 920/1522/860 917/1535/866 918/1523/861
f 919/1524/861 918/1523/861 916/1525/862
f 921/1526/863 916/1525/862 909/1531/71
f 917/1535/866 920/1522/860 923/1536/867
f 914/1537/868 923/1536/868 924/1539/868
f 915/1540/869 924/1539/869 925/1542/869
f 913/1543/870 925/1542/870 926/1544/871
f 912/1545/872 926/1544/871 927/1547/873
f 910/1550/63 911/1548/874 927/1547/873
f 907/1527/864 930/7645/864 929/1553/864
f 908/1554/101 931/7646/101 929/1555/101
f 933/1557/1 932/7647/1 931/1558/1
f 934/1560/101 932/7648/101 933/1561/101
f 936/1563/875 935/1566/878 939/1564/876
f 935/1566/878 936/1563/875 971/1567/879
f 935/1566/878 937/1570/882 941/1569/881
f 937/1570/882 935/1566/878 938/1568/880
f 943/1572/884 940/1647/937 939/1573/885
f 941/1575/887 945/1578/890 942/1574/886
f 942/1574/886 944/1577/889 984/1576/888
f 944/1577/889 942/1574/886 945/1578/890
f 949/1585/893 944/1577/889 946/1579/891
f 947/1586/894 948/7649/4027 951/1588/895
f 944/1577/889 949/1585/893 950/1589/896
f 949/1585/893 951/1588/895 952/1590/897
f 951/1591/898 953/1595/902 954/1592/899
f 948/1594/901 956/1597/4028 953/1595/902
f 953/1595/903 955/1598/907 979/1596/904
f 956/1597/906 957/7650/4029 955/1598/907
f 957/1602/908 958/1605/911 960/1603/909
f 958/1605/911 959/1613/918 962/1606/912
f 955/1604/910 960/1603/909 961/1608/913
f 960/1603/909 962/1606/912 963/1610/915
f 965/1611/916 963/1610/915 962/1606/912
f 964/1612/917 962/1606/912 959/1613/918
f 966/1615/892 937/1580/892 968/1616/892
f 968/1618/919 938/1622/4030 969/1619/920
f 970/1621/921 969/1619/921 938/1622/921
f 973/1624/922 972/7651/101 970/1621/923
f 974/1625/845 972/7652/845 973/1626/845
f 965/1611/916 974/7653/63 976/1629/925
f 977/1630/926 961/1608/913 963/1610/915
f 978/1632/927 979/1609/914 961/1608/913
f 980/1634/928 954/1592/905 979/1596/904
f 981/1637/930 952/1593/900 954/1592/899
f 982/1639/932 950/1589/896 952/1590/897
f 950/1589/896 982/1639/932 983/1642/934
f 984/1576/888 983/1642/934 985/1644/935
f 943/1572/884 985/1644/935 986/1646/936
f 936/1563/875 940/1565/877 986/1649/938
f 975/1650/939 973/7654/4026 971/1567/879
f 1016/1651/14 992/1662/14 987/1652/14
f 990/1654/100 1015/7655/100 988/1655/100
f 1004/1657/100 989/1659/100 987/1656/100
f 989/1659/100 1012/7656/100 990/1654/100
f 1002/1670/940 1001/1673/941 1000/1671/941
f 1001/1673/941 1003/1680/944 998/1674/943
f 991/1679/101 998/1674/943 1003/1680/944
f 1005/1684/945 1002/1670/940 999/1672/942
f 1006/1687/946 1005/1684/946 996/1685/946
f 1007/1690/947 1006/1687/947 997/1688/947
f 1008/1692/948 1007/1690/949 995/1691/949
f 1009/1695/951 1008/1692/948 994/1693/950
f 1009/1695/951 993/1696/952 992/1698/63
f 1011/1701/864 1012/7657/864 989/1675/864
f 1011/1702/71 1013/7658/71 990/1703/71
f 1013/1705/1 1014/7659/1 1015/1706/1
f 1015/1708/71 1014/7660/71 1016/1709/71
f 1018/1711/953 1020/1714/956 1019/1712/954
f 1020/1714/956 1022/1716/957 1021/1715/1
f 1022/1716/957 1024/1718/959 1023/1717/958
f 1024/1718/959 1026/1720/960 1025/1719/232
f 1026/1720/960 1028/1722/962 1027/1721/961
f 1028/1722/962 1030/1724/963 1029/1723/71
f 1030/1724/963 1032/1726/965 1031/1725/964
f 1032/1726/965 1034/7661/967 1033/1727/966
f 1034/1728/967 1032/1732/965 1037/1729/968
f 1037/1729/968 1038/1734/972 1036/1731/970
f 1032/1732/965 1030/1736/963 1039/1733/971
f 1039/1733/971 1040/1738/974 1038/1734/972
f 1028/1735/962 1041/1737/973 1039/1733/971
f 1041/1737/973 1042/1740/976 1040/1738/974
f 1028/1735/962 1026/1741/960 1043/1739/975
f 1043/1739/975 1044/1743/978 1042/1740/976
f 1026/1741/960 1024/1744/959 1045/1742/977
f 1045/1742/977 1046/1746/980 1044/1743/978
f 1024/1744/959 1022/1748/957 1047/1745/979
f 1047/1745/979 1048/1750/982 1046/1746/980
f 1020/1747/956 1049/1749/981 1047/1745/979
f 1049/1749/981 1050/1753/984 1048/1750/982
f 1018/1751/953 1051/1752/983 1049/1749/981
f 1051/1752/983 1052/7662/985 1050/1753/984
f 1052/1754/985 1053/1757/987 1055/1755/986
f 1053/1757/987 1054/7663/1036 1056/1758/988
f 1055/1755/986 1056/1758/988 1058/1759/989
f 1048/1761/982 1050/1756/984 1055/1755/986
f 1057/1760/990 1058/1759/989 1060/1762/991
f 1046/1764/980 1048/1761/982 1057/1760/990
f 1059/1763/992 1060/1762/991 1062/1765/993
f 1046/1764/980 1059/1763/992 1061/1766/994
f 1061/1766/994 1062/1765/993 1064/1768/995
f 1044/1767/978 1061/1766/994 1063/1769/996
f 1063/1769/996 1064/1768/995 1066/1771/997
f 1042/1770/976 1063/1769/996 1065/1772/998
f 1065/1772/998 1066/1771/997 1068/1774/999
f 1038/1776/972 1040/1773/974 1065/1772/998
f 1067/1775/1000 1068/1774/999 1070/1777/1001
f 1038/1776/972 1067/1775/1000 1069/1778/1002
f 1068/1780/999 1072/1798/1018 1071/1781/1003
f 1072/1783/1004 1075/1787/1008 1073/1784/1005
f 1074/1786/1007 1073/1784/1005 1075/1787/1008
f 1076/1788/1009 1075/1787/1008 1077/1789/1010
f 1072/1783/1004 1080/1794/1015 1077/1789/1010
f 1304/1791/1012 1078/1790/1011 1077/1789/1010
f 1081/1793/1014 1079/1792/1013 1077/1789/1010
f 1066/1795/997 1064/1801/995 1081/1796/1016
f 1066/1795/997 1080/1797/1017 1072/1798/1018
f 1081/1793/1014 1082/1803/1021 1084/1799/1019
f 1062/1800/993 1082/1805/1022 1081/1796/1016
f 1083/1802/1020 1086/1807/1024 1084/1799/1019
f 1060/1804/991 1083/1817/1033 1082/1805/1022
f 1085/1806/1023 1084/1799/1019 1086/1807/1024
f 1085/1806/1023 1304/1791/1012 1079/1792/1013
f 1087/1808/1025 1086/1807/1024 1088/1809/1026
f 1083/1802/1020 1091/1813/1030 1088/1809/1026
f 1097/1811/1028 1089/1810/1027 1088/1809/1026
f 1091/1813/1030 1092/1819/1035 1090/1812/1029
f 1058/1814/989 1056/1821/988 1092/1815/1031
f 1058/1814/989 1091/1816/1032 1083/1817/1033
f 1093/1818/1034 1094/1822/1037 1090/1812/1029
f 1054/1820/1036 1093/7664/4031 1092/1815/1031
f 1097/1811/1028 1090/1812/1029 1094/1822/1037
f 1096/1824/1039 1098/1825/1040 1097/1811/1028
f 1098/1825/1040 1099/1827/1042 1089/1810/1027
f 1098/1825/1040 1100/1829/1044 1102/1826/1041
f 1098/1825/1040 1096/1824/1039 1101/1828/1043
f 1100/1830/1045 1101/7665/4032 1106/1831/1046
f 1100/1830/1045 1103/1832/1047 1104/1833/1048
f 1104/1833/1048 1103/1832/1047 1105/1835/1050
f 1103/1832/1047 1106/1831/1046 1107/1837/1052
f 1107/1837/1052 1108/1839/1054 1109/1838/1053
f 1108/1839/1054 1110/1841/1056 1111/1840/1055
f 1110/1841/1056 1112/7666/4033 1113/1842/1057
f 1113/1843/954 1112/7667/955 1114/1844/955
f 1115/1846/1058 1114/7668/4034 1116/1847/1059
f 1117/1848/1060 1116/1847/1059 1118/1849/1061
f 1119/1850/1062 1118/1849/1061 1120/1851/1063
f 1123/1853/1065 1122/1852/1064 1120/1851/1063
f 1125/1855/1067 1124/1857/1069 1122/1852/1064
f 1127/1856/1068 1119/1850/1062 1122/1852/1064
f 1126/1858/1070 1124/1857/1069 1125/1855/1067
f 1128/1860/1072 1127/1856/1068 1124/1857/1069
f 1129/1861/1073 1117/1848/1060 1119/1850/1062
f 1130/1862/1074 1129/1861/1073 1127/1856/1068
f 1129/1861/1073 1131/7669/1360 1115/1846/1058
f 1132/1863/1075 1131/7669/1360 1129/1861/1073
f 1133/1864/1 1113/1843/954 1115/1845/954
f 1134/1866/958 1133/1864/1 1131/1865/1
f 1135/1868/1076 1111/1840/1055 1113/1842/1057
f 1135/1868/1076 1133/1869/1077 1134/1870/1078
f 1137/1872/1080 1109/1838/1053 1111/1840/1055
f 1137/1872/1080 1135/1868/1076 1136/1871/1079
f 1105/1835/1050 1109/1838/1053 1137/1872/1080
f 1139/1836/1051 1137/1872/1080 1138/1873/1081
f 1104/1833/1048 1139/1836/1051 1140/1874/1082
f 1141/1875/1083 1140/1874/1082 1142/1876/1084
f 1140/1874/1082 1138/1873/1081 1145/1878/1086
f 1143/1877/1085 1142/1876/1084 1144/1879/1087
f 1142/1876/1084 1145/1878/1086 1146/1881/1089
f 1145/1878/1086 1147/1883/1091 1148/1882/1090
f 1145/1878/1086 1138/1873/1081 1136/1871/1079
f 1147/1883/1091 1149/1885/1093 1150/1884/1092
f 1147/1883/1091 1136/1871/1079 1134/1870/1078
f 1150/1886/961 1149/1889/232 1151/1887/232
f 1149/1889/232 1134/1866/958 1132/1867/958
f 1154/1890/1094 1152/1908/1112 1151/1891/1095
f 1151/1891/1095 1132/1863/1075 1130/1862/1074
f 1154/1890/1094 1153/1892/1096 1155/1893/1097
f 1153/1892/1096 1130/1862/1074 1128/1860/1072
f 1156/1894/1098 1155/1893/1097 1157/1895/1099
f 1155/1893/1097 1128/1860/1072 1126/1858/1070
f 1157/1895/1099 1126/1858/1070 1285/1859/1071
f 1160/1898/1102 1159/1896/1100 1157/1895/1099
f 1161/1899/1103 1159/1896/1100 1160/1898/1102
f 1164/1901/1105 1156/1894/1098 1159/1896/1100
f 1190/1902/1106 1163/1904/1108 1161/1899/1103
f 1165/1903/1107 1164/1901/1105 1161/1899/1103
f 1167/1905/1109 1166/1907/1111 1164/1901/1105
f 1164/1901/1105 1166/1907/1111 1154/1890/1094
f 1169/1906/1110 1168/7670/4035 1166/1907/1111
f 1166/1907/1111 1168/7670/4035 1152/1908/1112
f 1171/1909/964 1170/1912/71 1168/1910/71
f 1170/1912/71 1150/1886/961 1152/1888/961
f 1172/1913/1113 1170/1916/1116 1171/1914/1114
f 1172/1913/1113 1148/1882/1090 1150/1884/1092
f 1174/1917/1117 1172/1913/1113 1173/1915/1115
f 1174/1917/1117 1146/1881/1089 1148/1882/1090
f 1176/1919/1119 1174/1917/1117 1175/1918/1118
f 1144/1879/1087 1146/1881/1089 1174/1917/1117
f 1300/1880/1088 1144/1879/1087 1176/1919/1119
f 1179/1922/1122 1177/1921/1121 1176/1919/1119
f 1179/1922/1122 1178/1920/1120 1180/1923/1123
f 1178/1920/1120 1175/1918/1118 1182/1925/1125
f 1175/1918/1118 1173/1915/1115 1183/1926/1126
f 1183/1926/1126 1173/1915/1115 1171/1914/1114
f 1184/1928/966 1171/1909/964 1169/1911/964
f 1185/1930/1128 1169/1906/1110 1167/1905/1109
f 1186/1931/1129 1167/1905/1109 1165/1903/1107
f 1187/1932/1130 1165/1903/1107 1163/1904/1108
f 1188/1933/1131 1163/1904/1108 1190/1902/1106
f 1189/1934/1132 1190/1902/1106 1192/1935/1133
f 1193/1937/1135 1191/7671/4036 1192/1938/1136
f 1195/1939/1137 1197/1942/1140 1194/1940/1138
f 1196/1941/1139 1198/1944/1142 1197/1942/1140
f 1192/1938/1136 1284/7672/4037 1196/1941/1139
f 1200/1943/1141 1199/1945/1143 1197/1942/1140
f 1199/1945/1143 1201/7673/4038 1194/1940/1138
f 1202/1946/1144 1199/1945/1143 1200/1943/1141
f 1204/1948/1146 1201/7673/4038 1199/1945/1143
f 1202/1949/1147 1203/7674/4039 1206/1950/1148
f 1204/1952/1150 1202/1949/1147 1205/1951/1149
f 1205/1954/1149 1206/2009/1148 1210/1955/1152
f 1207/1957/1151 1205/1954/1149 1208/1956/1153
f 1209/1958/1154 1208/1956/1153 1211/1959/1155
f 1211/1959/1155 1208/1956/1153 1210/1955/1152
f 1214/1962/1156 1211/7675/1155 1212/1963/1158
f 1212/1963/1158 1211/7675/1155 1213/1965/1157
f 1216/1967/1161 1215/1964/1159 1212/1963/1158
f 1218/1969/966 1216/7676/1161 1217/1970/1162
f 1219/1971/964 1217/1970/1162 1222/1972/1163
f 1220/1973/71 1222/1972/1163 1223/1974/1164
f 1222/1976/1163 1224/1966/1160 1225/1977/1165
f 1217/1968/1162 1212/1963/1158 1224/1966/1160
f 1213/1965/1157 1226/1981/1168 1225/1977/1165
f 1223/1978/1164 1225/1977/1165 1227/1979/1166
f 1226/1981/1168 1229/7677/1190 1227/1979/1166
f 1228/1980/1167 1227/1979/1166 1230/1982/1169
f 1227/1979/1166 1229/7677/1190 1232/1984/1171
f 1231/1983/1170 1230/1982/1169 1233/1985/1172
f 1232/1984/1171 1235/7678/1185 1233/1985/1172
f 1233/1985/1172 1236/1989/1176 1237/1987/1174
f 1233/1985/1172 1235/7678/1185 1238/1988/1175
f 1237/1987/1174 1236/1989/1176 1239/1990/1177
f 1238/1988/1175 1241/7679/1180 1239/1990/1177
f 1244/1992/1179 1242/1996/1182 1241/1993/1180
f 1245/1995/1181 1243/7680/1213 1242/1996/1182
f 1247/1997/1183 1245/1995/1181 1244/1992/1179
f 1235/1999/1185 1246/1998/1184 1244/1992/1179
f 1249/2000/1186 1247/1997/1183 1246/1998/1184
f 1248/2001/1187 1246/1998/1184 1235/1999/1185
f 1251/2003/1188 1249/2000/1186 1248/2001/1187
f 1229/2005/1190 1250/2004/1189 1248/2001/1187
f 1253/2006/1191 1251/2003/1188 1250/2004/1189
f 1252/2007/1192 1250/2004/1189 1229/2005/1190
f 1206/2009/1148 1253/2006/1191 1252/2007/1192
f 1210/1955/1152 1252/2007/1192 1226/2008/1168
f 1254/2010/1193 1255/2028/1207 1251/2011/1188
f 1206/1950/1148 1203/7674/4039 1254/2010/1193
f 1254/2013/1194 1256/2016/1197 1258/2014/1195
f 1203/1947/1145 1200/1943/1141 1256/2016/1197
f 1259/2017/1198 1258/2014/1195 1256/2016/1197
f 1257/2018/1199 1256/2016/1197 1200/1943/1141
f 1260/2019/1200 1258/2014/1195 1259/2017/1198
f 1258/2014/1195 1260/2019/1200 1263/2021/1202
f 1262/2022/1203 1260/2019/1200 1261/2020/1201
f 1263/2021/1202 1260/2019/1200 1262/2022/1203
f 1263/2025/1206 1264/2030/1209 1247/2026/1183
f 1255/2028/1207 1263/2025/1206 1249/2027/1186
f 1262/2022/1203 1267/2032/1210 1265/2029/1208
f 1264/2030/1209 1265/2034/1212 1245/2031/1181
f 1267/2032/1210 1269/2036/1214 1266/2033/1211
f 1265/2034/1212 1266/7681/4040 1243/2035/1213
f 1269/2036/1214 1267/2032/1210 1268/2037/1215
f 1267/2032/1210 1262/2022/1203 1278/2023/1204
f 1270/2038/1216 1268/2037/1215 1272/2039/1217
f 1272/2039/1217 1274/2046/1224 1273/2041/1219
f 1123/1853/1065 1121/1854/1066 1273/2042/1220
f 1125/1855/1067 1123/1853/1065 1274/2043/1221
f 1277/2045/1223 1275/7682/1496 1274/2046/1224
f 1276/2047/1225 1285/1859/1071 1125/1855/1067
f 1276/2048/1226 1275/7682/1496 1277/2045/1223
f 1272/2039/1217 1268/2037/1215 1278/2023/1204
f 1278/2023/1204 1261/2020/1201 1279/2049/1227
f 1261/2020/1201 1259/2017/1198 1280/2050/1228
f 1282/2051/1229 1276/2048/1226 1279/2049/1227
f 1259/2017/1198 1257/2018/1199 1281/2052/1230
f 1283/2053/1231 1282/2051/1229 1280/2050/1228
f 1158/1897/1101 1285/1859/1071 1276/2047/1225
f 1283/2055/1233 1160/1898/1102 1158/1897/1101
f 1162/1900/1104 1160/1898/1102 1283/2055/1233
f 1196/1941/1139 1284/7672/4037 1283/2053/1231
f 1192/1935/1133 1190/1902/1106 1162/1900/1104
f 1281/2052/1230 1257/2018/1199 1198/1944/1142
f 1287/2057/954 1237/2061/1174 1240/2058/1178
f 1288/2060/1 1234/2063/1173 1237/2061/1174
f 1289/2062/958 1231/2065/1170 1234/2063/1173
f 1290/2064/232 1228/2066/1167 1231/2065/1170
f 1221/1975/961 1223/1974/1164 1228/2066/1167
f 1292/2067/1235 1179/1922/1122 1181/1924/1124
f 1293/2069/1237 1294/2072/1240 1292/2070/1238
f 1293/2069/1237 1074/1786/1007 1076/1788/1009
f 1295/2073/1241 1294/2072/1240 1076/1788/1009
f 1295/2073/1241 1297/2075/1243 1292/2070/1238
f 1295/2073/1241 1078/1790/1011 1304/1791/1012
f 1296/2074/1242 1298/2079/1247 1297/2075/1243
f 1298/2076/1244 1300/1880/1088 1177/1921/1121
f 1292/2067/1235 1297/2077/1245 1177/1921/1121
f 1298/2076/1244 1299/2083/1251 1143/1877/1085
f 1302/2078/1246 1299/2081/1249 1298/2079/1247
f 1303/2080/1248 1301/2084/1252 1299/2081/1249
f 1301/2082/1250 1141/1875/1083 1143/1877/1085
f 1302/2078/1246 1085/1806/1023 1087/1808/1025
f 1302/2078/1246 1296/2074/1242 1304/1791/1012
f 1099/1827/1042 1303/2080/1248 1087/1808/1025
f 1099/1827/1042 1102/1826/1041 1301/2084/1252
f 1301/2082/1250 1102/1834/1049 1104/1833/1048
f 1307/2085/958 1308/2089/1255 1306/2086/1253
f 1309/2088/1 1310/2091/1256 1308/2089/1255
f 1311/2090/954 1312/2093/1257 1310/2091/1256
f 1313/2092/190 1314/2095/1259 1312/2093/1257
f 1315/2094/1258 1316/2097/1260 1314/2095/1259
f 1317/2096/101 1318/2099/1262 1316/2097/1260
f 1319/2098/1261 1320/2101/1264 1318/2099/1262
f 1321/2100/1263 1322/7683/1266 1320/2101/1264
f 1323/2102/1265 1325/2106/1268 1320/2103/1264
f 1324/2105/1267 1326/2109/1270 1325/2106/1268
f 1320/2103/1264 1325/2106/1268 1327/2107/1269
f 1326/2109/1270 1328/2112/1272 1327/2107/1269
f 1318/2108/1262 1327/2107/1269 1329/2110/1271
f 1328/2112/1272 1330/2115/1274 1329/2110/1271
f 1316/2111/1260 1329/2110/1271 1331/2113/1273
f 1330/2115/1274 1332/2118/1276 1331/2113/1273
f 1314/2114/1259 1331/2113/1273 1333/2116/1275
f 1332/2118/1276 1334/2120/1277 1333/2116/1275
f 1333/2116/1275 1335/2121/1278 1310/2119/1256
f 1334/2120/1277 1336/2123/1279 1335/2121/1278
f 1335/2121/1278 1337/2124/1280 1308/2122/1255
f 1336/2123/1279 1338/2126/1281 1337/2124/1280
f 1337/2124/1280 1339/2127/1282 1306/2125/1253
f 1338/2126/1281 1340/7684/1284 1339/2127/1282
f 1343/2128/1283 1341/2132/1286 1340/2129/1284
f 1344/2131/1285 1342/7685/1325 1341/2132/1286
f 1346/2133/1287 1344/2131/1285 1343/2128/1283
f 1345/2134/990 1343/2128/1283 1338/2130/1281
f 1348/2136/1288 1346/2133/1287 1345/2134/990
f 1347/2137/1289 1345/2134/990 1336/2135/1279
f 1350/2139/1290 1348/2136/1288 1347/2137/1289
f 1349/2140/1291 1347/2137/1289 1334/2138/1277
f 1352/2142/1292 1350/2139/1290 1349/2140/1291
f 1351/2143/1293 1349/2140/1291 1332/2141/1276
f 1354/2145/1294 1352/2142/1292 1351/2143/1293
f 1328/2147/1272 1353/2146/1295 1351/2143/1293
f 1356/2148/1296 1354/2145/1294 1353/2146/1295
f 1355/2149/1297 1353/2146/1295 1328/2147/1272
f 1358/2151/1298 1356/2148/1296 1355/2149/1297
f 1357/2152/1299 1355/2149/1297 1326/2150/1270
f 1359/2154/1300 1360/2171/1313 1356/2155/1296
f 1359/2157/1301 1361/7686/4041 1363/2158/1302
f 1363/2158/1302 1361/7686/4041 1362/2160/1304
f 1365/2162/1306 1363/2158/1302 1364/2161/1305
f 1360/2159/1303 1363/2158/1302 1365/2162/1306
f 1367/2165/1309 1365/2162/1306 1366/2163/1307
f 1365/2162/1306 1367/2165/1309 1369/2167/1311
f 1354/2168/1294 1368/7687/4042 1369/2169/1312
f 1360/2171/1313 1368/7687/4042 1354/2168/1294
f 1367/2165/1309 1372/2174/1315 1370/2172/1314
f 1369/2169/1312 1370/7688/4043 1350/2173/1290
f 1372/2174/1315 1374/2181/1319 1371/2175/1035
f 1350/2173/1290 1370/7688/4043 1371/2176/1031
f 1375/2178/1316 1374/2181/1319 1372/2174/1315
f 1373/2179/1317 1372/2174/1315 1367/2165/1309
f 1377/2180/1318 1376/2184/1321 1374/2181/1319
f 1374/2181/1319 1376/2184/1321 1379/2182/1030
f 1385/2183/1320 1378/2185/1322 1376/2184/1321
f 1379/2182/1030 1376/2184/1321 1378/2185/1322
f 1379/2187/1032 1380/7689/1033 1344/2188/1285
f 1348/2177/1288 1371/2176/1031 1379/2187/1032
f 1378/2185/1322 1382/2193/1326 1381/2190/1323
f 1344/2188/1285 1380/7689/1033 1381/2191/1324
f 1382/2193/1326 1378/2185/1322 1385/2183/1320
f 1383/2194/1327 1385/2183/1320 1386/2195/1328
f 1385/2183/1320 1377/2180/1318 1387/2197/1330
f 1390/2198/1041 1388/7690/1252 1386/2195/1328
f 1386/2195/1328 1388/7690/1252 1389/2199/1331
f 1388/2200/1250 1391/2206/1336 1394/2201/1332
f 1392/2203/1334 1391/2206/1336 1388/2200/1250
f 1427/2205/1335 1393/2207/1337 1391/2206/1336
f 1393/2207/1337 1395/2209/1339 1394/2201/1332
f 1397/2208/1338 1396/2211/1341 1395/2209/1339
f 1399/2210/1340 1398/2213/1343 1396/2211/1341
f 1399/2210/1340 1401/2241/1078 1400/2212/1342
f 1402/2214/1254 1400/7691/1254 1401/2215/958
f 1405/2217/1344 1404/7692/4044 1402/2218/1345
f 1406/2220/1346 1404/7692/4044 1405/2217/1344
f 1408/2222/1348 1406/2220/1346 1407/2221/1347
f 1409/2224/1350 1408/2222/1348 1410/2223/1349
f 1413/2226/1352 1411/2225/1351 1410/2223/1349
f 1410/2223/1349 1407/2221/1347 1415/2228/1354
f 1413/2226/1352 1412/2227/1353 1414/2229/1355
f 1412/2227/1353 1415/2228/1354 1416/2231/1357
f 1407/2221/1347 1405/2217/1344 1417/2232/1358
f 1415/2228/1354 1417/2232/1358 1418/2233/1359
f 1417/2232/1358 1405/2217/1344 1403/2219/1075
f 1417/2232/1358 1419/2234/1360 1420/2235/1058
f 1403/2216/958 1401/2215/958 1421/2236/1
f 1419/2237/1 1421/2236/1 1422/2238/954
f 1423/2240/1361 1421/7693/1077 1401/2241/1078
f 1422/2242/1057 1421/7693/1077 1423/2240/1361
f 1425/2244/1362 1423/2240/1361 1399/2210/1340
f 1424/2243/1055 1423/2240/1361 1425/2244/1362
f 1425/2244/1362 1397/2208/1338 1393/2207/1337
f 1426/2245/1363 1425/2244/1362 1427/2205/1335
f 1428/2246/1050 1427/2205/1335 1392/2203/1334
f 1430/2248/1364 1428/2246/1050 1429/2247/1047
f 1433/2250/1366 1426/2245/1363 1428/2246/1050
f 1588/2251/1367 1432/2253/1369 1430/2248/1364
f 1434/2252/1368 1433/2250/1366 1430/2248/1364
f 1436/2254/1370 1435/2256/1372 1433/2250/1366
f 1433/2250/1366 1435/2256/1372 1424/2243/1055
f 1438/2255/1371 1437/7694/4045 1435/2256/1372
f 1435/2256/1372 1437/7694/4045 1422/2242/1057
f 1439/2257/190 1437/2260/190 1438/2258/1258
f 1420/2239/954 1422/2238/954 1437/2260/190
f 1442/2261/1373 1441/2264/1376 1439/2262/1374
f 1418/2233/1359 1420/2235/1058 1439/2262/1374
f 1443/2265/1377 1441/2264/1376 1442/2261/1373
f 1443/2265/1377 1416/2231/1357 1418/2233/1359
f 1445/2267/1379 1443/2265/1377 1444/2266/1378
f 1414/2229/1355 1416/2231/1357 1443/2265/1377
f 1573/2230/1356 1414/2229/1355 1445/2267/1379
f 1446/2269/1381 1445/2267/1379 1447/2268/1380
f 1448/2270/1382 1447/2268/1380 1449/2271/1383
f 1447/2268/1380 1444/2266/1378 1452/2273/1385
f 1478/2274/1386 1450/2272/1384 1449/2271/1383
f 1449/2271/1383 1452/2273/1385 1453/2276/1388
f 1452/2273/1385 1454/2278/1390 1455/2277/1389
f 1452/2273/1385 1444/2266/1378 1442/2261/1373
f 1454/2278/1390 1456/2280/1392 1457/2279/1391
f 1454/2278/1390 1442/2261/1373 1440/2263/1375
f 1456/2281/101 1458/2284/101 1459/2282/1261
f 1440/2259/1258 1438/2258/1258 1458/2284/101
f 1459/2285/1393 1458/7695/4046 1460/2286/1394
f 1460/2286/1394 1458/7695/4046 1438/2255/1371
f 1461/2287/1395 1460/2286/1394 1462/2288/1396
f 1462/2288/1396 1460/2286/1394 1436/2254/1370
f 1463/2289/1397 1462/2288/1396 1464/2290/1398
f 1462/2288/1396 1434/2252/1368 1432/2253/1369
f 1465/2292/1400 1464/2290/1398 1432/2253/1369
f 1467/2293/1401 1466/2291/1399 1464/2290/1398
f 1469/2294/1402 1468/2296/1404 1466/2291/1399
f 1470/2295/1403 1463/2289/1397 1466/2291/1399
f 1470/2295/1403 1471/2298/1406 1461/2287/1395
f 1472/2297/1405 1459/2285/1393 1461/2287/1395
f 1457/2283/1261 1459/2282/1261 1472/2299/1263
f 1474/2301/1407 1455/2277/1389 1457/2279/1391
f 1453/2276/1388 1455/2277/1389 1474/2301/1407
f 1451/2275/1387 1453/2276/1388 1475/2303/1409
f 1478/2274/1386 1451/2275/1387 1476/2304/1410
f 1479/2306/1412 1480/2433/1506 1478/2274/1386
f 1481/2307/1413 1483/2311/1417 1480/2308/1414
f 1481/2307/1413 1482/2316/1422 1485/2310/1416
f 1484/2312/1418 1483/2311/1417 1485/2310/1416
f 1483/2311/1417 1484/2312/1418 1572/2314/1420
f 1485/2310/1416 1487/2317/1423 1488/2315/1421
f 1482/2316/1422 1489/2319/1425 1487/2317/1423
f 1490/2318/1424 1491/2392/1476 1488/2315/1421
f 1490/2318/1424 1487/2317/1423 1489/2319/1425
f 1494/2321/1427 1491/2388/1472 1490/2322/1428
f 1495/2324/1430 1493/2323/1429 1490/2322/1428
f 1498/2326/1432 1494/2383/1427 1493/2327/1429
f 1496/2328/1433 1493/2327/1429 1495/2329/1430
f 1499/2331/1435 1496/2328/1433 1497/2330/1434
f 1499/2331/1435 1501/2384/1439 1498/2326/1432
f 1500/2333/1437 1499/2337/1435 1502/2334/1436
f 1500/2333/1437 1512/2349/1445 1501/2336/1439
f 1505/2338/1440 1500/2333/1437 1503/2335/1438
f 1505/2340/1440 1504/7696/1441 1506/2341/1263
f 1510/2343/1442 1505/2340/1440 1507/2342/1261
f 1511/2345/1443 1510/2343/1442 1508/2344/101
f 1510/2347/1442 1511/2350/1443 1513/2348/1444
f 1510/2347/1442 1512/2349/1445 1500/2333/1437
f 1513/2348/1444 1514/2352/1447 1501/2336/1439
f 1511/2350/1443 1516/2353/1448 1515/2351/1446
f 1515/2351/1446 1517/2356/1451 1514/2352/1447
f 1516/2353/1448 1519/2358/1453 1518/2354/1449
f 1515/2351/1446 1518/2354/1449 1520/2355/1450
f 1522/2357/1452 1521/2359/1454 1518/2354/1449
f 1521/2359/1454 1523/2362/1456 1520/2355/1450
f 1525/2360/1455 1524/2364/1458 1521/2359/1454
f 1521/2359/1454 1524/2364/1458 1526/2361/1171
f 1528/2363/1457 1527/2365/1459 1524/2364/1458
f 1527/2365/1459 1529/7697/1460 1526/2361/1171
f 1529/2366/1460 1530/2369/1461 1532/2367/1187
f 1530/2369/1461 1531/7698/4047 1533/2370/1462
f 1532/2367/1187 1533/2370/1462 1535/2371/1463
f 1523/2373/1456 1526/2368/1171 1532/2367/1187
f 1534/2372/1464 1535/2371/1463 1537/2374/1465
f 1520/2376/1450 1523/2373/1456 1534/2372/1464
f 1536/2375/1466 1537/2374/1465 1539/2377/1467
f 1517/2379/1451 1520/2376/1450 1536/2375/1466
f 1538/2378/1468 1539/2377/1467 1541/2380/1469
f 1517/2379/1451 1538/2378/1468 1540/2381/1470
f 1540/2381/1470 1541/2380/1469 1494/2383/1427
f 1514/2382/1447 1540/2381/1470 1498/2326/1432
f 1539/2385/1467 1543/2405/1485 1542/2386/1471
f 1494/2321/1427 1541/2387/1469 1542/2386/1471
f 1543/2389/1473 1546/2394/1478 1544/2390/1474
f 1542/2391/1475 1544/2390/1474 1488/2315/1421
f 1547/2393/1477 1545/2395/1479 1544/2390/1474
f 1486/2313/1419 1488/2315/1421 1544/2390/1474
f 1547/2393/1477 1546/2394/1478 1548/2396/1480
f 1551/2398/1208 1548/2396/1480 1546/2394/1478
f 1549/2397/1481 1548/2396/1480 1550/2399/1482
f 1552/2401/1205 1550/2399/1482 1548/2396/1480
f 1537/2402/1465 1535/2408/1463 1552/2403/1209
f 1539/2385/1467 1537/2402/1465 1551/2404/1484
f 1553/2406/1486 1555/2410/1488 1550/2399/1482
f 1533/2407/1462 1553/2412/1490 1552/2403/1209
f 1553/2406/1486 1554/7699/4048 1557/2409/1487
f 1533/2407/1462 1531/7700/4047 1554/2411/1489
f 1556/2413/1491 1555/2410/1488 1557/2409/1487
f 1556/2413/1491 1566/2400/1483 1550/2399/1482
f 1559/2415/1493 1560/2416/1494 1556/2413/1491
f 1560/2416/1494 1559/2415/1493 1561/2417/1495
f 1562/2419/1225 1561/7701/4049 1409/2224/1350
f 1563/2420/1222 1562/2419/1225 1411/2225/1351
f 1560/2416/1494 1562/2418/1226 1563/2421/1496
f 1564/2423/1221 1563/2420/1222 1413/2226/1352
f 1565/2422/1497 1563/2421/1496 1564/2424/1224
f 1565/2422/1497 1566/2400/1483 1556/2413/1491
f 1565/2422/1497 1567/2425/1498 1549/2397/1481
f 1568/2426/1499 1547/2393/1477 1549/2397/1481
f 1568/2426/1499 1567/2425/1498 1564/2424/1224
f 1568/2426/1499 1569/2429/1502 1545/2395/1479
f 1568/2426/1499 1570/2427/1500 1571/2428/1501
f 1564/2423/1221 1573/2230/1356 1446/2269/1381
f 1571/2431/1504 1570/2430/1503 1446/2269/1381
f 1571/2431/1504 1448/2270/1382 1450/2272/1384
f 1484/2312/1418 1569/2429/1502 1571/2428/1501
f 1480/2433/1506 1572/2432/1505 1450/2272/1384
f 1484/2312/1418 1486/2313/1419 1545/2395/1479
f 1528/2434/1457 1525/7702/1455 1575/2435/958
f 1575/2435/958 1525/7702/1455 1522/2437/1452
f 1522/2437/1452 1519/2440/1453 1577/2439/954
f 1519/2440/1453 1516/2442/1448 1578/2441/190
f 1516/2442/1448 1511/2345/1443 1509/2346/1258
f 1579/2443/1507 1469/2294/1402 1467/2293/1401
f 1581/2445/1509 1579/7703/4050 1580/2446/1510
f 1364/2161/1305 1362/2160/1304 1581/2445/1509
f 1366/2163/1307 1364/2161/1305 1582/2447/1511
f 1580/2446/1510 1585/2450/1514 1583/2448/1512
f 1592/2166/1310 1366/2163/1307 1583/2448/1512
f 1585/2450/1514 1586/2454/1518 1584/2449/1513
f 1465/2292/1400 1588/2251/1367 1586/2451/1515
f 1580/2444/1508 1467/2293/1401 1465/2292/1400
f 1586/2451/1515 1588/2251/1367 1431/2249/1365
f 1586/2454/1518 1587/2456/1520 1590/2455/1519
f 1587/2456/1520 1589/7704/1044 1591/2457/1521
f 1431/2249/1365 1429/2247/1047 1589/2458/1045
f 1375/2178/1316 1373/2179/1317 1590/2455/1519
f 1590/2455/1519 1373/2179/1317 1592/2166/1310
f 1387/2197/1330 1377/2180/1318 1375/2178/1316
f 1591/2457/1521 1589/7704/1044 1390/2198/1041
f 1589/2458/1045 1429/2247/1047 1392/2203/1334
f 1594/2459/1522 1593/7705/1522 1603/2460/1522
f 1593/2462/1 1595/2464/1 1605/2465/1
f 1602/2472/1 1655/2546/1 1601/2471/1
f 1620/2479/1 1612/2484/1 1603/2466/1
f 1612/2480/1523 1602/7706/1523 1768/2481/1523
f 1614/2483/1 1665/2561/1 1602/2472/1
f 1623/2490/1524 1619/2583/1626 1620/2491/1525
f 1611/2493/1527 1624/2496/1535 1621/2492/1526
f 1679/2494/1528 1623/2490/1625 1621/2492/1529
f 1624/2496/1531 1625/2498/1533 1622/2495/1530
f 1624/2496/1531 1626/2499/1536 1627/2497/1532
f 1611/2493/1527 1610/2501/1538 1626/2499/1534
f 1626/2499/1536 1628/2502/1540 1629/2500/1537
f 1610/2501/1538 1609/2504/1542 1628/2502/1539
f 1628/2502/1540 1630/2505/1544 1631/2503/1541
f 1609/2504/1542 1608/2507/1546 1630/2505/1543
f 1630/2505/1544 1632/2508/1548 1633/2506/1545
f 1608/2507/1546 1607/2510/1550 1632/2508/1547
f 1632/2508/1548 1634/2511/1552 1635/2509/1549
f 1607/2510/1550 1606/2513/1554 1634/2511/1551
f 1634/2511/1552 1636/2514/4051 1637/2512/1553
f 1606/2513/1554 1605/7707/4052 1636/2514/1555
f 1636/2515/1556 1638/2519/1556 1639/2516/1557
f 1605/2518/1559 1595/7708/1559 1638/2519/1559
f 1639/2520/1560 1638/2523/4053 1640/2521/1561
f 1638/2523/1563 1595/7709/4054 1596/2524/1564
f 1641/2522/1562 1640/2521/1561 1642/2525/1566
f 1640/2521/1565 1596/2524/1564 1597/2527/1568
f 1643/2526/1567 1642/2525/1566 1644/2528/1570
f 1642/2525/1569 1597/2527/1568 1598/2530/1572
f 1645/2529/1571 1644/2528/1570 1646/2531/1573
f 1644/2528/1572 1598/2530/1572 1599/2533/1575
f 1647/2532/1574 1646/2531/1573 1648/2534/1577
f 1646/2531/1576 1599/2533/1575 1600/2536/1579
f 1649/2535/1578 1648/2534/1577 1650/2537/1581
f 1648/2534/1580 1600/2536/1579 1601/2539/1583
f 1653/2540/1585 1651/2538/1582 1650/2537/1581
f 1652/2541/1587 1650/2537/1584 1601/2539/1583
f 1652/2541/1586 1654/2544/1749 1716/2543/1589
f 1655/2542/1588 1656/2547/1591 1654/2544/1590
f 1656/2547/1591 1657/2550/1593 1658/2548/1592
f 1657/2550/1593 1659/2553/1595 1660/2551/1594
f 1659/2553/1595 1661/2556/1597 1662/2554/1596
f 1661/2556/1597 1663/2559/1599 1664/2557/1598
f 1663/2559/1599 1665/7710/4055 1666/2560/1600
f 1666/2562/1601 1665/7711/1601 1614/2563/1601
f 1667/2565/1602 1666/2562/1603 1668/2564/1603
f 1664/2557/1605 1666/2560/4056 1667/2567/1606
f 1669/2569/1608 1668/2572/4057 1670/2570/1609
f 1668/2572/1611 1614/7712/4058 1615/2573/1612
f 1671/2571/1610 1670/2570/1609 1672/2574/1614
f 1670/2570/1613 1615/2573/1612 1616/2576/1616
f 1673/2575/1615 1672/2574/1614 1674/2577/1618
f 1672/2574/1617 1616/2576/1616 1617/2579/1620
f 1675/2578/1619 1674/2577/1618 1676/2580/1621
f 1674/2577/1620 1617/2579/1620 1618/2582/1623
f 1677/2581/1622 1676/2580/1621 1623/2490/1625
f 1676/2580/1624 1618/2582/1623 1619/2583/1626
f 1737/2584/1627 1675/2578/1619 1677/2581/1622
f 1678/2585/1628 1677/2581/1622 1679/2494/1528
f 1680/2586/1629 1679/2494/1528 1622/2495/1530
f 1739/2588/1631 1678/2585/1717 1680/2586/1632
f 1681/2589/1633 1680/2586/1632 1682/2587/1634
f 1684/2591/1636 1685/2593/1639 1683/2590/1635
f 1622/2495/1530 1625/2498/1533 1684/2591/1637
f 1684/2591/1636 1686/2594/1641 1687/2592/1638
f 1625/2498/1533 1627/2497/1532 1686/2594/1640
f 1686/2594/1641 1688/2596/1644 1689/2595/1642
f 1627/2497/1532 1629/2500/1537 1688/2596/1643
f 1688/2596/1644 1690/2598/1647 1691/2597/1645
f 1629/2500/1537 1631/2503/1541 1690/2598/1646
f 1690/2598/1647 1692/2600/1650 1693/2599/1648
f 1631/2503/1541 1633/2506/1545 1692/2600/1649
f 1692/2600/1650 1694/2602/1653 1695/2601/1651
f 1633/2506/1545 1635/2509/1549 1694/2602/1652
f 1694/2602/1653 1696/2604/4059 1697/2603/1654
f 1635/2509/1549 1637/2512/1553 1696/2604/1655
f 1696/2605/1656 1698/2608/1656 1699/2606/1657
f 1637/2517/1558 1639/2516/1557 1698/2608/1659
f 1699/2609/1660 1698/2612/4060 1700/2610/1661
f 1698/2612/1663 1639/2520/1560 1641/2522/1562
f 1701/2611/1662 1700/2610/1661 1702/2613/1665
f 1700/2610/1664 1641/2522/1562 1643/2526/1567
f 1703/2614/1666 1702/2613/1665 1704/2615/1668
f 1702/2613/1667 1643/2526/1567 1645/2529/1571
f 1705/2616/1669 1704/2615/1668 1706/2617/1671
f 1704/2615/1670 1645/2529/1571 1647/2532/1574
f 1707/2618/1672 1706/2617/1671 1708/2619/1674
f 1706/2617/1673 1647/2532/1574 1649/2535/1578
f 1709/2620/1675 1708/2619/1674 1710/2621/1677
f 1708/2619/1676 1649/2535/1578 1651/2538/1582
f 1713/2623/1680 1711/2622/1678 1710/2621/1677
f 1712/2624/1682 1710/2621/1679 1651/2538/1582
f 1712/2624/1681 1714/2626/1685 1715/2625/1683
f 1653/2540/1585 1716/2543/1589 1714/2626/1684
f 1714/2626/1685 1717/2628/1688 1718/2627/1686
f 1716/2543/1589 1719/2630/1690 1717/2628/1687
f 1717/2628/1688 1720/2631/1692 1721/2629/1689
f 1719/2630/1690 1722/2633/1694 1720/2631/1691
f 1720/2631/1692 1723/2634/1696 1724/2632/1693
f 1722/2633/1694 1725/2636/1698 1723/2634/1695
f 1723/2634/1696 1726/2637/1700 1727/2635/1697
f 1725/2636/1698 1728/2568/1607 1726/2637/1699
f 1726/2637/1700 1729/2639/4061 1730/2638/1701
f 1728/2568/1607 1667/2567/1606 1729/2639/1702
f 1730/2640/1703 1729/2643/1704 1731/2641/1704
f 1729/2643/1706 1667/2565/1602 1669/2566/1604
f 1732/2644/1707 1731/2647/4062 1733/2645/1708
f 1731/2647/1710 1669/2569/1608 1671/2571/1610
f 1734/2646/1709 1733/2645/1708 1735/2648/1712
f 1733/2645/1711 1671/2571/1610 1673/2575/1615
f 1736/2649/1713 1735/2648/1712 1737/2584/1715
f 1735/2648/1714 1673/2575/1615 1675/2578/1619
f 1738/2650/1716 1737/2584/1715 1678/2585/1717
f 1742/2651/1718 1740/2652/1719 1738/2650/1716
f 1740/2652/1719 1741/2697/1741 1736/2649/1713
f 1741/2653/1 1740/2656/1 1743/2654/1
f 1740/2656/1 1742/2660/1 1745/2657/1
f 1693/2599/1648 1744/2668/1726 1743/2658/1720
f 1691/2597/1645 1743/2658/1720 1745/2659/1721
f 1742/2660/1 1748/2664/1 1746/2661/1
f 1689/2595/1642 1745/2659/1721 1746/2662/1722
f 1687/2592/1638 1746/2662/1722 1747/2663/1723
f 1748/2664/1 1749/7713/1 1747/2665/1
f 1748/2666/1724 1742/2651/1718 1739/2588/1631
f 1749/2667/1725 1748/2666/1724 1681/2589/1633
f 1749/2667/1725 1683/2590/1635 1685/2593/1639
f 1695/2601/1651 1750/2705/1744 1744/2668/1726
f 1750/2669/1 1752/2700/1 1751/2670/1
f 1751/2670/1 1754/2675/1 1741/2653/1
f 1751/2671/1727 1752/2701/1742 1701/2611/1662
f 1756/2672/1 1754/2675/1 1751/2670/1
f 1753/2674/1728 1751/2671/1727 1703/2614/1666
f 1754/2675/1 1755/2691/1 1764/2676/1
f 1727/2635/1697 1755/2693/1737 1754/2677/1729
f 1724/2632/1693 1754/2677/1729 1756/2678/1730
f 1721/2629/1689 1756/2678/1730 1757/2679/1731
f 1757/2680/1 1756/2672/1 1753/2673/1
f 1718/2627/1686 1757/2679/1731 1758/2682/1732
f 1758/2683/1 1757/2680/1 1759/2681/1
f 1759/2685/1733 1753/2674/1728 1705/2616/1669
f 1760/2686/1734 1759/2685/1733 1707/2618/1672
f 1762/2687/1 1758/2683/1 1760/2684/1
f 1761/2689/1735 1760/2686/1734 1709/2620/1675
f 1713/2623/1680 1762/2690/1736 1761/2689/1735
f 1715/2625/1683 1758/2682/1732 1762/2690/1736
f 1755/2691/1 1763/7714/1 1765/2692/1
f 1755/2693/1737 1727/2635/1697 1730/2638/1701
f 1732/2644/1707 1734/2646/1709 1764/2695/1739
f 1741/2697/1741 1764/2695/1739 1734/2646/1709
f 1732/2642/1705 1765/7715/71 1763/2698/71
f 1767/2699/1 1766/7716/1 1752/2700/1
f 1699/2609/1660 1701/2611/1662 1752/2701/1742
f 1767/2703/101 1697/2607/1658 1699/2606/1657
f 1750/2705/1744 1695/2601/1651 1697/2603/1654
f 1662/2554/1746 1664/2557/1605 1728/2568/1607
f 1660/2551/1747 1662/2554/1746 1725/2636/1698
f 1658/2548/1748 1660/2551/1747 1722/2633/1694
f 1654/2544/1749 1658/2548/1748 1719/2630/1690
f 1613/2707/101 1768/2753/101 1835/2708/101
f 1769/2710/101 1613/2707/101 1771/2711/101
f 1778/2716/1750 1771/7717/1750 1774/2717/1751
f 1777/2719/1753 1775/2718/1752 1774/2717/1751
f 1779/2721/1754 1778/2716/4063 1775/2718/1755
f 1827/2723/1757 1776/2722/1756 1775/2718/1755
f 1781/2724/1759 1780/7718/1760 1778/2725/1760
f 1778/2725/1762 1780/7718/1763 1783/2727/1763
f 1781/2729/1764 1815/2782/1805 1782/2730/1765
f 1780/2731/1767 1782/2730/1770 1784/2732/1768
f 1786/2735/1769 1785/2738/1772 1784/2732/1768
f 1788/2737/1771 1787/2741/1771 1785/2738/1772
f 1790/2740/1773 1789/7719/4064 1787/2741/1771
f 1792/2743/1774 1791/7720/1774 1789/2744/1774
f 1791/2746/101 1794/2750/101 1769/2710/101
f 1793/2747/1775 1791/7721/1776 1792/2748/1776
f 1796/2752/101 1841/2824/101 1768/2753/101
f 1769/2754/14 1794/7722/14 1795/2755/14
f 1798/2759/1777 1797/2767/1787 1802/2760/1778
f 1801/2762/1780 1796/7723/1780 1798/2759/1777
f 1799/2761/1781 1802/2760/1785 1803/2763/1782
f 1846/2765/1784 1801/2762/4065 1799/2761/1781
f 1802/2760/1785 1804/2749/1788 1805/2766/1786
f 1797/2767/1787 1793/2747/1775 1804/2749/1775
f 1804/2749/1788 1792/2748/4066 1807/2768/1789
f 1805/2766/1786 1807/2768/1789 1808/2769/1790
f 1803/2763/1782 1805/2766/1786 1806/2770/1791
f 1808/2772/1793 1807/2775/1795 1809/2773/1794
f 1807/2775/1795 1792/2743/1796 1790/2745/1796
f 1810/2776/1797 1809/2779/1800 1811/2777/1798
f 1809/2779/1800 1790/2740/4067 1788/2737/1801
f 1812/2778/1799 1811/2777/1798 1813/2780/1802
f 1811/2777/1798 1788/2737/1801 1786/2735/1804
f 1814/2781/1803 1813/2780/1802 1815/2782/1805
f 1813/2780/1802 1786/2735/1804 1782/2730/1765
f 1818/2784/1807 1816/2783/1806 1815/2782/1805
f 1884/2785/1808 1814/2781/1903 1816/2783/1809
f 1819/2787/1811 1817/2786/1810 1816/2783/1809
f 1819/2788/1813 1818/7724/4068 1820/2789/1814
f 1820/2789/1816 1818/7724/4069 1781/2724/1759
f 1821/2791/1817 1820/2794/4070 1822/2792/1818
f 1820/2794/1820 1779/2721/1754 1776/2722/1756
f 1825/2795/1822 1823/2793/1819 1822/2792/1818
f 1824/2796/1824 1822/2792/1821 1776/2722/1756
f 1875/2797/1825 1825/2795/1822 1824/2796/1823
f 1826/2798/1827 1824/2796/1824 1827/2723/1757
f 1828/2799/1828 1827/2723/1757 1777/2719/1758
f 1873/2801/1830 1826/2798/1827 1828/2799/1828
f 1829/2802/1831 1828/2799/1828 1830/2800/1829
f 1831/2803/1833 1830/2800/1834 1772/2804/1834
f 1830/2800/1834 1777/2719/1753 1773/2720/1753
f 1831/2806/1836 1832/7725/1836 1833/2807/1837
f 1835/2809/1839 1832/7725/1839 1831/2806/1839
f 1833/2811/1840 1832/2814/4071 1834/2812/1841
f 1832/2814/1843 1835/7726/1843 1836/2815/1844
f 1834/2812/1844 1836/2815/1844 1837/2817/1845
f 1838/2818/1845 1837/2817/1845 1839/2820/1846
f 1839/2820/1846 1841/7727/1848 1842/2823/1848
f 1841/2825/1849 1796/7728/1849 1801/2826/1849
f 1842/2827/1850 1801/2826/1850 1846/2828/1851
f 1840/2821/1853 1842/2823/4072 1843/2830/1854
f 1843/2829/1852 1846/2828/1851 1847/2832/1856
f 1845/2831/1855 1843/2830/1854 1844/2834/1857
f 1847/2836/1859 1846/2765/1784 1800/2764/1783
f 1844/2833/1861 1847/2832/1861 1848/2838/1862
f 1848/2840/1864 1847/2836/4073 1849/2837/1865
f 1849/2837/1865 1851/2771/1868 1852/2842/1867
f 1800/2764/1783 1803/2763/1782 1851/2771/1792
f 1851/2771/1868 1806/2770/1907 1853/2843/1869
f 1856/2844/1870 1850/2841/1866 1852/2842/1867
f 1854/2845/1871 1852/2842/1867 1853/2843/1869
f 1858/2847/101 1857/2851/101 1854/2848/101
f 1859/2850/101 1856/2862/101 1854/2848/101
f 1860/2852/1873 1857/2856/1877 1858/2853/1874
f 1863/2855/1876 1859/2859/1881 1857/2856/1877
f 1861/2854/1875 1868/2864/1889 1862/2857/1878
f 1860/2852/1873 1862/2857/1878 1864/2835/1879
f 1864/2835/1879 1844/2834/4074 1865/2858/1880
f 1865/2858/1880 1866/7729/4075 1859/2859/1881
f 1867/2860/63 1866/7730/63 1865/2839/1863
f 1866/2861/101 1867/7731/101 1856/2862/101
f 1867/2863/1882 1848/2840/1864 1850/2841/1866
f 1862/2857/1883 1869/2865/1885 1845/2831/1855
f 1868/2864/1884 1870/2813/1842 1869/2865/1885
f 1870/2813/1842 1834/2812/1841 1838/2818/1886
f 1869/2865/1885 1838/2818/1886 1840/2821/1853
f 1871/2866/1887 1833/2811/1840 1870/2813/1842
f 1872/2867/1888 1871/2866/4076 1868/2864/1889
f 1871/2868/1890 1872/2874/1891 1874/2869/1891
f 1833/2807/1837 1871/2868/1892 1873/2870/1892
f 1874/2871/1893 1875/2797/1825 1826/2798/1826
f 1876/2872/1895 1877/2881/1897 1875/2797/1825
f 1876/2873/14 1874/2869/1891 1872/2874/1891
f 1876/2876/101 1878/7732/101 1858/2847/101
f 1861/2854/1875 1858/2853/1874 1878/2878/1896
f 1877/2877/101 1880/2882/101 1882/2879/101
f 1877/2881/1897 1879/2900/1912 1825/2795/1822
f 1877/2877/101 1858/2847/101 1855/2849/101
f 1885/2883/1898 1883/2888/1901 1880/2884/1899
f 1881/2886/101 1880/2882/101 1855/2849/101
f 1883/2888/1901 1884/2785/1808 1882/2889/1902
f 1883/2888/1901 1812/2778/1904 1814/2781/1903
f 1885/2883/1898 1810/2776/4077 1812/2778/1904
f 1886/2890/1905 1808/2772/1906 1810/2774/1906
f 1885/2891/1905 1881/7733/1 1887/2892/1
f 1806/2770/1907 1808/2769/4078 1886/2893/1908
f 1855/2846/1872 1853/2843/1869 1886/2893/1908
f 1884/2785/1808 1817/2786/1810 1888/2895/1910
f 1879/2880/101 1882/2879/101 1888/2896/101
f 1888/2896/101 1889/7734/101 1891/2898/101
f 1817/2786/1810 1819/2787/1811 1889/2899/1911
f 1879/2900/1912 1890/2901/1913 1823/2793/1819
f 1890/2901/1913 1891/7735/4079 1821/2791/1817
f 1821/2790/1815 1891/7736/100 1889/2902/100
f 1795/2903/71 1892/7737/71 1894/2904/71
f 1961/2906/71 1594/3016/71 1604/2907/71
f 1895/2909/71 1909/2931/71 1897/2910/71
f 1900/2914/1914 1897/7738/1915 1904/2915/1915
f 1903/2917/1917 1899/3004/1917 1900/2914/1914
f 1901/2916/1918 1904/2915/4080 1905/2918/1919
f 1953/2920/1921 1903/2917/1992 1901/2916/1918
f 1904/2921/1922 1906/2925/1922 1907/2922/1923
f 1904/2921/1925 1897/7739/1925 1909/2924/1926
f 1907/2926/1927 1906/2929/4081 1908/2927/1928
f 1906/2929/1930 1909/7740/1930 1910/2930/1931
f 1910/2930/1931 1911/2935/1934 1912/2933/1933
f 1911/2935/1934 1913/2938/1936 1914/2936/1935
f 1913/2938/1936 1915/7741/1937 1916/2939/1937
f 1915/2941/1938 1917/7742/1938 1918/2942/1938
f 1895/2909/71 1920/2948/71 1917/2944/71
f 1918/2945/1939 1917/7743/1939 1919/2946/1940
f 1920/2948/71 1594/3016/71 1967/2950/71
f 1921/2952/14 1920/7744/14 1895/2953/14
f 1928/2957/1941 1923/2966/1952 1924/2958/1942
f 1927/2960/1944 1925/2959/1943 1924/2958/1942
f 1929/2962/1945 1928/2957/1951 1925/2959/1946
f 1972/2964/1948 1926/2963/1947 1925/2959/1946
f 1931/2965/1950 1930/2947/1954 1928/2957/1951
f 1930/2947/1940 1919/2946/1940 1923/2966/1952
f 1933/2967/1953 1918/2945/4082 1930/2947/1954
f 1934/2968/1955 1933/2967/1953 1931/2965/1950
f 1932/2969/1956 1931/2965/1950 1929/2962/1945
f 1935/2971/1958 1933/2974/1961 1934/2972/1959
f 1916/2943/1960 1918/2942/1960 1933/2974/1961
f 1937/2975/1962 1935/2978/1966 1936/2976/1963
f 1914/2936/1965 1916/2939/4083 1935/2978/1966
f 1939/2979/1967 1937/2975/1962 1938/2977/1964
f 1912/2933/1969 1914/2936/1965 1937/2975/1962
f 1941/2928/1929 1939/2979/1967 1940/2980/1968
f 1908/2927/1928 1912/2933/1969 1939/2979/1967
f 1944/2982/1971 1907/2926/1927 1941/2928/1929
f 1942/2981/1972 1940/2980/2060 2010/2983/1973
f 1945/2985/1975 1944/2982/4084 1942/2981/1972
f 1946/2986/1976 1944/2989/4085 1945/2987/1977
f 1946/2986/1979 1905/2923/1924 1907/2922/1923
f 1948/2990/1981 1946/2993/4086 1947/2991/1982
f 1902/2919/1920 1905/2918/1919 1946/2993/1984
f 1951/2994/1986 1950/2995/1989 1948/2990/1981
f 1950/2995/1987 1953/2920/1921 1902/2919/1920
f 2001/2996/1988 1952/2997/2055 1950/2995/1989
f 1952/2997/1990 1954/2998/1991 1953/2920/1921
f 1954/2998/1991 1956/3001/1995 1903/2917/1992
f 1999/2999/1993 1955/3000/1994 1954/2998/1991
f 1955/3000/1994 1957/3002/4087 1956/3001/1995
f 1957/3002/1996 1896/7745/4088 1898/3003/1997
f 1956/3001/1997 1898/3003/1997 1899/3004/1917
f 1957/3005/1998 1955/3070/2053 1959/3006/1999
f 1957/3005/2000 1958/3007/2000 1961/3008/2000
f 1959/3010/2001 1996/3064/2045 1960/3011/2002
f 1958/3012/2004 1960/3011/2005 1962/3013/2005
f 1960/3011/2005 1964/3019/2007 1963/3017/2006
f 1964/3019/2007 1966/3023/2010 1965/3020/2008
f 1968/3022/2009 1967/7746/2009 1965/3020/2008
f 1927/3024/2011 1922/7747/2011 1967/3025/2011
f 1972/3027/2012 1927/3024/2013 1968/3026/2013
f 1969/3029/2015 1968/3022/4089 1966/3023/2016
f 1973/3031/2018 1972/3027/2012 1969/3028/2014
f 1970/3033/2019 1969/3029/2015 1971/3030/2017
f 1973/3035/2021 1975/3039/2030 1926/2963/1947
f 1974/3036/2022 1973/3031/2023 1970/3032/2023
f 1974/3038/2025 1976/3041/2029 1975/3039/2026
f 1978/3040/2028 1977/2970/2032 1975/3039/2026
f 1977/2970/1957 1929/2962/1945 1926/2963/1947
f 1979/3042/2031 1932/2969/2066 1977/2970/2032
f 1978/3040/2028 1976/3041/2029 1982/3043/1870
f 1979/3042/2031 1978/3040/2028 1980/3044/1871
f 1984/3046/71 1981/3081/71 1980/3047/71
f 1980/3047/71 1982/3060/71 1985/3049/71
f 1984/3050/2034 1983/3053/1877 1986/3051/2035
f 1983/3053/1877 1985/3058/1881 1989/3054/2037
f 1987/3052/2036 1986/3051/2035 1988/3055/2038
f 1986/3051/2035 1989/3054/2037 1990/3034/2040
f 1991/3057/2041 1970/3033/4090 1990/3034/2040
f 1985/3058/1881 1992/7748/4075 1991/3057/2041
f 1991/3037/2024 1992/7749/63 1993/3059/63
f 1982/3060/71 1993/7750/71 1992/3061/71
f 1976/3041/2029 1974/3038/2025 1993/3062/1882
f 1988/3055/2042 1990/3034/2020 1971/3030/2017
f 1994/3056/2044 1988/3055/2042 1995/3063/2043
f 1996/3064/2045 1995/3063/2043 1964/3019/2046
f 1995/3063/2043 1971/3030/2017 1966/3023/2016
f 1997/3065/2047 1994/3056/2044 1996/3064/2045
f 1998/3066/2048 1987/3052/2036 1994/3056/2039
f 2000/3067/2050 1998/3074/2056 1997/3068/2051
f 1999/3069/2052 1997/3068/2052 1959/3006/1999
f 2000/3071/2054 1999/2999/4091 1952/2997/2055
f 2001/2996/1988 2003/3080/2057 2002/3072/1895
f 2000/3067/2050 2002/7751/14 2004/3073/14
f 1984/3046/71 2004/7752/71 2002/3075/71
f 2004/3077/1896 1984/3050/2034 1987/3052/2036
f 2003/3076/71 2005/3095/71 2008/3078/71
f 1951/2994/1986 2005/3100/1912 2003/3080/2057
f 1981/3081/71 1984/3046/71 2003/3076/71
f 2006/3082/1899 2009/3087/2059 2011/3083/2058
f 2007/3085/71 2013/7753/71 1981/3081/71
f 2008/3086/1902 2010/2983/1973 2009/3087/2059
f 1940/2980/2060 1938/2977/2061 2009/3087/2059
f 1938/2977/2061 1936/2976/4092 2011/3083/2058
f 1936/2973/2062 1934/2972/2062 2012/3088/2063
f 2007/3090/1 2011/3089/2064 2012/3088/2063
f 2012/3092/2065 1934/2968/4093 1932/2969/2066
f 2012/3092/2065 1979/3042/2031 1981/3045/2033
f 2014/3094/2067 1943/2984/1974 2010/2983/1973
f 2005/3095/71 2016/3098/71 2014/3096/71
f 2017/3097/71 2015/7754/71 2014/3096/71
f 2015/3099/1911 1945/2985/1975 1943/2984/1974
f 1949/2992/1983 2016/3101/2068 2005/3100/1912
f 1947/2991/1982 2017/7755/4079 2016/3101/2068
f 2015/3102/100 2017/7756/100 1947/2988/1978
f 2019/3103/101 2020/7757/101 2018/3104/101
s 0
f 2025/3106/100 2024/7758/100 2021/3107/100
f 2023/3109/14 2028/7759/14 2022/3110/14
f 2026/3112/71 2023/7760/71 2021/3113/71
f 2028/3115/63 2023/7761/63 2026/3116/63
f 2028/3118/101 2027/7762/101 2025/3119/101
f 2029/3121/14 2030/7763/14 2033/3122/14
f 2036/3124/71 2030/7764/71 2029/3125/71
f 2032/3127/100 2034/7765/100 2031/3128/100
f 2032/3130/101 2033/7766/101 2035/3131/101
f 2035/3133/63 2033/7767/63 2030/3134/63
s 1
f 2037/3136/2069 2042/3143/4094 2043/3137/2070
f 2039/3142/2074 2044/7768/2074 2042/3143/2075
f 2047/3146/2078 2045/7769/2078 2044/3147/2078
f 2041/3149/2079 2046/7770/2079 2045/3150/100
f 2048/3153/100 2046/7770/2079 2041/3149/2079
f 2049/3155/2080 2048/7771/2080 2050/3156/2080
f 2054/3160/2081 2049/7772/2082 2051/3161/2082
f 2055/3164/2085 2054/3160/4095 2052/3162/2086
f 2056/3167/2089 2055/3164/2085 2053/3165/2087
f 2057/3169/2091 2056/3167/2089 2058/3168/2090
f 2062/3173/2094 2057/3169/2091 2059/3170/2091
f 2061/3176/2096 2063/7773/2096 2062/3173/2094
f 2064/3178/2098 2063/7773/2096 2061/3176/2096
f 2065/3180/2099 2064/3178/2098 2066/3179/2098
f 2068/3184/2102 2070/3187/2105 2065/3180/2099
f 2069/3186/2104 2071/3190/2108 2070/3187/2105
f 2069/3186/2104 2074/3192/2107 2072/3189/2107
f 2075/3191/2109 2073/3196/2109 2072/3189/2107
f 2076/3195/2112 2077/3198/2114 2073/3196/2109
f 2038/3138/2071 2043/3137/2070 2077/3198/2114
f 2101/3199/2115 2079/3202/2118 2078/3200/2116
f 2079/3202/2118 2111/3249/2145 2080/3203/2119
f 2088/3210/2125 2090/3232/2129 2086/3208/2123
f 2089/3211/2126 2088/3210/2125 2087/3207/2122
f 2088/3212/2125 2089/3248/2126 2093/3213/2127
f 2090/3215/2129 2088/3212/2125 2091/3214/2128
f 2091/3217/2128 2092/3221/2132 2095/3218/2131
f 2093/3220/2127 2109/3247/2146 2092/3221/2132
f 2098/3222/2133 2096/3225/2134 2094/3219/2130
f 2090/3215/2129 2094/3216/2130 2096/3223/2134
f 2096/3225/2134 2098/3222/2133 2110/3226/2136
f 2099/3228/2135 2096/7774/2134 2097/3229/2137
f 2099/3231/2135 2084/3209/2124 2086/3208/2123
f 2085/3205/2120 2084/3209/2124 2099/3231/2135
f 2101/3199/2115 2081/3201/2117 2085/3205/2120
f 2101/3234/2115 2100/3230/2138 2097/3229/2137
f 2102/3235/2139 2104/3244/2141 2079/3236/2118
f 2102/3237/2139 2103/3240/2142 2106/3238/2140
f 2097/3227/2137 2110/3226/2136 2103/3240/2142
f 2104/3239/2141 2106/3238/2140 2107/3241/2143
f 2111/3243/2145 2079/3236/2118 2104/3244/2141
f 2105/3242/2144 2107/3241/2143 2109/3247/2146
f 2089/3248/2126 2111/3243/2145 2105/3245/2144
f 2089/3211/2126 2083/3206/2121 2080/3203/2119
f 2116/3250/2147 2117/3442/2155 2113/3251/2148
f 2113/3251/2149 2234/3441/2149 2115/3253/2149
f 2112/3252/2149 2115/3253/2149 2153/3254/2150
f 2119/3256/2152 2116/3250/2147 2112/3252/2148
f 2118/3257/2154 2198/3392/2216 2117/3258/2155
f 2118/3257/2154 2116/3259/2147 2119/3260/2152
f 2120/3261/2156 2119/3260/2152 2121/3262/2157
f 2121/3264/2157 2119/3256/2152 2114/3255/2153
f 2151/3266/2160 2123/3303/2181 2121/3267/2157
f 2121/3262/2157 2123/3287/2181 2125/3269/2162
f 2124/3270/2158 2125/3282/2162 2128/3271/2163
f 2127/3273/2165 2120/3317/2156 2124/3274/2158
f 2126/3275/2167 2129/7775/2167 2130/3276/2168
f 2128/3271/2170 2131/3279/2173 2129/3277/2171
f 2134/3278/2172 2132/3281/2175 2131/3279/2173
f 2135/3280/2174 2133/7776/4096 2132/3281/2175
f 2125/3282/2162 2136/7777/2179 2134/3278/2176
f 2134/3278/2176 2136/7777/2179 2138/3283/2177
f 2136/3284/2179 2137/7778/4097 2139/3285/2180
f 2123/3287/2181 2137/7778/4097 2136/3284/2179
f 2139/3285/2180 2142/7779/2186 2140/3288/2182
f 2135/3289/2183 2138/7780/2177 2140/3290/2182
f 2141/3291/2185 2140/3290/2182 2142/3292/2186
f 2142/3292/2186 2139/7781/2180 2144/3294/2187
f 2141/3291/63 2143/3293/2383 2145/3295/63
f 2143/3293/2190 2144/3294/2190 2147/3297/2190
f 2150/3298/2191 2148/3302/2195 2147/3299/2192
f 2150/3298/2191 2151/3266/2199 2149/3301/2194
f 2150/3298/2196 2137/7782/4097 2123/3303/2181
f 2139/3304/2180 2137/7782/4097 2150/3298/2196
f 2122/3268/2198 2152/7783/2198 2149/3301/2194
f 2114/3255/2151 2153/3254/2150 2152/3305/2200
f 2141/3291/2201 2146/3296/2201 2133/3306/2201
f 2127/3273/2169 2130/3276/2168 2154/3307/2202
f 2157/3309/2204 2156/3308/2203 2154/3307/2202
f 2159/3311/2205 2158/3319/2210 2156/3312/2203
f 2161/3314/2206 2118/7784/2154 2156/3315/2207
f 2156/3308/2207 2118/7785/2154 2120/3317/2156
f 2171/3318/2209 2160/7786/4098 2158/3319/2210
f 2163/3320/2211 2161/3314/2206 2158/3316/2208
f 2164/3322/2213 2162/7787/4099 2161/3323/2214
f 2161/3323/2214 2162/7787/4099 2198/3325/2216
f 2165/3327/2217 2167/3329/2218 2164/3322/2213
f 2168/3328/63 2165/3333/63 2163/3320/2211
f 2167/3329/2218 2165/3327/2217 2166/3330/2219
f 2169/3332/63 2166/3353/63 2165/3333/63
f 2168/3334/2220 2160/7786/4098 2171/3318/2209
f 2168/3334/2220 2170/3335/2221 2172/3336/2222
f 2164/3338/2223 2167/3341/100 2170/3339/100
f 2167/3341/100 2173/3343/100 2172/3342/100
f 2173/3343/100 2175/7788/100 2174/3344/100
f 2169/3337/2222 2172/3336/2222 2174/3345/2225
f 2174/3344/100 2175/7788/100 2182/3347/100
f 2176/3349/2226 2178/3368/2226 2177/3346/2225
f 2180/3350/63 2179/7789/2189 2177/3351/63
f 2177/3351/63 2179/7789/2189 2166/3353/63
f 2180/3354/2227 2182/3359/2227 2175/3355/2228
f 2173/3331/2219 2166/3330/2219 2179/3356/2229
f 2187/3357/63 2181/7790/63 2180/3350/63
f 2181/3358/2230 2183/3362/2232 2182/3359/2227
f 2182/3347/100 2183/7791/100 2185/3360/100
f 2189/3361/2231 2184/3387/2242 2183/3362/2232
f 2185/3360/100 2183/7791/100 2184/3363/100
f 2186/3365/2233 2188/3372/2236 2187/3366/2234
f 2185/3367/2234 2187/3366/2234 2178/3368/2226
f 2189/3369/63 2181/7790/63 2187/3357/63
f 2186/3365/2233 2191/3374/2235 2190/3371/2235
f 2188/3370/63 2190/3376/63 2192/3373/63
f 2191/3374/2235 2194/7792/2237 2193/3375/2237
f 2190/3376/63 2193/7793/63 2195/3377/63
f 2196/3378/2238 2195/7794/2238 2193/3379/2238
f 2192/3381/2239 2195/7795/2240 2196/3382/2240
f 2191/3384/100 2197/3388/100 2196/3385/100
f 2189/3361/2231 2192/3381/2239 2197/3383/2241
f 2186/3364/100 2184/3363/100 2197/3388/100
f 2162/3389/2243 2164/3338/2223 2171/3340/2224
f 2157/3391/2245 2198/7796/2216 2162/3389/2243
f 2198/3392/2216 2199/7797/2247 2200/3393/2246
f 2199/3394/2247 2198/7798/2216 2157/3309/2245
f 2200/3393/2246 2199/7797/2247 2201/3396/2249
f 2201/3398/2249 2199/3394/2247 2202/3395/2248
f 2157/3309/2204 2155/3310/2202 2204/3400/2252
f 2202/3395/2253 2204/3400/2252 2205/3401/2254
f 2208/3402/2255 2203/3409/2256 2205/3403/2256
f 2208/3402/2255 2206/3404/2257 2207/3405/2258
f 2210/3406/2260 2211/7799/2297 2209/3407/2261
f 2208/3402/2262 2209/3407/2261 2201/3408/2249
f 2213/3410/2264 2211/7799/2297 2210/3406/2260
f 2210/3406/2259 2207/3405/2258 2215/3412/2266
f 2235/3413/2267 2213/7800/2264 2212/3414/2268
f 2212/3414/2270 2215/7801/2270 2216/3416/2271
f 2214/3415/2272 2216/3416/2272 2217/3417/2272
f 2219/3418/2273 2217/3417/2273 2218/3419/2273
f 2221/3420/2275 2222/7802/2281 2220/3421/2276
f 2219/3418/2278 2220/3421/2276 2235/3413/2267
f 2223/3422/2280 2224/7803/2298 2222/3423/2281
f 2221/3424/2283 2218/7804/2283 2226/3425/2284
f 2233/3426/2286 2224/7803/2298 2223/3422/2280
f 2223/3422/2285 2226/3425/2284 2227/3428/2288
f 2225/3427/2289 2227/3428/2288 2228/3429/2290
f 2231/3431/2291 2230/3436/2292 2228/3432/2292
f 2232/3434/2250 2233/3426/2286 2225/3427/2287
f 2231/3431/2295 2200/7805/2246 2232/3435/2250
f 2232/3397/2250 2201/3396/2249 2209/3437/2261
f 2233/3438/2286 2209/3437/2261 2211/3439/2297
f 2231/3431/2291 2229/3433/2293 2234/3441/2149
f 2117/3442/2155 2200/7805/2246 2231/3431/2295
f 2224/3440/2298 2211/3439/2297 2213/3443/2264
f 2222/3444/2281 2213/3443/2264 2235/3445/2267
f 2240/3447/2299 2239/7806/100 2236/3448/100
f 2239/3450/71 2241/3456/71 2238/3451/71
f 2243/3453/2301 2241/3459/2302 2239/3454/2302
f 2241/3456/71 2242/3619/71 2329/3457/71
f 2244/3458/2304 2242/3616/2302 2241/3459/2302
f 2245/3460/2305 2243/3453/2301 2240/3455/2303
f 2247/3462/2307 2244/3458/2304 2243/3453/2301
f 2248/3463/2308 2245/3460/2305 2246/3461/2306
f 2251/3465/2310 2247/3462/2307 2245/3460/2305
f 2248/3466/2311 2252/3472/2316 2253/3467/2312
f 2251/3469/2314 2248/3466/2311 2249/3468/2313
f 2250/3464/2309 2254/3475/2319 2252/3471/2315
f 2252/3472/2316 2255/3477/2321 2256/3473/2317
f 2255/3474/2318 2252/3471/2315 2254/3475/2319
f 2255/3477/2321 2258/7807/63 2259/3478/63
f 2258/3479/2322 2255/3474/2318 2257/3476/2320
f 2259/3478/63 2258/7807/63 2261/3481/63
f 2261/3483/2323 2258/3479/2322 2260/3480/2322
f 2262/3482/63 2261/3481/63 2264/3485/63
f 2264/3487/2324 2261/3483/2323 2263/3484/2323
f 2266/3489/2325 2264/3487/2324 2265/3488/2324
f 2267/3486/63 2264/3485/63 2266/3491/63
f 2267/3493/2326 2268/3497/2326 2280/3494/2327
f 2269/3496/2328 2270/3499/2328 2268/3497/2326
f 2271/3498/2329 2272/3502/2329 2270/3499/2328
f 2266/3491/63 2274/7808/63 2271/3500/63
f 2273/3501/2330 2278/7809/2330 2272/3502/2329
f 2271/3500/63 2274/7808/63 2276/3503/63
f 2276/3505/2331 2274/3508/2332 2275/3506/2332
f 2274/3508/2332 2266/3489/2325 2279/3490/2325
f 2276/3509/2334 2277/7810/2334 2278/3510/2334
f 2277/3512/100 2275/7811/100 2272/3513/100
f 2272/3513/100 2275/7811/100 2279/3515/100
f 2279/3515/100 2265/3518/100 2268/3517/100
f 2265/3518/100 2263/3522/100 2280/3519/100
f 2262/3495/2327 2280/3494/2327 2281/3520/2335
f 2263/3522/100 2260/7812/100 2281/3523/100
f 2281/3523/100 2260/7812/100 2257/3524/2336
f 2259/3521/2335 2281/3520/2335 2282/3526/2338
f 2283/3528/2339 2253/3532/2343 2256/3527/2338
f 2282/3525/2337 2257/3524/2336 2254/3529/2340
f 2284/3531/2342 2249/3536/2347 2253/3532/2343
f 2283/3530/2341 2254/3529/2340 2250/3533/2344
f 2250/3533/2344 2246/3539/2349 2285/3535/2346
f 2249/3536/2347 2284/3531/2342 2285/3537/2348
f 2246/3539/2349 2240/3447/2299 2237/3449/2300
f 2289/3540/2350 2249/3536/2347 2286/3538/2348
f 2290/3542/2351 2289/3540/2350 2287/3541/2348
f 2289/3540/2350 2290/3542/2351 2292/3544/2339
f 2291/3546/2352 2294/3552/2357 2251/3547/2353
f 2291/3545/2339 2292/3544/2339 2322/3549/2355
f 2293/3551/2356 2296/3559/2361 2294/3552/2357
f 2297/3553/2318 2295/3556/2359 2294/3554/2358
f 2251/3465/2310 2294/3554/2358 2295/3556/2359
f 2299/3558/100 2298/7813/100 2296/3559/2361
f 2300/3560/2322 2297/3553/2318 2296/3555/2320
f 2301/3562/100 2298/7813/100 2299/3558/100
f 2302/3564/2323 2300/3560/2322 2298/3561/2322
f 2320/3566/2362 2302/3564/2323 2301/3565/2323
f 2303/3568/100 2301/3562/100 2304/3563/100
f 2305/3570/2327 2304/3574/2327 2299/3571/2335
f 2307/3573/2326 2306/3576/2326 2304/3574/2327
f 2309/3575/2328 2308/3580/2328 2306/3576/2326
f 2311/3577/100 2303/3568/100 2306/3569/100
f 2319/3579/2329 2310/3597/2329 2308/3580/2328
f 2313/3581/100 2311/3577/100 2308/3578/100
f 2313/3583/2364 2314/7814/4100 2312/3584/2365
f 2311/3585/2366 2312/3584/2365 2320/3566/2362
f 2317/3586/2367 2314/7814/4100 2313/3583/2364
f 2315/3588/100 2313/3581/100 2310/3582/100
f 2318/3590/2370 2317/7815/4101 2315/3591/2371
f 2319/3593/63 2314/7816/63 2317/3594/63
f 2318/3596/2330 2316/7817/2330 2310/3597/2329
f 2312/3598/63 2314/7816/63 2319/3593/63
f 2307/3600/63 2320/3602/63 2312/3598/63
f 2305/3601/63 2302/3604/63 2320/3602/63
f 2321/3603/63 2300/7818/63 2302/3604/63
f 2321/3572/2335 2299/3571/2335 2293/3550/2355
f 2297/3605/2373 2300/7818/63 2321/3603/63
f 2295/3607/2375 2297/3605/2373 2322/3606/2374
f 2323/3609/2377 2295/3607/2375 2292/3608/2376
f 2323/3557/2360 2324/3612/2380 2247/3462/2307
f 2288/3611/2379 2324/3614/2382 2323/3609/2377
f 2324/3612/2380 2325/7819/4102 2244/3458/2304
f 2327/3613/2381 2325/3618/2383 2324/3614/2382
f 2244/3458/2304 2325/7819/4102 2326/3615/2302
f 2328/3617/63 2326/7820/63 2325/3618/2383
f 2242/3619/71 2326/7821/71 2328/3620/71
f 2332/3621/71 2362/3675/71 2331/3622/71
f 2330/3623/71 2333/7822/71 2335/3624/71
f 2336/3625/2384 2335/7823/63 2333/3626/63
f 2332/3628/2386 2335/7824/2386 2336/3629/2387
f 2339/3631/2389 2337/3630/2388 2336/3629/2387
f 2338/3633/2391 2336/3625/2384 2334/3627/2385
f 2343/3635/2393 2339/3631/2389 2338/3632/2390
f 2341/3637/2395 2338/3633/2391 2340/3634/2392
f 2343/3639/2397 2341/7825/2397 2342/3640/2397
f 2389/3642/2398 2345/3727/2447 2343/3643/2399
f 2346/3645/2401 2348/3653/2407 2339/3631/2389
f 2343/3635/2393 2345/3682/2428 2349/3646/2402
f 2347/3647/2403 2351/7826/2403 2350/3648/2403
f 2346/3650/2404 2349/3679/2425 2364/3651/2405
f 2348/3653/2407 2346/3645/2401 2350/3654/2408
f 2350/3656/2410 2351/7827/4103 2354/3657/2411
f 2363/3659/2413 2348/3653/2407 2352/3655/2409
f 2352/3658/2412 2354/3657/2411 2355/3661/859
f 2356/3663/2416 2354/3667/2420 2351/3664/2417
f 2358/3666/2419 2355/7828/4104 2354/3667/2420
f 2347/3665/2418 2344/3671/2423 2357/3668/2421
f 2357/3668/2421 2340/3672/2424 2334/3669/2422
f 2344/3671/2423 2342/7829/2417 2340/3672/2424
f 2353/3662/2415 2355/3661/859 2360/3673/100
f 2362/3675/71 2361/7830/71 2360/3676/71
f 2363/3659/2413 2353/3660/2414 2361/3677/2386
f 2337/3630/2388 2363/3659/2413 2362/3678/2386
f 2348/3653/2407 2363/3659/2413 2337/3630/2388
f 2349/3679/2425 2365/3684/2429 2366/3680/2426
f 2365/3681/2427 2349/3646/2402 2345/3682/2428
f 2365/3684/2429 2368/7831/100 2369/3685/100
f 2368/3686/2430 2365/3681/2427 2367/3683/2427
f 2369/3685/100 2368/7831/100 2371/3688/2431
f 2371/3690/2432 2368/3686/2430 2370/3687/2430
f 2372/3689/2431 2371/3688/2431 2374/3692/100
f 2374/3694/2433 2371/3690/2432 2373/3691/2432
f 2376/3696/2434 2374/3694/2433 2375/3695/2433
f 2374/3692/100 2376/3706/100 2379/3698/2369
f 2377/3699/2435 2378/3703/2435 2386/3700/2436
f 2379/3702/2437 2380/3705/2439 2378/3703/2435
f 2379/3702/2437 2381/7832/2438 2382/3704/2438
f 2376/3706/100 2383/7833/100 2381/3707/2369
f 2381/3708/2435 2383/7834/2435 2384/3709/2435
f 2384/3711/2440 2383/7835/2440 2376/3696/2434
f 2382/3712/63 2384/7836/63 2385/3713/63
f 2380/3714/63 2385/3713/63 2375/3715/2383
f 2375/3715/2383 2373/3720/63 2386/3717/2383
f 2372/3701/2436 2386/3700/2436 2387/3718/2441
f 2373/3720/63 2370/7837/2189 2387/3721/63
f 2387/3721/63 2370/7837/2189 2367/3722/2442
f 2369/3719/2441 2387/3718/2441 2388/3724/2444
f 2389/3726/2446 2364/3728/2448 2366/3725/2445
f 2388/3723/2443 2367/3722/2442 2345/3727/2447
f 2344/3671/2423 2347/3665/2418 2364/3728/2448
f 2394/3729/2449 2393/7838/100 2390/3730/100
f 2393/3732/101 2395/3738/101 2392/3733/101
f 2397/3735/2451 2395/3741/2452 2393/3736/2452
f 2395/3738/101 2396/3886/101 2475/3739/101
f 2398/3740/2454 2396/3883/2452 2395/3741/2452
f 2399/3742/2455 2397/3735/2451 2394/3737/2453
f 2401/3744/2457 2398/3740/2454 2397/3735/2451
f 2402/3745/2458 2399/3742/2455 2400/3743/2456
f 2405/3747/2460 2401/3744/2457 2399/3742/2455
f 2402/3748/2461 2406/3755/2467 2407/3749/2462
f 2405/3751/2464 2402/7839/2465 2403/3752/2465
f 2404/3746/2459 2408/3758/2470 2406/3754/2466
f 2406/3755/2467 2409/3760/2472 2410/3756/2468
f 2409/3757/2469 2406/3754/2466 2408/3758/2470
f 2409/3760/2472 2412/3764/63 2413/3761/63
f 2412/3762/2473 2409/3757/2469 2411/3759/2471
f 2412/3764/63 2415/7840/63 2416/3765/63
f 2415/3766/2327 2412/3762/2473 2414/3763/2474
f 2416/3765/63 2415/7840/63 2418/3768/2189
f 2418/3770/2326 2415/3766/2327 2417/3767/2327
f 2420/3772/2328 2418/3770/2326 2419/3771/2326
f 2421/3769/2189 2418/3768/2189 2420/3774/63
f 2421/3776/2324 2422/3780/2324 2430/3777/2323
f 2423/3779/2325 2424/3782/2325 2422/3780/2324
f 2425/3781/2476 2426/7841/2476 2424/3782/2325
f 2420/3774/63 2427/7842/2383 2425/3783/2383
f 2425/3784/2324 2427/7843/2324 2428/3785/2324
f 2427/3787/2477 2420/3772/2328 2429/3773/2475
f 2426/3789/100 2428/7844/100 2429/3790/100
f 2429/3790/100 2419/3793/100 2422/3792/100
f 2419/3793/100 2417/7845/100 2430/3794/100
f 2416/3778/2323 2430/3777/2323 2431/3795/2329
f 2430/3794/100 2417/7845/100 2414/3797/100
f 2431/3798/100 2414/3797/100 2411/3799/2478
f 2413/3796/2329 2431/3795/2329 2432/3801/2480
f 2433/3803/2481 2407/3807/2485 2410/3802/2480
f 2432/3800/2479 2411/3799/2478 2408/3804/2482
f 2434/3806/2484 2403/3811/2489 2407/3807/2485
f 2433/3805/2483 2408/3804/2482 2404/3808/2486
f 2404/3808/2486 2400/3814/2491 2435/3810/2488
f 2403/3811/2489 2434/3806/2484 2435/3812/2490
f 2400/3814/2491 2394/3729/2449 2391/3731/2450
f 2439/3815/2492 2403/3811/2489 2436/3813/2490
f 2440/3817/2493 2439/3815/2492 2437/3816/2490
f 2439/3815/2492 2440/3817/2493 2442/3819/2481
f 2441/3821/2494 2444/3827/2498 2405/3822/2495
f 2441/3820/2481 2442/3819/2481 2468/3824/2480
f 2443/3826/2497 2446/3834/2503 2444/3827/2498
f 2447/3828/2469 2445/3831/2501 2444/3829/2499
f 2405/3747/2460 2444/3829/2499 2445/3831/2501
f 2449/3833/100 2448/3838/100 2446/3834/2503
f 2450/3835/2473 2447/3828/2469 2446/3830/2500
f 2454/3837/100 2451/7846/100 2448/3838/100
f 2452/3839/2327 2450/3835/2473 2448/3836/2504
f 2466/3841/2505 2452/3839/2327 2451/3840/2327
f 2453/3843/100 2451/7846/100 2454/3837/100
f 2455/3845/2323 2454/3849/2323 2449/3846/2329
f 2457/3848/2324 2456/3851/2324 2454/3849/2323
f 2459/3850/2325 2458/3855/2325 2456/3851/2324
f 2461/3852/100 2453/3843/100 2456/3844/100
f 2465/3854/2476 2460/7847/2476 2458/3855/2325
f 2463/3856/2431 2461/3852/100 2458/3853/100
f 2463/3858/2508 2464/7848/4105 2462/3859/2509
f 2461/3860/2510 2462/3859/2509 2466/3841/2505
f 2465/3861/2324 2464/7849/2324 2463/3862/2324
f 2462/3864/63 2464/7850/63 2465/3865/63
f 2457/3867/2383 2466/3869/2383 2462/3864/63
f 2455/3868/63 2452/7851/63 2466/3869/2383
f 2450/3870/63 2452/7851/63 2455/3868/63
f 2467/3847/2329 2449/3846/2329 2443/3825/2480
f 2447/3872/2511 2450/3870/63 2467/3871/63
f 2445/3874/2513 2447/3872/2511 2468/3873/2512
f 2469/3876/2515 2445/3874/2513 2442/3875/2514
f 2469/3832/2502 2470/3879/2518 2401/3744/2457
f 2438/3878/2517 2470/3881/2520 2469/3876/2515
f 2470/3879/2518 2471/3882/2521 2398/3740/2454
f 2473/3880/2519 2471/3885/2522 2470/3881/2520
f 2471/3882/2521 2472/7852/2452 2396/3883/2452
f 2474/3884/63 2472/7853/63 2471/3885/2522
f 2396/3886/101 2472/7854/101 2474/3887/101
f 2477/3888/2523 2476/3892/2527 2479/3889/2524
f 2487/3891/2526 2478/3893/2528 2476/3892/2527
f 2486/3900/2534 2488/3918/2537 2481/3896/2530
f 2486/3900/2534 2485/3895/2529 2478/3893/2528
f 2486/3901/2534 2487/3936/2526 2491/3902/2535
f 2488/3904/2537 2486/3901/2534 2489/3903/2536
f 2489/3906/2536 2490/3910/2540 2493/3907/2539
f 2491/3909/2535 2508/3934/2553 2490/3910/2540
f 2492/3908/2538 2493/3907/2539 2495/3911/2541
f 2497/3913/2543 2488/3904/2537 2492/3905/2538
f 2505/3915/2544 2496/3930/2545 2494/3912/2542
f 2497/3913/2543 2494/3914/2542 2496/3916/2545
f 2488/3918/2537 2497/3920/2543 2482/3897/2531
f 2498/3919/2546 2484/3898/2532 2482/3897/2531
f 2483/3899/2533 2484/3898/2532 2498/3919/2546
f 2498/3917/2546 2496/3916/2545 2501/3922/2548
f 2500/3890/2525 2479/3889/2524 2483/3899/2533
f 2500/3924/2525 2499/7855/2547 2501/3925/2548
f 2501/3927/2548 2503/3931/2551 2504/3928/2550
f 2496/3930/2545 2505/3915/2544 2503/3931/2551
f 2509/3935/2554 2507/3933/2552 2508/3934/2553
f 2502/3929/2549 2504/3928/2550 2507/3933/2552
f 2487/3936/2526 2477/3938/2523 2509/3937/2554
f 2502/3926/2549 2509/3937/2554 2477/3938/2523
f 2514/3939/100 2513/3943/100 2510/3940/100
f 2512/3942/71 2510/3940/71 2513/3943/71
f 2516/3945/2302 2515/3944/2302 2513/3943/2302
f 2512/3942/63 2515/3944/63 2516/3945/63
f 2511/3941/2555 2517/3946/2556 2516/3945/2556
f 2522/3947/100 2521/3951/100 2518/3948/100
f 2520/3950/101 2518/3948/101 2521/3951/101
f 2522/3947/2452 2524/3953/2452 2523/3952/2452
f 2520/3950/63 2523/3952/63 2524/3953/63
f 2519/3949/2557 2525/3954/2557 2524/3953/2557
f 2529/3955/2558 2526/3959/2558 2527/3956/2559
f 2531/3958/2560 2528/3961/2560 2526/3959/2558
f 2532/3960/2561 2534/3963/2561 2528/3961/2560
f 2533/3962/2562 2535/7856/2562 2534/3963/2561
f 2538/3964/2563 2536/3968/2563 2535/3965/2562
f 2539/3967/2564 2537/3970/2564 2536/3968/2563
f 2540/3969/2565 2541/3971/2565 2537/3970/2564
f 2530/3957/2559 2527/3956/2559 2541/3971/2565
f 2543/3972/2566 2542/3975/1658 2545/3973/1658
f 2542/3975/1658 2544/3977/2567 2547/3976/2567
f 2544/3977/2567 2550/3979/2568 2548/3978/2568
f 2550/3979/2568 2551/7857/2569 2549/3980/2569
f 2551/3981/2569 2552/3984/2570 2554/3982/2570
f 2552/3984/2570 2553/3986/2571 2555/3985/2571
f 2553/3986/2571 2557/3988/2572 2556/3987/2572
f 2557/3988/2572 2543/3972/2566 2546/3974/2566
f 2558/3989/71 2559/4064/2573 2616/3990/2573
f 2558/3989/71 2560/3991/71 2563/3992/2574
f 2561/3993/2574 2563/3992/2574 2564/3994/2575
f 2565/3996/2576 2566/7858/2577 2564/3997/2577
f 2560/3999/2578 2567/7859/2578 2565/3996/2576
f 2568/4000/2579 2569/7860/2644 2566/4001/2580
f 2570/4003/2581 2568/4000/2579 2565/4002/2579
f 2571/4005/2582 2572/7861/4106 2569/4006/2583
f 2573/4008/2584 2571/4005/2582 2568/4007/2582
f 2574/4010/2574 2575/7862/2575 2572/4011/2575
f 2576/4013/71 2574/4010/2574 2571/4012/2574
f 2577/4015/2586 2580/4021/2591 2575/4016/2587
f 2579/4018/2589 2577/4015/2586 2574/4017/2588
f 2579/4018/2589 2609/7863/63 2578/4020/63
f 2578/4020/63 2581/7864/63 2580/4021/2591
f 2580/4022/2591 2581/7865/63 2584/4023/63
f 2580/4022/2591 2582/4024/2592 2583/4025/2593
f 2583/4025/2593 2582/4024/2592 2585/4027/2594
f 2584/4023/63 2587/4031/63 2585/4027/2594
f 2586/4028/2595 2585/4027/2594 2588/4029/2596
f 2587/4031/63 2589/4032/63 2588/4029/2596
f 2589/4032/63 2593/7866/63 2591/4033/2598
f 2588/4029/2596 2591/4033/2598 2592/4034/2599
f 2591/4033/2598 2594/4037/2601 2595/4035/2600
f 2591/4033/2598 2593/7866/63 2596/4036/63
f 2594/4037/2601 2597/4040/2603 2599/4038/2602
f 2594/4037/2601 2596/4036/63 2598/4039/63
f 2597/4040/2603 2598/4039/63 2602/4041/63
f 2597/4040/2603 2600/4042/2604 2601/4043/2605
f 2600/4042/2604 2603/4045/2607 2604/4044/2606
f 2602/4041/63 2605/7867/63 2603/4045/2607
f 2604/4044/2606 2603/4045/2607 2606/4046/2608
f 2603/4045/2607 2605/7867/63 2608/4048/63
f 2606/4046/2608 2579/4018/2589 2576/4019/2590
f 2608/4048/63 2609/7863/63 2579/4018/2589
f 2607/4049/2573 2576/4013/71 2573/4014/71
f 2604/4051/2610 2607/4049/2573 2610/4050/2573
f 2610/4053/2611 2573/4008/2584 2570/4009/2585
f 2611/4055/2613 2610/4053/2611 2612/4054/2612
f 2612/4057/2614 2570/4003/2581 2567/4004/2581
f 2615/4059/2615 2613/7868/2615 2612/4057/2614
f 2614/4060/2616 2567/7859/2578 2560/3999/2578
f 2617/4062/2618 2615/7869/4107 2614/4060/2616
f 2618/4063/2610 2617/4066/2610 2616/3990/2573
f 2620/4065/1 2619/4070/1 2617/4066/2610
f 2622/4067/2619 2615/7869/4107 2617/4062/2618
f 2653/4069/2620 2621/4100/2620 2619/4070/1
f 2621/4071/2621 2623/7870/2621 2622/4067/2619
f 2624/4072/2622 2613/7868/2615 2615/4059/2615
f 2623/4074/2623 2625/4092/2630 2624/4072/2622
f 2626/4075/2624 2611/4055/2613 2613/4056/2613
f 2627/4077/2625 2626/4075/2624 2624/4076/2624
f 2601/4079/1 2604/4051/2610 2611/4052/2610
f 2599/4081/2620 2601/4079/1 2626/4080/1
f 2595/4083/2626 2599/4081/2620 2627/4082/2620
f 2628/4085/2627 2627/4077/2625 2625/4078/2625
f 2592/4087/101 2595/4083/2626 2628/4084/2626
f 2629/4089/2628 2628/4085/2627 2630/4086/2627
f 2632/4091/2629 2630/4094/2629 2625/4092/2630
f 2633/4093/2631 2631/7871/2631 2630/4094/2629
f 2632/4095/2632 2623/7870/2621 2621/4071/2621
f 2633/4097/2633 2632/4095/2632 2634/4096/2632
f 2635/4099/2626 2634/4102/2626 2621/4100/2620
f 2637/4101/101 2636/4104/101 2634/4102/2626
f 2639/4103/2634 2638/4108/2634 2636/4104/101
f 2641/4105/2635 2633/4097/2633 2636/4098/2633
f 2652/4107/2636 2640/4137/2636 2638/4108/2634
f 2642/4109/2637 2641/4105/2635 2638/4106/2635
f 2643/4111/2638 2631/7871/2631 2633/4093/2631
f 2644/4113/2639 2643/4111/2638 2641/4112/2638
f 2643/4115/2640 2645/7872/2640 2629/4089/2628
f 2646/4116/2641 2645/7872/2640 2643/4115/2640
f 2590/4118/2634 2592/4087/101 2629/4088/101
f 2586/4120/2636 2590/4118/2634 2645/4119/2634
f 2583/4122/14 2586/4120/2636 2646/4121/2636
f 2647/4124/2642 2646/4116/2641 2644/4117/2641
f 2575/4126/2575 2583/4122/14 2647/4123/14
f 2569/4128/2583 2572/7873/4106 2647/4124/2642
f 2649/4129/2643 2648/7874/2643 2644/4113/2639
f 2569/4130/2644 2648/7874/2643 2649/4129/2643
f 2649/4132/2645 2642/4109/2637 2640/4110/2637
f 2566/4134/2577 2649/4132/2645 2650/4133/2645
f 2651/4136/14 2650/4139/14 2640/4137/2636
f 2562/4138/2575 2564/7875/2575 2650/4139/14
f 2656/4140/101 2712/7876/2626 2655/4141/2626
f 2659/4143/2634 2656/4140/101 2654/4142/101
f 2660/4145/2636 2659/4143/2634 2657/4144/2634
f 2660/4147/2637 2662/7877/2637 2661/4148/2635
f 2656/4150/2633 2659/4149/2646 2661/4148/2635
f 2662/4152/2647 2665/7878/2647 2664/4153/2638
f 2663/4155/2631 2661/4154/2638 2664/4153/2638
f 2664/4157/2640 2665/7879/2641 2668/4158/2641
f 2666/4160/2628 2664/4157/2640 2667/4159/2648
f 2668/4162/2636 2671/7880/2636 2670/4163/2634
f 2667/4164/2634 2670/4163/2634 2672/4165/101
f 2671/4167/2595 2676/4174/2650 2673/4168/2649
f 2670/4169/2597 2673/4168/2649 2675/4170/2598
f 2675/4170/2598 2673/4168/2649 2674/4172/63
f 2676/4174/2650 2677/7881/63 2674/4172/63
f 2676/4175/2650 2678/4181/2652 2680/4176/63
f 2679/4178/2593 2678/4181/2652 2676/4175/2650
f 2679/4178/2593 2682/4182/2587 2681/4180/2651
f 2681/4180/2651 2683/4184/63 2680/4176/63
f 2682/4182/2587 2686/4187/2588 2684/4183/2653
f 2684/4183/2653 2685/4186/63 2683/4184/63
f 2687/4185/2654 2689/4191/63 2685/4186/63
f 2686/4187/2588 2688/4189/2590 2687/4185/2654
f 2691/4188/2609 2690/4193/2655 2687/4185/2654
f 2687/4185/2654 2690/4193/2655 2692/4190/63
f 2695/4192/2606 2693/4195/2656 2690/4193/2655
f 2690/4193/2655 2693/4195/2656 2694/4194/63
f 2693/4195/2656 2696/4199/2658 2698/4196/63
f 2697/4197/2605 2696/4199/2658 2693/4195/2656
f 2700/4198/2657 2699/4200/2659 2696/4199/2658
f 2699/4200/2659 2701/4203/63 2698/4196/63
f 2703/4201/2600 2702/4204/2660 2699/4200/2659
f 2699/4200/2659 2702/4204/2660 2704/4202/63
f 2672/4171/2599 2675/4170/2598 2702/4204/2660
f 2675/4170/2598 2705/4173/63 2704/4202/63
f 2669/4166/101 2672/4165/101 2703/4205/2626
f 2706/4206/2626 2703/4205/2626 2700/4207/2620
f 2666/4160/2628 2669/4161/2628 2706/4209/2627
f 2708/4210/2627 2706/4209/2627 2707/4211/2625
f 2663/4155/2631 2666/4156/2631 2708/4213/2629
f 2710/4214/2629 2708/4213/2629 2709/4215/2630
f 2656/4150/2633 2663/4151/2633 2710/4217/2661
f 2713/4219/2621 2712/4218/2661 2710/4217/2661
f 2655/4141/2626 2712/7876/2626 2713/4221/2620
f 2713/4221/2620 2715/4226/1 2716/4223/1
f 2713/4219/2621 2711/4220/2621 2718/4224/2619
f 2715/4226/1 2717/4258/2610 2749/4227/2610
f 2717/4228/2618 2715/4225/2619 2718/4224/2619
f 2711/4216/2623 2709/4215/2630 2720/4230/2622
f 2719/4232/2662 2718/4231/2622 2720/4230/2622
f 2720/4234/2624 2709/4212/2625 2707/4211/2625
f 2720/4234/2624 2722/4235/2624 2723/4236/2613
f 2707/4208/2620 2700/4207/2620 2697/4238/1
f 2722/4239/1 2697/4238/1 2695/4240/2610
f 2723/4241/2610 2695/4240/2610 2691/4242/2573
f 2721/4237/2613 2723/4236/2613 2724/4244/2611
f 2724/4243/2573 2691/4242/2573 2688/4246/71
f 2726/4245/2611 2724/4244/2611 2725/4248/2585
f 2728/4250/2614 2719/4232/2662 2721/4233/2615
f 2728/4250/2614 2726/4251/2614 2727/4252/2581
f 2717/4228/2618 2719/4229/2618 2728/4254/2616
f 2730/4255/2616 2728/4254/2616 2729/4256/2578
f 2717/4258/2610 2730/4260/2573 2731/4259/2573
f 2730/4260/2573 2732/4262/71 2733/4261/71
f 2732/4262/71 2734/4266/2574 2735/4263/2574
f 2734/4264/2663 2732/4257/2578 2729/4256/2578
f 2734/4266/2574 2736/4298/2575 2748/4267/2575
f 2736/4268/2577 2734/4264/2663 2737/4265/2663
f 2729/4253/2581 2727/4252/2581 2739/4270/2579
f 2737/4271/2579 2739/4270/2579 2740/4272/2644
f 2739/4274/2582 2727/4249/2585 2725/4248/2585
f 2739/4274/2582 2741/4275/2582 2742/4276/2583
f 2725/4247/71 2688/4246/71 2686/4278/2574
f 2741/4279/2574 2686/4278/2574 2682/4280/2575
f 2742/4281/2575 2682/4280/2575 2679/4282/14
f 2740/4277/2583 2742/4276/2583 2743/4284/2642
f 2743/4283/14 2679/4282/14 2671/4286/2636
f 2665/4288/2641 2744/4285/2642 2743/4284/2642
f 2738/4273/2644 2740/4272/2644 2744/4290/2643
f 2745/4291/2643 2744/4290/2643 2665/4292/2647
f 2736/4268/2577 2738/4269/2577 2745/4294/2645
f 2746/4295/2645 2745/4294/2645 2662/4296/2637
f 2736/4298/2575 2746/4300/14 2747/4299/14
f 2746/4300/14 2660/7882/2636 2658/4301/2636
f 2751/4302/2626 2808/4377/2626 2752/4303/101
f 2750/4304/101 2752/4303/101 2755/4305/2634
f 2753/4306/2634 2755/4305/2634 2756/4307/2636
f 2757/4309/2664 2758/7883/2665 2756/4310/2665
f 2752/4312/2666 2759/7884/2666 2757/4309/2664
f 2760/4313/2667 2761/7885/2668 2758/4314/2668
f 2762/4316/2669 2760/4313/2667 2757/4315/2667
f 2760/4318/2670 2763/4322/2670 2764/4319/2671
f 2762/4321/2672 2765/7886/2672 2763/4322/2670
f 2766/4323/2634 2767/7887/2636 2764/4324/2636
f 2768/4326/101 2766/4323/2634 2763/4325/2634
f 2769/4328/2673 2772/4334/2678 2767/4329/2674
f 2771/4331/2676 2769/4328/2673 2766/4330/2675
f 2771/4331/2676 2801/7888/100 2770/4333/100
f 2770/4333/100 2773/7889/100 2772/4334/2678
f 2772/4335/2678 2773/7890/100 2776/4336/100
f 2772/4335/2678 2774/4337/2679 2775/4338/2680
f 2775/4338/2680 2774/4337/2679 2777/4340/2681
f 2776/4336/100 2779/4344/100 2777/4340/2681
f 2778/4341/2682 2777/4340/2681 2780/4342/2683
f 2779/4344/100 2781/4345/100 2780/4342/2683
f 2781/4345/100 2785/7891/100 2783/4346/2685
f 2782/4343/2684 2780/4342/2683 2783/4346/2685
f 2783/4346/2685 2786/4350/2688 2787/4348/2687
f 2783/4346/2685 2785/7891/100 2788/4349/100
f 2786/4350/2688 2789/4353/2690 2791/4351/2689
f 2786/4350/2688 2788/4349/100 2790/4352/100
f 2789/4353/2690 2790/4352/100 2794/4354/100
f 2791/4351/2689 2789/4353/2690 2792/4355/2691
f 2792/4355/2691 2795/4358/2694 2796/4357/2693
f 2794/4354/100 2797/7892/100 2795/4358/2694
f 2795/4358/2694 2798/4361/2696 2799/4359/2695
f 2795/4358/2694 2797/7892/100 2800/4360/100
f 2799/4359/2695 2798/4361/2696 2771/4331/2676
f 2800/4360/100 2801/7888/100 2771/4331/2676
f 2799/4362/2626 2768/4326/101 2765/4327/101
f 2796/4364/2620 2799/4362/2626 2802/4363/2626
f 2802/4366/2697 2765/7886/2672 2762/4321/2672
f 2803/4368/2698 2802/4366/2697 2804/4367/2697
f 2804/4370/2699 2762/4316/2669 2759/4317/2669
f 2807/4372/2700 2805/7893/2700 2804/4370/2699
f 2806/4373/2701 2759/7884/2666 2752/4312/2666
f 2809/4375/2702 2807/4381/2702 2806/4373/2701
f 2810/4376/2620 2809/4379/2620 2808/4377/2626
f 2812/4378/1 2811/4383/1 2809/4379/2620
f 2811/4380/2703 2814/4385/2703 2807/4381/2702
f 2845/4382/2610 2813/4414/2610 2811/4383/1
f 2813/4384/2704 2815/7894/2704 2814/4385/2703
f 2816/4386/2705 2805/7893/2700 2807/4372/2700
f 2815/4388/2706 2817/4406/2706 2816/4386/2705
f 2818/4389/2707 2803/4368/2698 2805/4369/2698
f 2819/4391/2708 2818/4389/2707 2816/4390/2707
f 2793/4393/1 2796/4364/2620 2803/4365/2620
f 2791/4395/2610 2793/4393/1 2818/4394/1
f 2787/4397/2573 2791/4395/2610 2819/4396/2610
f 2820/4399/2709 2819/4391/2708 2817/4392/2708
f 2784/4401/71 2787/4397/2573 2820/4398/2573
f 2821/4403/2710 2820/4399/2709 2822/4400/2709
f 2824/4405/2711 2822/7895/2711 2817/4406/2706
f 2823/4407/2712 2822/7895/2711 2824/4405/2711
f 2824/4409/2713 2815/7894/2704 2813/4384/2704
f 2825/4411/2714 2824/4409/2713 2826/4410/2713
f 2827/4413/2573 2826/4416/2573 2813/4414/2610
f 2829/4415/71 2828/4418/71 2826/4416/2573
f 2831/4417/2574 2830/4421/2574 2828/4418/71
f 2830/4419/2715 2833/4423/2715 2825/4411/2714
f 2844/4420/2575 2832/4450/2575 2830/4421/2574
f 2832/4422/2716 2834/7896/2716 2833/4423/2715
f 2835/4424/2717 2823/4407/2712 2825/4408/2712
f 2834/4426/2718 2836/4442/2723 2835/4424/2717
f 2835/4427/2719 2837/7897/2719 2821/4403/2710
f 2838/4428/2720 2837/7897/2719 2835/4427/2719
f 2782/4430/2574 2784/4401/71 2821/4402/71
f 2778/4432/2575 2782/4430/2574 2837/4431/2574
f 2775/4434/14 2778/4432/2575 2838/4433/2575
f 2839/4436/2721 2838/4428/2720 2836/4429/2720
f 2767/4438/2636 2775/4434/14 2839/4435/14
f 2761/4440/2671 2764/7898/2671 2839/4436/2721
f 2841/4441/2722 2840/7899/2722 2836/4442/2723
f 2761/4443/2668 2840/7899/2722 2841/4441/2722
f 2841/4445/2724 2834/7896/2716 2832/4422/2716
f 2758/4447/2665 2841/4445/2724 2842/4446/2724
f 2843/4449/14 2842/4452/14 2832/4450/2575
f 2754/4451/2636 2756/7900/2636 2842/4452/14
f 2848/4453/71 2904/4534/2573 2847/4454/2573
f 2851/4456/2574 2848/4453/71 2846/4455/71
f 2852/4458/2575 2851/4456/2574 2849/4457/2574
f 2852/4460/2716 2854/7901/2716 2853/4461/2725
f 2848/4463/2714 2851/4462/2725 2853/4461/2725
f 2854/4465/2718 2857/7902/2723 2856/4466/2717
f 2853/4467/2717 2856/4466/2717 2858/4468/2712
f 2856/4470/2719 2857/7903/2720 2860/4471/2720
f 2858/4473/2710 2856/4470/2719 2859/4472/2719
f 2860/4475/2575 2863/7904/2575 2862/4476/2574
f 2859/4477/2574 2862/4476/2574 2864/4478/71
f 2863/4480/2682 2868/4487/2729 2865/4481/2726
f 2862/4482/2684 2865/4481/2726 2867/4483/2727
f 2867/4483/2727 2865/4481/2726 2866/4485/100
f 2868/4487/2729 2869/7905/100 2866/4485/100
f 2868/4488/2729 2870/4492/2730 2872/4489/100
f 2863/4491/2682 2871/4493/2680 2870/4492/2730
f 2871/4493/2680 2874/4495/2674 2873/4494/2731
f 2873/4494/2731 2875/4497/100 2872/4489/100
f 2874/4495/2674 2878/4501/2675 2876/4496/2732
f 2876/4496/2732 2877/4499/100 2875/4497/100
f 2879/4498/2733 2881/4504/100 2877/4499/100
f 2880/4500/2677 2879/4498/2733 2876/4496/2732
f 2883/4502/2695 2882/4506/2735 2879/4498/2733
f 2879/4498/2733 2882/4506/2735 2884/4503/100
f 2887/4505/2734 2885/4508/2736 2882/4506/2735
f 2882/4506/2735 2885/4508/2736 2886/4507/100
f 2885/4508/2736 2888/4512/2737 2890/4509/100
f 2889/4510/2692 2888/4512/2737 2885/4508/2736
f 2892/4511/2689 2891/4513/2738 2888/4512/2737
f 2891/4513/2738 2893/4516/100 2890/4509/100
f 2892/4511/2689 2895/4517/2740 2894/4514/2739
f 2891/4513/2738 2894/4514/2739 2896/4515/100
f 2864/4484/2728 2867/4483/2727 2894/4514/2739
f 2867/4483/2727 2897/4486/100 2896/4515/100
f 2861/4479/71 2864/4478/71 2895/4518/2573
f 2898/4519/2573 2895/4518/2573 2892/4520/2610
f 2858/4473/2710 2861/4474/2710 2898/4522/2741
f 2900/4523/2709 2898/4522/2741 2899/4524/2708
f 2855/4469/2712 2858/4468/2712 2900/4526/2711
f 2902/4527/2711 2900/4526/2711 2901/4528/2706
f 2848/4463/2714 2855/4464/2714 2902/4530/2713
f 2905/4532/2704 2904/4531/2713 2902/4530/2713
f 2904/4534/2573 2905/4536/2610 2906/4535/2610
f 2905/4536/2610 2907/4540/1 2908/4537/1
f 2907/4538/2703 2905/4532/2704 2903/4533/2704
f 2907/4540/1 2909/4572/2620 2941/4541/2620
f 2909/4542/2702 2907/4538/2703 2910/4539/2703
f 2903/4529/2706 2901/4528/2706 2912/4544/2705
f 2910/4545/2705 2912/4544/2705 2913/4546/2700
f 2912/4548/2707 2901/4525/2708 2899/4524/2708
f 2912/4548/2707 2914/4549/2707 2915/4550/2698
f 2899/4521/2610 2892/4520/2610 2889/4552/1
f 2914/4553/1 2889/4552/1 2887/4554/2620
f 2915/4555/2620 2887/4554/2620 2883/4556/2626
f 2918/4558/2697 2913/4551/2698 2915/4550/2698
f 2916/4557/2626 2883/4556/2626 2880/4560/101
f 2918/4558/2697 2916/4559/2697 2917/4562/2672
f 2920/4564/2699 2911/4547/2700 2913/4546/2700
f 2920/4564/2699 2918/4565/2699 2919/4566/2669
f 2922/4568/2701 2909/4542/2702 2911/4543/2702
f 2922/4568/2701 2920/4569/2701 2921/4570/2666
f 2909/4572/2620 2922/4574/2626 2923/4573/2626
f 2922/4574/2626 2924/4576/101 2925/4575/101
f 2924/4576/101 2926/4580/2634 2927/4577/2634
f 2924/4571/2666 2921/4570/2666 2929/4578/2664
f 2926/4580/2634 2928/4612/2636 2940/4581/2636
f 2926/4579/2664 2929/4578/2664 2930/4582/2665
f 2921/4567/2669 2919/4566/2669 2931/4584/2667
f 2929/4585/2667 2931/4584/2667 2932/4586/2668
f 2931/4588/2670 2919/4563/2672 2917/4562/2672
f 2931/4588/2670 2933/4589/2670 2934/4590/2671
f 2917/4561/101 2880/4560/101 2878/4592/2634
f 2933/4593/2634 2878/4592/2634 2874/4594/2636
f 2934/4595/2636 2874/4594/2636 2871/4596/14
f 2932/4591/2671 2934/4590/2671 2935/4598/2721
f 2935/4597/14 2871/4596/14 2863/4600/2575
f 2857/4602/2720 2936/4599/2721 2935/4598/2721
f 2937/4604/2722 2930/4587/2668 2932/4586/2668
f 2854/4606/2718 2937/4604/2722 2936/4605/2722
f 2928/4583/2665 2930/4582/2665 2937/4608/2724
f 2938/4609/2724 2937/4608/2724 2854/4610/2716
f 2928/4612/2636 2938/4614/14 2939/4613/14
f 2938/4614/14 2852/7906/2575 2850/4615/2575
f 2945/4616/2742 2942/4623/2749 2943/4617/2743
f 2942/4619/2745 2946/4625/2751 2949/4620/2746
f 2945/4616/2742 3284/5077/3151 2944/4622/2748
f 2944/4624/2750 2948/7907/4108 2946/4625/2751
f 2946/4625/2751 2947/4628/2754 2951/4626/2752
f 2946/4625/2751 2948/7907/4108 3278/4627/2753
f 2943/4621/2747 2949/4620/2746 2950/4629/2755
f 2949/4620/2746 2951/4626/2752 2952/4631/2757
f 2953/4632/2758 2956/4641/2767 2952/4631/2757
f 2955/4633/2759 2953/4632/2758 2951/4626/2752
f 2953/4634/2760 2954/4638/2764 2957/4635/2761
f 2955/4637/2763 3276/5060/2763 2954/4638/2764
f 2956/4636/2762 2957/4635/2761 2959/4639/2765
f 2956/4641/2767 2958/4645/2771 2961/4642/2768
f 2958/4640/2766 2959/4639/2765 3302/4643/2769
f 2958/4645/2771 2960/4671/2797 2962/4646/2772
f 2963/4647/2773 2961/4642/2768 2962/4646/2772
f 2950/4629/2755 2952/4631/2757 2961/4642/2768
f 2967/4649/2775 2965/4650/2776 2963/4647/2773
f 2966/4630/2756 2950/4629/2755 2963/4647/2773
f 2969/4651/2777 2966/5090/3164 2965/4652/2778
f 2968/4653/2779 2965/4652/2778 2967/4654/2780
f 2968/4653/2779 2970/4657/2783 3292/4656/2782
f 2971/4655/2781 2972/4659/2785 2970/4657/2783
f 2973/4658/2784 2974/4662/2788 2972/4659/2785
f 2971/4655/2781 2967/4654/2780 2976/4660/2786
f 2975/4661/2787 3005/4700/2825 2974/4662/2788
f 2973/4658/2784 2976/4660/2786 2977/4663/2789
f 2976/4664/2790 2967/4649/2775 2964/4648/2774
f 2976/4664/2790 2978/4665/2791 2979/4666/2792
f 2978/4665/2791 2980/4669/2795 2981/4668/2794
f 2978/4665/2791 2964/4648/2774 2962/4646/2772
f 2982/4670/2796 2984/4678/2803 2981/4668/2794
f 2982/4670/2796 2980/4669/2795 2962/4646/2772
f 2982/4672/2798 2983/4675/2801 2985/4673/2799
f 2982/4672/2798 2960/4644/2770 3302/4643/2769
f 2986/4676/2802 2984/4674/2800 2985/4673/2799
f 2984/4678/2803 2986/4683/2808 2988/4679/2804
f 2986/4676/2802 2987/4677/1 2990/4680/2805
f 2989/4682/2807 2992/4686/2811 2988/4679/2804
f 2990/4680/2805 3233/7908/4109 2991/4684/2809
f 2991/4685/2810 2993/7909/4110 2992/4686/2811
f 2995/4687/2812 2988/4679/2804 2992/4686/2811
f 2992/4686/2811 2993/7909/4110 2996/4689/2814
f 2995/4687/2812 2994/4688/2813 2997/4690/2815
f 2994/4688/2813 2996/4689/2814 2998/4692/2817
f 2997/4693/2818 2998/5128/3197 3001/4694/2819
f 2999/4696/2821 2997/4693/2818 3000/4695/2820
f 3307/4698/2823 3002/4699/2824 3000/4695/2820
f 3002/4699/2824 3004/4701/2826 3003/4697/2822
f 3003/4697/2822 3004/4701/2826 3005/4700/2825
f 2975/4661/2787 2977/4663/2789 2999/4696/2821
f 3004/4701/2826 3006/4705/2830 3007/4702/2827
f 3009/4703/2828 3006/4705/2830 3004/4701/2826
f 3118/4704/2829 3007/4702/2827 3006/4705/2830
f 3006/4705/2830 3009/4703/2828 3011/4707/2832
f 3010/4708/2833 3009/4703/2828 3002/4699/2824
f 3009/4703/2828 3010/4708/2833 3012/4709/2834
f 3013/4710/2835 3015/7910/1 3008/4706/2831
f 3014/4711/2836 3013/4710/2835 3011/4707/2832
f 3014/4712/2837 3018/4719/2844 3016/4713/2838
f 3013/4714/2839 3016/4713/2838 3017/4715/2840
f 3019/4717/2842 3021/4721/2846 3017/4715/2840
f 3022/4718/2843 3019/4717/2842 3016/4713/2838
f 3020/4720/2845 3308/5130/3199 3021/4721/2846
f 3023/4722/2847 3020/4720/2845 3019/4717/2842
f 3025/4723/2848 3023/4722/2847 3022/4718/2843
f 3024/4724/2849 3022/4718/2843 3018/4719/2844
f 3028/4726/2851 3025/4723/2848 3024/4724/2849
f 3027/4727/2852 3024/4724/2849 3026/4725/2850
f 3031/4729/2854 3028/4726/2851 3027/4727/2852
f 3030/4730/2855 3027/4727/2852 3029/4728/2853
f 3034/4732/2857 3031/4729/2854 3030/4730/2855
f 3033/4733/2858 3030/4730/2855 3032/4731/2856
f 3037/4735/2860 3034/4732/2857 3033/4733/2858
f 3036/4736/2861 3033/4733/2858 3035/4734/2859
f 3039/4738/2863 3040/7911/4111 3037/4735/2860
f 3041/4739/2864 3039/4738/2863 3036/4736/2861
f 3043/4740/2865 3040/5215/3269 3039/4741/2866
f 3039/4741/2866 3041/7912/4112 3044/4743/2868
f 3046/4744/2869 3043/7913/3230 3042/4745/2870
f 3045/4746/2871 3042/4745/2870 3044/4747/2872
f 3048/4749/2874 3049/4752/2877 3046/4744/2869
f 3050/4750/2875 3048/4749/2874 3045/4746/2871
f 3051/4751/2876 3052/4755/2880 3049/4752/2877
f 3053/4753/2878 3051/4751/2876 3048/4749/2874
f 3054/4754/2879 3055/4758/2883 3052/4755/2880
f 3056/4756/2881 3054/4754/2879 3051/4751/2876
f 3057/4757/2882 3058/4761/2886 3055/4758/2883
f 3059/4759/2884 3057/4757/2882 3054/4754/2879
f 3060/4760/2885 3061/4764/2889 3058/4761/2886
f 3062/4762/2887 3060/4760/2885 3057/4757/2882
f 3063/4763/2888 3064/4767/2892 3061/4764/2889
f 3065/4765/2890 3063/4763/2888 3060/4760/2885
f 3066/4766/2891 3067/4770/2895 3064/4767/2892
f 3068/4768/2893 3066/4766/2891 3063/4763/2888
f 3066/4766/2891 3069/4771/2896 3070/4769/2894
f 3068/4768/2893 3071/4773/2898 3069/4771/2896
f 3069/4771/2896 3072/4774/2899 3073/4772/2897
f 3071/4773/2898 3074/4776/2901 3072/4774/2899
f 3072/4774/2899 3075/4777/2902 3076/4775/2900
f 3074/4776/2901 3077/4779/2904 3075/4777/2902
f 3075/4777/2902 3078/4780/2905 3079/4778/2903
f 3077/4779/2904 3080/4782/2907 3078/4780/2905
f 3078/4780/2905 3081/4783/2908 3082/4781/2906
f 3080/4782/2907 3083/4785/2910 3081/4783/2908
f 3081/4783/2908 3084/4786/2911 3085/4784/2909
f 3083/4785/2910 3086/4788/2913 3084/4786/2911
f 3084/4786/2911 3087/4789/2914 3088/4787/2912
f 3086/4788/2913 3089/4792/2917 3087/4789/2914
f 3090/4790/2915 3091/5165/3230 3088/4787/2912
f 3092/4791/2916 3090/4790/2915 3087/4789/2914
f 3093/4793/2918 3094/5160/3225 3091/4794/2919
f 3092/4796/2921 3095/7914/4113 3093/4793/2918
f 3093/4797/2922 3096/4801/2926 3097/4798/2923
f 3095/4800/2925 3098/4804/2929 3096/4801/2926
f 3099/4802/2927 3100/4806/2931 3097/4798/2923
f 3101/4803/2928 3099/4802/2927 3096/4801/2926
f 3102/4805/2930 3103/4809/2934 3100/4806/2931
f 3104/4807/2932 3102/4805/2930 3099/4802/2927
f 3105/4808/2933 3106/4812/2937 3103/4809/2934
f 3107/4810/2935 3105/4808/2933 3102/4805/2930
f 3108/4811/2936 3109/4815/2940 3106/4812/2937
f 3110/4813/2938 3108/4811/2936 3105/4808/2933
f 3111/4814/2939 3112/4818/2943 3109/4815/2940
f 3113/4816/2941 3111/4814/2939 3108/4811/2936
f 3114/4817/2942 3115/4820/2945 3112/4818/2943
f 3116/4819/2944 3114/4817/2942 3111/4814/2939
f 3021/4721/2846 3308/5130/3199 3115/4820/2945
f 3017/4715/2840 3021/4721/2846 3114/4817/2942
f 3117/4821/2946 3015/4716/2841 3017/4715/2840
f 3119/4822/2947 3117/4821/2946 3116/4819/2944
f 3008/4706/2831 3015/7910/1 3117/4823/2948
f 3118/4704/2829 3117/4823/2948 3119/4824/2949
f 3120/4825/2950 3119/4824/2949 3121/4826/2951
f 3119/4822/2947 3113/4816/2941 3110/4813/2938
f 3122/4827/2952 3121/4826/2951 3123/4829/2954
f 3121/4828/2953 3110/4813/2938 3107/4810/2935
f 3124/4830/2955 3123/4829/2954 3125/4832/2957
f 3125/4834/2959 3123/4831/2956 3107/4810/2935
f 3126/4833/2958 3125/4832/2957 3127/4835/2960
f 3127/4837/2962 3125/4834/2959 3104/4807/2932
f 3128/4836/2961 3127/4835/2960 3129/4838/2963
f 3129/4840/2965 3127/4837/2962 3101/4803/2928
f 3132/4841/2966 3130/4839/2964 3129/4838/2963
f 3131/4843/2968 3129/4840/2965 3098/4804/2929
f 3132/4844/2969 3131/7915/71 3133/4845/71
f 3131/4847/2971 3095/7914/4113 3092/4796/2921
f 3134/4849/2973 3133/7916/4114 3135/4850/2974
f 3133/4852/2079 3092/4791/2916 3089/4792/2917
f 3138/4854/2977 3136/4851/2975 3135/4850/2974
f 3137/4856/2979 3135/4853/2976 3089/4792/2917
f 3140/4857/2980 3138/4854/2977 3137/4855/2978
f 3137/4856/2979 3086/4788/2913 3083/4785/2910
f 3142/4860/2983 3140/4857/2980 3139/4858/2981
f 3141/4862/2985 3139/4859/2982 3083/4785/2910
f 3144/4863/2986 3142/4860/2983 3141/4861/2984
f 3141/4862/2985 3080/4782/2907 3077/4779/2904
f 3146/4866/2989 3144/4863/2986 3143/4864/2987
f 3143/4865/2988 3077/4779/2904 3074/4776/2901
f 3148/4869/2992 3146/4866/2989 3145/4867/2990
f 3147/4871/2994 3145/4868/2991 3074/4776/2901
f 3150/4872/2077 3148/4869/2992 3147/4870/2993
f 3149/4874/2995 3147/4871/2994 3071/4773/2898
f 3150/4872/2077 3149/4873/14 3151/4875/2996
f 3149/4874/2995 3068/4768/2893 3065/4765/2890
f 3152/4876/2997 3151/4875/2996 3153/4878/2999
f 3151/4877/2998 3065/4765/2890 3062/4762/2887
f 3154/4879/3000 3153/4878/2999 3155/4881/3002
f 3062/4762/2887 3059/4759/2884 3155/4883/3004
f 3156/4882/3003 3155/4881/3002 3157/4884/3005
f 3059/4759/2884 3056/4756/2881 3157/4886/3006
f 3158/4885/2983 3157/4884/3005 3159/4887/3007
f 3157/4886/3006 3056/4756/2881 3053/4753/2878
f 3160/4888/3008 3159/4887/3007 3161/4890/3010
f 3053/4753/2878 3050/4750/2875 3161/4892/3012
f 3162/4891/3011 3161/4890/3010 3163/4893/2974
f 3161/4892/3012 3050/4750/2875 3047/4748/2873
f 3163/4893/2974 3165/7917/4115 3166/4896/3015
f 3047/4748/2873 3044/4747/2872 3165/4897/2079
f 3167/4898/101 3168/4936/3048 3166/4899/3016
f 3044/4743/2868 3041/7912/4112 3167/4901/2972
f 3168/4903/3017 3167/7918/4116 3169/4904/3018
f 3167/4906/2968 3041/4739/2864 3038/4737/2862
f 3169/4904/3018 3171/4910/3023 3172/4908/3021
f 3169/4907/3020 3038/4737/2862 3035/4734/2859
f 3171/4910/3023 3173/4913/3026 3174/4911/3024
f 3171/4909/3022 3035/4734/2859 3032/4731/2856
f 3173/4913/3026 3175/4916/3029 3176/4914/3027
f 3173/4912/3025 3032/4731/2856 3029/4728/2853
f 3175/4916/3029 3177/4919/2951 3178/4917/3030
f 3029/4728/2853 3026/4725/2850 3177/4918/3031
f 3177/4919/2951 3014/4711/2836 3012/4709/2834
f 3026/4725/2850 3018/4719/2844 3014/4712/2837
f 3010/4708/2833 3179/4920/3032 3178/4917/3030
f 3179/4920/3032 3181/4922/3034 3176/4914/3027
f 3179/4920/3032 3010/4708/2833 3307/4698/2823
f 3181/4922/3034 3179/4920/3032 3180/4921/3033
f 3183/4924/3036 3181/4922/3034 3182/4923/3035
f 3181/4922/3034 3183/4924/3036 3174/4911/3024
f 3185/4926/3038 3183/4924/3036 3184/4925/3037
f 3183/4924/3036 3185/4926/3038 3172/4908/3021
f 3187/4928/3040 3185/4926/3038 3186/4927/3039
f 3185/4926/3038 3187/4928/3040 3170/4905/3019
f 3190/4930/3042 3189/4931/3043 3187/4928/3040
f 3170/4905/3019 3187/4928/3040 3189/4931/3043
f 3191/4932/3044 3189/4935/3047 3190/4933/3045
f 3189/4935/3047 3191/4932/3044 3166/4899/3016
f 3192/4934/3046 3190/4933/3045 3195/4939/3050
f 3197/4943/3052 3194/7919/4117 3193/4940/3051
f 3195/4944/3053 3190/4930/3042 3188/4929/3041
f 3196/4945/3054 3198/7920/4118 3197/4946/3055
f 3200/4947/3056 3199/4954/3062 3197/4948/2750
f 3202/4950/3058 3194/7921/63 3197/4951/3059
f 3200/4947/3056 3211/4968/3068 3201/4953/3061
f 3203/4955/3063 3202/4950/3058 3199/4952/3060
f 3202/4957/14 3203/7922/14 3204/4958/3065
f 3206/4959/2507 3204/7923/100 3203/4955/3063
f 3205/4960/2978 3243/7924/4119 3164/4894/3013
f 3205/4961/101 3204/7925/101 3206/4962/101
f 3208/4964/3066 3209/4971/3066 3207/4965/3067
f 3206/4967/2079 3201/4953/3061 3211/4968/3068
f 3208/4964/3066 3210/5127/3196 3240/4970/3070
f 3208/4969/3069 3211/4968/3068 3212/4972/3071
f 3200/4947/3056 3214/4976/3075 3212/4972/3071
f 3210/4973/3072 3212/4972/3071 3213/4974/3073
f 3213/4974/3073 3212/4972/3071 3214/4976/3075
f 3215/4977/3076 3214/4976/3075 3216/4978/3077
f 3214/4976/3075 3200/4947/3056 3198/4949/3057
f 3216/4980/3079 3198/7920/4118 3196/4945/3054
f 3217/4982/3081 3216/4980/3079 3218/4981/3080
f 3188/4929/3041 3186/4927/3039 3218/4981/3080
f 3186/4927/3039 3184/4925/3037 3219/4983/3082
f 3184/4925/3037 3182/4923/3035 3220/4984/3083
f 3222/4985/3084 3217/4982/3081 3219/4983/3082
f 3182/4923/3035 3180/4921/3033 3221/4986/3085
f 3223/4987/3086 3222/4985/3084 3220/4984/3083
f 3224/4988/3087 3215/4977/3076 3217/4979/3078
f 3223/4990/3089 3225/4992/3091 3224/4988/3087
f 3227/4991/3090 3226/4993/3092 3224/4988/3087
f 3226/4993/3092 3213/4974/3073 3215/4977/3076
f 3228/4994/3093 3226/4993/3092 3227/4991/3090
f 3230/4975/3074 3213/4974/3073 3226/4993/3092
f 3232/4996/3095 3229/4999/3098 3228/4997/3096
f 3229/4999/3098 3238/5126/3195 3230/5000/3099
f 2991/4684/2809 3233/7908/4109 3232/4996/3095
f 3227/4991/3090 2993/7909/4110 2991/4685/2810
f 3229/5001/3100 3232/5004/3103 3234/5002/3101
f 3232/5004/3103 3233/5111/3182 3235/5005/3104
f 3238/5006/3105 3229/5001/3100 3236/5003/3102
f 3240/5008/3107 3238/5006/3105 3237/5007/3106
f 3209/5010/3109 3240/5008/3107 3239/5009/3108
f 3241/5013/100 3242/5019/100 3205/5015/100
f 3242/5016/3111 3244/5021/3114 3245/5017/3112
f 3244/5021/3114 3246/5023/3116 3247/5022/3115
f 3246/5023/3116 3248/5025/3118 3249/5024/3117
f 3248/5025/3118 3250/5027/3120 3251/5026/3119
f 3250/5027/3120 3252/5029/3122 3253/5028/3121
f 3252/5029/3122 3254/5031/3124 3255/5030/3123
f 3254/5031/3124 3256/5034/100 3257/5032/100
f 3259/5033/3125 3257/5032/100 3256/5034/100
f 3259/5033/3125 3258/5035/3126 3260/5036/3127
f 3261/5037/3128 3260/5036/3127 3262/5038/3129
f 3263/5039/3130 3262/5038/3129 3264/5040/3131
f 3265/5041/3132 3264/5040/3131 3266/5042/3133
f 3267/5043/3134 3266/5042/3133 3268/5044/3135
f 3269/5045/3136 3268/5044/3135 3270/5046/3137
f 3272/5051/100 3275/5058/100 3273/5048/100
f 3136/4851/2975 3271/5113/3183 3273/5052/3010
f 3274/5054/71 3273/7926/71 3275/5055/71
f 2955/4637/2763 3277/7927/4120 3275/5059/3140
f 3277/5061/2079 2955/4633/2759 2947/4628/2754
f 3277/5062/3141 3278/5066/3144 3279/5063/3142
f 2948/5065/3143 3280/5070/3146 3279/5063/3142
f 3274/5053/3139 3279/7928/14 3280/5067/14
f 2944/5069/2522 3281/7929/63 3280/5070/3146
f 3282/5072/3147 3281/7930/4121 2944/5073/3148
f 3284/5074/3149 3285/5080/3154 3283/5076/3150
f 3284/5077/3151 2945/4616/2742 3287/5078/3152
f 3285/5080/3154 3286/5091/3165 3297/5081/3155
f 3285/5079/3153 3287/5078/3152 3288/5082/3156
f 3290/4618/2744 3289/5084/3158 3287/5078/3152
f 3289/5084/3158 3291/5085/3159 3288/5082/3156
f 2969/4651/2777 3292/4656/2782 3289/5084/3158
f 3292/4656/2782 3293/5086/3160 3291/5085/3159
f 2970/4657/2783 3294/5087/3161 3293/5086/3160
f 3128/4836/2961 3291/5085/3159 3293/5086/3160
f 3126/4833/2958 3293/5086/3160 3294/5087/3161
f 2972/4659/2785 3295/5088/3162 3294/5087/3161
f 3124/4830/2955 3294/5087/3161 3295/5088/3162
f 2974/4662/2788 3296/5089/3163 3295/5088/3162
f 3122/4827/2952 3295/5088/3162 3296/5089/3163
f 3005/4700/2825 3007/4702/2827 3296/5089/3163
f 3120/4825/2950 3296/5089/3163 3007/4702/2827
f 3130/4839/2964 3288/5082/3156 3291/5085/3159
f 3290/4618/2744 2943/4617/2743 2966/5090/3164
f 3130/4839/2964 3132/4841/2966 3286/5083/3157
f 3134/4846/2970 3297/5081/3155 3286/5091/3165
f 3298/5093/3166 2954/5097/3170 3276/5094/3167
f 3299/5096/3169 2957/5099/3172 2954/5097/3170
f 3300/5098/3171 2959/5101/3174 2957/5099/3172
f 3301/5100/3173 3302/5103/3176 2959/5101/3174
f 3303/5102/3175 2983/5105/3178 3302/5103/3176
f 3304/5104/3177 2985/5107/3179 2983/5105/3178
f 3304/5104/3177 3305/5109/100 2987/5106/100
f 2990/5108/3180 2987/5106/100 3305/5109/100
f 3233/5111/3182 2990/5108/3180 3306/5110/3181
f 3136/4851/2975 3138/4854/2977 3269/5112/2977
f 3138/4854/2977 3140/4857/2980 3267/5114/3184
f 3140/4857/2980 3142/4860/2983 3265/5115/3185
f 3142/4860/2983 3144/4863/2986 3263/5116/3186
f 3144/4863/2986 3146/4866/2989 3261/5117/3187
f 3146/4866/2989 3148/4869/2992 3259/5118/3188
f 3148/4869/2992 3150/4872/2077 3257/5119/3189
f 3152/4876/2997 3255/5120/3190 3257/5119/3189
f 3154/4879/3000 3253/5121/3191 3255/5120/3190
f 3156/4882/3003 3251/5122/3192 3253/5121/3191
f 3158/4885/2983 3249/5123/3193 3251/5122/3192
f 3160/4888/3008 3247/5124/3194 3249/5123/3193
f 3162/4891/3011 3245/5125/3011 3247/5124/3194
f 3164/4894/3013 3243/7924/4119 3245/5125/3011
f 3238/5126/3195 3240/4970/3070 3210/5127/3196
f 2996/4689/2814 2993/7909/4110 3227/4991/3090
f 2998/4692/2817 2996/4689/2814 3225/4992/3091
f 2998/5128/3197 3223/4987/3086 3221/4986/3085
f 3180/4921/3033 3307/4698/2823 3001/4694/2819
f 3309/5129/3198 3115/4820/2945 3308/5130/3199
f 3312/5132/3201 3112/4818/2943 3115/4820/2945
f 3311/5133/3202 3376/7931/1 3310/5134/3203
f 3309/5135/3204 3310/5134/3203 3313/5136/3205
f 3312/5137/3206 3313/5136/3205 3315/5138/3207
f 3312/5132/3201 3314/5142/3211 3109/4815/2940
f 3314/5139/3208 3315/5138/3207 3317/5140/3209
f 3314/5142/3211 3316/5146/3215 3106/4812/2937
f 3316/5141/3210 3317/5140/3209 3319/5143/3212
f 3318/5145/3214 3103/4809/2934 3106/4812/2937
f 3318/5144/3213 3319/5143/3212 3321/5147/2963
f 3320/5149/3217 3100/4806/2931 3103/4809/2934
f 3320/5148/3216 3321/5147/2963 3323/5150/3218
f 3322/5152/3220 3097/4798/2923 3100/4806/2931
f 3324/5153/3221 3322/5151/3219 3323/5150/3218
f 3324/5155/3223 3094/4799/2924 3097/4798/2923
f 3324/5156/71 3325/7932/71 3327/5157/71
f 3324/5159/3224 3326/7933/3268 3091/4794/2919
f 3326/5161/3226 3327/7934/4122 3329/5162/3227
f 3326/5164/3229 3328/5169/3233 3088/4787/2912
f 3330/5166/2977 3328/5163/3228 3329/5162/3227
f 3330/5168/3232 3085/4784/2909 3088/4787/2912
f 3332/5170/3234 3330/5166/2977 3331/5167/3231
f 3332/5172/3235 3082/4781/2906 3085/4784/2909
f 3334/5173/3236 3332/5170/3234 3333/5171/3193
f 3334/5175/3238 3079/4778/2903 3082/4781/2906
f 3336/5176/3239 3334/5173/3236 3335/5174/3237
f 3334/5175/3238 3336/5180/3243 3076/4775/2900
f 3338/5178/3241 3336/5176/3239 3337/5177/3240
f 3336/5180/3243 3338/5184/3247 3073/4772/2897
f 3340/5181/3244 3338/5178/3241 3339/5179/3242
f 3340/5183/3246 3070/4769/2894 3073/4772/2897
f 3342/5185/761 3340/5181/3244 3341/5182/3245
f 3342/5187/2816 3067/4770/2895 3070/4769/2894
f 3342/5185/761 3343/5186/14 3345/5188/3248
f 3064/4767/2892 3067/4770/2895 3342/5187/2816
f 3344/5189/3249 3345/5188/3248 3347/5191/3251
f 3061/4764/2889 3064/4767/2892 3344/5190/3250
f 3346/5192/3252 3347/5191/3251 3349/5194/3254
f 3348/5196/3256 3058/4761/2886 3061/4764/2889
f 3348/5195/3255 3349/5194/3254 3351/5197/3257
f 3350/5199/3259 3055/4758/2883 3058/4761/2886
f 3350/5198/3258 3351/5197/3257 3353/5200/3185
f 3052/4755/2880 3055/4758/2883 3350/5199/3259
f 3352/5201/3260 3353/5200/3185 3355/5203/3262
f 3049/4752/2877 3052/4755/2880 3352/5202/3261
f 3354/5204/3011 3355/5203/3262 3357/5206/3264
f 3046/4744/2869 3049/4752/2877 3354/5205/3263
f 3357/5206/3264 3359/7935/4123 3358/5209/3267
f 3358/5210/3229 3043/7913/3230 3046/4744/2869
f 3361/5211/101 3360/7936/101 3358/5212/101
f 3043/4740/2865 3358/7937/3224 3360/5214/3268
f 3360/5216/3270 3361/7938/4124 3363/5217/3271
f 3037/4735/2860 3040/7911/4111 3360/5219/3272
f 3363/5217/3271 3365/5223/3018 3364/5221/3219
f 3034/4732/2857 3037/4735/2860 3362/5220/3273
f 3365/5223/3018 3367/5226/3277 3366/5224/3275
f 3031/4729/2854 3034/4732/2857 3364/5222/3274
f 3367/5226/3277 3369/5229/3280 3368/5227/3278
f 3028/4726/2851 3031/4729/2854 3366/5225/3276
f 3369/5229/3280 3371/5232/3283 3370/5230/3281
f 3370/5231/3282 3025/4723/2848 3028/4726/2851
f 3371/5232/3283 3373/5235/3286 3372/5233/3284
f 3372/5234/3285 3023/4722/2847 3025/4723/2848
f 3373/5235/3286 3375/5238/3289 3374/5236/3287
f 3020/4720/2845 3023/4722/2847 3372/5234/3285
f 3375/5238/3289 3376/7931/1 3311/5133/3202
f 3308/5130/3199 3020/4720/2845 3374/5237/3288
f 3345/5239/3290 3375/7939/4125 3373/5240/3291
f 3376/5242/63 3375/7939/4125 3345/5239/3290
f 3341/5244/3293 3310/7940/4126 3376/5242/63
f 3347/5241/3292 3373/5240/3291 3371/5245/3294
f 3349/5246/3295 3371/5245/3294 3369/5247/3296
f 3351/5248/3297 3369/5247/3296 3367/5249/3298
f 3353/5250/3299 3367/5249/3298 3365/5251/3300
f 3355/5252/3301 3365/5251/3300 3363/5253/3302
f 3361/5255/2189 3359/7941/2383 3357/5254/3303
f 3313/5256/3304 3310/7940/4126 3341/5244/3293
f 3315/5258/3306 3313/5256/3304 3339/5257/3305
f 3317/5260/3308 3315/5258/3306 3337/5259/3307
f 3319/5262/3310 3317/5260/3308 3335/5261/3309
f 3321/5264/3312 3319/5262/3310 3333/5263/3311
f 3323/5266/3314 3321/5264/3312 3331/5265/3313
f 3329/5267/3315 3327/7942/2189 3325/5268/2383
f 2977/4667/2793 2979/4666/2792 2995/4687/2812
f 2995/4687/2812 2979/4666/2792 2981/4668/2794
f 3407/5287/100 3398/5302/100 3395/5288/6
f 3396/5289/6 3395/5288/6 3397/5290/71
f 3405/5301/3 3404/5304/3 3398/5302/100
f 3406/5303/101 3403/5325/101 3404/5304/3
f 3408/5305/1 3411/5316/1 3406/5306/1
f 3409/5308/1 3408/5305/1 3405/5307/1
f 3449/5310/3316 3410/7943/3317 3408/5311/3317
f 3408/5311/3317 3410/7943/3317 3412/5313/71
f 3412/5313/71 3414/5318/3318 3413/5315/3318
f 3414/5318/3318 3416/5321/3319 3415/5319/3319
f 3413/5317/1 3415/5323/1 3418/5320/1
f 3416/5321/3319 3466/5401/3320 3417/5322/3320
f 3415/5323/1 3417/5332/1 3419/5324/1
f 3403/5325/101 3406/5303/101 3418/5326/12
f 3419/5328/2383 3401/7944/2189 3402/5327/12
f 3420/5329/9 3400/5334/9 3401/5330/2189
f 3417/5332/1 3422/5335/1 3420/5333/1
f 3421/5291/71 3397/5290/71 3400/5334/9
f 3429/5346/1 3628/5712/1 3438/5347/1
f 3525/5361/3321 3446/5364/9 3445/5362/9
f 3446/5364/9 3448/5366/3322 3447/5365/3322
f 3445/5359/1 3447/5367/1 3407/5309/1
f 3448/5366/3322 3449/5310/3316 3409/5312/3316
f 3446/5368/1 3451/7945/1 3450/5369/1
f 3448/5370/1 3450/5369/1 3453/5371/1
f 3452/5373/3323 3450/5377/3323 3451/5374/3
f 3454/5376/3324 3453/5379/3324 3450/5377/3323
f 3456/5378/3325 3455/5382/3325 3453/5379/3324
f 3453/5371/1 3455/5383/1 3410/5380/1
f 3458/5381/101 3457/5386/101 3455/5382/3325
f 3455/5383/1 3457/5387/1 3412/5384/1
f 3460/5385/3326 3459/5390/3326 3457/5386/101
f 3457/5387/1 3459/5391/1 3414/5388/1
f 3462/5389/3327 3461/5394/3327 3459/5390/3326
f 3459/5391/1 3461/5395/1 3416/5392/1
f 3464/5393/3328 3463/5398/3328 3461/5394/3327
f 3461/5395/1 3463/5399/1 3466/5396/1
f 3634/5397/12 3465/5412/12 3463/5398/3328
f 3463/5399/1 3465/5405/1 3467/5400/1
f 3466/5401/3320 3467/5404/6 3428/5402/6
f 3468/5403/3329 3427/5408/3329 3428/5402/6
f 3465/5405/1 3470/5409/1 3468/5406/1
f 3469/5407/3330 3426/5426/3330 3427/5408/3329
f 3470/5409/1 3472/5417/1 3469/5410/1
f 3471/5411/3331 3470/5414/3331 3465/5412/12
f 3473/5413/3332 3472/5416/3332 3470/5414/3331
f 3475/5415/3333 3474/5420/3333 3472/5416/3332
f 3472/5417/1 3474/7946/1 3477/5418/1
f 3485/5419/63 3476/7947/63 3474/5420/3333
f 3477/5418/1 3474/7946/1 3476/5421/1
f 3478/5423/100 3423/7948/100 3425/5424/3334
f 3477/5425/3334 3425/5424/3334 3426/5426/3330
f 3433/5427/3335 3423/7949/100 3478/5428/100
f 3479/5430/1 3478/5422/1 3476/5421/1
f 3432/5432/3336 3433/5427/3335 3479/5429/3335
f 3479/5430/1 3481/5431/1 3482/5434/1
f 3482/5436/3337 3481/5439/3338 3483/5437/3338
f 3481/5439/3338 3476/7950/63 3485/5440/63
f 3486/5441/1 3487/5636/1 3484/5442/1
f 3488/5444/1 3486/5441/1 3483/5443/1
f 3489/5446/100 3490/5728/100 3487/5447/100
f 3491/5449/100 3489/5446/100 3486/5448/100
f 3494/5451/100 3492/5453/100 3491/5449/100
f 3495/5452/100 3493/5458/100 3492/5453/100
f 3473/5454/1 3495/5460/1 3494/5455/1
f 3475/5456/1 3494/5455/1 3488/5444/1
f 3496/5457/100 3498/5462/100 3493/5458/100
f 3471/5459/1 3496/5464/1 3495/5460/1
f 3497/5461/100 3499/7951/100 3498/5462/100
f 3634/5463/1 3497/5473/1 3496/5464/1
f 3502/5465/71 3500/5469/71 3499/5466/71
f 3502/5465/71 3503/5474/71 3501/5468/71
f 3464/5470/1 3462/5476/1 3503/5471/1
f 3634/5463/1 3464/5470/1 3502/5472/1
f 3503/5474/71 3504/5479/71 3506/5475/71
f 3462/5476/1 3460/5480/1 3504/5477/1
f 3505/5478/71 3507/5483/71 3506/5475/71
f 3460/5480/1 3458/5489/1 3505/5481/1
f 3510/5482/71 3508/5485/71 3507/5483/71
f 3511/5484/71 3509/5491/71 3508/5485/71
f 3454/5486/1 3511/5493/1 3510/5487/1
f 3456/5488/1 3510/5487/1 3505/5481/1
f 3512/5490/71 3514/5495/71 3509/5491/71
f 3452/5492/1 3512/5497/1 3511/5493/1
f 3513/5494/71 3515/7952/71 3514/5495/71
f 3523/5496/1 3513/5506/1 3512/5497/1
f 3518/5498/63 3516/5502/63 3515/5499/63
f 3519/5501/63 3517/5729/63 3516/5502/63
f 3520/5503/1 3521/5531/1 3519/5504/1
f 3523/5496/1 3520/5503/1 3518/5505/1
f 3520/5507/3339 3522/5510/3339 3524/5508/3336
f 3523/5375/3 3451/5374/3 3522/5510/3339
f 3524/5511/1 3522/5514/1 3525/5512/1
f 3522/5514/1 3451/7945/1 3446/5368/1
f 3526/5515/3337 3525/5361/3321 3444/5363/3321
f 3527/5517/3338 3526/5515/3337 3443/5516/3337
f 3527/5519/1 3529/5523/1 3524/5511/1
f 3528/5520/63 3527/5517/3338 3442/5518/3338
f 3528/5522/1 3530/5691/1 3529/5523/1
f 3531/5524/3335 3529/5527/3335 3530/5525/100
f 3521/5509/3336 3524/5508/3336 3529/5527/3335
f 3534/5528/1 3531/5533/1 3532/5529/1
f 3521/5531/1 3531/5533/1 3533/5532/1
f 3534/5534/63 3537/7953/63 3538/5535/63
f 3536/5538/3340 3539/5542/3340 3537/5539/8
f 3542/5541/3341 3540/5544/3341 3539/5542/3340
f 3543/5543/63 3541/7954/63 3540/5544/3341
f 3546/5548/3342 3541/7954/63 3543/5543/63
f 3547/5550/3343 3546/5548/3342 3544/5549/3342
f 3548/5553/13 3547/5550/3343 3545/5551/3343
f 3549/5555/63 3548/7955/63 3550/5556/63
f 3550/5560/1 3535/5530/1 3532/5529/1
f 3530/5561/100 3553/5564/3334 3552/5562/3334
f 3553/5564/3334 3555/5567/3330 3554/5565/3330
f 3554/5566/1 3557/5570/1 3551/5559/1
f 3555/5567/3330 3618/5584/3329 3556/5568/3329
f 3556/5569/1 3558/5581/1 3557/5570/1
f 3559/5571/63 3549/5555/63 3551/5557/63
f 3560/5573/63 3559/5571/63 3557/5572/63
f 3561/5575/63 3560/5573/63 3558/5574/63
f 3562/5577/101 3561/7956/101 3563/5578/101
f 3565/5580/1 3563/7957/1 3558/5581/1
f 3564/5582/1 3563/7957/1 3565/5580/1
f 3618/5584/3329 3566/5586/6 3565/5585/6
f 3566/5586/6 3568/5588/3320 3567/5587/3320
f 3568/5588/3320 3570/5592/3319 3569/5589/3319
f 3572/5590/1 3564/5582/1 3567/5583/1
f 3570/5592/3319 3612/5607/3318 3571/5593/3318
f 3573/5594/1 3572/5590/1 3569/5591/1
f 3574/5596/101 3562/5577/101 3564/5579/101
f 3575/5598/101 3574/5596/101 3572/5597/101
f 3576/5600/101 3575/5598/101 3573/5599/101
f 3577/5602/101 3576/5600/101 3578/5601/101
f 3578/5604/1 3573/5594/1 3571/5595/1
f 3582/5606/1 3579/5614/1 3578/5604/1
f 3612/5607/3318 3581/5609/71 3580/5608/71
f 3581/5609/71 3583/5611/3317 3582/5610/3317
f 3583/5611/3317 3585/5615/3316 3584/5612/3316
f 3584/5613/1 3587/5618/1 3579/5614/1
f 3585/5615/3316 3603/5631/3322 3586/5616/3322
f 3586/5617/1 3588/5628/1 3587/5618/1
f 3589/5619/101 3577/5602/101 3579/5603/101
f 3588/5621/101 3590/7958/101 3589/5619/101
f 3591/5622/101 3590/7958/101 3588/5621/101
f 3592/5624/100 3591/7959/100 3593/5625/100
f 3595/5627/1 3593/7960/1 3588/5628/1
f 3594/5629/1 3593/7960/1 3595/5627/1
f 3603/5631/3322 3596/5633/9 3595/5632/9
f 3596/5633/9 3598/5635/3321 3597/5634/3321
f 3598/5635/3321 3482/5436/3337 3484/5438/3337
f 3487/5636/1 3594/5629/1 3597/5630/1
f 3599/5637/1 3598/5640/1 3596/5638/1
f 3480/5435/1 3482/5434/1 3598/5640/1
f 3431/5641/3339 3432/5432/3336 3480/5433/3336
f 3430/5643/3 3431/5641/3339 3599/5642/3339
f 3430/5643/3 3600/5644/3 3601/5645/3323
f 3600/5639/1 3596/5638/1 3603/5647/1
f 3429/5646/3323 3601/5645/3323 3602/5649/3324
f 3601/5648/1 3603/5647/1 3585/5651/1
f 3604/5650/3324 3602/5649/3324 3605/5653/3325
f 3602/5652/1 3585/5651/1 3583/5655/1
f 3606/5654/3325 3605/5653/3325 3607/5657/101
f 3605/5656/1 3583/5655/1 3581/5659/1
f 3610/5661/3326 3608/5658/101 3607/5657/101
f 3607/5660/1 3581/5659/1 3612/5663/1
f 3613/5665/3327 3610/5661/3326 3609/5662/3326
f 3609/5664/1 3612/5663/1 3570/5667/1
f 3613/5665/3327 3611/5666/3327 3614/5669/3328
f 3614/5671/1 3611/5668/1 3570/5667/1
f 3441/5670/3328 3614/5669/3328 3615/5673/12
f 3615/5675/1 3614/5671/1 3568/5672/1
f 3440/5674/12 3615/5673/12 3616/5677/3331
f 3615/5675/1 3566/5676/1 3618/5679/1
f 3436/5678/3331 3616/5677/3331 3617/5681/3332
f 3616/5680/1 3618/5679/1 3555/5683/1
f 3435/5682/3332 3617/5681/3332 3619/5685/3333
f 3619/5687/1 3617/5684/1 3555/5683/1
f 3434/5686/3333 3619/5685/3333 3528/5689/63
f 3528/5522/1 3619/5687/1 3553/5688/1
f 3441/5356/1 3439/5355/1 3620/5692/1
f 3613/5693/1 3620/5692/1 3622/5694/1
f 3633/5696/3 3621/5699/100 3620/5697/100
f 3621/5699/100 3623/5701/6 3622/5700/6
f 3623/5701/6 3625/5706/71 3624/5702/71
f 3610/5695/1 3622/5694/1 3624/5703/1
f 3626/5705/9 3624/5702/71 3625/5706/71
f 3606/5708/1 3624/5703/1 3626/5709/1
f 3627/5707/9 3629/7961/2383 3628/5711/2189
f 3604/5710/1 3626/5709/1 3628/5712/1
f 3629/5713/2383 3630/5727/12 3438/5714/12
f 3632/5725/101 3633/5696/3 3439/5698/3
f 3630/5727/12 3632/5725/101 3437/5726/101
f 3490/5728/100 3592/5624/100 3594/5626/100
f 3533/5536/63 3538/5535/63 3517/5729/63
f 3635/5730/3344 3638/5737/6 3652/5731/100
f 3635/5733/3344 3636/5747/3345 3640/5734/3346
f 3637/5736/3348 3659/5760/71 3638/5737/6
f 3637/5738/3348 3635/5733/3344 3639/5735/3347
f 3648/5746/3355 3647/5741/3350 3640/5734/3346
f 3649/5748/3356 3645/5745/3354 3647/5741/3350
f 3636/5732/3345 3652/5731/100 3650/5749/3
f 3648/5750/3355 3650/5749/3 3651/5751/101
f 3649/5752/3356 3651/5751/101 3653/5753/12
f 3656/5755/3358 3654/5754/3357 3653/5753/12
f 3656/5757/3358 3655/7962/63 3657/5758/9
f 3658/5759/3359 3657/5758/9 3659/5760/71
f 3637/5738/3348 3641/5739/3349 3644/5744/3353
f 3658/5761/3359 3644/5744/3353 3643/5743/3352
f 3643/5743/3352 3646/5742/3351 3654/5763/3357
f 3646/5742/3351 3645/5745/3354 3649/5748/3356
f 3660/5764/1 3664/7963/1 3665/5765/1
f 3662/5767/1 3660/5764/1 3661/5766/1
f 3660/5769/3360 3662/5814/3361 3694/5770/3361
f 3660/5769/3360 3663/5771/3362 3666/5772/71
f 3668/5774/3363 3661/5778/3363 3665/5775/101
f 3669/5777/3364 3671/7964/3364 3661/5778/3363
f 3672/5779/3365 3671/7964/3364 3669/5777/3364
f 3673/5781/1 3662/5767/1 3671/5768/1
f 3675/5783/1 3673/5781/1 3672/5782/1
f 3674/5785/3366 3672/5779/3365 3670/5780/3365
f 3675/5783/1 3674/5784/1 3676/5787/1
f 3676/5789/3367 3674/5785/3366 3677/5786/3366
f 3681/5791/3368 3676/5789/3367 3678/5790/3367
f 3683/5793/3369 3681/5791/3368 3679/5792/3368
f 3685/5795/1 3682/5798/1 3681/5796/1
f 3692/5788/1 3676/5787/1 3681/5796/1
f 3685/5795/1 3683/5797/1 3684/5799/1
f 3684/5801/63 3683/5793/3369 3680/5794/3369
f 3686/5803/100 3688/5816/100 3687/5804/3370
f 3685/5805/3370 3687/5804/3370 3689/5806/3371
f 3682/5807/3371 3689/5806/3371 3690/5808/3372
f 3692/5809/3372 3690/5808/3372 3691/5810/3373
f 3675/5811/3373 3691/5810/3373 3693/5812/3374
f 3673/5813/3374 3693/5812/3374 3694/5770/3361
f 3697/5815/3375 3695/5818/3375 3688/5816/100
f 3698/5817/3376 3696/5860/3376 3695/5818/3375
f 3698/5819/1 3697/5822/1 3699/5820/1
f 3697/5822/1 3686/5800/1 3684/5799/1
f 3700/5823/3377 3699/5826/3378 3701/5824/3378
f 3699/5826/3378 3684/5801/63 3703/5802/63
f 3706/5827/3379 3700/5823/3377 3702/5825/3377
f 3708/5829/3380 3706/5827/3379 3704/5828/3379
f 3709/5831/1 3707/5834/1 3706/5832/1
f 3698/5819/1 3700/5821/1 3706/5832/1
f 3711/5835/1 3709/5831/1 3708/5833/1
f 3710/5837/3381 3708/5829/3380 3705/5830/3380
f 3711/5835/1 3710/5836/1 3712/5839/1
f 3712/5841/3382 3710/5837/3381 3713/5838/3381
f 3716/5843/3383 3712/5841/3382 3714/5842/3382
f 3715/5844/3383 3717/7965/71 3718/5845/71
f 3716/5846/1 3718/7966/1 3719/5847/1
f 3721/5849/3384 3719/7967/101 3720/5850/101
f 3721/5849/3384 3723/5851/3385 3724/5852/3386
f 3722/5840/1 3712/5839/1 3716/5846/1
f 3722/5853/3386 3724/5852/3386 3725/5854/3387
f 3711/5855/3387 3725/5854/3387 3726/5856/3388
f 3707/5858/3389 3709/5857/3388 3726/5856/3388
f 3707/5858/3389 3727/5859/3389 3696/5860/3376
f 3731/5861/1 3732/7968/4127 3729/5862/3390
f 3782/5864/3391 3730/7969/3391 3728/5865/3391
f 3729/5862/3390 3732/7968/4127 3733/5867/3392
f 3734/5868/3393 3735/5870/3395 3737/5869/3394
f 3735/5870/3395 3736/5877/3400 3739/5871/3396
f 3738/5872/3397 3782/7970/3398 3729/5873/3398
f 3741/5875/3399 3738/5872/3397 3737/5874/3397
f 3736/5877/3400 3748/5885/3405 3740/5878/3401
f 3742/5879/3402 3741/5875/3399 3739/5876/3399
f 3743/5881/3403 3742/5879/3402 3740/5880/3402
f 3744/5883/3404 3743/5881/3403 3745/5882/3403
f 3748/5885/3405 3747/7971/3406 3745/5886/3406
f 3745/5886/3406 3747/7971/3406 3749/5887/3407
f 3749/5887/3407 3750/5890/3410 3752/5889/3409
f 3750/5890/3410 3751/7972/3411 3753/5891/3411
f 3754/5892/3412 3744/5883/3404 3746/5884/2578
f 3755/5894/63 3754/5892/3412 3752/5893/3412
f 3758/5896/3413 3756/5898/3413 3755/5894/63
f 3759/5897/3414 3757/5909/3424 3756/5898/3413
f 3758/5899/3415 3760/5902/3418 3761/5900/3416
f 3753/5891/3411 3751/7972/3411 3760/5902/3418
f 3761/5900/3416 3762/7973/3419 3764/5903/3419
f 3764/5903/3419 3762/7973/3419 3763/5904/3420
f 3765/5906/3422 3767/5911/3422 3766/5907/3423
f 3764/5908/3423 3766/5907/3423 3757/5909/3424
f 3769/5910/3425 3768/5913/3425 3767/5911/3422
f 3771/5912/3426 3770/5915/3426 3768/5913/3425
f 3774/5914/3427 3772/7974/3427 3770/5915/3426
f 3775/5916/3428 3773/7975/3428 3772/5917/3428
f 3774/5919/3429 3777/7976/4128 3778/5920/1
f 3771/5922/3430 3780/5926/3434 3776/5923/3431
f 3779/5924/3432 3777/7976/4128 3774/5919/3429
f 3769/5925/3433 3781/5927/3435 3780/5926/3434
f 3765/5905/3421 3763/5904/3420 3781/5927/3435
f 3785/5928/63 3798/5984/3436 3784/5929/3436
f 3788/5931/3437 3785/7977/63 3783/5932/63
f 3789/5934/3438 3788/5931/3437 3786/5933/3437
f 3795/5955/3439 3805/5958/3340 3806/5956/3340
f 3805/5958/3340 3789/5934/3438 3787/5935/3438
f 3796/5959/3440 3795/5955/3439 3807/5957/3439
f 3801/5961/3441 3796/5959/3440 3808/5960/3440
f 3802/5963/3442 3801/5961/3441 3809/5962/3441
f 3804/5965/3443 3802/5963/3442 3810/5964/3442
f 3793/5967/100 3804/5965/3443 3811/5966/3443
f 3794/5969/3444 3793/7978/100 3812/5970/100
f 3799/5972/3445 3794/5969/3444 3813/5971/3444
f 3800/5974/3446 3799/5972/3445 3814/5973/3445
f 3803/5976/3447 3800/5974/3446 3815/5975/3446
f 3791/5978/3448 3803/5976/3447 3816/5977/3447
f 3792/5980/3343 3791/5978/3448 3817/5979/3448
f 3797/5982/3449 3792/5980/3343 3818/5981/3343
f 3798/5984/3436 3797/5982/3449 3819/5983/3449
f 3822/5985/63 3834/6010/3436 3821/5986/3436
f 3825/5988/3437 3822/5985/63 3820/5987/63
f 3826/5990/3438 3825/5988/3437 3823/5989/3437
f 3835/6004/71 3831/6007/3439 3837/6005/3439
f 3831/6007/3439 3830/6009/3340 3838/6008/3340
f 3830/6009/3340 3826/5990/3438 3824/5991/3438
f 3834/6010/3436 3833/6012/3449 3839/6011/3449
f 3833/6012/3449 3832/6014/3343 3840/6013/3343
f 3832/6014/3343 3829/6016/3450 3841/6015/3450
f 3829/6016/3450 3828/7979/101 3842/6017/101
f 3844/6018/3437 3857/6044/3437 3845/6019/63
f 3843/6020/63 3845/6019/63 3848/6021/3436
f 3847/6023/3449 3846/6022/3436 3848/6021/3436
f 3860/6037/3448 3854/6041/3448 3858/6038/101
f 3861/6040/3343 3853/6042/3343 3854/6041/3448
f 3847/6023/3449 3849/6024/3449 3853/6042/3343
f 3862/6043/3438 3856/6046/3438 3857/6044/3437
f 3862/6043/3438 3863/6048/3340 3855/6045/3340
f 3864/6047/3439 3852/6050/3439 3855/6045/3340
f 3865/6049/71 3851/7980/71 3852/6050/3439
s 0
f 3870/6051/3451 3869/7981/3451 3866/6052/3451
f 3868/6054/14 3873/7982/14 3867/6055/14
f 3871/6057/4129 3868/7983/4129 3866/6058/4129
f 3870/6060/1 3872/7984/1 3871/6061/1
f 3873/6063/4130 3868/7985/4130 3871/6064/4130
f 3873/6066/4131 3872/7986/4131 3870/6067/4131
s 1
f 3876/6069/101 3932/6160/3446 3875/6070/3446
f 3879/6072/3343 3876/6069/101 3874/6071/101
f 3880/6074/3342 3879/6072/3343 3877/6073/3343
f 3879/6076/3455 3880/6125/3481 3882/6077/3456
f 3876/6079/3458 3879/6076/3455 3881/6078/3457
f 3882/6077/3456 3885/6127/3483 3884/6081/3460
f 3883/6080/3459 3881/6078/3457 3884/6081/3460
f 3884/6083/3462 3885/6130/3486 3888/6084/3463
f 3886/6086/3465 3884/6083/3462 3887/6085/3464
f 3900/6101/3467 3901/6145/3497 3897/6102/2221
f 3900/6101/3467 3899/6103/3468 3896/6104/3469
f 3904/6106/3471 3901/6141/3493 3900/6107/3472
f 3905/6109/3474 3903/6108/3473 3900/6107/3472
f 3907/6111/3476 3904/6106/3471 3903/6108/3473
f 3906/6112/3477 3903/6108/3473 3905/6109/3474
f 3907/6114/71 3906/6117/3340 3908/6115/3340
f 3906/6117/3340 3909/6119/3341 3910/6118/3341
f 3909/6119/3341 3911/7987/63 3912/6120/63
f 3909/6113/3478 3905/6109/3474 3913/6121/3479
f 3911/6123/63 3880/6074/3342 3878/6075/3342
f 3880/6125/3481 3911/6122/3480 3913/6121/3479
f 3905/6109/3474 3902/6110/3475 3914/6126/3482
f 3882/6077/3456 3913/6121/3479 3914/6126/3482
f 3902/6105/3470 3896/6104/3469 3895/6128/3484
f 3885/6130/3486 3914/7988/3485 3895/6131/3484
f 3918/6132/3441 3907/6114/71 3915/6116/71
f 3919/6134/3487 3918/6132/3441 3916/6133/3441
f 3919/6136/3488 3921/6139/3491 3920/6137/3489
f 3918/6138/3490 3920/6137/3489 3904/6106/3471
f 3921/6139/3491 3923/6149/3500 3922/6140/3492
f 3904/6106/3471 3920/6137/3489 3922/6140/3492
f 3923/6142/3494 3893/6147/3494 3892/6143/3495
f 3922/6144/3496 3892/6143/3495 3897/6102/2221
f 3924/6146/3498 3898/6151/3502 3893/6147/3494
f 3926/6148/3499 3924/6153/3504 3923/6149/3500
f 3924/6146/3498 3925/6167/3514 3894/6150/3501
f 3926/6148/3499 3927/6162/3509 3925/6152/3503
f 3929/6154/3505 3927/6162/3509 3926/6148/3499
f 3919/6136/3488 3928/6155/3506 3926/6148/3499
f 3929/6156/3507 3928/6159/100 3930/6157/100
f 3928/6159/100 3919/6134/3487 3917/6135/3487
f 3932/6160/3446 3929/6156/3507 3931/6158/3507
f 3929/6154/3505 3932/6163/3510 3933/6161/3508
f 3932/6163/3510 3876/6079/3458 3883/6080/3459
f 3883/6080/3459 3886/6082/3461 3934/6164/3511
f 3927/6162/3509 3933/6161/3508 3934/6164/3511
f 3934/6165/3512 3886/6086/3465 3889/6087/3466
f 3934/6165/3512 3891/6166/3513 3894/6150/3501
f 3935/6168/3 3938/7989/3 3939/6169/6
f 3935/6171/3 3937/7990/12 3940/6172/12
f 3940/6174/12 3937/7991/12 3942/6175/9
f 3939/6177/6 3941/7992/9 3942/6178/9
f 3947/6180/3 3946/7993/6 3943/6181/6
f 3948/6183/9 3945/7994/9 3943/6184/6
f 3949/6186/12 3950/7995/12 3945/6187/9
f 3950/6189/12 3949/7996/12 3947/6190/3
f 3955/6192/3 3954/7997/6 3951/6193/6
f 3956/6195/9 3953/7998/9 3951/6196/6
f 3958/6198/12 3953/7999/9 3956/6199/9
f 3952/6201/3 3958/8000/12 3957/6202/12
f 3963/6204/3 3962/8001/6 3959/6205/6
f 3964/6207/9 3961/8002/9 3959/6208/6
f 3966/6210/12 3961/8003/9 3964/6211/9
f 3966/6213/12 3965/8004/12 3963/6214/3
f 3971/6216/3 3970/8005/6 3967/6217/6
f 3972/6219/9 3969/8006/9 3967/6220/6
f 3974/6222/12 3969/8007/9 3972/6223/9
f 3974/6225/12 3973/8008/12 3971/6226/3
f 3975/6228/3 3978/8009/3 3979/6229/6
f 3975/6231/3 3977/8010/12 3980/6232/12
f 3980/6234/12 3977/8011/12 3982/6235/9
f 3976/6237/6 3979/8012/6 3981/6238/9
f 3983/6240/3 3986/8013/3 3987/6241/6
f 3983/6243/3 3985/8014/12 3988/6244/12
f 3988/6246/12 3985/8015/12 3990/6247/9
f 3987/6249/6 3989/8016/9 3990/6250/9
f 3995/6252/3 3994/8017/6 3991/6253/6
f 3996/6255/9 3993/8018/9 3991/6256/6
f 3998/6258/12 3993/8019/9 3996/6259/9
f 3998/6261/12 3997/8020/12 3995/6262/3
f 4002/6264/3515 3999/8021/9 4000/6265/9
f 4002/6267/3517 4005/6272/3520 4001/6268/12
f 4003/6266/3516 4010/8022/3524 4004/6270/3518
f 4002/6267/3517 4004/8023/3518 4006/6271/3519
f 4006/6273/3519 4008/8024/3531 4007/6274/3521
f 4009/6276/3 4001/8025/3 4005/6275/3522
f 4007/6277/3523 4008/8026/3531 4010/6278/3524
f 4003/6279/3525 4000/8027/6 4009/6280/6
f 4010/6281/3524 4008/8028/3531 4006/6282/3519
f 4012/6284/12 4011/8029/12 4014/6285/3517
f 4013/6287/9 4017/8030/4132 4014/6288/3526
f 4014/6285/3517 4016/8031/3529 4022/6290/3527
f 4014/6288/3526 4017/8030/4132 4018/6291/3528
f 4019/6293/3523 4020/8032/3531 4018/6294/3528
f 4021/6296/6 4019/6293/3523 4017/6295/3530
f 4019/6298/3521 4015/6301/3532 4022/6299/3527
f 4015/6301/3532 4019/6298/3521 4021/6302/3
f 4018/6304/3528 4020/8033/3531 4022/6305/3527
f 4047/6327/2147 4048/6522/2155 4044/6328/3533
f 4044/6328/3533 4165/6521/2149 4046/6330/2149
f 4043/6329/3534 4046/6330/2149 4084/6331/2150
f 4050/6333/2152 4047/6327/2147 4043/6329/3534
f 4049/6334/3536 4129/6471/3571 4048/6335/2155
f 4049/6334/3536 4047/6336/2147 4050/6337/2152
f 4051/6338/2156 4050/6337/2152 4052/6339/3537
f 4052/6341/3537 4050/6333/2152 4045/6332/3535
f 4082/6343/3540 4054/6380/2181 4052/6344/3537
f 4052/6339/3537 4054/6364/2181 4056/6346/2162
f 4055/6347/3538 4056/6359/2162 4059/6348/3541
f 4058/6350/3543 4051/6394/2156 4055/6351/3538
f 4057/6352/3542 4060/8034/3544 4061/6353/2168
f 4059/6348/3541 4062/6356/2170 4060/6354/3544
f 4065/6355/3545 4063/6358/2175 4062/6356/2170
f 4066/6357/3546 4064/8035/3561 4063/6358/2175
f 4056/6359/2162 4067/8036/2179 4065/6355/3545
f 4065/6355/3545 4067/8036/2179 4069/6360/3547
f 4067/6361/2179 4068/8037/4097 4070/6362/3548
f 4054/6364/2181 4068/8037/4097 4067/6361/2179
f 4070/6362/3548 4073/8038/3551 4071/6365/3549
f 4066/6366/3546 4069/8039/3547 4071/6367/3549
f 4072/6368/3550 4071/6367/3549 4073/6369/3551
f 4073/6369/3551 4070/8040/3548 4075/6371/3553
f 4072/6368/3550 4074/6370/3552 4076/6372/3554
f 4074/6370/3552 4075/6371/3553 4078/6374/3556
f 4081/6375/3557 4079/6379/3559 4078/6376/3556
f 4081/6375/3557 4082/6343/3540 4080/6378/3558
f 4081/6375/3557 4068/8041/4097 4054/6380/2181
f 4070/6381/3548 4068/8041/4097 4081/6375/3557
f 4053/6345/3539 4083/8042/3560 4080/6378/3558
f 4045/6332/3535 4084/6331/2150 4083/6382/3560
f 4066/6366/3546 4072/6368/3550 4077/6373/3555
f 4058/6350/3543 4061/6353/2168 4085/6384/2202
f 4087/6385/3562 4085/6384/2202 4086/6386/2202
f 4090/6388/3564 4089/6396/3566 4087/6389/3562
f 4092/6391/3565 4049/8043/3536 4087/6392/3562
f 4087/6385/3562 4049/8044/3536 4051/6394/2156
f 4102/6395/3567 4091/8045/3569 4089/6396/3566
f 4094/6397/3568 4092/6391/3565 4089/6393/3566
f 4095/6399/3570 4093/8046/3604 4092/6400/3565
f 4092/6400/3565 4093/8046/3604 4129/6402/3571
f 4096/6404/3572 4098/6406/3574 4095/6399/3570
f 4099/6405/3573 4096/6410/3572 4094/6397/3568
f 4098/6406/3574 4096/6404/3572 4097/6407/3575
f 4100/6409/3577 4097/6430/3575 4096/6410/3572
f 4099/6411/3573 4091/8045/3569 4102/6395/3567
f 4099/6411/3573 4101/6412/3578 4103/6413/3579
f 4095/6415/3570 4098/6418/3574 4101/6416/3578
f 4098/6418/3574 4104/6420/3576 4103/6419/3579
f 4104/6420/3576 4106/8047/3586 4105/6421/3580
f 4100/6414/3577 4103/6413/3579 4105/6422/3580
f 4105/6421/3580 4106/8047/3586 4113/6424/3582
f 4107/6426/3583 4109/6447/3585 4108/6423/3581
f 4111/6427/3584 4110/8048/3587 4108/6428/3581
f 4108/6428/3581 4110/8048/3587 4097/6430/3575
f 4111/6431/3584 4113/6437/3582 4106/6432/3586
f 4104/6408/3576 4097/6407/3575 4110/6433/3587
f 4112/6434/3588 4111/6427/3584 4109/6429/3585
f 4112/6436/3588 4114/6441/3590 4113/6437/3582
f 4107/6425/3583 4113/6424/3582 4114/6438/3590
f 4120/6440/3592 4115/6466/3593 4114/6441/3590
f 4116/6439/3591 4114/6438/3590 4115/6442/3593
f 4117/6444/3594 4119/6451/3595 4118/6445/3589
f 4116/6446/3591 4118/6445/3589 4109/6447/3585
f 4120/6448/3592 4112/6434/3588 4118/6435/3589
f 4117/6444/3594 4122/6453/3598 4121/6450/3596
f 4119/6449/3595 4121/6455/3596 4123/6452/3597
f 4122/6453/3598 4125/8049/3602 4124/6454/3599
f 4121/6455/3596 4124/8050/3599 4126/6456/3600
f 4127/6457/3601 4126/8051/3600 4124/6458/3599
f 4123/6460/3597 4126/8052/3600 4127/6461/3601
f 4122/6463/3598 4128/6467/3603 4127/6464/3601
f 4120/6440/3592 4123/6460/3597 4128/6462/3603
f 4117/6443/3594 4115/6442/3593 4128/6467/3603
f 4093/6468/3604 4095/6415/3570 4102/6417/3567
f 4088/6470/3563 4129/8053/3571 4093/6468/3604
f 4129/6471/3571 4130/8054/2247 4131/6472/3605
f 4130/6473/2247 4129/8055/3571 4088/6387/3563
f 4131/6472/3605 4130/8054/2247 4132/6475/3607
f 4132/6477/3607 4130/6473/2247 4133/6474/3606
f 4133/6474/3606 4088/6387/3563 4086/6386/2202
f 4133/6474/3606 4135/6479/3610 4136/6480/3611
f 4139/6481/3612 4134/6488/3609 4136/6482/3611
f 4139/6481/3612 4137/6483/2257 4138/6484/2258
f 4141/6485/3613 4142/8056/3632 4140/6486/2261
f 4139/6481/3612 4140/6486/2261 4132/6487/3607
f 4144/6489/3614 4142/8056/3632 4141/6485/3613
f 4141/6485/3613 4138/6484/2258 4146/6491/3616
f 4166/6492/3617 4144/8057/3614 4143/6493/3615
f 4143/6493/3615 4146/8058/3616 4147/6495/3619
f 4145/6494/3618 4147/6495/3619 4148/6496/3620
f 4150/6497/3621 4148/6496/3620 4149/6498/3622
f 4152/6499/3623 4153/8059/3626 4151/6500/3624
f 4151/6500/3624 4166/6492/3617 4145/6494/3618
f 4154/6501/3625 4155/8060/3633 4153/6502/3626
f 4154/6501/3625 4152/6503/3623 4149/6504/3622
f 4164/6506/2286 4155/8060/3633 4154/6501/3625
f 4154/6501/3625 4157/6505/3627 4158/6508/2289
f 4156/6507/3628 4158/6508/2289 4159/6509/3629
f 4162/6511/3631 4161/6516/3630 4159/6512/3629
f 4163/6514/3608 4164/6506/2286 4156/6507/3628
f 4162/6511/3631 4131/8061/3605 4163/6515/3608
f 4163/6476/3608 4132/6475/3607 4140/6517/2261
f 4164/6518/2286 4140/6517/2261 4142/6519/3632
f 4162/6511/3631 4160/6513/2293 4165/6521/2149
f 4048/6522/2155 4131/8061/3605 4162/6511/3631
f 4155/6520/3633 4142/6519/3632 4144/6523/3614
f 4144/6523/3614 4166/8062/3617 4151/6525/3624
f 4171/6526/3634 4170/8063/3636 4167/6527/3635
f 4170/6529/3636 4172/6535/3637 4169/6530/71
f 4174/6532/2301 4172/6538/3637 4170/6533/3636
f 4172/6535/3637 4173/6698/3714 4260/6536/71
f 4175/6537/2304 4173/6695/3714 4172/6538/3637
f 4176/6539/2305 4174/6532/2301 4171/6534/3634
f 4178/6541/2307 4175/6537/2304 4174/6532/2301
f 4179/6542/3639 4176/6539/2305 4177/6540/3638
f 4182/6544/3641 4178/6541/2307 4176/6539/2305
f 4179/6545/3639 4183/6551/3645 4184/6546/3642
f 4182/6548/3641 4179/6545/3639 4180/6547/3643
f 4181/6543/3640 4185/6554/3648 4183/6550/3645
f 4183/6551/3645 4186/6556/3647 4187/6552/3646
f 4186/6553/3647 4183/6550/3645 4185/6554/3648
f 4186/6556/3647 4189/6560/3651 4190/6557/3650
f 4189/6558/3651 4186/6553/3647 4188/6555/3649
f 4189/6560/3651 4192/6564/3654 4193/6561/3653
f 4192/6562/3654 4189/6558/3651 4191/6559/3652
f 4192/6564/3654 4195/8064/3657 4198/6565/3656
f 4195/6566/3657 4192/6562/3654 4194/6563/3655
f 4197/6568/3659 4195/6566/3657 4196/6567/3658
f 4198/6565/3656 4195/8064/3657 4197/6570/3659
f 4198/6572/3656 4199/6576/3663 4211/6573/3662
f 4200/6575/3661 4201/6578/3665 4199/6576/3663
f 4202/6577/3664 4203/6581/3667 4201/6578/3665
f 4197/6570/3659 4205/8065/3671 4202/6579/3664
f 4204/6580/3666 4209/8066/3672 4203/6581/3667
f 4202/6579/3664 4205/8065/3671 4207/6582/3668
f 4207/6584/3668 4205/6587/3671 4206/6585/3669
f 4205/6587/3671 4197/6568/3659 4210/6569/3660
f 4207/6588/3668 4208/8067/3670 4209/6589/3672
f 4208/6591/3670 4206/8068/3669 4203/6592/3667
f 4203/6592/3667 4206/8068/3669 4210/6594/3660
f 4210/6594/3660 4196/8069/3658 4199/6596/3663
f 4199/6596/3663 4196/8069/3658 4194/6597/3655
f 4193/6574/3653 4211/6573/3662 4212/6599/3673
f 4211/6598/3662 4194/6597/3655 4191/6601/3652
f 4212/6602/3673 4191/6601/3652 4188/6603/3649
f 4190/6600/3650 4212/6599/3673 4213/6605/3674
f 4214/6607/3675 4184/6611/3642 4187/6606/3646
f 4213/6604/3674 4188/6603/3649 4185/6608/3648
f 4215/6610/3676 4180/6615/3643 4184/6611/3642
f 4214/6609/3675 4185/6608/3648 4181/6612/3640
f 4181/6612/3640 4177/6618/3638 4216/6614/3677
f 4180/6615/3643 4215/6610/3676 4216/6616/3677
f 4177/6618/3638 4171/6526/3634 4168/6528/2369
f 4220/6619/3644 4180/6615/3643 4217/6617/2348
f 4221/6621/3678 4220/6619/3644 4218/6620/2348
f 4220/6619/3644 4221/6621/3678 4223/6623/3680
f 4222/6625/3681 4225/6631/3684 4182/6626/3641
f 4222/6624/3681 4223/6623/3680 4253/6628/3682
f 4224/6630/3683 4227/6638/3686 4225/6631/3684
f 4228/6632/3685 4226/6635/3687 4225/6633/3684
f 4182/6544/3641 4225/6633/3684 4226/6635/3687
f 4230/6637/3689 4229/6642/3691 4227/6638/3686
f 4231/6639/3690 4228/6632/3685 4227/6634/3686
f 4235/6641/3692 4232/8070/3694 4229/6642/3691
f 4233/6643/3693 4231/6639/3690 4229/6640/3691
f 4251/6645/3695 4233/6643/3693 4232/6644/3694
f 4234/6647/3696 4232/8070/3694 4235/6641/3692
f 4236/6649/3698 4235/6653/3692 4230/6650/3689
f 4238/6652/3700 4237/6655/3697 4235/6653/3692
f 4240/6654/3701 4239/6659/3703 4237/6655/3697
f 4242/6656/3702 4234/6647/3696 4237/6648/3697
f 4250/6658/3704 4241/6676/3706 4239/6659/3703
f 4244/6660/3705 4242/6656/3702 4239/6657/3703
f 4244/6662/3705 4245/8071/4133 4243/6663/3707
f 4242/6664/3702 4243/6663/3707 4251/6645/3695
f 4248/6665/3708 4245/8071/4133 4244/6662/3705
f 4246/6667/3709 4244/6660/3705 4241/6661/3706
f 4249/6669/3711 4248/8072/3708 4246/6670/3709
f 4250/6672/3704 4245/8073/4133 4248/6673/3708
f 4249/6675/3711 4247/8074/3710 4241/6676/3706
f 4243/6677/3707 4245/8073/4133 4250/6672/3704
f 4238/6679/3700 4251/6681/3695 4243/6677/3707
f 4236/6680/3698 4233/8075/3693 4251/6681/3695
f 4231/6682/3690 4233/8075/3693 4236/6680/3698
f 4252/6651/3699 4230/6650/3689 4224/6629/3683
f 4228/6684/3685 4231/6682/3690 4252/6683/3699
f 4226/6686/3687 4228/6684/3685 4253/6685/3682
f 4254/6688/3688 4226/6686/3687 4223/6687/3680
f 4254/6636/3688 4255/6691/3712 4178/6541/2307
f 4219/6690/3679 4255/6693/3712 4254/6688/3688
f 4255/6691/3712 4256/8076/3716 4175/6537/2304
f 4258/6692/2189 4256/6697/3716 4255/6693/3712
f 4175/6537/2304 4256/8076/3716 4257/6694/3713
f 4259/6696/3715 4257/8077/3713 4256/6697/3716
f 4173/6698/3714 4257/8078/3713 4259/6699/3715
f 4284/6700/2115 4262/6703/3717 4261/6701/2116
f 4262/6703/3717 4294/6750/3733 4263/6704/2119
f 4271/6711/3721 4273/6733/3723 4269/6709/3720
f 4271/6711/3721 4270/6708/3719 4266/6707/2121
f 4271/6713/3721 4272/6749/3722 4276/6714/2127
f 4273/6716/3723 4271/6713/3721 4274/6715/2128
f 4274/6718/2128 4275/6722/2132 4278/6719/3724
f 4276/6721/2127 4292/6748/2146 4275/6722/2132
f 4281/6723/3725 4279/6726/3726 4277/6720/2130
f 4273/6716/3723 4277/6717/2130 4279/6724/3726
f 4279/6726/3726 4281/6723/3725 4293/6727/3728
f 4282/6729/3727 4279/8079/3726 4280/6730/3729
f 4282/6732/3727 4267/6710/2124 4269/6709/3720
f 4268/6706/3718 4267/6710/2124 4282/6732/3727
f 4284/6700/2115 4264/6702/2117 4268/6706/3718
f 4284/6735/2115 4283/6731/3730 4280/6730/3729
f 4285/6736/3731 4287/6745/2141 4262/6737/3717
f 4285/6738/3731 4286/6741/2142 4289/6739/2140
f 4280/6728/3729 4293/6727/3728 4286/6741/2142
f 4287/6740/2141 4289/6739/2140 4290/6742/2143
f 4294/6744/3733 4262/6737/3717 4287/6745/2141
f 4288/6743/3732 4290/6742/2143 4292/6748/2146
f 4272/6749/3722 4294/6744/3733 4288/6746/3732
f 4272/6712/3722 4266/6707/2121 4263/6704/2119
f 4299/6751/2147 4300/6946/3736 4296/6752/3533
f 4296/6752/3533 4417/6945/2149 4298/6754/2149
f 4295/6753/3534 4298/6754/2149 4336/6755/3734
f 4302/6757/2152 4299/6751/2147 4295/6753/3534
f 4301/6758/3735 4381/6894/3761 4300/6759/3736
f 4301/6758/3735 4299/6760/2147 4302/6761/2152
f 4303/6762/2156 4302/6761/2152 4304/6763/3737
f 4304/6765/3737 4302/6757/2152 4297/6756/3535
f 4334/6767/3540 4306/6805/2181 4304/6768/3737
f 4304/6763/3737 4306/6789/2181 4308/6770/2162
f 4307/6771/3538 4308/6783/2162 4311/6772/3738
f 4310/6774/3543 4303/6819/2156 4307/6775/3538
f 4309/6776/3739 4312/8080/2202 4313/6777/2168
f 4309/6773/3739 4311/6772/3738 4314/6778/3740
f 4317/6780/3741 4315/6782/3743 4314/6778/3740
f 4317/6780/3741 4318/6785/3744 4316/6781/3742
f 4308/6783/2162 4319/8081/3745 4317/6780/3741
f 4317/6780/3741 4319/8081/3745 4321/6784/2177
f 4319/6786/3745 4320/8082/4097 4322/6787/3548
f 4306/6789/2181 4320/8082/4097 4319/6786/3745
f 4322/6787/3548 4325/8083/3746 4323/6790/3549
f 4318/6791/3744 4321/8084/2177 4323/6792/3549
f 4324/6793/3550 4323/6792/3549 4325/6794/3746
f 4325/6794/3746 4322/8085/3548 4327/6796/3748
f 4324/6793/3550 4326/6795/3747 4328/6797/3749
f 4326/6795/3747 4327/6796/3748 4330/6799/3751
f 4333/6800/3557 4331/6804/3753 4330/6801/3751
f 4333/6800/3557 4334/6767/3540 4332/6803/3752
f 4333/6800/3557 4320/8086/4097 4306/6805/2181
f 4322/6806/3548 4320/8086/4097 4333/6800/3557
f 4305/6769/3539 4335/8087/3754 4332/6803/3752
f 4297/6756/3535 4336/6755/3734 4335/6807/3754
f 4318/6791/3744 4324/6793/3550 4329/6798/3750
f 4310/6774/3543 4313/6777/2168 4337/6809/2202
f 4340/6811/3756 4339/6810/3755 4337/6809/2202
f 4342/6813/3564 4341/6821/3758 4339/6814/3755
f 4344/6816/3757 4301/8088/3735 4339/6817/3755
f 4339/6810/3755 4301/8089/3735 4303/6819/2156
f 4354/6820/3567 4343/8090/3759 4341/6821/3758
f 4346/6822/3568 4344/6816/3757 4341/6818/3758
f 4347/6824/3760 4345/8091/3779 4344/6825/3757
f 4344/6825/3757 4345/8091/3779 4381/6827/3761
f 4348/6829/3762 4350/6831/3764 4347/6824/3760
f 4351/6830/3763 4348/6835/3762 4346/6822/3568
f 4350/6831/3764 4348/6829/3762 4349/6832/3575
f 4352/6834/3577 4349/6855/3575 4348/6835/3762
f 4351/6836/3763 4343/8090/3759 4354/6820/3567
f 4351/6836/3763 4353/6837/3578 4355/6838/3579
f 4347/6840/3760 4350/6843/3764 4353/6841/3578
f 4350/6843/3764 4356/6845/3576 4355/6844/3579
f 4356/6845/3576 4358/8092/3769 4357/6846/3580
f 4352/6839/3577 4355/6838/3579 4357/6847/3580
f 4357/6846/3580 4358/8092/3769 4365/6849/3765
f 4359/6851/3766 4361/6870/3768 4360/6848/3581
f 4363/6852/3767 4362/8093/3587 4360/6853/3581
f 4360/6853/3581 4362/8093/3587 4349/6855/3575
f 4363/6856/3767 4365/6861/3765 4358/6857/3769
f 4356/6833/3576 4349/6832/3575 4362/6858/3587
f 4370/6859/3770 4364/8094/3771 4363/6852/3767
f 4364/6860/3771 4366/6864/3773 4365/6861/3765
f 4365/6849/3765 4366/8095/3773 4368/6862/3772
f 4372/6863/3592 4367/6889/3774 4366/6864/3773
f 4368/6862/3772 4366/8095/3773 4367/6865/3774
f 4369/6867/3775 4371/6874/3595 4370/6868/3770
f 4368/6869/3772 4370/6868/3770 4361/6870/3768
f 4372/6871/3592 4364/8094/3771 4370/6859/3770
f 4369/6867/3775 4374/6876/3776 4373/6873/3596
f 4371/6872/3595 4373/6878/3596 4375/6875/3597
f 4374/6876/3776 4377/8096/3778 4376/6877/3599
f 4373/6878/3596 4376/8097/3599 4378/6879/3600
f 4379/6880/3777 4378/8098/3600 4376/6881/3599
f 4375/6883/3597 4378/8099/3600 4379/6884/3777
f 4374/6886/3776 4380/6890/3603 4379/6887/3777
f 4372/6863/3592 4375/6883/3597 4380/6885/3603
f 4369/6866/3775 4367/6865/3774 4380/6890/3603
f 4345/6891/3779 4347/6840/3760 4354/6842/3567
f 4340/6893/3756 4381/8100/3761 4345/6891/3779
f 4381/6894/3761 4382/8101/2247 4383/6895/3605
f 4382/6896/2247 4381/8102/3761 4340/6811/3756
f 4383/6895/3605 4382/8101/2247 4384/6898/3607
f 4384/6900/3607 4382/6896/2247 4385/6897/3780
f 4340/6811/3756 4338/6812/2202 4387/6902/2252
f 4385/6897/3780 4387/6902/2252 4388/6903/3611
f 4391/6904/3612 4386/6911/3609 4388/6905/3611
f 4391/6904/3612 4389/6906/3781 4390/6907/3782
f 4393/6908/3783 4394/8103/2297 4392/6909/2261
f 4391/6904/3612 4392/6909/2261 4384/6910/3607
f 4396/6912/3784 4394/8103/2297 4393/6908/3783
f 4395/6913/3785 4393/6908/3783 4390/6907/3782
f 4418/6915/3787 4396/8104/3784 4395/6916/3785
f 4397/6917/3788 4395/6916/3785 4398/6918/3786
f 4397/6917/3788 4399/6919/3789 4400/6920/3620
f 4402/6921/3790 4400/6920/3620 4401/6922/3791
f 4404/6923/3792 4405/8105/3794 4403/6924/2276
f 4402/6921/3790 4403/6924/2276 4418/6915/3787
f 4406/6925/3793 4407/8106/2298 4405/6926/3794
f 4406/6925/3793 4404/6927/3792 4401/6928/3791
f 4416/6930/2286 4407/8106/2298 4406/6925/3793
f 4406/6925/3793 4409/6929/3795 4410/6932/2288
f 4408/6931/3628 4410/6932/2288 4411/6933/3629
f 4414/6935/3797 4413/6940/3796 4411/6936/3629
f 4415/6938/3608 4416/6930/2286 4408/6931/3628
f 4414/6935/3797 4383/8107/3605 4415/6939/3608
f 4415/6899/3608 4384/6898/3607 4392/6941/2261
f 4416/6942/2286 4392/6941/2261 4394/6943/2297
f 4414/6935/3797 4412/6937/2293 4417/6945/2149
f 4300/6946/3736 4383/8107/3605 4414/6935/3797
f 4407/6944/2298 4394/6943/2297 4396/6947/3784
f 4405/6948/3794 4396/6947/3784 4418/6949/3787
f 4423/6951/3634 4422/8108/3636 4419/6952/3635
f 4422/6954/3636 4424/6960/3798 4421/6955/71
f 4426/6957/2301 4424/6963/3798 4422/6958/3636
f 4424/6960/3798 4425/7123/3714 4512/6961/71
f 4427/6962/2304 4425/7120/3714 4424/6963/3798
f 4428/6964/2305 4426/6957/2301 4423/6959/3634
f 4430/6966/2307 4427/6962/2304 4426/6957/2301
f 4431/6967/3639 4428/6964/2305 4429/6965/3799
f 4434/6969/3800 4430/6966/2307 4428/6964/2305
f 4431/6970/3639 4435/6976/3802 4436/6971/3642
f 4434/6973/3800 4431/6970/3639 4432/6972/3801
f 4433/6968/3640 4437/6979/3803 4435/6975/3802
f 4435/6976/3802 4438/6981/3647 4439/6977/3646
f 4438/6978/3647 4435/6975/3802 4437/6979/3803
f 4438/6981/3647 4441/8109/3805 4442/6982/3804
f 4441/6983/3805 4438/6978/3647 4440/6980/3649
f 4442/6982/3804 4441/8109/3805 4444/6985/3807
f 4444/6987/3807 4441/6983/3805 4443/6984/3806
f 4445/6986/3808 4444/6985/3807 4447/6989/3809
f 4447/6991/3809 4444/6987/3807 4446/6988/3655
f 4449/6993/3812 4447/6991/3809 4448/6992/3811
f 4450/6990/3810 4447/6989/3809 4449/6995/3812
f 4450/6997/3810 4451/7001/3813 4463/6998/3662
f 4452/7000/3661 4453/7003/3665 4451/7001/3813
f 4454/7002/3664 4455/7006/3667 4453/7003/3665
f 4449/6995/3812 4457/8110/3671 4454/7004/3664
f 4456/7005/3666 4461/8111/3815 4455/7006/3667
f 4454/7004/3664 4457/8110/3671 4459/7007/3814
f 4459/7009/3814 4457/7012/3671 4458/7010/3669
f 4457/7012/3671 4449/6993/3812 4462/6994/3660
f 4459/7013/3814 4460/8112/3670 4461/7014/3815
f 4460/7016/3670 4458/8113/3669 4455/7017/3667
f 4455/7017/3667 4458/8113/3669 4462/7019/3660
f 4462/7019/3660 4448/7022/3811 4451/7021/3813
f 4448/7022/3811 4446/7026/3655 4463/7023/3662
f 4445/6999/3808 4463/6998/3662 4464/7024/3816
f 4446/7026/3655 4443/8114/3806 4464/7027/3816
f 4464/7027/3816 4443/8114/3806 4440/7028/3649
f 4442/7025/3804 4464/7024/3816 4465/7030/3817
f 4466/7032/3818 4436/7036/3642 4439/7031/3646
f 4465/7029/3817 4440/7028/3649 4437/7033/3803
f 4467/7035/3819 4432/7040/3801 4436/7036/3642
f 4466/7034/3818 4437/7033/3803 4433/7037/3640
f 4433/7037/3640 4429/7043/3799 4468/7039/3820
f 4432/7040/3801 4467/7035/3819 4468/7041/3820
f 4429/7043/3799 4423/6951/3634 4420/6953/100
f 4472/7044/3644 4432/7040/3801 4469/7042/2348
f 4473/7046/3821 4472/7044/3644 4470/7045/2348
f 4472/7044/3644 4473/7046/3821 4475/7048/3822
f 4474/7050/3823 4477/7056/3825 4434/7051/3800
f 4474/7049/3823 4475/7048/3822 4505/7053/3824
f 4476/7055/3683 4479/7063/3826 4477/7056/3825
f 4480/7057/3685 4478/7060/3827 4477/7058/3825
f 4434/6969/3800 4477/7058/3825 4478/7060/3827
f 4482/7062/3829 4481/8115/3831 4479/7063/3826
f 4483/7064/3830 4480/7057/3685 4479/7059/3826
f 4484/7066/3832 4481/8115/3831 4482/7062/3829
f 4485/7068/3834 4483/7064/3830 4481/7065/3831
f 4503/7070/3695 4485/7068/3834 4484/7069/3832
f 4486/7072/3835 4484/7066/3832 4487/7067/3833
f 4488/7074/3836 4487/7078/3833 4482/7075/3829
f 4490/7077/3838 4489/7080/3697 4487/7078/3833
f 4492/7079/3701 4491/7084/3703 4489/7080/3697
f 4494/7081/3839 4486/7072/3835 4489/7073/3697
f 4502/7083/3704 4493/7101/3706 4491/7084/3703
f 4496/7085/3705 4494/7081/3839 4491/7082/3703
f 4496/7087/3705 4497/8116/4133 4495/7088/3707
f 4494/7089/3839 4495/7088/3707 4503/7070/3695
f 4500/7090/3840 4497/8116/4133 4496/7087/3705
f 4498/7092/3841 4496/7085/3705 4493/7086/3706
f 4501/7094/3842 4500/8117/3840 4498/7095/3841
f 4502/7097/3704 4497/8118/4133 4500/7098/3840
f 4501/7100/3842 4499/8119/3710 4493/7101/3706
f 4495/7102/3707 4497/8118/4133 4502/7097/3704
f 4490/7104/3838 4503/7106/3695 4495/7102/3707
f 4488/7105/3836 4485/7108/3834 4503/7106/3695
f 4504/7107/3837 4483/8120/3830 4485/7108/3834
f 4504/7076/3837 4482/7075/3829 4476/7054/3683
f 4480/7109/3685 4483/8120/3830 4504/7107/3837
f 4478/7111/3827 4480/7109/3685 4505/7110/3824
f 4506/7113/3828 4478/7111/3827 4475/7112/3822
f 4506/7061/3828 4507/7116/3712 4430/6966/2307
f 4471/7115/3679 4507/7118/3712 4506/7113/3828
f 4507/7116/3712 4508/8121/3844 4427/6962/2304
f 4510/7117/2381 4508/7122/3844 4507/7118/3712
f 4427/6962/2304 4508/8121/3844 4509/7119/3713
f 4511/7121/3843 4509/8122/3713 4508/7122/3844
f 4425/7123/3714 4509/8123/3713 4511/7124/3843
f 4536/7125/2115 4514/7128/3717 4513/7126/2116
f 4514/7128/3717 4546/7175/3857 4515/7129/3846
f 4523/7136/3721 4525/7158/2129 4521/7134/2123
f 4523/7136/3721 4522/7133/3848 4518/7132/3847
f 4523/7138/3721 4524/7174/3722 4528/7139/2127
f 4525/7141/2129 4523/7138/3721 4526/7140/2128
f 4526/7143/2128 4527/7147/3851 4530/7144/3850
f 4528/7146/2127 4544/7173/3858 4527/7147/3851
f 4533/7148/3852 4531/7151/3853 4529/7145/2130
f 4525/7141/2129 4529/7142/2130 4531/7149/3853
f 4531/7151/3853 4533/7148/3852 4545/7152/3854
f 4534/7154/3727 4531/8124/3853 4532/7155/3729
f 4534/7157/3727 4519/7135/3849 4521/7134/2123
f 4520/7131/3718 4519/7135/3849 4534/7157/3727
f 4536/7125/2115 4516/7127/3845 4520/7131/3718
f 4536/7160/2115 4535/7156/2138 4532/7155/3729
f 4537/7161/3731 4539/7170/2141 4514/7162/3717
f 4537/7163/3731 4538/7166/3856 4541/7164/3855
f 4532/7153/3729 4545/7152/3854 4538/7166/3856
f 4539/7165/2141 4541/7164/3855 4542/7167/2143
f 4546/7169/3857 4514/7162/3717 4539/7170/2141
f 4540/7168/3732 4542/7167/2143 4544/7173/3858
f 4524/7174/3722 4546/7169/3857 4540/7171/3732
f 4524/7137/3722 4518/7132/3847 4515/7129/3846
f 4551/7176/2449 4550/8125/100 4547/7177/100
f 4550/7179/101 4552/7185/101 4549/7180/101
f 4554/7182/2451 4552/7188/2452 4550/7183/2452
f 4552/7185/101 4553/7336/101 4632/7186/101
f 4555/7187/2454 4553/7333/2452 4552/7188/2452
f 4556/7189/2455 4554/7182/2451 4551/7184/3860
f 4558/7191/2457 4555/7187/2454 4554/7182/2451
f 4559/7192/2458 4556/7189/2455 4557/7190/3861
f 4562/7194/3862 4558/7191/2457 4556/7189/2455
f 4559/7195/3863 4563/7202/3866 4564/7196/3864
f 4596/7198/2464 4562/8126/2464 4559/7199/2465
f 4561/7193/2459 4565/7205/3868 4563/7201/2466
f 4563/7202/3866 4566/7207/3869 4567/7203/3867
f 4566/7204/2469 4563/7201/2466 4565/7205/3868
f 4566/7207/3869 4569/7211/2189 4570/7208/2189
f 4569/7209/2473 4566/7204/2469 4568/7206/2500
f 4569/7211/2189 4572/8127/63 4573/7212/63
f 4572/7213/2327 4569/7209/2473 4571/7210/2473
f 4573/7212/63 4572/8127/63 4575/7215/63
f 4575/7217/2326 4572/7213/2327 4574/7214/2327
f 4577/7219/2328 4575/7217/2326 4576/7218/2326
f 4578/7216/63 4575/7215/63 4577/7221/63
f 4578/7223/2324 4579/7227/2324 4587/7224/3870
f 4580/7226/2325 4581/7229/2325 4579/7227/2324
f 4582/7228/2476 4583/8128/2476 4581/7229/2325
f 4580/7222/2383 4577/7221/63 4584/7230/63
f 4582/7232/2324 4584/8129/2324 4585/7233/2324
f 4584/7235/2477 4577/7219/2328 4586/7220/2328
f 4585/7237/100 4586/7240/100 4581/7238/100
f 4586/7240/100 4576/7242/2431 4579/7241/100
f 4576/7242/2431 4574/8130/100 4587/7243/100
f 4573/7225/2323 4587/7224/3870 4588/7244/2329
f 4587/7243/100 4574/8130/100 4571/7246/100
f 4588/7247/100 4571/7246/100 4568/7248/3871
f 4570/7245/2329 4588/7244/2329 4589/7250/2480
f 4590/7252/2481 4564/7256/2485 4567/7251/2480
f 4589/7249/3872 4568/7248/3871 4565/7253/3873
f 4591/7255/2484 4560/7260/2489 4564/7256/2485
f 4590/7254/3874 4565/7253/3873 4561/7257/3875
f 4561/7257/3875 4557/7263/3878 4592/7259/3877
f 4560/7260/2489 4591/7255/2484 4592/7261/2490
f 4557/7263/3878 4551/7176/2449 4548/7178/3859
f 4596/7264/2492 4560/7260/2489 4593/7262/2490
f 4597/7266/2493 4596/7264/2492 4594/7265/2490
f 4596/7264/2492 4597/7266/2493 4599/7268/2481
f 4598/7270/3879 4601/7276/3883 4562/7271/3880
f 4598/7269/2481 4599/7268/2481 4625/7273/2480
f 4600/7275/3882 4603/7283/3885 4601/7276/3883
f 4604/7277/2469 4602/7280/2501 4601/7278/3884
f 4562/7194/3862 4601/7278/3884 4602/7280/2501
f 4606/7282/100 4605/7287/100 4603/7283/3885
f 4607/7284/2473 4604/7277/2469 4603/7279/2500
f 4611/7286/100 4608/8131/100 4605/7287/100
f 4609/7288/2327 4607/7284/2473 4605/7285/2474
f 4623/7290/3886 4609/7288/2327 4608/7289/2327
f 4610/7292/2369 4608/8131/100 4611/7286/100
f 4612/7294/2323 4611/7298/2323 4606/7295/2329
f 4614/7297/2324 4613/7300/2324 4611/7298/2323
f 4616/7299/2325 4615/7304/2325 4613/7300/2324
f 4618/7301/100 4610/7292/2369 4613/7293/2369
f 4622/7303/2476 4617/8132/2476 4615/7304/2325
f 4620/7305/2369 4618/7301/100 4615/7302/100
f 4620/7307/2508 4621/8133/4134 4619/7308/2509
f 4618/7309/2510 4619/7308/2509 4623/7290/3886
f 4622/7310/2324 4621/8134/2324 4620/7311/2324
f 4616/7313/63 4619/7317/63 4621/7314/2383
f 4614/7316/63 4623/7319/63 4619/7317/63
f 4612/7318/63 4609/8135/63 4623/7319/63
f 4607/7320/63 4609/8135/63 4612/7318/63
f 4624/7296/2329 4606/7295/2329 4600/7274/2480
f 4604/7322/2511 4607/7320/63 4624/7321/63
f 4602/7324/3890 4604/7322/2511 4625/7323/3889
f 4626/7326/3892 4602/7324/3890 4599/7325/3891
f 4626/7281/2502 4627/7329/2518 4558/7191/2457
f 4595/7328/3894 4627/7331/3895 4626/7326/3892
f 4627/7329/2518 4628/7332/2521 4555/7187/2454
f 4630/7330/2519 4628/7335/3896 4627/7331/3895
f 4628/7332/2521 4629/8136/2452 4553/7333/2452
f 4631/7334/63 4629/8137/63 4628/7335/3896
f 4553/7336/101 4629/8138/101 4631/7337/101
f 4634/7338/3897 4633/7342/2527 4636/7339/3898
f 4634/7338/3897 4644/7350/3904 4635/7341/3899
f 4643/7349/3903 4645/7368/2537 4638/7345/3901
f 4643/7349/3903 4642/7344/3900 4635/7341/3899
f 4643/7351/3903 4644/7386/3904 4648/7352/3905
f 4645/7354/2537 4643/7351/3903 4646/7353/2536
f 4646/7356/2536 4647/7360/3907 4650/7357/3906
f 4648/7359/3905 4665/7384/3914 4647/7360/3907
f 4649/7358/2538 4650/7357/3906 4652/7361/3908
f 4654/7363/3910 4645/7354/2537 4649/7355/2538
f 4662/7365/2544 4653/7380/2545 4651/7362/3909
f 4654/7363/3910 4651/7364/3909 4653/7366/2545
f 4645/7368/2537 4654/7370/3910 4639/7346/2531
f 4655/7369/2546 4641/7347/3902 4639/7346/2531
f 4640/7348/2533 4641/7347/3902 4655/7369/2546
f 4655/7367/2546 4653/7366/2545 4658/7372/3911
f 4657/7340/2525 4636/7339/3898 4640/7348/2533
f 4657/7374/2525 4656/8139/2547 4658/7375/3911
f 4658/7377/3911 4660/7381/2551 4661/7378/3912
f 4653/7380/2545 4662/7365/2544 4660/7381/2551
f 4666/7385/3915 4664/7383/3913 4665/7384/3914
f 4659/7379/2549 4661/7378/3912 4664/7383/3913
f 4644/7386/3904 4634/7388/3897 4666/7387/3915
f 4659/7376/2549 4666/7387/3915 4634/7388/3897
f 4669/7389/71 4699/7443/71 4668/7390/71
f 4667/7391/71 4670/8140/71 4672/7392/71
f 4673/7393/2384 4672/8141/63 4670/7394/63
f 4669/7396/2386 4672/8142/2386 4673/7397/2387
f 4676/7399/2389 4674/7398/2388 4673/7397/2387
f 4675/7401/3918 4673/7393/2384 4671/7395/3916
f 4680/7403/2393 4676/7399/2389 4675/7400/3917
f 4678/7405/3921 4675/7401/3918 4677/7402/3919
f 4680/7407/3923 4678/8143/2397 4679/7408/2397
f 4726/7410/2398 4682/7494/3936 4680/7411/3924
f 4683/7413/2401 4685/7421/2407 4676/7399/2389
f 4680/7403/2393 4682/7450/2428 4686/7414/2402
f 4684/7415/2403 4688/8144/2403 4687/7416/2403
f 4683/7418/2404 4686/7447/2425 4701/7419/3925
f 4685/7421/2407 4683/7413/2401 4687/7422/2408
f 4687/7424/3928 4688/8145/4103 4691/7425/3929
f 4700/7427/2413 4685/7421/2407 4689/7423/3927
f 4689/7426/3930 4691/7425/3929 4692/7429/859
f 4693/7431/2416 4691/7435/2420 4688/7432/2417
f 4695/7434/2419 4692/8146/2419 4691/7435/2420
f 4684/7433/2418 4681/7439/3932 4694/7436/2421
f 4694/7436/2421 4677/7440/2424 4671/7437/2422
f 4681/7439/3932 4679/8147/2417 4677/7440/2424
f 4690/7430/3931 4692/7429/859 4697/7441/100
f 4699/7443/71 4698/8148/71 4697/7444/71
f 4700/7427/2413 4690/7428/2414 4698/7445/2386
f 4674/7398/2388 4700/7427/2413 4699/7446/2386
f 4685/7421/2407 4700/7427/2413 4674/7398/2388
f 4686/7447/2425 4702/7452/2429 4703/7448/3933
f 4702/7449/3934 4686/7414/2402 4682/7450/2428
f 4702/7452/2429 4705/7456/100 4706/7453/100
f 4705/7454/2430 4702/7449/3934 4704/7451/2427
f 4705/7456/100 4708/8149/100 4709/7457/100
f 4708/7458/2432 4705/7454/2430 4707/7455/2430
f 4709/7457/100 4708/8149/100 4711/7460/100
f 4712/7462/2433 4711/8150/2433 4708/7458/2432
f 4713/7463/2434 4711/8150/2433 4712/7462/2433
f 4711/7460/100 4713/7473/3141 4716/7465/2369
f 4714/7466/2435 4715/7470/2435 4723/7467/2436
f 4716/7469/2437 4717/7472/2439 4715/7470/2435
f 4718/7471/2438 4719/8151/2438 4717/7472/2439
f 4713/7473/3141 4720/8152/2272 4718/7474/2369
f 4718/7475/2435 4720/8153/2435 4721/7476/2435
f 4721/7478/2440 4720/8154/2440 4713/7463/2434
f 4719/7479/2189 4721/8155/4135 4722/7480/63
f 4717/7481/63 4722/7480/63 4712/7482/63
f 4712/7482/63 4710/8156/63 4723/7484/63
f 4709/7468/2436 4723/7467/2436 4724/7485/2441
f 4723/7484/63 4710/8156/63 4707/7487/63
f 4724/7488/63 4707/7487/63 4704/7489/2442
f 4706/7486/2441 4724/7485/2441 4725/7491/2445
f 4726/7493/2448 4701/7495/2448 4703/7492/2445
f 4725/7490/3935 4704/7489/2442 4682/7494/3936
f 4681/7439/3932 4684/7433/2418 4701/7495/2448
l 3092 3091
l 3044 3043
o vintage_grandfather_clock_01_MinuteHand
v 0.005831 1.726595 0.118055
v 0.004418 1.725318 0.118055
v 0.004390 1.728184 0.118055
v 0.007101 1.727743 0.118055
v 0.005650 1.729323 0.118055
v 0.004097 1.730812 0.118055
v 0.002950 1.729774 0.118055
v 0.003625 1.732279 0.118055
v 0.003464 1.734028 0.118055
v 0.002006 1.730815 0.118055
v 0.001062 1.731857 0.118055
v 0.000173 1.729158 0.118055
v 0.001726 1.728668 0.118055
v -0.001469 1.729568 0.118055
v -0.002600 1.730440 0.118055
v 0.000119 1.732898 0.118055
v -0.003154 1.732138 0.118055
v -0.003253 1.733148 0.118055
v -0.000977 1.734107 0.118055
v -0.001524 1.734711 0.118055
v 0.001224 1.736096 0.118055
v 0.002813 1.735333 0.118055
v 0.000206 1.736275 0.118055
v -0.000768 1.736495 0.118055
v -0.002072 1.735315 0.118055
v -0.001845 1.737199 0.118055
v -0.002661 1.738140 0.118055
v -0.002908 1.736238 0.118055
v -0.003744 1.737161 0.118055
v -0.004145 1.735119 0.118055
v -0.003439 1.734079 0.118055
v -0.005072 1.735960 0.118055
v -0.007805 1.737413 0.118055
v -0.011286 1.739922 0.118055
v -0.005699 1.739317 0.118055
v -0.008516 1.742426 0.118055
v -0.003678 1.741144 0.118055
v -0.005672 1.744997 0.118055
v -0.010025 1.750785 0.118055
v -0.015630 1.757271 0.118055
v -0.013359 1.747771 0.118055
v -0.019114 1.754121 0.118055
v -0.016626 1.744817 0.118055
v -0.022395 1.751155 0.118055
v -0.028010 1.758598 0.118055
v -0.033343 1.766297 0.118055
v -0.025350 1.761003 0.118055
v -0.031586 1.767884 0.118055
v -0.022516 1.763565 0.118055
v -0.029652 1.769634 0.118055
v -0.036503 1.775959 0.118055
v -0.041367 1.780583 0.118055
v -0.037822 1.774766 0.118055
v -0.042316 1.779725 0.118055
v -0.038839 1.773847 0.118055
v -0.043081 1.779034 0.118055
v -0.044855 1.780928 0.118055
v -0.044059 1.781648 0.118055
v -0.046819 1.781908 0.118055
v -0.049175 1.782638 0.118055
v -0.045431 1.783162 0.118055
v -0.046856 1.784735 0.118055
v -0.044061 1.784401 0.118055
v -0.043174 1.782448 0.118055
v -0.044454 1.786906 0.118055
v -0.045331 1.788889 0.118055
v -0.047012 1.790356 0.118055
v -0.048239 1.786261 0.118055
v -0.049726 1.787902 0.118055
v -0.050835 1.783913 0.118055
v -0.052037 1.785812 0.118055
v -0.053059 1.788262 0.118055
v -0.053701 1.789268 0.118055
v -0.051406 1.789756 0.118055
v -0.052197 1.790628 0.118055
v -0.049321 1.791642 0.118055
v -0.050243 1.792394 0.118055
v -0.054377 1.797247 0.118055
v -0.061489 1.808208 0.118055
v -0.056537 1.795417 0.118055
v -0.065360 1.805154 0.118055
v -0.058635 1.793682 0.118055
v -0.069191 1.802221 0.118055
v -0.078034 1.816001 0.118055
v -0.105011 1.847893 0.118055
v -0.076352 1.817366 0.118055
v -0.105201 1.849418 0.118055
v -0.074616 1.818660 0.118055
v -0.103476 1.849046 0.118055
v 0.002989 1.726917 0.118055
vn -0.0000 -0.0000 1.0000
vt 0.241480 0.733152
vt 0.242482 0.734003
vt 0.241480 0.734008
vt 0.242482 0.732390
vt 0.241480 0.732382
vt 0.243484 0.732458
vt 0.242482 0.733153
vt 0.244140 0.733155
vt 0.243484 0.733154
vt 0.244140 0.732174
vt 0.244797 0.733156
vt 0.243484 0.733896
vt 0.244140 0.734266
vt 0.245453 0.733157
vt 0.244797 0.734690
vt 0.246215 0.734477
vt 0.245453 0.734805
vt 0.246215 0.733157
vt 0.246595 0.734205
vt 0.246215 0.731823
vt 0.245453 0.731524
vt 0.246595 0.732109
vt 0.246976 0.732368
vt 0.246595 0.733158
vt 0.247558 0.732514
vt 0.246976 0.733158
vt 0.248139 0.733160
vt 0.247558 0.733159
vt 0.247558 0.733909
vt 0.246976 0.733987
vt 0.249499 0.733161
vt 0.248139 0.733964
vt 0.251458 0.733163
vt 0.249499 0.734438
vt 0.248139 0.732503
vt 0.249499 0.731936
vt 0.251458 0.731440
vt 0.254826 0.733167
vt 0.254826 0.731146
vt 0.258829 0.733171
vt 0.251458 0.734842
vt 0.254826 0.735147
vt 0.263166 0.734789
vt 0.258829 0.735160
vt 0.263166 0.733176
vt 0.267503 0.734246
vt 0.263166 0.731458
vt 0.258829 0.731060
vt 0.267503 0.732008
vt 0.271840 0.732386
vt 0.267503 0.733181
vt 0.274965 0.732614
vt 0.271840 0.733186
vt 0.271840 0.733802
vt 0.274965 0.733653
vt 0.276177 0.733191
vt 0.274965 0.733189
vt 0.277131 0.733192
vt 0.276177 0.733673
vt 0.278122 0.733193
vt 0.277132 0.734033
vt 0.276177 0.732654
vt 0.277131 0.732361
vt 0.278122 0.731737
vt 0.279084 0.733194
vt 0.280119 0.731550
vt 0.279084 0.731431
vt 0.278122 0.734599
vt 0.280119 0.734596
vt 0.279084 0.734768
vt 0.280119 0.733195
vt 0.281287 0.734198
vt 0.281287 0.733196
vt 0.281837 0.734109
vt 0.281287 0.731932
vt 0.281837 0.732013
vt 0.284812 0.731928
vt 0.281837 0.733197
vt 0.290992 0.733207
vt 0.284855 0.733200
vt 0.284911 0.734423
vt 0.298718 0.734163
vt 0.291176 0.735369
vt 0.298664 0.733191
vt 0.318215 0.733544
vt 0.298569 0.732222
vt 0.290837 0.730995
vt 0.318134 0.732684
vt 0.244797 0.731700
vt 0.318803 0.733148
s 0
f 4727/8157/4136 4816/8158/4136 4728/8159/4136
f 4731/8160/4136 4727/8157/4136 4730/8161/4136
f 4732/8162/4136 4729/8163/4136 4731/8160/4136
f 4732/8162/4136 4736/8164/4136 4733/8165/4136
f 4734/8166/4136 4737/8167/4136 4736/8164/4136
f 4736/8164/4136 4739/8168/4136 4733/8165/4136
f 4737/8167/4136 4738/8169/4136 4736/8164/4136
f 4742/8170/4136 4740/8171/4136 4737/8167/4136
f 4742/8170/4136 4743/8172/4136 4741/8173/4136
f 4745/8174/4136 4744/8175/4136 4743/8172/4136
f 4747/8176/4136 4742/8170/4136 4748/8177/4136
f 4749/8178/4136 4745/8174/4136 4747/8176/4136
f 4750/8179/4136 4746/8180/4136 4749/8178/4136
f 4752/8181/4136 4751/8182/4136 4750/8179/4136
f 4752/8181/4136 4755/8183/4136 4754/8184/4136
f 4751/8182/4136 4756/8185/4136 4757/8186/4136
f 4755/8183/4136 4756/8185/4136 4754/8184/4136
f 4761/8187/4136 4758/8188/4136 4755/8183/4136
f 4762/8189/4136 4759/8190/4136 4761/8187/4136
f 4753/8191/4136 4761/8187/4136 4755/8183/4136
f 4763/8192/4136 4762/8189/4136 4761/8187/4136
f 4764/8193/4136 4767/8194/4136 4762/8189/4136
f 4765/8195/4136 4768/8196/4136 4767/8194/4136
f 4767/8194/4136 4760/8197/4136 4762/8189/4136
f 4768/8196/4136 4769/8198/4136 4767/8194/4136
f 4768/8196/4136 4771/8199/4136 4770/8200/4136
f 4773/8201/4136 4772/8202/4136 4771/8199/4136
f 4775/8203/4136 4768/8196/4136 4766/8204/4136
f 4776/8205/4136 4773/8201/4136 4775/8203/4136
f 4777/8206/4136 4774/8207/4136 4776/8205/4136
f 4778/8208/4136 4779/8209/4136 4777/8206/4136
f 4774/8207/4136 4781/8210/4136 4772/8202/4136
f 4779/8209/4136 4782/8211/4136 4781/8210/4136
f 4784/8212/4136 4782/8211/4136 4780/8213/4136
f 4787/8214/4136 4783/8215/4136 4784/8212/4136
f 4788/8216/4136 4785/8217/4136 4787/8214/4136
f 4790/8218/4136 4787/8214/4136 4784/8212/4136
f 4789/8219/4136 4788/8216/4136 4787/8214/4136
f 4791/8220/4136 4794/8221/4136 4788/8216/4136
f 4793/8222/4136 4794/8221/4136 4792/8223/4136
f 4794/8221/4136 4786/8224/4136 4788/8216/4136
f 4794/8221/4136 4797/8225/4136 4796/8226/4136
f 4795/8227/4136 4798/8228/4136 4797/8225/4136
f 4800/8229/4136 4799/8230/4136 4798/8228/4136
f 4802/8231/4136 4795/8227/4136 4793/8222/4136
f 4803/8232/4136 4800/8229/4136 4802/8231/4136
f 4804/8233/4136 4801/8234/4136 4803/8232/4136
f 4804/8233/4136 4807/8235/4136 4806/8236/4136
f 4806/8236/4136 4799/8230/4136 4801/8234/4136
f 4807/8235/4136 4808/8237/4136 4806/8236/4136
f 4807/8235/4136 4810/8238/4136 4809/8239/4136
f 4812/8240/4136 4811/8241/4136 4810/8238/4136
f 4814/8242/4136 4807/8235/4136 4805/8243/4136
f 4815/8244/4136 4812/8240/4136 4814/8242/4136
f 4790/8218/4136 4780/8213/4136 4778/8208/4136
f 4746/8180/4136 4757/8186/4136 4744/8175/4136
f 4735/8245/4136 4742/8170/4136 4737/8167/4136
f 4729/8163/4136 4739/8168/4136 4816/8158/4136
f 4727/8157/4136 4729/8163/4136 4816/8158/4136
f 4731/8160/4136 4729/8163/4136 4727/8157/4136
f 4732/8162/4136 4733/8165/4136 4729/8163/4136
f 4732/8162/4136 4734/8166/4136 4736/8164/4136
f 4734/8166/4136 4735/8245/4136 4737/8167/4136
f 4736/8164/4136 4738/8169/4136 4739/8168/4136
f 4737/8167/4136 4740/8171/4136 4738/8169/4136
f 4742/8170/4136 4741/8173/4136 4740/8171/4136
f 4742/8170/4136 4745/8174/4136 4743/8172/4136
f 4745/8174/4136 4746/8180/4136 4744/8175/4136
f 4747/8176/4136 4745/8174/4136 4742/8170/4136
f 4749/8178/4136 4746/8180/4136 4745/8174/4136
f 4750/8179/4136 4751/8182/4136 4746/8180/4136
f 4752/8181/4136 4754/8184/4136 4751/8182/4136
f 4752/8181/4136 4753/8191/4136 4755/8183/4136
f 4751/8182/4136 4754/8184/4136 4756/8185/4136
f 4755/8183/4136 4758/8188/4136 4756/8185/4136
f 4761/8187/4136 4759/8190/4136 4758/8188/4136
f 4762/8189/4136 4760/8197/4136 4759/8190/4136
f 4753/8191/4136 4763/8192/4136 4761/8187/4136
f 4763/8192/4136 4764/8193/4136 4762/8189/4136
f 4764/8193/4136 4765/8195/4136 4767/8194/4136
f 4765/8195/4136 4766/8204/4136 4768/8196/4136
f 4767/8194/4136 4769/8198/4136 4760/8197/4136
f 4768/8196/4136 4770/8200/4136 4769/8198/4136
f 4768/8196/4136 4773/8201/4136 4771/8199/4136
f 4773/8201/4136 4774/8207/4136 4772/8202/4136
f 4775/8203/4136 4773/8201/4136 4768/8196/4136
f 4776/8205/4136 4774/8207/4136 4773/8201/4136
f 4777/8206/4136 4779/8209/4136 4774/8207/4136
f 4778/8208/4136 4780/8213/4136 4779/8209/4136
f 4774/8207/4136 4779/8209/4136 4781/8210/4136
f 4779/8209/4136 4780/8213/4136 4782/8211/4136
f 4784/8212/4136 4783/8215/4136 4782/8211/4136
f 4787/8214/4136 4785/8217/4136 4783/8215/4136
f 4788/8216/4136 4786/8224/4136 4785/8217/4136
f 4790/8218/4136 4789/8219/4136 4787/8214/4136
f 4789/8219/4136 4791/8220/4136 4788/8216/4136
f 4791/8220/4136 4792/8223/4136 4794/8221/4136
f 4793/8222/4136 4795/8227/4136 4794/8221/4136
f 4794/8221/4136 4796/8226/4136 4786/8224/4136
f 4794/8221/4136 4795/8227/4136 4797/8225/4136
f 4795/8227/4136 4800/8229/4136 4798/8228/4136
f 4800/8229/4136 4801/8234/4136 4799/8230/4136
f 4802/8231/4136 4800/8229/4136 4795/8227/4136
f 4803/8232/4136 4801/8234/4136 4800/8229/4136
f 4804/8233/4136 4806/8236/4136 4801/8234/4136
f 4804/8233/4136 4805/8243/4136 4807/8235/4136
f 4806/8236/4136 4808/8237/4136 4799/8230/4136
f 4807/8235/4136 4809/8239/4136 4808/8237/4136
f 4807/8235/4136 4812/8240/4136 4810/8238/4136
f 4812/8240/4136 4813/8246/4136 4811/8241/4136
f 4814/8242/4136 4812/8240/4136 4807/8235/4136
f 4815/8244/4136 4813/8246/4136 4812/8240/4136
f 4790/8218/4136 4784/8212/4136 4780/8213/4136
f 4746/8180/4136 4751/8182/4136 4757/8186/4136
f 4735/8245/4136 4748/8177/4136 4742/8170/4136
f 4729/8163/4136 4733/8165/4136 4739/8168/4136
o vintage_grandfather_clock_01_HourHand
v -0.000568 1.731884 0.118653
v 0.001176 1.730271 0.118643
v -0.004251 1.727902 0.118689
v -0.002363 1.733544 0.118664
v -0.006053 1.731628 0.118697
v -0.010802 1.725878 0.118744
v -0.008281 1.723546 0.118728
v -0.013412 1.723789 0.118768
v -0.010525 1.721120 0.118750
v -0.015342 1.720371 0.118789
v -0.013119 1.718315 0.118775
v -0.020594 1.715504 0.118839
v -0.017966 1.713074 0.118822
v -0.023194 1.711919 0.118865
v -0.025476 1.708040 0.118890
v -0.020952 1.709845 0.118851
v -0.023938 1.706617 0.118880
v -0.018617 1.707686 0.118837
v -0.015197 1.710513 0.118805
v -0.022442 1.705234 0.118871
v -0.025250 1.700732 0.118901
v -0.027476 1.702791 0.118915
v -0.029096 1.698096 0.118936
v -0.030480 1.699544 0.118944
v -0.030162 1.695557 0.118949
v -0.030844 1.692650 0.118959
v -0.032282 1.697595 0.118962
v -0.034084 1.695647 0.118979
v -0.034620 1.699757 0.118976
v -0.031946 1.700900 0.118953
v -0.037520 1.698824 0.119000
v -0.042212 1.698416 0.119038
v -0.037605 1.695617 0.119007
v -0.036625 1.695015 0.119000
v -0.039002 1.695447 0.119018
v -0.040888 1.694708 0.119034
v -0.041634 1.693558 0.119042
v -0.043846 1.697444 0.119052
v -0.044492 1.696201 0.119059
v -0.045051 1.693560 0.119068
v -0.046238 1.689660 0.119085
v -0.042228 1.690950 0.119051
v -0.043478 1.687107 0.119068
v -0.043825 1.685237 0.119074
v -0.041899 1.685647 0.119058
v -0.047755 1.681066 0.119112
v -0.052910 1.675596 0.119162
v -0.045980 1.679425 0.119101
v -0.049620 1.682791 0.119123
v -0.054100 1.676697 0.119169
v -0.061909 1.668205 0.119245
v -0.061568 1.666407 0.119245
v -0.059353 1.666465 0.119228
v -0.051690 1.674469 0.119154
v -0.039255 1.683202 0.119042
v -0.035150 1.684403 0.119007
v -0.038024 1.687062 0.119025
v -0.032589 1.685193 0.118986
v -0.031544 1.686067 0.118976
v -0.035481 1.687868 0.119004
v -0.034585 1.688880 0.118995
v -0.034117 1.690929 0.118988
v -0.034161 1.692474 0.118985
v -0.031185 1.688218 0.118970
v -0.034854 1.693105 0.118990
v -0.035940 1.693640 0.118997
v -0.029686 1.704835 0.118928
v -0.010712 1.716089 0.118760
v -0.007437 1.718265 0.118731
v -0.005381 1.720864 0.118710
v -0.000432 1.726429 0.118662
vn 0.0078 0.0018 1.0000
vt 0.467150 0.656180
vt 0.469234 0.658163
vt 0.467150 0.657419
vt 0.469234 0.654171
vt 0.467150 0.654905
vt 0.473199 0.654388
vt 0.470039 0.656179
vt 0.474959 0.656179
vt 0.473199 0.656179
vt 0.476994 0.654600
vt 0.474959 0.654129
vt 0.480796 0.656178
vt 0.476994 0.656179
vt 0.483137 0.654586
vt 0.480796 0.654312
vt 0.485479 0.655086
vt 0.483137 0.656178
vt 0.483137 0.657837
vt 0.480796 0.658145
vt 0.485479 0.657240
vt 0.488255 0.656178
vt 0.485479 0.656178
vt 0.490676 0.657220
vt 0.488255 0.657759
vt 0.492024 0.656178
vt 0.490611 0.656178
vt 0.493437 0.656178
vt 0.492054 0.657711
vt 0.490611 0.655136
vt 0.492024 0.654518
vt 0.493437 0.653737
vt 0.495294 0.654365
vt 0.494722 0.654840
vt 0.494603 0.655428
vt 0.495294 0.652086
vt 0.496264 0.653905
vt 0.496984 0.651997
vt 0.496264 0.651804
vt 0.498218 0.652718
vt 0.496984 0.654027
vt 0.500173 0.653644
vt 0.498218 0.654723
vt 0.504081 0.654781
vt 0.501029 0.656134
vt 0.500173 0.655605
vt 0.504081 0.657366
vt 0.500173 0.658604
vt 0.504081 0.656106
vt 0.508084 0.656935
vt 0.508084 0.655224
vt 0.514227 0.655240
vt 0.508084 0.656069
vt 0.513983 0.656835
vt 0.498218 0.657709
vt 0.498218 0.659750
vt 0.496984 0.658397
vt 0.496984 0.660451
vt 0.496264 0.658381
vt 0.496264 0.660541
vt 0.495294 0.659917
vt 0.495294 0.657835
vt 0.493437 0.658479
vt 0.494706 0.657271
vt 0.494710 0.656783
vt 0.494893 0.656177
vt 0.488255 0.654608
vt 0.476994 0.657888
vt 0.474959 0.658371
vt 0.473199 0.658238
vt 0.500173 0.656726
vt 0.514807 0.656007
s 0
f 4817/8247/4137 4887/8248/4137 4818/8249/4137
f 4821/8250/4137 4817/8247/4137 4820/8251/4137
f 4822/8252/4137 4819/8253/4137 4821/8250/4137
f 4822/8252/4137 4825/8254/4137 4823/8255/4137
f 4826/8256/4137 4825/8254/4137 4824/8257/4137
f 4826/8256/4137 4829/8258/4137 4827/8259/4137
f 4830/8260/4137 4829/8258/4137 4828/8261/4137
f 4831/8262/4137 4832/8263/4137 4830/8260/4137
f 4829/8258/4137 4834/8264/4137 4835/8265/4137
f 4832/8263/4137 4836/8266/4137 4834/8264/4137
f 4838/8267/4137 4836/8266/4137 4833/8268/4137
f 4838/8267/4137 4839/8269/4137 4837/8270/4137
f 4843/8271/4137 4839/8269/4137 4840/8272/4137
f 4844/8273/4137 4841/8274/4137 4843/8271/4137
f 4846/8275/4137 4843/8271/4137 4840/8272/4137
f 4845/8276/4137 4844/8273/4137 4843/8271/4137
f 4847/8277/4137 4851/8278/4137 4849/8279/4137
f 4847/8277/4137 4850/8280/4137 4844/8273/4137
f 4848/8281/4137 4852/8282/4137 4851/8278/4137
f 4855/8283/4137 4852/8282/4137 4854/8284/4137
f 4856/8285/4137 4853/8286/4137 4855/8283/4137
f 4857/8287/4137 4858/8288/4137 4856/8285/4137
f 4865/8289/4137 4860/8290/4137 4859/8291/4137
f 4860/8290/4137 4864/8292/4137 4871/8293/4137
f 4862/8294/4137 4870/8295/4137 4864/8292/4137
f 4866/8296/4137 4862/8294/4137 4865/8289/4137
f 4867/8297/4137 4863/8298/4137 4866/8296/4137
f 4863/8298/4137 4869/8299/4137 4870/8295/4137
f 4873/8300/4137 4871/8293/4137 4872/8301/4137
f 4876/8302/4137 4872/8301/4137 4874/8303/4137
f 4877/8304/4137 4874/8303/4137 4875/8305/4137
f 4877/8304/4137 4880/8306/4137 4878/8307/4137
f 4842/8308/4137 4878/8307/4137 4880/8306/4137
f 4844/8273/4137 4879/8309/4137 4842/8308/4137
f 4881/8310/4137 4844/8273/4137 4882/8311/4137
f 4844/8273/4137 4850/8280/4137 4882/8311/4137
f 4846/8275/4137 4838/8267/4137 4883/8312/4137
f 4831/8262/4137 4838/8267/4137 4833/8268/4137
f 4829/8258/4137 4884/8313/4137 4827/8259/4137
f 4825/8254/4137 4884/8313/4137 4885/8314/4137
f 4825/8254/4137 4886/8315/4137 4823/8255/4137
f 4819/8253/4137 4886/8315/4137 4887/8248/4137
f 4817/8247/4137 4819/8253/4137 4887/8248/4137
f 4821/8250/4137 4819/8253/4137 4817/8247/4137
f 4822/8252/4137 4823/8255/4137 4819/8253/4137
f 4822/8252/4137 4824/8257/4137 4825/8254/4137
f 4826/8256/4137 4827/8259/4137 4825/8254/4137
f 4826/8256/4137 4828/8261/4137 4829/8258/4137
f 4830/8260/4137 4832/8263/4137 4829/8258/4137
f 4831/8262/4137 4833/8268/4137 4832/8263/4137
f 4829/8258/4137 4832/8263/4137 4834/8264/4137
f 4832/8263/4137 4833/8268/4137 4836/8266/4137
f 4838/8267/4137 4837/8270/4137 4836/8266/4137
f 4838/8267/4137 4840/8272/4137 4839/8269/4137
f 4843/8271/4137 4841/8274/4137 4839/8269/4137
f 4844/8273/4137 4842/8308/4137 4841/8274/4137
f 4846/8275/4137 4845/8276/4137 4843/8271/4137
f 4845/8276/4137 4847/8277/4137 4844/8273/4137
f 4847/8277/4137 4848/8281/4137 4851/8278/4137
f 4847/8277/4137 4849/8279/4137 4850/8280/4137
f 4848/8281/4137 4854/8284/4137 4852/8282/4137
f 4855/8283/4137 4853/8286/4137 4852/8282/4137
f 4856/8285/4137 4858/8288/4137 4853/8286/4137
f 4857/8287/4137 4859/8291/4137 4858/8288/4137
f 4859/8291/4137 4857/8287/4137 4865/8289/4137
f 4865/8289/4137 4862/8294/4137 4860/8290/4137
f 4871/8293/4137 4861/8316/4137 4860/8290/4137
f 4860/8290/4137 4862/8294/4137 4864/8292/4137
f 4862/8294/4137 4863/8298/4137 4870/8295/4137
f 4866/8296/4137 4863/8298/4137 4862/8294/4137
f 4867/8297/4137 4868/8317/4137 4863/8298/4137
f 4863/8298/4137 4868/8317/4137 4869/8299/4137
f 4873/8300/4137 4861/8316/4137 4871/8293/4137
f 4876/8302/4137 4873/8300/4137 4872/8301/4137
f 4877/8304/4137 4876/8302/4137 4874/8303/4137
f 4877/8304/4137 4875/8305/4137 4880/8306/4137
f 4842/8308/4137 4879/8309/4137 4878/8307/4137
f 4844/8273/4137 4881/8310/4137 4879/8309/4137
f 4846/8275/4137 4840/8272/4137 4838/8267/4137
f 4831/8262/4137 4883/8312/4137 4838/8267/4137
f 4829/8258/4137 4835/8265/4137 4884/8313/4137
f 4825/8254/4137 4827/8259/4137 4884/8313/4137
f 4825/8254/4137 4885/8314/4137 4886/8315/4137
f 4819/8253/4137 4823/8255/4137 4886/8315/4137
